species_richness,wavelength_nm,cv_spectrum_percent
3,402.188,44.941296835177994
3,406.56199999999995,45.042250623255185
3,410.93800000000005,45.049423166718114
3,415.313,44.842847407666135
3,419.68699999999995,44.34529329778588
3,424.06300000000005,43.53362071043737
3,428.438,42.43861940146954
3,432.813,41.25559549435483
3,437.18800000000005,40.23670375296808
3,441.563,39.432791235533756
3,445.938,38.82135782620865
3,450.31300000000005,38.37749516986947
3,454.688,38.06512810361092
3,459.063,37.85837664172952
3,463.438,37.73787369264346
3,467.813,37.67653768368982
3,472.187,37.64663707154004
3,476.562,37.628796948864874
3,480.938,37.60132893062762
3,485.313,37.527469332310794
3,489.688,37.366325978057304
3,494.063,37.09065646911847
3,498.438,36.667270502272444
3,502.812,36.07456117768679
3,507.188,35.35127668147432
3,511.563,34.55298465827614
3,515.937,33.73299139912128
3,520.313,32.997341817762084
3,524.687,32.42002660311484
3,529.062,31.989573575816372
3,533.438,31.685489338762434
3,537.813,31.48104452356206
3,542.188,31.34360168795271
3,546.563,31.25071960092513
3,550.938,31.199659206551438
3,555.312,31.204725973569413
3,559.688,31.282002783207545
3,564.063,31.43737463133792
3,568.438,31.66915520266712
3,572.813,31.96225751867436
3,577.187,32.27528430706457
3,581.562,32.56895185700931
3,585.938,32.83354133594026
3,590.313,33.06993656036055
3,594.688,33.26267710176326
3,599.063,33.4250371722559
3,603.438,33.61608966399295
3,607.812,33.88543741743646
3,612.188,34.23938173017601
3,616.563,34.63401802812823
3,620.937,34.996170372759885
3,625.312,35.28266731971756
3,629.687,35.5177944571199
3,634.063,35.78586709659353
3,638.437,36.18679791057676
3,642.813,36.7704307275366
3,647.188,37.50481865132153
3,651.563,38.30301947267279
3,655.938,39.15017622014119
3,660.313,40.10359717018241
3,664.687,41.11010684157288
3,669.063,41.97937808330259
3,673.438,42.48631378380916
3,677.813,42.44864451380309
3,682.187,41.60635863501844
3,686.562,39.54612762607359
3,690.937,36.43431773099212
3,695.312,33.4817517290983
3,699.688,31.458844637411204
3,704.063,30.32006852441329
3,708.438,29.777912938424812
3,712.813,29.57719569870878
3,717.187,29.603720274175732
3,721.563,29.845697960859948
3,725.938,30.236678093043313
3,730.313,30.681280900208595
3,734.687,31.09383566493724
3,739.063,31.43668581498882
3,743.437,31.700802657181022
3,747.812,31.887537581038444
3,752.188,32.01678472870327
3,756.563,32.116819477630365
3,760.938,32.22143307135058
3,765.313,32.32744675469813
3,769.688,32.39389423171074
3,774.063,32.42994511502331
3,778.438,32.444245546818344
3,782.813,32.43861012627548
3,787.188,32.42124515645611
3,791.563,32.39969092366442
3,795.937,32.37807610967513
3,800.312,32.35828417750302
3,804.688,32.340653785225214
3,809.063,32.32611599541828
3,813.438,32.31291791246905
3,817.813,32.29562914342052
3,822.188,32.27327953185684
3,826.5630000000001,32.24970993341644
3,830.937,32.22561322674661
3,835.313,32.20066835027902
3,839.688,32.17599553483021
3,844.063,32.15247774949655
3,848.437,32.1303512619646
3,852.812,32.10917982343366
3,857.187,32.089657055596774
3,861.563,32.072588679498786
3,865.938,32.05658416306241
3,870.313,32.04142906295828
3,874.687,32.02878579476122
3,879.063,32.01927067544424
3,883.437,32.01268914548139
3,887.813,32.00959605222045
3,892.188,32.01106307982812
3,896.562,32.016053515229544
3,900.938,32.02043619990117
3,905.312,32.02252695546666
3,909.6880000000001,32.02366751237105
3,914.062,32.02213856598108
3,918.438,32.017519372993
3,922.813,32.014045502139034
3,927.188,32.013673015141194
3,931.563,32.01063401641631
3,935.937,31.982687405790077
3,940.312,31.91753319874273
3,944.688,31.818276634318853
3,949.063,31.669733790027376
3,953.438,31.501571214761864
3,957.812,31.359755024155085
3,962.187,31.267918366470305
3,966.562,31.22144893736673
3,970.938,31.202100297477987
3,975.313,31.197960253313923
3,979.688,31.20654823561455
3,984.063,31.22506214424442
3,988.438,31.249241862274857
3,992.812,31.27850387055352
3,997.188,31.31583858354302
3,1001.5600000000001,31.36274787415212
3,1005.94,31.41717926606847
3,1010.3100000000001,31.475888932876234
3,1014.69,31.537121114048873
3,1019.0600000000001,31.601557489992928
3,1023.4399999999999,31.66837982291432
3,1027.81,31.732856211037745
3,1032.19,31.791200505439203
3,1036.56,31.843002442367656
3,1040.94,31.88649825731854
3,1045.31,31.918491203636997
3,1049.69,31.939310795955045
3,1054.06,31.95193831795182
3,1058.44,31.959602266309002
3,1062.81,31.96481744145336
3,1067.19,31.968828454208246
3,1071.5600000000002,31.971816648165074
3,1075.9399999999998,31.97392377393874
3,1080.3100000000002,31.975810353081517
3,1084.6899999999998,31.977609430961767
3,1089.06,31.978624815169464
3,1093.44,31.978336949751935
3,1097.81,31.97610606522754
3,1102.19,31.970673259269073
3,1106.56,31.961578734994934
3,1110.94,31.951438786138812
3,1115.31,31.942428564755925
3,1119.69,31.926724443280442
3,1124.06,31.866364431874555
3,1128.44,31.722553856468167
3,1132.8100000000002,31.52332875562463
3,1137.1899999999998,31.312958228465444
3,1141.56,31.093470773501036
3,1145.94,30.795451735985335
3,1150.31,30.508099649493893
3,1154.69,30.367247070207792
3,1159.06,30.31794595828472
3,1163.44,30.304480394992943
3,1167.81,30.30290883640771
3,1172.19,30.30413023688742
3,1176.56,30.309024768782542
3,1180.94,30.317354931918107
3,1185.3100000000002,30.324865370574244
3,1189.6899999999998,30.329661356455635
3,1194.06,30.33506155094674
3,1198.44,30.346126754749374
3,1202.81,30.361419931211202
3,1207.19,30.37542192358307
3,1211.56,30.38730676713995
3,1215.94,30.397852329500356
3,1220.31,30.406358436037557
3,1224.69,30.41249228161557
3,1229.06,30.419836695953972
3,1233.44,30.4314610961493
3,1237.8100000000002,30.445772183671043
3,1242.1899999999998,30.46297666610925
3,1246.56,30.484860362396084
3,1250.94,30.50875626710666
3,1255.31,30.531170500576216
3,1259.69,30.55345685718188
3,1264.06,30.57540209383149
3,1268.44,30.587492768593105
3,1272.81,30.582097175840218
3,1277.19,30.563815288624223
3,1281.56,30.538586524178168
3,1285.94,30.510513233042218
3,1290.3100000000002,30.48029945278658
3,1294.6899999999998,30.442902342456502
3,1299.0600000000002,30.395971853276148
3,1303.4399999999998,30.340309804253344
3,1307.81,30.277907924991865
3,1312.19,30.213097931207848
3,1316.56,30.150893768784133
3,1320.94,30.099787782111637
3,1325.31,30.06497994244291
3,1329.69,30.044108906460988
3,1334.06,30.04143876657951
3,1338.44,30.059762460290727
3,1342.81,30.08313760573962
3,1347.19,30.10202565006177
3,1500.31,49.34441332309012
3,1504.69,48.3581934091631
3,1509.0600000000002,47.39588227800638
3,1513.4399999999998,46.493463716263896
3,1517.8100000000002,45.61022194378637
3,1522.1899999999998,44.780931274616144
3,1526.56,44.00786169588051
3,1530.94,43.269293589853255
3,1535.31,42.575748657030914
3,1539.69,41.92630134319262
3,1544.06,41.31562696502574
3,1548.44,40.751012914140524
3,1552.81,40.23234418288615
3,1557.19,39.752006470005384
3,1561.56,39.31657669687524
3,1565.94,38.92222202123
3,1570.3100000000002,38.548713002977856
3,1574.6899999999998,38.192494860798504
3,1579.06,37.865383767540656
3,1583.44,37.56671407555372
3,1587.81,37.28940896844929
3,1592.19,37.03317755108919
3,1596.56,36.8019447656795
3,1600.94,36.58912998731344
3,1605.31,36.38967776287039
3,1609.69,36.20219147387459
3,1614.06,36.02915918686901
3,1618.44,35.87800420625638
3,1622.8100000000002,35.74745606284468
3,1627.1899999999998,35.633774083345656
3,1631.56,35.536882061659504
3,1635.94,35.45856232387225
3,1640.31,35.401085596253026
3,1644.69,35.367030159504765
3,1649.06,35.355069280717785
3,1653.44,35.35861637141853
3,1657.81,35.36966281781314
3,1662.19,35.383834087972915
3,1666.56,35.404246311815584
3,1670.94,35.43981446308696
3,1675.3100000000002,35.50098122995
3,1679.6899999999998,35.595747058413444
3,1684.06,35.72441830174367
3,1688.44,35.88264158217248
3,1692.81,36.06717615464346
3,1697.19,36.27046442806967
3,1701.56,36.48179508836508
3,1705.94,36.69364238149446
3,1710.31,36.900729349405914
3,1714.69,37.09069276483603
3,1719.06,37.256992034005016
3,1723.44,37.404113173671796
3,1727.8100000000002,37.53084247616183
3,1732.1899999999998,37.646944908177616
3,1736.5600000000002,37.78702224928255
3,1740.9399999999998,37.97604662999113
3,1745.31,38.21579277330286
3,1749.69,38.48811386586943
3,1754.06,38.7635458088413
3,1758.44,39.02974267342172
3,1762.81,39.2759956890235
3,1767.19,39.50203297034719
3,1771.56,39.69616591116918
3,1775.94,39.860855654635266
3,1780.31,40.00513570876574
3,1784.69,40.117411217570975
3,1789.0600000000002,40.19026490944548
3,1999.06,85.82912864584347
3,2003.4399999999998,84.12544735739098
3,2007.8100000000002,82.58517124777146
3,2012.1899999999998,81.86727167005436
3,2016.5600000000002,81.15360999684444
3,2020.94,80.34463946716473
3,2025.3100000000002,79.61416642771988
3,2029.69,78.86126640757034
3,2034.0600000000002,78.06841522057171
3,2038.44,77.23888724445254
3,2042.8099999999997,76.36616792102457
3,2047.19,75.53200905975504
3,2051.56,74.69863455067905
3,2055.94,73.81446584829483
3,2060.31,73.01800815377364
3,2064.69,72.25920855415231
3,2069.06,71.43407730512592
3,2073.44,70.61336237611276
3,2077.81,69.87432912640709
3,2082.19,69.21257845501673
3,2086.56,68.57991830603211
3,2090.9399999999996,67.93806261473073
3,2095.31,67.27312341669843
3,2099.69,66.60500600168072
3,2104.06,65.98173937138031
3,2108.44,65.42264030825484
3,2112.81,64.89965566350686
3,2117.19,64.40340978021626
3,2121.56,63.93338310007096
3,2125.94,63.45700628985051
3,2130.31,62.95185643744241
3,2134.69,62.446524691785186
3,2139.0600000000004,61.94996429367713
3,2143.44,61.44940635988366
3,2147.8100000000004,60.93539964173173
3,2152.19,60.403644231312235
3,2156.56,59.89015446145307
3,2160.94,59.414047892783515
3,2165.31,58.947893443728816
3,2169.69,58.50541872374251
3,2174.06,58.092310723574016
3,2178.44,57.69191375631054
3,2182.81,57.29373728759274
3,2187.19,56.88726048198627
3,2191.56,56.50208717334549
3,2195.9399999999996,56.15034677652905
3,2200.31,55.852076823650435
3,2204.6899999999996,55.657275994757626
3,2209.06,55.553615860212204
3,2213.44,55.507515347446144
3,2217.81,55.54414201410049
3,2222.19,55.691593163866685
3,2226.56,55.90063267313779
3,2230.94,56.10300990288771
3,2235.31,56.315725583165765
3,2239.69,56.611436289011394
3,2244.06,57.02440275984899
3,2248.44,57.532653644509246
3,2252.8100000000004,58.08910725959624
3,2257.19,58.66203337044658
3,2261.56,59.229743542174305
3,2265.94,59.791744315024296
3,2270.31,60.34826051651015
3,2274.69,60.87605110943824
3,2279.06,61.38439573347417
3,2283.44,61.94188608440972
3,2287.81,62.60137392423674
3,2292.19,63.35193503069788
3,2296.56,64.11928384378997
3,2300.94,64.77777266982679
3,2305.31,65.27479159529398
3,2309.6899999999996,65.61642343939994
3,2314.06,65.83528770103963
3,2318.44,66.0421688733654
3,2322.81,66.36791157841392
3,2327.19,66.80364494866808
3,2331.56,67.30059095159498
3,2335.94,67.91658046032597
3,2340.31,68.74672692851554
3,2344.69,69.71931270535225
3,2349.06,70.75059758203159
3,2353.44,71.9008175874853
3,2357.8100000000004,72.99088135767882
3,2362.19,73.92708473361694
3,2366.5600000000004,74.85016632428683
3,2370.94,75.88616464910709
3,2375.31,76.89733844032999
3,2379.69,77.77324563899587
3,2384.06,78.58551082426033
3,2388.44,79.29594651529749
3,2392.81,79.88367415036102
3,2397.19,80.43564266974067
3,2401.56,80.93911597255018
3,2405.94,81.44031861570785
3,2410.31,82.10106862412825
3,2414.6899999999996,82.91617685491725
3,2419.06,83.59084380904004
3,2423.4399999999996,83.95593542835071
3,2427.81,84.30982169845205
3,2432.19,84.80688956054139
3,2436.56,85.43942225385968
3,2440.94,86.07013876955936
3,2445.31,87.4291802560763
3,2449.69,90.22667627327627
3,2454.06,90.37486822569764
3,2458.44,89.24827937721031
3,2462.81,89.66083631557052
3,2467.19,91.66546012573623
3,2471.5600000000004,96.05050333292124
5,402.188,50.19896378185823
5,406.56199999999995,50.24607218890515
5,410.93800000000005,50.169944263231784
5,415.313,49.87607996281723
5,419.68699999999995,49.34913800122999
5,424.06300000000005,48.621729971099924
5,428.438,47.72660889763324
5,432.813,46.7950984807853
5,437.18800000000005,46.00300425077919
5,441.563,45.37543866477419
5,445.938,44.884115859545155
5,450.31300000000005,44.507287046748104
5,454.688,44.22588608025341
5,459.063,44.03516811622123
5,463.438,43.929973773977025
5,467.813,43.883804032829815
5,472.187,43.86175985625037
5,476.562,43.8410797076791
5,480.938,43.79466987286621
5,485.313,43.66840827240734
5,489.688,43.399832469538026
5,494.063,42.94015391273953
5,498.438,42.21887602613704
5,502.812,41.18176445791354
5,507.188,39.88215743584059
5,511.563,38.408757377640526
5,515.937,36.856139460300035
5,520.313,35.43611618839393
5,524.687,34.31054792751243
5,529.062,33.46652042459169
5,533.438,32.86296945988452
5,537.813,32.44698502158257
5,542.188,32.1588979775974
5,546.563,31.959865928119317
5,550.938,31.8427557504374
5,555.312,31.828016380024543
5,559.688,31.942095967855444
5,564.063,32.1948044406778
5,568.438,32.579683824684636
5,572.813,33.067945299501325
5,577.187,33.58961097538744
5,581.562,34.07541416684974
5,585.938,34.501680585066666
5,590.313,34.87233618331003
5,594.688,35.178810157369526
5,599.063,35.448476067748274
5,603.438,35.76775725104569
5,607.812,36.20993024666894
5,612.188,36.782991664076
5,616.563,37.414736601712015
5,620.937,37.9854866217403
5,625.312,38.42587840698089
5,629.687,38.78256674120532
5,634.063,39.2018134426979
5,638.437,39.84357216354561
5,642.813,40.77411790944956
5,647.188,41.92662330021802
5,651.563,43.15664769917918
5,655.938,44.441472578631156
5,660.313,45.87300573295474
5,664.687,47.367835709329
5,669.063,48.629725500115555
5,673.438,49.3271266900319
5,677.813,49.20810838926879
5,682.187,47.88760198506651
5,686.562,44.73030658198536
5,690.937,39.96291453523076
5,695.312,35.329392742465835
5,699.688,31.936299043927956
5,704.063,29.765821160696778
5,708.438,28.475144506020513
5,712.813,27.71941958565904
5,717.187,27.30237272469732
5,721.563,27.210347899071508
5,725.938,27.400897576543333
5,730.313,27.75044780688462
5,734.687,28.134726900624052
5,739.063,28.485195712448512
5,743.437,28.774740019595352
5,747.812,28.99516140431254
5,752.188,29.159936693648397
5,756.563,29.29807796206837
5,760.938,29.448611508761523
5,765.313,29.5845726255835
5,769.688,29.649047043542847
5,774.063,29.675211985462102
5,778.438,29.683536191615055
5,782.813,29.677760821848686
5,787.188,29.664397568317273
5,791.563,29.647115868471662
5,795.937,29.628511446513308
5,800.312,29.611238739896116
5,804.688,29.596108079111534
5,809.063,29.58676329588871
5,813.438,29.58276356704273
5,817.813,29.573821503854624
5,822.188,29.55453888205872
5,826.5630000000001,29.531356709588007
5,830.937,29.50658953832051
5,835.313,29.479223316881754
5,839.688,29.451501586489577
5,844.063,29.425900620953698
5,848.437,29.403396098856966
5,852.812,29.383011770053454
5,857.187,29.364057308544623
5,861.563,29.34726856550636
5,865.938,29.33223936766002
5,870.313,29.31888542129879
5,874.687,29.308135341428336
5,879.063,29.30024865250449
5,883.437,29.295132263421003
5,887.813,29.294339312872918
5,892.188,29.300671777731154
5,896.562,29.312582628228462
5,900.938,29.321597949795937
5,905.312,29.324920341975254
5,909.6880000000001,29.327078405605118
5,914.062,29.325825230317015
5,918.438,29.320060486895414
5,922.813,29.31677741035083
5,927.188,29.31973855237603
5,931.563,29.323991826745573
5,935.937,29.309092608662525
5,940.312,29.25681861883666
5,944.688,29.170035151472263
5,949.063,29.04278499462343
5,953.438,28.901624421023893
5,957.812,28.783838362154
5,962.187,28.707544075856127
5,966.562,28.666790338814952
5,970.938,28.647767952582154
5,975.313,28.64062074071721
5,979.688,28.63968543501475
5,984.063,28.643632726486718
5,988.438,28.654396049408366
5,992.812,28.674560390524395
5,997.188,28.705554132624844
5,1001.5600000000001,28.74620392057448
5,1005.94,28.79298102660443
5,1010.3100000000001,28.842561645818204
5,1014.69,28.893963988580484
5,1019.0600000000001,28.948445442978443
5,1023.4399999999999,29.00544124376102
5,1027.81,29.060060041409812
5,1032.19,29.10738310179998
5,1036.56,29.14665242953469
5,1040.94,29.17926485141037
5,1045.31,29.206180395008047
5,1049.69,29.228345819011963
5,1054.06,29.24560651652649
5,1058.44,29.25757295763962
5,1062.81,29.265822750352687
5,1067.19,29.272750594905943
5,1071.5600000000002,29.279427846378837
5,1075.9399999999998,29.28627953642261
5,1080.3100000000002,29.29423686171198
5,1084.6899999999998,29.303166214417242
5,1089.06,29.311106229639122
5,1093.44,29.31738807887735
5,1097.81,29.32233546070372
5,1102.19,29.324991272016376
5,1106.56,29.3248302419426
5,1110.94,29.324449831751213
5,1115.31,29.326668491081996
5,1119.69,29.32672627998817
5,1124.06,29.29268869157316
5,1128.44,29.19182285368928
5,1132.8100000000002,29.056771059617475
5,1137.1899999999998,28.923781607428527
5,1141.56,28.789648111948413
5,1145.94,28.616537438365913
5,1150.31,28.471057175597004
5,1154.69,28.414225749327738
5,1159.06,28.40254381481672
5,1163.44,28.40758251853878
5,1167.81,28.41847433920222
5,1172.19,28.431799753854808
5,1176.56,28.449882453084264
5,1180.94,28.472821028865518
5,1185.3100000000002,28.495729069073317
5,1189.6899999999998,28.51400703005992
5,1194.06,28.528911515555194
5,1198.44,28.544642990004554
5,1202.81,28.559612964439918
5,1207.19,28.56964668931909
5,1211.56,28.574752825278882
5,1215.94,28.576283373752
5,1220.31,28.5765839163963
5,1224.69,28.577359960977056
5,1229.06,28.579838904814885
5,1233.44,28.584937166693507
5,1237.8100000000002,28.592063378142996
5,1242.1899999999998,28.602013710682
5,1246.56,28.616312031318497
5,1250.94,28.6338357448975
5,1255.31,28.653138038014163
5,1259.69,28.675754465975373
5,1264.06,28.700960000235987
5,1268.44,28.720073446896972
5,1272.81,28.726838298177494
5,1277.19,28.727037040552815
5,1281.56,28.728068140562822
5,1285.94,28.733730605375936
5,1290.3100000000002,28.744399221275113
5,1294.6899999999998,28.757653726301523
5,1299.0600000000002,28.773136155731194
5,1303.4399999999998,28.792793299192404
5,1307.81,28.8205472882293
5,1312.19,28.86207757463477
5,1316.56,28.921781324532258
5,1320.94,29.00173992546074
5,1325.31,29.10225085169873
5,1329.69,29.23684328258158
5,1334.06,29.42418248127882
5,1338.44,29.60870734565387
5,1342.81,29.739641945966504
5,1347.19,29.829133392529215
5,1500.31,54.718611785075744
5,1504.69,53.569355800415345
5,1509.0600000000002,52.44138700940925
5,1513.4399999999998,51.37500643681167
5,1517.8100000000002,50.324038376719415
5,1522.1899999999998,49.33150488075951
5,1526.56,48.40033413595193
5,1530.94,47.50450639362594
5,1535.31,46.65638775414457
5,1539.69,45.854553784404835
5,1544.06,45.09296478473403
5,1548.44,44.3821632098509
5,1552.81,43.72358572048329
5,1557.19,43.10829632651828
5,1561.56,42.54474273798368
5,1565.94,42.028243643842686
5,1570.3100000000002,41.533376701205405
5,1574.6899999999998,41.057274382282216
5,1579.06,40.61716085873024
5,1583.44,40.21253775395602
5,1587.81,39.83404298422149
5,1592.19,39.481830258722546
5,1596.56,39.16242717081933
5,1600.94,38.868129632462754
5,1605.31,38.59319661010767
5,1609.69,38.3359655470424
5,1614.06,38.097774490627884
5,1618.44,37.88559615319583
5,1622.8100000000002,37.69651759287883
5,1627.1899999999998,37.527697447195315
5,1631.56,37.381157823005566
5,1635.94,37.257373176369924
5,1640.31,37.15429855384464
5,1644.69,37.07275437367512
5,1649.06,37.01487091667602
5,1653.44,36.97817952346743
5,1657.81,36.95658433836261
5,1662.19,36.94394554442326
5,1666.56,36.94017196517857
5,1670.94,36.953958447363725
5,1675.3100000000002,36.99600099749619
5,1679.6899999999998,37.07342359844671
5,1684.06,37.187419833320774
5,1688.44,37.335434912100304
5,1692.81,37.516425000246514
5,1697.19,37.725823792669914
5,1701.56,37.95384549411374
5,1705.94,38.19145669569438
5,1710.31,38.43127635640804
5,1714.69,38.65824502736127
5,1719.06,38.86618540721551
5,1723.44,39.064806066964024
5,1727.8100000000002,39.25561362972426
5,1732.1899999999998,39.449178538422544
5,1736.5600000000002,39.6825201968618
5,1740.9399999999998,39.973711071642384
5,1745.31,40.31765134501445
5,1749.69,40.69530297228048
5,1754.06,41.075963746419326
5,1758.44,41.44867593079255
5,1762.81,41.800228661068736
5,1767.19,42.129310897727194
5,1771.56,42.4140432161977
5,1775.94,42.65425946476064
5,1780.31,42.86327178711399
5,1784.69,43.02436018945871
5,1789.0600000000002,43.12730014159488
5,1999.06,94.05027871392025
5,2003.4399999999998,92.16979697661057
5,2007.8100000000002,90.47310519241006
5,2012.1899999999998,89.68471193935513
5,2016.5600000000002,88.89457933871365
5,2020.94,88.00613602575837
5,2025.3100000000002,87.21591247747794
5,2029.69,86.40470532325568
5,2034.0600000000002,85.54488511309613
5,2038.44,84.64226803374969
5,2042.8099999999997,83.69629267042806
5,2047.19,82.79217196602914
5,2051.56,81.88311585629958
5,2055.94,80.90960851413199
5,2060.31,80.02263385532147
5,2064.69,79.17649408967947
5,2069.06,78.25816145173198
5,2073.44,77.34034240443044
5,2077.81,76.51074466666117
5,2082.19,75.76086062636647
5,2086.56,75.03330381971705
5,2090.9399999999996,74.29352491748286
5,2095.31,73.53397619419172
5,2099.69,72.77049306017366
5,2104.06,72.05325652399218
5,2108.44,71.40673756514903
5,2112.81,70.79305122118636
5,2117.19,70.19947771141415
5,2121.56,69.63463222417312
5,2125.94,69.07284026404079
5,2130.31,68.4888972158808
5,2134.69,67.90226663586628
5,2139.0600000000004,67.31885186455828
5,2143.44,66.73398653650163
5,2147.8100000000004,66.14086176010335
5,2152.19,65.53003283395117
5,2156.56,64.93864898418458
5,2160.94,64.38980527860907
5,2165.31,63.85700814958747
5,2169.69,63.3534495941754
5,2174.06,62.8819854405423
5,2178.44,62.42424953735769
5,2182.81,61.96901039395271
5,2187.19,61.50714988008071
5,2191.56,61.0732766899156
5,2195.9399999999996,60.68118616206398
5,2200.31,60.355232036400366
5,2204.6899999999996,60.14694076188022
5,2209.06,60.03850344930542
5,2213.44,59.99607196301188
5,2217.81,60.04632903646583
5,2222.19,60.219145241653
5,2226.56,60.4594650719123
5,2230.94,60.680972467070426
5,2235.31,60.89754995491021
5,2239.69,61.19994922414398
5,2244.06,61.63354814382275
5,2248.44,62.17029855083529
5,2252.8100000000004,62.756780738879726
5,2257.19,63.357924248184595
5,2261.56,63.95223915676439
5,2265.94,64.54645643480362
5,2270.31,65.14014388110037
5,2274.69,65.70552730939156
5,2279.06,66.2504171945056
5,2283.44,66.83721250405273
5,2287.81,67.51317663984753
5,2292.19,68.27305982284923
5,2296.56,69.06196523415969
5,2300.94,69.77720075022856
5,2305.31,70.36988455210847
5,2309.6899999999996,70.82327826129105
5,2314.06,71.15423961762919
5,2318.44,71.477609666874
5,2322.81,71.9138585183497
5,2327.19,72.4321287100631
5,2331.56,72.98666968283035
5,2335.94,73.65471194336456
5,2340.31,74.56164729299492
5,2344.69,75.65492735617934
5,2349.06,76.844397169471
5,2353.44,78.18455802581381
5,2357.8100000000004,79.45800843680638
5,2362.19,80.54160805800947
5,2366.5600000000004,81.60077058688687
5,2370.94,82.79886195614456
5,2375.31,83.9723799896013
5,2379.69,84.9642241430707
5,2384.06,85.84744733346598
5,2388.44,86.61967453515278
5,2392.81,87.28049475352502
5,2397.19,87.91006019797742
5,2401.56,88.48638189625406
5,2405.94,89.06355680350802
5,2410.31,89.82937454948453
5,2414.6899999999996,90.79095210338811
5,2419.06,91.59150030309762
5,2423.4399999999996,92.02346433224656
5,2427.81,92.46137092518745
5,2432.19,93.0727194951437
5,2436.56,93.82421785963422
5,2440.94,94.57796012472657
5,2445.31,96.22842430722062
5,2449.69,99.66350723846186
5,2454.06,100.06042114199451
5,2458.44,98.8609575142773
5,2462.81,99.40267007140542
5,2467.19,101.77547964435165
5,2471.5600000000004,107.04482749169742
7,402.188,44.06495357411814
7,406.56199999999995,44.13768829767595
7,410.93800000000005,44.11244354372846
7,415.313,43.87592847751661
7,419.68699999999995,43.3782964102021
7,424.06300000000005,42.6309933460912
7,428.438,41.65335244618242
7,432.813,40.58619801827763
7,437.18800000000005,39.65449707708639
7,441.563,38.92321643755537
7,445.938,38.37793208821895
7,450.31300000000005,37.98817819638211
7,454.688,37.71565135605226
7,459.063,37.542187701434855
7,463.438,37.456879224954406
7,467.813,37.43412101723473
7,472.187,37.44471881305628
7,476.562,37.46887268771354
7,480.938,37.47982011190644
7,485.313,37.42898501027677
7,489.688,37.26369261244464
7,494.063,36.94261329734017
7,498.438,36.409601192922274
7,502.812,35.621173846766965
7,507.188,34.61408900937699
7,511.563,33.454276377778456
7,515.937,32.221221853476564
7,520.313,31.095086998633025
7,524.687,30.206997414888885
7,529.062,29.539473967442675
7,533.438,29.05229332560139
7,537.813,28.700841158990787
7,542.188,28.44271055656018
7,546.563,28.25474688508222
7,550.938,28.13403736765549
7,555.312,28.093235678959566
7,559.688,28.15002153808792
7,564.063,28.315701897019217
7,568.438,28.594392003759385
7,572.813,28.974436846859362
7,577.187,29.406795095055937
7,581.562,29.83214501105053
7,585.938,30.22297574814682
7,590.313,30.578611827209045
7,594.688,30.88897762695686
7,599.063,31.174006753111673
7,603.438,31.51051958016679
7,607.812,31.968923537320133
7,612.188,32.561476588649754
7,616.563,33.2207678146334
7,620.937,33.82682162937173
7,625.312,34.30663395065407
7,629.687,34.702831146975335
7,634.063,35.159216904033805
7,638.437,35.839466944035934
7,642.813,36.817945394600734
7,647.188,38.031806668543275
7,651.563,39.33374681812594
7,655.938,40.69851168399134
7,660.313,42.21422359885267
7,664.687,43.78992236286241
7,669.063,45.12705649967575
7,673.438,45.89638595034346
7,677.813,45.850389975198546
7,682.187,44.608395529984705
7,686.562,41.51010319367758
7,690.937,36.691731803926395
7,695.312,31.98045220252881
7,699.688,28.77666603015003
7,704.063,27.12597502968867
7,708.438,26.491067224452614
7,712.813,26.370249026483663
7,717.187,26.539168740774222
7,721.563,26.93082569654983
7,725.938,27.426455991568066
7,730.313,27.916999309407466
7,734.687,28.334342414095794
7,739.063,28.664290688605227
7,743.437,28.91008996969094
7,747.812,29.0728676078369
7,752.188,29.17154533272782
7,756.563,29.239340622026177
7,760.938,29.301615847236846
7,765.313,29.34406312708782
7,769.688,29.352076519436665
7,774.063,29.34381691546044
7,778.438,29.32451276420556
7,782.813,29.29616635170606
7,787.188,29.26319728846602
7,791.563,29.227064140836145
7,795.937,29.189916482724428
7,800.312,29.15453936848132
7,804.688,29.12190114784793
7,809.063,29.094632736440367
7,813.438,29.070013736551275
7,817.813,29.03831861820353
7,822.188,28.99910350783732
7,826.5630000000001,28.959835023681624
7,830.937,28.920713231533878
7,835.313,28.880063615596008
7,839.688,28.839732634613185
7,844.063,28.80143997720584
7,848.437,28.76560571247034
7,852.812,28.731037230838435
7,857.187,28.69784307734151
7,861.563,28.667439608160382
7,865.938,28.63860919838888
7,870.313,28.61106770332859
7,874.687,28.586331835361513
7,879.063,28.564425563682455
7,883.437,28.545297300032175
7,887.813,28.53084970030556
7,892.188,28.523245542468366
7,896.562,28.519351059951386
7,900.938,28.511613226597216
7,905.312,28.50055939583205
7,909.6880000000001,28.48934782561212
7,914.062,28.47447908261659
7,918.438,28.457062391946263
7,922.813,28.444565082454897
7,927.188,28.439546792612582
7,931.563,28.437214447991828
7,935.937,28.41951141384898
7,940.312,28.37229627903246
7,944.688,28.298771109390092
7,949.063,28.18796221963448
7,953.438,28.054350364094176
7,957.812,27.928464354494754
7,962.187,27.83464730529109
7,966.562,27.77766990099007
7,970.938,27.747626730938883
7,975.313,27.732970461519997
7,979.688,27.7272382156538
7,984.063,27.725179685267232
7,988.438,27.721498770483144
7,992.812,27.721094537859525
7,997.188,27.735208259327297
7,1001.5600000000001,27.764287931374287
7,1005.94,27.800706729966386
7,1010.3100000000001,27.838293554397893
7,1014.69,27.87387015318516
7,1019.0600000000001,27.907300475507995
7,1023.4399999999999,27.93889177490331
7,1027.81,27.96627912299395
7,1032.19,27.9878906280774
7,1036.56,28.005671735977888
7,1040.94,28.02104100986802
7,1045.31,28.033209323963167
7,1049.69,28.041872051906996
7,1054.06,28.047195047111696
7,1058.44,28.04956546692296
7,1062.81,28.04989986939758
7,1067.19,28.04895613437795
7,1071.5600000000002,28.04691385457704
7,1075.9399999999998,28.04432445094587
7,1080.3100000000002,28.04251497770162
7,1084.6899999999998,28.041872135839924
7,1089.06,28.041500063919635
7,1093.44,28.04146435282231
7,1097.81,28.041675187137738
7,1102.19,28.04039243113975
7,1106.56,28.036774498830493
7,1110.94,28.03338117624183
7,1115.31,28.032989421859178
7,1119.69,28.03303913307753
7,1124.06,28.010237012721934
7,1128.44,27.92637321486058
7,1132.8100000000002,27.791792360713497
7,1137.1899999999998,27.647400471490634
7,1141.56,27.497837868336326
7,1145.94,27.29687457377202
7,1150.31,27.109409428973528
7,1154.69,27.01961106731627
7,1159.06,26.987936459224905
7,1163.44,26.980028937420027
7,1167.81,26.98187801450799
7,1172.19,26.988554956269983
7,1176.56,27.000704291786604
7,1180.94,27.01743867663118
7,1185.3100000000002,27.03440218914906
7,1189.6899999999998,27.04817785173066
7,1194.06,27.06043970400227
7,1198.44,27.075391106098618
7,1202.81,27.09212931284439
7,1207.19,27.106751730923897
7,1211.56,27.11896031301187
7,1215.94,27.129627215850547
7,1220.31,27.14003951518768
7,1224.69,27.151350582536733
7,1229.06,27.164358708030388
7,1233.44,27.179293462130044
7,1237.8100000000002,27.195353147577705
7,1242.1899999999998,27.213306349060023
7,1246.56,27.234490004134326
7,1250.94,27.257665742772552
7,1255.31,27.281265637660262
7,1259.69,27.30648780356823
7,1264.06,27.332728669771466
7,1268.44,27.352522147441157
7,1272.81,27.360271215662763
7,1277.19,27.360698936572902
7,1281.56,27.360040944236523
7,1285.94,27.361465909021504
7,1290.3100000000002,27.36521648201549
7,1294.6899999999998,27.368914422157133
7,1299.0600000000002,27.37189431296958
7,1303.4399999999998,27.375666779853606
7,1307.81,27.383670241182163
7,1312.19,27.401301791192544
7,1316.56,27.433605441678722
7,1320.94,27.484380676220706
7,1325.31,27.555180748335182
7,1329.69,27.656969084923066
7,1334.06,27.805410964204412
7,1338.44,27.95553297083211
7,1342.81,28.063299510556288
7,1347.19,28.136495115301237
7,1500.31,54.50737025679625
7,1504.69,53.35533496275347
7,1509.0600000000002,52.216495462379676
7,1513.4399999999998,51.13409931253939
7,1517.8100000000002,50.062537981751795
7,1522.1899999999998,49.046455218641576
7,1526.56,48.09090667712309
7,1530.94,47.17057707330443
7,1535.31,46.29893027827102
7,1539.69,45.47438575373308
7,1544.06,44.69004293830241
7,1548.44,43.95628978558247
7,1552.81,43.2748382692629
7,1557.19,42.637146730675504
7,1561.56,42.05342090168883
7,1565.94,41.51951379366997
7,1570.3100000000002,41.00868794536268
7,1574.6899999999998,40.51717644555488
7,1579.06,40.061779478188505
7,1583.44,39.64117111824863
7,1587.81,39.24534004323792
7,1592.19,38.87427901384425
7,1596.56,38.53471446397699
7,1600.94,38.2192994381696
7,1605.31,37.92295498034026
7,1609.69,37.644442508700884
7,1614.06,37.386010782723424
7,1618.44,37.156437892326046
7,1622.8100000000002,36.95342671201198
7,1627.1899999999998,36.77296413892766
7,1631.56,36.61611547903693
7,1635.94,36.48448929076603
7,1640.31,36.3781874380021
7,1644.69,36.300040299991124
7,1649.06,36.25290728619359
7,1653.44,36.23286779950563
7,1657.81,36.23135818510107
7,1662.19,36.24041467450032
7,1666.56,36.25778212943091
7,1670.94,36.28968265397891
7,1675.3100000000002,36.34906058597599
7,1679.6899999999998,36.44825604409782
7,1684.06,36.59020128074894
7,1688.44,36.77111426897096
7,1692.81,36.988136905413924
7,1697.19,37.23438499283452
7,1701.56,37.498318499241975
7,1705.94,37.770996253166494
7,1710.31,38.04539311411091
7,1714.69,38.30323785035695
7,1719.06,38.5345571172242
7,1723.44,38.74860817997542
7,1727.8100000000002,38.948263650215324
7,1732.1899999999998,39.146333887024
7,1736.5600000000002,39.382404604015434
7,1740.9399999999998,39.67687390483435
7,1745.31,40.02609513844506
7,1749.69,40.409690144412124
7,1754.06,40.79486419129646
7,1758.44,41.16977415638471
7,1762.81,41.52149970859757
7,1767.19,41.849105122506366
7,1771.56,42.130277514354994
7,1775.94,42.3652032966103
7,1780.31,42.568410658177605
7,1784.69,42.72441404124751
7,1789.0600000000002,42.8226781640006
7,1999.06,87.2527987720174
7,2003.4399999999998,85.88029869463034
7,2007.8100000000002,84.65286194753881
7,2012.1899999999998,84.12699323008032
7,2016.5600000000002,83.6375298404515
7,2020.94,83.05376323186535
7,2025.3100000000002,82.50237812061553
7,2029.69,81.91897654298779
7,2034.0600000000002,81.29496878990767
7,2038.44,80.63689591320252
7,2042.8099999999997,79.94147429393345
7,2047.19,79.27171907675397
7,2051.56,78.59527034861843
7,2055.94,77.87303601118965
7,2060.31,77.2210907995863
7,2064.69,76.59699296410842
7,2069.06,75.9094605476108
7,2073.44,75.21069030351734
7,2077.81,74.56933913051583
7,2082.19,73.98928236282103
7,2086.56,73.42952551310839
7,2090.9399999999996,72.85323598702817
7,2095.31,72.24683777648289
7,2099.69,71.62935996986488
7,2104.06,71.04739122826363
7,2108.44,70.52001661748457
7,2112.81,70.01877126996055
7,2117.19,69.53482507355201
7,2121.56,69.07131378303727
7,2125.94,68.59858244194143
7,2130.31,68.0933279729337
7,2134.69,67.58192557013652
7,2139.0600000000004,67.07306893839929
7,2143.44,66.55530996800147
7,2147.8100000000004,66.01909710350198
7,2152.19,65.45888489929982
7,2156.56,64.91152646879374
7,2160.94,64.39743794961937
7,2165.31,63.889365022410175
7,2169.69,63.40435246036505
7,2174.06,62.950436265697086
7,2178.44,62.51052976267811
7,2182.81,62.07298226862069
7,2187.19,61.62538865525677
7,2191.56,61.19874057122664
7,2195.9399999999996,60.80666201017334
7,2200.31,60.47446369170776
7,2204.6899999999996,60.258585909951044
7,2209.06,60.14412102148549
7,2213.44,60.09428874231406
7,2217.81,60.137940582150186
7,2222.19,60.308493244240125
7,2226.56,60.55230852884477
7,2230.94,60.789865218857756
7,2235.31,61.03759814459387
7,2239.69,61.37578448101928
7,2244.06,61.83727708403389
7,2248.44,62.38821297442926
7,2252.8100000000004,62.972624788308686
7,2257.19,63.55795714458859
7,2261.56,64.12596831252678
7,2265.94,64.6824069524551
7,2270.31,65.22925271288914
7,2274.69,65.73874939387021
7,2279.06,66.21540670586066
7,2283.44,66.72339020098238
7,2287.81,67.31210455474395
7,2292.19,67.97391666274301
7,2296.56,68.65705287764953
7,2300.94,69.27388827859161
7,2305.31,69.78752239750627
7,2309.6899999999996,70.18266010412067
7,2314.06,70.46008913130974
7,2318.44,70.7098644688525
7,2322.81,71.04406549724061
7,2327.19,71.44705273716524
7,2331.56,71.879233783938
7,2335.94,72.40548327780468
7,2340.31,73.12773839428108
7,2344.69,73.99743383332981
7,2349.06,74.94708281878972
7,2353.44,76.0209211014075
7,2357.8100000000004,77.03238465760533
7,2362.19,77.88488455509516
7,2366.5600000000004,78.7080357952551
7,2370.94,79.61834502121373
7,2375.31,80.49311019080614
7,2379.69,81.23108499315171
7,2384.06,81.89032446282599
7,2388.44,82.44996265783507
7,2392.81,82.90724030833158
7,2397.19,83.33481386656041
7,2401.56,83.71926599379584
7,2405.94,84.08773501778757
7,2410.31,84.55412140081265
7,2414.6899999999996,85.1398537790644
7,2419.06,85.70473511394148
7,2423.4399999999996,86.06139288039869
7,2427.81,86.37925556840639
7,2432.19,86.80147830176358
7,2436.56,87.30758292473854
7,2440.94,87.73125756703375
7,2445.31,88.41309842535358
7,2449.69,89.56714577353588
7,2454.06,89.58313026293345
7,2458.44,89.24167256861458
7,2462.81,89.5251382268925
7,2467.19,90.32139349123004
7,2471.5600000000004,91.91837182054799
10,402.188,36.30576834884124
10,406.56199999999995,36.21171879858392
10,410.93800000000005,36.02844882971918
10,415.313,35.73855919853497
10,419.68699999999995,35.34235709807554
10,424.06300000000005,34.85250025997235
10,428.438,34.27978322661007
10,432.813,33.700487377973985
10,437.18800000000005,33.21948740312297
10,441.563,32.844003625187526
10,445.938,32.550561575071626
10,450.31300000000005,32.32135048297771
10,454.688,32.14022758996799
10,459.063,32.00171404567863
10,463.438,31.904641609321914
10,467.813,31.83955024964075
10,472.187,31.791338747182575
10,476.562,31.7478420126662
10,480.938,31.693752988969248
10,485.313,31.602535434918188
10,489.688,31.45227497462625
10,494.063,31.24100350399224
10,498.438,30.969467829931286
10,502.812,30.66009810666417
10,507.188,30.366624724325803
10,511.563,30.1159788856265
10,515.937,29.906481522027928
10,520.313,29.74073588954077
10,524.687,29.612054612804673
10,529.062,29.511013873702442
10,533.438,29.43523963865599
10,537.813,29.377607662111583
10,542.188,29.326782501264614
10,546.563,29.276311866119265
10,550.938,29.23211746883742
10,555.312,29.209888915116274
10,559.688,29.22446590445005
10,564.063,29.279881029044436
10,568.438,29.367788045727277
10,572.813,29.471801681281008
10,577.187,29.571467821796865
10,581.562,29.654558015364795
10,585.938,29.721014241873604
10,590.313,29.775003626108198
10,594.688,29.817443273504
10,599.063,29.852653957305535
10,603.438,29.891498721246347
10,607.812,29.94187373361317
10,612.188,30.004692203878125
10,616.563,30.07382464187851
10,620.937,30.137927579629338
10,625.312,30.19116919081764
10,629.687,30.24438586930078
10,634.063,30.321520310723237
10,638.437,30.441763215031447
10,642.813,30.60426286808866
10,647.188,30.790857106930442
10,651.563,30.982790445479196
10,655.938,31.194640313803763
10,660.313,31.47704522918199
10,664.687,31.847119748201063
10,669.063,32.22790474712758
10,673.438,32.457698557437205
10,677.813,32.36489494064407
10,682.187,31.79784618057691
10,686.562,30.746933536733
10,690.937,29.61278807526732
10,695.312,28.706082396447748
10,699.688,27.926144853286328
10,704.063,27.221421339654363
10,708.438,26.621608502288208
10,712.813,26.11752985677513
10,717.187,25.666105410832717
10,721.563,25.285274574770817
10,725.938,25.01704769216358
10,730.313,24.851580813142004
10,734.687,24.76255355845698
10,739.063,24.71685102210882
10,743.437,24.691725903004105
10,747.812,24.67697347512274
10,752.188,24.670617263695313
10,756.563,24.674385194976136
10,760.938,24.688960071394142
10,765.313,24.70262647485399
10,769.688,24.707059217537694
10,774.063,24.709881846801366
10,778.438,24.711840474196578
10,782.813,24.71160541717701
10,787.188,24.709867718499506
10,791.563,24.70658028807628
10,795.937,24.702423589727434
10,800.312,24.698835004910723
10,804.688,24.69610768332106
10,809.063,24.69604536893625
10,813.438,24.69884596852518
10,817.813,24.69941995383365
10,822.188,24.694486152460346
10,826.5630000000001,24.687377041951848
10,830.937,24.679580057543774
10,835.313,24.670456822387763
10,839.688,24.660959563566127
10,844.063,24.652280516765536
10,848.437,24.645159908738943
10,852.812,24.639423500211418
10,857.187,24.63453171766735
10,861.563,24.630531558081454
10,865.938,24.62718434829175
10,870.313,24.624363746024603
10,874.687,24.622574539130945
10,879.063,24.62216954310832
10,883.437,24.62318604582924
10,887.813,24.62642315735766
10,892.188,24.633381754100437
10,896.562,24.643581877887826
10,900.938,24.652476071333933
10,905.312,24.657665149871352
10,909.6880000000001,24.661633002303503
10,914.062,24.663578211238647
10,918.438,24.662916665300894
10,922.813,24.663787549312204
10,927.188,24.669010697500564
10,931.563,24.67930909926879
10,935.937,24.694795276700212
10,940.312,24.70349591037161
10,944.688,24.69947736550245
10,949.063,24.688627001519645
10,953.438,24.676559205537178
10,957.812,24.66793590134806
10,962.187,24.662740496846062
10,966.562,24.659253762965122
10,970.938,24.65820512719578
10,975.313,24.65951936821789
10,979.688,24.660151268982954
10,984.063,24.65812375388899
10,988.438,24.654118501523147
10,992.812,24.65046405964623
10,997.188,24.649943851600636
10,1001.5600000000001,24.653118984897343
10,1005.94,24.65852724935923
10,1010.3100000000001,24.66448660455251
10,1014.69,24.670201103886814
10,1019.0600000000001,24.675684129038732
10,1023.4399999999999,24.680660795920765
10,1027.81,24.684751492287365
10,1032.19,24.688624336749506
10,1036.56,24.69323306329255
10,1040.94,24.698327018411632
10,1045.31,24.702880238972664
10,1049.69,24.706379383336614
10,1054.06,24.709061613434585
10,1058.44,24.711582435424777
10,1062.81,24.714472472301363
10,1067.19,24.717907322909706
10,1071.5600000000002,24.721781034840447
10,1075.9399999999998,24.726206261300348
10,1080.3100000000002,24.731913725531886
10,1084.6899999999998,24.73918061227673
10,1089.06,24.747397069618746
10,1093.44,24.756869837674813
10,1097.81,24.767817739996172
10,1102.19,24.778683136041902
10,1106.56,24.788056603022152
10,1110.94,24.79673491924805
10,1115.31,24.80717042272046
10,1119.69,24.82307235713765
10,1124.06,24.845512156923995
10,1128.44,24.860172974578933
10,1132.8100000000002,24.85866890241322
10,1137.1899999999998,24.851989451953045
10,1141.56,24.84397051113315
10,1145.94,24.837405695496955
10,1150.31,24.84534637489119
10,1154.69,24.86169771260222
10,1159.06,24.87661894665924
10,1163.44,24.889487754428366
10,1167.81,24.900432057278437
10,1172.19,24.909912828641293
10,1176.56,24.91989471751221
10,1180.94,24.931200739607473
10,1185.3100000000002,24.94207468579019
10,1189.6899999999998,24.950407163210706
10,1194.06,24.956808370336173
10,1198.44,24.96262126837983
10,1202.81,24.96661130564147
10,1207.19,24.967431325122007
10,1211.56,24.965349029189955
10,1215.94,24.960622936469203
10,1220.31,24.95474871461854
10,1224.69,24.949071359310768
10,1229.06,24.944153483887305
10,1233.44,24.940760883775113
10,1237.8100000000002,24.939181717453092
10,1242.1899999999998,24.939521179764068
10,1246.56,24.941938675819557
10,1250.94,24.94613335209107
10,1255.31,24.951793092397022
10,1259.69,24.959430781118837
10,1264.06,24.96864921886407
10,1268.44,24.976159767059546
10,1272.81,24.979783946733043
10,1277.19,24.982116360708673
10,1281.56,24.986112012297628
10,1285.94,24.99280842073837
10,1290.3100000000002,25.002123920483005
10,1294.6899999999998,25.013556569558983
10,1299.0600000000002,25.027040296542495
10,1303.4399999999998,25.04333281778238
10,1307.81,25.064103195208354
10,1312.19,25.09076268362598
10,1316.56,25.123585162560897
10,1320.94,25.16234196276244
10,1325.31,25.20678192611428
10,1329.69,25.262151836458624
10,1334.06,25.33461676690605
10,1338.44,25.403153174917563
10,1342.81,25.451413566585472
10,1347.19,25.4850273337216
10,1500.31,32.80474623426479
10,1504.69,32.43092070950714
10,1509.0600000000002,32.07196952277986
10,1513.4399999999998,31.740318198986593
10,1517.8100000000002,31.420573392915085
10,1522.1899999999998,31.124928048295576
10,1526.56,30.853178850561708
10,1530.94,30.596961438105396
10,1535.31,30.359366096758656
10,1539.69,30.13952354331834
10,1544.06,29.93499766203836
10,1548.44,29.747607154025168
10,1552.81,29.576854303855924
10,1557.19,29.4200020272828
10,1561.56,29.278836741505664
10,1565.94,29.15174854700893
10,1570.3100000000002,29.032150248878807
10,1574.6899999999998,28.918772599796267
10,1579.06,28.815006403353216
10,1583.44,28.720351701108715
10,1587.81,28.632410562503967
10,1592.19,28.550988951612112
10,1596.56,28.477313608646675
10,1600.94,28.40921239839459
10,1605.31,28.34486317750876
10,1609.69,28.283775409808698
10,1614.06,28.227130865748514
10,1618.44,28.177755685215804
10,1622.8100000000002,28.135325952652646
10,1627.1899999999998,28.098673760674416
10,1631.56,28.067933798664228
10,1635.94,28.04380398607313
10,1640.31,28.027548339583642
10,1644.69,28.02077537080887
10,1649.06,28.023177161352837
10,1653.44,28.032145297734967
10,1657.81,28.04376390126072
10,1662.19,28.05481668295408
10,1666.56,28.06510912990483
10,1670.94,28.077219120378384
10,1675.3100000000002,28.09465848746784
10,1679.6899999999998,28.12022935873414
10,1684.06,28.154520008920215
10,1688.44,28.196688989018075
10,1692.81,28.246073119440968
10,1697.19,28.30110742819172
10,1701.56,28.360308292372004
10,1705.94,28.42347668314001
10,1710.31,28.490141038578397
10,1714.69,28.55622691387329
10,1719.06,28.61849052325811
10,1723.44,28.677214190453594
10,1727.8100000000002,28.730157896622764
10,1732.1899999999998,28.778650254078258
10,1736.5600000000002,28.832941398339678
10,1740.9399999999998,28.899502219002976
10,1745.31,28.977891507396635
10,1749.69,29.0633965226057
10,1754.06,29.148704226749295
10,1758.44,29.231629089211154
10,1762.81,29.309837734744566
10,1767.19,29.383487394259827
10,1771.56,29.448465563319136
10,1775.94,29.504766706080844
10,1780.31,29.55462840867854
10,1784.69,29.594022567890978
10,1789.0600000000002,29.62041940227004
10,1999.06,50.04949212960468
10,2003.4399999999998,48.93863749228288
10,2007.8100000000002,47.95494115378835
10,2012.1899999999998,47.51982695885029
10,2016.5600000000002,47.13120911404386
10,2020.94,46.690526962667846
10,2025.3100000000002,46.27658096754869
10,2029.69,45.84572465661989
10,2034.0600000000002,45.39445764833837
10,2038.44,44.92503509077043
10,2042.8099999999997,44.43708524583541
10,2047.19,43.97455098033591
10,2051.56,43.5112297515628
10,2055.94,43.02371181413457
10,2060.31,42.594241135300976
10,2064.69,42.1972644743663
10,2069.06,41.77964558521976
10,2073.44,41.37222570928156
10,2077.81,41.00595204032523
10,2082.19,40.677096361911474
10,2086.56,40.3654039168815
10,2090.9399999999996,40.0546322423195
10,2095.31,39.737373443884344
10,2099.69,39.42294734140119
10,2104.06,39.13282483913416
10,2108.44,38.87352673844857
10,2112.81,38.63145009947878
10,2117.19,38.40244903616806
10,2121.56,38.187347394988166
10,2125.94,37.97333969971264
10,2130.31,37.7516537926149
10,2134.69,37.535916853573156
10,2139.0600000000004,37.330147502488295
10,2143.44,37.126530419612344
10,2147.8100000000004,36.918221440857295
10,2152.19,36.70303958184166
10,2156.56,36.49637279883056
10,2160.94,36.30646724675607
10,2165.31,36.12338566645559
10,2169.69,35.951458903880805
10,2174.06,35.791410227699316
10,2178.44,35.63837341971889
10,2182.81,35.48915371670295
10,2187.19,35.33784340342416
10,2191.56,35.193454834913084
10,2195.9399999999996,35.06070318211692
10,2200.31,34.94902000070385
10,2204.6899999999996,34.877830897018356
10,2209.06,34.84039428468949
10,2213.44,34.82110522881642
10,2217.81,34.82976834838066
10,2222.19,34.880452650241985
10,2226.56,34.95579681346437
10,2230.94,35.02967868733007
10,2235.31,35.10841606217453
10,2239.69,35.21866353994048
10,2244.06,35.372579210729846
10,2248.44,35.560896452491
10,2252.8100000000004,35.764678366654444
10,2257.19,35.974072638285584
10,2261.56,36.18535739659937
10,2265.94,36.39993409772199
10,2270.31,36.6171957632301
10,2274.69,36.82757500994862
10,2279.06,37.03210591016472
10,2283.44,37.254762828112405
10,2287.81,37.516919845260524
10,2292.19,37.81634384442164
10,2296.56,38.12649242353069
10,2300.94,38.401686778950214
10,2305.31,38.623320859259515
10,2309.6899999999996,38.791214617072015
10,2314.06,38.911657597458635
10,2318.44,39.025771790476355
10,2322.81,39.185641213674636
10,2327.19,39.38365356486257
10,2331.56,39.60157244924338
10,2335.94,39.87223997851089
10,2340.31,40.241189104233946
10,2344.69,40.67891710921125
10,2349.06,41.1566475951157
10,2353.44,41.71256365320662
10,2357.8100000000004,42.25959457324132
10,2362.19,42.74430049746311
10,2366.5600000000004,43.23208397759121
10,2370.94,43.78474674657469
10,2375.31,44.327369380680956
10,2379.69,44.793436420086834
10,2384.06,45.217698822774295
10,2388.44,45.5961357013369
10,2392.81,45.92708189719276
10,2397.19,46.24445047384609
10,2401.56,46.53205529183065
10,2405.94,46.81486013438594
10,2410.31,47.1623880150352
10,2414.6899999999996,47.57610328375742
10,2419.06,48.00761936205043
10,2423.4399999999996,48.32852356793024
10,2427.81,48.600291768759156
10,2432.19,48.93830463575655
10,2436.56,49.37576802966895
10,2440.94,49.76471411861982
10,2445.31,50.36691404931336
10,2449.69,51.50623576544847
10,2454.06,51.65322374070491
10,2458.44,51.285910629716994
10,2462.81,51.481165967726774
10,2467.19,52.271916992097864
10,2471.5600000000004,53.78291359820516
12,402.188,58.58682125317364
12,406.56199999999995,58.37304648262401
12,410.93800000000005,57.86041708044798
12,415.313,57.021016473835004
12,419.68699999999995,55.93846490085442
12,424.06300000000005,54.69238429652326
12,428.438,53.31053781839478
12,432.813,51.90939938592185
12,437.18800000000005,50.67120094506302
12,441.563,49.60946398317239
12,445.938,48.70198003732799
12,450.31300000000005,47.95553649941402
12,454.688,47.36356037524009
12,459.063,46.92345779287613
12,463.438,46.63307211607945
12,467.813,46.45407803794709
12,472.187,46.33502584183841
12,476.562,46.247301794768404
12,480.938,46.14977888254349
12,485.313,45.94188848697135
12,489.688,45.509782749876344
12,494.063,44.78190210448661
12,498.438,43.67930982972124
12,502.812,42.189816185045956
12,507.188,40.48573703342171
12,511.563,38.75501267030631
12,515.937,37.13628300116975
12,520.313,35.831394951193225
12,524.687,34.91621640396584
12,529.062,34.29789790595143
12,533.438,33.88839351170344
12,537.813,33.615868572849585
12,542.188,33.423210173661666
12,546.563,33.28092157191067
12,550.938,33.18868614574464
12,555.312,33.16628215860716
12,559.688,33.23643095769586
12,564.063,33.409677833540826
12,568.438,33.68811533504106
12,572.813,34.06316976241122
12,577.187,34.490441269634275
12,581.562,34.90827810990557
12,585.938,35.283089620666665
12,590.313,35.61897294576991
12,594.688,35.92226855063947
12,599.063,36.21679042995057
12,603.438,36.57120798204717
12,607.812,37.05456471682943
12,612.188,37.68554132788462
12,616.563,38.39941958094516
12,620.937,39.06354215528137
12,625.312,39.58614678893659
12,629.687,40.01054501644209
12,634.063,40.503494389971834
12,638.437,41.25607993926469
12,642.813,42.372014270753674
12,647.188,43.823429276718755
12,651.563,45.48692568508107
12,655.938,47.364277340120296
12,660.313,49.59635059996345
12,664.687,52.06533227483068
12,669.063,54.28114427482521
12,673.438,55.61980223694535
12,677.813,55.567299866625234
12,682.187,53.50270026055083
12,686.562,48.755100679999835
12,690.937,42.29981169522818
12,695.312,36.74545231703474
12,699.688,33.111819183605185
12,704.063,31.000846614234845
12,708.438,29.843807436729474
12,712.813,29.20658670091145
12,717.187,28.87732393328274
12,721.563,28.84880270651448
12,725.938,29.083692182000213
12,730.313,29.464474942615116
12,734.687,29.871265557116438
12,739.063,30.23965098114437
12,743.437,30.547729022775687
12,747.812,30.783191268490544
12,752.188,30.951781297395087
12,756.563,31.078895775947142
12,760.938,31.204073487536
12,765.313,31.324173461657413
12,769.688,31.39559311954438
12,774.063,31.429422437439786
12,778.438,31.435623084524277
12,782.813,31.417581571623415
12,787.188,31.385231563261296
12,791.563,31.346856204499456
12,795.937,31.306928409956736
12,800.312,31.26791002261849
12,804.688,31.231276638426213
12,809.063,31.198435997358864
12,813.438,31.16577770948366
12,817.813,31.127040827955298
12,822.188,31.08506649257179
12,826.5630000000001,31.045278768538527
12,830.937,31.00611333781999
12,835.313,30.965869446048664
12,839.688,30.925575196830824
12,844.063,30.886117074174823
12,848.437,30.847665300148115
12,852.812,30.809283052162463
12,857.187,30.77189295059081
12,861.563,30.737164404721234
12,865.938,30.703755357667067
12,870.313,30.67147925350967
12,874.687,30.641652845803463
12,879.063,30.613934831980377
12,883.437,30.5882732394175
12,887.813,30.56624889179392
12,892.188,30.548987377083886
12,896.562,30.533204142014526
12,900.938,30.514601026532024
12,905.312,30.495971012704043
12,909.6880000000001,30.478199740942696
12,914.062,30.45709940251576
12,918.438,30.433211295913985
12,922.813,30.41184344666967
12,927.188,30.394198378864672
12,931.563,30.367636975358625
12,935.937,30.288602066142012
12,940.312,30.163976844952593
12,944.688,30.029064111216293
12,949.063,29.853877866790153
12,953.438,29.66296155770442
12,957.812,29.502820121827156
12,962.187,29.39799578398004
12,966.562,29.342862876274133
12,970.938,29.317433594159304
12,975.313,29.30731757533252
12,979.688,29.308289212372834
12,984.063,29.31494682617361
12,988.438,29.319382806473733
12,992.812,29.326639597187988
12,997.188,29.349884071791234
12,1001.5600000000001,29.390728196169157
12,1005.94,29.44258573453006
12,1010.3100000000001,29.499951729513203
12,1014.69,29.559631565829747
12,1019.0600000000001,29.62057744669966
12,1023.4399999999999,29.680757154915334
12,1027.81,29.735775824860617
12,1032.19,29.783759908703505
12,1036.56,29.82641320792715
12,1040.94,29.86299335637945
12,1045.31,29.89005865397002
12,1049.69,29.907130476472037
12,1054.06,29.91634957142553
12,1058.44,29.91992973965899
12,1062.81,29.92007096779121
12,1067.19,29.918309328374583
12,1071.5600000000002,29.91504869947756
12,1075.9399999999998,29.91068237747687
12,1080.3100000000002,29.90594379250167
12,1084.6899999999998,29.900749213373118
12,1089.06,29.893979684319966
12,1093.44,29.884901622029865
12,1097.81,29.87362673411722
12,1102.19,29.86047284998008
12,1106.56,29.845798262159807
12,1110.94,29.831636797883675
12,1115.31,29.81900322632582
12,1119.69,29.798360498729814
12,1124.06,29.72924138425971
12,1128.44,29.58300686966502
12,1132.8100000000002,29.408480081459466
12,1137.1899999999998,29.250361798133838
12,1141.56,29.108814695117392
12,1145.94,28.950782825045412
12,1150.31,28.84628550900956
12,1154.69,28.827006974450974
12,1159.06,28.839169688884052
12,1163.44,28.859971537135117
12,1167.81,28.883444070997
12,1172.19,28.907804309903373
12,1176.56,28.93467854621325
12,1180.94,28.964392274007032
12,1185.3100000000002,28.993809141585235
12,1189.6899999999998,29.018772982116133
12,1194.06,29.038767855218822
12,1198.44,29.056958015797484
12,1202.81,29.072736437670205
12,1207.19,29.08234934681279
12,1211.56,29.08562705844441
12,1215.94,29.084689359599032
12,1220.31,29.081900338098123
12,1224.69,29.07913730580604
12,1229.06,29.078438832826187
12,1233.44,29.08054955196248
12,1237.8100000000002,29.084351026199588
12,1242.1899999999998,29.090344074885383
12,1246.56,29.099943365523607
12,1250.94,29.112383903663297
12,1255.31,29.12656116273546
12,1259.69,29.143684303358608
12,1264.06,29.163872063124735
12,1268.44,29.18218147708939
12,1272.81,29.194306677828813
12,1277.19,29.203364701652486
12,1281.56,29.214672193005605
12,1285.94,29.231684181734845
12,1290.3100000000002,29.255520354586995
12,1294.6899999999998,29.2858938623579
12,1299.0600000000002,29.324318561442826
12,1303.4399999999998,29.37337170870639
12,1307.81,29.437501835162884
12,1312.19,29.525068950990303
12,1316.56,29.64335725787282
12,1320.94,29.790998949892266
12,1325.31,29.963770614387286
12,1329.69,30.18423264362064
12,1334.06,30.482889017741243
12,1338.44,30.772265602714867
12,1342.81,30.976465559523902
12,1347.19,31.116060736826057
12,1500.31,61.286995318364454
12,1504.69,60.02919950666465
12,1509.0600000000002,58.78160988233676
12,1513.4399999999998,57.58884198062157
12,1517.8100000000002,56.40352935053189
12,1522.1899999999998,55.276595908905314
12,1526.56,54.212256111786914
12,1530.94,53.182656675412275
12,1535.31,52.20311681111966
12,1539.69,51.27101801037117
12,1544.06,50.378892562191425
12,1548.44,49.5404321052758
12,1552.81,48.75879904662707
12,1557.19,48.023823029690774
12,1561.56,47.34702858703373
12,1565.94,46.723248992146104
12,1570.3100000000002,46.12153424256951
12,1574.6899999999998,45.5403219673546
12,1579.06,45.00172534184587
12,1583.44,44.50405331384184
12,1587.81,44.03525916797973
12,1592.19,43.59565076217417
12,1596.56,43.1927775167096
12,1600.94,42.81782193254832
12,1605.31,42.46618503548929
12,1609.69,42.137675075329675
12,1614.06,41.83341439600427
12,1618.44,41.56014625750674
12,1622.8100000000002,41.313650220976264
12,1627.1899999999998,41.090831206709026
12,1631.56,40.89408067390408
12,1635.94,40.724019408437975
12,1640.31,40.57728427373918
12,1644.69,40.45501325107864
12,1649.06,40.362953720577046
12,1653.44,40.30053234198
12,1657.81,40.261777430155384
12,1662.19,40.23976078157532
12,1666.56,40.23182643106368
12,1670.94,40.24457955692314
12,1675.3100000000002,40.29014931166776
12,1679.6899999999998,40.37847145722439
12,1684.06,40.5109584677441
12,1688.44,40.68346143379773
12,1692.81,40.89451422604642
12,1697.19,41.140461793710784
12,1701.56,41.410421322355184
12,1705.94,41.69269050313852
12,1710.31,41.97804859651338
12,1714.69,42.248118024827896
12,1719.06,42.49544461223088
12,1723.44,42.73357215748939
12,1727.8100000000002,42.96703719817449
12,1732.1899999999998,43.207912081628194
12,1736.5600000000002,43.49541796777128
12,1740.9399999999998,43.84610798550254
12,1745.31,44.25528719053212
12,1749.69,44.70351601069919
12,1754.06,45.15572167629212
12,1758.44,45.59816125778808
12,1762.81,46.014581088709114
12,1767.19,46.40367414803548
12,1771.56,46.736233112655206
12,1775.94,47.01113172595048
12,1780.31,47.247983317553775
12,1784.69,47.42907417610112
12,1789.0600000000002,47.54236020225035
12,1999.06,97.65048874132516
12,2003.4399999999998,95.96375084598584
12,2007.8100000000002,94.41715965262544
12,2012.1899999999998,93.72060395929851
12,2016.5600000000002,93.11417231741507
12,2020.94,92.43258736622117
12,2025.3100000000002,91.75817389229614
12,2029.69,91.01279999649542
12,2034.0600000000002,90.21647066161637
12,2038.44,89.39397872119899
12,2042.8099999999997,88.53749254827619
12,2047.19,87.70331493618637
12,2051.56,86.83401723364786
12,2055.94,85.89885424914459
12,2060.31,85.07256022091089
12,2064.69,84.30517276928391
12,2069.06,83.48010000667946
12,2073.44,82.64158651370381
12,2077.81,81.85763876982838
12,2082.19,81.13786351624441
12,2086.56,80.43915703338469
12,2090.9399999999996,79.72218531780331
12,2095.31,78.97187615972815
12,2099.69,78.20554341872277
12,2104.06,77.47737949897606
12,2108.44,76.81225355904618
12,2112.81,76.17612447204274
12,2117.19,75.55872511402346
12,2121.56,74.96597756850954
12,2125.94,74.37171010741672
12,2130.31,73.7569712491674
12,2134.69,73.15208266857812
12,2139.0600000000004,72.5652324883902
12,2143.44,71.98298566413828
12,2147.8100000000004,71.39141502038136
12,2152.19,70.78276334562877
12,2156.56,70.19752901102405
12,2160.94,69.65589352037563
12,2165.31,69.12585517268911
12,2169.69,68.62339347224955
12,2174.06,68.15534941161567
12,2178.44,67.70320516212547
12,2182.81,67.25513008998172
12,2187.19,66.80027114341019
12,2191.56,66.37219761799841
12,2195.9399999999996,65.98494137070291
12,2200.31,65.66420573678617
12,2204.6899999999996,65.4653036116803
12,2209.06,65.37153726595821
12,2213.44,65.34564958739786
12,2217.81,65.4149321735479
12,2222.19,65.60816484974697
12,2226.56,65.86754627259755
12,2230.94,66.10861759905694
12,2235.31,66.34480187154702
12,2239.69,66.66038654661554
12,2244.06,67.0948522629078
12,2248.44,67.6234446851771
12,2252.8100000000004,68.20268263549677
12,2257.19,68.80820097395811
12,2261.56,69.41984619026455
12,2265.94,70.03724702092804
12,2270.31,70.65927477171196
12,2274.69,71.25651773439428
12,2279.06,71.8330436871272
12,2283.44,72.45134609434926
12,2287.81,73.15244218610685
12,2292.19,73.92141243262898
12,2296.56,74.7046124494566
12,2300.94,75.41044495765027
12,2305.31,76.00304430826888
12,2309.6899999999996,76.46919784298775
12,2314.06,76.8157765101422
12,2318.44,77.15013481220998
12,2322.81,77.5885316144494
12,2327.19,78.09715746174741
12,2331.56,78.63113410023853
12,2335.94,79.2661056346635
12,2340.31,80.11614162530618
12,2344.69,81.12492833523368
12,2349.06,82.21798646889414
12,2353.44,83.45223189421733
12,2357.8100000000004,84.61663650679823
12,2362.19,85.59871441256908
12,2366.5600000000004,86.54557053097668
12,2370.94,87.5922514360595
12,2375.31,88.60235402595423
12,2379.69,89.47156612696706
12,2384.06,90.27633643809841
12,2388.44,90.97892731952555
12,2392.81,91.5576523231174
12,2397.19,92.10044246951878
12,2401.56,92.60513610923618
12,2405.94,93.11260563450561
12,2410.31,93.74946194018443
12,2414.6899999999996,94.5476055865369
12,2419.06,95.34340544607906
12,2423.4399999999996,95.85588701240128
12,2427.81,96.2910120686473
12,2432.19,96.85915206273305
12,2436.56,97.57463080524377
12,2440.94,98.18338085395213
12,2445.31,99.08386758680939
12,2449.69,100.68469416881615
12,2454.06,100.98834033814535
12,2458.44,100.68249116770396
12,2462.81,101.09327698521523
12,2467.19,102.18004118416479
12,2471.5600000000004,104.29322398802864
15,402.188,70.62998288067025
15,406.56199999999995,70.1977639488103
15,410.93800000000005,69.65368133738599
15,415.313,69.16898452889892
15,419.68699999999995,68.85240830459026
15,424.06300000000005,68.71711052739168
15,428.438,68.70689059813564
15,432.813,68.73338572378032
15,437.18800000000005,68.70585288475253
15,441.563,68.58109248741674
15,445.938,68.35106634956102
15,450.31300000000005,68.03288756654847
15,454.688,67.66658639403589
15,459.063,67.30482559613237
15,463.438,66.9957728659723
15,467.813,66.74248144555186
15,472.187,66.51912097302653
15,476.562,66.30702506081073
15,480.938,66.06088978200614
15,485.313,65.67437707751601
15,489.688,65.04908487375376
15,494.063,64.13331509294488
15,498.438,62.82404633942066
15,502.812,61.05213081873199
15,507.188,58.934959329764816
15,511.563,56.62258729357637
15,515.937,54.25416053194697
15,520.313,52.13926530794091
15,524.687,50.49860493033608
15,529.062,49.28684349031687
15,533.438,48.420642824215655
15,537.813,47.80916835094235
15,542.188,47.36210611002302
15,546.563,47.025223198795395
15,550.938,46.787779005495054
15,555.312,46.67198563736459
15,559.688,46.70591222091656
15,564.063,46.89767352044498
15,568.438,47.23538311756099
15,572.813,47.68313228992799
15,577.187,48.161794249856534
15,581.562,48.5935775366509
15,585.938,48.95088761515533
15,590.313,49.24247987329565
15,594.688,49.47260438621741
15,599.063,49.67477227446327
15,603.438,49.92921364076878
15,607.812,50.29873761672062
15,612.188,50.78315378697086
15,616.563,51.30953119812504
15,620.937,51.76352428422203
15,625.312,52.082176245739284
15,629.687,52.32476403810756
15,634.063,52.65534268717092
15,638.437,53.239745030500465
15,642.813,54.13164289540837
15,647.188,55.239037786677024
15,651.563,56.399597712830385
15,655.938,57.59857758760417
15,660.313,58.95627878359663
15,664.687,60.40821281656752
15,669.063,61.64465232668081
15,673.438,62.282162273337036
15,677.813,61.976836104115826
15,682.187,60.249994293747534
15,686.562,56.60228199473002
15,690.937,51.80737967249033
15,695.312,47.70636013927817
15,699.688,44.8899871035991
15,704.063,43.05315659477513
15,708.438,41.859937893836616
15,712.813,41.038921105994625
15,717.187,40.388863820370865
15,721.563,39.84420453133252
15,725.938,39.434792184384825
15,730.313,39.16546557529333
15,734.687,39.01300702982793
15,739.063,38.934718205599
15,743.437,38.89637873858756
15,747.812,38.87972594640769
15,752.188,38.87809850439527
15,756.563,38.89164581044638
15,760.938,38.918472615042916
15,765.313,38.93283176000601
15,769.688,38.92732722353392
15,774.063,38.92277804338956
15,778.438,38.92169991332347
15,782.813,38.92156126594907
15,787.188,38.92186748279107
15,791.563,38.92004936084673
15,795.937,38.915910516055966
15,800.312,38.911504617114936
15,804.688,38.907488808541544
15,809.063,38.90793152334349
15,813.438,38.913895729845244
15,817.813,38.91580964983492
15,822.188,38.90663129688168
15,826.5630000000001,38.89144627967068
15,830.937,38.873200209984105
15,835.313,38.852741753565496
15,839.688,38.83336312616487
15,844.063,38.81684795533265
15,848.437,38.80359709870411
15,852.812,38.79266456358405
15,857.187,38.782435273295555
15,861.563,38.77270267643339
15,865.938,38.763370868021724
15,870.313,38.754468733588276
15,874.687,38.74642005478291
15,879.063,38.73940054434328
15,883.437,38.73371739258845
15,887.813,38.7313968098756
15,892.188,38.73525567387566
15,896.562,38.743016870952914
15,900.938,38.745847125769274
15,905.312,38.742281221967204
15,909.6880000000001,38.73678929568823
15,914.062,38.7257741705022
15,918.438,38.70875709148911
15,922.813,38.6946738173503
15,927.188,38.68834101595331
15,931.563,38.68679542680903
15,935.937,38.678860258617
15,940.312,38.65507827462113
15,944.688,38.619127723735794
15,949.063,38.57246898400441
15,953.438,38.52559474850472
15,957.812,38.48679671540568
15,962.187,38.457143461259
15,966.562,38.43597067371743
15,970.938,38.423640714677404
15,975.313,38.4166654655135
15,979.688,38.40860059223238
15,984.063,38.396820960466265
15,988.438,38.38233654521782
15,992.812,38.37228849587076
15,997.188,38.37548891071898
15,1001.5600000000001,38.39051143021094
15,1005.94,38.40934324514158
15,1010.3100000000001,38.42614506523241
15,1014.69,38.44018889583356
15,1019.0600000000001,38.45359454512731
15,1023.4399999999999,38.466922152413474
15,1027.81,38.47913095342444
15,1032.19,38.490620213320874
15,1036.56,38.50269966430668
15,1040.94,38.51574131587084
15,1045.31,38.52904563586884
15,1049.69,38.54172022044624
15,1054.06,38.55295066279131
15,1058.44,38.562596026209995
15,1062.81,38.570950769347824
15,1067.19,38.57783052221301
15,1071.5600000000002,38.58271124911779
15,1075.9399999999998,38.58596197390499
15,1080.3100000000002,38.58884409645694
15,1084.6899999999998,38.59190071474839
15,1089.06,38.594905359088386
15,1093.44,38.59898397758008
15,1097.81,38.60424363667768
15,1102.19,38.608317748971395
15,1106.56,38.61014566653471
15,1110.94,38.61210632247122
15,1115.31,38.61701861670595
15,1119.69,38.62571336764367
15,1124.06,38.631489129226
15,1128.44,38.618978089588865
15,1132.8100000000002,38.59047035488943
15,1137.1899999999998,38.5664449777194
15,1141.56,38.554180523802046
15,1145.94,38.55987091157832
15,1150.31,38.60012751037988
15,1154.69,38.644746626703274
15,1159.06,38.674642802320626
15,1163.44,38.69534052696586
15,1167.81,38.71248620261497
15,1172.19,38.72914562671447
15,1176.56,38.74750400613644
15,1180.94,38.76752859015176
15,1185.3100000000002,38.78626145304297
15,1189.6899999999998,38.80019615626744
15,1194.06,38.809621506289844
15,1198.44,38.81660924467835
15,1202.81,38.82045511484277
15,1207.19,38.82007095534518
15,1211.56,38.81562722585174
15,1215.94,38.807161733296375
15,1220.31,38.79716103632707
15,1224.69,38.78784808738915
15,1229.06,38.77903837335956
15,1233.44,38.77063042354125
15,1237.8100000000002,38.76341368178597
15,1242.1899999999998,38.75829223150758
15,1246.56,38.75583056173229
15,1250.94,38.75630193470359
15,1255.31,38.76024890607678
15,1259.69,38.76869469814048
15,1264.06,38.780991618661254
15,1268.44,38.79324259694877
15,1272.81,38.80288711782874
15,1277.19,38.81312857478591
15,1281.56,38.828058562830336
15,1285.94,38.849245027507884
15,1290.3100000000002,38.87694695850308
15,1294.6899999999998,38.91120193292956
15,1299.0600000000002,38.95096484258976
15,1303.4399999999998,38.99502724699136
15,1307.81,39.044403269042675
15,1312.19,39.10134513173397
15,1316.56,39.167558275240296
15,1320.94,39.243100928149055
15,1325.31,39.32753772223439
15,1329.69,39.43220287832514
15,1334.06,39.56855428284242
15,1338.44,39.69433480278593
15,1342.81,39.779653298937816
15,1347.19,39.83751783260822
15,1500.31,54.32360534997825
15,1504.69,53.59790328606206
15,1509.0600000000002,52.892714133795494
15,1513.4399999999998,52.23379945917045
15,1517.8100000000002,51.59311791536193
15,1522.1899999999998,50.99695702449808
15,1526.56,50.44674742817906
15,1530.94,49.92558719796947
15,1535.31,49.43869380061414
15,1539.69,48.983349839724745
15,1544.06,48.55466293003063
15,1548.44,48.15737327316643
15,1552.81,47.79171813400745
15,1557.19,47.45256112526825
15,1561.56,47.14459368957545
15,1565.94,46.864064676098316
15,1570.3100000000002,46.595540352021644
15,1574.6899999999998,46.336672829622756
15,1579.06,46.09611066719219
15,1583.44,45.87282304118126
15,1587.81,45.661282016176116
15,1592.19,45.461540644313224
15,1596.56,45.277633965526825
15,1600.94,45.10634737317573
15,1605.31,44.94502976968249
15,1609.69,44.79290870591105
15,1614.06,44.65131248770762
15,1618.44,44.52525660712784
15,1622.8100000000002,44.413719282564095
15,1627.1899999999998,44.314552894929484
15,1631.56,44.227738398670155
15,1635.94,44.15282819117554
15,1640.31,44.0895575201739
15,1644.69,44.04112178568673
15,1649.06,44.01198030115931
15,1653.44,44.00331650471468
15,1657.81,44.012468516780054
15,1662.19,44.034276047605786
15,1666.56,44.06343081952036
15,1670.94,44.0979752947856
15,1675.3100000000002,44.143697322751684
15,1679.6899999999998,44.20917168432011
15,1684.06,44.29687025932364
15,1688.44,44.40524577958737
15,1692.81,44.534414880271775
15,1697.19,44.68315958039166
15,1701.56,44.845977948439895
15,1705.94,45.015326758803155
15,1710.31,45.182713784645486
15,1714.69,45.33334075198097
15,1719.06,45.459438347884955
15,1723.44,45.565951421992914
15,1727.8100000000002,45.6556062599151
15,1732.1899999999998,45.737176241848246
15,1736.5600000000002,45.83395915084619
15,1740.9399999999998,45.96172102103194
15,1745.31,46.12140972389259
15,1749.69,46.30121243661194
15,1754.06,46.48143050641949
15,1758.44,46.65333702053406
15,1762.81,46.80942354755961
15,1767.19,46.94891145983152
15,1771.56,47.06399442378096
15,1775.94,47.157456949961166
15,1780.31,47.23813761803945
15,1784.69,47.30207428329906
15,1789.0600000000002,47.34319108546682
15,1999.06,79.89271679776772
15,2003.4399999999998,78.38085813654607
15,2007.8100000000002,77.01632402042637
15,2012.1899999999998,76.42563156344082
15,2016.5600000000002,75.95040543194351
15,2020.94,75.42607258015418
15,2025.3100000000002,74.93030204958811
15,2029.69,74.40941399925967
15,2034.0600000000002,73.86599611720554
15,2038.44,73.31093124064571
15,2042.8099999999997,72.74209218902077
15,2047.19,72.20424468096994
15,2051.56,71.66376077527086
15,2055.94,71.09423880922292
15,2060.31,70.59233740721574
15,2064.69,70.12132459560844
15,2069.06,69.61010774555153
15,2073.44,69.09147351661744
15,2077.81,68.61177868649683
15,2082.19,68.17873380546399
15,2086.56,67.76558497410467
15,2090.9399999999996,67.34187860088917
15,2095.31,66.89320903602484
15,2099.69,66.4351966983709
15,2104.06,66.00346513057295
15,2108.44,65.61008022174514
15,2112.81,65.23368053216797
15,2117.19,64.86844417773511
15,2121.56,64.51756764618561
15,2125.94,64.15919912762894
15,2130.31,63.77634613159915
15,2134.69,63.39200355859052
15,2139.0600000000004,63.01287512889737
15,2143.44,62.624337116695685
15,2147.8100000000004,62.21406238167051
15,2152.19,61.77837075860613
15,2156.56,61.34894478670048
15,2160.94,60.94328587980121
15,2165.31,60.541605538635594
15,2169.69,60.15905997041222
15,2174.06,59.80146919574899
15,2178.44,59.456263832664156
15,2182.81,59.11500228847175
15,2187.19,58.76818359291085
15,2191.56,58.43961609817415
15,2195.9399999999996,58.137866067247025
15,2200.31,57.88053416388317
15,2204.6899999999996,57.70955628598758
15,2209.06,57.613051319434526
15,2213.44,57.56176994933793
15,2217.81,57.577631723610956
15,2222.19,57.68992835237904
15,2226.56,57.864739644321304
15,2230.94,58.04919111297634
15,2235.31,58.259080347245394
15,2239.69,58.55670515707306
15,2244.06,58.972205339460515
15,2248.44,59.48466849057027
15,2252.8100000000004,60.04978428052543
15,2257.19,60.64114013975856
15,2261.56,61.240218728890525
15,2265.94,61.84054755506065
15,2270.31,62.43330349172679
15,2274.69,62.990302242789994
15,2279.06,63.51339075887721
15,2283.44,64.05882085875987
15,2287.81,64.67160818279181
15,2292.19,65.34550448690939
15,2296.56,66.02321838307716
15,2300.94,66.59886634625657
15,2305.31,67.01803883297039
15,2309.6899999999996,67.2728819666174
15,2314.06,67.3864754821587
15,2318.44,67.45798569283906
15,2322.81,67.62375877745082
15,2327.19,67.9064012120487
15,2331.56,68.26497153190486
15,2335.94,68.73259241201788
15,2340.31,69.37346173952108
15,2344.69,70.12269671706613
15,2349.06,70.90968176503208
15,2353.44,71.77762548774554
15,2357.8100000000004,72.59249482372189
15,2362.19,73.29212809115104
15,2366.5600000000004,73.98854943352623
15,2370.94,74.77650483976564
15,2375.31,75.54485083376657
15,2379.69,76.20297035167845
15,2384.06,76.79684356904772
15,2388.44,77.30628030687633
15,2392.81,77.73846881574096
15,2397.19,78.1594871489943
15,2401.56,78.55309888289719
15,2405.94,78.95785809339101
15,2410.31,79.49592326740125
15,2414.6899999999996,80.17627513592713
15,2419.06,80.82239334164322
15,2423.4399999999996,81.26253320176407
15,2427.81,81.69754222958134
15,2432.19,82.30091157098617
15,2436.56,83.08409716155995
15,2440.94,83.77661734308616
15,2445.31,84.92793362674558
15,2449.69,87.26202556276618
15,2454.06,87.81868410860191
15,2458.44,87.26805386597704
15,2462.81,87.79099096640313
15,2467.19,89.51569100400593
15,2471.5600000000004,92.93459810002832
17,402.188,49.48102543659207
17,406.56199999999995,49.53371060602588
17,410.93800000000005,49.46448562529163
17,415.313,49.18923287692203
17,419.68699999999995,48.73363980945871
17,424.06300000000005,48.16356817995568
17,428.438,47.49685174247342
17,432.813,46.78928239677464
17,437.18800000000005,46.14613943243664
17,441.563,45.58721706536153
17,445.938,45.10260243810764
17,450.31300000000005,44.69685984531475
17,454.688,44.37595602567821
17,459.063,44.15322270403556
17,463.438,44.03464252729831
17,467.813,43.99461465265021
17,472.187,43.99651352188276
17,476.562,44.01742055766018
17,480.938,44.020304465724585
17,485.313,43.92476496984193
17,489.688,43.63695540451554
17,494.063,43.08652693407458
17,498.438,42.195583564345995
17,502.812,40.936780857242084
17,507.188,39.43797724167642
17,511.563,37.86434515461501
17,515.937,36.36519841048337
17,520.313,35.15602584010262
17,524.687,34.32319350408393
17,529.062,33.7796453311133
17,533.438,33.43507173245643
17,537.813,33.21410612532405
17,542.188,33.059673829164865
17,546.563,32.94340870834557
17,550.938,32.865030721112475
17,555.312,32.84245386242751
17,559.688,32.896599172924
17,564.063,33.042366289571234
17,568.438,33.29080319942839
17,572.813,33.64005910881018
17,577.187,34.05019643682426
17,581.562,34.464485447090546
17,585.938,34.85304255937214
17,590.313,35.21315704753806
17,594.688,35.53393952951005
17,599.063,35.83637219385796
17,603.438,36.2034381726706
17,607.812,36.7147746884589
17,612.188,37.38894060883007
17,616.563,38.153659750494526
17,620.937,38.86846008072896
17,625.312,39.43831854896733
17,629.687,39.90174969814541
17,634.063,40.4230081441404
17,638.437,41.20393722165971
17,642.813,42.36042103258086
17,647.188,43.861005387958585
17,651.563,45.56330165218927
17,655.938,47.45286048900764
17,660.313,49.65782690204207
17,664.687,52.05547703760013
17,669.063,54.18082463611659
17,673.438,55.47232976843958
17,677.813,55.485579033564555
17,682.187,53.64331440380832
17,686.562,49.19426525432194
17,690.937,42.7944230468669
17,695.312,36.96946703609289
17,699.688,33.05193059476419
17,704.063,30.81981183952292
17,708.438,29.675449458919328
17,712.813,29.114499035345215
17,717.187,28.88719161724603
17,721.563,28.95580922807427
17,725.938,29.251926150658385
17,730.313,29.655697695808144
17,734.687,30.060136172213532
17,739.063,30.409586968150876
17,743.437,30.686335827126705
17,747.812,30.88662112951681
17,752.188,31.02660496526169
17,756.563,31.131646601785988
17,760.938,31.235093215434894
17,765.313,31.342157668398308
17,769.688,31.407005442571055
17,774.063,31.42156104191977
17,778.438,31.3937372725678
17,782.813,31.335419033366474
17,787.188,31.262333805466845
17,791.563,31.1852929153646
17,795.937,31.10950090110809
17,800.312,31.036766379209524
17,804.688,30.968635509160414
17,809.063,30.904572868984708
17,813.438,30.83788549964576
17,817.813,30.765692065220396
17,822.188,30.6990636658882
17,826.5630000000001,30.642661173761187
17,830.937,30.58980858289323
17,835.313,30.536139128433398
17,839.688,30.48104881265601
17,844.063,30.424845877950613
17,848.437,30.367497614846172
17,852.812,30.308222084814073
17,857.187,30.249641975587156
17,861.563,30.194815304465443
17,865.938,30.141798449287865
17,870.313,30.09048222023223
17,874.687,30.042718951581065
17,879.063,29.99757739925442
17,883.437,29.954880834185676
17,887.813,29.916122045860487
17,892.188,29.88093216042072
17,896.562,29.84462589847492
17,900.938,29.805235287830477
17,905.312,29.768429382810087
17,909.6880000000001,29.73161443534687
17,914.062,29.689036038160932
17,918.438,29.644460079496998
17,922.813,29.604719136458996
17,927.188,29.570713035721084
17,931.563,29.530405228054402
17,935.937,29.444522612141206
17,940.312,29.32703480743194
17,944.688,29.210789147589455
17,949.063,29.070036094501628
17,953.438,28.926292862122967
17,957.812,28.80874612950879
17,962.187,28.72702455083267
17,966.562,28.678270009411598
17,970.938,28.651736041972825
17,975.313,28.636184641446533
17,979.688,28.627061295508426
17,984.063,28.617177409062933
17,988.438,28.594575919934528
17,992.812,28.566200679114466
17,997.188,28.553480968894508
17,1001.5600000000001,28.560568515576634
17,1005.94,28.578442626107336
17,1010.3100000000001,28.60093336627446
17,1014.69,28.62616641716643
17,1019.0600000000001,28.654387055642577
17,1023.4399999999999,28.68449240257046
17,1027.81,28.711710287072634
17,1032.19,28.731583745248635
17,1036.56,28.744735918101426
17,1040.94,28.754544692537653
17,1045.31,28.76254944573906
17,1049.69,28.76829552566636
17,1054.06,28.7705803623154
17,1058.44,28.769351228340177
17,1062.81,28.765541491058478
17,1067.19,28.75938903625615
17,1071.5600000000002,28.750684299675488
17,1075.9399999999998,28.7398235888833
17,1080.3100000000002,28.72764158833133
17,1084.6899999999998,28.714751641950738
17,1089.06,28.701564030760284
17,1093.44,28.68825575696269
17,1097.81,28.67523864684301
17,1102.19,28.663931964896257
17,1106.56,28.65565461854222
17,1110.94,28.651052969613144
17,1115.31,28.649870781235283
17,1119.69,28.648099807950583
17,1124.06,28.629186945260056
17,1128.44,28.583017307766625
17,1132.8100000000002,28.526560346467473
17,1137.1899999999998,28.479623353550505
17,1141.56,28.444169259122177
17,1145.94,28.432067251747906
17,1150.31,28.487687632380187
17,1154.69,28.562769365324662
17,1159.06,28.619571823771988
17,1163.44,28.664347786496997
17,1167.81,28.704129488029213
17,1172.19,28.742651785871264
17,1176.56,28.784008805235445
17,1180.94,28.829659421407822
17,1185.3100000000002,28.875665484636148
17,1189.6899999999998,28.914837050339788
17,1194.06,28.94491942214854
17,1198.44,28.96873428226836
17,1202.81,28.985096744816257
17,1207.19,28.990595885791627
17,1211.56,28.9855224631106
17,1215.94,28.972432370388457
17,1220.31,28.95634710410981
17,1224.69,28.941222079254075
17,1229.06,28.928515077406164
17,1233.44,28.91843946695084
17,1237.8100000000002,28.910691349882555
17,1242.1899999999998,28.90611073044223
17,1246.56,28.906056065413004
17,1250.94,28.9108564506795
17,1255.31,28.920747808980124
17,1259.69,28.937316778406352
17,1264.06,28.960784128549438
17,1268.44,28.98675743963001
17,1272.81,29.011310887007035
17,1277.19,29.038230597491
17,1281.56,29.07438666793023
17,1285.94,29.12347141124001
17,1290.3100000000002,29.18650364811594
17,1294.6899999999998,29.26494396057982
17,1299.0600000000002,29.361498690432775
17,1303.4399999999998,29.479247576000787
17,1307.81,29.62403264827601
17,1312.19,29.80528274279636
17,1316.56,30.028717301801255
17,1320.94,30.28646726584831
17,1325.31,30.570095698943263
17,1329.69,30.914604463111417
17,1334.06,31.358875170969924
17,1338.44,31.76913989344767
17,1342.81,32.04798202809893
17,1347.19,32.23472766407184
17,1500.31,64.64437902419795
17,1504.69,63.4127440845488
17,1509.0600000000002,62.1842093225041
17,1513.4399999999998,61.00510742742146
17,1517.8100000000002,59.82743421627743
17,1522.1899999999998,58.70158133346499
17,1526.56,57.63354089696063
17,1530.94,56.59516927187125
17,1535.31,55.60177324323592
17,1539.69,54.65210420942947
17,1544.06,53.73945093464501
17,1548.44,52.877766994271894
17,1552.81,52.07066500469563
17,1557.19,51.30887682148304
17,1561.56,50.60505636420521
17,1565.94,49.95468633121066
17,1570.3100000000002,49.32580538290842
17,1574.6899999999998,48.71517996534817
17,1579.06,48.14554800584944
17,1583.44,47.61652023668883
17,1587.81,47.11620383180219
17,1592.19,46.64524835330305
17,1596.56,46.213018109485304
17,1600.94,45.81058492101569
17,1605.31,45.43166401962888
17,1609.69,45.074716613533326
17,1614.06,44.74157402759686
17,1618.44,44.44187854259577
17,1622.8100000000002,44.172074843817974
17,1627.1899999999998,43.928306286649665
17,1631.56,43.71298421634371
17,1635.94,43.52657725974027
17,1640.31,43.36557984047944
17,1644.69,43.23115703362817
17,1649.06,43.128762535221746
17,1653.44,43.058305467029555
17,1657.81,43.014781881930276
17,1662.19,42.99110373075701
17,1666.56,42.98363090293337
17,1670.94,42.998635507637346
17,1675.3100000000002,43.04916220959037
17,1679.6899999999998,43.14603500309852
17,1684.06,43.29079535975385
17,1688.44,43.47930534947943
17,1692.81,43.710311047175296
17,1697.19,43.97965886508766
17,1701.56,44.275437080658804
17,1705.94,44.5846724666798
17,1710.31,44.8966506570714
17,1714.69,45.191271496312666
17,1719.06,45.46081097614883
17,1723.44,45.71994674998457
17,1727.8100000000002,45.973214550369846
17,1732.1899999999998,46.23398734865437
17,1736.5600000000002,46.54595788977435
17,1740.9399999999998,46.927349687963606
17,1745.31,47.370693985292924
17,1749.69,47.853104777195135
17,1754.06,48.336893826027975
17,1758.44,48.80833257062322
17,1762.81,49.25049416631354
17,1767.19,49.661326093526974
17,1771.56,50.011876783875685
17,1775.94,50.30189102997969
17,1780.31,50.54963449989292
17,1784.69,50.73684870831193
17,1789.0600000000002,50.85269234665779
17,1999.06,96.87927995274956
17,2003.4399999999998,95.55987158250996
17,2007.8100000000002,94.36144704349147
17,2012.1899999999998,93.81764079647749
17,2016.5600000000002,93.2817638334004
17,2020.94,92.6623049675125
17,2025.3100000000002,92.0940487655932
17,2029.69,91.4970537118257
17,2034.0600000000002,90.85520068544456
17,2038.44,90.17437402764142
17,2042.8099999999997,89.45244760848271
17,2047.19,88.75200952861823
17,2051.56,88.03518781159417
17,2055.94,87.25830514800722
17,2060.31,86.5473225437895
17,2064.69,85.86560109374774
17,2069.06,85.11924236038682
17,2073.44,84.36336252474794
17,2077.81,83.66891122350594
17,2082.19,83.03445844792235
17,2086.56,82.4143369291838
17,2090.9399999999996,81.7758005998463
17,2095.31,81.10847541794742
17,2099.69,80.42565344932335
17,2104.06,79.7734532906298
17,2108.44,79.17586140103921
17,2112.81,78.60157721142917
17,2117.19,78.04023091433928
17,2121.56,77.49895403875321
17,2125.94,76.9553748250465
17,2130.31,76.39134275776792
17,2134.69,75.8324932956625
17,2139.0600000000004,75.2864587450194
17,2143.44,74.7437262318798
17,2147.8100000000004,74.19304722102652
17,2152.19,73.62475664560547
17,2156.56,73.07402450970704
17,2160.94,72.56160443472734
17,2165.31,72.06072147738382
17,2169.69,71.58561471538488
17,2174.06,71.1412081372995
17,2178.44,70.71016626115917
17,2182.81,70.28189708508759
17,2187.19,69.84558628534508
17,2191.56,69.4329354191104
17,2195.9399999999996,69.05936490148493
17,2200.31,68.75152338881543
17,2204.6899999999996,68.56225938387624
17,2209.06,68.4739643867613
17,2213.44,68.45127317803167
17,2217.81,68.52098895335982
17,2222.19,68.71127985236988
17,2226.56,68.96434649128973
17,2230.94,69.19346482023317
17,2235.31,69.41032753411194
17,2239.69,69.69967463751696
17,2244.06,70.10218212450238
17,2248.44,70.59240021762814
17,2252.8100000000004,71.12705968037322
17,2257.19,71.68216133380814
17,2261.56,72.239664364346
17,2265.94,72.80145343573295
17,2270.31,73.36562682325821
17,2274.69,73.90422434906363
17,2279.06,74.42124463070043
17,2283.44,74.97251369659624
17,2287.81,75.59486594645678
17,2292.19,76.27605923255739
17,2296.56,76.9691573550604
17,2300.94,77.59489788008335
17,2305.31,78.12269282011722
17,2309.6899999999996,78.53960970156339
17,2314.06,78.85191206874791
17,2318.44,79.15395108621234
17,2322.81,79.54495019469168
17,2327.19,79.99260123116181
17,2331.56,80.45897646588621
17,2335.94,81.01521946164567
17,2340.31,81.76780764827404
17,2344.69,82.66961071818235
17,2349.06,83.6507195065397
17,2353.44,84.7566010773495
17,2357.8100000000004,85.79790579300365
17,2362.19,86.67182752417753
17,2366.5600000000004,87.51012614415713
17,2370.94,88.43653548944029
17,2375.31,89.32636186722405
17,2379.69,90.07318797351091
17,2384.06,90.73956021685176
17,2388.44,91.31482034877442
17,2392.81,91.79356175344036
17,2397.19,92.24297355850379
17,2401.56,92.65497467680535
17,2405.94,93.06174527738801
17,2410.31,93.57205395744518
17,2414.6899999999996,94.21183142762013
17,2419.06,94.84422258543778
17,2423.4399999999996,95.2466793618087
17,2427.81,95.5900847318896
17,2432.19,96.03469002218267
17,2436.56,96.58057912499325
17,2440.94,97.05077018914167
17,2445.31,97.75633581618983
17,2449.69,98.9302838124204
17,2454.06,99.09811744243015
17,2458.44,98.88818626155253
17,2462.81,99.2092226551278
17,2467.19,99.98896266905363
17,2471.5600000000004,101.55512005261829
20,402.188,89.09657135515171
20,406.56199999999995,88.4406242179848
20,410.93800000000005,87.61021119555231
20,415.313,86.83485146588679
20,419.68699999999995,86.21528368601524
20,424.06300000000005,85.7464639785497
20,428.438,85.35290102784367
20,432.813,84.969079265128
20,437.18800000000005,84.55455395611891
20,441.563,84.06680208967484
20,445.938,83.49206180008301
20,450.31300000000005,82.8606618383854
20,454.688,82.2277482779421
20,459.063,81.65317206134182
20,463.438,81.18118691665703
20,467.813,80.79509228007993
20,472.187,80.44571516040406
20,476.562,80.1113334868289
20,480.938,79.74598022031552
20,485.313,79.2282236705035
20,489.688,78.44528879573733
20,494.063,77.32694866824681
20,498.438,75.7194499105879
20,502.812,73.49690369521389
20,507.188,70.76750418082675
20,511.563,67.69272890694918
20,515.937,64.43840346595874
20,520.313,61.44168250994914
20,524.687,59.062115676120996
20,529.062,57.28370521472237
20,533.438,56.01318772146572
20,537.813,55.12869421710518
20,542.188,54.496553183935745
20,546.563,54.03268997241059
20,550.938,53.72177662636333
20,555.312,53.6025771827855
20,559.688,53.72371793264645
20,564.063,54.09569502399785
20,568.438,54.6918193590478
20,572.813,55.44756380074277
20,577.187,56.235472604687395
20,581.562,56.931930568129275
20,585.938,57.48888568358438
20,590.313,57.92131777202684
20,594.688,58.25094549500125
20,599.063,58.537395165323424
20,603.438,58.89673662489666
20,607.812,59.41681827953672
20,612.188,60.0921150920809
20,616.563,60.812017284264876
20,620.937,61.412338849355464
20,625.312,61.8063447020753
20,629.687,62.07797941242386
20,634.063,62.451206359415615
20,638.437,63.13949776217528
20,642.813,64.19529968085361
20,647.188,65.4844461325943
20,651.563,66.8002552174215
20,655.938,68.11617877828134
20,660.313,69.55181078554786
20,664.687,71.01750842714245
20,669.063,72.17452375799367
20,673.438,72.64471892038945
20,677.813,72.1292047285192
20,682.187,70.1656044084586
20,686.562,66.0819628380928
20,690.937,60.31933184115903
20,695.312,54.78096480166449
20,699.688,50.50416286419666
20,704.063,47.492281398458424
20,708.438,45.473040932505114
20,712.813,44.07595888449241
20,717.187,42.9867624318433
20,721.563,42.140452350369266
20,725.938,41.609158186410674
20,730.313,41.361474705060424
20,734.687,41.30767440643244
20,739.063,41.35464168099986
20,743.437,41.44177148486705
20,747.812,41.53333425468276
20,752.188,41.61396771111175
20,756.563,41.68751845659335
20,760.938,41.76792250199233
20,765.313,41.829178987573044
20,769.688,41.84362807362169
20,774.063,41.8395104118205
20,778.438,41.83049924931602
20,782.813,41.81944766660472
20,787.188,41.80853157415008
20,791.563,41.79656105760001
20,795.937,41.78407161837509
20,800.312,41.77347760018142
20,804.688,41.76539357405235
20,809.063,41.76356524509715
20,813.438,41.76878836364996
20,817.813,41.771453105678404
20,822.188,41.76432102820827
20,826.5630000000001,41.75290951096612
20,830.937,41.74020304784017
20,835.313,41.72480040864234
20,839.688,41.70825677007679
20,844.063,41.69320753282617
20,848.437,41.68152901139757
20,852.812,41.67299362720355
20,857.187,41.666182009085176
20,861.563,41.661056166342085
20,865.938,41.65776563086038
20,870.313,41.65600772363055
20,874.687,41.65589980443534
20,879.063,41.6583804473835
20,883.437,41.66421552711998
20,887.813,41.67466699687897
20,892.188,41.69201203895406
20,896.562,41.71566612861465
20,900.938,41.73757586291778
20,905.312,41.752808292676555
20,909.6880000000001,41.7670937469411
20,914.062,41.780610469043864
20,918.438,41.78960313250407
20,922.813,41.79646623410244
20,927.188,41.80406753854642
20,931.563,41.81145795350349
20,935.937,41.81200492607024
20,940.312,41.79427265474783
20,944.688,41.75592603635447
20,949.063,41.70032223636029
20,953.438,41.64399253205064
20,957.812,41.60342246307606
20,962.187,41.582262414355824
20,966.562,41.573101346071454
20,970.938,41.570085246829734
20,975.313,41.57094063580021
20,979.688,41.57296365035746
20,984.063,41.57898792562451
20,988.438,41.59751233793775
20,992.812,41.62805687274293
20,997.188,41.65934089677716
20,1001.5600000000001,41.687127152229124
20,1005.94,41.713946853606444
20,1010.3100000000001,41.74037799355351
20,1014.69,41.76687050663587
20,1019.0600000000001,41.794975842529155
20,1023.4399999999999,41.82443698731965
20,1027.81,41.85253093923301
20,1032.19,41.877933499262305
20,1036.56,41.9022198015736
20,1040.94,41.92666832453429
20,1045.31,41.95024693813295
20,1049.69,41.970983929944964
20,1054.06,41.98775039797031
20,1058.44,42.00123429741187
20,1062.81,42.01294976373633
20,1067.19,42.024033808541304
20,1071.5600000000002,42.03477709667189
20,1075.9399999999998,42.04506301966453
20,1080.3100000000002,42.05549327255293
20,1084.6899999999998,42.06637441428983
20,1089.06,42.07709936293952
20,1093.44,42.088269376772104
20,1097.81,42.09917803268486
20,1102.19,42.10658560926667
20,1106.56,42.109760599842325
20,1110.94,42.11265555942123
20,1115.31,42.119879270160624
20,1119.69,42.134213325592434
20,1124.06,42.147753726608514
20,1128.44,42.13659041946463
20,1132.8100000000002,42.10695468625376
20,1137.1899999999998,42.0847775275321
20,1141.56,42.07744413322808
20,1145.94,42.099246368142055
20,1150.31,42.168426883758954
20,1154.69,42.23676856901731
20,1159.06,42.28375766751782
20,1163.44,42.31983255511808
20,1167.81,42.352509554973636
20,1172.19,42.385163917351875
20,1176.56,42.42089730422099
20,1180.94,42.46043279910748
20,1185.3100000000002,42.49977443312286
20,1189.6899999999998,42.53252005462395
20,1194.06,42.556951746160934
20,1198.44,42.57520054075996
20,1202.81,42.58538050435445
20,1207.19,42.584388906639475
20,1211.56,42.57254326458828
20,1215.94,42.551983375557306
20,1220.31,42.528049965802765
20,1224.69,42.50509004175381
20,1229.06,42.48487340994678
20,1233.44,42.467850214974604
20,1237.8100000000002,42.45335480777169
20,1242.1899999999998,42.441492210081464
20,1246.56,42.43340948506839
20,1250.94,42.42985850620327
20,1255.31,42.431390093659274
20,1259.69,42.43920244803627
20,1264.06,42.45256015639968
20,1268.44,42.46662372174122
20,1272.81,42.477990950281416
20,1277.19,42.490373335382536
20,1281.56,42.50884273354883
20,1285.94,42.53536126789775
20,1290.3100000000002,42.569639019450506
20,1294.6899999999998,42.61095711739204
20,1299.0600000000002,42.659333695544966
20,1303.4399999999998,42.7166672336614
20,1307.81,42.787780010203086
20,1312.19,42.8785136898329
20,1316.56,42.99172272228159
20,1320.94,43.12386843769378
20,1325.31,43.270626152226235
20,1329.69,43.44820255624279
20,1334.06,43.67345689389641
20,1338.44,43.87918345249789
20,1342.81,44.019488726799466
20,1347.19,44.11459267219386
20,1500.31,60.67711612059785
20,1504.69,59.916144294605736
20,1509.0600000000002,59.17765258971368
20,1513.4399999999998,58.48750564676729
20,1517.8100000000002,57.81608338131936
20,1522.1899999999998,57.19060871546079
20,1526.56,56.61169108972902
20,1530.94,56.06147876950502
20,1535.31,55.54589100940793
20,1539.69,55.06207177347654
20,1544.06,54.604263703338994
20,1548.44,54.17752173804023
20,1552.81,53.782030271496076
20,1557.19,53.41235631039739
20,1561.56,53.073653266891895
20,1565.94,52.762410121242375
20,1570.3100000000002,52.46274999217682
20,1574.6899999999998,52.17316327715987
20,1579.06,51.90402158396513
20,1583.44,51.654038125405265
20,1587.81,51.41680654354922
20,1592.19,51.19242234687531
20,1596.56,50.98522881200323
20,1600.94,50.79098648715312
20,1605.31,50.60663772741262
20,1609.69,50.432017873993416
20,1614.06,50.26919700909218
20,1618.44,50.12362941687781
20,1622.8100000000002,49.99354944175475
20,1627.1899999999998,49.876649618437256
20,1631.56,49.77365020569917
20,1635.94,49.68443827626011
20,1640.31,49.60888506813524
20,1644.69,49.55052731695434
20,1649.06,49.51401214475092
20,1653.44,49.500427991936725
20,1657.81,49.50696615084991
20,1662.19,49.528093441930636
20,1666.56,49.5579271234966
20,1670.94,49.59434770343298
20,1675.3100000000002,49.642444415760124
20,1679.6899999999998,49.7106445667821
20,1684.06,49.80282417112616
20,1688.44,49.91911431296595
20,1692.81,50.060958790472775
20,1697.19,50.227247376495086
20,1701.56,50.41167593320268
20,1705.94,50.60616476640612
20,1710.31,50.8011118051082
20,1714.69,50.978530977155124
20,1719.06,51.12879906782219
20,1723.44,51.25826838791189
20,1727.8100000000002,51.37017037471746
20,1732.1899999999998,51.473326808298616
20,1736.5600000000002,51.59301963458633
20,1740.9399999999998,51.745468171162635
20,1745.31,51.93080829746244
20,1749.69,52.1363056560636
20,1754.06,52.34072027128332
20,1758.44,52.535039910840844
20,1762.81,52.71189212525189
20,1767.19,52.8718730023651
20,1771.56,53.007139210604514
20,1775.94,53.12001229621246
20,1780.31,53.21851029642106
20,1784.69,53.29488093073208
20,1789.0600000000002,53.34253211130184
20,1999.06,89.78672617181178
20,2003.4399999999998,88.05642812665597
20,2007.8100000000002,86.41008710256861
20,2012.1899999999998,85.59787626161128
20,2016.5600000000002,84.90609378856871
20,2020.94,84.20696400921992
20,2025.3100000000002,83.58734008621626
20,2029.69,82.95696458387589
20,2034.0600000000002,82.3114661965947
20,2038.44,81.66271921917989
20,2042.8099999999997,81.00808277620438
20,2047.19,80.39187902153925
20,2051.56,79.767938627296
20,2055.94,79.10504581293576
20,2060.31,78.51896967677291
20,2064.69,77.97576426375129
20,2069.06,77.39753407693108
20,2073.44,76.81681118771816
20,2077.81,76.27999154837845
20,2082.19,75.78913400847486
20,2086.56,75.31526311619447
20,2090.9399999999996,74.83532152717142
20,2095.31,74.33988941191275
20,2099.69,73.83921334689843
20,2104.06,73.36701527933813
20,2108.44,72.93746447109244
20,2112.81,72.52680882127044
20,2117.19,72.12838984204542
20,2121.56,71.74858951160635
20,2125.94,71.36981927897153
20,2130.31,70.97387659154968
20,2134.69,70.57433925752409
20,2139.0600000000004,70.17424869527999
20,2143.44,69.76469712500574
20,2147.8100000000004,69.33366369974492
20,2152.19,68.87288725804952
20,2156.56,68.41446868865265
20,2160.94,67.97902495831039
20,2165.31,67.54988685503453
20,2169.69,67.143160239898
20,2174.06,66.76412771673186
20,2178.44,66.40124888210504
20,2182.81,66.04498184141076
20,2187.19,65.68696957751759
20,2191.56,65.35217197101314
20,2195.9399999999996,65.0466139215422
20,2200.31,64.78509335656108
20,2204.6899999999996,64.60659600273141
20,2209.06,64.50185838010414
20,2213.44,64.44624978136801
20,2217.81,64.45780026925064
20,2222.19,64.56371425807023
20,2226.56,64.738549142846
20,2230.94,64.93586642165646
20,2235.31,65.16933941657048
20,2239.69,65.49801976572542
20,2244.06,65.95388825264814
20,2248.44,66.52076064721753
20,2252.8100000000004,67.15940581794922
20,2257.19,67.84575380234371
20,2261.56,68.56086876863748
20,2265.94,69.29481522421703
20,2270.31,70.0315600609996
20,2274.69,70.74114238281382
20,2279.06,71.42657987262456
20,2283.44,72.13753590855725
20,2287.81,72.9120446230076
20,2292.19,73.75110146478143
20,2296.56,74.60118287781734
20,2300.94,75.33372299092981
20,2305.31,75.86487372074689
20,2309.6899999999996,76.17230735658
20,2314.06,76.29618831658959
20,2318.44,76.36796739121418
20,2322.81,76.55334265726485
20,2327.19,76.8908768253841
20,2331.56,77.33753512172362
20,2335.94,77.91453480741578
20,2340.31,78.67808033512013
20,2344.69,79.54894907254227
20,2349.06,80.43782082356212
20,2353.44,81.39028440505768
20,2357.8100000000004,82.27775108266727
20,2362.19,83.04730513613889
20,2366.5600000000004,83.83069450483208
20,2370.94,84.73939140390996
20,2375.31,85.63691616017255
20,2379.69,86.40879613284288
20,2384.06,87.11244730521432
20,2388.44,87.73616713274018
20,2392.81,88.28936022485746
20,2397.19,88.84077510051007
20,2401.56,89.37630311835775
20,2405.94,89.96300664004102
20,2410.31,90.76236481247112
20,2414.6899999999996,91.76145600955954
20,2419.06,92.57367752452043
20,2423.4399999999996,93.01517644398353
20,2427.81,93.51468299008205
20,2432.19,94.30077367494725
20,2436.56,95.3704099369293
20,2440.94,96.40946066769135
20,2445.31,98.466958996536
20,2449.69,102.93634349740677
20,2454.06,103.9912133816601
20,2458.44,102.82395475824072
20,2462.81,103.79835626752177
20,2467.19,107.25421911379497
20,2471.5600000000004,114.3806807718605
22,402.188,98.04962855797217
22,406.56199999999995,96.77604244264847
22,410.93800000000005,94.9917314592232
22,415.313,93.06662411814968
22,419.68699999999995,91.2942194151709
22,424.06300000000005,89.7696911085387
22,428.438,88.4219386492809
22,432.813,87.22403936426531
22,437.18800000000005,86.19193000416627
22,441.563,85.21236481553935
22,445.938,84.20569854350263
22,450.31300000000005,83.20004913377915
22,454.688,82.2626220322239
22,459.063,81.46400205738189
22,463.438,80.84512790983844
22,467.813,80.36517603070102
22,472.187,79.94879504883566
22,476.562,79.55415504889287
22,480.938,79.10653739840944
22,485.313,78.43959117123117
22,489.688,77.4004681161363
22,494.063,75.9148276917839
22,498.438,73.84154788465193
22,502.812,71.11257499117258
22,507.188,67.96257447073332
22,511.563,64.65663184497674
22,515.937,61.398701256665355
22,520.313,58.58565503162843
22,524.687,56.47113606022429
22,529.062,54.9586761886921
22,533.438,53.916041267151996
22,537.813,53.21483116313489
22,542.188,52.7319604929512
22,546.563,52.391134381645564
22,550.938,52.17503801075751
22,555.312,52.11364729205956
22,559.688,52.24523221933383
22,564.063,52.57735374800397
22,568.438,53.091655569114735
22,572.813,53.742800570297675
22,577.187,54.42998459199784
22,581.562,55.04955207284402
22,585.938,55.56011748648042
22,590.313,55.972963265218326
22,594.688,56.29943427680083
22,599.063,56.58699808172574
22,603.438,56.94082041273922
22,607.812,57.444335212363825
22,612.188,58.0977849982653
22,616.563,58.8036838229648
22,620.937,59.40800356795604
22,625.312,59.823278483117335
22,629.687,60.12369960403719
22,634.063,60.525485666926606
22,638.437,61.24802755315446
22,642.813,62.36603090620996
22,647.188,63.76945119160773
22,651.563,65.25746271226396
22,655.938,66.81832203422246
22,660.313,68.62125029195514
22,664.687,70.5822252261308
22,669.063,72.25201457470526
22,673.438,73.06239677663058
22,677.813,72.54653882897739
22,682.187,70.14930146644349
22,686.562,65.37308353436325
22,690.937,59.31265274043962
22,695.312,54.183779361273054
22,699.688,50.63056304189673
22,704.063,48.30041967650376
22,708.438,46.80127297269291
22,712.813,45.783623697709594
22,717.187,44.9855607259901
22,721.563,44.33545053958424
22,725.938,43.86091659538167
22,730.313,43.55606820957084
22,734.687,43.41602305711654
22,739.063,43.39519668437844
22,743.437,43.43361700705138
22,747.812,43.48747685629125
22,752.188,43.53624431276465
22,756.563,43.576313544715624
22,760.938,43.61253197389555
22,765.313,43.641773720863036
22,769.688,43.65576806977979
22,774.063,43.66000561532483
22,778.438,43.65658530852214
22,782.813,43.64608291024913
22,787.188,43.631257094862995
22,791.563,43.61342854490575
22,795.937,43.592228359067605
22,800.312,43.568629021642636
22,804.688,43.5454248097108
22,809.063,43.525100481543326
22,813.438,43.507078468770274
22,817.813,43.48915507033825
22,822.188,43.47204252944164
22,826.5630000000001,43.45770753605838
22,830.937,43.44516845148353
22,835.313,43.43169340533618
22,839.688,43.416165032618345
22,844.063,43.39935201079506
22,848.437,43.382470167858244
22,852.812,43.366056498784125
22,857.187,43.35088308869484
22,861.563,43.3375346767866
22,865.938,43.32543346781766
22,870.313,43.314272766333985
22,874.687,43.30415461985358
22,879.063,43.295188560695905
22,883.437,43.28780844707125
22,887.813,43.28303814767425
22,892.188,43.28142017342005
22,896.562,43.28169721437617
22,900.938,43.281731823438044
22,905.312,43.28167256304745
22,909.6880000000001,43.2836064172986
22,914.062,43.2884754162349
22,918.438,43.29604180807164
22,922.813,43.30521412988711
22,927.188,43.313445283531735
22,931.563,43.31570296995173
22,935.937,43.30147908528632
22,940.312,43.270084997410386
22,944.688,43.22516521624989
22,949.063,43.161968407123666
22,953.438,43.096824877790866
22,957.812,43.049910770426756
22,962.187,43.02671985100769
22,966.562,43.01894017215122
22,970.938,43.0175978551891
22,975.313,43.01931826943875
22,979.688,43.023143133576184
22,984.063,43.03071941809415
22,988.438,43.04626362087507
22,992.812,43.06966510052687
22,997.188,43.09507437197537
22,1001.5600000000001,43.12024406443212
22,1005.94,43.14643031233476
22,1010.3100000000001,43.173623862758284
22,1014.69,43.201719375910365
22,1019.0600000000001,43.23155172670196
22,1023.4399999999999,43.26270251362077
22,1027.81,43.291733713944545
22,1032.19,43.3164258141529
22,1036.56,43.339172331825814
22,1040.94,43.362291866853596
22,1045.31,43.38462091732303
22,1049.69,43.40385227194402
22,1054.06,43.41851655855583
22,1058.44,43.42909717328386
22,1062.81,43.43733107507993
22,1067.19,43.44436349998881
22,1071.5600000000002,43.45043697880825
22,1075.9399999999998,43.455557072083614
22,1080.3100000000002,43.45995867670509
22,1084.6899999999998,43.46382834465123
22,1089.06,43.46731931402453
22,1093.44,43.470661696027726
22,1097.81,43.47339180265893
22,1102.19,43.4747129860392
22,1106.56,43.47508969625494
22,1110.94,43.47663753041358
22,1115.31,43.48196360767946
22,1119.69,43.49326983518259
22,1124.06,43.503210804823475
22,1128.44,43.49286265240121
22,1132.8100000000002,43.47253232324353
22,1137.1899999999998,43.463578222787035
22,1141.56,43.47206003014619
22,1145.94,43.52181850974913
22,1150.31,43.63252608598451
22,1154.69,43.73569458551946
22,1159.06,43.803704524438686
22,1163.44,43.849969090505134
22,1167.81,43.88595054501971
22,1172.19,43.91792213995787
22,1176.56,43.9507331361168
22,1180.94,43.98604239808392
22,1185.3100000000002,44.02071381619913
22,1189.6899999999998,44.049137796997265
22,1194.06,44.06941329689084
22,1198.44,44.08314261038289
22,1202.81,44.088689284280335
22,1207.19,44.08363488902682
22,1211.56,44.06880991455164
22,1215.94,44.046722373141385
22,1220.31,44.021892442875846
22,1224.69,43.99744128686437
22,1229.06,43.97475763967337
22,1233.44,43.95376805103711
22,1237.8100000000002,43.93374017346904
22,1242.1899999999998,43.916182855155206
22,1246.56,43.90323675256936
22,1250.94,43.89538810709673
22,1255.31,43.89291674162012
22,1259.69,43.897348002218386
22,1264.06,43.908858874903764
22,1268.44,43.92388179251998
22,1272.81,43.93918651647446
22,1277.19,43.95702525388403
22,1281.56,43.981657098457525
22,1285.94,44.01548531371196
22,1290.3100000000002,44.05888830809223
22,1294.6899999999998,44.110340951967096
22,1299.0600000000002,44.167856115868894
22,1303.4399999999998,44.23228528933993
22,1307.81,44.30880204976109
22,1312.19,44.404330121738276
22,1316.56,44.52236810405803
22,1320.94,44.658711200378775
22,1325.31,44.807098371680816
22,1329.69,44.98092589121248
22,1334.06,45.197023481464846
22,1338.44,45.393904552897304
22,1342.81,45.52856696938758
22,1347.19,45.62068536746397
22,1500.31,62.80269287336875
22,1504.69,61.99969798905756
22,1509.0600000000002,61.218094137066146
22,1513.4399999999998,60.48558731454069
22,1517.8100000000002,59.771177403702694
22,1522.1899999999998,59.10427064148179
22,1526.56,58.485871990585494
22,1530.94,57.89747286479575
22,1535.31,57.346005640228285
22,1539.69,56.82878814339085
22,1544.06,56.340107235556005
22,1548.44,55.88537243156979
22,1552.81,55.4646681744504
22,1557.19,55.071714086842306
22,1561.56,54.711694866229536
22,1565.94,54.38138754872431
22,1570.3100000000002,54.064562178637786
22,1574.6899999999998,53.75983911641904
22,1579.06,53.47811626309134
22,1583.44,53.21821323454501
22,1587.81,52.972924228432426
22,1592.19,52.74185230496886
22,1596.56,52.52918406092108
22,1600.94,52.330553678817296
22,1605.31,52.142774631004144
22,1609.69,51.96545591729224
22,1614.06,51.80047235868304
22,1618.44,51.65344944572846
22,1622.8100000000002,51.52254612848941
22,1627.1899999999998,51.4050326968414
22,1631.56,51.30122875355714
22,1635.94,51.211150432193776
22,1640.31,51.13479589221092
22,1644.69,51.075101230208986
22,1649.06,51.03578449537076
22,1653.44,51.01751425041135
22,1657.81,51.01830742128186
22,1662.19,51.033769286877416
22,1666.56,51.05880892837317
22,1670.94,51.09082470676326
22,1675.3100000000002,51.132648145021996
22,1679.6899999999998,51.190684326800415
22,1684.06,51.26883661100876
22,1688.44,51.367866779489304
22,1692.81,51.48860773587359
22,1697.19,51.629087161611054
22,1701.56,51.784545049297684
22,1705.94,51.95045506301965
22,1710.31,52.12099528692099
22,1714.69,52.28206293084916
22,1719.06,52.426155441151124
22,1723.44,52.55957488977686
22,1727.8100000000002,52.683525784135256
22,1732.1899999999998,52.80300454129252
22,1736.5600000000002,52.93997199462438
22,1740.9399999999998,53.10717571803176
22,1745.31,53.3035806560249
22,1749.69,53.51857787241381
22,1754.06,53.7335882545095
22,1758.44,53.94154998306069
22,1762.81,54.13529582401594
22,1767.19,54.31515932695259
22,1771.56,54.47051941921248
22,1775.94,54.601265290381974
22,1780.31,54.713312100624975
22,1784.69,54.7965810760238
22,1789.0600000000002,54.84622731434986
22,1999.06,93.18427154414974
22,2003.4399999999998,91.47653448525763
22,2007.8100000000002,89.82932582030713
22,2012.1899999999998,88.96632458250713
22,2016.5600000000002,88.19004332970324
22,2020.94,87.43947198775311
22,2025.3100000000002,86.79613039357451
22,2029.69,86.1342789071029
22,2034.0600000000002,85.45538523277261
22,2038.44,84.78522351652082
22,2042.8099999999997,84.11698702275777
22,2047.19,83.48564919127602
22,2051.56,82.84199211314555
22,2055.94,82.15454124368972
22,2060.31,81.54314424477582
22,2064.69,80.97152991490593
22,2069.06,80.3547115073327
22,2073.44,79.72743480029891
22,2077.81,79.14783883514036
22,2082.19,78.62096853278453
22,2086.56,78.10857848442707
22,2090.9399999999996,77.58526289254658
22,2095.31,77.04714478463474
22,2099.69,76.50092901304677
22,2104.06,75.98229782221395
22,2108.44,75.51173158327813
22,2112.81,75.06057869467372
22,2117.19,74.61917351983229
22,2121.56,74.19626684128103
22,2125.94,73.778573142167
22,2130.31,73.3507595927808
22,2134.69,72.92028742893083
22,2139.0600000000004,72.4862463320363
22,2143.44,72.0472702464312
22,2147.8100000000004,71.59850909327992
22,2152.19,71.13047545052198
22,2156.56,70.67140356111992
22,2160.94,70.23749881829185
22,2165.31,69.80740318323633
22,2169.69,69.396802149163
22,2174.06,69.0134941490786
22,2178.44,68.6414149158475
22,2182.81,68.26905209707974
22,2187.19,67.89497208998212
22,2191.56,67.55156225578773
22,2195.9399999999996,67.2437532549142
22,2200.31,66.97896577318106
22,2204.6899999999996,66.78948630651081
22,2209.06,66.67047919455219
22,2213.44,66.60965786649578
22,2217.81,66.6236186168638
22,2222.19,66.73041395383066
22,2226.56,66.90632657999839
22,2230.94,67.10633691557474
22,2235.31,67.3403541786881
22,2239.69,67.66588816965333
22,2244.06,68.11260166541754
22,2248.44,68.66225087830215
22,2252.8100000000004,69.27986820346838
22,2257.19,69.93986199881881
22,2261.56,70.61501688538982
22,2265.94,71.29487989126339
22,2270.31,71.9678418354459
22,2274.69,72.60657839684109
22,2279.06,73.2181355525077
22,2283.44,73.85320129543015
22,2287.81,74.54420632617288
22,2292.19,75.29267015787975
22,2296.56,76.06404900198379
22,2300.94,76.75973893498309
22,2305.31,77.31054135455719
22,2309.6899999999996,77.68603238988334
22,2314.06,77.91396239102907
22,2318.44,78.11662119106957
22,2322.81,78.4225752984065
22,2327.19,78.83660001193279
22,2331.56,79.32114332755336
22,2335.94,79.90949966887916
22,2340.31,80.67992369039226
22,2344.69,81.582976150597
22,2349.06,82.5320640794237
22,2353.44,83.55768505973283
22,2357.8100000000004,84.50401886268256
22,2362.19,85.3005163274111
22,2366.5600000000004,86.09384750664924
22,2370.94,87.02072486905182
22,2375.31,87.94861758247166
22,2379.69,88.77209678065292
22,2384.06,89.55799952668882
22,2388.44,90.25308038830677
22,2392.81,90.84085013330096
22,2397.19,91.42267491209508
22,2401.56,92.00702308241762
22,2405.94,92.65132028145952
22,2410.31,93.53022702573448
22,2414.6899999999996,94.68116049335414
22,2419.06,95.6629437896649
22,2423.4399999999996,96.18644757657326
22,2427.81,96.75692850735672
22,2432.19,97.63612892025581
22,2436.56,98.79278339733214
22,2440.94,99.88754096314973
22,2445.31,102.02937596523579
22,2449.69,106.70154644110437
22,2454.06,107.98449687321788
22,2458.44,106.92335720215897
22,2462.81,108.01562069557032
22,2467.19,111.71781288417155
22,2471.5600000000004,119.434590520066
25,402.188,89.51307323411024
25,406.56199999999995,88.4825747239807
25,410.93800000000005,87.06979227642435
25,415.313,85.57782991031222
25,419.68699999999995,84.21478732207109
25,424.06300000000005,83.03466740660926
25,428.438,81.97652392293664
25,432.813,81.01450183495876
25,437.18800000000005,80.15348479472124
25,441.563,79.30884731595377
25,445.938,78.43080213154417
25,450.31300000000005,77.55162857464141
25,454.688,76.73054937975894
25,459.063,76.02755837059266
25,463.438,75.47716729145665
25,467.813,75.04428224073165
25,472.187,74.66639392185587
25,476.562,74.30882354151754
25,480.938,73.90811505655259
25,485.313,73.3199161448613
25,489.688,72.41285803657563
25,494.063,71.12767547662696
25,498.438,69.34797420324924
25,502.812,67.01333423264279
25,507.188,64.31163316125247
25,511.563,61.44922430883681
25,515.937,58.585815352819225
25,520.313,56.068511946794764
25,524.687,54.13909785967038
25,529.062,52.73150801618895
25,533.438,51.74163761215739
25,537.813,51.06059654167502
25,542.188,50.579879116639994
25,546.563,50.23425344625488
25,550.938,50.01171440403138
25,555.312,49.94063719053728
25,559.688,50.05521113382769
25,564.063,50.36176595055184
25,568.438,50.84188192169332
25,572.813,51.4487482552312
25,577.187,52.083938143077056
25,581.562,52.65127673842254
25,585.938,53.11465855245407
25,590.313,53.48381407302125
25,594.688,53.767630579770355
25,599.063,54.011122237852774
25,603.438,54.3125222324897
25,607.812,54.74646058762275
25,612.188,55.311150332127625
25,616.563,55.919078502110196
25,620.937,56.43679795768753
25,625.312,56.7906578113307
25,629.687,57.04395608423189
25,634.063,57.37732835915894
25,638.437,57.97296472844388
25,642.813,58.89368847164215
25,647.188,60.050382233822205
25,651.563,61.276942438273316
25,655.938,62.559192897376526
25,660.313,64.03120288410892
25,664.687,65.6264354805776
25,669.063,66.98832364869459
25,673.438,67.65415947622915
25,677.813,67.22832728407234
25,682.187,65.23739734058755
25,686.562,61.24703882874927
25,690.937,56.109403571527906
25,695.312,51.60674220611878
25,699.688,48.30249526328754
25,704.063,46.00207054573083
25,708.438,44.46327016013922
25,712.813,43.41919318224807
25,717.187,42.6447240197116
25,721.563,42.08096644476479
25,725.938,41.729555566725466
25,730.313,41.5219086925046
25,734.687,41.3940316762336
25,739.063,41.31002065272457
25,743.437,41.260731985517545
25,747.812,41.24040791038095
25,752.188,41.23844559914714
25,756.563,41.24770472865129
25,760.938,41.26633286759385
25,765.313,41.279012642883195
25,769.688,41.277367626511385
25,774.063,41.2728593310917
25,778.438,41.265701881247594
25,782.813,41.25439710215984
25,787.188,41.24083463220032
25,791.563,41.225209937330604
25,795.937,41.20858623409786
25,800.312,41.1928925383828
25,804.688,41.17869443113488
25,809.063,41.16945264175575
25,813.438,41.16548463332211
25,817.813,41.15830687820749
25,822.188,41.142767269122885
25,826.5630000000001,41.12392278815295
25,830.937,41.104008035567304
25,835.313,41.08250714021475
25,839.688,41.06143620069392
25,844.063,41.0426243073614
25,848.437,41.026861609574844
25,852.812,41.01342240941428
25,857.187,41.001265754714346
25,861.563,40.990527882282954
25,865.938,40.981007024804754
25,870.313,40.97253922280565
25,874.687,40.96542566122739
25,879.063,40.9601335531738
25,883.437,40.95746628227293
25,887.813,40.95912147846817
25,892.188,40.967232547245295
25,896.562,40.98030055977458
25,900.938,40.99066121910028
25,905.312,40.99539820899461
25,909.6880000000001,40.99879356635709
25,914.062,40.998964802216435
25,918.438,40.99427750046824
25,922.813,40.99082830570527
25,927.188,40.99276521300328
25,931.563,40.99958999633638
25,935.937,41.007453540030205
25,940.312,41.000197278819265
25,944.688,40.965427457699505
25,949.063,40.90709756390968
25,953.438,40.84622541633555
25,957.812,40.80297122240712
25,962.187,40.778947818310066
25,966.562,40.76577688470493
25,970.938,40.759560018730994
25,975.313,40.758760651852114
25,979.688,40.75995913326133
25,984.063,40.7629684126451
25,988.438,40.771639502081534
25,992.812,40.786917195574055
25,997.188,40.8059114740901
25,1001.5600000000001,40.827437653702745
25,1005.94,40.85052023095782
25,1010.3100000000001,40.873039000504406
25,1014.69,40.89552950202495
25,1019.0600000000001,40.92073712824724
25,1023.4399999999999,40.94902214159374
25,1027.81,40.976949308311205
25,1032.19,41.0013257845337
25,1036.56,41.02264425087434
25,1040.94,41.043043495485776
25,1045.31,41.06202534012145
25,1049.69,41.077592367463986
25,1054.06,41.089181780095316
25,1058.44,41.09803353164837
25,1062.81,41.1057028322008
25,1067.19,41.11308918086497
25,1071.5600000000002,41.12030372447553
25,1075.9399999999998,41.12742208270971
25,1080.3100000000002,41.1353931510069
25,1084.6899999999998,41.14465579537287
25,1089.06,41.15482945198924
25,1093.44,41.1666636142256
25,1097.81,41.17916256462812
25,1102.19,41.1887187249727
25,1106.56,41.194352811700526
25,1110.94,41.19985450308437
25,1115.31,41.20957954802383
25,1119.69,41.22541672153115
25,1124.06,41.238700259833145
25,1128.44,41.227237171797
25,1132.8100000000002,41.19150110553993
25,1137.1899999999998,41.15299280197953
25,1141.56,41.11582679105291
25,1145.94,41.08058888436212
25,1150.31,41.08007555356015
25,1154.69,41.10372746850398
25,1159.06,41.128672231810896
25,1163.44,41.15275957986498
25,1167.81,41.17598717107308
25,1172.19,41.19929560103036
25,1176.56,41.22605501043273
25,1180.94,41.256890254732674
25,1185.3100000000002,41.28717527660643
25,1189.6899999999998,41.31147207471595
25,1194.06,41.330098027041515
25,1198.44,41.346418430366114
25,1202.81,41.35833310457974
25,1207.19,41.362202154905084
25,1211.56,41.35801712122714
25,1215.94,41.346792425733085
25,1220.31,41.332564434843825
25,1224.69,41.31879678825959
25,1229.06,41.30679549186533
25,1233.44,41.29739323429775
25,1237.8100000000002,41.290944156130465
25,1242.1899999999998,41.28849166926838
25,1246.56,41.290953735819855
25,1250.94,41.29767814621929
25,1255.31,41.30820063603787
25,1259.69,41.3240177361237
25,1264.06,41.34433859163559
25,1268.44,41.36198573387732
25,1272.81,41.3719819474215
25,1277.19,41.37939702752114
25,1281.56,41.3903523064061
25,1285.94,41.40731192685531
25,1290.3100000000002,41.43018942661666
25,1294.6899999999998,41.45742912351787
25,1299.0600000000002,41.48848277859346
25,1303.4399999999998,41.524651778699386
25,1307.81,41.57022205307424
25,1312.19,41.631439367487985
25,1316.56,41.71178309139872
25,1320.94,41.80935948917261
25,1325.31,41.92123221707858
25,1329.69,42.06146573030036
25,1334.06,42.24596575686767
25,1338.44,42.417892231227576
25,1342.81,42.53537958950145
25,1347.19,42.615227015631206
25,1500.31,59.98411170152451
25,1504.69,59.20357283690927
25,1509.0600000000002,58.44197938614032
25,1513.4399999999998,57.727586737428474
25,1517.8100000000002,57.02901247135733
25,1522.1899999999998,56.37455585931418
25,1526.56,55.765937316866555
25,1530.94,55.184812836524685
25,1535.31,54.63813996039404
25,1539.69,54.1240925302369
25,1544.06,53.637202945398435
25,1548.44,53.182719708607465
25,1552.81,52.76079513856081
25,1557.19,52.36589262924439
25,1561.56,52.00396025791407
25,1565.94,51.67218868996891
25,1570.3100000000002,51.35422132439748
25,1574.6899999999998,51.04740491347706
25,1579.06,50.76241236568762
25,1583.44,50.49889235576441
25,1587.81,50.25061277328847
25,1592.19,50.01769263642847
25,1596.56,49.80463373374106
25,1600.94,49.60649122967111
25,1605.31,49.418578667659375
25,1609.69,49.239398034635414
25,1614.06,49.071446493832845
25,1618.44,48.92201534389902
25,1622.8100000000002,48.78966915274954
25,1627.1899999999998,48.67102929383847
25,1631.56,48.56663952773325
25,1635.94,48.477026669674096
25,1640.31,48.40260364524168
25,1644.69,48.34584989272981
25,1649.06,48.30831749594322
25,1653.44,48.28882242909058
25,1657.81,48.284399026568344
25,1662.19,48.290515715065425
25,1666.56,48.30312509475385
25,1670.94,48.32218325164573
25,1675.3100000000002,48.352447456727035
25,1679.6899999999998,48.40075983034154
25,1684.06,48.47153492860595
25,1688.44,48.566245848474274
25,1692.81,48.6858461756411
25,1697.19,48.827704336158966
25,1701.56,48.98604267780505
25,1705.94,49.15566970478765
25,1710.31,49.330990498656405
25,1714.69,49.49896069322954
25,1719.06,49.65257962373465
25,1723.44,49.79764539654519
25,1727.8100000000002,49.93342379038398
25,1732.1899999999998,50.06420206831057
25,1736.5600000000002,50.213449146372135
25,1740.9399999999998,50.394518286161095
25,1745.31,50.60504481820969
25,1749.69,50.8331115837325
25,1754.06,51.05961953778176
25,1758.44,51.27834090818752
25,1762.81,51.48281054183765
25,1767.19,51.67336305831712
25,1771.56,51.83968691207643
25,1775.94,51.98189708917913
25,1780.31,52.10453213374699
25,1784.69,52.195783480868926
25,1789.0600000000002,52.25068425890136
25,1999.06,88.34986661667685
25,2003.4399999999998,86.81767177550648
25,2007.8100000000002,85.36250900626989
25,2012.1899999999998,84.64409730301725
25,2016.5600000000002,83.9954649234123
25,2020.94,83.32211937768193
25,2025.3100000000002,82.74000490237934
25,2029.69,82.15305181248776
25,2034.0600000000002,81.54747001386313
25,2038.44,80.93516207067105
25,2042.8099999999997,80.31447957708309
25,2047.19,79.72920086622295
25,2051.56,79.13958412051073
25,2055.94,78.51240304646221
25,2060.31,77.95087341074859
25,2064.69,77.42327584942313
25,2069.06,76.85331004022109
25,2073.44,76.27651664980277
25,2077.81,75.74732061504656
25,2082.19,75.26677847408423
25,2086.56,74.79940327764226
25,2090.9399999999996,74.32223796559867
25,2095.31,73.83032096887548
25,2099.69,73.33149537666229
25,2104.06,72.85846620025876
25,2108.44,72.4279120693545
25,2112.81,72.01330015156182
25,2117.19,71.60728451075462
25,2121.56,71.21920714397622
25,2125.94,70.83419837419368
25,2130.31,70.43428366457569
25,2134.69,70.02789720084365
25,2139.0600000000004,69.61630814392484
25,2143.44,69.19769974152821
25,2147.8100000000004,68.76647174477807
25,2152.19,68.31393003639164
25,2156.56,67.86798119067751
25,2160.94,67.44647422843283
25,2165.31,67.03153465795417
25,2169.69,66.63723244556952
25,2174.06,66.26842649892907
25,2178.44,65.91167857419332
25,2182.81,65.55651911853366
25,2187.19,65.19700055255304
25,2191.56,64.86091451587825
25,2195.9399999999996,64.55567710130164
25,2200.31,64.29468996515044
25,2204.6899999999996,64.11369095345879
25,2209.06,64.00524037180652
25,2213.44,63.95080018577423
25,2217.81,63.9663902641925
25,2222.19,64.07246896882084
25,2226.56,64.24096435457678
25,2230.94,64.42080943365382
25,2235.31,64.62148786823154
25,2239.69,64.90386765172765
25,2244.06,65.30079440875774
25,2248.44,65.79469721414671
25,2252.8100000000004,66.3499981598017
25,2257.19,66.94324960780122
25,2261.56,67.55315127719427
25,2265.94,68.1727992161994
25,2270.31,68.78899768950724
25,2274.69,69.37403025408385
25,2279.06,69.93338896220045
25,2283.44,70.51363389199011
25,2287.81,71.14797805429032
25,2292.19,71.84008192160653
25,2296.56,72.55469463858189
25,2300.94,73.19608456400397
25,2305.31,73.70013907369862
25,2309.6899999999996,74.03864960650422
25,2314.06,74.2355165846931
25,2318.44,74.40371767361347
25,2322.81,74.66887518440194
25,2327.19,75.03739052506806
25,2331.56,75.47175795091725
25,2335.94,76.00555782293429
25,2340.31,76.71534655877093
25,2344.69,77.55517314266494
25,2349.06,78.44589959876737
25,2353.44,79.41893490562202
25,2357.8100000000004,80.32641494279703
25,2362.19,81.09783374592402
25,2366.5600000000004,81.86833627067726
25,2370.94,82.76196998870432
25,2375.31,83.64728008076725
25,2379.69,84.40851575541343
25,2384.06,85.095016952737
25,2388.44,85.68685936020191
25,2392.81,86.19736590460705
25,2397.19,86.71119549695338
25,2401.56,87.22648371776047
25,2405.94,87.80413827249093
25,2410.31,88.61339818165828
25,2414.6899999999996,89.65521143294325
25,2419.06,90.4549273833622
25,2423.4399999999996,90.81591430514187
25,2427.81,91.26049844402037
25,2432.19,92.00023426130137
25,2436.56,92.9875762690938
25,2440.94,93.95690656524997
25,2445.31,95.98261466865054
25,2449.69,100.45235922361346
25,2454.06,101.56035455154446
25,2458.44,100.36727644303987
25,2462.81,101.26187658399152
25,2467.19,104.68066448588765
25,2471.5600000000004,111.91465555437514
27,402.188,97.25111433353666
27,406.56199999999995,96.27599099421269
27,410.93800000000005,94.93463936075341
27,415.313,93.49162077377466
27,419.68699999999995,92.10927902110055
27,424.06300000000005,90.84717239084577
27,428.438,89.66302330580591
27,432.813,88.56923010271886
27,437.18800000000005,87.62096607524913
27,441.563,86.73858427048039
27,445.938,85.84972540091175
27,450.31300000000005,84.97299697164213
27,454.688,84.16953153128767
27,459.063,83.50158813977228
27,463.438,83.00329735325937
27,467.813,82.63754390171711
27,472.187,82.33695894426408
27,476.562,82.05953782851503
27,480.938,81.72485925126398
27,485.313,81.17286206233517
27,489.688,80.25775056755242
27,494.063,78.89488803290718
27,498.438,76.93061969990242
27,502.812,74.2680193519129
27,507.188,71.08951602408744
27,511.563,67.6363485335044
27,515.937,64.13184873349155
27,520.313,61.030980507465735
27,524.687,58.65499622785744
27,529.062,56.93322128625393
27,533.438,55.73555221932263
27,537.813,54.92260092859751
27,542.188,54.35585598026053
27,546.563,53.95053809119285
27,550.938,53.691753705229814
27,555.312,53.61900084084841
27,559.688,53.7775876254449
27,564.063,54.17731815941611
27,568.438,54.80155324393839
27,572.813,55.59730062088224
27,577.187,56.439735558237544
27,581.562,57.21004069293366
27,585.938,57.87346255319663
27,590.313,58.435313455105245
27,594.688,58.87727564554383
27,599.063,59.250576038455485
27,603.438,59.70478950312539
27,607.812,60.35796807429438
27,612.188,61.213221881746094
27,616.563,62.14506206810565
27,620.937,62.95914973711374
27,625.312,63.54701987441932
27,629.687,63.99380109880883
27,634.063,64.55878822077443
27,638.437,65.5223307342657
27,642.813,66.99001636382134
27,647.188,68.82177822484853
27,651.563,70.75203190090559
27,655.938,72.75621677164862
27,660.313,75.0305907652049
27,664.687,77.46846869037557
27,669.063,79.5604525745875
27,673.438,80.67212667235621
27,677.813,80.26898450089631
27,682.187,77.66542246433546
27,686.562,72.06882149023929
27,690.937,64.41178921519015
27,695.312,57.49313885659354
27,699.688,52.57661345728347
27,704.063,49.40501663482083
27,708.438,47.45791707660847
27,712.813,46.243051542239556
27,717.187,45.41725666548567
27,721.563,44.88030657884043
27,725.938,44.62736866383664
27,730.313,44.571661443115254
27,734.687,44.607816910110785
27,739.063,44.66188582321394
27,743.437,44.70117395713453
27,747.812,44.724732186843816
27,752.188,44.74497334240487
27,756.563,44.77455941043239
27,760.938,44.81709289847825
27,765.313,44.835414509167855
27,769.688,44.82235989132782
27,774.063,44.81197844464325
27,778.438,44.807272966925744
27,782.813,44.803430014768736
27,787.188,44.79987476287707
27,791.563,44.79368759650502
27,795.937,44.784887963130885
27,800.312,44.77659201661732
27,804.688,44.770065942247015
27,809.063,44.77175533749045
27,813.438,44.783157150967206
27,817.813,44.78950896828987
27,822.188,44.77936784606229
27,826.5630000000001,44.760628150766586
27,830.937,44.73852705488213
27,835.313,44.71334415498938
27,839.688,44.68854823242485
27,844.063,44.667101342859375
27,848.437,44.65080628446626
27,852.812,44.638782082830176
27,857.187,44.628413613814736
27,861.563,44.61951426027863
27,865.938,44.612671925146444
27,870.313,44.60789387178403
27,874.687,44.605340986634914
27,879.063,44.605532168068926
27,883.437,44.6091916559191
27,887.813,44.61874731968309
27,892.188,44.6381908556105
27,896.562,44.66575191238114
27,900.938,44.68845825624489
27,905.312,44.7010077990753
27,909.6880000000001,44.71190028434059
27,914.062,44.719100008633234
27,918.438,44.71855806788963
27,922.813,44.71854601235237
27,927.188,44.72555107985065
27,931.563,44.73941903601239
27,935.937,44.757146055727574
27,940.312,44.76071960390441
27,944.688,44.74130392086267
27,949.063,44.709167472398434
27,953.438,44.67690407781092
27,957.812,44.65108135288888
27,962.187,44.63153167386151
27,966.562,44.617758856653936
27,970.938,44.61212279367401
27,975.313,44.61385221937776
27,979.688,44.616438263573464
27,984.063,44.62294117206139
27,988.438,44.64781808418769
27,992.812,44.69334252231247
27,997.188,44.7437753356359
27,1001.5600000000001,44.78961106986972
27,1005.94,44.829228487636044
27,1010.3100000000001,44.858820459211806
27,1014.69,44.879667393428775
27,1019.0600000000001,44.897932083444914
27,1023.4399999999999,44.9154639225506
27,1027.81,44.93037820553012
27,1032.19,44.94391392693399
27,1036.56,44.959327316816264
27,1040.94,44.97781570903236
27,1045.31,44.99834979133334
27,1049.69,45.01951671636646
27,1054.06,45.03990388850128
27,1058.44,45.05872167811556
27,1062.81,45.0766871368501
27,1067.19,45.095029064909035
27,1071.5600000000002,45.11404314794325
27,1075.9399999999998,45.13345350227697
27,1080.3100000000002,45.15397038252738
27,1084.6899999999998,45.17612235405924
27,1089.06,45.199492432074
27,1093.44,45.225449513703126
27,1097.81,45.25345813780209
27,1102.19,45.27880448278275
27,1106.56,45.299050080722076
27,1110.94,45.31848188353666
27,1115.31,45.34591714543066
27,1119.69,45.39659358624786
27,1124.06,45.48845905995523
27,1128.44,45.58345315382536
27,1132.8100000000002,45.62650060522626
27,1137.1899999999998,45.644786401294375
27,1141.56,45.658897831575004
27,1145.94,45.686422562725696
27,1150.31,45.74873022330778
27,1154.69,45.81379123008572
27,1159.06,45.866070974417354
27,1163.44,45.91483003041579
27,1167.81,45.966613958243975
27,1172.19,46.02451521037622
27,1176.56,46.09191571203291
27,1180.94,46.168393645069656
27,1185.3100000000002,46.24566578170894
27,1189.6899999999998,46.31130196878899
27,1194.06,46.362470161534006
27,1198.44,46.40417155715665
27,1202.81,46.433742353331695
27,1207.19,46.445386125385376
27,1211.56,46.439402814087956
27,1215.94,46.42014453259118
27,1220.31,46.39852069612973
27,1224.69,46.38290947827525
27,1229.06,46.37345705791579
27,1233.44,46.36853462243729
27,1237.8100000000002,46.36823203135977
27,1242.1899999999998,46.37353847513257
27,1246.56,46.38489096020821
27,1250.94,46.40237636710872
27,1255.31,46.426967027118835
27,1259.69,46.46052860210628
27,1264.06,46.501149233682156
27,1268.44,46.53959327156643
27,1272.81,46.56967307198316
27,1277.19,46.598579638793275
27,1281.56,46.636233958920634
27,1285.94,46.68617084564243
27,1290.3100000000002,46.7479102188429
27,1294.6899999999998,46.82166326810231
27,1299.0600000000002,46.90972578490629
27,1303.4399999999998,47.01688955043393
27,1307.81,47.15095202870746
27,1312.19,47.32032809854231
27,1316.56,47.5283741652294
27,1320.94,47.76776350024174
27,1325.31,48.03143738349599
27,1329.69,48.35121503340651
27,1334.06,48.7564939261466
27,1338.44,49.12115664139557
27,1342.81,49.3640647294921
27,1347.19,49.52523899208974
27,1500.31,83.12883242329684
27,1504.69,81.66880084870238
27,1509.0600000000002,80.2369779321094
27,1513.4399999999998,78.88804836101208
27,1517.8100000000002,77.5631440985666
27,1522.1899999999998,76.31639053095036
27,1526.56,75.15304811737018
27,1530.94,74.03904220711905
27,1535.31,72.98766994340598
27,1539.69,71.99604407657081
27,1544.06,71.05481523138727
27,1548.44,70.17479780668741
27,1552.81,69.35738449191236
27,1557.19,68.59247303807014
27,1561.56,67.89229315200845
27,1565.94,67.25101356917936
27,1570.3100000000002,66.6350619182848
27,1574.6899999999998,66.03807878416863
27,1579.06,65.48008309466961
27,1583.44,64.96117968980757
27,1587.81,64.47028272314174
27,1592.19,64.00780076886328
27,1596.56,63.582886212073454
27,1600.94,63.18716992248159
27,1605.31,62.812670720318295
27,1609.69,62.456503316100864
27,1614.06,62.122585516471254
27,1618.44,61.8247452242715
27,1622.8100000000002,61.5612610089845
27,1627.1899999999998,61.32610081095605
27,1631.56,61.118774474159
27,1635.94,60.93905681707928
27,1640.31,60.786681276470524
27,1644.69,60.66774316058926
27,1649.06,60.590635866429096
27,1653.44,60.55689713630574
27,1657.81,60.560957189578545
27,1662.19,60.592488917965746
27,1666.56,60.6413672199284
27,1670.94,60.705392341597396
27,1675.3100000000002,60.79701646829911
27,1679.6899999999998,60.93423460980806
27,1684.06,61.12433709343479
27,1688.44,61.366355641159245
27,1692.81,61.660646655113425
27,1697.19,62.00164112723544
27,1701.56,62.374190609398326
27,1705.94,62.76048966002023
27,1710.31,63.141254574919614
27,1714.69,63.48398452310244
27,1719.06,63.774328821071244
27,1723.44,64.02760753077553
27,1727.8100000000002,64.25220650314525
27,1732.1899999999998,64.46751073722999
27,1736.5600000000002,64.72502004519022
27,1740.9399999999998,65.05582309978
27,1745.31,65.45731697507293
27,1749.69,65.90029695219826
27,1754.06,66.33912893228853
27,1758.44,66.75609359931475
27,1762.81,67.13658040223999
27,1767.19,67.48142489760194
27,1771.56,67.772268307072
27,1775.94,68.01228956442085
27,1780.31,68.21643853545743
27,1784.69,68.37058295047332
27,1789.0600000000002,68.46485289350296
27,1999.06,128.7895479148417
27,2003.4399999999998,126.45459518952727
27,2007.8100000000002,124.35147267372628
27,2012.1899999999998,123.45134063191719
27,2016.5600000000002,122.70029819844852
27,2020.94,121.83643024453691
27,2025.3100000000002,121.02329856736573
27,2029.69,120.17244968262084
27,2034.0600000000002,119.27374112647033
27,2038.44,118.33626901135116
27,2042.8099999999997,117.357139985901
27,2047.19,116.42602978449442
27,2051.56,115.49676776542756
27,2055.94,114.51367816620903
27,2060.31,113.63192172842345
27,2064.69,112.78704743317907
27,2069.06,111.85480970828515
27,2073.44,110.90848043155657
27,2077.81,110.04072436751393
27,2082.19,109.260191829053
27,2086.56,108.51344072196537
27,2090.9399999999996,107.74385534524333
27,2095.31,106.92549142178925
27,2099.69,106.08779013264977
27,2104.06,105.29567469007297
27,2108.44,104.57055402974025
27,2112.81,103.87415685195585
27,2117.19,103.1970600571688
27,2121.56,102.54555135270154
27,2125.94,101.876003821292
27,2130.31,101.15758975858691
27,2134.69,100.4382933808635
27,2139.0600000000004,99.73383868132869
27,2143.44,99.01700455653095
27,2147.8100000000004,98.26497853345367
27,2152.19,97.46926847508661
27,2156.56,96.68373930816647
27,2160.94,95.93780992687356
27,2165.31,95.19372192197139
27,2169.69,94.48136267359428
27,2174.06,93.81599645427396
27,2178.44,93.17517351328144
27,2182.81,92.54184919972069
27,2187.19,91.89459779358444
27,2191.56,91.27652759720026
27,2195.9399999999996,90.70691316484064
27,2200.31,90.22126596432963
27,2204.6899999999996,89.90160639547462
27,2209.06,89.72550869854855
27,2213.44,89.63509122976669
27,2217.81,89.6714351074992
27,2222.19,89.88764906572808
27,2226.56,90.21131110951139
27,2230.94,90.53579515463117
27,2235.31,90.89034133111883
27,2239.69,91.39392712375214
27,2244.06,92.10229621165995
27,2248.44,92.97554754471453
27,2252.8100000000004,93.93369582895532
27,2257.19,94.93135037786246
27,2261.56,95.93956248561486
27,2265.94,96.95336705828552
27,2270.31,97.96242801609965
27,2274.69,98.9144215900451
27,2279.06,99.8059076944602
27,2283.44,100.73296867303978
27,2287.81,101.77187088129243
27,2292.19,102.91022014967224
27,2296.56,104.054060205728
27,2300.94,105.03401467424783
27,2305.31,105.77563528444058
27,2309.6899999999996,106.27198930008905
27,2314.06,106.55005984600201
27,2318.44,106.76757152367531
27,2322.81,107.14233862980538
27,2327.19,107.69395385530751
27,2331.56,108.35191700188915
27,2335.94,109.18582030764321
27,2340.31,110.31851164008559
27,2344.69,111.64441313200206
27,2349.06,113.0499810555085
27,2353.44,114.61476915258284
27,2357.8100000000004,116.08481898413999
27,2362.19,117.33823379065507
27,2366.5600000000004,118.57367687288249
27,2370.94,119.9566890101328
27,2375.31,121.28919384789026
27,2379.69,122.42076119340999
27,2384.06,123.44332371401909
27,2388.44,124.31790472056139
27,2392.81,125.04680151604614
27,2397.19,125.74439449910079
27,2401.56,126.38825503888935
27,2405.94,127.04820449601004
27,2410.31,127.95473414832796
27,2414.6899999999996,129.12342390739184
27,2419.06,130.13770393809423
27,2423.4399999999996,130.72049692363765
27,2427.81,131.3341721017687
27,2432.19,132.25879663229398
27,2436.56,133.49068129280332
27,2440.94,134.6513874221838
27,2445.31,136.69036363450252
27,2449.69,140.61203049222922
27,2454.06,141.2581126538386
27,2458.44,140.27600807049726
27,2462.81,141.2964515038735
27,2467.19,144.37739173108454
27,2471.5600000000004,150.4075683948447
30,402.188,91.20755062213806
30,406.56199999999995,90.25746370430282
30,410.93800000000005,88.98096180398042
30,415.313,87.6697110974909
30,419.68699999999995,86.5082445967917
30,424.06300000000005,85.5399117061528
30,428.438,84.71497784507159
30,432.813,83.99494290191497
30,437.18800000000005,83.34888941181127
30,441.563,82.6926610357468
30,445.938,81.9813416793841
30,450.31300000000005,81.2399115946691
30,454.688,80.52445744548817
30,459.063,79.89410962840012
30,463.438,79.38658282264602
30,467.813,78.97821459878438
30,472.187,78.61637592514938
30,476.562,78.27327428138717
30,480.938,77.89387964370587
30,485.313,77.3464846041578
30,489.688,76.50911198081147
30,494.063,75.32197683072431
30,498.438,73.65949724087906
30,502.812,71.4367202073102
30,507.188,68.80447476102502
30,511.563,65.9481458092783
30,515.937,63.028094791490155
30,520.313,60.416402216833895
30,524.687,58.38923219701498
30,529.062,56.89678661538026
30,533.438,55.83793189899436
30,537.813,55.100950079943566
30,542.188,54.57201701486555
30,546.563,54.18213382231416
30,550.938,53.9181537873039
30,555.312,53.80885307847115
30,559.688,53.88995465454837
30,564.063,54.16980129153741
30,568.438,54.631225380517314
30,572.813,55.226658662208074
30,577.187,55.85345048507983
30,581.562,56.41123973752278
30,585.938,56.863688497037835
30,590.313,57.21925343486012
30,594.688,57.48442028974606
30,599.063,57.70863230040128
30,603.438,57.99971582273843
30,607.812,58.438523923686404
30,612.188,59.02077020955859
30,616.563,59.64819030192564
30,620.937,60.17541725745199
30,625.312,60.52393669247571
30,629.687,60.764429804653055
30,634.063,61.09249887371464
30,638.437,61.70188029176197
30,642.813,62.652080736372554
30,647.188,63.83736411542371
30,651.563,65.0778069784968
30,655.938,66.3543254662161
30,660.313,67.78645870909732
30,664.687,69.29049069749455
30,669.063,70.5221332894517
30,673.438,71.07054593560026
30,677.813,70.59718685397218
30,682.187,68.64929652160333
30,686.562,64.70495006576925
30,690.937,59.432962482467886
30,695.312,54.6596154649616
30,699.688,51.16414576404239
30,704.063,48.82216359926196
30,708.438,47.340838943080364
30,712.813,46.38954944233306
30,717.187,45.70734288611446
30,721.563,45.218779197820155
30,725.938,44.941348778378945
30,730.313,44.83458265811674
30,734.687,44.83631195885063
30,739.063,44.896502774571246
30,743.437,44.98195186503391
30,747.812,45.069270034810536
30,752.188,45.1472020416446
30,756.563,45.219846012766624
30,760.938,45.30270573719394
30,765.313,45.37581467433284
30,769.688,45.41086498389126
30,774.063,45.42954027433337
30,778.438,45.44069391219519
30,782.813,45.44397573141497
30,787.188,45.442357351847996
30,791.563,45.43714374090342
30,795.937,45.42936617003193
30,800.312,45.421221936409594
30,804.688,45.41408339387693
30,809.063,45.41130799449636
30,813.438,45.41355320326378
30,817.813,45.413615495007186
30,822.188,45.40601153384631
30,826.5630000000001,45.39466791200418
30,830.937,45.382146828807315
30,835.313,45.36831828813536
30,839.688,45.35471824023381
30,844.063,45.34288509654384
30,848.437,45.33372583601207
30,852.812,45.3266857278289
30,857.187,45.320370032959936
30,861.563,45.31471349391562
30,865.938,45.30995477871439
30,870.313,45.30606022160482
30,874.687,45.30309450599105
30,879.063,45.301291941400436
30,883.437,45.30120504870386
30,887.813,45.30443098648224
30,892.188,45.31313791473857
30,896.562,45.32615918995581
30,900.938,45.336640086565026
30,905.312,45.34206261336848
30,909.6880000000001,45.346723573676904
30,914.062,45.349150823695894
30,918.438,45.34766123967949
30,922.813,45.347548424982946
30,927.188,45.35240214639316
30,931.563,45.36234441281627
30,935.937,45.377390094549995
30,940.312,45.386599141394015
30,944.688,45.38226183884363
30,949.063,45.37213767656759
30,953.438,45.36478108858854
30,957.812,45.36518980135332
30,962.187,45.36961990497168
30,966.562,45.37271599134574
30,970.938,45.375285093580445
30,975.313,45.378412759328256
30,979.688,45.37868288870148
30,984.063,45.3770941944747
30,988.438,45.38071053679279
30,992.812,45.39046584255946
30,997.188,45.39944025637397
30,1001.5600000000001,45.404247054767914
30,1005.94,45.40622493729706
30,1010.3100000000001,45.40685343869931
30,1014.69,45.406604024036874
30,1019.0600000000001,45.40623989918572
30,1023.4399999999999,45.406584890275845
30,1027.81,45.40707579284069
30,1032.19,45.40808010683349
30,1036.56,45.41164044715733
30,1040.94,45.418597816495726
30,1045.31,45.427581218925994
30,1049.69,45.436875268783254
30,1054.06,45.445306391035864
30,1058.44,45.45247492216981
30,1062.81,45.45870247397706
30,1067.19,45.46455152905727
30,1071.5600000000002,45.47046715876092
30,1075.9399999999998,45.47686814845282
30,1080.3100000000002,45.48457867621961
30,1084.6899999999998,45.49378968924654
30,1089.06,45.50381135085278
30,1093.44,45.51560596273106
30,1097.81,45.52952862746748
30,1102.19,45.543275575779866
30,1106.56,45.55527989747908
30,1110.94,45.567428232158576
30,1115.31,45.5843259938311
30,1119.69,45.614793904936576
30,1124.06,45.67039719846305
30,1128.44,45.73546548563388
30,1132.8100000000002,45.784050735745154
30,1137.1899999999998,45.82442495781997
30,1141.56,45.86395190002261
30,1145.94,45.93418198579274
30,1150.31,46.049714997183166
30,1154.69,46.14680169538449
30,1159.06,46.20927652280453
30,1163.44,46.2531531057454
30,1167.81,46.28814491923791
30,1172.19,46.319101527311716
30,1176.56,46.35081971293036
30,1180.94,46.38549441547517
30,1185.3100000000002,46.41998066010257
30,1189.6899999999998,46.448354236883496
30,1194.06,46.46871780843932
30,1198.44,46.48239047806458
30,1202.81,46.48732685665156
30,1207.19,46.4815920138438
30,1211.56,46.46620640058365
30,1215.94,46.44277676416734
30,1220.31,46.41577464363962
30,1224.69,46.388635085395904
30,1229.06,46.362765640685396
30,1233.44,46.33926515676192
30,1237.8100000000002,46.318498513939616
30,1242.1899999999998,46.30118183457756
30,1246.56,46.28843672525065
30,1250.94,46.280598140554154
30,1255.31,46.27807683661984
30,1259.69,46.28243690332016
30,1264.06,46.293455498261544
30,1268.44,46.30638480040418
30,1272.81,46.318107955745404
30,1277.19,46.33274311260262
30,1281.56,46.355411153380444
30,1285.94,46.388068500937315
30,1290.3100000000002,46.43094140780441
30,1294.6899999999998,46.48431442263908
30,1299.0600000000002,46.54878422632092
30,1303.4399999999998,46.62552029717772
30,1307.81,46.716855717108885
30,1312.19,46.82392664002858
30,1316.56,46.945565369841816
30,1320.94,47.07958901798815
30,1325.31,47.22535522284927
30,1329.69,47.39857162775967
30,1334.06,47.612889275368644
30,1338.44,47.803920969631605
30,1342.81,47.931687099774926
30,1347.19,48.01835394916033
30,1500.31,61.54126089112846
30,1504.69,60.93047553711306
30,1509.0600000000002,60.33786427669215
30,1513.4399999999998,59.785013238862994
30,1517.8100000000002,59.247063120748955
30,1522.1899999999998,58.74527609289659
30,1526.56,58.279961397651014
30,1530.94,57.83635773480581
30,1535.31,57.41963383997747
30,1539.69,57.02831034659113
30,1544.06,56.65796783713438
30,1548.44,56.31214764694097
30,1552.81,55.990448048934525
30,1557.19,55.688099987764474
30,1561.56,55.409665751600365
30,1565.94,55.15364945125564
30,1570.3100000000002,54.908547807360804
30,1574.6899999999998,54.67284901988393
30,1579.06,54.454657912026065
30,1583.44,54.25332080164173
30,1587.81,54.063941318657214
30,1592.19,53.886545198189815
30,1596.56,53.72422791120959
30,1600.94,53.57250177684681
30,1605.31,53.42754212053904
30,1609.69,53.28828418117174
30,1614.06,53.157370153895776
30,1618.44,53.04087416254536
30,1622.8100000000002,52.93778450004023
30,1627.1899999999998,52.845148960996745
30,1631.56,52.76299173660098
30,1635.94,52.691717769547544
30,1640.31,52.632049749725695
30,1644.69,52.58642132838419
30,1649.06,52.556016170138186
30,1653.44,52.53966871182865
30,1657.81,52.53511395403404
30,1662.19,52.53912160586764
30,1666.56,52.54881622720823
30,1670.94,52.56358875866398
30,1675.3100000000002,52.58535865883138
30,1679.6899999999998,52.618899275635236
30,1684.06,52.66906822336262
30,1688.44,52.73847288633014
30,1692.81,52.828671091247855
30,1697.19,52.93843343068841
30,1701.56,53.063997277452465
30,1705.94,53.201215184524685
30,1710.31,53.34398181696114
30,1714.69,53.479029886413
30,1719.06,53.59893560291622
30,1723.44,53.70893140428532
30,1727.8100000000002,53.81142397336458
30,1732.1899999999998,53.91228319117071
30,1736.5600000000002,54.029604020883035
30,1740.9399999999998,54.17196459816462
30,1745.31,54.3358441118882
30,1749.69,54.511447893690935
30,1754.06,54.684530938627
30,1758.44,54.85139142478488
30,1762.81,55.00839088680198
30,1767.19,55.157147998462584
30,1771.56,55.2894200272626
30,1775.94,55.40397214507973
30,1780.31,55.50354576840627
30,1784.69,55.57812422689262
30,1789.0600000000002,55.62451076962947
30,1999.06,85.71954825933771
30,2003.4399999999998,84.28156683115976
30,2007.8100000000002,82.887346160846
30,2012.1899999999998,82.14738652816338
30,2016.5600000000002,81.49037265978502
30,2020.94,80.855397918885
30,2025.3100000000002,80.30811821903852
30,2029.69,79.75322581606166
30,2034.0600000000002,79.18847219324788
30,2038.44,78.62678271729006
30,2042.8099999999997,78.06304504594107
30,2047.19,77.53437768483887
30,2051.56,77.00343468646437
30,2055.94,76.4405551995202
30,2060.31,75.9407695836422
30,2064.69,75.47496142822382
30,2069.06,74.97709261469171
30,2073.44,74.47982224592322
30,2077.81,74.02496362804698
30,2082.19,73.610909997857
30,2086.56,73.20957384191765
30,2090.9399999999996,72.80303702635837
30,2095.31,72.38610754799163
30,2099.69,71.9649668130376
30,2104.06,71.56637696542649
30,2108.44,71.20347532268212
30,2112.81,70.85646711634872
30,2117.19,70.51978708659979
30,2121.56,70.1986499409805
30,2125.94,69.88027480595663
30,2130.31,69.5516709288798
30,2134.69,69.22145790913477
30,2139.0600000000004,68.88989308342202
30,2143.44,68.55234568332797
30,2147.8100000000004,68.20250965601915
30,2152.19,67.83397134955831
30,2156.56,67.47083136177423
30,2160.94,67.12714182134664
30,2165.31,66.7880248988546
30,2169.69,66.4680335069207
30,2174.06,66.17331578120898
30,2178.44,65.89268834447662
30,2182.81,65.61735292537932
30,2187.19,65.34263384503512
30,2191.56,65.08935610366852
30,2195.9399999999996,64.86120565032513
30,2200.31,64.66575582065707
30,2204.6899999999996,64.53020784766007
30,2209.06,64.45047324061066
30,2213.44,64.41171236497667
30,2217.81,64.42552588573868
30,2222.19,64.50729316947769
30,2226.56,64.63801409101309
30,2230.94,64.7854400755298
30,2235.31,64.95885800701724
30,2239.69,65.19922137920418
30,2244.06,65.52881297983527
30,2248.44,65.93866355306126
30,2252.8100000000004,66.40567627124192
30,2257.19,66.91446110202342
30,2261.56,67.44920057481842
30,2265.94,68.00210433036992
30,2270.31,68.56094623960209
30,2274.69,69.10123607637604
30,2279.06,69.62376816930387
30,2283.44,70.16649816126719
30,2287.81,70.75838551130988
30,2292.19,71.40320362145034
30,2296.56,72.066177570003
30,2300.94,72.65104457113438
30,2305.31,73.09262675058031
30,2309.6899999999996,73.3718542762541
30,2314.06,73.51913879380969
30,2318.44,73.63661947924201
30,2322.81,73.84234501883176
30,2327.19,74.15527671557973
30,2331.56,74.544064156177
30,2335.94,75.02850310271971
30,2340.31,75.6594413422631
30,2344.69,76.38143942184116
30,2349.06,77.1235515582232
30,2353.44,77.92078556206211
30,2357.8100000000004,78.66156001216775
30,2362.19,79.29773091500975
30,2366.5600000000004,79.94441399354878
30,2370.94,80.69935431155328
30,2375.31,81.44903571482402
30,2379.69,82.11132936706352
30,2384.06,82.74002481646208
30,2388.44,83.30118936721979
30,2392.81,83.790740290902
30,2397.19,84.27718363691478
30,2401.56,84.75673154483958
30,2405.94,85.2952923473603
30,2410.31,86.059439626989
30,2414.6899999999996,87.04351725204681
30,2419.06,87.790909240518
30,2423.4399999999996,88.13097404403413
30,2427.81,88.56319688332167
30,2432.19,89.30016775526244
30,2436.56,90.30572444707886
30,2440.94,91.30190077004845
30,2445.31,93.38693091181182
30,2449.69,97.96022682971531
30,2454.06,98.98609041957562
30,2458.44,97.75352336383469
30,2462.81,98.84510878633233
30,2467.19,102.71556373321118
30,2471.5600000000004,110.62553408068061
