species_richness,wavelength_nm,local_mean_spectrum
3,402.188,0.010781536114227492
3,406.56199999999995,0.010816009920090438
3,410.93800000000005,0.010922625589591917
3,415.313,0.01113429407851072
3,419.68699999999995,0.011470359431696124
3,424.06300000000005,0.01194957733474439
3,428.438,0.012598595745512284
3,432.813,0.013377326874178834
3,437.18800000000005,0.014164948474499396
3,441.563,0.014912065747776069
3,445.938,0.015598181914538146
3,450.31300000000005,0.016189815637189894
3,454.688,0.016678400498931295
3,459.063,0.01706864151987247
3,463.438,0.017363399614114313
3,467.813,0.017580619108630343
3,472.187,0.01774743018322624
3,476.562,0.017886567318928428
3,480.938,0.01803083445469383
3,485.313,0.018241897846455687
3,489.688,0.01858320732950233
3,494.063,0.01909670585533604
3,498.438,0.019865289513836613
3,502.812,0.021006677767145446
3,507.188,0.022589345152373427
3,511.563,0.024699227202218024
3,515.937,0.027473609698936342
3,520.313,0.030765482361894102
3,524.687,0.034119782481575385
3,529.062,0.03722599508473649
3,533.438,0.03985512083861977
3,537.813,0.0419241647538729
3,542.188,0.043526303940452635
3,546.563,0.044744890658184884
3,550.938,0.04553192861843854
3,555.312,0.04572384811472148
3,559.688,0.04519040542189032
3,564.063,0.043974060316104444
3,568.438,0.042233409138862046
3,572.813,0.040218275499064475
3,577.187,0.03829551432747394
3,581.562,0.036719970267731696
3,585.938,0.03551664819708094
3,590.313,0.03460528958356008
3,594.688,0.03392680202960037
3,599.063,0.03335639489232563
3,603.438,0.03268710957840085
3,607.812,0.031793908855179326
3,612.188,0.03072806901182048
3,616.563,0.029681395671796052
3,620.937,0.028857647988479583
3,625.312,0.028320950472261755
3,629.687,0.027953144549392163
3,634.063,0.02751861287979409
3,638.437,0.026819934450322762
3,642.813,0.02584653107682243
3,647.188,0.024755562238860874
3,651.563,0.023720821985043584
3,655.938,0.022754253435414283
3,660.313,0.02179527091793716
3,664.687,0.020922419887501747
3,669.063,0.02029584256291855
3,673.438,0.020045417649089358
3,677.813,0.02027494099223986
3,682.187,0.021250751565094105
3,686.562,0.023734150954987855
3,690.937,0.028965833039255814
3,695.312,0.03782829978736117
3,699.688,0.050544648729264736
3,704.063,0.06660104665439576
3,708.438,0.08442752205301077
3,712.813,0.10319742019288242
3,717.187,0.12455421259626746
3,721.563,0.14943426677957178
3,725.938,0.1747431696485728
3,730.313,0.19770349577069282
3,734.687,0.2165273296646774
3,739.063,0.2312969391606748
3,743.437,0.2427373752743006
3,747.812,0.25114459374919534
3,752.188,0.2569292540289462
3,756.563,0.2609146020561457
3,760.938,0.2643512050621212
3,765.313,0.2673326415009797
3,769.688,0.2690101042762399
3,774.063,0.2699735550954938
3,778.438,0.270688075106591
3,782.813,0.27123744117096066
3,787.188,0.27168585622683167
3,791.563,0.272081144079566
3,795.937,0.2724351831153035
3,800.312,0.27275559037923813
3,804.688,0.27304799627512694
3,809.063,0.27332897981628773
3,813.438,0.2736240060813725
3,817.813,0.27391181809827686
3,822.188,0.27411485390737655
3,826.5630000000001,0.27421570174396037
3,830.937,0.274266799390316
3,835.313,0.27433855928480627
3,839.688,0.2744730557128787
3,844.063,0.2746629715897143
3,848.437,0.27488774210214617
3,852.812,0.27512852247804404
3,857.187,0.2753537885658443
3,861.563,0.2755456954799593
3,865.938,0.2757177765853703
3,870.313,0.27587292129173874
3,874.687,0.27599762262776495
3,879.063,0.2760858254134655
3,883.437,0.2761371580138803
3,887.813,0.27616261299699546
3,892.188,0.2761816978827119
3,896.562,0.2761903308145702
3,900.938,0.2761520762369037
3,905.312,0.2760629119724035
3,909.6880000000001,0.27592196479439735
3,914.062,0.2756681486777961
3,918.438,0.27528235802426937
3,922.813,0.2748332315310836
3,927.188,0.2743297948874533
3,931.563,0.2735078368708491
3,935.937,0.27153167191892863
3,940.312,0.26874283226206896
3,944.688,0.26579936655238273
3,949.063,0.2619092155247927
3,953.438,0.2574356524087489
3,957.812,0.2533478629589081
3,962.187,0.2504736473970115
3,966.562,0.2489151661284268
3,970.938,0.2482245898991823
3,975.313,0.24805620089173316
3,979.688,0.2483682916685939
3,984.063,0.24914549006149173
3,988.438,0.25032852409407497
3,992.812,0.25183085702359675
3,997.188,0.25350918428972363
3,1001.5600000000001,0.25529236732050775
3,1005.94,0.2572017029672861
3,1010.3100000000001,0.25921147245913745
3,1014.69,0.2612402657233179
3,1019.0600000000001,0.2632391850650311
3,1023.4399999999999,0.2651841615140438
3,1027.81,0.267038418892771
3,1032.19,0.26877032317221167
3,1036.56,0.2703687833622098
3,1040.94,0.2718160241656005
3,1045.31,0.27309526171535253
3,1049.69,0.27420962020754813
3,1054.06,0.27515207406133413
3,1058.44,0.27591269174590705
3,1062.81,0.2764976942539215
3,1067.19,0.2769227931462228
3,1071.5600000000002,0.27719624010846017
3,1075.9399999999998,0.2773148799687624
3,1080.3100000000002,0.2772746496833861
3,1084.6899999999998,0.2770724618062377
3,1089.06,0.2767229092307389
3,1093.44,0.27624832786619663
3,1097.81,0.27564863247796895
3,1102.19,0.2749191515147686
3,1106.56,0.27410850998014213
3,1110.94,0.27330988463014366
3,1115.31,0.27246213058009744
3,1119.69,0.27102414932101965
3,1124.06,0.2673994368314743
3,1128.44,0.2608544138073921
3,1132.8100000000002,0.253331347964704
3,1137.1899999999998,0.2461833735741675
3,1141.56,0.23918556675314903
3,1145.94,0.22954854844138026
3,1150.31,0.21930505596101285
3,1154.69,0.2131423136033118
3,1159.06,0.2099952877126634
3,1163.44,0.2082283484749496
3,1167.81,0.20709429401904345
3,1172.19,0.20626779595389963
3,1176.56,0.20557757360860707
3,1180.94,0.2049155305325985
3,1185.3100000000002,0.20427341751754283
3,1189.6899999999998,0.203772368747741
3,1194.06,0.20353857887908816
3,1198.44,0.203645710516721
3,1202.81,0.20412172997370362
3,1207.19,0.2049259204789996
3,1211.56,0.20603199722245336
3,1215.94,0.2073987820930779
3,1220.31,0.20891060709953307
3,1224.69,0.21047697545960545
3,1229.06,0.21201908646151424
3,1233.44,0.2134648317284882
3,1237.8100000000002,0.21478924181312323
3,1242.1899999999998,0.21600378468632697
3,1246.56,0.21711715085431935
3,1250.94,0.21810045566409827
3,1255.31,0.21891266994178296
3,1259.69,0.21953693106770517
3,1264.06,0.21994209730997683
3,1268.44,0.2200286389514804
3,1272.81,0.21972831133753062
3,1277.19,0.21907089274376632
3,1281.56,0.21806339235976338
3,1285.94,0.2167055642232299
3,1290.3100000000002,0.21497880583629012
3,1294.6899999999998,0.2127891049347818
3,1299.0600000000002,0.21007275005802512
3,1303.4399999999998,0.2068209849111736
3,1307.81,0.2029988817498088
3,1312.19,0.19852840142324568
3,1316.56,0.1934561137109995
3,1320.94,0.18816428516060113
3,1325.31,0.1829388534463942
3,1329.69,0.1772038867417723
3,1334.06,0.170485168620944
3,1338.44,0.1647401963081211
3,1342.81,0.16095173358917236
3,1347.19,0.15839966318570078
3,1500.31,0.049053194418083874
3,1504.69,0.050695977082941684
3,1509.0600000000002,0.05242191552883014
3,1513.4399999999998,0.054164922486525026
3,1517.8100000000002,0.055994794964790345
3,1522.1899999999998,0.05783318951027468
3,1526.56,0.05966573191806674
3,1530.94,0.06153427680954337
3,1535.31,0.06340328556019813
3,1539.69,0.06527136031538248
3,1544.06,0.06715178981889039
3,1548.44,0.06900961313396692
3,1552.81,0.07082575427833944
3,1557.19,0.07261375007685274
3,1561.56,0.07434141385834664
3,1565.94,0.07601833129767328
3,1570.3100000000002,0.07772198972292245
3,1574.6899999999998,0.07944224758539349
3,1579.06,0.08109679194632918
3,1583.44,0.08268708080053329
3,1587.81,0.08425279550720007
3,1592.19,0.08579066774342209
3,1596.56,0.08727142207790166
3,1600.94,0.08872397311031818
3,1605.31,0.09014835616573691
3,1609.69,0.09151583532802761
3,1614.06,0.09280480476096273
3,1618.44,0.09399224872235208
3,1622.8100000000002,0.09510397742502391
3,1627.1899999999998,0.09614231952466071
3,1631.56,0.09707999066449702
3,1635.94,0.09790854427032172
3,1640.31,0.09863423786126077
3,1644.69,0.09923538932576775
3,1649.06,0.09967454966157675
3,1653.44,0.09995298203080892
3,1657.81,0.1001090146228671
3,1662.19,0.10019320252351463
3,1666.56,0.10022645591758192
3,1670.94,0.10016775184310972
3,1675.3100000000002,0.0999442772846669
3,1679.6899999999998,0.09951461576856672
3,1684.06,0.09889664315618575
3,1688.44,0.09812821454368531
3,1692.81,0.09722272519022226
3,1697.19,0.09619431539438665
3,1701.56,0.09508100717328488
3,1705.94,0.09392312827520072
3,1710.31,0.09275496291462332
3,1714.69,0.09165142730809749
3,1719.06,0.09064827705267817
3,1723.44,0.08971176884137094
3,1727.8100000000002,0.08886009198613465
3,1732.1899999999998,0.0880740554165095
3,1736.5600000000002,0.08720708487555384
3,1740.9399999999998,0.08617220589891077
3,1745.31,0.08496486983727664
3,1749.69,0.08365128013305366
3,1754.06,0.08235484211239964
3,1758.44,0.08113542445469647
3,1762.81,0.08005114683881402
3,1767.19,0.07910067442338914
3,1771.56,0.07833127415739
3,1775.94,0.07771596826612949
3,1780.31,0.07718592094257475
3,1784.69,0.07676894780714065
3,1789.0600000000002,0.07649328254628926
3,1999.06,0.02236392465682002
3,2003.4399999999998,0.02297492836107267
3,2007.8100000000002,0.02374607236153679
3,2012.1899999999998,0.02440406994195655
3,2016.5600000000002,0.025178363271988927
3,2020.94,0.025843314699595794
3,2025.3100000000002,0.026325223626336082
3,2029.69,0.026776239215396343
3,2034.0600000000002,0.027217734018922784
3,2038.44,0.02764457746758126
3,2042.8099999999997,0.028073075776337646
3,2047.19,0.028493351722718215
3,2051.56,0.028951058058883063
3,2055.94,0.029483008929528296
3,2060.31,0.02999672997975722
3,2064.69,0.03049474384461064
3,2069.06,0.031022989314515144
3,2073.44,0.03154282836650964
3,2077.81,0.03203139307734091
3,2082.19,0.032512945482740176
3,2086.56,0.03301198559056502
3,2090.9399999999996,0.03351405522902496
3,2095.31,0.03400766735430807
3,2099.69,0.03451085409964435
3,2104.06,0.035013085954124105
3,2108.44,0.035488478390034287
3,2112.81,0.03595084286294878
3,2117.19,0.03641270860796794
3,2121.56,0.0368724890134763
3,2125.94,0.03731403447221965
3,2130.31,0.03772584609221667
3,2134.69,0.0381205779640004
3,2139.0600000000004,0.038515760687878355
3,2143.44,0.03890551756485365
3,2147.8100000000004,0.03929471077513881
3,2152.19,0.0396990887389984
3,2156.56,0.0400898253347259
3,2160.94,0.04044810460647568
3,2165.31,0.040795271068345754
3,2169.69,0.04112835734384134
3,2174.06,0.041445816720370204
3,2178.44,0.04175938213826157
3,2182.81,0.0420790217386093
3,2187.19,0.04239498182432726
3,2191.56,0.04266654971172102
3,2195.9399999999996,0.04290045558358543
3,2200.31,0.04312339967465959
3,2204.6899999999996,0.04332828651298769
3,2209.06,0.04349229005165398
3,2213.44,0.04359462204156443
3,2217.81,0.043630158833693714
3,2222.19,0.043589437555056065
3,2226.56,0.043437228490365666
3,2230.94,0.04313888957956806
3,2235.31,0.04269091371330433
3,2239.69,0.04211868361220695
3,2244.06,0.04144927184912376
3,2248.44,0.04070627801353112
3,2252.8100000000004,0.03992063643177971
3,2257.19,0.03911240845103748
3,2261.56,0.038307352057890966
3,2265.94,0.03753678803914227
3,2270.31,0.0368191967299208
3,2274.69,0.03614837707602419
3,2279.06,0.03549861220642924
3,2283.44,0.03484393781516701
3,2287.81,0.03417079265695065
3,2292.19,0.03346134525490925
3,2296.56,0.032733727047452706
3,2300.94,0.03207655286067165
3,2305.31,0.03155444192700088
3,2309.6899999999996,0.03117633662535809
3,2314.06,0.03089448291109875
3,2318.44,0.030617816809681245
3,2322.81,0.030286338939331473
3,2327.19,0.029908046578639186
3,2331.56,0.029497948145726694
3,2335.94,0.029065164692583495
3,2340.31,0.028621440773131324
3,2344.69,0.028215180565603078
3,2349.06,0.027879132994567044
3,2353.44,0.027582510738866403
3,2357.8100000000004,0.027334526880295015
3,2362.19,0.02712145983532537
3,2366.5600000000004,0.026892233483376913
3,2370.94,0.026610049351584165
3,2375.31,0.02631586067203898
3,2379.69,0.02602048839384224
3,2384.06,0.02565936645725742
3,2388.44,0.0252565338666318
3,2392.81,0.02488758488849271
3,2397.19,0.02455196093360428
3,2401.56,0.02423269201972289
3,2405.94,0.02389295265369583
3,2410.31,0.023519030589668546
3,2414.6899999999996,0.023077343368786387
3,2419.06,0.022565634791972114
3,2423.4399999999996,0.02220094632648397
3,2427.81,0.021934575631166808
3,2432.19,0.021617865393636748
3,2436.56,0.021187284722400362
3,2440.94,0.020825324748584534
3,2445.31,0.02039252231246792
3,2449.69,0.019530815438120044
3,2454.06,0.019051449677735945
3,2458.44,0.01903803153136323
3,2462.81,0.01885913214446191
3,2467.19,0.018436506181751612
3,2471.5600000000004,0.017639397851380637
5,402.188,0.009343254470149987
5,406.56199999999995,0.009386334219016135
5,410.93800000000005,0.00949686590989586
5,415.313,0.009697353183291853
5,419.68699999999995,0.009993406350258738
5,424.06300000000005,0.010387129895971157
5,428.438,0.010888745972770265
5,432.813,0.011464593650889582
5,437.18800000000005,0.012030143856536597
5,441.563,0.012558591081760823
5,445.938,0.013043590694433078
5,450.31300000000005,0.013465362064307556
5,454.688,0.013816435646731406
5,459.063,0.014096795152290724
5,463.438,0.014307328439317644
5,467.813,0.01446307027770672
5,472.187,0.01458713941334281
5,476.562,0.01469702141766902
5,480.938,0.014815984858432784
5,485.313,0.01499165031942539
5,489.688,0.015276264731073751
5,494.063,0.015709038717322984
5,498.438,0.016368113675853238
5,502.812,0.017364050849573688
5,507.188,0.01876660161302425
5,511.563,0.02066225161892362
5,515.937,0.023183498681755735
5,520.313,0.026202783370390535
5,524.687,0.02930640710517764
5,529.062,0.032206474274862555
5,533.438,0.034683623374439775
5,537.813,0.03665082013001666
5,542.188,0.038185184141621
5,546.563,0.03935766383074224
5,550.938,0.040122783021070065
5,555.312,0.04033076328691095
5,559.688,0.039860332084354015
5,564.063,0.03874935491709039
5,568.438,0.037148516974411905
5,572.813,0.0352956753061153
5,577.187,0.033532451232895256
5,581.562,0.032092554706614464
5,585.938,0.0309970779530704
5,590.313,0.030170026642736048
5,594.688,0.029555697503965347
5,599.063,0.029041551512200385
5,603.438,0.028440212134737523
5,607.812,0.027636722496245058
5,612.188,0.026675861665280534
5,616.563,0.025731623468454926
5,620.937,0.024990959155838936
5,625.312,0.024513449288206174
5,629.687,0.02418868587585166
5,634.063,0.023795770527794958
5,638.437,0.023151464466936885
5,642.813,0.02225037632044405
5,647.188,0.021244630855508147
5,651.563,0.020298476222669705
5,655.938,0.019421454719267785
5,660.313,0.018554741961415856
5,664.687,0.017769974325201474
5,669.063,0.017214208474615588
5,673.438,0.01700424810347613
5,677.813,0.01723307101347018
5,682.187,0.01814851155737415
5,686.562,0.0204601475270465
5,690.937,0.025304368388606235
5,695.312,0.03344454372301698
5,699.688,0.045016939104534685
5,704.063,0.059512513470835984
5,708.438,0.07550786677747964
5,712.813,0.09227355229668319
5,717.187,0.11129161708056927
5,721.563,0.13341315671801568
5,725.938,0.1559114286582917
5,730.313,0.17634157173335552
5,734.687,0.1931187992542982
5,739.063,0.20629779374226928
5,743.437,0.21649982446804641
5,747.812,0.22399080088362097
5,752.188,0.22915796210989356
5,756.563,0.23275093227624893
5,760.938,0.2359140328876674
5,765.313,0.23872596196830273
5,769.688,0.24034731375053525
5,774.063,0.24130132060498
5,778.438,0.24202320795506238
5,782.813,0.24258882235735654
5,787.188,0.24305781019851566
5,791.563,0.24347934301942586
5,795.937,0.24386539056897164
5,800.312,0.24421999422833324
5,804.688,0.24454591557383537
5,809.063,0.24485714530572295
5,813.438,0.24518171813338996
5,817.813,0.2455055683478713
5,822.188,0.24575073251500726
5,826.5630000000001,0.24589594276621937
5,830.937,0.2459927018173039
5,835.313,0.24610706746578218
5,839.688,0.24627662025392055
5,844.063,0.24649439064785839
5,848.437,0.24674230260774493
5,852.812,0.24700554367154837
5,857.187,0.24725648218765856
5,861.563,0.24747800305485726
5,865.938,0.24768255081027746
5,870.313,0.2478709035180509
5,874.687,0.2480306227505207
5,879.063,0.24816055761650205
5,883.437,0.24826074343174695
5,887.813,0.24833679681643844
5,892.188,0.2484052981249988
5,896.562,0.2484702845849097
5,900.938,0.24850294910371304
5,905.312,0.24848626988008618
5,909.6880000000001,0.24841840634122492
5,914.062,0.2482519724778831
5,918.438,0.2479620916955173
5,922.813,0.24760087313130497
5,927.188,0.2471793046593666
5,931.563,0.24647073920816184
5,935.937,0.24474600957706572
5,940.312,0.2423096955381334
5,944.688,0.23974786328151823
5,949.063,0.23637214448302984
5,953.438,0.2324945315346122
5,957.812,0.22896053737029434
5,962.187,0.22649791235104202
5,966.562,0.2251905719935894
5,970.938,0.22464052269235255
5,975.313,0.22455142268911005
5,979.688,0.22488961046561598
5,984.063,0.22564202047884463
5,988.438,0.22676625834777953
5,992.812,0.22818043997511267
5,997.188,0.22973512515425681
5,1001.5600000000001,0.23136127637699247
5,1005.94,0.23308671850711107
5,1010.3100000000001,0.23489534182474017
5,1014.69,0.23671962732449173
5,1019.0600000000001,0.23851866530254484
5,1023.4399999999999,0.2402700927481055
5,1027.81,0.24193825846537947
5,1032.19,0.24349076436832548
5,1036.56,0.24491693699732422
5,1040.94,0.2462072610296309
5,1045.31,0.24735264359042047
5,1049.69,0.24835700998082758
5,1054.06,0.24921436879783868
5,1058.44,0.24991595782339573
5,1062.81,0.25046691520139575
5,1067.19,0.25087990740314126
5,1071.5600000000002,0.2511598746292293
5,1075.9399999999998,0.2513021655194461
5,1080.3100000000002,0.2513029800914228
5,1084.6899999999998,0.2511598975025117
5,1089.06,0.2508850148692727
5,1093.44,0.2504977458715439
5,1097.81,0.2500006343983114
5,1102.19,0.24939402787014842
5,1106.56,0.2487219139933586
5,1110.94,0.24806168327108025
5,1115.31,0.2473599550127983
5,1119.69,0.24615449737757444
5,1124.06,0.2430525434948504
5,1128.44,0.237352510150522
5,1132.8100000000002,0.23070304756984114
5,1137.1899999999998,0.22432514922693372
5,1141.56,0.21804509308189154
5,1145.94,0.20939368003979325
5,1150.31,0.2002346464060247
5,1154.69,0.19477320013567806
5,1159.06,0.19203022290021182
5,1163.44,0.19053281674161554
5,1167.81,0.18961253196001052
5,1172.19,0.1889763030782342
5,1176.56,0.18846897676587104
5,1180.94,0.18799005329608917
5,1185.3100000000002,0.18752250846475363
5,1189.6899999999998,0.18716191267594695
5,1194.06,0.18701867261901498
5,1198.44,0.18716502072289587
5,1202.81,0.1876240457780659
5,1207.19,0.18835038920864464
5,1211.56,0.18931707752868532
5,1215.94,0.19049169918522238
5,1220.31,0.19178202925249935
5,1224.69,0.19311893820762635
5,1229.06,0.19444338206201792
5,1233.44,0.19569842107594013
5,1237.8100000000002,0.19686117075383663
5,1242.1899999999998,0.19793799897655845
5,1246.56,0.198933207411319
5,1250.94,0.19981741124764085
5,1255.31,0.20055029110983014
5,1259.69,0.20111439479514956
5,1264.06,0.20148038430139423
5,1268.44,0.201556664891541
5,1272.81,0.20128045916557313
5,1277.19,0.20068011466413738
5,1281.56,0.19976441241800785
5,1285.94,0.19853511976078153
5,1290.3100000000002,0.1969763521105051
5,1294.6899999999998,0.1950030540674925
5,1299.0600000000002,0.1925576064735651
5,1303.4399999999998,0.18963253255933524
5,1307.81,0.18619615158997477
5,1312.19,0.1821764521766454
5,1316.56,0.17761406834237278
5,1320.94,0.17285483493469656
5,1325.31,0.16815806251950563
5,1329.69,0.16300456477329134
5,1334.06,0.15696457125246524
5,1338.44,0.15179717062041165
5,1342.81,0.14838849667459728
5,1347.19,0.14609139581210911
5,1500.31,0.046379827854689214
5,1504.69,0.04794203732861206
5,1509.0600000000002,0.04958453950937838
5,1513.4399999999998,0.051245014222804454
5,1517.8100000000002,0.052989090653136374
5,1522.1899999999998,0.05474099623039365
5,1526.56,0.05648656498640776
5,1530.94,0.058266081884503364
5,1535.31,0.0600466713681817
5,1539.69,0.0618274262920022
5,1544.06,0.06362070803996175
5,1548.44,0.06539252111222595
5,1552.81,0.06712395800743252
5,1557.19,0.06882739601191133
5,1561.56,0.07047251476440579
5,1565.94,0.07206976099871099
5,1570.3100000000002,0.07369354716036469
5,1574.6899999999998,0.07533326415345072
5,1579.06,0.07690975458361209
5,1583.44,0.07842498807236552
5,1587.81,0.07991742869839072
5,1592.19,0.08138424737378955
5,1596.56,0.08279694254044444
5,1600.94,0.0841819266276434
5,1605.31,0.08553860539570451
5,1609.69,0.08683989155106246
5,1614.06,0.08806680853012949
5,1618.44,0.08919945884030313
5,1622.8100000000002,0.09026317714247853
5,1627.1899999999998,0.0912594393407926
5,1631.56,0.0921623846143484
5,1635.94,0.09296669320203364
5,1640.31,0.09368217211216688
5,1644.69,0.09428869580850005
5,1649.06,0.09474507011007517
5,1653.44,0.09504478368442505
5,1657.81,0.09521858930122107
5,1662.19,0.09531601263210178
5,1666.56,0.09536828602198512
5,1670.94,0.09535060573369264
5,1675.3100000000002,0.09520014162175357
5,1679.6899999999998,0.09487592394463717
5,1684.06,0.09438843213953078
5,1688.44,0.09376714470796287
5,1692.81,0.09302102177403868
5,1697.19,0.09215647678356617
5,1701.56,0.09120048403739929
5,1705.94,0.09018452756106854
5,1710.31,0.08913700208067894
5,1714.69,0.08812642117030918
5,1719.06,0.08718814209103584
5,1723.44,0.0862905805138871
5,1727.8100000000002,0.08545085658319294
5,1732.1899999999998,0.08465738609433174
5,1736.5600000000002,0.08378402821719647
5,1740.9399999999998,0.0827639352530241
5,1745.31,0.08159654791466892
5,1749.69,0.08033428268972784
5,1754.06,0.0790822047041729
5,1758.44,0.07789168027229607
5,1762.81,0.07681924636941403
5,1767.19,0.07586779097560793
5,1771.56,0.0750926412642002
5,1775.94,0.07447244516573846
5,1780.31,0.07393934193532914
5,1784.69,0.07352040417026728
5,1789.0600000000002,0.07324311122298241
5,1999.06,0.02128271373512689
5,2003.4399999999998,0.021891428355593233
5,2007.8100000000002,0.022656425166060215
5,2012.1899999999998,0.02330247835838236
5,2016.5600000000002,0.02405386143887881
5,2020.94,0.02469647504272871
5,2025.3100000000002,0.025163390330271797
5,2029.69,0.025601567524718122
5,2034.0600000000002,0.0260305862815585
5,2038.44,0.026445085601881146
5,2042.8099999999997,0.026861087306169793
5,2047.19,0.027269933177158236
5,2051.56,0.0277171552577056
5,2055.94,0.028238107474753634
5,2060.31,0.02874117583152838
5,2064.69,0.029229069569846614
5,2069.06,0.029746590962167828
5,2073.44,0.03025623594876379
5,2077.81,0.030736545014660804
5,2082.19,0.03121107756975107
5,2086.56,0.03170336822746322
5,2090.9399999999996,0.032199385790154335
5,2095.31,0.03268846831284464
5,2099.69,0.03318836936727166
5,2104.06,0.03368866349803284
5,2108.44,0.03416452094214037
5,2112.81,0.03463023099466227
5,2117.19,0.03509831063915044
5,2121.56,0.0355662955797743
5,2125.94,0.03601622939808294
5,2130.31,0.03643466881243512
5,2134.69,0.03683192622149363
5,2139.0600000000004,0.03722446593805216
5,2143.44,0.03760780217242427
5,2147.8100000000004,0.03798832502681762
5,2152.19,0.038382258223136886
5,2156.56,0.038762072781100866
5,2160.94,0.039110084457788616
5,2165.31,0.039447329624090345
5,2169.69,0.039770602751523255
5,2174.06,0.04007800240302459
5,2178.44,0.040380388908088205
5,2182.81,0.04068685224978253
5,2187.19,0.04098785515641794
5,2191.56,0.04124450780684128
5,2195.9399999999996,0.041463729036040606
5,2200.31,0.04167238352587446
5,2204.6899999999996,0.041865456504747274
5,2209.06,0.04202174389269203
5,2213.44,0.042121035777963695
5,2217.81,0.042157879383303225
5,2222.19,0.04212256010854617
5,2226.56,0.041980318368878215
5,2230.94,0.04169684992870316
5,2235.31,0.0412692310102284
5,2239.69,0.040723952448461206
5,2244.06,0.04008961079642177
5,2248.44,0.039391100648790596
5,2252.8100000000004,0.03865876097464934
5,2257.19,0.037909420563373715
5,2261.56,0.037163073762785645
5,2265.94,0.03644548686221242
5,2270.31,0.03577258615056053
5,2274.69,0.03514090754790231
5,2279.06,0.034531497600255534
5,2283.44,0.03392335521173664
5,2287.81,0.033303100854391234
5,2292.19,0.03264972634147853
5,2296.56,0.03197139833238907
5,2300.94,0.03134109826409258
5,2305.31,0.030815764123108238
5,2309.6899999999996,0.030409454756882042
5,2314.06,0.03008687139255926
5,2318.44,0.029767814695369453
5,2322.81,0.029404447114793585
5,2327.19,0.029013481613947078
5,2331.56,0.02860608365619555
5,2335.94,0.028183730501914396
5,2340.31,0.027753355815075337
5,2344.69,0.027358430059393868
5,2349.06,0.02702638105256483
5,2353.44,0.026726013929583133
5,2357.8100000000004,0.026471656458452345
5,2362.19,0.026252994105452673
5,2366.5600000000004,0.026018902643118055
5,2370.94,0.02573222048347816
5,2375.31,0.025433806073851883
5,2379.69,0.025133164365543054
5,2384.06,0.024765175124048255
5,2388.44,0.024356837897212245
5,2392.81,0.02398507574980613
5,2397.19,0.023648455775692127
5,2401.56,0.023328555630869233
5,2405.94,0.022986083611031063
5,2410.31,0.022605924670933746
5,2414.6899999999996,0.022155509944423103
5,2419.06,0.021634732655365953
5,2423.4399999999996,0.02126180997816846
5,2427.81,0.020988061394309625
5,2432.19,0.020663457197952085
5,2436.56,0.020221233810298146
5,2440.94,0.01984759136161301
5,2445.31,0.01939969337952789
5,2449.69,0.018505690919118932
5,2454.06,0.018009243072592652
5,2458.44,0.017996957708382978
5,2462.81,0.01780668716324726
5,2467.19,0.017354112207322032
5,2471.5600000000004,0.01650944905217784
7,402.188,0.013335831725853495
7,406.56199999999995,0.013437742814421654
7,410.93800000000005,0.013639039633562788
7,415.313,0.013948276428855023
7,419.68699999999995,0.01435851032321807
7,424.06300000000005,0.01487035963917151
7,428.438,0.015495224270271137
7,432.813,0.016194807012798264
7,437.18800000000005,0.016876686754403635
7,441.563,0.01751817117794417
7,445.938,0.018116432749666275
7,450.31300000000005,0.018648166038328782
7,454.688,0.019103707805043085
7,459.063,0.01948179989005439
7,463.438,0.01977966258302331
7,467.813,0.020011977993417533
7,472.187,0.020205136967124417
7,476.562,0.020379660883918405
7,480.938,0.02056335503817536
7,485.313,0.02081434872583486
7,489.688,0.021195566344540565
7,494.063,0.021752000494161622
7,498.438,0.02257726641604677
7,502.812,0.02380293212365359
7,507.188,0.025506730704801157
7,511.563,0.027785874910186976
7,515.937,0.030793916846159845
7,520.313,0.034375379108823836
7,524.687,0.03803953486960381
7,529.062,0.0414521109405905
7,533.438,0.04436441131401807
7,537.813,0.04668312061578035
7,542.188,0.04850287860725075
7,546.563,0.04990657205227762
7,550.938,0.05084554497152567
7,555.312,0.05115784524008632
7,559.688,0.05071175718214363
7,564.063,0.04954378018155694
7,568.438,0.04781075647100806
7,572.813,0.0457732336036861
7,577.187,0.043820700054056944
7,581.562,0.042227545420173554
7,585.938,0.041026937689166515
7,590.313,0.04013914783950895
7,594.688,0.03949728209758177
7,599.063,0.038964583813212814
7,603.438,0.038323807155247774
7,607.812,0.03744127520825714
7,612.188,0.03636770678451285
7,616.563,0.035307369909714906
7,620.937,0.03448320250026882
7,625.312,0.033968776115216315
7,629.687,0.033631493491120636
7,634.063,0.03320290342904628
7,638.437,0.03246334933442995
7,642.813,0.03141199480043724
7,647.188,0.03023801795905456
7,651.563,0.029139562560012565
7,655.938,0.028121391659369693
7,660.313,0.027106410806300118
7,664.687,0.026183494850993156
7,669.063,0.025538580818101765
7,673.438,0.02532202535076067
7,677.813,0.025656336533138528
7,682.187,0.02685337489936501
7,686.562,0.02977914465824142
7,690.937,0.035763365153688935
7,695.312,0.045590221674647186
7,699.688,0.05925292897503823
7,704.063,0.07601078887935728
7,708.438,0.094113595969975
7,712.813,0.11263959975913167
7,717.187,0.13308437671512366
7,721.563,0.15621735164895653
7,725.938,0.17909776967018842
7,730.313,0.19933405699208379
7,734.687,0.21560486976057291
7,739.063,0.22820723241195082
7,743.437,0.23792325938120484
7,747.812,0.24509617978706955
7,752.188,0.2501032927073538
7,756.563,0.25364989830181
7,760.938,0.25684657705947755
7,765.313,0.25972381960600616
7,769.688,0.26140489131212236
7,774.063,0.26244116101413967
7,778.438,0.26327938059344885
7,782.813,0.26398354277014735
7,787.188,0.264602417293936
7,791.563,0.2651778742112219
7,795.937,0.26571780582889915
7,800.312,0.2662272552214563
7,804.688,0.2667064155265689
7,809.063,0.2671701623313129
7,813.438,0.26766159053891897
7,817.813,0.26817056514322757
7,822.188,0.2685917485319078
7,826.5630000000001,0.26889544634148477
7,830.937,0.26914463337510824
7,835.313,0.2694060109741986
7,839.688,0.2697178755141795
7,844.063,0.2700784817151725
7,848.437,0.27047292213886975
7,852.812,0.2708897176943719
7,857.187,0.2712968702241778
7,861.563,0.27167129633948206
7,865.938,0.27203077863901853
7,870.313,0.2723764639161527
7,874.687,0.27269102385267613
7,879.063,0.27297554664313795
7,883.437,0.27322976883500816
7,887.813,0.2734546497091651
7,892.188,0.2736694406345487
7,896.562,0.2738944945111871
7,900.938,0.27410018660128116
7,905.312,0.2742389584705234
7,909.6880000000001,0.27431896748021245
7,914.062,0.2743107922747731
7,918.438,0.2741676740348339
7,922.813,0.27392090218141674
7,927.188,0.2735881200991571
7,931.563,0.27297724252566696
7,935.937,0.27145234508439897
7,940.312,0.2692747421003878
7,944.688,0.26693671200424435
7,949.063,0.26383420480415226
7,953.438,0.26027773091569545
7,957.812,0.25706172386184334
7,962.187,0.25486034685745834
7,966.562,0.25372643241658804
7,970.938,0.253282230310142
7,975.313,0.2532723761722446
7,979.688,0.2536784733645618
7,984.063,0.25451789040118455
7,988.438,0.25581034887582066
7,992.812,0.2574497076496482
7,997.188,0.25917405197396876
7,1001.5600000000001,0.2608844229206443
7,1005.94,0.2626580343768001
7,1010.3100000000001,0.26450810182839635
7,1014.69,0.26637338880449535
7,1019.0600000000001,0.2682189319655299
7,1023.4399999999999,0.270027542822063
7,1027.81,0.2717639690823853
7,1032.19,0.27339737515896556
7,1036.56,0.27491900922730567
7,1040.94,0.2763148196786642
7,1045.31,0.2775713030062616
7,1049.69,0.2786924725957215
7,1054.06,0.27967126701027156
7,1058.44,0.2804967775382102
7,1062.81,0.2811739848926663
7,1067.19,0.28171693239361045
7,1071.5600000000002,0.2821290351822972
7,1075.9399999999998,0.2824012999422848
7,1080.3100000000002,0.2825290087796748
7,1084.6899999999998,0.2825094708055258
7,1089.06,0.28235341815277937
7,1093.44,0.2820823225565255
7,1097.81,0.28169640304520727
7,1102.19,0.2811856102012098
7,1106.56,0.28058853225782515
7,1110.94,0.27998938284814356
7,1115.31,0.27935643792152404
7,1119.69,0.27827989576384426
7,1124.06,0.27547004437074063
7,1128.44,0.270216053891927
7,1132.8100000000002,0.2640440480969846
7,1137.1899999999998,0.2581248311884701
7,1141.56,0.25227562664076686
7,1145.94,0.2441316646337509
7,1150.31,0.23540164321660995
7,1154.69,0.23011516276746988
7,1159.06,0.22742831276729703
7,1163.44,0.22597045093774795
7,1167.81,0.22510971285402775
7,1172.19,0.22456293931230903
7,1176.56,0.22416938804090022
7,1180.94,0.22381685523316264
7,1185.3100000000002,0.22347432432696224
7,1189.6899999999998,0.2232222855091095
7,1194.06,0.22317028598859906
7,1198.44,0.22340269187465311
7,1202.81,0.22394539145752787
7,1207.19,0.22474373059347272
7,1211.56,0.22576797738671303
7,1215.94,0.22699226219207047
7,1220.31,0.22833762638270855
7,1224.69,0.22974511969834566
7,1229.06,0.23114840080961585
7,1233.44,0.23247766582295298
7,1237.8100000000002,0.2337086832150817
7,1242.1899999999998,0.23485108612105252
7,1246.56,0.23591038934886455
7,1250.94,0.2368596475571394
7,1255.31,0.23766240898519755
7,1259.69,0.23830370122566819
7,1264.06,0.23875438567250967
7,1268.44,0.23892046347260476
7,1272.81,0.23873517520725726
7,1277.19,0.23823061592876912
7,1281.56,0.23742430998012423
7,1285.94,0.23631533997133375
7,1290.3100000000002,0.23487980486825108
7,1294.6899999999998,0.23303085878491403
7,1299.0600000000002,0.23070766385644675
7,1303.4399999999998,0.22789635123685004
7,1307.81,0.22455710547044874
7,1312.19,0.2206034447811544
7,1316.56,0.21606235897168516
7,1320.94,0.21127894368022682
7,1325.31,0.2065200446359813
7,1329.69,0.20125009866431356
7,1334.06,0.1950083708576858
7,1338.44,0.18960591658949852
7,1342.81,0.18599469430744647
7,1347.19,0.18353365633636712
7,1500.31,0.07049824692308902
7,1504.69,0.07241513260174542
7,1509.0600000000002,0.07442606684751808
7,1513.4399999999998,0.07645242884755135
7,1517.8100000000002,0.07857234148308635
7,1522.1899999999998,0.08069262659642845
7,1526.56,0.08279614370316267
7,1530.94,0.0849308150773868
7,1535.31,0.08705610448028893
7,1539.69,0.08917221823241561
7,1544.06,0.09129631347954273
7,1548.44,0.09338920328766108
7,1552.81,0.09542870486155153
7,1557.19,0.09742993662133813
7,1561.56,0.09935859530232846
7,1565.94,0.10122910731472075
7,1570.3100000000002,0.10312929376959801
7,1574.6899999999998,0.10504405970685184
7,1579.06,0.10688007779419423
7,1583.44,0.10864357979968191
7,1587.81,0.11038352038711309
7,1592.19,0.11209890562109649
7,1596.56,0.11375878782942891
7,1600.94,0.11539452001452447
7,1605.31,0.11700153746642172
7,1609.69,0.11854256669990719
7,1614.06,0.1199919237755239
7,1618.44,0.1213267538882792
7,1622.8100000000002,0.12257846346125006
7,1627.1899999999998,0.12374953524209559
7,1631.56,0.12480993543751538
7,1635.94,0.1257515625283122
7,1640.31,0.12658061664551495
7,1644.69,0.12726816395297647
7,1649.06,0.12776526084169745
7,1653.44,0.1280674015171826
7,1657.81,0.1282167823240161
7,1662.19,0.1282801640126854
7,1666.56,0.1283051345963031
7,1670.94,0.12827323304489255
7,1675.3100000000002,0.12811104805208742
7,1679.6899999999998,0.12776265720836819
7,1684.06,0.12723249968141317
7,1688.44,0.12654976645484567
7,1692.81,0.12572385909035802
7,1697.19,0.12476171835325658
7,1701.56,0.12369024783372878
7,1705.94,0.12253884692676366
7,1710.31,0.12133731484413147
7,1714.69,0.12017133016139268
7,1719.06,0.11909331268630922
7,1723.44,0.1180729177966714
7,1727.8100000000002,0.11712946632876992
7,1732.1899999999998,0.11625068999826908
7,1736.5600000000002,0.11529574153013528
7,1740.9399999999998,0.1141846176609397
7,1745.31,0.11290724436752499
7,1749.69,0.11151606402359902
7,1754.06,0.11012746986933053
7,1758.44,0.1088029360678047
7,1762.81,0.10761043231002987
7,1767.19,0.10655608884990216
7,1771.56,0.1057032327260822
7,1775.94,0.10502739476040006
7,1780.31,0.10444974212907254
7,1784.69,0.10399789653718472
7,1789.0600000000002,0.1037018215097487
7,1999.06,0.03905058430857025
7,2003.4399999999998,0.039851119429804384
7,2007.8100000000002,0.04093734739581123
7,2012.1899999999998,0.04194660902256146
7,2016.5600000000002,0.043137910935329274
7,2020.94,0.04411292100558058
7,2025.3100000000002,0.04478473206632771
7,2029.69,0.04539216137956828
7,2034.0600000000002,0.045967056546360255
7,2038.44,0.046501835975795984
7,2042.8099999999997,0.047022802596911786
7,2047.19,0.04753114426974207
7,2051.56,0.048093149145133796
7,2055.94,0.048755532989744096
7,2060.31,0.04939944026293233
7,2064.69,0.050020658979192376
7,2069.06,0.050668408162891865
7,2073.44,0.051296367251779884
7,2077.81,0.05188909462885931
7,2082.19,0.0524850567127578
7,2086.56,0.05311049493029714
7,2090.9399999999996,0.05373385719489306
7,2095.31,0.05433500661281869
7,2099.69,0.0549466749606654
7,2104.06,0.055565016604959966
7,2108.44,0.05615661264630035
7,2112.81,0.056735588037408885
7,2117.19,0.0573191785113886
7,2121.56,0.05790593375917524
7,2125.94,0.058461750622373077
7,2130.31,0.05896101038670167
7,2134.69,0.05942868090467528
7,2139.0600000000004,0.0598939345870167
7,2143.44,0.060346984369680286
7,2147.8100000000004,0.060795009844005106
7,2152.19,0.06126116701867432
7,2156.56,0.061711003454402086
7,2160.94,0.062121661324054
7,2165.31,0.06251805752050131
7,2169.69,0.06289714541751891
7,2174.06,0.06325599144212901
7,2178.44,0.06360694081056863
7,2182.81,0.06396216752007604
7,2187.19,0.06430554598104209
7,2191.56,0.06458728824742138
7,2195.9399999999996,0.06482264827471226
7,2200.31,0.06505951010156423
7,2204.6899999999996,0.06530346548184753
7,2209.06,0.06551547876559198
7,2213.44,0.06565389930736273
7,2217.81,0.06571837868075818
7,2222.19,0.06570104340557009
7,2226.56,0.06552771053742618
7,2230.94,0.06511756571009755
7,2235.31,0.06447195618413389
7,2239.69,0.0636642274679616
7,2244.06,0.06275833658874035
7,2248.44,0.0617883795266971
7,2252.8100000000004,0.06078559618908912
7,2257.19,0.059762991913594306
7,2261.56,0.05874354704283178
7,2265.94,0.05776939396047965
7,2270.31,0.05686709456844255
7,2274.69,0.05602427823236212
7,2279.06,0.05521103664766997
7,2283.44,0.054407674612011764
7,2287.81,0.0536012619943358
7,2292.19,0.05275156229035929
7,2296.56,0.051852652123197916
7,2300.94,0.0509959236998111
7,2305.31,0.05026900524972007
7,2309.6899999999996,0.04970337013946846
7,2314.06,0.049254600014537575
7,2318.44,0.04882080424344167
7,2322.81,0.048347443214152006
7,2327.19,0.04784601264167577
7,2331.56,0.04732095579849556
7,2335.94,0.046791786930989475
7,2340.31,0.04629306142916903
7,2344.69,0.045878257150761784
7,2349.06,0.04557338282931596
7,2353.44,0.04534236965235323
7,2357.8100000000004,0.04516898083733395
7,2362.19,0.045015339013189076
7,2366.5600000000004,0.04482844193000347
7,2370.94,0.044574019606225194
7,2375.31,0.044289426670875404
7,2379.69,0.04396668107481674
7,2384.06,0.04351112993434072
7,2388.44,0.04296209155349061
7,2392.81,0.04244753950857558
7,2397.19,0.041981824524700645
7,2401.56,0.0415320339857135
7,2405.94,0.041042520581977444
7,2410.31,0.04051967800478451
7,2414.6899999999996,0.03990030282875523
7,2419.06,0.039111617524176835
7,2423.4399999999996,0.038513240199536086
7,2427.81,0.038090222134487706
7,2432.19,0.037602569732116536
7,2436.56,0.03693010773160495
7,2440.94,0.0363887285173405
7,2445.31,0.03587331692804582
7,2449.69,0.03484227026230655
7,2454.06,0.03398822837974876
7,2458.44,0.03374891952844337
7,2462.81,0.033483118024887515
7,2467.19,0.03304825090162922
7,2471.5600000000004,0.0323080797860166
10,402.188,0.013951410453300924
10,406.56199999999995,0.014041233388707042
10,410.93800000000005,0.014240806503221393
10,415.313,0.014562664196128026
10,419.68699999999995,0.014981521669542417
10,424.06300000000005,0.015478118092287331
10,428.438,0.016055642411811278
10,432.813,0.01668511875788681
10,437.18800000000005,0.01730231081601232
10,441.563,0.017907439345726743
10,445.938,0.01851118328049779
10,450.31300000000005,0.01908653091057204
10,454.688,0.019602906880900262
10,459.063,0.020037097703898325
10,463.438,0.020375020621577276
10,467.813,0.020636892511975022
10,472.187,0.02086031509563327
10,476.562,0.02106914373114705
10,480.938,0.021297810688847677
10,485.313,0.02163296876125969
10,489.688,0.022181223963852973
10,494.063,0.023033225226681678
10,498.438,0.024352914245100693
10,502.812,0.026353601859882475
10,507.188,0.02914476705947891
10,511.563,0.03284511024598032
10,515.937,0.03764944307273254
10,520.313,0.043270914927124975
10,524.687,0.0489330859715119
10,529.062,0.05413945644628257
10,533.438,0.05853198957629502
10,537.813,0.061976234363391995
10,542.188,0.0646146233426407
10,546.563,0.06658257704693823
10,550.938,0.0678385633137077
10,555.312,0.0681776241865009
10,559.688,0.06742549251299351
10,564.063,0.0656370905134827
10,568.438,0.06302755190525204
10,572.813,0.059958047568798065
10,577.187,0.05699110217858106
10,581.562,0.05453878329601139
10,585.938,0.052658981205895544
10,590.313,0.05123537308070809
10,594.688,0.050175247830338776
10,599.063,0.04927935435436666
10,603.438,0.0482124216388911
10,607.812,0.04675831126514822
10,612.188,0.0449873794708401
10,616.563,0.043219145422335715
10,620.937,0.04181461120955646
10,625.312,0.0409045300190337
10,629.687,0.04029472629772499
10,634.063,0.039568178937770426
10,638.437,0.03835565186105669
10,642.813,0.0366059535718523
10,647.188,0.03457764284918085
10,651.563,0.032586506374645975
10,655.938,0.03065861251670867
10,660.313,0.028678218272980303
10,664.687,0.02680922349449247
10,669.063,0.025393982025561854
10,673.438,0.02472095008706674
10,677.813,0.025019203717820345
10,682.187,0.02680718705058098
10,686.562,0.03140207833610475
10,690.937,0.040590231618843974
10,695.312,0.054994214521721006
10,699.688,0.0740163807105273
10,704.063,0.09628796187229455
10,708.438,0.11939282366074622
10,712.813,0.14216945474036038
10,717.187,0.16641164099797606
10,721.563,0.1929603279568255
10,725.938,0.21841558270156383
10,730.313,0.24028645250946284
10,734.687,0.2574632142111659
10,739.063,0.27053244737908244
10,743.437,0.28050290860235694
10,747.812,0.28784210365265606
10,752.188,0.29298400616273285
10,756.563,0.29665645711123945
10,760.938,0.29998523959890006
10,765.313,0.3029669572971761
10,769.688,0.3046996966376901
10,774.063,0.30577078845351935
10,778.438,0.30663563836365937
10,782.813,0.3073559420928359
10,787.188,0.3079829347319901
10,791.563,0.30855862660333516
10,795.937,0.30909396067261696
10,800.312,0.30959923449903726
10,804.688,0.3100746651552618
10,809.063,0.3105377808958292
10,813.438,0.31102925941348075
10,817.813,0.311524410918355
10,822.188,0.31191265674307944
10,826.5630000000001,0.31217448238283396
10,830.937,0.31237661235034464
10,835.313,0.3125909700989723
10,839.688,0.31286438276991246
10,844.063,0.313195178732276
10,848.437,0.31356617622077465
10,852.812,0.31396290922537445
10,857.187,0.3143495479226112
10,861.563,0.3147019322775304
10,865.938,0.31503520069643853
10,870.313,0.31534815913066266
10,874.687,0.3156261296197772
10,879.063,0.3158725816942751
10,883.437,0.3160890216007829
10,887.813,0.31628178752958774
10,892.188,0.3164749473705888
10,896.562,0.31668217908591034
10,900.938,0.3168569963425398
10,905.312,0.3169505451992154
10,909.6880000000001,0.31697363138198853
10,914.062,0.3168859305605292
10,918.438,0.3166506642848253
10,922.813,0.3163308737799525
10,927.188,0.31595539445057513
10,931.563,0.315310956351459
10,935.937,0.31368610365316274
10,940.312,0.3113343197852373
10,944.688,0.3088130213879049
10,949.063,0.30547098502516745
10,953.438,0.30163907431066034
10,957.812,0.2981660756282508
10,962.187,0.2957602505758405
10,966.562,0.29449118100106714
10,970.938,0.29397599974647165
10,975.313,0.2939315225183964
10,979.688,0.2943109164573252
10,984.063,0.2950732075423002
10,988.438,0.296158935893327
10,992.812,0.2975219119340181
10,997.188,0.29907627660781144
10,1001.5600000000001,0.3007619803585112
10,1005.94,0.30258258000016214
10,1010.3100000000001,0.3045046394504607
10,1014.69,0.30645061530172824
10,1019.0600000000001,0.30837432796135544
10,1023.4399999999999,0.3102470442838967
10,1027.81,0.3120325775071979
10,1032.19,0.3137101292423904
10,1036.56,0.31527581518515946
10,1040.94,0.3167170213721693
10,1045.31,0.3180244828760624
10,1049.69,0.3191978760249913
10,1054.06,0.32022008270025254
10,1058.44,0.3210776012763381
10,1062.81,0.32177301742136477
10,1067.19,0.32231423785910013
10,1071.5600000000002,0.32270275654271247
10,1075.9399999999998,0.3229338705353439
10,1080.3100000000002,0.32300923837348816
10,1084.6899999999998,0.3229303923249245
10,1089.06,0.3227101425640285
10,1093.44,0.322375153824687
10,1097.81,0.3219331810809672
10,1102.19,0.32137870660051704
10,1106.56,0.3207512697018683
10,1110.94,0.3201303911395371
10,1115.31,0.3194648675620556
10,1119.69,0.3182854407094419
10,1124.06,0.31515226535499097
10,1128.44,0.309332538433373
10,1132.8100000000002,0.30258091140538457
10,1137.1899999999998,0.2961634286120534
10,1141.56,0.28985442748293283
10,1145.94,0.2810696020722389
10,1150.31,0.2716304276138544
10,1154.69,0.2658941317908466
10,1159.06,0.26295351538807155
10,1163.44,0.261319375988096
10,1167.81,0.2603000792488456
10,1172.19,0.25958807300776243
10,1176.56,0.2590140299871564
10,1180.94,0.25846675315871837
10,1185.3100000000002,0.25793018730357287
10,1189.6899999999998,0.2575169416517019
10,1194.06,0.2573576972074807
10,1198.44,0.25753257852047684
10,1202.81,0.2580622682534158
10,1207.19,0.25889485377818344
10,1211.56,0.26000150250270965
10,1215.94,0.2613459012284875
10,1220.31,0.2628270172514021
10,1224.69,0.26436724917963145
10,1229.06,0.26588986840099094
10,1233.44,0.2673243190720677
10,1237.8100000000002,0.26864878308027984
10,1242.1899999999998,0.2698717935197055
10,1246.56,0.27099729821085927
10,1250.94,0.2719964173063636
10,1255.31,0.2728283922187984
10,1259.69,0.2734751258045435
10,1264.06,0.2739072814211249
10,1268.44,0.2740300679206848
10,1272.81,0.27377708662301303
10,1277.19,0.27317903766408563
10,1281.56,0.27224426705390214
10,1285.94,0.2709654388576746
10,1290.3100000000002,0.269316966868937
10,1294.6899999999998,0.2672066955268383
10,1299.0600000000002,0.26456757554784416
10,1303.4399999999998,0.26138382745906713
10,1307.81,0.25760910525918007
10,1312.19,0.2531365797109902
10,1316.56,0.24798619244247674
10,1320.94,0.24254283215850592
10,1325.31,0.23710501383990049
10,1329.69,0.23105632670223714
10,1334.06,0.22387753508985042
10,1338.44,0.2176729398407042
10,1342.81,0.21354376457631588
10,1347.19,0.21074688216671347
10,1500.31,0.069928915402852
10,1504.69,0.07242471613921225
10,1509.0600000000002,0.0750414369115606
10,1513.4399999999998,0.07767823942005635
10,1517.8100000000002,0.08043695254251361
10,1522.1899999999998,0.08319601605646312
10,1526.56,0.08593239912763238
10,1530.94,0.08870905282441527
10,1535.31,0.09147436034400017
10,1539.69,0.09422788685653359
10,1544.06,0.09699025161098689
10,1548.44,0.09971000329591334
10,1552.81,0.10235868548043073
10,1557.19,0.10495561063289642
10,1561.56,0.10745319351553917
10,1565.94,0.10986672538332641
10,1570.3100000000002,0.11231058864854276
10,1574.6899999999998,0.11477134057320654
10,1579.06,0.11713118938729167
10,1583.44,0.11939247357659041
10,1587.81,0.12161217224784196
10,1592.19,0.12378707418218254
10,1596.56,0.1258774458244443
10,1600.94,0.1279230733960867
10,1605.31,0.12992278495803475
10,1609.69,0.13183815426193177
10,1614.06,0.13364236905239524
10,1618.44,0.13530465831048788
10,1622.8100000000002,0.13686040301807226
10,1627.1899999999998,0.13831566106528043
10,1631.56,0.13963727911002935
10,1635.94,0.1408155213482678
10,1640.31,0.1418618483003229
10,1644.69,0.14275024824775756
10,1649.06,0.14342926962301136
10,1653.44,0.14389429933391512
10,1657.81,0.1441823742259294
10,1662.19,0.14435117701999844
10,1666.56,0.1444390011113137
10,1670.94,0.1444122731871903
10,1675.3100000000002,0.1441788166575134
10,1679.6899999999998,0.14367090228013693
10,1684.06,0.14289850920438765
10,1688.44,0.14190452838316558
10,1692.81,0.14070656614378094
10,1697.19,0.139327934095636
10,1701.56,0.13782991531305014
10,1705.94,0.1362788962945342
10,1710.31,0.13472881205379963
10,1714.69,0.13328430138528347
10,1719.06,0.1319909231271595
10,1723.44,0.13078875184059144
10,1727.8100000000002,0.12967721243388952
10,1732.1899999999998,0.12861918552778662
10,1736.5600000000002,0.12742736871354282
10,1740.9399999999998,0.12599732571281494
10,1745.31,0.124324803147465
10,1749.69,0.12249615672975779
10,1754.06,0.12067878255620598
10,1758.44,0.11895658053457737
10,1762.81,0.11741279982030392
10,1767.19,0.1160505087673664
10,1771.56,0.11494910022243858
10,1775.94,0.11407825655303895
10,1780.31,0.11334143729880453
10,1784.69,0.1127774019818753
10,1789.0600000000002,0.11242139879614114
10,1999.06,0.029505503925029188
10,2003.4399999999998,0.030543927951948716
10,2007.8100000000002,0.0317868157743942
10,2012.1899999999998,0.03276758847059682
10,2016.5600000000002,0.033895632484927773
10,2020.94,0.034889697215985505
10,2025.3100000000002,0.03563557544257492
10,2029.69,0.03635086142690852
10,2034.0600000000002,0.037064649956300856
10,2038.44,0.03776709356345236
10,2042.8099999999997,0.03848078629001975
10,2047.19,0.039184086518362166
10,2051.56,0.039949935020413246
10,2055.94,0.04083563211606815
10,2060.31,0.041685157543979584
10,2064.69,0.04250713533256203
10,2069.06,0.04338347170501947
10,2073.44,0.04425358288688585
10,2077.81,0.04507497154409066
10,2082.19,0.04588003003504127
10,2086.56,0.0467102090572007
10,2090.9399999999996,0.04755201883614063
10,2095.31,0.048393303072080014
10,2099.69,0.04925900001311675
10,2104.06,0.05012511589098722
10,2108.44,0.050949288706760854
10,2112.81,0.05175768437795341
10,2117.19,0.05257006763247773
10,2121.56,0.053380798581056293
10,2125.94,0.05416713048703969
10,2130.31,0.05491077230079099
10,2134.69,0.0556186144053936
10,2139.0600000000004,0.05631228921934962
10,2143.44,0.05698911647312343
10,2147.8100000000004,0.05766421065432951
10,2152.19,0.05836473126430065
10,2156.56,0.059041015487164256
10,2160.94,0.059660787764005366
10,2165.31,0.060260262973606586
10,2169.69,0.06083178826607764
10,2174.06,0.061371893608011305
10,2178.44,0.06190034899394959
10,2182.81,0.062433222965337334
10,2187.19,0.06296067881397903
10,2191.56,0.06341979936696589
10,2195.9399999999996,0.06381477791815997
10,2200.31,0.06417524703778327
10,2204.6899999999996,0.06448095065541565
10,2209.06,0.06470493183936923
10,2213.44,0.06482552011031657
10,2217.81,0.0648301010625437
10,2222.19,0.06470042846165597
10,2226.56,0.06439904460683465
10,2230.94,0.06389774642884731
10,2235.31,0.06319516466464847
10,2239.69,0.062316924193874
10,2244.06,0.06129828503821045
10,2248.44,0.06017662540543824
10,2252.8100000000004,0.05899383653420955
10,2257.19,0.057769746109843256
10,2261.56,0.05653864956693724
10,2265.94,0.055346568685490635
10,2270.31,0.05422083807410672
10,2274.69,0.05316014762036502
10,2279.06,0.05213348530698567
10,2283.44,0.05110115509713069
10,2287.81,0.05004513883963227
10,2292.19,0.048943536223378034
10,2296.56,0.04781674771569669
10,2300.94,0.0467828341666609
10,2305.31,0.045927786179818214
10,2309.6899999999996,0.04527260462520644
10,2314.06,0.04476246031932533
10,2318.44,0.04426277973689139
10,2322.81,0.04368665182497353
10,2327.19,0.043061460561584684
10,2331.56,0.04240830942988396
10,2335.94,0.04171805440913886
10,2340.31,0.04098493469646201
10,2344.69,0.04028003515442833
10,2349.06,0.03965184554923326
10,2353.44,0.03904641884379089
10,2357.8100000000004,0.038515403047204015
10,2362.19,0.038063357698265465
10,2366.5600000000004,0.03759906321531162
10,2370.94,0.03705172232585028
10,2375.31,0.03649804141605273
10,2379.69,0.035965769984759394
10,2384.06,0.0353528733830899
10,2388.44,0.03469805791042745
10,2392.81,0.03410964950686321
10,2397.19,0.03357446280773729
10,2401.56,0.03306586412480101
10,2405.94,0.03252796816872433
10,2410.31,0.031938045974820854
10,2414.6899999999996,0.031243887322489172
10,2419.06,0.0304068349651061
10,2423.4399999999996,0.029779154289280997
10,2427.81,0.029326514136046172
10,2432.19,0.0288108014955651
10,2436.56,0.02812524121021852
10,2440.94,0.027588332664454356
10,2445.31,0.02709194502211176
10,2449.69,0.026146889888914303
10,2454.06,0.02538197044748813
10,2458.44,0.025142288168426605
10,2462.81,0.02486457348102704
10,2467.19,0.024443737594410778
10,2471.5600000000004,0.023768348732264712
12,402.188,0.010531572465260979
12,406.56199999999995,0.010653630932501983
12,410.93800000000005,0.010880987977725454
12,415.313,0.011210910582594807
12,419.68699999999995,0.011616837878973456
12,424.06300000000005,0.01208164275609306
12,428.438,0.012605876224988606
12,432.813,0.013162635165208485
12,437.18800000000005,0.013695721477270127
12,441.563,0.014207848978112452
12,445.938,0.014710706747719087
12,450.31300000000005,0.015185877211624756
12,454.688,0.015614469309803099
12,459.063,0.01598266529792454
12,463.438,0.01628044050419703
12,467.813,0.01652253218984697
12,472.187,0.016736423904076217
12,476.562,0.016938392206211576
12,480.938,0.017152841691859065
12,485.313,0.017445556702441536
12,489.688,0.017895811871276236
12,494.063,0.018567746795597487
12,498.438,0.019584676449885593
12,502.812,0.02110880654770881
12,507.188,0.023221844016807155
12,511.563,0.02601771768182516
12,515.937,0.029655921135563403
12,520.313,0.033928419779986146
12,524.687,0.03824730145046487
12,529.062,0.04223187955562025
12,533.438,0.045605077650398014
12,537.813,0.04826191393192857
12,542.188,0.050309663112275305
12,546.563,0.05184805474244058
12,550.938,0.05284179713577032
12,555.312,0.05313676177058369
12,559.688,0.0526080063264817
12,564.063,0.051302531086839735
12,568.438,0.04938090120907873
12,572.813,0.04711191578069702
12,577.187,0.044921987091656776
12,581.562,0.04312916330294683
12,585.938,0.041782997818663715
12,590.313,0.04079015160212293
12,594.688,0.040063449568115174
12,599.063,0.039447356921155
12,603.438,0.03869947473751381
12,607.812,0.03766682297224179
12,612.188,0.03640647959662601
12,616.563,0.035156728392466904
12,620.937,0.034183540986850856
12,625.312,0.033582089461851865
12,629.687,0.033204565055202695
12,634.063,0.03273790295468643
12,638.437,0.03191284252330661
12,642.813,0.03069910457590595
12,647.188,0.02928710129344836
12,651.563,0.02789919760194607
12,655.938,0.02655195171246305
12,660.313,0.025171656192978845
12,664.687,0.023887822321848943
12,669.063,0.02294783220277168
12,673.438,0.02255256737698801
12,677.813,0.022864181285258384
12,682.187,0.02426684199133888
12,686.562,0.027750369320856408
12,690.937,0.03467487972928211
12,695.312,0.045573454801924526
12,699.688,0.06011085588019341
12,704.063,0.07736956636421383
12,708.438,0.09557922295294702
12,712.813,0.11389634189195931
12,717.187,0.1338442514743656
12,721.563,0.15618270315229893
12,725.938,0.17808772521093488
12,730.313,0.19732903337106109
12,734.687,0.21273482892662288
12,739.063,0.22466162219643593
12,743.437,0.23390899062156678
12,747.812,0.24082663550972938
12,752.188,0.24574812494218348
12,756.563,0.24931551214307546
12,760.938,0.2526134300604463
12,765.313,0.25563643911853434
12,769.688,0.25743577018380165
12,774.063,0.2585707026720047
12,778.438,0.25950112886726856
12,782.813,0.26028666879981754
12,787.188,0.2609779420681298
12,791.563,0.26162220323458313
12,795.937,0.2622299877926707
12,800.312,0.2628061268478632
12,804.688,0.26334670417010786
12,809.063,0.263865154851228
12,813.438,0.2644096837565303
12,817.813,0.2649689017795026
12,822.188,0.26542421137914063
12,826.5630000000001,0.26574325347319244
12,830.937,0.2659993924945593
12,835.313,0.2662733385898173
12,839.688,0.26661149397492406
12,844.063,0.267008976303041
12,848.437,0.2674466475658119
12,852.812,0.26791316516697405
12,857.187,0.2683750930428505
12,861.563,0.26880410108715297
12,865.938,0.26921315100044013
12,870.313,0.26959981691092255
12,874.687,0.26994947394356134
12,879.063,0.270269513335079
12,883.437,0.27056091198697685
12,887.813,0.27082262028008697
12,892.188,0.271075000539422
12,896.562,0.27134512102231384
12,900.938,0.27160087211057543
12,905.312,0.2717764880135655
12,909.6880000000001,0.27187393521890046
12,914.062,0.27185769986361263
12,918.438,0.2716724558733404
12,922.813,0.27136033968999984
12,927.188,0.2709478257037699
12,931.563,0.2702020054683089
12,935.937,0.26834752310067417
12,940.312,0.2657296849042177
12,944.688,0.2629938797466457
12,949.063,0.2594414539262652
12,953.438,0.2554579363390803
12,957.812,0.25195511765778067
12,962.187,0.24964017102494837
12,966.562,0.24850526981055737
12,970.938,0.24810550352558494
12,975.313,0.24816516492515803
12,979.688,0.24866138206794858
12,984.063,0.24959979373961688
12,988.438,0.250999047383666
12,992.812,0.2527633340097964
12,997.188,0.25463195754215123
12,1001.5600000000001,0.25650494122877715
12,1005.94,0.2584685075096786
12,1010.3100000000001,0.26053760485723615
12,1014.69,0.26264521047472955
12,1019.0600000000001,0.2647523817047477
12,1023.4399999999999,0.2668321309238672
12,1027.81,0.2688352797552943
12,1032.19,0.27072605445981024
12,1036.56,0.2724968159757555
12,1040.94,0.2741321344487369
12,1045.31,0.2756145289540291
12,1049.69,0.2769409255683422
12,1054.06,0.2780957688204944
12,1058.44,0.27906717421486976
12,1062.81,0.27986225817352534
12,1067.19,0.28049515465274455
12,1071.5600000000002,0.2809683417715132
12,1075.9399999999998,0.2812718959525228
12,1080.3100000000002,0.28140213625505567
12,1084.6899999999998,0.28135772125795483
12,1089.06,0.2811510724946856
12,1093.44,0.2808083520829678
12,1097.81,0.2803366902470589
12,1102.19,0.2797365466505289
12,1106.56,0.279060079921037
12,1110.94,0.27839890975505116
12,1115.31,0.27771166974678635
12,1119.69,0.276543925832957
12,1124.06,0.2734660817310214
12,1128.44,0.26770378813147544
12,1132.8100000000002,0.2610092120431364
12,1137.1899999999998,0.25468770623207093
12,1141.56,0.24856638001278042
12,1145.94,0.24019162135198713
12,1150.31,0.23132076811045407
12,1154.69,0.2260267743654549
12,1159.06,0.2233829304203391
12,1163.44,0.22197547985240818
12,1167.81,0.2211628095433116
12,1172.19,0.2206596796400845
12,1176.56,0.22030749388039111
12,1180.94,0.21999463614076376
12,1185.3100000000002,0.2196861669793725
12,1189.6899999999998,0.21945970227941872
12,1194.06,0.21943008214235304
12,1198.44,0.2196877539716661
12,1202.81,0.22025580029934644
12,1207.19,0.22107216427102686
12,1211.56,0.222105368450284
12,1215.94,0.22333082875236868
12,1220.31,0.22467235008254646
12,1224.69,0.2260761095583439
12,1229.06,0.22748229391872882
12,1233.44,0.22882479950785636
12,1237.8100000000002,0.23007865825667978
12,1242.1899999999998,0.23125229243189097
12,1246.56,0.23234981745481492
12,1250.94,0.23333961457014085
12,1255.31,0.23418020913377405
12,1259.69,0.2348561641573906
12,1264.06,0.23533884825184942
12,1268.44,0.23552893098443747
12,1272.81,0.23535200219601393
12,1277.19,0.23483948400244117
12,1281.56,0.23401198884472252
12,1285.94,0.2328724087588489
12,1290.3100000000002,0.2314003751799464
12,1294.6899999999998,0.2295093707367778
12,1299.0600000000002,0.22713954448699952
12,1303.4399999999998,0.22428143460303546
12,1307.81,0.22090104702860117
12,1312.19,0.2169172034971416
12,1316.56,0.21236242001876235
12,1320.94,0.20758741920813917
12,1325.31,0.20285939751192927
12,1329.69,0.19764668107032776
12,1334.06,0.19149425778537987
12,1338.44,0.1861871187016368
12,1342.81,0.1826538517419249
12,1347.19,0.18025352922268212
12,1500.31,0.06967287446837872
12,1504.69,0.07161476077977567
12,1509.0600000000002,0.07365469202399254
12,1513.4399999999998,0.07571439628023655
12,1517.8100000000002,0.0778719200193882
12,1522.1899999999998,0.0800314141670242
12,1526.56,0.08217608208302409
12,1530.94,0.08435530035756528
12,1535.31,0.08652813789434731
12,1539.69,0.08869567340239883
12,1544.06,0.09087569925468415
12,1548.44,0.09302736870013177
12,1552.81,0.09512732428032905
12,1557.19,0.09719114006031304
12,1561.56,0.09918275240808726
12,1565.94,0.10111684836447239
12,1570.3100000000002,0.10308470603544265
12,1574.6899999999998,0.105069913668558
12,1579.06,0.10697388449218125
12,1583.44,0.10880107970908284
12,1587.81,0.11060052099637688
12,1592.19,0.11237009014934302
12,1596.56,0.11407812971621752
12,1600.94,0.11575732945464551
12,1605.31,0.11740377352572978
12,1609.69,0.11898102821782232
12,1614.06,0.12046588757075369
12,1618.44,0.12183747408911585
12,1622.8100000000002,0.12312865097075701
12,1627.1899999999998,0.12434220568276942
12,1631.56,0.1254485247004777
12,1635.94,0.12644228248856962
12,1640.31,0.1273362982738763
12,1644.69,0.1281082565896213
12,1649.06,0.12871029486879706
12,1653.44,0.12913194973953068
12,1657.81,0.12939898774959147
12,1662.19,0.12956024025566876
12,1666.56,0.129654319062829
12,1670.94,0.12966149657033385
12,1675.3100000000002,0.12951295281760394
12,1679.6899999999998,0.1291605947352946
12,1684.06,0.12861636775545776
12,1688.44,0.12791318973526358
12,1692.81,0.12705901495181024
12,1697.19,0.12605924193747342
12,1701.56,0.12494786278344691
12,1705.94,0.12376848851330578
12,1710.31,0.12255976090207696
12,1714.69,0.1214042984507978
12,1719.06,0.12034274546429514
12,1723.44,0.11933364755474031
12,1727.8100000000002,0.11838951881043613
12,1732.1899999999998,0.11749562828801573
12,1736.5600000000002,0.11651035693474114
12,1740.9399999999998,0.11535449596121908
12,1745.31,0.11401942633092403
12,1749.69,0.11256201608106493
12,1754.06,0.11110757092479616
12,1758.44,0.10972360263112932
12,1762.81,0.1084820810193196
12,1767.19,0.10738865845371037
12,1771.56,0.10650855450425296
12,1775.94,0.10581605556886643
12,1780.31,0.10522907465230674
12,1784.69,0.10477552922442555
12,1789.0600000000002,0.10448385399766266
12,1999.06,0.03768943609611597
12,2003.4399999999998,0.03854534821526613
12,2007.8100000000002,0.03969144408241845
12,2012.1899999999998,0.04073507367575076
12,2016.5600000000002,0.04195201975642703
12,2020.94,0.04294902703433763
12,2025.3100000000002,0.043647692344384266
12,2029.69,0.044291309673571956
12,2034.0600000000002,0.04490683811134659
12,2038.44,0.045482913948362694
12,2042.8099999999997,0.04604668551357463
12,2047.19,0.04660113272140734
12,2051.56,0.04722031003329903
12,2055.94,0.04795122946496121
12,2060.31,0.04865817114943639
12,2064.69,0.049337132485816254
12,2069.06,0.050044620565604415
12,2073.44,0.05073449281277135
12,2077.81,0.05138997046276927
12,2082.19,0.05204927787417546
12,2086.56,0.05274081556824967
12,2090.9399999999996,0.053432959124911576
12,2095.31,0.05410558703355491
12,2099.69,0.0547940977383405
12,2104.06,0.05549220357788727
12,2108.44,0.05616285379976034
12,2112.81,0.056823008444625886
12,2117.19,0.05749081683345139
12,2121.56,0.058162408492062244
12,2125.94,0.05879976407391951
12,2130.31,0.0593731182301417
12,2134.69,0.05990473477635533
12,2139.0600000000004,0.06042379835154861
12,2143.44,0.06092071343911812
12,2147.8100000000004,0.06140540942782536
12,2152.19,0.061903522701468316
12,2156.56,0.06237884117057547
12,2160.94,0.062807900714688
12,2165.31,0.06321820920566097
12,2169.69,0.0636082454258576
12,2174.06,0.06397670891135931
12,2178.44,0.06433652937645093
12,2182.81,0.064699540308211
12,2187.19,0.06504841624526307
12,2191.56,0.06533132861834019
12,2195.9399999999996,0.0655626582307741
12,2200.31,0.0657896394142881
12,2204.6899999999996,0.0660193699435331
12,2209.06,0.06621440577553585
12,2213.44,0.06633257902925833
12,2217.81,0.06637462268117815
12,2222.19,0.0663361841859296
12,2226.56,0.06614593871869147
12,2230.94,0.06572735684225335
12,2235.31,0.06508447356056422
12,2239.69,0.06428635686868801
12,2244.06,0.06338934170315041
12,2248.44,0.06241940572625026
12,2252.8100000000004,0.06139946354087442
12,2257.19,0.06033872522646561
12,2261.56,0.05926494902698323
12,2265.94,0.058227878895122556
12,2270.31,0.05725759303197265
12,2274.69,0.0563419816759415
12,2279.06,0.055450566306244585
12,2283.44,0.054565833422821015
12,2287.81,0.05368182252161205
12,2292.19,0.052763236651662736
12,2296.56,0.051805756958201526
12,2300.94,0.050903672785498205
12,2305.31,0.05014336745254695
12,2309.6899999999996,0.04955174354137853
12,2314.06,0.04907688512001187
12,2318.44,0.04860732360510155
12,2322.81,0.04808777125203051
12,2327.19,0.04753883273224346
12,2331.56,0.046967638832284136
12,2335.94,0.046390243119094524
12,2340.31,0.04583832408185117
12,2344.69,0.04537041474715806
12,2349.06,0.04501600321498699
12,2353.44,0.04473344841506332
12,2357.8100000000004,0.04451225627562962
12,2362.19,0.04431874934467487
12,2366.5600000000004,0.04409434264875017
12,2370.94,0.04379888560739346
12,2375.31,0.04347443323698826
12,2379.69,0.043114352411357686
12,2384.06,0.0426181558240205
12,2388.44,0.04202860778430477
12,2392.81,0.04147914363187738
12,2397.19,0.040980671767611054
12,2401.56,0.04049661663651932
12,2405.94,0.03996737631096039
12,2410.31,0.03939827074704226
12,2414.6899999999996,0.03872509660955984
12,2419.06,0.03787739038991276
12,2423.4399999999996,0.0372368047904456
12,2427.81,0.036784070529974996
12,2432.19,0.03626392882608343
12,2436.56,0.035546331763034685
12,2440.94,0.034967997406492944
12,2445.31,0.034417484189616515
12,2449.69,0.033305631503462794
12,2454.06,0.03237640548031777
12,2458.44,0.03211603541392833
12,2462.81,0.031826956807926764
12,2467.19,0.031347157996860914
12,2471.5600000000004,0.030546680803745403
15,402.188,0.008591604827397532
15,406.56199999999995,0.008797972525972
15,410.93800000000005,0.009120994225831965
15,415.313,0.00952583094757074
15,419.68699999999995,0.00996626702419917
15,424.06300000000005,0.010416209940553927
15,428.438,0.010864878314023371
15,432.813,0.011289999588370847
15,437.18800000000005,0.011661001046231832
15,441.563,0.011996573244023239
15,445.938,0.012320194438007092
15,450.31300000000005,0.012630740390827669
15,454.688,0.01292097329183889
15,459.063,0.013181169984964072
15,463.438,0.01340075984426221
15,467.813,0.013586491192199901
15,472.187,0.013755129446581122
15,476.562,0.013917000497627896
15,480.938,0.014090984720050983
15,485.313,0.014326634482549706
15,489.688,0.014679567724379013
15,494.063,0.015193108478124486
15,498.438,0.015959274000342704
15,502.812,0.017101624182832894
15,507.188,0.01868216645118082
15,511.563,0.020766648556817133
15,515.937,0.0234570533009537
15,520.313,0.026571098099375377
15,524.687,0.029656645103532355
15,529.062,0.0324435775046004
15,533.438,0.03476372686593095
15,537.813,0.036578630873991644
15,542.188,0.03799064530292526
15,546.563,0.03908306289638858
15,550.938,0.039837329938891344
15,555.312,0.040148882232024334
15,559.688,0.039921409029047936
15,564.063,0.039164630629238674
15,568.438,0.03797527186776278
15,572.813,0.036533856410824225
15,577.187,0.03512595716776559
15,581.562,0.03396745618752903
15,585.938,0.033102576489618514
15,590.313,0.03247846770565957
15,594.688,0.03203606309572933
15,599.063,0.03166559792764019
15,603.438,0.031198531568225007
15,607.812,0.030524238520592918
15,612.188,0.029677013776963575
15,616.563,0.028825881862576352
15,620.937,0.0281681518338155
15,625.312,0.027776059572206576
15,629.687,0.027527462553116493
15,634.063,0.02716285090704332
15,638.437,0.02647003329388099
15,642.813,0.025454977976260125
15,647.188,0.02431346404024225
15,651.563,0.023244831054616954
15,655.938,0.022248369674553032
15,660.313,0.02123460780966525
15,664.687,0.020282150846032892
15,669.063,0.01958288440579054
15,673.438,0.019305049066897482
15,677.813,0.019597046218077594
15,682.187,0.02080623431135564
15,686.562,0.023787562538318527
15,690.937,0.02964490037295036
15,695.312,0.03863778146769618
15,699.688,0.05018393225851469
15,704.063,0.06327983795839827
15,708.438,0.07644514503888786
15,712.813,0.08902955707162619
15,717.187,0.1019849429349415
15,721.563,0.11564385070698335
15,725.938,0.12816036825766786
15,730.313,0.13842546532861888
15,734.687,0.14620254531502724
15,739.063,0.15200197984464467
15,743.437,0.1564211894897744
15,747.812,0.15973186196293682
15,752.188,0.16213531827554106
15,756.563,0.1639529424160719
15,760.938,0.16573050358332694
15,765.313,0.16741081018000842
15,769.688,0.1684461500728503
15,774.063,0.16916075786110013
15,778.438,0.16980912883765995
15,782.813,0.1704081808635965
15,787.188,0.1709713232703507
15,791.563,0.17151339942123742
15,795.937,0.1720318336226046
15,800.312,0.17252718126401306
15,804.688,0.17299569956492633
15,809.063,0.17345051675569267
15,813.438,0.17393397839274258
15,817.813,0.17443711740430445
15,822.188,0.1748657018924132
15,826.5630000000001,0.1751990484027192
15,830.937,0.17548757113981991
15,835.313,0.17577204565517604
15,839.688,0.1760768390260637
15,844.063,0.17640610326081516
15,848.437,0.17675718368962406
15,852.812,0.17712726369965823
15,857.187,0.177492009322159
15,861.563,0.1778319797385484
15,865.938,0.1781624022871256
15,870.313,0.17848743340931833
15,874.687,0.17879869125317782
15,879.063,0.1790988393360749
15,883.437,0.1793815755052492
15,887.813,0.17964097906835377
15,892.188,0.17989486523438245
15,896.562,0.1801698606647551
15,900.938,0.1804382467828691
15,905.312,0.18064393812790513
15,909.6880000000001,0.1808052888326347
15,914.062,0.18091758589725943
15,918.438,0.1809399578301236
15,922.813,0.180889531346038
15,927.188,0.18079317651223392
15,931.563,0.18057851956691592
15,935.937,0.17996251803357155
15,940.312,0.17900410591624677
15,944.688,0.17789881214965134
15,949.063,0.17639054767787457
15,953.438,0.17464639213401825
15,957.812,0.1730684650503099
15,962.187,0.1719960135826841
15,966.562,0.1714559652749449
15,970.938,0.17127248647157103
15,975.313,0.17132922467309983
15,979.688,0.17160290206316858
15,984.063,0.1720865450752899
15,988.438,0.17279663792345673
15,992.812,0.17370214456692337
15,997.188,0.17469096390530467
15,1001.5600000000001,0.17570658010430634
15,1005.94,0.17677053271792828
15,1010.3100000000001,0.1778766029374674
15,1014.69,0.1789916339190677
15,1019.0600000000001,0.1801034275814891
15,1023.4399999999999,0.181201093159616
15,1027.81,0.18225805511698126
15,1032.19,0.18325441414024682
15,1036.56,0.1841855727462098
15,1040.94,0.18504565342329443
15,1045.31,0.18583210598677397
15,1049.69,0.18655029815156013
15,1054.06,0.18719700153451413
15,1058.44,0.1877696490380913
15,1062.81,0.18827379938215016
15,1067.19,0.18871354387607425
15,1071.5600000000002,0.18908414455130695
15,1075.9399999999998,0.18937729760538788
15,1080.3100000000002,0.18959129348397255
15,1084.6899999999998,0.18972422439604997
15,1089.06,0.18977801497559996
15,1093.44,0.18976393197663127
15,1097.81,0.18968553153332324
15,1102.19,0.1895362386154011
15,1106.56,0.18932891641743482
15,1110.94,0.1891026314208284
15,1115.31,0.18884982874151318
15,1119.69,0.1883725846093148
15,1124.06,0.18697690441273151
15,1128.44,0.1842175267357379
15,1132.8100000000002,0.18092129783239216
15,1137.1899999999998,0.17777128839399667
15,1141.56,0.1746770912082866
15,1145.94,0.17034110005479305
15,1150.31,0.16561960205901413
15,1154.69,0.16268745306879281
15,1159.06,0.1611450507538393
15,1163.44,0.16027310247533022
15,1167.81,0.15973186104325576
15,1172.19,0.15936765315942467
15,1176.56,0.15908927432494238
15,1180.94,0.15883080741623418
15,1185.3100000000002,0.15857439894694836
15,1189.6899999999998,0.1583738752035424
15,1194.06,0.1583067826135084
15,1198.44,0.15843371313530952
15,1202.81,0.15878249197732658
15,1207.19,0.15933319866191595
15,1211.56,0.1600735254306346
15,1215.94,0.16097977857105433
15,1220.31,0.1619866586267017
15,1224.69,0.16304276247508823
15,1229.06,0.16408480387413873
15,1233.44,0.16505376487504692
15,1237.8100000000002,0.1659373439778574
15,1242.1899999999998,0.1667471586726606
15,1246.56,0.16749015882145613
15,1250.94,0.16815636906772852
15,1255.31,0.16872985913418234
15,1259.69,0.16920435388572513
15,1264.06,0.16956527512753383
15,1268.44,0.16975889718858525
15,1272.81,0.1697437242185697
15,1277.19,0.16954148042947054
15,1281.56,0.16917015022132545
15,1285.94,0.16862817880464717
15,1290.3100000000002,0.16789837752236053
15,1294.6899999999998,0.16693097109440713
15,1299.0600000000002,0.165682960068807
15,1303.4399999999998,0.16413343206746503
15,1307.81,0.16224801612319426
15,1312.19,0.15995722021674738
15,1316.56,0.15725917920470237
15,1320.94,0.15435737751657144
15,1325.31,0.15141648888355122
15,1329.69,0.14809671129100024
15,1334.06,0.14410146661335602
15,1338.44,0.14060293966205792
15,1342.81,0.13824488362064585
15,1347.19,0.13663343759952112
15,1500.31,0.05462645030609565
15,1504.69,0.05618266028788639
15,1509.0600000000002,0.05780471221660264
15,1513.4399999999998,0.05942836376430932
15,1517.8100000000002,0.06111374438914936
15,1522.1899999999998,0.06278460709378124
15,1526.56,0.0644263366155792
15,1530.94,0.06607696770341136
15,1535.31,0.06770676645508501
15,1539.69,0.06931787170644384
15,1544.06,0.07092526862572412
15,1548.44,0.07250120847369544
15,1552.81,0.07402996379358229
15,1557.19,0.07552280696749221
15,1561.56,0.07695383809506894
15,1565.94,0.07833624040300492
15,1570.3100000000002,0.07973780570900998
15,1574.6899999999998,0.08114771771826781
15,1579.06,0.08249870385334361
15,1583.44,0.08379890678450465
15,1587.81,0.08508757075993344
15,1592.19,0.08636545288260095
15,1596.56,0.08760863513336517
15,1600.94,0.08883706405526028
15,1605.31,0.09004543802700937
15,1609.69,0.09120588203542866
15,1614.06,0.09229787287767977
15,1618.44,0.09330161228077487
15,1622.8100000000002,0.09423909322009422
15,1627.1899999999998,0.09511475228471682
15,1631.56,0.09591109558939934
15,1635.94,0.0966237695608288
15,1640.31,0.09725345117389224
15,1644.69,0.09776997546548954
15,1649.06,0.09812803236069158
15,1653.44,0.09831806054455228
15,1657.81,0.09836676341830752
15,1662.19,0.09832199780503288
15,1666.56,0.0982286863878835
15,1670.94,0.09809205875033512
15,1675.3100000000002,0.09785831712535582
15,1679.6899999999998,0.09747119393548928
15,1684.06,0.0969297853379976
15,1688.44,0.09625704625854269
15,1692.81,0.09545682888361626
15,1697.19,0.09453742085024715
15,1701.56,0.09353764163097367
15,1705.94,0.09250578715465962
15,1710.31,0.0914860613446217
15,1714.69,0.09055888531845994
15,1719.06,0.08976659370935522
15,1723.44,0.08908442282583565
15,1727.8100000000002,0.08851742693106644
15,1732.1899999999998,0.08803977818461135
15,1736.5600000000002,0.08752741444623098
15,1740.9399999999998,0.08688250881968998
15,1745.31,0.08607516163028776
15,1749.69,0.08515719565562904
15,1754.06,0.08423835806315765
15,1758.44,0.08338260597200133
15,1762.81,0.08264374251943081
15,1767.19,0.0820240495161852
15,1771.56,0.08154890550358687
15,1775.94,0.0811882168421289
15,1780.31,0.08088082374073564
15,1784.69,0.08063467196887358
15,1789.0600000000002,0.08047559997707139
15,1999.06,0.02817745696331258
15,2003.4399999999998,0.0289586242986843
15,2007.8100000000002,0.029930413743350072
15,2012.1899999999998,0.030729595341235837
15,2016.5600000000002,0.03162333709524319
15,2020.94,0.03236335608310583
15,2025.3100000000002,0.03289042127367793
15,2029.69,0.033377989942309796
15,2034.0600000000002,0.03384332173322036
15,2038.44,0.03427501425459923
15,2042.8099999999997,0.0346907372194255
15,2047.19,0.035091220564063406
15,2051.56,0.03552950643046643
15,2055.94,0.036038567666546444
15,2060.31,0.0365248692453315
15,2064.69,0.03698959659508546
15,2069.06,0.0374748073144292
15,2073.44,0.03795137642984628
15,2077.81,0.03840607749021729
15,2082.19,0.03886129681646708
15,2086.56,0.03933668352954555
15,2090.9399999999996,0.03981430156651186
15,2095.31,0.040282533061981665
15,2099.69,0.04076345221546944
15,2104.06,0.04125025885397918
15,2108.44,0.04171775862181676
15,2112.81,0.04217966361466097
15,2117.19,0.042648736755363646
15,2121.56,0.04312160450033844
15,2125.94,0.04357577594288159
15,2130.31,0.04399590870219981
15,2134.69,0.04439788957184646
15,2139.0600000000004,0.04480268936866196
15,2143.44,0.0452060722745955
15,2147.8100000000004,0.04561664314562222
15,2152.19,0.04605288563092472
15,2156.56,0.04648229532438563
15,2160.94,0.046883008366858124
15,2165.31,0.047276205196103545
15,2169.69,0.047654418622259984
15,2174.06,0.04801415701891529
15,2178.44,0.048368746605410705
15,2182.81,0.048730000849463974
15,2187.19,0.04908666980016278
15,2191.56,0.04939336543116951
15,2195.9399999999996,0.04966018728096969
15,2200.31,0.04991879596724175
15,2204.6899999999996,0.05016141344385687
15,2209.06,0.050359933755535165
15,2213.44,0.05048808358347742
15,2217.81,0.05053974917682354
15,2222.19,0.050500551603909115
15,2226.56,0.05032088017062051
15,2230.94,0.04995414434175473
15,2235.31,0.04939754617167637
15,2239.69,0.048686190626758614
15,2244.06,0.04785718760162126
15,2248.44,0.046943136828485874
15,2252.8100000000004,0.04598171853547683
15,2257.19,0.04499322649120586
15,2261.56,0.04400726288848091
15,2265.94,0.04306532844057074
15,2270.31,0.04219554766779766
15,2274.69,0.041397184869565534
15,2279.06,0.04064499963715207
15,2283.44,0.03990930214029504
15,2287.81,0.03917071087795193
15,2292.19,0.03840167046582792
15,2296.56,0.03761291265444015
15,2300.94,0.036897834316914666
15,2305.31,0.03633290690020658
15,2309.6899999999996,0.035936330407857896
15,2314.06,0.035660580456751634
15,2318.44,0.03540714364731684
15,2322.81,0.035101079376472624
15,2327.19,0.03473364260746166
15,2331.56,0.034318379522301254
15,2335.94,0.03387600443558767
15,2340.31,0.033431266252009664
15,2344.69,0.03303910573718895
15,2349.06,0.03273530292630312
15,2353.44,0.032490900641059854
15,2357.8100000000004,0.0323004049417068
15,2362.19,0.03213596684254298
15,2366.5600000000004,0.03194611498835002
15,2370.94,0.03169574378483958
15,2375.31,0.03142303785196873
15,2379.69,0.03113513402378885
15,2384.06,0.030764946524977858
15,2388.44,0.030340061244642128
15,2392.81,0.02994419337148429
15,2397.19,0.029579498771054206
15,2401.56,0.029224940939129737
15,2405.94,0.028837313320800605
15,2410.31,0.02840589194864151
15,2414.6899999999996,0.02788290623720968
15,2419.06,0.027243418885045684
15,2423.4399999999996,0.026764226478699128
15,2427.81,0.026407660038530595
15,2432.19,0.025983286375121678
15,2436.56,0.025401916242553852
15,2440.94,0.02492673694039695
15,2445.31,0.024434052933647765
15,2449.69,0.023459802906945697
15,2454.06,0.022756913098419318
15,2458.44,0.022602916109608486
15,2462.81,0.022352021583137684
15,2467.19,0.02188804815879848
15,2471.5600000000004,0.021089702725812457
17,402.188,0.01390214988263324
17,406.56199999999995,0.01401387931080535
17,410.93800000000005,0.014225687254220248
17,415.313,0.014536652414826677
17,419.68699999999995,0.014921370644588023
17,424.06300000000005,0.015363163003930822
17,428.438,0.015861267728032546
17,432.813,0.016388473437400533
17,437.18800000000005,0.016892484653508292
17,441.563,0.017378208077279852
17,445.938,0.017859759764396587
17,450.31300000000005,0.018319732299423776
17,454.688,0.018737073274096475
17,459.063,0.019096289608860388
17,463.438,0.019387254350585862
17,467.813,0.019624009282561018
17,472.187,0.019833628881606273
17,476.562,0.02003352839034051
17,480.938,0.02024900205200538
17,485.313,0.02054427482711617
17,489.688,0.02099656375416089
17,494.063,0.021668577521340923
17,498.438,0.022681578773772346
17,502.812,0.02419667623238638
17,507.188,0.02629752806853503
17,511.563,0.02907852955744602
17,515.937,0.032695566053735095
17,520.313,0.0369417045568116
17,524.687,0.04123560742475092
17,529.062,0.04520116033265367
17,533.438,0.04856392787769437
17,537.813,0.05122036585584283
17,542.188,0.05327698012813926
17,546.563,0.054830546700395645
17,550.938,0.055843201368115845
17,555.312,0.05616173864342272
17,559.688,0.05566410235827789
17,564.063,0.05439560233382508
17,568.438,0.05251122597139329
17,572.813,0.0502774053812027
17,577.187,0.04812161813722923
17,581.562,0.046359829634893684
17,585.938,0.045037858600262555
17,590.313,0.044066957193426785
17,594.688,0.04336901315255091
17,599.063,0.042787959519773724
17,603.438,0.042075095754116776
17,607.812,0.04107475095195696
17,612.188,0.03984498973703012
17,616.563,0.03862482354976237
17,620.937,0.03767877105856314
17,625.312,0.03710067037027329
17,629.687,0.03674462672322989
17,634.063,0.036300763754406946
17,638.437,0.035499925208278
17,642.813,0.03431065854034387
17,647.188,0.0329245234222617
17,651.563,0.031566117469919844
17,655.938,0.0302518687362317
17,660.313,0.028907904257066547
17,664.687,0.02766267588478513
17,669.063,0.026759369224892
17,673.438,0.026395487089757808
17,677.813,0.026734657833585515
17,682.187,0.02816265889443457
17,686.562,0.03166955854743719
17,690.937,0.03861611316679046
17,695.312,0.04953010661527515
17,699.688,0.06406566451769322
17,704.063,0.08129752838518471
17,708.438,0.09945031867362558
17,712.813,0.1176723925769329
17,717.187,0.13746838520281016
17,721.563,0.15958769707940518
17,725.938,0.1812294403463602
17,730.313,0.20019850101321934
17,734.687,0.21536200784146786
17,739.063,0.22708801189437508
17,743.437,0.23617053935304283
17,747.812,0.24296289836987853
17,752.188,0.24780661560595035
17,756.563,0.2513375308178365
17,760.938,0.25463304365053774
17,765.313,0.2576886156201363
17,769.688,0.2595244412310421
17,774.063,0.26068445984274147
17,778.438,0.26163605935871603
17,782.813,0.2624443829804659
17,787.188,0.2631620139814913
17,791.563,0.26383744651451707
17,795.937,0.26447982193902136
17,800.312,0.26509160256013276
17,804.688,0.2656677733547986
17,809.063,0.26622047228738666
17,813.438,0.2668020619824529
17,817.813,0.26740963373333215
17,822.188,0.26792249638587234
17,826.5630000000001,0.2683026002719998
17,830.937,0.2686225234158337
17,835.313,0.2689586473070085
17,839.688,0.26935229416936635
17,844.063,0.2697998744808137
17,848.437,0.27028578775003553
17,852.812,0.270801616050303
17,857.187,0.27131366254761813
17,861.563,0.27179215982556343
17,865.938,0.27225267387926577
17,870.313,0.2726934567280114
17,874.687,0.2730975951254368
17,879.063,0.2734733594581485
17,883.437,0.27382250683382153
17,887.813,0.2741403531841934
17,892.188,0.2744444437325001
17,896.562,0.27476911269128323
17,900.938,0.27508882846683264
17,905.312,0.2753261325880885
17,909.6880000000001,0.2754819771647453
17,914.062,0.2755305616557598
17,918.438,0.2754098509065807
17,922.813,0.27514760337769983
17,927.188,0.27476889757439493
17,931.563,0.27405838774517177
17,935.937,0.2722955690510571
17,940.312,0.26981602821499107
17,944.688,0.2672106044180691
17,949.063,0.26381841948255896
17,953.438,0.2600157962553203
17,957.812,0.2566826247051358
17,962.187,0.2545042099058628
17,966.562,0.25346342897042634
17,970.938,0.25312256610020994
17,975.313,0.2532257902622223
17,979.688,0.2537646153755486
17,984.063,0.2547635427303612
17,988.438,0.25627178728580474
17,992.812,0.2581743116490543
17,997.188,0.26014077028259636
17,1001.5600000000001,0.2620538421161473
17,1005.94,0.2640305966883898
17,1010.3100000000001,0.2661049308255315
17,1014.69,0.2682138674519956
17,1019.0600000000001,0.27032031141221524
17,1023.4399999999999,0.2724013973586261
17,1027.81,0.2744108821824193
17,1032.19,0.2763107642903924
17,1036.56,0.2780921350978315
17,1040.94,0.2797434894181788
17,1045.31,0.2812508734129369
17,1049.69,0.2826092553883791
17,1054.06,0.2837993683852255
17,1058.44,0.2848087493889034
17,1062.81,0.28564690697938205
17,1067.19,0.28632981449365613
17,1071.5600000000002,0.28685952734202147
17,1075.9399999999998,0.2872222888842225
17,1080.3100000000002,0.2874108315445483
17,1084.6899999999998,0.28742279976606366
17,1089.06,0.2872717432491481
17,1093.44,0.28698447056114673
17,1097.81,0.28656607871875167
17,1102.19,0.2860150823369622
17,1106.56,0.28538398483768107
17,1110.94,0.2847660416178405
17,1115.31,0.2841295511089265
17,1119.69,0.283055774718523
17,1124.06,0.2801916375011206
17,1128.44,0.2747320679575205
17,1132.8100000000002,0.26828763047233223
17,1137.1899999999998,0.26215079164132477
17,1141.56,0.25617948804050683
17,1145.94,0.2479913635738194
17,1150.31,0.23931507090106607
17,1154.69,0.2341400702483952
17,1159.06,0.23156517529860138
17,1163.44,0.23021202566102147
17,1167.81,0.22945609102025627
17,1172.19,0.22901713073253632
17,1176.56,0.22873500544577838
17,1180.94,0.2284953415952623
17,1185.3100000000002,0.2282589038833976
17,1189.6899999999998,0.22809604920446871
17,1194.06,0.22811892438679934
17,1198.44,0.22842369500547646
17,1202.81,0.2290358993038535
17,1207.19,0.2298892562650144
17,1211.56,0.23095116559416057
17,1215.94,0.23220067229121924
17,1220.31,0.23356685273349284
17,1224.69,0.23500079041346908
17,1229.06,0.2364412805251777
17,1233.44,0.23781657015904784
17,1237.8100000000002,0.239099935721606
17,1242.1899999999998,0.24030135789886117
17,1246.56,0.24142640888690947
17,1250.94,0.24244532763957977
17,1255.31,0.24331867346540093
17,1259.69,0.24403167132288217
17,1264.06,0.2445555623434484
17,1268.44,0.2447902587801218
17,1272.81,0.244658475369215
17,1277.19,0.24419117107987404
17,1281.56,0.24341326028108598
17,1285.94,0.2423291964456439
17,1290.3100000000002,0.24091744650155306
17,1294.6899999999998,0.23909241924062372
17,1299.0600000000002,0.23679490718990565
17,1303.4399999999998,0.23401416903361677
17,1307.81,0.23071509189903736
17,1312.19,0.22681684916839004
17,1316.56,0.22235161175951362
17,1320.94,0.2176655027270317
17,1325.31,0.2130225602351129
17,1329.69,0.2078979922272265
17,1334.06,0.201837291251868
17,1338.44,0.1965934765897691
17,1342.81,0.1930877985805273
17,1347.19,0.19069550699554383
17,1500.31,0.08007352537009865
17,1504.69,0.08208365980768577
17,1509.0600000000002,0.08419453586218878
17,1513.4399999999998,0.08632356267888099
17,1517.8100000000002,0.08855159122496843
17,1522.1899999999998,0.09077960683731362
17,1526.56,0.09298999051097781
17,1530.94,0.09523389340844006
17,1535.31,0.09746927775908261
17,1539.69,0.09969712962396443
17,1544.06,0.10193586319219321
17,1548.44,0.10414332626853139
17,1552.81,0.1062952988408506
17,1557.19,0.108407510407269
17,1561.56,0.11044417145196349
17,1565.94,0.11242217903956771
17,1570.3100000000002,0.11443585363216698
17,1574.6899999999998,0.11646765387151391
17,1579.06,0.11841555582359434
17,1583.44,0.12028438522480428
17,1587.81,0.12212483030278236
17,1592.19,0.12393527617212385
17,1596.56,0.12568371380213647
17,1600.94,0.12740417933091522
17,1605.31,0.12909207648131996
17,1609.69,0.1307085390249267
17,1614.06,0.13222904468420893
17,1618.44,0.13363314556423575
17,1622.8100000000002,0.13495559361763299
17,1627.1899999999998,0.1361988694034517
17,1631.56,0.13733236823230982
17,1635.94,0.13835148404352368
17,1640.31,0.13926926645450294
17,1644.69,0.14006192808039486
17,1649.06,0.1406801425758749
17,1653.44,0.1411126322299242
17,1657.81,0.14138546984642744
17,1662.19,0.14154967218637465
17,1666.56,0.1416468129120767
17,1670.94,0.14165798945352434
17,1675.3100000000002,0.14151180570945143
17,1679.6899999999998,0.1411586433649063
17,1684.06,0.14061239877715706
17,1688.44,0.13990815433673562
17,1692.81,0.13905415432527662
17,1697.19,0.13805428163148462
17,1701.56,0.13694080790504815
17,1705.94,0.135756746372208
17,1710.31,0.13454100750852377
17,1714.69,0.1333766789501533
17,1719.06,0.13230514396447687
17,1723.44,0.13128638967871667
17,1727.8100000000002,0.13033664726186545
17,1732.1899999999998,0.12944431466516107
17,1736.5600000000002,0.12846596842166036
17,1740.9399999999998,0.12731724846642464
17,1745.31,0.12598503910005093
17,1749.69,0.12452482857741415
17,1754.06,0.12306367401964963
17,1758.44,0.12167263880372048
17,1762.81,0.1204276440711692
17,1767.19,0.11933620670810342
17,1771.56,0.1184623528830707
17,1775.94,0.11777808119542897
17,1780.31,0.11719877503812313
17,1784.69,0.11674923506099731
17,1789.0600000000002,0.11645761582069099
17,1999.06,0.04669391775736585
17,2003.4399999999998,0.04758680675236974
17,2007.8100000000002,0.04883523199765477
17,2012.1899999999998,0.05003662717121188
17,2016.5600000000002,0.05146678900811821
17,2020.94,0.0526257286767941
17,2025.3100000000002,0.05341054058633745
17,2029.69,0.05411077707656659
17,2034.0600000000002,0.05476942474837415
17,2038.44,0.05538082709419541
17,2042.8099999999997,0.05597666794201359
17,2047.19,0.05656069545657374
17,2051.56,0.05721238139551133
17,2055.94,0.0579894656711258
17,2060.31,0.0587533859105315
17,2064.69,0.05949425972532481
17,2069.06,0.06026493887067772
17,2073.44,0.06100759879802354
17,2077.81,0.0617071885347832
17,2082.19,0.06241413010749966
17,2086.56,0.06315902365138754
17,2090.9399999999996,0.06389994612662121
17,2095.31,0.06461183882900513
17,2099.69,0.0653380893683061
17,2104.06,0.06607798925018869
17,2108.44,0.06679144301917404
17,2112.81,0.06749377847299912
17,2117.19,0.0682054111722391
17,2121.56,0.06892367368098348
17,2125.94,0.06960115268593654
17,2130.31,0.07019953967537731
17,2134.69,0.07074607388582081
17,2139.0600000000004,0.07127491536550223
17,2143.44,0.07177539164898918
17,2147.8100000000004,0.07225886540487408
17,2152.19,0.07275444869650528
17,2156.56,0.07322548033902422
17,2160.94,0.07364745339611545
17,2165.31,0.07404777598101646
17,2169.69,0.07442729016300291
17,2174.06,0.074785789498128
17,2178.44,0.07513525317888707
17,2182.81,0.07548703758977354
17,2187.19,0.07582053309306502
17,2191.56,0.07608176422072574
17,2195.9399999999996,0.07628880912438035
17,2200.31,0.07650013320613652
17,2204.6899999999996,0.07673247807193548
17,2209.06,0.07694157301913947
17,2213.44,0.07707535546738654
17,2217.81,0.07713785727974028
17,2222.19,0.07712669637054205
17,2226.56,0.07695155084365979
17,2230.94,0.07651059703202918
17,2235.31,0.07580884890165179
17,2239.69,0.07493909667478875
17,2244.06,0.07397220089333131
17,2248.44,0.0729336463357322
17,2252.8100000000004,0.07184353122720495
17,2257.19,0.07070773240411654
17,2261.56,0.06955314315855503
17,2265.94,0.06843692564405501
17,2270.31,0.06739400102291256
17,2274.69,0.06640720259398222
17,2279.06,0.06544359922525472
17,2283.44,0.0644906374393031
17,2287.81,0.0635447293589823
17,2292.19,0.06256253939354792
17,2296.56,0.06153418119181879
17,2300.94,0.06056043412070721
17,2305.31,0.05973774730460718
17,2309.6899999999996,0.05909447702113539
17,2314.06,0.058571627903729676
17,2318.44,0.058052981656510384
17,2322.81,0.05748666244908236
17,2327.19,0.056892737146699804
17,2331.56,0.056274174958234655
17,2335.94,0.0556560387974605
17,2340.31,0.055087975051719695
17,2344.69,0.05463583136675879
17,2349.06,0.054325978959677744
17,2353.44,0.05411186123499647
17,2357.8100000000004,0.0539597938710358
17,2362.19,0.05381917606922798
17,2366.5600000000004,0.05363553100498393
17,2370.94,0.05337591330055148
17,2375.31,0.053078706373926254
17,2379.69,0.052725286817876624
17,2384.06,0.052199926209868866
17,2388.44,0.05154984027380124
17,2392.81,0.050935674879001455
17,2397.19,0.050380731504410504
17,2401.56,0.049841405359329655
17,2405.94,0.04924765646166634
17,2410.31,0.048616654843790456
17,2414.6899999999996,0.047875476552871984
17,2419.06,0.046917165354825555
17,2423.4399999999996,0.046178811881109144
17,2427.81,0.04566379668889567
17,2432.19,0.04507851656991988
17,2436.56,0.04425982247514185
17,2440.94,0.04359837702359073
17,2445.31,0.042996228937408884
17,2449.69,0.041769546575378624
17,2454.06,0.040670229290262795
17,2458.44,0.04033425316272769
17,2462.81,0.04000855232734466
17,2467.19,0.03949127583240625
17,2471.5600000000004,0.038640639416407795
20,402.188,0.00775381411314811
20,406.56199999999995,0.007939501756936806
20,410.93800000000005,0.008232697884996015
20,415.313,0.008603314599949953
20,419.68699999999995,0.009007879981081714
20,424.06300000000005,0.009420879104970937
20,428.438,0.009833303246414288
20,432.813,0.010225404816119409
20,437.18800000000005,0.010568784031406722
20,441.563,0.010880301046527166
20,445.938,0.01118002997500298
20,450.31300000000005,0.011464760711460258
20,454.688,0.011725227301139967
20,459.063,0.011950293688532837
20,463.438,0.012131279684454058
20,467.813,0.012277906513136259
20,472.187,0.0124095093353435
20,476.562,0.012537502578020394
20,480.938,0.012677486798911558
20,485.313,0.012871110803735064
20,489.688,0.013168117278830778
20,494.063,0.013610304607682337
20,498.438,0.014281509578577243
20,502.812,0.015293530007038498
20,507.188,0.016705325686989455
20,511.563,0.01857958698139555
20,515.937,0.02101061433822906
20,520.313,0.02383236760240834
20,524.687,0.026625407855972297
20,529.062,0.02912873305125686
20,533.438,0.031178511778780376
20,537.813,0.03273945830687808
20,542.188,0.033914627536723856
20,546.563,0.03479494859959232
20,550.938,0.03536859120089503
20,555.312,0.03553130979547859
20,559.688,0.03518864202840632
20,564.063,0.03435776412668929
20,568.438,0.033138750078269365
20,572.813,0.03170582177359393
20,577.187,0.030326442625555502
20,581.562,0.02919541094401211
20,585.938,0.02834482649770507
20,590.313,0.02772088557754614
20,594.688,0.02727018998713902
20,599.063,0.02689267282581568
20,603.438,0.02643230674279721
20,607.812,0.02578808354033754
20,612.188,0.024992467244701402
20,616.563,0.024197749196970333
20,620.937,0.023577760559073794
20,625.312,0.023194023477826703
20,629.687,0.022941250284748093
20,634.063,0.022598879705765285
20,638.437,0.021985940748236316
20,642.813,0.021105143017484805
20,647.188,0.02012041957495967
20,651.563,0.019201032099153963
20,655.938,0.01834862409850757
20,660.313,0.017489650870265903
20,664.687,0.01669013097055313
20,669.063,0.016108325050026906
20,673.438,0.01588011190305224
20,677.813,0.016120482116259608
20,682.187,0.0171054117006679
20,686.562,0.01954323243619001
20,690.937,0.02440642084433421
20,695.312,0.03204159248394717
20,699.688,0.04209099228639388
20,704.063,0.05375276191451121
20,708.438,0.06570654113776982
20,712.813,0.07732986758463084
20,717.187,0.08950306782498955
20,721.563,0.10257998536108062
20,725.938,0.11480939332395793
20,730.313,0.12502150372602044
20,734.687,0.13285748832859098
20,739.063,0.1387546189269051
20,743.437,0.14327313929330557
20,747.812,0.14665417979005724
20,752.188,0.14907934289425612
20,756.563,0.15086099470034242
20,760.938,0.15252665576990693
20,765.313,0.15405496309511363
20,769.688,0.15497245433740317
20,774.063,0.1555753868119791
20,778.438,0.15609702966175973
20,782.813,0.15656108988448977
20,787.188,0.15698604246601464
20,791.563,0.15738956457469613
20,795.937,0.15777273574844003
20,800.312,0.15813693454954772
20,804.688,0.15847968044225128
20,809.063,0.15881079914979637
20,813.438,0.15916070330888032
20,817.813,0.15952058201655744
20,822.188,0.15981977854389698
20,826.5630000000001,0.16004228523466735
20,830.937,0.16022737191524355
20,835.313,0.16041385813616216
20,839.688,0.1606263540685177
20,844.063,0.16086601476650686
20,848.437,0.16112520069349556
20,852.812,0.1613975085085258
20,857.187,0.16166358915623277
20,861.563,0.1619085337826982
20,865.938,0.16214215715881436
20,870.313,0.16236788890324533
20,874.687,0.16258098881691693
20,879.063,0.16278229773044586
20,883.437,0.16296498743817212
20,887.813,0.16312564187683165
20,892.188,0.1632800661958754
20,896.562,0.16344473633449524
20,900.938,0.16359611669089646
20,905.312,0.16369972117245196
20,909.6880000000001,0.16376602288801223
20,914.062,0.1637807103060186
20,918.438,0.16371641888283192
20,922.813,0.163596787112765
20,927.188,0.16344161567278206
20,931.563,0.16315781467128546
20,935.937,0.16240726798772812
20,940.312,0.16128799026366322
20,944.688,0.16006049183197318
20,949.063,0.15841903797350823
20,953.438,0.15653121675364673
20,957.812,0.1548188556730747
20,962.187,0.1536324605671689
20,966.562,0.15300617343746126
20,970.938,0.15275605322793126
20,975.313,0.15274689017329365
20,979.688,0.15295237205922604
20,984.063,0.15335877779405563
20,988.438,0.1539556556288153
20,992.812,0.15471438386943193
20,997.188,0.1555630968231708
20,1001.5600000000001,0.15646251512691378
20,1005.94,0.15742521175183355
20,1010.3100000000001,0.15844102370087057
20,1014.69,0.15947456637397409
20,1019.0600000000001,0.16050875948742033
20,1023.4399999999999,0.1615298284450546
20,1027.81,0.16250711153261363
20,1032.19,0.1634149483172223
20,1036.56,0.1642473909072578
20,1040.94,0.16500218007713557
20,1045.31,0.1656807391345501
20,1049.69,0.1662901106569916
20,1054.06,0.16682847569230944
20,1058.44,0.16729480880778283
20,1062.81,0.16769379252102226
20,1067.19,0.1680275237793103
20,1071.5600000000002,0.16829055682756006
20,1075.9399999999998,0.16847559883724897
20,1080.3100000000002,0.1685821077786386
20,1084.6899999999998,0.16860901564359665
20,1089.06,0.1685593065433204
20,1093.44,0.16844283566810192
20,1097.81,0.168262309175916
20,1102.19,0.16801587088499217
20,1106.56,0.16772436029277743
20,1110.94,0.1674294364452362
20,1115.31,0.16711027464829387
20,1119.69,0.16653441096656024
20,1124.06,0.1649583358503878
20,1128.44,0.16199804305564613
20,1132.8100000000002,0.15859582988545298
20,1137.1899999999998,0.15540681809186935
20,1141.56,0.15230722159612925
20,1145.94,0.14798993077129124
20,1150.31,0.14329748332500458
20,1154.69,0.14038478774949908
20,1159.06,0.13884860142599792
20,1163.44,0.13796698356047274
20,1167.81,0.13739841583650558
20,1172.19,0.1369914148701355
20,1176.56,0.13665996047668158
20,1180.94,0.136344201201573
20,1185.3100000000002,0.136032906989567
20,1189.6899999999998,0.13578535473905504
20,1194.06,0.1356753088720143
20,1198.44,0.13575205036439
20,1202.81,0.1360379350092262
20,1207.19,0.1365148638281971
20,1211.56,0.13716792101040481
20,1215.94,0.13797006087377667
20,1220.31,0.13885580854956062
20,1224.69,0.13977636003866792
20,1229.06,0.14068085045553744
20,1233.44,0.141522943014279
20,1237.8100000000002,0.14229205956682564
20,1242.1899999999998,0.14299672048073261
20,1246.56,0.14364127699285745
20,1250.94,0.14421286679804324
20,1255.31,0.14469332358799875
20,1259.69,0.14507481093052774
20,1264.06,0.14534289153292776
20,1268.44,0.14544975666329266
20,1272.81,0.14536199902184307
20,1277.19,0.14509886634070426
20,1281.56,0.14467095512431116
20,1285.94,0.1440768624935299
20,1290.3100000000002,0.14330295693129302
20,1294.6899999999998,0.1423017930937931
20,1299.0600000000002,0.14103335556574165
20,1303.4399999999998,0.13947924022562802
20,1307.81,0.1376098517747596
20,1312.19,0.13536945170722903
20,1316.56,0.13276724212337285
20,1320.94,0.12999733376782388
20,1325.31,0.12721125517971812
20,1329.69,0.12408986067399383
20,1334.06,0.12036116926465183
20,1338.44,0.11712094774935394
20,1342.81,0.11495574437081814
20,1347.19,0.11348797470796854
20,1500.31,0.04041060758045205
20,1504.69,0.04172087803609429
20,1509.0600000000002,0.043086894114021564
20,1513.4399999999998,0.044455006191928985
20,1517.8100000000002,0.045876597385795324
20,1522.1899999999998,0.04728790691267932
20,1526.56,0.04867665762634715
20,1530.94,0.05007525622582762
20,1535.31,0.051458646390237846
20,1539.69,0.052828175946488046
20,1544.06,0.05419613102392759
20,1548.44,0.055538813768653196
20,1552.81,0.056843540061963724
20,1557.19,0.05812040055403486
20,1561.56,0.05934651976102032
20,1565.94,0.06053109036525711
20,1570.3100000000002,0.061731226595584304
20,1574.6899999999998,0.0629394115996547
20,1579.06,0.06409865911817178
20,1583.44,0.0652139863895718
20,1587.81,0.06631693802191876
20,1592.19,0.06740746097173542
20,1596.56,0.06846524062217213
20,1600.94,0.06950805088621564
20,1605.31,0.07053316384903155
20,1609.69,0.07151891757268458
20,1614.06,0.07244837443577126
20,1618.44,0.073303215096239
20,1622.8100000000002,0.07410104336682707
20,1627.1899999999998,0.07484623640775681
20,1631.56,0.07552443915745244
20,1635.94,0.07613218568032608
20,1640.31,0.07667064015520736
20,1644.69,0.07711464680265635
20,1649.06,0.07742457908811047
20,1653.44,0.07758947329595685
20,1657.81,0.07762911903206259
20,1662.19,0.07758297675056383
20,1666.56,0.07748993444256484
20,1670.94,0.07735709662083537
20,1675.3100000000002,0.07714457934955135
20,1679.6899999999998,0.07680885610403493
20,1684.06,0.07634864062070847
20,1688.44,0.0757817677874118
20,1692.81,0.0751109072077088
20,1697.19,0.07434161224635318
20,1701.56,0.07350198802771046
20,1705.94,0.07262804145226255
20,1710.31,0.07175687917508185
20,1714.69,0.0709595412784256
20,1719.06,0.07027143685612827
20,1723.44,0.06966514073545113
20,1727.8100000000002,0.06914043374359607
20,1732.1899999999998,0.06867699404014274
20,1736.5600000000002,0.06817565732169896
20,1740.9399999999998,0.06756689489237033
20,1745.31,0.0668347211240325
20,1749.69,0.06602154389955103
20,1754.06,0.06521440591663122
20,1758.44,0.0644602972024586
20,1762.81,0.06379968775087036
20,1767.19,0.06323228241526521
20,1771.56,0.06278447111719287
20,1775.94,0.062435851003974675
20,1780.31,0.0621381214086432
20,1784.69,0.06190374273690395
20,1789.0600000000002,0.06175405533751473
20,1999.06,0.018696763810221454
20,2003.4399999999998,0.019305479139110845
20,2007.8100000000002,0.02003795333685048
20,2012.1899999999998,0.02060606060047576
20,2016.5600000000002,0.02122786281564913
20,2020.94,0.0217564355513332
20,2025.3100000000002,0.022147370911943652
20,2029.69,0.022518106103962054
20,2034.0600000000002,0.02287869604766456
20,2038.44,0.02322015491849925
20,2042.8099999999997,0.023554641180935504
20,2047.19,0.023878279405398644
20,2051.56,0.02422999057907873
20,2055.94,0.024634275967491702
20,2060.31,0.025016829180021887
20,2064.69,0.025382352638080193
20,2069.06,0.025767549039774167
20,2073.44,0.026149825954053085
20,2077.81,0.02651519281513174
20,2082.19,0.026877384309555056
20,2086.56,0.027252402306330623
20,2090.9399999999996,0.027631570953089976
20,2095.31,0.028008750975786825
20,2099.69,0.028397180376814504
20,2104.06,0.028787596547699648
20,2108.44,0.02916146983025101
20,2112.81,0.02953075558931232
20,2117.19,0.0299043030969824
20,2121.56,0.030279055532315625
20,2125.94,0.030642896377657963
20,2130.31,0.030987904565718052
20,2134.69,0.03132158177833844
20,2139.0600000000004,0.03165723459329456
20,2143.44,0.031993963169370546
20,2147.8100000000004,0.032340110341538095
20,2152.19,0.032710276188227
20,2156.56,0.033078305626841026
20,2160.94,0.0334268729530595
20,2165.31,0.0337735073575459
20,2169.69,0.034108707656923795
20,2174.06,0.03442699918952712
20,2178.44,0.03473886792060512
20,2182.81,0.035054162547239684
20,2187.19,0.03536665057141363
20,2191.56,0.03564066112303408
20,2195.9399999999996,0.03588238671552972
20,2200.31,0.03611139720687788
20,2204.6899999999996,0.036314706242592365
20,2209.06,0.03647384003161278
20,2213.44,0.03657520299647331
20,2217.81,0.03661107346276367
20,2222.19,0.03656702334227702
20,2226.56,0.036414569796979775
20,2230.94,0.03612961449867726
20,2235.31,0.03570732334115746
20,2239.69,0.03516251757988357
20,2244.06,0.03451659708240186
20,2248.44,0.0337951483928191
20,2252.8100000000004,0.03303041183280584
20,2257.19,0.0322399564205989
20,2261.56,0.03144720430733287
20,2265.94,0.030683097906585317
20,2270.31,0.029970044789952226
20,2274.69,0.029313752281523192
20,2279.06,0.028699400104305824
20,2283.44,0.028101651294837212
20,2287.81,0.0275029045140127
20,2292.19,0.026884089791517452
20,2296.56,0.02625697062724612
20,2300.94,0.02569542398348858
20,2305.31,0.025255209263341384
20,2309.6899999999996,0.024948568935215007
20,2314.06,0.02474069001593307
20,2318.44,0.024553191084123682
20,2322.81,0.024319999765139072
20,2327.19,0.024033576342844754
20,2331.56,0.023708119784387235
20,2335.94,0.023354585183660674
20,2340.31,0.022984018500137607
20,2344.69,0.02264121930262263
20,2349.06,0.02235639212151
20,2353.44,0.02210433712172744
20,2357.8100000000004,0.02189464222114111
20,2362.19,0.021714918672187195
20,2366.5600000000004,0.02152062486697105
20,2370.94,0.02128109548435532
20,2375.31,0.021032444476604725
20,2379.69,0.020784977866223926
20,2384.06,0.020488290880639397
20,2388.44,0.020164042314791006
20,2392.81,0.01986827636923408
20,2397.19,0.01959609958292276
20,2401.56,0.019333607189691973
20,2405.94,0.01904814509985954
20,2410.31,0.018721501122199696
20,2414.6899999999996,0.018326809942648195
20,2419.06,0.01788037772876123
20,2423.4399999999996,0.017562155447667465
20,2427.81,0.017314910554086963
20,2432.19,0.017007191282100393
20,2436.56,0.016584563703672756
20,2440.94,0.016226781307127566
20,2445.31,0.015794050465119655
20,2449.69,0.014946927590999621
20,2454.06,0.01449224923057045
20,2458.44,0.014475780411112282
20,2462.81,0.014271114514797319
20,2467.19,0.013807208216094295
20,2471.5600000000004,0.012990997470915318
22,402.188,0.007285637903987663
22,406.56199999999995,0.0074479693793000476
22,410.93800000000005,0.007709151869667039
22,415.313,0.008044567543443008
22,419.68699999999995,0.008413965819768237
22,424.06300000000005,0.008792500946353811
22,428.438,0.009173182870934084
22,432.813,0.00953946848256237
22,437.18800000000005,0.009865341532722595
22,441.563,0.010166498904609397
22,445.938,0.01046129487651342
22,450.31300000000005,0.010744017583820096
22,454.688,0.01100245032532257
22,459.063,0.01122401019118115
22,463.438,0.011400436931944568
22,467.813,0.011542264518611773
22,472.187,0.011669195971589942
22,476.562,0.011792955017444911
22,480.938,0.011930752592870703
22,485.313,0.01212764663408052
22,489.688,0.012437597596453997
22,494.063,0.012905323429658893
22,498.438,0.013618522026627033
22,502.812,0.014693139828068524
22,507.188,0.01618764387574629
22,511.563,0.018163509687001353
22,515.937,0.02071635104687175
22,520.313,0.02367225584341213
22,524.687,0.026597508867125724
22,529.062,0.029227267482347087
22,533.438,0.03139563827506208
22,537.813,0.03306464179273462
22,542.188,0.0343351702622931
22,546.563,0.03529376523645624
22,550.938,0.03592499874757778
22,555.312,0.036122755528849665
22,559.688,0.035792734478891364
22,564.063,0.034954423233793934
22,568.438,0.03371022985284071
22,572.813,0.03223736100304734
22,577.187,0.03081130407110322
22,581.562,0.029635932213350317
22,585.938,0.028747297269073897
22,590.313,0.02809077307676489
22,594.688,0.02761262363907008
22,599.063,0.027210071506924578
22,603.438,0.02672061069519259
22,607.812,0.026038558907457626
22,612.188,0.025197147461294662
22,616.563,0.024355375920567895
22,620.937,0.023696962057656493
22,625.312,0.023288344133252394
22,629.687,0.023018353961451795
22,634.063,0.02265052727652801
22,638.437,0.021988183824323642
22,642.813,0.02103108653803247
22,647.188,0.019954369984170627
22,651.563,0.018942019262394753
22,655.938,0.017996104739941076
22,660.313,0.017034135924768636
22,664.687,0.01612792958323553
22,669.063,0.015454696968590724
22,673.438,0.015169165790939586
22,677.813,0.015402946542017161
22,682.187,0.016461921215377515
22,686.562,0.019109458144571365
22,690.937,0.02435404720919905
22,695.312,0.03248261727305362
22,699.688,0.043034622134582604
22,704.063,0.055136467373595226
22,708.438,0.06743278196954634
22,712.813,0.0793217481765896
22,717.187,0.09174182479240699
22,721.563,0.10508945907000453
22,725.938,0.11762317766202614
22,730.313,0.12816881509963424
22,734.687,0.1363270542921964
22,739.063,0.1425053520919755
22,743.437,0.14725812213262543
22,747.812,0.15082718990393915
22,752.188,0.15339582154643722
22,756.563,0.15528669839142822
22,760.938,0.15705170987755993
22,765.313,0.15866118651116268
22,769.688,0.15962287578731776
22,774.063,0.16025774558773265
22,778.438,0.16080911592347547
22,782.813,0.16129897493985482
22,787.188,0.16174616468022576
22,791.563,0.16216869803727604
22,795.937,0.16256743322242984
22,800.312,0.1629444384307135
22,804.688,0.16329807964502835
22,809.063,0.16364044089918026
22,813.438,0.16400325465830976
22,817.813,0.16437395952641964
22,822.188,0.1646766363317147
22,826.5630000000001,0.1648964818310924
22,830.937,0.16507633730536328
22,835.313,0.16525831838138402
22,839.688,0.16546935214893893
22,844.063,0.16571032592095436
22,848.437,0.16597254529828206
22,852.812,0.16624874103115872
22,857.187,0.16651829815236852
22,861.563,0.166765912193805
22,865.938,0.16700130448676645
22,870.313,0.1672270523221232
22,874.687,0.1674378853919916
22,879.063,0.16763529642717911
22,883.437,0.16781393382931128
22,887.813,0.16797220618464054
22,892.188,0.16812717223074286
22,896.562,0.1682933541503735
22,900.938,0.1684422890120186
22,905.312,0.1685398002527654
22,909.6880000000001,0.16859744410729036
22,914.062,0.16859603583347052
22,918.438,0.16850825305562467
22,922.813,0.16836520538199692
22,927.188,0.16818795079598203
22,931.563,0.1678714085998945
22,935.937,0.1670445822738111
22,940.312,0.16582206193823368
22,944.688,0.16449361187173053
22,949.063,0.16272994853323325
22,953.438,0.16071387943578885
22,957.812,0.1588933334685862
22,962.187,0.15763580858474596
22,966.562,0.1569736395170912
22,970.938,0.15671071636257694
22,975.313,0.15670333600603045
22,979.688,0.15692099751438945
22,984.063,0.15734787425026298
22,988.438,0.1579749523452483
22,992.812,0.15877453530440108
22,997.188,0.15967156633967533
22,1001.5600000000001,0.16062371361535044
22,1005.94,0.16164303540950642
22,1010.3100000000001,0.16271815088344738
22,1014.69,0.16381215773290023
22,1019.0600000000001,0.16490820934530348
22,1023.4399999999999,0.16599175659473986
22,1027.81,0.1670309107704088
22,1032.19,0.16800013242755085
22,1036.56,0.16889332684921102
22,1040.94,0.1697064565657638
22,1045.31,0.17043820775114
22,1049.69,0.17109357414534315
22,1054.06,0.1716690834099427
22,1058.44,0.17216344567481429
22,1062.81,0.17258316852850838
22,1067.19,0.17293210895964875
22,1071.5600000000002,0.1732053685025312
22,1075.9399999999998,0.17339641177561135
22,1080.3100000000002,0.1735049393144436
22,1084.6899999999998,0.17352973508182912
22,1089.06,0.17347443564096465
22,1093.44,0.17335035998374224
22,1097.81,0.1731603301060386
22,1102.19,0.1729012417420745
22,1106.56,0.17259383948519827
22,1110.94,0.17228192111710086
22,1115.31,0.17194475524825975
22,1119.69,0.17133838695241138
22,1124.06,0.16968042553868146
22,1128.44,0.16656115957768633
22,1132.8100000000002,0.16296662474051118
22,1137.1899999999998,0.15959160852711649
22,1141.56,0.15631231339648366
22,1145.94,0.15176172237843275
22,1150.31,0.14684792082058265
22,1154.69,0.14382609845371916
22,1159.06,0.14224408364854754
22,1163.44,0.14133892320329322
22,1167.81,0.14075684257084503
22,1172.19,0.14034251938341186
22,1176.56,0.14000777286011726
22,1180.94,0.13969019348034636
22,1185.3100000000002,0.1393752798018977
22,1189.6899999999998,0.13912163922796025
22,1194.06,0.1390066879731603
22,1198.44,0.13908454423071817
22,1202.81,0.13937998264329507
22,1207.19,0.1398738048574887
22,1211.56,0.14054895041743293
22,1215.94,0.14137703302083537
22,1220.31,0.1422923582349904
22,1224.69,0.14324546188814566
22,1229.06,0.14418254326097668
22,1233.44,0.1450547061325051
22,1237.8100000000002,0.14585062699159607
22,1242.1899999999998,0.14657949483487756
22,1246.56,0.1472466781316325
22,1250.94,0.14784000035608189
22,1255.31,0.14834093366982415
22,1259.69,0.1487411173246801
22,1264.06,0.14902477343333886
22,1268.44,0.1491405583312735
22,1272.81,0.14905263621592893
22,1277.19,0.14878165273694322
22,1281.56,0.14833926618332044
22,1285.94,0.1477232209010981
22,1290.3100000000002,0.1469183836132288
22,1294.6899999999998,0.14587412589695303
22,1299.0600000000002,0.14454782183747739
22,1303.4399999999998,0.14292377182515337
22,1307.81,0.1409764979756437
22,1312.19,0.138646855794359
22,1316.56,0.13594002606812863
22,1320.94,0.13305715878028423
22,1325.31,0.1301572170900181
22,1329.69,0.12690944080241023
22,1334.06,0.12303169630235061
22,1338.44,0.11966323734493926
22,1342.81,0.1174130230746232
22,1347.19,0.11588731857016682
22,1500.31,0.040710788516735194
22,1504.69,0.04204247889865655
22,1509.0600000000002,0.04343322097847704
22,1513.4399999999998,0.04482867024722509
22,1517.8100000000002,0.04628141356981359
22,1522.1899999999998,0.04772644064854831
22,1526.56,0.0491511973796878
22,1530.94,0.05058822873281315
22,1535.31,0.05201118028955534
22,1539.69,0.0534213183488464
22,1544.06,0.05483147236169316
22,1548.44,0.05621733214589767
22,1552.81,0.05756540554750245
22,1557.19,0.05888563796528615
22,1561.56,0.06015389664447866
22,1565.94,0.061379566542454994
22,1570.3100000000002,0.062621930121677
22,1574.6899999999998,0.06387316961423493
22,1579.06,0.06507422324735672
22,1583.44,0.0662297725310782
22,1587.81,0.06737218886963092
22,1592.19,0.06850132840336301
22,1596.56,0.06959656955325044
22,1600.94,0.07067654553218744
22,1605.31,0.0717384626576677
22,1609.69,0.07275991299771704
22,1614.06,0.07372338063898497
22,1618.44,0.07460984211298637
22,1622.8100000000002,0.07543754466343672
22,1627.1899999999998,0.07621130262152293
22,1631.56,0.0769167849153746
22,1635.94,0.07755013090907596
22,1640.31,0.07811245755874552
22,1644.69,0.0785787039855495
22,1649.06,0.07890950223547406
22,1653.44,0.07909542630543001
22,1657.81,0.07915723293204792
22,1662.19,0.07913413584115915
22,1666.56,0.07906354033038951
22,1670.94,0.0789498694834765
22,1675.3100000000002,0.0787500509514939
22,1679.6899999999998,0.07841808917582967
22,1684.06,0.07795193665660918
22,1688.44,0.07737004918046296
22,1692.81,0.07667666458408348
22,1697.19,0.0758805440145079
22,1701.56,0.07501428502495401
22,1705.94,0.07411725422600285
22,1710.31,0.07322679227625485
22,1714.69,0.0724124868522631
22,1719.06,0.07170761358342133
22,1723.44,0.07108300282852724
22,1727.8100000000002,0.07053845827002078
22,1732.1899999999998,0.07005343941797036
22,1736.5600000000002,0.06952528808149509
22,1740.9399999999998,0.06888215766928624
22,1745.31,0.06810800542531069
22,1749.69,0.06724806315964088
22,1754.06,0.0663947095774347
22,1758.44,0.06559765534941107
22,1762.81,0.06489937170001213
22,1767.19,0.06429922944109422
22,1771.56,0.06382598112046253
22,1775.94,0.06345889328280464
22,1780.31,0.06314748333010357
22,1784.69,0.06290453075431288
22,1789.0600000000002,0.06275068248389289
22,1999.06,0.018603596734974418
22,2003.4399999999998,0.019225163836163118
22,2007.8100000000002,0.01997307129400724
22,2012.1899999999998,0.02055061425268832
22,2016.5600000000002,0.02117722743365448
22,2020.94,0.021709446598506474
22,2025.3100000000002,0.022105509901230107
22,2029.69,0.022482749598192412
22,2034.0600000000002,0.022850586463318903
22,2038.44,0.023200387536253402
22,2042.8099999999997,0.02354457248438848
22,2047.19,0.023878943235213227
22,2051.56,0.02424406817601266
22,2055.94,0.024665216325156506
22,2060.31,0.02506437033371185
22,2064.69,0.025446211161251994
22,2069.06,0.02584858322312357
22,2073.44,0.026247703608096345
22,2077.81,0.0266292798401264
22,2082.19,0.02700753424225695
22,2086.56,0.0273986017023708
22,2090.9399999999996,0.027794022876551024
22,2095.31,0.028187972070991236
22,2099.69,0.0285934925131005
22,2104.06,0.029000634012736556
22,2108.44,0.029390800827927707
22,2112.81,0.029776356113502517
22,2117.19,0.030166491243517158
22,2121.56,0.030558072508338228
22,2125.94,0.030938485198530544
22,2130.31,0.03129850993856962
22,2134.69,0.031643922463954366
22,2139.0600000000004,0.031987614161189414
22,2143.44,0.032329728114418685
22,2147.8100000000004,0.032679474865726664
22,2152.19,0.03305106223670009
22,2156.56,0.033417288323980755
22,2160.94,0.033761024772175005
22,2165.31,0.03410105336373817
22,2169.69,0.03443019311951503
22,2174.06,0.03474403804390022
22,2178.44,0.035052532455410984
22,2182.81,0.03536512716007564
22,2187.19,0.03567622813630805
22,2191.56,0.03595029622098082
22,2195.9399999999996,0.03619282810131153
22,2200.31,0.03642275895525018
22,2204.6899999999996,0.036626347528651876
22,2209.06,0.03678560268405818
22,2213.44,0.03688808045001224
22,2217.81,0.03692561286736236
22,2222.19,0.03688225470781617
22,2226.56,0.03672899966180012
22,2230.94,0.03644148599061282
22,2235.31,0.03601543183660397
22,2239.69,0.03546773344380199
22,2244.06,0.03482181062998279
22,2248.44,0.03410474430667818
22,2252.8100000000004,0.03335013241528941
22,2257.19,0.032575478833496166
22,2261.56,0.03180255445186049
22,2265.94,0.031060664653814456
22,2270.31,0.030369761651495537
22,2274.69,0.02973280483858616
22,2279.06,0.029133664916225824
22,2283.44,0.02854644488012127
22,2287.81,0.02795401086041238
22,2292.19,0.027338784648163708
22,2296.56,0.02671304515344673
22,2300.94,0.02614924490044359
22,2305.31,0.025701079859682067
22,2309.6899999999996,0.02537937223150948
22,2314.06,0.02515007871425041
22,2318.44,0.02493660723463108
22,2322.81,0.02467833171143866
22,2327.19,0.024374356443113355
22,2331.56,0.02403810361709475
22,2335.94,0.02367616700128565
22,2340.31,0.023297627004576497
22,2344.69,0.022947102990306122
22,2349.06,0.02265327169201555
22,2353.44,0.022388820110836604
22,2357.8100000000004,0.02216646410684007
22,2362.19,0.021975053621681583
22,2366.5600000000004,0.021768121265995432
22,2370.94,0.02151401252638607
22,2375.31,0.02125158861350428
22,2379.69,0.020992389952261874
22,2384.06,0.02068476768956316
22,2388.44,0.02035068743785814
22,2392.81,0.02004516328284808
22,2397.19,0.019762926425937622
22,2401.56,0.019491209840998634
22,2405.94,0.019196366283358655
22,2410.31,0.018859174612443894
22,2414.6899999999996,0.01845214070621523
22,2419.06,0.017990340042179014
22,2423.4399999999996,0.017660470070877635
22,2427.81,0.017404703480933675
22,2432.19,0.017086864263183087
22,2436.56,0.01665190383715526
22,2440.94,0.0162871122487104
22,2445.31,0.015854025104035826
22,2449.69,0.015001770416884028
22,2454.06,0.014531558151952595
22,2458.44,0.01451016221161808
22,2462.81,0.014302745284103366
22,2467.19,0.013824285172777308
22,2471.5600000000004,0.012973677780946673
25,402.188,0.00696237332031842
25,406.56199999999995,0.007121638857129895
25,410.93800000000005,0.007376114321741625
25,415.313,0.007701290802560834
25,419.68699999999995,0.008059866688508919
25,424.06300000000005,0.008429649669876653
25,428.438,0.008803300330419006
25,432.813,0.009163703663798515
25,437.18800000000005,0.009485370043415741
25,441.563,0.009783627830752267
25,445.938,0.010075816527623828
25,450.31300000000005,0.01035613364430901
25,454.688,0.010612898792860505
25,459.063,0.01083393131448247
25,463.438,0.011011060234977776
25,467.813,0.011154364246267505
25,472.187,0.011282528745887248
25,476.562,0.011406950319851603
25,480.938,0.01154432460451062
25,485.313,0.011738000003970229
25,489.688,0.01203965489028633
25,494.063,0.012491361402242092
25,498.438,0.013175188291434096
25,502.812,0.014199086766591904
25,507.188,0.015615320053657343
25,511.563,0.017479368773992972
25,515.937,0.01988043863848361
25,520.313,0.022655908987217116
25,524.687,0.02540029499810771
25,529.062,0.027867240582709202
25,533.438,0.029902670638985
25,537.813,0.031471523224754494
25,542.188,0.032668213647120865
25,546.563,0.033573240133700895
25,550.938,0.034171673489472594
25,555.312,0.034364388101530495
25,559.688,0.03406350830307929
25,564.063,0.033287163453933316
25,568.438,0.032131133458751716
25,572.813,0.03076114494673675
25,577.187,0.029434875503648074
25,581.562,0.028343363497115207
25,585.938,0.02752003811954637
25,590.313,0.026913434468224296
25,594.688,0.0264725898240431
25,599.063,0.026101359652166138
25,603.438,0.025647725172311765
25,607.812,0.025012768705928466
25,612.188,0.024227730673592306
25,616.563,0.02344187364622485
25,620.937,0.02282747458688391
25,625.312,0.022447101936486434
25,629.687,0.022196718616487487
25,634.063,0.021854477309275352
25,638.437,0.02123567971848388
25,642.813,0.020339342677366402
25,647.188,0.019328803736825648
25,651.563,0.01837610999635217
25,655.938,0.0174824313996578
25,660.313,0.016569200910753354
25,664.687,0.015704310792141313
25,669.063,0.015057504980491103
25,673.438,0.01477962469002705
25,677.813,0.01499935739227567
25,682.187,0.016006738332989486
25,686.562,0.01851512522676785
25,690.937,0.02345674383108417
25,695.312,0.03108577936531219
25,699.688,0.04097709441040934
25,704.063,0.05233541947061895
25,708.438,0.06390922424267047
25,712.813,0.0751429538379307
25,717.187,0.08693570023169742
25,721.563,0.09967678441433236
25,725.938,0.11170049433130771
25,730.313,0.12184832625905984
25,734.687,0.12969846812891775
25,739.063,0.13563089819159357
25,743.437,0.14018580880714582
25,747.812,0.14360369159840047
25,752.188,0.14606320019811392
25,756.563,0.14787256936077028
25,760.938,0.1495666779228486
25,765.313,0.15112847400130705
25,769.688,0.15207177719334142
25,774.063,0.15269238283159212
25,778.438,0.153226405356545
25,782.813,0.15369811391923577
25,787.188,0.15412758578313515
25,791.563,0.1545343511318788
25,795.937,0.15491983823711053
25,800.312,0.15528485648799686
25,804.688,0.155626922280062
25,809.063,0.15595572830876336
25,813.438,0.15630199166480452
25,817.813,0.1566587137337774
25,822.188,0.15695567183895037
25,826.5630000000001,0.15717547192703932
25,830.937,0.15735780427930876
25,835.313,0.157543543796055
25,839.688,0.1577582801086828
25,844.063,0.15800224722363054
25,848.437,0.1582663113484159
25,852.812,0.15854368117405102
25,857.187,0.15881498400354757
25,861.563,0.15906480308854953
25,865.938,0.15930241722846403
25,870.313,0.15953023238806055
25,874.687,0.15974267482524737
25,879.063,0.15994145925855263
25,883.437,0.1601216228166595
25,887.813,0.16028021375881507
25,892.188,0.1604319141898304
25,896.562,0.1605928142182529
25,900.938,0.16074070712085814
25,905.312,0.16084148805821313
25,909.6880000000001,0.1609026623237878
25,914.062,0.16090736728860067
25,918.438,0.160828980372753
25,922.813,0.16069289409555496
25,927.188,0.16051763227907942
25,931.563,0.16020300024189055
25,935.937,0.1593982635717839
25,940.312,0.15822671133326366
25,944.688,0.156962713082321
25,949.063,0.15528411081526428
25,953.438,0.1533628392731771
25,957.812,0.15162721758475528
25,962.187,0.15042948053916916
25,966.562,0.14980047225020826
25,970.938,0.1495516532380134
25,975.313,0.14954749030293896
25,979.688,0.1497635870636441
25,984.063,0.15018741792999207
25,988.438,0.15081117402529343
25,992.812,0.15160427604801952
25,997.188,0.15248601517872884
25,1001.5600000000001,0.15341379046672954
25,1005.94,0.1544020252302289
25,1010.3100000000001,0.15544052149867638
25,1014.69,0.15649450067663565
25,1019.0600000000001,0.15754892595112324
25,1023.4399999999999,0.15859177449950948
25,1027.81,0.15959498576587067
25,1032.19,0.16053371862275526
25,1036.56,0.16139968919800596
25,1040.94,0.16218827839707955
25,1045.31,0.16289889928884804
25,1049.69,0.16353705801768229
25,1054.06,0.16409965224796907
25,1058.44,0.16458457929780707
25,1062.81,0.16499648515600712
25,1067.19,0.16533857874572278
25,1071.5600000000002,0.16560711664846167
25,1075.9399999999998,0.16579544172855093
25,1080.3100000000002,0.16590227030450477
25,1084.6899999999998,0.16592613739427178
25,1089.06,0.1658707920787856
25,1093.44,0.16574717344716192
25,1097.81,0.16555815179133787
25,1102.19,0.16530178802320733
25,1106.56,0.16499943545321002
25,1110.94,0.16469386055367066
25,1115.31,0.164364062177483
25,1119.69,0.16377452642656862
25,1124.06,0.16217791252536698
25,1128.44,0.15918373240390793
25,1132.8100000000002,0.15571834090864287
25,1137.1899999999998,0.15244562207954004
25,1141.56,0.14925057210959494
25,1145.94,0.1448081892589107
25,1150.31,0.1400102404435165
25,1154.69,0.13706060057971625
25,1159.06,0.13552072413032876
25,1163.44,0.13464575933292508
25,1167.81,0.13408928422955796
25,1172.19,0.13369828840252013
25,1176.56,0.1333856218890287
25,1180.94,0.1330894947843626
25,1185.3100000000002,0.13279549170518293
25,1189.6899999999998,0.13255999576998875
25,1194.06,0.1324575636116788
25,1198.44,0.13254132293863222
25,1202.81,0.1328349685505964
25,1207.19,0.13331764495465903
25,1211.56,0.13397201497340575
25,1215.94,0.1347712743212469
25,1220.31,0.13565228095510976
25,1224.69,0.13656866965582595
25,1229.06,0.13747146322159096
25,1233.44,0.13831463161390276
25,1237.8100000000002,0.13908643900183962
25,1242.1899999999998,0.13979537988081575
25,1246.56,0.14044639903120695
25,1250.94,0.14102624340215697
25,1255.31,0.14151574708754197
25,1259.69,0.14190668071852997
25,1264.06,0.14218387893401085
25,1268.44,0.14229719558730722
25,1272.81,0.1422109427023679
25,1277.19,0.1419443049747497
25,1281.56,0.14150826734956354
25,1285.94,0.14090133205754682
25,1290.3100000000002,0.1401094985776581
25,1294.6899999999998,0.13908341140020639
25,1299.0600000000002,0.1377817048644647
25,1303.4399999999998,0.1361883738473989
25,1307.81,0.13427814344409852
25,1312.19,0.1319980838173069
25,1316.56,0.12935921780997886
25,1320.94,0.12655843256856314
25,1325.31,0.12374902078765444
25,1329.69,0.12061196580878458
25,1334.06,0.11687559413374402
25,1338.44,0.11363430315279402
25,1342.81,0.1114697481226176
25,1347.19,0.1100014160957653
25,1500.31,0.03865735138519085
25,1504.69,0.039908246083068664
25,1509.0600000000002,0.04121515082311816
25,1513.4399999999998,0.04252695366623811
25,1517.8100000000002,0.043893368787248616
25,1522.1899999999998,0.045253390258876605
25,1526.56,0.04659511737932917
25,1530.94,0.04794944168359507
25,1535.31,0.04929176707926672
25,1539.69,0.050623284641187635
25,1544.06,0.05195591883966699
25,1548.44,0.053266373893711715
25,1552.81,0.05454193315352313
25,1557.19,0.055792116026277656
25,1561.56,0.056994225879898296
25,1565.94,0.058157192112412305
25,1570.3100000000002,0.059337051827460525
25,1574.6899999999998,0.06052621075126808
25,1579.06,0.06166814020718448
25,1583.44,0.0627672416146379
25,1587.81,0.06385418325313368
25,1592.19,0.06492866144981235
25,1596.56,0.06597070673597046
25,1600.94,0.06699809543555603
25,1605.31,0.06800835281843319
25,1609.69,0.06898034412995913
25,1614.06,0.06989752742811106
25,1618.44,0.07074194304062985
25,1622.8100000000002,0.07153116620262154
25,1627.1899999999998,0.07226963926223107
25,1631.56,0.07294303060742095
25,1635.94,0.07354778895387426
25,1640.31,0.07408575278124772
25,1644.69,0.07453376574558206
25,1649.06,0.07485469361767173
25,1653.44,0.07503927030949853
25,1657.81,0.07510693811927922
25,1662.19,0.07509482655441388
25,1666.56,0.07503819111385383
25,1670.94,0.0749401905958075
25,1675.3100000000002,0.07476045670802706
25,1679.6899999999998,0.07445725428522565
25,1684.06,0.07402898106956854
25,1688.44,0.07349258120753803
25,1692.81,0.07285173646290787
25,1697.19,0.07211371930781751
25,1701.56,0.07130768027855083
25,1705.94,0.07046936165890656
25,1710.31,0.06963332829880528
25,1714.69,0.06886496426886879
25,1719.06,0.06819557465962134
25,1723.44,0.06759716338827275
25,1727.8100000000002,0.06706996587920003
25,1732.1899999999998,0.06659552783006802
25,1736.5600000000002,0.0660782351961825
25,1740.9399999999998,0.06545350893284194
25,1745.31,0.06470833441824653
25,1749.69,0.06388453656807541
25,1754.06,0.06306734536308795
25,1758.44,0.062302227134350685
25,1762.81,0.061629227325320245
25,1767.19,0.06104818896681536
25,1771.56,0.06058772176678758
25,1775.94,0.06022910603322089
25,1780.31,0.05992493014200591
25,1784.69,0.05968844064802397
25,1789.0600000000002,0.059538935499149376
25,1999.06,0.017979102858462284
25,2003.4399999999998,0.01855169167769418
25,2007.8100000000002,0.019246307574176173
25,2012.1899999999998,0.019792462756595342
25,2016.5600000000002,0.02039537261473015
25,2020.94,0.020907013912219555
25,2025.3100000000002,0.02128204911314242
25,2029.69,0.02163550459430553
25,2034.0600000000002,0.021978633409380565
25,2038.44,0.022303450112613064
25,2042.8099999999997,0.02262191106085538
25,2047.19,0.022930745456919796
25,2051.56,0.02326761658612668
25,2055.94,0.023656959378240573
25,2060.31,0.02402777112154581
25,2064.69,0.024383905467257137
25,2069.06,0.02476019542409631
25,2073.44,0.025133622349530923
25,2077.81,0.02549005163666152
25,2082.19,0.02584345490213309
25,2086.56,0.026209968717739684
25,2090.9399999999996,0.0265807511631283
25,2095.31,0.026949322216096333
25,2099.69,0.02732905753808154
25,2104.06,0.02771126424544491
25,2108.44,0.028077657498724876
25,2112.81,0.028440025064264775
25,2117.19,0.02880718996268115
25,2121.56,0.029176054053787082
25,2125.94,0.029533741128580003
25,2130.31,0.029871169270118115
25,2134.69,0.03019545546172594
25,2139.0600000000004,0.03051958363117592
25,2143.44,0.030842200709412283
25,2147.8100000000004,0.031170951257918203
25,2152.19,0.03151960613733536
25,2156.56,0.03186320016998934
25,2160.94,0.03218577833774816
25,2165.31,0.03250504217670823
25,2169.69,0.03281393131603181
25,2174.06,0.03310804192071373
25,2178.44,0.033397214003780394
25,2182.81,0.03369079821583
25,2187.19,0.033982406224386065
25,2191.56,0.03423772699312394
25,2195.9399999999996,0.03446243827143917
25,2200.31,0.034675917694694365
25,2204.6899999999996,0.03486695063926163
25,2209.06,0.03501734323712299
25,2213.44,0.03511305961081234
25,2217.81,0.035147405212846934
25,2222.19,0.03510747520951554
25,2226.56,0.03496436516223184
25,2230.94,0.03469306402526854
25,2235.31,0.03429004328063456
25,2239.69,0.033772399248337026
25,2244.06,0.03316278001126193
25,2248.44,0.032486262912207166
25,2252.8100000000004,0.031772923854005056
25,2257.19,0.031038743667850213
25,2261.56,0.03030547455113265
25,2265.94,0.0296018674900688
25,2270.31,0.028947594876372024
25,2274.69,0.028345039484302104
25,2279.06,0.02777827499616251
25,2283.44,0.027223777188592067
25,2287.81,0.026666446206436375
25,2292.19,0.02608853684992937
25,2296.56,0.02549915948729904
25,2300.94,0.0249651588404231
25,2305.31,0.02453797877198667
25,2309.6899999999996,0.024230267907478266
25,2314.06,0.024010518817740377
25,2318.44,0.023805940986712813
25,2322.81,0.02356023831474886
25,2327.19,0.023272614987872656
25,2331.56,0.022955427915003383
25,2335.94,0.02261667802587908
25,2340.31,0.02226496605297143
25,2344.69,0.021939453002087248
25,2349.06,0.021666532078161254
25,2353.44,0.021422596767170034
25,2357.8100000000004,0.02121926485164295
25,2362.19,0.02104596588794067
25,2366.5600000000004,0.02085890704942358
25,2370.94,0.020627664883636782
25,2375.31,0.020387592059159944
25,2379.69,0.020148499528950196
25,2384.06,0.01986112736580253
25,2388.44,0.019546715549950022
25,2392.81,0.019259697456600406
25,2397.19,0.018995076114115363
25,2401.56,0.018738655405918507
25,2405.94,0.018458233935011777
25,2410.31,0.018135784791284096
25,2414.6899999999996,0.017744392657650678
25,2419.06,0.01730583936019684
25,2423.4399999999996,0.01699789113303268
25,2427.81,0.01675799033154817
25,2432.19,0.016457330098846798
25,2436.56,0.01604655435643508
25,2440.94,0.015702166379637676
25,2445.31,0.015284010500326985
25,2449.69,0.014449229402414403
25,2454.06,0.013989650647927192
25,2458.44,0.013974771434550348
25,2462.81,0.013779794936019697
25,2467.19,0.013323411261590081
25,2471.5600000000004,0.0125075793943779
27,402.188,0.008440197444672322
27,406.56199999999995,0.008612859639406452
27,410.93800000000005,0.008887298386653128
27,415.313,0.009236495541899785
27,419.68699999999995,0.009621181370548584
27,424.06300000000005,0.010018136898088415
27,428.438,0.010418307479249052
27,432.813,0.010803094778948434
27,437.18800000000005,0.011146418558801087
27,441.563,0.011465456015175733
27,445.938,0.011779092083124852
27,450.31300000000005,0.01208105424851965
27,454.688,0.012358901806182985
27,459.063,0.012600394764267548
27,463.438,0.01279701323939662
27,467.813,0.01295876238917117
27,472.187,0.01310518434673213
27,476.562,0.013247930762222495
27,480.938,0.01340426120864322
27,485.313,0.013620279198330537
27,489.688,0.01395028256072692
27,494.063,0.014436897244595457
27,498.438,0.015166076770017977
27,502.812,0.016251048561389324
27,507.188,0.017744999770693538
27,511.563,0.01970508985179549
27,515.937,0.022224980535102076
27,520.313,0.025134119456924963
27,524.687,0.02800825868776883
27,529.062,0.030590867403661834
27,533.438,0.032721987470577
27,537.813,0.0343659170641331
27,542.188,0.035621502637804954
27,546.563,0.03657203285518335
27,550.938,0.037202786578855014
27,555.312,0.03741453166381689
27,559.688,0.03711943603877444
27,564.063,0.03633544293756131
27,568.438,0.0351578262867406
27,572.813,0.033755669346719516
27,577.187,0.0323965218194644
27,581.562,0.03128042418829864
27,585.938,0.030444651226571296
27,590.313,0.029836816870374604
27,594.688,0.02940045795083279
27,599.063,0.02903332844376564
27,603.438,0.028579857405711662
27,607.812,0.02793923688441282
27,612.188,0.027144200314360205
27,616.563,0.026349328877986408
27,620.937,0.02573315270627063
27,625.312,0.02536094981009228
27,629.687,0.025124195607568255
27,634.063,0.024791937988311474
27,638.437,0.024173361440198278
27,642.813,0.023268694341713855
27,647.188,0.02224676330006332
27,651.563,0.02128350651186338
27,655.938,0.020379669739995734
27,660.313,0.019456339680582458
27,664.687,0.018586098609630425
27,669.063,0.01794500410564069
27,673.438,0.017688300470181276
27,677.813,0.01794876103842398
27,682.187,0.019026942434793456
27,686.562,0.021664056416448148
27,690.937,0.02682567239862692
27,695.312,0.03476793475856539
27,699.688,0.04504052591539221
27,704.063,0.05680966868916584
27,708.438,0.06877425045851851
27,712.813,0.08036068256857107
27,717.187,0.09249324043572414
27,721.563,0.10557306503178551
27,725.938,0.11791141136665828
27,730.313,0.12834799339063466
27,734.687,0.13645837357849813
27,739.063,0.14261590189533307
27,743.437,0.14734937271103263
27,747.812,0.15089443393284455
27,752.188,0.1534404647257179
27,756.563,0.15531757732154802
27,760.938,0.1570867287297733
27,765.313,0.15871543559245765
27,769.688,0.15969375014770776
27,774.063,0.16034522275440394
27,778.438,0.16091868792427705
27,782.813,0.16143496306147426
27,787.188,0.1619111983384937
27,791.563,0.16236513906624167
27,795.937,0.1627971277013421
27,800.312,0.16320871439063922
27,804.688,0.16359725100221112
27,809.063,0.16397456950042397
27,813.438,0.16437632518820464
27,817.813,0.1647926532686688
27,822.188,0.16514139650622384
27,826.5630000000001,0.1654043488483876
27,830.937,0.16562707795295864
27,835.313,0.16585121034178882
27,839.688,0.16610200233990327
27,844.063,0.16638116677524523
27,848.437,0.16668233213014902
27,852.812,0.16700031964806838
27,857.187,0.16731311948271468
27,861.563,0.16760287412209438
27,865.938,0.1678810228337534
27,870.313,0.16815062030451372
27,874.687,0.1684049298451282
27,879.063,0.16864656453486532
27,883.437,0.16887048282194883
27,887.813,0.16907271657604725
27,892.188,0.16926971359178425
27,896.562,0.16948199389036744
27,900.938,0.16968415504321455
27,905.312,0.16983181812101975
27,909.6880000000001,0.16993768721353264
27,914.062,0.16999006518628448
27,918.438,0.16995478318538518
27,922.813,0.1698524651955813
27,927.188,0.16970412492053583
27,931.563,0.16941613784059883
27,935.937,0.16865206771763042
27,940.312,0.167519680862315
27,944.688,0.16627514768159016
27,949.063,0.1646125488774851
27,953.438,0.16270707082934677
27,957.812,0.1609877413348295
27,962.187,0.15981172506930308
27,966.562,0.15920731541235
27,970.938,0.15898223678348586
27,975.313,0.15900404006708413
27,979.688,0.1592501882882789
27,984.063,0.15971888485830277
27,988.438,0.16042518402449787
27,992.812,0.16133208348881453
27,997.188,0.16231836179038509
27,1001.5600000000001,0.1633264882536605
27,1005.94,0.16438298143679275
27,1010.3100000000001,0.1654832877148874
27,1014.69,0.16659388373838738
27,1019.0600000000001,0.1677024276088923
27,1023.4399999999999,0.1687969260965474
27,1027.81,0.16984782682266086
27,1032.19,0.17083205063128845
27,1036.56,0.1717441209102981
27,1040.94,0.1725792934396304
27,1045.31,0.173335598052945
27,1049.69,0.17401844651205464
27,1054.06,0.1746245851367712
27,1058.44,0.17515130679123103
27,1062.81,0.17560439896536992
27,1067.19,0.17598967266501858
27,1071.5600000000002,0.17630376156186686
27,1075.9399999999998,0.17653793818084523
27,1080.3100000000002,0.17668918705545367
27,1084.6899999999998,0.17675519844284282
27,1089.06,0.1767392369476147
27,1093.44,0.1766528224828653
27,1097.81,0.17649847734253854
27,1102.19,0.1762719318107702
27,1106.56,0.17599330523749812
27,1110.94,0.17570799375418575
27,1115.31,0.1754027307080105
27,1119.69,0.17485699257580564
27,1124.06,0.1733337447606027
27,1128.44,0.17039119844324888
27,1132.8100000000002,0.1669190417579375
27,1137.1899999999998,0.16361878218362108
27,1141.56,0.1603909724391997
27,1145.94,0.1558889762731269
27,1150.31,0.15101078010397032
27,1154.69,0.1480054740421474
27,1159.06,0.14644100576406344
27,1163.44,0.14556376919848846
27,1167.81,0.1450211684522219
27,1172.19,0.14465638405410572
27,1176.56,0.14437859930796548
27,1180.94,0.14412199614802376
27,1185.3100000000002,0.14386724209296517
27,1189.6899999999998,0.1436662150360644
27,1194.06,0.143594811798539
27,1198.44,0.14371219573658892
27,1202.81,0.1440440039569512
27,1207.19,0.1445656313584186
27,1211.56,0.1452580433874391
27,1215.94,0.1460954175447114
27,1220.31,0.14701773138949648
27,1224.69,0.14798158276360482
27,1229.06,0.1489351950865239
27,1233.44,0.14982862201984973
27,1237.8100000000002,0.1506506616040133
27,1242.1899999999998,0.15141045090043917
27,1246.56,0.1521116072894074
27,1250.94,0.15274031423963608
27,1255.31,0.15327775545418262
27,1259.69,0.1537156428117305
27,1264.06,0.15403697761707008
27,1268.44,0.15418707150034605
27,1272.81,0.1541263835504651
27,1277.19,0.15387642066692933
27,1281.56,0.1534527695691213
27,1285.94,0.1528548958688043
27,1290.3100000000002,0.15206818650942297
27,1294.6899999999998,0.15104460844537243
27,1299.0600000000002,0.14974556863773614
27,1303.4399999999998,0.14815549393184482
27,1307.81,0.14624544276157395
27,1312.19,0.14395665972260757
27,1316.56,0.1412976818601601
27,1320.94,0.13847103978507222
27,1325.31,0.13563600672176107
27,1329.69,0.13246680231764912
27,1334.06,0.12867873886483722
27,1338.44,0.12537793049472384
27,1342.81,0.12316356907016597
27,1347.19,0.12165561424568296
27,1500.31,0.04764024977386725
27,1504.69,0.048991204304329586
27,1509.0600000000002,0.050402100032388264
27,1513.4399999999998,0.05181771023460897
27,1517.8100000000002,0.053290704861392445
27,1522.1899999999998,0.0547547179619869
27,1526.56,0.056197466468511266
27,1530.94,0.05765198496301309
27,1535.31,0.059091486524557695
27,1539.69,0.06051760887858108
27,1544.06,0.06194354762948933
27,1548.44,0.06334435385186225
27,1552.81,0.0647060644661542
27,1557.19,0.06603907243232243
27,1561.56,0.0673200857284246
27,1565.94,0.06855955556762637
27,1570.3100000000002,0.06981721340474906
27,1574.6899999999998,0.07108329763868823
27,1579.06,0.07229682868695818
27,1583.44,0.07346348479593871
27,1587.81,0.07461709400697146
27,1592.19,0.07575783121108542
27,1596.56,0.076865148661891
27,1600.94,0.07795828104979591
27,1605.31,0.07903336990857497
27,1609.69,0.08006599920190638
27,1614.06,0.08103821755386889
27,1618.44,0.08193287018861156
27,1622.8100000000002,0.08277012227918021
27,1627.1899999999998,0.0835542672779411
27,1631.56,0.08426956790150143
27,1635.94,0.08491228958591819
27,1640.31,0.08548452799150255
27,1644.69,0.08596140609646681
27,1649.06,0.08630325983045622
27,1653.44,0.08650065808033106
27,1657.81,0.08657443554373458
27,1662.19,0.08656409431539941
27,1666.56,0.08650714019604493
27,1670.94,0.08640701406169683
27,1675.3100000000002,0.0862207931355806
27,1679.6899999999998,0.08590491636132355
27,1684.06,0.08545883157465141
27,1688.44,0.08490099589631427
27,1692.81,0.08423517081537284
27,1697.19,0.08346829560992773
27,1701.56,0.08262998179183341
27,1705.94,0.08175654870457948
27,1710.31,0.08088305518496781
27,1714.69,0.0800778969709063
27,1719.06,0.07937525974673917
27,1723.44,0.07874765325948829
27,1727.8100000000002,0.07819735883647809
27,1732.1899999999998,0.07770681224646978
27,1736.5600000000002,0.07717562484118388
27,1740.9399999999998,0.07653329431865132
27,1745.31,0.07576232433901169
27,1749.69,0.07490508942835732
27,1754.06,0.07405213984049624
27,1758.44,0.07325370134582045
27,1762.81,0.07255391332088039
27,1767.19,0.0719530070447945
27,1771.56,0.07148016809893307
27,1775.94,0.07111432382225757
27,1780.31,0.07080384411150589
27,1784.69,0.07056153746671043
27,1789.0600000000002,0.07040785502060316
27,1999.06,0.0249380571905931
27,2003.4399999999998,0.0255786741963675
27,2007.8100000000002,0.026394950541143773
27,2012.1899999999998,0.02708476359868655
27,2016.5600000000002,0.02785892157655326
27,2020.94,0.028495332939164654
27,2025.3100000000002,0.028948176553258237
27,2029.69,0.02936858220232807
27,2034.0600000000002,0.02977023850245132
27,2038.44,0.030142866755722933
27,2042.8099999999997,0.030502403651735222
27,2047.19,0.030851189307031745
27,2051.56,0.031236583812642493
27,2055.94,0.03168658136444719
27,2060.31,0.03211694182311476
27,2064.69,0.03252776660818199
27,2069.06,0.03295553754505818
27,2073.44,0.033375037784135204
27,2077.81,0.033776054973859576
27,2082.19,0.034178828311414694
27,2086.56,0.03460004794644192
27,2090.9399999999996,0.03502243703340355
27,2095.31,0.03543513629731024
27,2099.69,0.03585824805602897
27,2104.06,0.03628653940730146
27,2108.44,0.03669816535330028
27,2112.81,0.03710509816693957
27,2117.19,0.037518271304434164
27,2121.56,0.03793399111527833
27,2125.94,0.03833133949228795
27,2130.31,0.03869556995749008
27,2134.69,0.03904102745742421
27,2139.0600000000004,0.03938621994078858
27,2143.44,0.03972675432654796
27,2147.8100000000004,0.040069976912054696
27,2152.19,0.040432220728107496
27,2156.56,0.0407871192478342
27,2160.94,0.041117669161249065
27,2165.31,0.04144238320652221
27,2169.69,0.041755777685029895
27,2174.06,0.04205439213263162
27,2178.44,0.04234841949379188
27,2182.81,0.04264766139152926
27,2187.19,0.042941910607478345
27,2191.56,0.04319288127851905
27,2195.9399999999996,0.04340990945303929
27,2200.31,0.04362167807717924
27,2204.6899999999996,0.04382363973549218
27,2209.06,0.04399078900918539
27,2213.44,0.0440991747786029
27,2217.81,0.04414553126516694
27,2222.19,0.044119757936132376
27,2226.56,0.043977286301596905
27,2230.94,0.043674290172275504
27,2235.31,0.043209128010421406
27,2239.69,0.0426157244922797
27,2244.06,0.041927086375653747
27,2248.44,0.04116861887989216
27,2252.8100000000004,0.04036907683010213
27,2257.19,0.039543512042437216
27,2261.56,0.038715808448323515
27,2265.94,0.03792157411997323
27,2270.31,0.03718505791111966
27,2274.69,0.03650442202531849
27,2279.06,0.035859431518620116
27,2283.44,0.03522924912482267
27,2287.81,0.03460072134505026
27,2292.19,0.03394877847400494
27,2296.56,0.03327794101358449
27,2300.94,0.03266374858227209
27,2305.31,0.03216970548615791
27,2309.6899999999996,0.031812035322218435
27,2314.06,0.03155136055880575
27,2318.44,0.03130507951362233
27,2322.81,0.031015910631176667
27,2327.19,0.030682748477120186
27,2331.56,0.0303157699514486
27,2335.94,0.029931359923975834
27,2340.31,0.02955099849601538
27,2344.69,0.029219121334645024
27,2349.06,0.028962911807975614
27,2353.44,0.028756368372578434
27,2357.8100000000004,0.028594639458783603
27,2362.19,0.02845467265676234
27,2366.5600000000004,0.0282933407503333
27,2370.94,0.0280814818124054
27,2375.31,0.027851394632743904
27,2379.69,0.027606262687477283
27,2384.06,0.027285372593978535
27,2388.44,0.026913170528277987
27,2392.81,0.026565595181818936
27,2397.19,0.026246440539107425
27,2401.56,0.02593605938818655
27,2405.94,0.025594863828955566
27,2410.31,0.02521289230460752
27,2414.6899999999996,0.02475293260955368
27,2419.06,0.02420896837116743
27,2423.4399999999996,0.023810128391633042
27,2427.81,0.023508704518244484
27,2432.19,0.023143628802354214
27,2436.56,0.02264082729787333
27,2440.94,0.022221834037045484
27,2445.31,0.02175039504443703
27,2449.69,0.02080277880782887
27,2454.06,0.020193492271355352
27,2458.44,0.020109965368137635
27,2462.81,0.01987785468036236
27,2467.19,0.019391421542241005
27,2471.5600000000004,0.018540964468375023
30,402.188,0.007101387322231858
30,406.56199999999995,0.007275214506828576
30,410.93800000000005,0.007551554853212111
30,415.313,0.007903812332151573
30,419.68699999999995,0.008292351643030998
30,424.06300000000005,0.00869348581056329
30,428.438,0.009099055232218234
30,432.813,0.009488365663096375
30,437.18800000000005,0.009830469045577956
30,441.563,0.010140555470979962
30,445.938,0.0104380001881691
30,450.31300000000005,0.010719819302151379
30,454.688,0.010977125518911635
30,459.063,0.011198873074426956
30,463.438,0.011376748006114212
30,467.813,0.011520535704221402
30,472.187,0.011649073508144703
30,476.562,0.01177379103840849
30,480.938,0.011911146097645542
30,485.313,0.012103361011540983
30,489.688,0.012400650901581685
30,494.063,0.012844885804370279
30,498.438,0.013520051055129443
30,502.812,0.014538142481240897
30,507.188,0.01595748717441893
30,511.563,0.017839620825907333
30,515.937,0.020277981909166555
30,520.313,0.02310553396528121
30,524.687,0.02590243004873628
30,529.062,0.02840836529416265
30,533.438,0.030460498984903096
30,537.813,0.03202412674610969
30,542.188,0.033202802864834666
30,546.563,0.03408772950060666
30,550.938,0.03466724352241726
30,555.312,0.03483637745128362
30,559.688,0.034499924226111034
30,564.063,0.03367473276695818
30,568.438,0.03246095096983481
30,572.813,0.031032782731927
30,577.187,0.029657326120068318
30,581.562,0.028529312715108973
30,585.938,0.027681227911962196
30,590.313,0.027059262023249174
30,594.688,0.026609892080596182
30,599.063,0.026232898559246678
30,603.438,0.025771762894873974
30,607.812,0.025125199538015296
30,612.188,0.024325715788290837
30,616.563,0.023526430079509737
30,620.937,0.022902440840989583
30,625.312,0.02251611100800801
30,629.687,0.022261044126935303
30,634.063,0.02191431989602279
30,638.437,0.02129319756924815
30,642.813,0.020400325361879367
30,647.188,0.019400901677046747
30,651.563,0.0184657947503365
30,655.938,0.017596484425530433
30,660.313,0.016718402730475646
30,664.687,0.015899083710464765
30,669.063,0.015300255894981091
30,673.438,0.015060916940128663
30,677.813,0.01529873735489673
30,682.187,0.016295372959939415
30,686.562,0.018770362634273282
30,690.937,0.023704924829216906
30,695.312,0.03143906206212705
30,699.688,0.04160179349579266
30,704.063,0.05338204206826049
30,708.438,0.06545295168063603
30,712.813,0.07719416188832838
30,717.187,0.08950393264298327
30,721.563,0.10275703708815855
30,725.938,0.11519929390400648
30,730.313,0.12563601410016417
30,734.687,0.13367386686382815
30,739.063,0.13973850533599033
30,743.437,0.1443893203535117
30,747.812,0.14786774176638573
30,752.188,0.1503617158601992
30,756.563,0.1521946011041291
30,760.938,0.15391531623899937
30,765.313,0.15551267875125632
30,769.688,0.15648704351158813
30,774.063,0.15713022583629935
30,778.438,0.15768104273825884
30,782.813,0.158164347470738
30,787.188,0.15860161494696512
30,791.563,0.1590146407717839
30,795.937,0.15940531126689167
30,800.312,0.1597739308071323
30,804.688,0.16011789172887803
30,809.063,0.16044587961165235
30,813.438,0.1607875935966149
30,817.813,0.16113702387781814
30,822.188,0.16142549824900926
30,826.5630000000001,0.16163463921286167
30,830.937,0.16180465974844993
30,835.313,0.1619797151419334
30,839.688,0.16218600400257854
30,844.063,0.16242202339926734
30,848.437,0.16267722828779368
30,852.812,0.1629441353911534
30,857.187,0.16320402015699073
30,861.563,0.16344204497290776
30,865.938,0.16366668835049494
30,870.313,0.16388095722068102
30,874.687,0.16408065773779526
30,879.063,0.1642664421792142
30,883.437,0.16443161117611452
30,887.813,0.16457332744263112
30,892.188,0.16470655353041366
30,896.562,0.1648457994009368
30,900.938,0.16496962493518366
30,905.312,0.16504873384721577
30,909.6880000000001,0.1650889704027213
30,914.062,0.1650699891988188
30,918.438,0.16496657624607905
30,922.813,0.16480660544941203
30,927.188,0.1646083222446032
30,931.563,0.16426148237427696
30,935.937,0.16338093945058063
30,940.312,0.16210797277046368
30,944.688,0.16075944665353745
30,949.063,0.158988698865287
30,953.438,0.15696718462510034
30,957.812,0.1551351574412547
30,962.187,0.15386059131240473
30,966.562,0.15318360622273758
30,970.938,0.15290886051021516
30,975.313,0.15288952853996307
30,979.688,0.15309831439051777
30,984.063,0.15351941503817215
30,988.438,0.15413548600627108
30,992.812,0.15491772485896946
30,997.188,0.1557990635233
30,1001.5600000000001,0.1567385314288549
30,1005.94,0.15774414451327176
30,1010.3100000000001,0.15880293655209243
30,1014.69,0.15987807683181018
30,1019.0600000000001,0.16095298650907353
30,1023.4399999999999,0.1620150611549616
30,1027.81,0.16303457029163837
30,1032.19,0.16398556789616123
30,1036.56,0.1648601414193399
30,1040.94,0.16565351260825992
30,1045.31,0.1663655752618797
30,1049.69,0.16700353975174947
30,1054.06,0.1675653684604913
30,1058.44,0.1680489037767984
30,1062.81,0.16845802321098746
30,1067.19,0.16879424199927598
30,1071.5600000000002,0.16905186101794242
30,1075.9399999999998,0.1692239255644381
30,1080.3100000000002,0.1693099986994639
30,1084.6899999999998,0.16930889938026666
30,1089.06,0.16922409042483197
30,1093.44,0.16906588615849613
30,1097.81,0.16883826861856505
30,1102.19,0.1685434629721567
30,1106.56,0.16820672849193216
30,1110.94,0.16787166522582994
30,1115.31,0.16751217122189702
30,1119.69,0.16687614619499072
30,1124.06,0.16518130354350433
30,1128.44,0.16203749249922111
30,1132.8100000000002,0.15841852653771638
30,1137.1899999999998,0.15501258223084732
30,1141.56,0.15170551474904642
30,1145.94,0.1471280552004464
30,1150.31,0.14219500040169805
30,1154.69,0.13916736969957128
30,1159.06,0.1375862677465193
30,1163.44,0.13668239511083813
30,1167.81,0.13609897802118212
30,1172.19,0.13568018964258954
30,1176.56,0.13533942628884688
30,1180.94,0.1350165725988336
30,1185.3100000000002,0.13469939523143692
30,1189.6899999999998,0.1344465342583135
30,1194.06,0.134331520809792
30,1198.44,0.1344033826258965
30,1202.81,0.13468395804753527
30,1207.19,0.13515440392075107
30,1211.56,0.13579967810539528
30,1215.94,0.13659407034981996
30,1220.31,0.1374734811182134
30,1224.69,0.1383893092814833
30,1229.06,0.1392914770403877
30,1233.44,0.14013397228205576
30,1237.8100000000002,0.14090501712402329
30,1242.1899999999998,0.14161289448617026
30,1246.56,0.14226200147531926
30,1250.94,0.14283817152725534
30,1255.31,0.14332127541536466
30,1259.69,0.14370246212230994
30,1264.06,0.14396664624568076
30,1268.44,0.14406496668700128
30,1272.81,0.14396329722134396
30,1277.19,0.14368096967460586
30,1281.56,0.14322801802307367
30,1285.94,0.14260326694231482
30,1290.3100000000002,0.1417931365664117
30,1294.6899999999998,0.14074868925847114
30,1299.0600000000002,0.13943064679624512
30,1303.4399999999998,0.1378262171964161
30,1307.81,0.13590948403580114
30,1312.19,0.13362076538614928
30,1316.56,0.13096480436157434
30,1320.94,0.12813898949185387
30,1325.31,0.12529818597249687
30,1329.69,0.12211719409795478
30,1334.06,0.11832147745415568
30,1338.44,0.11502901435131208
30,1342.81,0.11283372831065208
30,1347.19,0.11134757140069268
30,1500.31,0.03840451145770203
30,1504.69,0.039687778560983135
30,1509.0600000000002,0.04102722396790341
30,1513.4399999999998,0.04237076689698369
30,1517.8100000000002,0.0437689285284614
30,1522.1899999999998,0.045159023779565356
30,1526.56,0.04652902306272153
30,1530.94,0.047910875982925066
30,1535.31,0.04927996628190158
30,1539.69,0.0506375922611187
30,1544.06,0.051995547510741744
30,1548.44,0.053329817403282506
30,1552.81,0.05462738235859433
30,1557.19,0.05589819659362547
30,1561.56,0.05711953551799524
30,1565.94,0.05830057263345225
30,1570.3100000000002,0.05949784513242776
30,1574.6899999999998,0.06070381607161835
30,1579.06,0.061861572267080195
30,1583.44,0.06297569177579135
30,1587.81,0.06407714243367081
30,1592.19,0.06516561364289374
30,1596.56,0.0662204230442876
30,1600.94,0.06725923782447353
30,1605.31,0.0682796758186305
30,1609.69,0.0692608419508906
30,1614.06,0.07018637293309439
30,1618.44,0.07103832232533022
30,1622.8100000000002,0.07183410278579686
30,1627.1899999999998,0.07257763899804559
30,1631.56,0.0732543145667296
30,1635.94,0.07386113994172774
30,1640.31,0.07440054497274104
30,1644.69,0.07484878023155034
30,1649.06,0.07516669581469614
30,1653.44,0.07534293270960916
30,1657.81,0.07539666531374678
30,1662.19,0.0753669911401812
30,1666.56,0.07529223486839327
30,1670.94,0.07517835697159171
30,1675.3100000000002,0.07498586037952919
30,1679.6899999999998,0.07467253505077678
30,1684.06,0.07423678268387449
30,1688.44,0.07369561800383963
30,1692.81,0.0730514456576202
30,1697.19,0.07230883128999267
30,1701.56,0.07149450798809993
30,1705.94,0.07064343912119511
30,1710.31,0.06979106014827266
30,1714.69,0.06900521488860249
30,1719.06,0.0683193686773302
30,1723.44,0.06770659518311732
30,1727.8100000000002,0.06716908624221105
30,1732.1899999999998,0.06668938493647147
30,1736.5600000000002,0.06617034819326363
30,1740.9399999999998,0.06554531520232558
30,1745.31,0.06479963036603294
30,1749.69,0.06397439042571933
30,1754.06,0.06315477348514832
30,1758.44,0.062386545651825144
30,1762.81,0.06171059648157098
30,1767.19,0.061127174357243345
30,1771.56,0.06066483469039667
30,1775.94,0.060303971905086656
30,1780.31,0.059995931505400224
30,1784.69,0.05975381352356635
30,1789.0600000000002,0.05959863130759913
30,1999.06,0.0173179781807994
30,2003.4399999999998,0.0179100695445959
30,2007.8100000000002,0.018616515890389564
30,2012.1899999999998,0.01915639353263032
30,2016.5600000000002,0.019740870105160867
30,2020.94,0.020238854423841986
30,2025.3100000000002,0.020611927475765696
30,2029.69,0.020969400536414468
30,2034.0600000000002,0.021318694133369717
30,2038.44,0.021650404917018022
30,2042.8099999999997,0.021976174024457576
30,2047.19,0.022292019383894513
30,2051.56,0.022635663214023227
30,2055.94,0.023030184991221177
30,2060.31,0.023402400620252593
30,2064.69,0.023757685085001867
30,2069.06,0.024132701377675404
30,2073.44,0.024506067662441636
30,2077.81,0.02486372974322876
30,2082.19,0.02521785307180835
30,2086.56,0.025584037738008193
30,2090.9399999999996,0.025955196881550364
30,2095.31,0.026326167206134413
30,2099.69,0.02670897016854724
30,2104.06,0.02709347620839253
30,2108.44,0.027461713662778494
30,2112.81,0.027825734959333204
30,2117.19,0.02819408430950716
30,2121.56,0.02856380644647288
30,2125.94,0.028923915198247413
30,2130.31,0.029266920713416765
30,2134.69,0.02959872781051672
30,2139.0600000000004,0.02993160121826804
30,2143.44,0.03026521078805672
30,2147.8100000000004,0.030607976445317035
30,2152.19,0.03097390270078904
30,2156.56,0.031337072086171244
30,2160.94,0.031680704677273755
30,2165.31,0.03202234209740709
30,2169.69,0.03235265483919648
30,2174.06,0.03266637841363263
30,2178.44,0.03297401333627931
30,2182.81,0.03328506437719625
30,2187.19,0.033593595863421796
30,2191.56,0.03386457371780125
30,2195.9399999999996,0.03410363656075788
30,2200.31,0.034329436872358204
30,2204.6899999999996,0.03452875192328065
30,2209.06,0.03468426501312934
30,2213.44,0.0347837072218681
30,2217.81,0.034818922508893596
30,2222.19,0.03477546847079793
30,2226.56,0.03462751959425077
30,2230.94,0.03435393447773095
30,2235.31,0.03394988972206193
30,2239.69,0.03342778119753348
30,2244.06,0.032807362575185836
30,2248.44,0.03211377963838458
30,2252.8100000000004,0.0313787507438974
30,2257.19,0.030619532901255297
30,2261.56,0.02985869747120887
30,2265.94,0.029125319894665155
30,2270.31,0.028440254358865786
30,2274.69,0.02780926031409763
30,2279.06,0.02721870660112472
30,2283.44,0.02664337391863228
30,2287.81,0.026065344808448573
30,2292.19,0.02546675178295118
30,2296.56,0.02485970170746441
30,2300.94,0.024315281157178105
30,2305.31,0.023885949930991045
30,2309.6899999999996,0.023583022764651105
30,2314.06,0.0233739386680827
30,2318.44,0.023183458954881643
30,2322.81,0.022948559456854128
30,2327.19,0.022664222768798935
30,2331.56,0.022344279311218997
30,2335.94,0.02199684031031211
30,2340.31,0.02163026189635275
30,2344.69,0.021288354530261133
30,2349.06,0.0210012333902705
30,2353.44,0.020743813703011257
30,2357.8100000000004,0.02052817461153609
30,2362.19,0.020344052324508085
30,2366.5600000000004,0.020146586819319055
30,2370.94,0.01990472845296608
30,2375.31,0.019654952872442663
30,2379.69,0.01940795331611298
30,2384.06,0.019115132338502008
30,2388.44,0.018798604710282232
30,2392.81,0.018511360476713888
30,2397.19,0.01824734220013852
30,2401.56,0.017993548236754576
30,2405.94,0.017717746383714258
30,2410.31,0.017399166777249776
30,2414.6899999999996,0.017013393520574027
30,2419.06,0.016584455639422232
30,2423.4399999999996,0.01628239000296162
30,2427.81,0.016044828137091828
30,2432.19,0.015746097571718565
30,2436.56,0.015337991433025309
30,2440.94,0.014993980690287572
30,2445.31,0.01457183312788402
30,2449.69,0.013741953985118016
30,2454.06,0.013307218252484744
30,2458.44,0.013298935357329355
30,2462.81,0.013093215391309058
30,2467.19,0.012618310764119088
30,2471.5600000000004,0.01178751167818973
