species_richness,pixel_index,CHA_local,CHA_global,SAM_local_rad,SAM_global_rad,SAM_local_deg,SAM_global_deg,SID_local,SID_global
3,0,0.8805510389917717,0.8229910746286669,0.0787747179929471,0.03739655768397784,4.513458873329135,2.1426649236094586,0.009852469674653329,0.007311908185699732
3,1,0.6612237455379826,0.5860565271401211,0.09461639586830721,0.03167461050074119,5.4211201559930435,1.8148214994132292,0.025729635176805737,0.004035868166803798
3,2,0.7767129377806236,0.7201704635018958,0.11755421607455467,0.19551032468049195,6.735360445040922,11.201916455424604,0.05316812542654014,0.12134056012406963
3,3,0.7536265032955315,0.6868942107047213,0.06721318627350857,0.022602396256580944,3.851031901098678,1.2950219123843791,0.010293191647006962,0.0013676979668667422
3,4,0.6631022728996485,0.591419370502716,0.036266831418862194,0.0979399618344099,2.077936376613255,5.611546458784047,0.006005474881683088,0.02759479694091957
3,5,0.8871739033112691,0.8273981965575847,0.11431091018830486,0.04476203740351405,6.549532706088871,2.5646758256280853,0.034892188101665104,0.006261652592931252
3,6,0.7675366990534932,0.7134518534755452,0.10459406847299903,0.18327041270819514,5.992798685605187,10.50062115780035,0.04069219748360306,0.10080267186728267
3,7,0.6521615257682111,0.5823313411453689,0.04910975378715025,0.126947443729593,2.81378162493032,7.273552745680185,0.011887847256239242,0.049954648538029015
3,8,0.7827419795389479,0.7191095024450437,0.06448748576622614,0.028288405014128867,3.6948607658147274,1.6208062164663,0.007236087307142373,0.003963101997374865
3,9,0.8234400690010916,0.7627135781322002,0.07038345756397248,0.02074625700081572,4.032675065953753,1.188672966840478,0.01047039149264651,0.001353724365935549
3,10,0.7559043982369966,0.6961913723450188,0.020747576732092588,0.09533705448250983,1.188748581872734,5.4624108530566,0.0008587820512496458,0.019119873723376257
3,11,0.661957285178257,0.5893422407857551,0.06131262015239065,0.04603857666573128,3.5129543656207423,2.637816137735876,0.010005903039322268,0.007169677581086886
3,12,0.7663899064829746,0.6919653141607685,0.1202995712733675,0.0657533304712821,6.892657711197197,3.767388324933416,0.026708279449676485,0.007903842996647311
3,13,0.7084138145516313,0.6444509547301993,0.04014946597906507,0.08966408195169866,2.300394950304512,5.1373734697474704,0.007431233976466125,0.032222726420454914
3,14,0.7778139923762403,0.7189762511921045,0.030677731426550895,0.08224035862939949,1.7577045357772165,4.7120254551068905,0.0038165348126427334,0.021614108988150346
3,15,0.8439039669439492,0.7938812575389906,0.02158048551593494,0.0978764835100956,1.2364707399062749,5.607909418710276,0.002479694894448263,0.025603671668743812
3,16,0.8267941562252714,0.7734876824832763,0.0420225051564414,0.1119719516742908,2.4077121900308316,6.415520254779675,0.008969750604203026,0.037760452039105316
3,17,0.7468349410474314,0.6884144898654653,0.08323120857740073,0.16282792403056573,4.768796975258118,9.329352833828212,0.025846648166425595,0.07821768700102513
3,18,0.6316858712089042,0.5537737589272327,0.12039330741531845,0.06071724090795053,6.898028396518825,3.478841647704636,0.040355328062380125,0.01102781556678556
3,19,0.726645001493844,0.6627996749360223,0.038563738829895854,0.07443073908030351,2.2095394771978043,4.26456721534083,0.004654781867692909,0.018261679676532055
3,20,1.0172558643361511,0.9681650851135607,0.08167466991010885,0.03295373774106433,4.6796138789733766,1.8881100917439615,0.021838624056221827,0.0033090906578336094
3,21,0.6866542563228435,0.6198865109685542,0.07425053446371037,0.15053960619663243,4.254242251361269,8.625284084628493,0.026094300665588814,0.0762339586961824
3,22,0.5743349289649612,0.48558723095609163,0.050105625245296735,0.09435759137584815,2.8708408564196533,5.406291750856114,0.00872563418302853,0.018859961435635796
3,23,0.6261069871835894,0.5483864866974769,0.0482948007191524,0.06378282564195384,2.7670882536328056,3.6544867147027604,0.007825268615026932,0.012920192728956233
3,24,0.7551263422799231,0.6939844004909035,0.03277253816397265,0.07999027697154687,1.8777281207270529,4.583105272552136,0.003888451098931536,0.018576891246710345
3,25,1.0194920853318612,0.976727790649857,0.03327258503171961,0.07717745464730051,1.9063786958076903,4.421942424852641,0.006062111648345744,0.010490562641629904
3,26,0.7917011916678389,0.726985428282476,0.08234234889009091,0.027135883638622647,4.717869066595948,1.5547716058511813,0.018487987207706044,0.002707769943698775
3,27,0.6473368256215863,0.5737369622602975,0.0477498767957993,0.055475608634566194,2.7358664126689622,3.1785182406801504,0.005130179376598355,0.011498223733797077
3,28,0.6776176666941401,0.6090243672049842,0.016136695704061114,0.07795143272850677,0.9245645591295883,4.466288102341393,0.0010577280252323622,0.015481679594293751
3,29,0.6488681776232622,0.5762860645311365,0.03250964991875782,0.05722790997325123,1.8626657337926429,3.2789177118219275,0.0031762240712641214,0.007360984511320053
3,30,0.6748125770171678,0.6008925699591536,0.114076710108858,0.051897716131281205,6.536114029974938,2.9735201006904237,0.031963085041076394,0.006644349156340975
3,31,0.6445349845972875,0.5736987559521974,0.07083928177020972,0.149402075955702,4.058791869171048,8.56010840275468,0.02184922396610218,0.06944141433556739
3,32,1.0436033002252043,1.003423746587817,0.04058097987764175,0.11176864194562017,2.325118875494192,6.403871465392897,0.01099990926073377,0.04444189655156247
3,33,0.7743287811804473,0.7192730770860816,0.10401062690728968,0.18334437539881437,5.959369946297537,10.504858907814263,0.04442829167601572,0.10795922677204775
3,34,0.7085942257039883,0.6436587285343811,0.022051670461720668,0.09274577910820456,1.2634676486698977,5.313941710552725,0.002314310816626362,0.02348507558977391
3,35,0.7376280710444714,0.670688139608678,0.052923434427882575,0.029617378376691594,3.0322894300550303,1.6969507812264537,0.006081750438788738,0.0020138240957081853
3,36,0.6493444771532751,0.5769414222851724,0.018058234273872424,0.08695035396139184,1.0346606093513806,4.98188830915637,0.0021598710458357456,0.023076701839356457
3,37,0.7079192442466062,0.6423968095316197,0.03291857158059693,0.0719164970001337,1.8860952191674998,4.120511755472906,0.003987892636357906,0.019499797707794427
3,38,0.8703000486624921,0.821448878189199,0.13460637472395487,0.21413382720832086,7.7123771672390555,12.26896455002042,0.06426518678603436,0.13861960968688453
3,39,0.7306409138729096,0.6700927852705887,0.07718033506953395,0.15417509105963378,4.4221074608898325,8.833582023762167,0.03279625411338528,0.08722089796201041
3,40,0.7578349268588034,0.662511523779806,0.5159370466521893,0.44164671136929323,29.561015267614707,25.30449259729293,0.4392887729978164,0.2987103114544018
3,41,0.6877503427406847,0.6195050288894087,0.06321648416549037,0.04192040786499539,3.6220377383381965,2.4018624461312577,0.011381695241279285,0.004503564378022549
3,42,0.9725346487237672,0.929499618568709,0.050251108610650505,0.12885134416928343,2.8791764392437837,7.382638205487549,0.010234985922623549,0.04730062094579439
3,43,0.7761037597443423,0.7184020776554478,0.01358256186950038,0.07935809096276562,0.778223470097693,4.5468836823817504,0.0005832554011313443,0.013705084471926567
3,44,0.726525752843803,0.6520479427868342,0.11706780481239007,0.04524984524415699,6.707491132611259,2.5926251561103157,0.0351034708324136,0.006675526195149384
3,45,0.6578068585975617,0.586191294401734,0.01761723956424504,0.07931984116900298,1.0093934737021342,4.544692130631905,0.00039364864759433034,0.014570313591435256
3,46,0.7552775304098838,0.6966875079279765,0.013378661820664798,0.09063737179895354,0.7665408578569028,5.193138870238108,0.00040504804980701515,0.017772498544914535
3,47,0.7843000541279774,0.7123888441334983,0.1632503465783851,0.09284134221298827,9.353555862989426,5.319417073133999,0.06622363682535595,0.022853017962070524
3,48,0.8697535467056943,0.8208782479225071,0.042883310125851094,0.1196435644319778,2.457032681761895,6.855071287853858,0.010450199274706043,0.04638275047220448
3,49,0.6866101282095229,0.6186041716824461,0.042180954595779,0.11835280442773631,2.4167906741710903,6.781116187246533,0.007965929209182102,0.04039036772750537
3,50,0.7237121099830602,0.6602271991622335,0.04040898997154441,0.11582638626928478,2.3152645797559632,6.636363089482047,0.00718758636463579,0.03799251846766569
3,51,0.6041352007634224,0.5256167129567382,0.07806681663058415,0.1576467807966746,4.4728991129541775,9.032495193473489,0.01974043688160721,0.06703018705667498
3,52,0.8301904118792158,0.7757721284058896,0.029236735517607713,0.06393842401563259,1.6751415518991544,3.6634018448136523,0.002315797740272816,0.011189524985596076
3,53,0.8069159606778963,0.7505233010583533,0.03184210575422088,0.08179618224982568,1.8244182705260896,4.68657602319791,0.004832710911997425,0.021047482998557077
3,54,0.8444129696542246,0.7935925231670472,0.04440312581390799,0.12398490768296888,2.5441117063253262,7.103811933553252,0.005992406188826991,0.03827151709936066
3,55,0.6436746222862962,0.5652217371771471,0.09225791319356293,0.03974667419375809,5.28598905267547,2.2773166809838825,0.02789790230817099,0.005506495569644353
3,56,0.706312253804365,0.6378974568083494,0.07171550295180851,0.04951730309332173,4.108995644796625,2.837132480117431,0.013710905719654748,0.00805239494978938
3,57,0.6714322911890245,0.6015906237152575,0.0163540655383565,0.07961924632415852,0.937018933228172,4.561846782386777,0.0011090282364721604,0.017903941747839644
3,58,0.6652089388076327,0.5955117650261444,0.06187194414201069,0.1397154224967942,3.54500126960639,8.005104041953462,0.016975444706376477,0.06075544255758851
3,59,0.8504887026117995,0.8011002068349719,0.031024904012708104,0.1045631098886682,1.7775960597266665,5.991024889383331,0.005216176622661512,0.03268639378678809
3,60,0.753931754862497,0.6755516566830788,0.20212792282487171,0.12727522912179406,11.581076899611169,7.292333465239347,0.09342885906210507,0.03684046514627408
3,61,1.090727690634894,1.0498684764813668,0.0941002338046945,0.15688162810975528,5.391546248203271,8.988655173829917,0.02503310072763989,0.050943499142425804
3,62,0.8047601344458785,0.7487895881938342,0.026844233102989102,0.06001246072726944,1.5380612610666493,3.438460717867142,0.0011937101273181011,0.010076922328918013
3,63,1.0480077567806645,1.014050513236785,0.105757352328553,0.1849672499807522,6.059449940904137,10.597842772038359,0.039937870897939626,0.10133395784747988
3,64,0.7267158415628434,0.6635582976588453,0.018427453331820578,0.09056670627189958,1.055815303087606,5.1890900337808485,0.0016440324896176018,0.021527832599800657
3,65,0.6879701763555637,0.6233980698674989,0.08678278799513339,0.1656301224562626,4.97228748649973,9.489906976978848,0.029489880138163047,0.0836822850878166
3,66,0.6442227795990298,0.5698686770188275,0.024665437593671336,0.09105099574779447,1.4132254739606847,5.216837776812229,0.0026733485033932896,0.02149707757212424
3,67,0.7683454126249819,0.712056975093082,0.15095773067222618,0.2302201488849382,8.649240852391136,13.190642889980404,0.10001108688445867,0.18800674515002558
3,68,0.9384816065043977,0.8936613153615345,0.07026548524226948,0.149207395558209,4.025915749820812,8.548954037624402,0.02162972638712881,0.06920799417936012
3,69,0.8253728200234635,0.7724665039630606,0.051955776870414846,0.1291160103177652,2.9768467359981914,7.397802458775537,0.009203776260256036,0.04305415788205562
3,70,0.7501870320996379,0.6910928979938604,0.031334753473521035,0.10530349302529964,1.7953491261156516,6.033445718334971,0.006047629095534163,0.03495796634426594
3,71,0.6862491440239252,0.6186323978484426,0.024538644106169977,0.08287583767574105,1.405960742257112,4.74843572243126,0.0029482852249452084,0.019361891216206094
3,72,0.7750640547583313,0.7109308458688102,0.08163598479957553,0.0717447036084098,4.67739738540982,4.110668719178889,0.0275976908292185,0.012675366218098305
3,73,0.6589248941913687,0.5891056315155757,0.07285074681165746,0.14554091649952877,4.174040326684111,8.338880261888926,0.028440557888119986,0.07952692372652857
3,74,0.8740523208902999,0.8229401452712888,0.032227408754083184,0.10189646407668781,1.8464945062519291,5.838237338900618,0.0027830551023555186,0.020975593459936742
3,75,0.772136361338687,0.7146793931635678,0.04601717448710839,0.12385516378728352,2.6365898832283996,7.096378155912895,0.009212261547564368,0.04475867897860799
3,76,0.6149617988091662,0.5370794880374443,0.0173928626405854,0.08354475451085272,0.9965376229563079,4.7867618339284075,0.0016776619479768372,0.020362996982530336
3,77,0.7466651725827309,0.6862334101279102,0.028376624246803307,0.10254311261685739,1.625860806170428,5.875287571080631,0.004517991635457673,0.03126318221207732
3,78,1.082908055549187,1.0458173536116748,0.03845521769482032,0.11720363860256408,2.203321674170007,6.7152738355034955,0.006469334754236566,0.03838661356047619
3,79,0.6054892447075859,0.52665430034239,0.04730970835338042,0.12082437057007618,2.7106466186435134,6.922726495990037,0.014718751444109217,0.05310144649188599
3,80,1.0541273117112702,1.0151669183862282,0.040308424104287026,0.1172067881095735,2.3095025799990423,6.715454288962682,0.008570757789439453,0.04250951364454887
3,81,0.709923217057463,0.6461906981090645,0.04224342347557888,0.1196908817599023,2.420369877334533,6.857782371041769,0.006458362849296972,0.03733980813625318
3,82,0.7543480266839518,0.6930731926148661,0.043290117260665874,0.053327778407863916,2.480341013662591,3.055456633579483,0.00534946377763533,0.005815645233425492
3,83,0.9091407099604807,0.8634947119454849,0.06880263581683493,0.14871427167088103,3.942100651680275,8.520700120103424,0.016244981967273954,0.060508862090746504
3,84,0.6614247385947278,0.581684514521228,0.10009221850810734,0.03672923577334814,5.734861682615776,2.1044301945537707,0.01631389853134843,0.004116062270746664
3,85,0.7015959668336146,0.6243298432709722,0.14324242947558358,0.07100673425637721,8.207186656151281,4.068386189897418,0.05391342817074542,0.015097829906232249
3,86,0.6527918851060077,0.581249014546362,0.00899127957935985,0.08355352468653288,0.5151623723194815,4.787264327980468,0.00014318607539370474,0.015490106848956478
3,87,0.6611722977702101,0.5891981609421306,0.05869493334533749,0.04527306809674825,3.36297195948952,2.593955727552049,0.008441416869886012,0.008237743975997379
3,88,0.6899703467434258,0.6255867589517715,0.10475785916724406,0.18354905084951936,6.002183201108945,10.516585947309597,0.046787591407331276,0.1114483690199972
3,89,1.38829042798058,1.3678572956552257,0.1406160429618328,0.21997368408297427,8.056705793543284,12.603563701898521,0.08513897419726683,0.16889946769541503
3,90,0.7987799580624898,0.7442050483936771,0.0494660219570469,0.12407690843707048,2.834194287440248,7.109083188475294,0.015095010302421583,0.05471505232163559
3,91,0.6717988690659361,0.5934945382584297,0.12356164791121164,0.05872683157259104,7.079560934993891,3.3647995932850976,0.04520052769587598,0.012013798215695825
3,92,0.6262522836852903,0.5504698601302532,0.018704202607214084,0.0903070520149883,1.0716718685509576,5.174212940727227,0.002202394549801305,0.023547591934184785
3,93,0.6684963897794248,0.5822973846532745,0.22521755287104123,0.14973549078690865,12.904015251775139,8.579211665409888,0.11237258330415127,0.04869126772366085
3,94,0.8740076089478841,0.8126821305235519,0.14461477556326513,0.08877682468032061,8.285816295006724,5.086537372755215,0.06247662329849056,0.024596471489088306
3,95,0.6356312246810637,0.5618540298398239,0.041098216012343834,0.1169724432349581,2.354754323024282,6.7020273166966975,0.009288701033678938,0.04382861385641852
3,96,0.8477045266418604,0.7944619936644796,0.034924751256424656,0.05858556064124645,2.001040847537352,3.35670536515117,0.0020601936137873665,0.010242489028709958
3,97,0.8554787389122565,0.8070619659678527,0.04286771169038049,0.11957949846623812,2.4561389572424224,6.851400578406546,0.009582267184365362,0.04486839668614065
3,98,0.9023254941148993,0.8578150568599846,0.08526239591477398,0.16466908974123257,4.885175437090021,9.434843858433627,0.023244628146236686,0.07267311161656693
3,99,0.7745312634700062,0.7119765133794729,0.060535121757522015,0.09950810543881358,3.468406989016574,5.701394468986811,0.011669121861119187,0.0389285601698436
3,100,0.6512037840926714,0.5668157706170229,0.1534274555658383,0.07515003449599826,8.790745665353507,4.305779806883247,0.05082725414119581,0.01195161206566727
3,101,0.7712484600671472,0.7130107582458853,0.027740599377749458,0.09755863621977974,1.5894192655082817,5.589698110445507,0.003976361194328204,0.026178325184626032
3,102,0.6947937413235934,0.6285743079185347,0.0430155232509425,0.11766292655042063,2.464607935825868,6.7415890964969005,0.010297468270271799,0.04464461831790484
3,103,0.8950358000747447,0.8497226616430573,0.09794222734244011,0.17687534473344516,5.611676262832631,10.1342107531479,0.03962275548386618,0.09925354375419286
3,104,0.6130242750899357,0.5372522204819585,0.12854965480377623,0.20707690059000156,7.365352678120006,11.864632438457196,0.051258283501191056,0.1192865915413748
3,105,0.8782261207781877,0.8335925415916696,0.06657196788201994,0.14502703316355364,3.814292793520212,8.309436915575448,0.018146912250458225,0.0636737928970745
3,106,0.8496971023839192,0.8012610118052155,0.054772126476372696,0.1340193085288435,3.1382116820529085,7.67874075196437,0.011392036742074833,0.049624469867610654
3,107,0.6412239768091286,0.5676139859461564,0.01769621644369176,0.07485210649770543,1.0139185155735448,4.2887097899822875,0.0011115773684125029,0.015779202040056603
3,108,0.9669923375000292,0.9292863806446047,0.1228998485055391,0.20222345632080782,7.041642622164589,11.58655056573044,0.05694031705204602,0.12781231096257675
3,109,1.0568907658810949,1.0235476571279887,0.09343259292132756,0.17287023949579428,5.35329324335596,9.904735126524765,0.03029724543645823,0.08559692324274858
3,110,1.0106551699944408,0.9713516601707984,0.057065441620180755,0.13505608760970286,3.269608960886548,7.7381438175850645,0.014612161744501199,0.05527455839371577
3,111,1.1123653649533787,1.0790509580649805,0.07916628119373684,0.15675779927875655,4.5358937921470215,8.98156030443165,0.031567981541597935,0.0845486048542039
3,112,0.8555427349276475,0.8088253506918862,0.10044052519444094,0.17671532651605798,5.754818185718878,10.125042384646408,0.05464153829575298,0.12090252939983498
3,113,0.8055194043957515,0.752504694992384,0.10242610404891207,0.18156108071892527,5.868583473970495,10.402683649028484,0.032872333802681224,0.08940714111754462
3,114,0.7755868779582201,0.7185309081902667,0.04544471910567144,0.12472128172384644,2.6037906059125104,7.14600305823853,0.007175278997115814,0.0408369977459419
3,115,0.6601612319595854,0.5888357867206423,0.03316685078791082,0.10127670896039424,1.900320569887439,5.802727986405357,0.005416517840312121,0.030616680879055398
3,116,0.6876980208417188,0.6185088142789167,0.06487469270235376,0.04551828384803268,3.7170460890530315,2.608005555170777,0.012899012537969597,0.007644389908716413
3,117,0.8982642189829383,0.8510859399284517,0.016008073218677154,0.08938965931378216,0.9171950335666043,5.1216502107920086,0.001556700120692118,0.022501371805859267
3,118,0.6960566435964918,0.6300454509149224,0.016725498291092437,0.09143529927809502,0.9583004623328675,5.238856747150427,0.001228076924128704,0.02053759750976806
3,119,0.7259053811024827,0.6451514173931722,0.22191710531088932,0.14978418896669668,12.714913536074185,8.582001865581711,0.11428476185857593,0.052039497051034486
3,120,0.6444057662689663,0.571167850516738,0.03039065125570915,0.06691031600988383,1.74125605360609,3.833678713252966,0.00321718267716372,0.01557985495564855
3,121,0.8820880169097068,0.8235770239429792,0.10093412335571418,0.03491020365681779,5.7830992771352525,2.0002073314778324,0.029615566819794256,0.005042468118966895
3,122,0.696270950589242,0.6320815707072122,0.0580242957946774,0.1371464812668941,3.324547258253706,7.85791455166304,0.014351812534495124,0.056068290090466044
3,123,0.7323278770713734,0.6702818056481558,0.02522226610562347,0.09042759890442861,1.445129397608092,5.181119768725586,0.005074028167106958,0.028320334210974088
3,124,0.7968134636552446,0.7433054090875485,0.08231225110375504,0.16191363530159436,4.716144590466215,9.276967948401772,0.02625598370582643,0.07839201599659551
3,125,0.7374861308263648,0.6755115637570999,0.057095126552351765,0.13112403238617568,3.271309782215079,7.512853648464588,0.017433458399854603,0.05836712546293113
3,126,0.7808272505759646,0.7227120128893247,0.05351299192274256,0.054701802701848656,3.066068586290813,3.1341824265732514,0.00791818635664861,0.011369017913325452
3,127,0.6619302710659609,0.5923871179977522,0.08761553169595149,0.16619314731224422,5.020000185972712,9.522165924987554,0.03800719882808708,0.09716955660858373
3,128,0.8642725514508031,0.814767373708022,0.06059349675934805,0.1386640831995873,3.4717516302502744,7.944866737387257,0.014826227394029633,0.0567919713865324
3,129,0.7246228616959081,0.66156230077863,0.08824284843764546,0.16710547708903895,5.055942787689675,9.574438570722005,0.030046309007111742,0.08364498976144594
3,130,0.8267832144210113,0.7755127643238144,0.03079709050371289,0.10922080187702533,1.7645433071451753,6.2578909825880915,0.0041918837057497126,0.0321342677443211
3,131,1.2515171859566783,1.2222878090544913,0.07055242026176609,0.14967296729318447,4.042355915432472,8.575629333099078,0.01796289947699547,0.06354880977665975
3,132,0.7162052992007799,0.6541114147810695,0.09662969552063151,0.17649096848695517,5.5364737289663815,10.112187616478943,0.03088776115454321,0.0869708652792186
3,133,0.7131798610736074,0.6499391342265255,0.041551250906734186,0.12016751324658793,2.3807113104450037,6.885091343611902,0.007427401738506246,0.04120964930273588
3,134,0.6756388221751024,0.6074144006776442,0.020621462117593498,0.08176599144399695,1.1815227467270166,4.684846217443825,0.001768562093923425,0.019381196959707234
3,135,0.7734969136504867,0.6905045350434591,0.30855074674519684,0.23464247309246367,17.6786555541097,13.44402340271015,0.1929258638381724,0.10559166000177968
3,136,0.616787169659037,0.5210132438714195,0.2637493554271686,0.1866360178687011,15.111724915272635,10.69345612900479,0.13508156632854473,0.0636574414807557
3,137,0.7353416870975992,0.6735980566570148,0.03220099617350194,0.10707244432175986,1.8449811768585747,6.134799161786336,0.004001059440120646,0.029486932814378974
3,138,0.7032129667596659,0.6390979446400855,0.03534523403988908,0.11211586777422533,2.0251327363877767,6.423766039909906,0.00740330378459219,0.03933885182277675
3,139,0.789991774953424,0.7357597468370034,0.04891891066975083,0.12413936928071094,2.8028471197542135,7.112661931200719,0.013081651256655245,0.05176744184133937
3,140,0.7183975705850778,0.6462280238869975,0.08287094501234163,0.042542467205521114,4.748155393467895,2.4375038209500732,0.02392962268944234,0.006170430210713498
3,141,0.7137138020817784,0.6489599790238115,0.03376878772002718,0.10973572597589785,1.9348090156307591,6.287393960223064,0.004810484886055642,0.03259274875675459
3,142,0.5941527230307828,0.5124536504529256,0.03855914960058018,0.11697871963076463,2.2092765337267983,6.702386927686965,0.005942740069459263,0.03693830612770706
3,143,0.7217370567224449,0.6601254087012858,0.03750997242378103,0.11517607492962777,2.1491631095347556,6.5991029943502015,0.007812416457353942,0.04068809177455427
3,144,0.8175696068447611,0.7665278606506519,0.08415357333237088,0.16348468091472174,4.821644582889526,9.366982231456515,0.029792433411603675,0.08361357884382115
3,145,0.8004745191491671,0.7465482088837384,0.05675321751169281,0.13432890694281419,3.2517198372079537,7.696479434428835,0.014079946794321452,0.054744590790596695
3,146,0.8203410575584744,0.7683515317367363,0.04377052597050191,0.12173312468664552,2.5078664051775212,6.9747942714846,0.008600642602355272,0.043722658234155914
3,147,0.9843665090180931,0.9421997897962247,0.061800833727462576,0.14048236259941257,3.5409269429733574,8.049046472972826,0.016730789794737418,0.05980203896918935
3,148,0.6736598768055923,0.6084644094663284,0.15804815948489698,0.23378747133234892,9.055492498295127,13.395035410379318,0.22546649681096903,0.3507505616385912
3,149,1.1746071298004621,1.1456091320455166,0.08956068358884825,0.16919229193616295,5.131449179947579,9.69400425408745,0.03085229067934482,0.08674881634977442
3,150,0.702294864382812,0.6353810661480055,0.046663058860649795,0.05720463759636307,2.673596331885773,3.277584302846998,0.006449585621171192,0.01088873909949583
3,151,0.816380227273815,0.7633986235641449,0.024362759884760693,0.09759833566006713,1.3958833186874156,5.591972720823007,0.0009040145729171441,0.018804510503623813
3,152,0.7681065312536242,0.7107824500345751,0.03733039980684329,0.10218446390728027,2.138874356468104,5.854738513694048,0.005402192322022565,0.0250976069604342
3,153,0.7505808028074092,0.6921528887095113,0.07795389574832606,0.15657969749228756,4.466429222981896,8.971355823743238,0.03006947916250933,0.08429025283390272
3,154,0.7117646719890204,0.6466744193203652,0.048293216811582544,0.12269191913388115,2.766997502413914,7.029729146731781,0.012398652670089657,0.047926841906617376
3,155,0.6052267604485401,0.5261086513563771,0.023893387073998018,0.09935002113965728,1.3689902376125216,5.692336905837871,0.003444325100323274,0.028605319633426184
3,156,0.6364581870320718,0.5619124215742995,0.025357904765223364,0.062207470473222656,1.4529009203419774,3.5642255123003443,0.001907736457346312,0.008909781584064025
3,157,0.6813278912610287,0.6137675314481659,0.06262418660435148,0.14111664872802662,3.5881015878690463,8.085388391146102,0.01949514456226889,0.06527720364470685
3,158,0.7405107800833943,0.6758824639392337,0.046455521205017176,0.05822177199698253,2.6617053001279847,3.3358618112000618,0.0059749781006468924,0.008658866949158722
3,159,0.7160862224386035,0.6398698814900057,0.14183354240892887,0.06713473307158678,8.1264633734214,3.846536863739272,0.049719078497054967,0.01253802631754726
3,160,1.02275404996817,0.9722976316153209,0.06747937871629352,0.0595992564464257,3.8662836046085336,3.414785856498057,0.016553765763678785,0.012412292237598741
3,161,0.7962366454548896,0.7389441638640905,0.033924381020925175,0.06516218217126818,1.9437238550927234,3.7335180222762854,0.0035175954152077468,0.01255947485062784
3,162,0.7689711720157854,0.7126355384869325,0.050431985957480704,0.12939011434244796,2.8895399478266786,7.413507462537409,0.007916704391604471,0.042465874675862866
3,163,0.7344897142866295,0.673947238045072,0.022807201445868376,0.0827281790916813,1.306756385352927,4.739975508755759,0.0026406595475191256,0.021178684283284552
3,164,0.7475648711712278,0.6897460080039459,0.044554327757046555,0.12367838331668851,2.5527749395213433,7.086249381047464,0.006729788891147472,0.03973606146208787
3,165,0.7592583761027941,0.7025961886317971,0.05326470153839067,0.13067330555143838,3.0518425951737687,7.48702890312085,0.014675632299100561,0.0555151520289669
3,166,1.137755086964902,1.104485178075841,0.05244603912049187,0.131614560570446,3.0049366937821924,7.540958843155492,0.011541490773497195,0.0504532405228294
3,167,0.6436962518743582,0.5706698793862118,0.024853099231631596,0.0966183038132531,1.4239776937923196,5.535821032212151,0.0017528180811418013,0.019656609453980803
3,168,0.920405677346099,0.8775259985190248,0.12270548686437317,0.2015951718578204,7.0305065204265444,11.550552517667615,0.07357743657928054,0.15104059494299077
3,169,0.7125886661949723,0.6482373514329647,0.0291988134840865,0.07428885697179224,1.6729687794278352,4.2564379693347165,0.0037434779968027803,0.01695815004847854
3,170,1.020111333432172,0.9802106175264912,0.10047822096155465,0.1787818246309783,5.756977994080001,10.243444005003083,0.029875310869351704,0.08488732972625908
3,171,0.821532077745112,0.7666876831324008,0.034566642028266654,0.07652114543321474,1.980522700159211,4.384338676829978,0.004415051651707824,0.01697831525144461
3,172,0.9138924627129059,0.8714128206349313,0.08477175206963143,0.16319520980515526,4.857063615519283,9.350396758587387,0.030431516501438993,0.08417934638998809
3,173,0.7140387397628662,0.6503153679819293,0.01834995625361647,0.0810614656214086,1.0513750475819152,4.64447986125153,0.0016471378506405163,0.01964854592684425
3,174,0.8589733823750821,0.8099149539208228,0.0440852338414043,0.12315932119714587,2.5258978379597763,7.0565093122925555,0.008520089199657958,0.043816940347081376
3,175,0.6909912211077431,0.625630250925161,0.10205573214606298,0.18104392806923303,5.847362727087012,10.373052984837111,0.038268805386543106,0.0976336210150579
3,176,0.7834285004101063,0.7045722884604764,0.27087403834996,0.1959787742053085,15.519939177117513,11.2287566361115,0.15370071078030403,0.07648410800632703
3,177,0.8366960752732681,0.7843085605640056,0.019954045080355493,0.0864052348057464,1.1432825673181535,4.950655282206152,0.001948796173804817,0.01982821473523927
3,178,0.6870915742737913,0.6179418476237846,0.0282101441380353,0.07744660883535352,1.6163221985651424,4.437363823866349,0.002334293968718411,0.016459627994815533
3,179,0.7801212358433101,0.7145446847458795,0.0769311827096201,0.11972584255804446,4.407832082211044,6.859785477223723,0.0265174462321845,0.059011789765364225
3,180,0.6501182659608192,0.5681821943838614,0.1325122565604794,0.05691166424960688,7.592393034670224,3.2607981665680454,0.039562248158970366,0.007594701930174905
3,181,0.6821549082945457,0.6141511635721126,0.03601104101792642,0.05338898945984905,2.0632806661996757,3.0589637685177875,0.003054593546280328,0.009035613742887773
3,182,0.9423658811454443,0.8991122937164375,0.06039823942088713,0.13663996849293264,3.460564208837506,7.828893507445584,0.006537015550495576,0.036846674209147105
3,183,0.6709337680055306,0.6001216677314118,0.042102527756051854,0.06708184788750175,2.4122971472541757,3.843506765892428,0.005216439351671615,0.012326688635501508
3,184,0.848552718894022,0.7988093884654449,0.08979407368703875,0.16880721068927906,5.1448214475540395,9.671940723871367,0.037933282249108635,0.09707455962947742
3,185,0.6862331728221885,0.5992469811708214,0.2589343356791929,0.18454472486681567,14.835844605441482,10.57363386627151,0.1436812966822144,0.07046856139505066
3,186,0.7021559920376855,0.637733558143859,0.06573296691458733,0.14151300630452915,3.766221579078931,8.10809800745773,0.02028043699636093,0.06473209580475611
3,187,0.859543642194603,0.810426608969443,0.08593836878169227,0.16341340198432558,4.923905829429797,9.362898249576608,0.03840298000213883,0.09644444961493183
3,188,0.6499730091848941,0.5665557686426808,0.16159186719211585,0.08319378332991563,9.25853199374675,4.76665266652999,0.05185172733216445,0.012414955041471366
3,189,0.6806826777556616,0.6108331429312398,0.04612569588664987,0.0507477654568781,2.6428077014089792,2.907632780398903,0.006287422118472856,0.005939161976054385
3,190,0.6678973655266361,0.5974046091809355,0.028014510699676486,0.09243749666741059,1.6051132282155496,5.2962784277972395,0.003813383036123056,0.02373032620878015
3,191,0.7347105775394963,0.6736354291437782,0.023462564313012677,0.09458050457857019,1.3443059116898881,5.41906373656983,0.003022000272477267,0.02657787191279843
3,192,0.74754502708588,0.6891133933321563,0.0752410774806147,0.15266489179880346,4.310996185656044,8.747053979892813,0.031589402909527116,0.08409882529824078
3,193,0.7255605540050046,0.6633248618849736,0.016467836822086048,0.09263349802738512,0.9435375476156606,5.307508478502604,0.0016048966751705963,0.023395038043570834
3,194,0.7070821232707811,0.6414495794432105,0.03310666091581872,0.09516647450533092,1.8968719442471296,5.45263734029481,0.006423409845086124,0.028305876999583146
3,195,0.6043307505227569,0.5063880391931005,0.31319276318704764,0.23643143452916784,17.944623504658086,13.54652334274496,0.18489785666511177,0.09858716874850029
3,196,0.9174302901299373,0.870106075884487,0.04501377246981685,0.12010390141743252,2.5790991824826817,6.881446654274189,0.009956709088207984,0.04393052852019532
3,197,0.7652706216373932,0.7076448537072507,0.04035600178078619,0.1199706827032957,2.312228580061483,6.873813784201989,0.004425456616864394,0.03434849201627902
3,198,0.7115370121636112,0.6495488430206965,0.04503316590041654,0.12071752140145256,2.5802103442063236,6.916604489583422,0.005861152879200377,0.03709250220284481
3,199,0.7071584217121533,0.6179128647555068,0.3069846253809358,0.2294926965058801,17.588923409732274,13.148962938863624,0.17638410516085445,0.09172987523261437
3,200,0.8253493556064855,0.7719777889488475,0.03615153188779069,0.11155826966598707,2.07133020010302,6.391818021643375,0.007830281820971442,0.03952969605756461
3,201,0.7821284840393808,0.7261690778271047,0.034655838286962865,0.10442748119574632,1.985633269330861,5.983253937698032,0.006994014385372928,0.03659876567683748
3,202,0.7675266270878578,0.7072858779843854,0.03542568573200561,0.08400841142719029,2.0297422788007395,4.8133274183766,0.005541218516259745,0.023965618095562462
3,203,0.722742476972561,0.6602946287288134,0.034940741180900424,0.11344885232654625,2.0019570027245464,6.5001404289140305,0.004768849250401649,0.03468285548671794
3,204,0.6259155373455977,0.5511432399242281,0.059756493100464374,0.13965637211882978,3.4237948531592317,8.00172070451745,0.010264601654920921,0.04856280713776555
3,205,0.7579600959832788,0.7000478363968673,0.018870075324802064,0.09209091914574048,1.0811756752051143,5.276420998531438,0.0017507130620096432,0.022646709019430535
3,206,1.275349912234109,1.2458947254969754,0.07507058584886633,0.1546506387468026,4.301227734714564,8.860828899194148,0.01629037702671507,0.060912048387046905
3,207,0.6883088338094648,0.6235370215136923,0.1032419976785924,0.1819421018216663,5.9153307354827875,10.424514550120966,0.04997695979511692,0.11437130899825952
3,208,0.7360859093848138,0.6760893602298935,0.02681573491789899,0.10024265192893675,1.5364284353372033,5.743480882727017,0.004061512482527601,0.03070097127921706
3,209,0.9784084354683585,0.9375064030299196,0.08061019493861266,0.15879363998419282,4.618623955709335,9.098205384614085,0.03045548423896751,0.08286714727080867
3,210,0.7104924756319934,0.6383332402946632,0.07250294139974552,0.022327667661320973,4.154112544489747,1.2792811233644248,0.015432500097218083,0.0012209979321721502
3,211,0.6454650802251221,0.5544069759160719,0.21388276057699107,0.14068946275073765,12.254579491668656,8.060912437580273,0.10054335700644167,0.043762141503100926
3,212,0.639099905065902,0.5649080934945809,0.0286847786853238,0.1044859576896468,1.6435167549358758,5.986604393999252,0.003867345103225882,0.031363124001636225
3,213,0.7050369911375365,0.6386434402610219,0.038427548062641585,0.04934239017552621,2.201736321025486,2.827110708145429,0.0031523259911351038,0.006800471408723897
3,214,0.8009648322379452,0.7466450902945593,0.050505727174361484,0.12952592068180466,2.893765008330106,7.421288592613669,0.01100358230501379,0.048726035685010646
3,215,0.7511205114031434,0.6896681505762591,0.018510470039758645,0.08518363816148301,1.0605718100815276,4.880662950222516,0.001111688002712801,0.01771698069745104
3,216,0.6530620221865807,0.5809111846859303,0.023367391629818636,0.06713993165206333,1.3388529186179339,3.8468347204600377,0.00195196541551905,0.011982155840286494
3,217,0.5778809158959635,0.49349657295374016,0.031894918921933066,0.10855166220892155,1.8274442421387143,6.21955210370096,0.0023020001873669885,0.025738143290230095
3,218,0.7989548237222026,0.7410405824877047,0.03891586526038085,0.0820594917617131,2.229714835519601,4.701662546934709,0.006168270174879836,0.022272453806555167
3,219,0.7241776273127947,0.6566305223066182,0.07330846973038714,0.023985539356714256,4.200265918113731,1.3742701744846584,0.01421626316974408,0.0020025383489860934
3,220,0.799696763407858,0.7371973205974662,0.0665579643657897,0.0834379365694788,3.813490451141877,4.780641616711406,0.011915908275473055,0.0317291737991184
3,221,0.8937966703605544,0.8472781865875526,0.030815786914803595,0.10615952403445857,1.7656145325927142,6.082492682292101,0.0038615325302279666,0.029200149181975395
3,222,0.772991090541955,0.6930770738057044,0.26120895089562474,0.18843675750887745,14.966170457359262,10.796630910388803,0.14700881949470873,0.07387523542117365
3,223,0.7219799323063234,0.6624189463186508,0.0893065823944989,0.16812229654117194,5.116890253942128,9.63269803385603,0.03708993026545941,0.09585685734169086
3,224,0.7167600347946533,0.6534499314955529,0.04741986695903374,0.12118828355509495,2.7169582418244946,6.943577174141621,0.012831115929665002,0.04969511910978358
3,225,0.6255205903209023,0.5501272925212057,0.03781606146681522,0.1160749127143413,2.1667007198558137,6.650602605881175,0.006430310631251136,0.03731025070222984
3,226,0.7955332677463884,0.7397324684604221,0.028267645078658525,0.10208293889168044,1.6196167597808855,5.848921558785179,0.0040106431967663215,0.028957471943216857
3,227,0.7873715843936705,0.7311712533910509,0.032356433167027125,0.11075597180249219,1.8538870605677702,6.345849740152755,0.004908191705309591,0.034172814861695516
3,228,0.8994458118962778,0.840267930521639,0.1231821206048584,0.06228647684112579,7.0578156221298824,3.5687522437358514,0.04471645369458124,0.011961927110030916
3,229,0.9534260046582325,0.9140665935828766,0.12331734951425069,0.20271843710240783,7.0655636679062175,11.614910875456205,0.05637427550750358,0.12729722782129566
3,230,0.6998613972216321,0.6333112622758825,0.03492892662710978,0.06568914703093999,2.0012800786555123,3.763710884687184,0.003934812839350624,0.012600345997649434
3,231,0.6610685656434488,0.5922960426082278,0.05954253693977739,0.13623109989758642,3.4115360681510447,7.8054670625568034,0.018281923457086083,0.06227150434894203
3,232,0.9475090717534989,0.9063487961063693,0.07763257556705888,0.1568239601035521,4.448018932722907,8.98535104046154,0.025427693877583868,0.07643866688306021
3,233,0.8364055948748325,0.7834780688352537,0.029718736602348007,0.09771926475930807,1.7027581797755007,5.598901447829831,0.004603587875019972,0.027493223102289632
3,234,0.7710599384017808,0.706508745846156,0.046945044675150725,0.03898166123050851,2.6897529289392352,2.233484666916885,0.005996367771173999,0.003267877112062983
3,235,0.6671790729370113,0.5965985417685619,0.042486529421878264,0.05505604360499125,2.434298822032022,3.154478935254225,0.005085467296526968,0.008930930333825693
3,236,0.8199518796047947,0.7674448642106116,0.07010625027655149,0.1484036243800521,4.01679225833426,8.502901341421754,0.021958373829546983,0.07038447818657875
3,237,0.8490917802557789,0.7987995401040143,0.04039949501993401,0.11939419307104056,2.3147205591020064,6.840783361340721,0.00422521678009409,0.03339842452275347
3,238,0.7772246111886086,0.7197578817727335,0.053098949270423225,0.12751410765446058,3.0423456897745127,7.306020196977417,0.01438537121048606,0.05314620555766277
3,239,0.61954053059789,0.5398494611491887,0.0844788626661915,0.03130345112158691,4.84028228883807,1.7935556334609932,0.020214200938889704,0.002743826895339115
3,240,0.8815373989987597,0.8238009382108779,0.0683450187789207,0.0741463165203851,3.915881126774511,4.248271003059198,0.019549031424451236,0.01241681433996506
3,241,0.7014968554758478,0.6368019969875617,0.08938132631926372,0.1683830068794274,5.1211727653753965,9.647635635913495,0.039928299932862364,0.10033680621763233
3,242,0.7203434940150771,0.6568728285458845,0.06395629694761154,0.14124268251880642,3.6644258883835708,8.092609595433819,0.023125656670038942,0.07066992386464624
3,243,0.9915912750421998,0.948895486736782,0.023336154378170097,0.08324838312987462,1.3370631559348847,4.769781004629898,0.0025136131032263993,0.019161202641701992
3,244,0.8297107740038756,0.7761645951833893,0.02199799374499043,0.10046486392374385,1.2603921993431357,5.756212692186646,0.0020042891973362856,0.02534586015782765
3,245,0.5968558426443754,0.5129587211531528,0.061283600273459284,0.0726752996663896,3.5112916490359947,4.163987945732644,0.012202030557782354,0.01883890799800065
3,246,0.9913959323196487,0.9501207268851232,0.04991108980567917,0.1287156629176599,2.8596947967638444,7.374864242410468,0.010726608943768184,0.04834889064395376
3,247,0.6641894229507586,0.5924419458236753,0.027736791337356702,0.08281297722153175,1.5892010808655614,4.744834083706792,0.0031517105727800867,0.017030241386282112
3,248,0.7189347091149668,0.6557342281512086,0.05483261188516097,0.1337850201501525,3.1416772406986,7.665317016676414,0.010671162455149964,0.04834168301706246
3,249,0.6347736422045691,0.5612051236039266,0.0351518386918555,0.10894035040380123,2.014051999167989,6.241822296814124,0.004333048422050484,0.02716690950441935
3,250,0.9213695489006676,0.8786095860774874,0.04828291163500749,0.12611694481968136,2.766407059289026,7.225968663252033,0.011604448666326542,0.049641082209634604
3,251,0.7473007371570908,0.6817043246464964,0.04330048031919363,0.07526222664699997,2.480934773179079,4.312207943630139,0.008731975033512439,0.013394052173078434
3,252,0.8771674815124534,0.8204193315506185,0.06217955541732632,0.05334049283182576,3.562626097412612,3.0561851164114366,0.014118920190443952,0.007015363164329867
3,253,0.7681827781869465,0.7116421544580422,0.09808725897336404,0.17759967435991844,5.619985963180471,10.175711783721107,0.036690009945534806,0.0960065621906634
3,254,0.889170836176574,0.8406859809460979,0.03693873415012368,0.09960168398473587,2.1164335673578507,5.706756124721129,0.00688455895191236,0.030908939869343927
3,255,0.7475273750677913,0.6834961965277498,0.059324120810409074,0.029702746933343183,3.399021745760657,1.7018420392257132,0.010971288315866273,0.0012414677494160184
3,256,0.7397202927413614,0.6802886748336988,0.010557567404253456,0.07999631192535274,0.6049040541886108,4.5834510499347685,0.000647544229674765,0.014009442841018585
3,257,0.8554258754405665,0.8037799779739011,0.02272707868096863,0.09404274181450863,1.3021656890812525,5.388252199809814,0.003117019680039171,0.02631690161601854
3,258,0.7046226088226708,0.6380988923222493,0.03582338657966731,0.09919935621918399,2.052528858880531,5.683704441774077,0.006865415912275449,0.030940948617939994
3,259,0.9985293986791427,0.9554272084747015,0.025475779213485955,0.09612393599941405,1.459654628739857,5.507495842952063,0.0038183010993088377,0.025407513539365385
3,260,0.8577030760820691,0.8011751104382545,0.047751030396451906,0.07583044805752633,2.7359325091176006,4.34476463228227,0.005641349751011778,0.024178828941280428
3,261,0.7478744497042246,0.6881832933270565,0.0711946787936751,0.15051366051534873,4.079154618667126,8.623797506594345,0.01770252076518683,0.06263400281343551
3,262,0.6169161472748643,0.5410240273471026,0.11186334642797008,0.19153889555171186,6.409297632532518,10.974370327710187,0.05197561332736926,0.12053557716751545
3,263,0.576893760298041,0.49116217733154655,0.06095257839311187,0.05813105350265511,3.4923254923656035,3.330664024351319,0.009442117542481306,0.012522602176733986
3,264,0.699512560715455,0.6324206209203768,0.038265646819638025,0.06555257254709874,2.19246006310346,3.755885743173903,0.004411905895682138,0.01343597427605471
3,265,0.7431437362137753,0.685811310637178,0.13049894271824947,0.2090456838817214,7.477038648675181,11.977435411848617,0.07078048957750185,0.14688867376311202
3,266,0.802623787623726,0.7483557493130913,0.028921514810727852,0.10129427632295886,1.6570807357798079,5.803734522137486,0.005589062881842629,0.03376597870698591
3,267,0.900164461146659,0.8531370907439582,0.0850339168916689,0.16398954978723257,4.872084553358828,9.395909087058913,0.031961497392216626,0.08713193340640739
3,268,0.7184436921036733,0.6539411744321846,0.03962365555665189,0.10069089834953684,2.270268232276246,5.769163510809248,0.007935463426858615,0.03299142816680417
3,269,0.7558732954011697,0.6969911312513072,0.021799610222779205,0.06815201950400901,1.2490256607954928,3.904823082872986,0.0015896589413443834,0.012890250216894446
3,270,1.028090349165247,0.9900638524197304,0.04728760928328702,0.12461643492394012,2.709380435195998,7.139995779108444,0.011585240834376464,0.04960546636366328
3,271,0.6878761418148042,0.6213143771016186,0.02051740006247371,0.09482734678526655,1.175560430161195,5.4332067532192285,0.0017608109071197905,0.023552308518028246
3,272,0.7400589126610843,0.6800383817120722,0.032865916666326614,0.10371982814493227,1.8830783148091872,5.94270840452683,0.007077532621608724,0.03659680683271371
3,273,0.8039443848558044,0.7509181740795148,0.03878763195794242,0.1181618513396756,2.2223676084968544,6.770175381215664,0.004324975350757498,0.033586599939994834
3,274,0.6683952373863835,0.5981320392708787,0.0307490512444602,0.08948634603353696,1.7617908603390613,5.127189951768923,0.005328953086670375,0.025220238733534822
3,275,0.7696684381359343,0.7139108132296472,0.052045332699850254,0.13155896552885515,2.981977907055634,7.537773481910483,0.007519413729239612,0.04202820722995148
3,276,0.8673476429003483,0.8195418365105285,0.0979543861677914,0.17681623982532046,5.612372912209096,10.130824291363847,0.043085447104778136,0.10563669670751065
3,277,0.845340376604788,0.7844684915310862,0.08487461526209789,0.02658443255438674,4.862957242314852,1.5231757861165505,0.022098602329618217,0.002560571941759371
3,278,0.7860934983286639,0.7264918723281054,0.060332624178333176,0.04058636636198958,3.4568047323674373,2.3254274983137364,0.00813950807557853,0.004510253453625525
3,279,0.7560208717504449,0.6965420639689307,0.03237005140357737,0.05977334056260108,1.85466732804651,3.4247601416351716,0.0025360963247533837,0.00914951053977428
3,280,0.7904772062691751,0.7368298981971616,0.059741114365245276,0.1349018079279349,3.4229137165369283,7.7293042429551395,0.02010758115519884,0.06446572621806192
3,281,0.8080108276249017,0.7554530667729202,0.039362885567924576,0.116268501106255,2.255327212498497,6.6616944037005545,0.0063600368949516956,0.03769063624779651
3,282,0.6437521243781414,0.5708300533245966,0.023521910036136903,0.09371076812022572,1.3477061711570582,5.369231508218037,0.0027497444294730666,0.024011270989087986
3,283,0.7267159645097315,0.664651504953189,0.0503498097859051,0.12896105521580675,2.8848316000188534,7.388924185419299,0.01052140919554655,0.04747801598620729
3,284,0.804705867536142,0.7493647233446317,0.029792594754281407,0.05860705000271808,1.7069899401639206,3.3579366148679255,0.003298291232894608,0.006243360698772387
3,285,1.012718350478775,0.9678261053646459,0.04751679198929575,0.04891038355079272,2.7225116369876856,2.802358551826508,0.003961372452117747,0.007694317339372328
3,286,0.9745172890612883,0.9328775753975651,0.07996431432360754,0.15717746276173286,4.581617722400228,9.005605250821953,0.03149271932340869,0.08588331786551692
3,287,0.6171093661728118,0.5410330696817713,0.03477394318606897,0.1097900700068319,1.992400181589459,6.290507643837313,0.005534985452705282,0.03282099850114355
3,288,0.6896233346159923,0.6241782474326631,0.02282395703959592,0.10114929046563499,1.3077164101567509,5.795427444423742,0.001388756794186343,0.02308788080659504
3,289,1.3879081358875653,1.3626359299652022,0.20921193984456482,0.2876114309945592,11.98696117683843,16.478921135706354,0.245989535543227,0.3783494263294439
3,290,0.6612556945880758,0.5900601095083307,0.03461941082978794,0.10959802389475058,1.9835461297763444,6.2795042121431575,0.005711656404098944,0.034024501118812694
3,291,0.7786383440506535,0.7180788675965353,0.020018605453769836,0.0739094111241579,1.1469816042385839,4.234697323711505,0.001989010673290976,0.011539071190301169
3,292,0.6976159139707635,0.6326834364012748,0.016352127598770957,0.07822054726781895,0.9369078974689691,4.481707229649588,0.0008913795391419224,0.016654631461209116
3,293,0.6642782052962269,0.5931972829174496,0.029585348040067377,0.059652831727629085,1.6951155781215026,3.4178554939972376,0.0019538635247888583,0.00957595932602744
3,294,1.038591319094249,0.9959175837775676,0.027714522146135,0.056351801042795996,1.587925150195388,3.2287203677131218,0.002567353331134453,0.00585685916627509
3,295,0.8877308761462027,0.8415738634164803,0.07095082384116067,0.14859971707806413,4.065182759074686,8.514136625411176,0.025619340359617895,0.07554157496678739
3,296,0.6109128426989275,0.5335955677983117,0.039895606355196886,0.11877577395649015,2.2858498652680868,6.805350556106766,0.0041246632415766135,0.032807947574077526
3,297,0.7266375483477095,0.6627894172342179,0.01528875277359008,0.08394683829517004,0.875981007945643,4.809799537780438,0.000582637562060145,0.014505229793631107
3,298,0.6942285952171906,0.6280855068662418,0.017117316228559613,0.08781006050609845,0.9807499764872575,5.031145865787835,0.0017373023485235204,0.020897350810062144
3,299,0.7503515429714637,0.6903793779896655,0.01778797863740827,0.09207467836726034,1.0191761019923629,5.275490470468519,0.0008620835717106316,0.018174202903238554
3,300,0.7410627827299306,0.6768167493428732,0.04577199752352548,0.07885805421609195,2.622542277981266,4.518233687195896,0.007214164057108004,0.021878629768211984
3,301,0.7543857879375412,0.6956453636971058,0.03762171232767933,0.10959152268942653,2.155565334431326,6.279131720516341,0.008975710826394917,0.04121702520771601
3,302,0.6380707527518257,0.5635670583859721,0.03349480780546645,0.09609746183150797,1.9191111228550746,5.5059789848649245,0.006020447994492325,0.027471464540147247
3,303,0.6551140778038241,0.5823337627605075,0.03553584432194188,0.09889894736982308,2.0360539010812,5.666492282577316,0.006393419468391637,0.030776303778051704
3,304,0.7328412449708583,0.6737635176661848,0.0480111775601937,0.12662194043534267,2.7508378436523038,7.254902780702037,0.0068655625531705185,0.039562715115963085
3,305,0.6306100418524208,0.5561308262565557,0.025767066734619492,0.0982001293917624,1.4763441743256365,5.6264529617865735,0.002232030417751097,0.02233614341514769
3,306,0.7248157641330621,0.6640453961331625,0.06212135721356452,0.13679880544039874,3.559291585961819,7.837994194166133,0.019164592709508366,0.06398732852527807
3,307,0.6982337172192518,0.6338456662883697,0.03859423738054408,0.11709523715857069,2.2112869154312134,6.709062890269551,0.007250388164234518,0.03980171159217148
3,308,0.7744306131362229,0.7171408864511234,0.09278162831951241,0.1706167144138642,5.315995719059537,9.775617650303298,0.02092933108635569,0.06873685381477532
3,309,0.6030364569095472,0.5236707008096604,0.03927439893225845,0.11555291466153045,2.250257301731516,6.620694320541066,0.008618079764523452,0.04254794746215253
3,310,0.6912554817862214,0.6257366805883535,0.028534767639207502,0.10540234638561881,1.6349217551130697,6.039109598671945,0.0043302281643406645,0.032147747454886515
3,311,0.6944157680996969,0.6294290494103194,0.06797802844851736,0.14620357690648708,3.8948541297202883,8.376847906458059,0.022910032795072165,0.07156348000815564
3,312,0.7032266603341772,0.6393871859137015,0.03340045787275953,0.11186819693333401,1.9137052699136248,6.409575546018377,0.0036492538512244987,0.030652333487032855
3,313,0.7320175078728057,0.670234009812667,0.05019349093962719,0.1260795961583489,2.8758751898687747,7.22382874258722,0.013195669087957534,0.05234339497089077
3,314,0.8265335841227751,0.7634315337512378,0.10557122535232644,0.05353995857526621,6.048785650712822,3.067613661668014,0.03635095155356763,0.011819491015289674
3,315,0.8040522976712083,0.7366696355007634,0.10797707412229245,0.03156219394438845,6.186630631378615,1.8083805051868227,0.025330620019076905,0.0021111544488622673
3,316,0.7085637238707172,0.6436530286261852,0.03515343522130648,0.06537673297848089,2.014143473567398,3.7458108780206985,0.0033532351623150134,0.01607958597068688
3,317,0.6836121962562585,0.6137384912055744,0.0440090999135848,0.11043000290867883,2.521535685217965,6.327173098284701,0.008980393333288293,0.035468976131748015
3,318,0.7324602395752645,0.6719029128453565,0.04156743077627673,0.11885993698785616,2.381638348682864,6.810172742595064,0.007700062957569247,0.04055450526262255
3,319,0.695798671869135,0.6098943600460134,0.26053514268093936,0.1871065234689708,14.927564090456546,10.720414114137514,0.14730008828570612,0.07336054509669113
3,320,0.7393028714550882,0.6784264680992638,0.017804316156678598,0.077196244655139,1.0201121728942661,4.423019012998804,0.0014823814811813244,0.014716667626251005
3,321,0.6284824896628255,0.551752088036044,0.03379118850586891,0.08864127640474116,1.9360924861172668,5.078771028644236,0.005159793748794222,0.025361303893608182
3,322,0.7764526151812791,0.7199896565235765,0.04160771782033099,0.1148345788968074,2.3839466262762308,6.579536712949133,0.008613719133485846,0.03833327893465761
3,323,0.7506648039460126,0.6927537961223456,0.052482793375805574,0.13105012666129054,3.0070425574908137,7.508619162346814,0.011430720229415308,0.04979718882681457
3,324,0.6581654216919701,0.5862477232806397,0.0231474268065704,0.0662972771870518,1.326249862604469,3.798554176027023,0.000985722272128879,0.012181543528905645
3,325,0.6397585885991979,0.5495191905885791,0.2406581769083908,0.16646014328179418,13.78869784216352,9.53746366718977,0.1294431179624501,0.06059037606671942
3,326,0.7105545407514542,0.6443033101903809,0.03894017203986275,0.10954162679447176,2.231107511397469,6.276272896320404,0.008421748961567058,0.038415199844844636
3,327,0.6686517078689926,0.5974310052369518,0.03208170366004058,0.06953058221270456,1.8381462193097313,3.983808907875364,0.003228224636650839,0.012585970814991465
3,328,0.7696946003320854,0.7125870550610198,0.03739576139456611,0.10918757088557161,2.1426192995868956,6.255986987028758,0.007220446632172632,0.03617746197601261
3,329,0.6313682611406697,0.5451445182827893,0.16075999306716743,0.08981885134593756,9.210869117301067,5.146241102835156,0.06660946796662083,0.0221530175751133
3,330,0.7677871348277214,0.709982418386126,0.0765432226427076,0.153842024571286,4.3856036077573455,8.814498719682597,0.02448078960360342,0.07397850796915166
3,331,0.894787510689418,0.846693625162751,0.023083653588550426,0.09919619862653724,1.3225959263659568,5.6835235250419975,0.002851937607717807,0.027321463499013036
3,332,0.5996740687107764,0.5192679710127666,0.02360347065458539,0.08930832097276117,1.3523792503686334,5.11698986713891,0.0025041721219914714,0.018008079259637474
3,333,0.8478895157145988,0.7963141257293733,0.027858074857676173,0.08396212881006374,1.5961501147043562,4.810675619750429,0.0044059486228790285,0.023292491685519473
3,334,0.6432339483700453,0.5544457182314483,0.233965855491668,0.15782909235551573,13.405256069840291,9.042940876351537,0.11893213269124979,0.05294883224752037
3,335,0.6760622423401689,0.579028613011418,0.4330066612562685,0.35909374236861447,24.809454191035087,20.574555887279722,0.332246175982349,0.21208169491089057
3,336,0.8313448933360522,0.7811583312599084,0.0852565816175777,0.1647266461921297,4.884842302399839,9.438141600153786,0.021527678559242168,0.07047850751001712
3,337,0.9418544102838022,0.8990987195825368,0.09790006184737565,0.17618015563523867,5.6092603579243585,10.094379351857164,0.03597057868794317,0.09292780722953889
3,338,0.8632795987056541,0.8145438035465055,0.05155544232796628,0.12646349757032163,2.9539092563225875,7.24582467324237,0.014348421150046028,0.05349294742183846
3,339,0.6274596566392422,0.5513635323021611,0.04453201120693159,0.05707143893577441,2.5514962953864635,3.2699525817584725,0.004678960962672259,0.013254558503563819
3,340,1.178143743942699,1.1451042176230586,0.032030080477454585,0.1012317972749741,1.8351884288225204,5.800154736379964,0.0012495493517309993,0.01743781861214324
3,341,0.8437473762065454,0.7936045601311906,0.054309604606998255,0.13388275361605909,3.111711131005252,7.670916731790046,0.011698237594788607,0.05092683845930832
3,342,0.6879799124755369,0.6200331395686934,0.022691654985644204,0.07516557751847465,1.3001360608444055,4.306670356472021,0.001096884563724119,0.016838427824071286
3,343,0.8693514191038807,0.8200635986349846,0.028740666885683656,0.10793321358664992,1.646718912941077,6.184117607799116,0.0026832324972258376,0.028455662191702064
3,344,0.7022565121116515,0.6366953048030425,0.02576201522801859,0.08575726853990112,1.4760547443172223,4.913529549906366,0.003820868696655491,0.024911153522784786
3,345,0.667972367710375,0.5986293022944741,0.037504662014472764,0.11478498268563374,2.1488588454939053,6.576695059369043,0.0064705160426550105,0.037082208991835154
3,346,1.1102855870937687,1.074250251527112,0.0361247299759753,0.11114435789663347,2.0697945636731165,6.368102624168622,0.007154016084164525,0.03882185151977039
3,347,0.8622644282227708,0.814054967676746,0.1585111920037547,0.23822078723947943,9.082022307402987,13.649045701106107,0.09723295314907232,0.18669622309620798
3,348,0.6378967941906076,0.5624494965179959,0.04406748412961746,0.11511966142468169,2.5248808543868164,6.595870738609251,0.012529422972633437,0.04655157530293276
3,349,0.7753594520467753,0.7149597861771041,0.028507548061924435,0.08239057318384459,1.6333621882146196,4.720632115098033,0.004097900316646641,0.01205333907205891
3,350,0.7233861020517721,0.6557714885910988,0.06908833827730616,0.032338752295073894,3.95847019686178,1.8528740212267387,0.01545534683424677,0.0016831129754525213
3,351,0.711796772027155,0.6489164082431884,0.0776364709950713,0.1569664177596463,4.448242124307416,8.993513262915062,0.024893976748963237,0.07590688118752782
3,352,0.6588524690623545,0.5864148511170906,0.017379568272068043,0.08205931430431564,0.9957759117489717,4.701652379374791,0.0013612176937363371,0.01866988902301657
3,353,0.6221231278268858,0.543748288933083,0.05851491919692743,0.05722900398849085,3.3526579085329824,3.278980394277881,0.00963851803550706,0.011942900002306467
3,354,0.6682722197247828,0.5988677509499972,0.03459437439411919,0.10850599833330869,1.9821116476784741,6.216935756352133,0.0063426682842827285,0.03543944894153531
3,355,0.8729212636028267,0.8223987000684658,0.035317878553171034,0.05921639110111202,2.0235653824523063,3.3928492880897645,0.0024568437584842114,0.011826967661470102
3,356,0.6411304666843626,0.5686652933632339,0.04159801472099303,0.12043491607941184,2.3833906796359696,6.900412397362554,0.00658931221376579,0.039500388439677576
3,357,0.6412654448864652,0.5468858832534782,0.321281867197651,0.246554115802577,18.408095024508007,14.126510257067418,0.20364728714349692,0.11269908704048565
3,358,0.6097305168096273,0.5308140404437283,0.02158616860996889,0.06709884780525215,1.2367963572089964,3.8444807894315947,0.0007837375269397154,0.012175557947744449
3,359,0.7814844644702496,0.7037457898039652,0.2428305924085012,0.16881308074409365,13.913168081668646,9.672277053237753,0.12943560896070722,0.061214947208339685
3,360,0.7023917044593535,0.6340726422448362,0.0836192943564943,0.04053133189602305,4.791032652489227,2.322274255686098,0.022113894627484223,0.006086773500498707
3,361,0.6309784756294808,0.5551919895743684,0.031933240409860064,0.05683791473607977,1.8296399016615927,3.256572630701799,0.0016381531224817242,0.00755556618774025
3,362,0.6891400946285581,0.6240821815448393,0.037356169944796604,0.1165180113021291,2.1403508766102988,6.6759902848696235,0.0053066823018382385,0.03601554001340032
3,363,0.7575176577938624,0.6999102462928353,0.05210880905658448,0.12502174647329095,2.9856148343953715,7.163218420274156,0.003523284838616806,0.027634851191843793
3,364,0.7085857201064378,0.6461955976775441,0.08568485636254701,0.1646417470421647,4.909380637758622,9.433277237176542,0.02965059842617937,0.08417070745040868
3,365,0.7366507850486957,0.6751823311583364,0.03233650419499516,0.07908383805103976,1.8527452145803043,4.531170148020684,0.004544155414340012,0.01748344011900875
3,366,0.8134917416979591,0.7587994685199688,0.048257702278830306,0.1233511267580773,2.7649626695758314,7.067498961421066,0.011884680342933003,0.04757432582909065
3,367,0.6530517954983507,0.582250847392273,0.051747367367643154,0.13079445768886053,2.9649057510789536,7.4939704092741275,0.008738088982536578,0.04423117602100654
3,368,0.6874162286105368,0.6194439047080629,0.04040296294971898,0.11215700444603444,2.314919256842333,6.4261229975877825,0.006998649191426769,0.03440351507215832
3,369,0.6571596122841036,0.5836491290039505,0.049879305876404344,0.08712008316174441,2.8578737117600546,4.991613075996703,0.0067003937728403,0.027638090045705617
3,370,0.5819288822233605,0.4976371758691538,0.042782365607168915,0.05946375534574263,2.4512489868764265,3.40702221530954,0.006704659837940871,0.009306031722533706
3,371,0.70081769583079,0.6359923227990083,0.1421359265970162,0.22162531190572504,8.143788711190295,12.69819500546852,0.08587674550136101,0.1694818855055068
3,372,1.2099981494367582,1.1792416124834522,0.07871376016269234,0.15515279063875015,4.509966246927263,8.889600083277251,0.02879696171183716,0.08129460836103611
3,373,0.7003118937774088,0.6369915622894969,0.08676822980922774,0.1650757314055022,4.97145336388997,9.458142709570453,0.03551634100764517,0.0927003960529474
3,374,0.5988724442111333,0.5183552930387441,0.023195785469665064,0.09680498940521894,1.3290206099026882,5.5465173287276945,0.0039571658561500245,0.028141711191518995
3,375,0.8033199003106181,0.7470480931367292,0.06917812279684604,0.04223339617275443,3.9636144708970247,2.4197953552027927,0.01795780517579343,0.005018622669780362
3,376,0.7434982278332447,0.6833977971200219,0.037509445771050365,0.10773439890625852,2.14913293455602,6.172726365707446,0.008395529784183918,0.03906810184371754
3,377,0.646271895844057,0.5754768461387657,0.05501388985798347,0.13439567059896063,3.152063703460017,7.700304710150888,0.011934823662126164,0.05122874117656079
3,378,0.7496036449551468,0.6842889092932326,0.09678425582732658,0.042706294208486296,5.545329382220257,2.4468904167902554,0.02835625193514895,0.00476260707682284
3,379,0.8419928302045238,0.7873902000886464,0.029111667576692077,0.0817735586729275,1.6679756867322968,4.685279787724155,0.0010065620570083905,0.016791550266740576
3,380,0.8235182319644561,0.7548095856410997,0.2553939934142116,0.18622171490640654,14.632997935626266,10.669718317825545,0.15754447469760832,0.08522979334118069
3,381,0.7692792548480226,0.6835318487559248,0.3211271019946799,0.24483192518928312,18.39922763156228,14.027836003408632,0.1953333938774554,0.10642376004721411
3,382,0.713322803408746,0.6361117682143339,0.13584740918834887,0.05809373526853267,7.7834832042791104,3.328525847037222,0.04288763155600732,0.008419239855514453
3,383,0.8050087308520387,0.7386030781012265,0.13600678079395767,0.08926908144521478,7.792614524654718,5.114741607820414,0.0596408260967509,0.023725203240315303
3,384,1.018408043339682,0.979654811440498,0.0721616649944699,0.15114936653465402,4.134558846820058,8.6602207785116,0.020985998545274824,0.06880087495358148
3,385,0.8311318681860437,0.7710171039312879,0.05401393677403318,0.03873631756633185,3.0947706120385745,2.2194275104292873,0.007005127137055547,0.005125926185546194
3,386,0.697734027891676,0.6309625178810633,0.03820470911324492,0.045737284611194154,2.1889685897139275,2.6205533746100733,0.0040576923637323965,0.003995244068574991
3,387,0.8735474383517638,0.8227786136585783,0.016472047140940645,0.0802622785195045,0.9437787811164332,4.598689813271133,0.0009866709033586286,0.014398080352791172
3,388,0.949699901834171,0.8826560040429394,0.21215750196895103,0.1343451075831265,12.155729454859348,7.697407662744141,0.09121853031761833,0.034584842059261815
3,389,0.9063535133280618,0.8612444626260325,0.06294102862828443,0.13495234369602363,3.6062552986127874,7.732199729181075,0.023807929777120623,0.07044769347174974
3,390,0.7707840294183859,0.7136677582832633,0.11238586415625508,0.19095625824339718,6.4392356930840124,10.940987668956893,0.0629962400857884,0.13297867424758011
3,391,0.7053689198597284,0.640619139673324,0.03343771448071604,0.10718474026460259,1.915839916308506,6.141233245367667,0.006011068591827044,0.035906565837944264
3,392,1.0234858764192654,0.9726968900870907,0.09900562911395955,0.0397733158383401,5.67260469626743,2.2788431347777194,0.029043860066028333,0.005949986031525438
3,393,0.7253001835855443,0.6587860537429815,0.08932737832180924,0.03510697808452286,5.118081772808072,2.0114816757014347,0.02200601319875528,0.005294335070923621
3,394,1.081261371646241,1.0258842814624496,0.21869825418207814,0.1522013846213029,12.530486951512383,8.72049697484801,0.11952189963256937,0.057472672864316225
3,395,0.8829845080337665,0.814140791263278,0.2616612835335828,0.19443282849299706,14.992087208450279,11.14018047143971,0.16024480117531104,0.08653634098145312
3,396,0.8748594827030861,0.809140483298855,0.17697796321460407,0.10500278615492215,10.140090359018348,6.0162164837917524,0.07876884261051072,0.029045302160952143
3,397,1.01124543135212,0.942210741311983,0.3165124929924048,0.24126413226686264,18.13483001162884,13.823416526777292,0.19657097258366543,0.10766611126231539
3,398,0.6918360733059632,0.6139579060065982,0.13895951983172916,0.062227085978354454,7.961794009522545,3.5653493979574136,0.04378156102508428,0.008568929930156996
3,399,0.9334785834205107,0.8754629700863416,0.08978641527870275,0.04769301915662001,5.1443826530785985,2.7326087099109118,0.011417928861985963,0.004837280070223302
5,0,0.7104187179329147,0.6729528629937667,0.13524118063167237,0.07327537801423935,7.74874886656124,4.198369902441618,0.03774773457902603,0.010341566038176084
5,1,0.5309614145384637,0.48960592925832286,0.058380996794673436,0.08480319188521013,3.344984720101575,4.858864984260611,0.01602701437837873,0.025941638389595366
5,2,0.7046372026541708,0.6781144221207892,0.023300352059621426,0.08275854360377113,1.3350118341852628,4.74171526714548,0.0014992621875142623,0.015404544366914318
5,3,0.6142763482843739,0.5772509620024252,0.09957983678205096,0.042385489359861264,5.705504372213117,2.428509652916708,0.0261849389335825,0.004859096264802264
5,4,0.5870040535837107,0.5523479454725426,0.02899747043025019,0.08032980720316912,1.6614326722087394,4.60255892184119,0.0055246246502373645,0.02359482540260477
5,5,0.6945213368118113,0.6638673546428624,0.04639544784936402,0.031370315811195676,2.6582633503878705,1.7973866979740276,0.006967368480719716,0.003654467170857073
5,6,0.7227087384997978,0.6933935839927742,0.04464815638417404,0.051058644906170486,2.5581509238532547,2.925444860780708,0.008555674900595243,0.01005479325847439
5,7,0.9901352979869388,0.9722480772054363,0.10341795432319781,0.16554237763829477,5.92541230859596,9.484879569235147,0.03798850599814945,0.0856948206438095
5,8,0.7405176004325685,0.7154245631234952,0.039914477446206284,0.09492920205971353,2.2869310991377323,5.4390426305661865,0.008671348653859393,0.029699666873070803
5,9,0.5950315520987927,0.5592608271494137,0.07646131066439714,0.12578395590548333,4.380910397108589,7.2068898038438425,0.03537739057402786,0.075853093644943
5,10,0.6692472463544222,0.6418285167685769,0.08238305682869564,0.14291568763478682,4.720201459670676,8.188465727683292,0.035069815933121924,0.07953531873862385
5,11,0.584731802149649,0.5474733946964155,0.06131741145091105,0.05680266347993158,3.5132288868043484,3.254552882501973,0.013012031496409537,0.010999145926756368
5,12,0.6021381749433976,0.56912098654123,0.021601046841926437,0.07771714810874375,1.2376488171067803,4.452864582424144,0.001367147365895635,0.01148132267506518
5,13,0.7608501130498689,0.730663511663263,0.06409012477760895,0.0288051146747793,3.6720936582238166,1.6504114992552068,0.011395514605590067,0.002998443936657799
5,14,0.6755526291591364,0.6349031575224489,0.14804593192239665,0.09042175679691257,8.482407073234434,5.180785040621456,0.034761736208008,0.013910318833642007
5,15,0.7330487937850724,0.6888691305883992,0.33907121368471804,0.27920338124824645,19.427349498512825,15.997175371306593,0.21589706704183068,0.1391281415100995
5,16,0.6058637846521462,0.5669553565892106,0.10936529445278874,0.05227633569156917,6.266169797350309,2.995213403536023,0.034486727451808204,0.00886839661055714
5,17,0.6337362584275076,0.591080333599339,0.18159980252771776,0.1196451868030787,10.404902245247406,6.855164242870744,0.06954488968622295,0.02939090341939335
5,18,0.5359310450064617,0.4954421064970154,0.040342865438936774,0.04531502626019709,2.3114759231152706,2.596359753233788,0.004225719786576558,0.004944928250519932
5,19,0.6137890456435539,0.5782215834933752,0.03403005326363936,0.05955991176901541,1.9497784286119282,3.412531572536144,0.0031450556414236337,0.01425554938586875
5,20,0.6017180646080974,0.5678774669193595,0.026205348379617095,0.07737354592515913,1.5014558628220502,4.433177627473267,0.002515262240281717,0.014718089488973456
5,21,0.6661209653859734,0.6378886492628348,0.05639498121362756,0.11919483903295472,3.231194409260424,6.829361216329512,0.012225788110077573,0.04259812562853942
5,22,0.6625070052387633,0.6326810783541229,0.01809860456814412,0.06385132114789438,1.03697365683085,3.6584112181087667,0.001431969827757917,0.012830295045356186
5,23,0.6460001792567589,0.6144743167403368,0.031995001124166346,0.05684644625402579,1.8331785299310561,3.2570614506729463,0.004901328701981121,0.004830035295881555
5,24,0.6816980763223763,0.651646286242181,0.041003612546337234,0.04932778854222309,2.349333943694794,2.8262740961831625,0.0047752683331835355,0.007715047626858516
5,25,0.6571989308776406,0.6208189775403608,0.11334040651163313,0.05154678871332342,6.493926941413652,2.953413440726019,0.025899996792484226,0.004587914900476886
5,26,0.771599725324177,0.7499490585648608,0.07242041723545461,0.13743069034855576,4.149384258168035,7.874198532541541,0.018408494974231145,0.05500393296262103
5,27,0.757839874229585,0.733661529199647,0.03305152199735455,0.09209814383326358,1.8937127169322163,5.276834942634812,0.005687073079455873,0.026055715785364586
5,28,0.639044999343821,0.6085737987114812,0.06757768518306294,0.1302051568191759,3.871916150253264,7.46020595657781,0.010345519245589567,0.038269436203592244
5,29,0.8749131013152818,0.8586925882892479,0.10808502151271494,0.1733354792586042,6.192815561259275,9.931391401395441,0.04435609381502836,0.09599416593295587
5,30,0.7755570402399651,0.7530448577138275,0.044847841210592536,0.10570367416694235,2.569592021639837,6.056374408791824,0.006029302166237524,0.02724036132851579
5,31,0.7259963646193415,0.7022705867544413,0.10060543310567945,0.16583818722143512,5.764266713041162,9.501828209888613,0.040220406902863,0.08959254777508657
5,32,0.5707286936213548,0.5339798474817603,0.027862338840987412,0.05182496345438138,1.5963944229520044,2.969351679355785,0.002655815514738643,0.007439488168386257
5,33,0.7691994949289548,0.740252561184364,0.0654209561934998,0.027272768741577386,3.748344681597782,1.5626145445287016,0.014098054027038655,0.0017836688334312346
5,34,0.619686051435205,0.5876719032649429,0.023320310902759683,0.07990980242250269,1.3361553916610487,4.578494420533685,0.003706877009701401,0.021190744613307916
5,35,0.5777442921829614,0.5431971728016896,0.06831635103483182,0.1309900487321866,3.914238586030057,7.505176950567272,0.02768515710343896,0.06711739682250423
5,36,0.7850012129399931,0.7625476322229242,0.03077332063992686,0.09255815336680918,1.763181394270635,5.303191547442757,0.004098504043928149,0.023713237187264778
5,37,0.6119691088163375,0.5798237598382889,0.04823210848695959,0.11281064321079297,2.7634962533199037,6.463573740134591,0.006501335625166339,0.03183615587523344
5,38,0.9960971751559705,0.9813659466139695,0.11502181585349447,0.18033153962696652,6.590264600336176,10.332236133721342,0.05834599795551976,0.11580484287855326
5,39,0.6906055520774165,0.6634181722644344,0.02376695373312896,0.08736282268872368,1.3617461407909857,5.005521026413618,0.0018445167230471335,0.018859307105331714
5,40,0.8421295933934537,0.8106858307329322,0.11196661170691291,0.05316734548660986,6.415214297186184,3.0462645042966714,0.021729286754681255,0.004007077553891018
5,41,0.6399227444063054,0.6018119590788055,0.10064617355485735,0.04788068001328653,5.766600968834523,2.743360884977713,0.02571366504148391,0.008792877460072897
5,42,0.5863084530609506,0.5509016562027792,0.024138860799934842,0.07002824533167377,1.3830548460900527,4.012322904211617,0.002476435389629385,0.014571841220926841
5,43,0.7162019393584175,0.6919859419848605,0.15572215894502028,0.22039245640171717,8.922222484215043,12.627557588339396,0.08017837630330947,0.14651762937625962
5,44,0.5654464070266858,0.5286416512056591,0.021039223723082787,0.07916215294665517,1.2054587235641623,4.535657261012455,0.0027807834170155725,0.02040908859496285
5,45,0.6915624738413435,0.66416672010729,0.04206393839295022,0.106410165301836,2.4100861396143545,6.096853369084639,0.007447982139029627,0.03370334344331317
5,46,0.7056395709717295,0.680399607836378,0.06005032192575416,0.12518286675128984,3.4406300047476233,7.172449932197467,0.013008857113721961,0.04481819184285623
5,47,0.7175007074109707,0.6886193902600253,0.030703864776004567,0.08296785542849985,1.7592018664054525,4.753707951304618,0.0050256753255355,0.024798598802923955
5,48,0.6330730544849983,0.6021080067372413,0.03798726835245039,0.09653809056706596,2.1765101518262875,5.531225151744583,0.008055066885408524,0.031065524014888338
5,49,0.8387532823493421,0.8181431733274771,0.05751484866364071,0.12170948372742295,3.2953580877602557,6.973439744297506,0.009948025539283013,0.03837577456895249
5,50,0.6023575217794717,0.5693482104296639,0.03985449166556919,0.09819577981557867,2.2834941670764293,5.6262037494285755,0.005688941398680161,0.024040125534822945
5,51,0.5720455729932157,0.527857510035571,0.1702630374525733,0.11116445005763856,9.755353453110317,6.36925382019551,0.07008994699445417,0.030165821746618506
5,52,0.7376975775390268,0.7125372840064754,0.03708626121112345,0.09664753993373394,2.1248862453171062,5.5374961385250385,0.0062351200411862664,0.027309996517725837
5,53,0.6517347813831039,0.6225218625572619,0.0565094080399379,0.12122010231453521,3.237750583471083,6.94540025476689,0.00868550152237868,0.036490792074722674
5,54,0.6045502616962705,0.5722292702060428,0.08213391073366559,0.1469528734049709,4.70592643994329,8.419779433425113,0.028817597330423668,0.07120907845018482
5,55,0.7535939382805174,0.731378137885792,0.0832481921474244,0.14741881561922338,4.76977006214154,8.446475955798759,0.0297827212680458,0.07282230123289633
5,56,0.5771916812238258,0.5421942782410942,0.055200998958229254,0.11872725075619998,3.1627842652125904,6.8025703815216705,0.015568947986314561,0.04843079233951843
5,57,0.6094242498112294,0.5775856272361971,0.06586391439238473,0.13080405887831914,3.773724316894605,7.494520516908412,0.01741640635010913,0.052429735041212205
5,58,0.6515114205598355,0.6203609997450132,0.0333422186658194,0.08535736247759335,1.9103684091537663,4.890616620334435,0.006896110077023813,0.027719365842531513
5,59,0.6899558257714398,0.6612096344175136,0.03320568202066569,0.09025727513808195,1.9025454356375833,5.1713609357631505,0.0072206457587367795,0.030340658175093675
5,60,0.7913305983018994,0.7554616055074251,0.17558706176661915,0.12068714447754465,10.060397576330178,6.914864020048909,0.060844260034647504,0.030199851861940283
5,61,0.6486596743410946,0.6185300192956048,0.04199445011823082,0.10537020800286512,2.406104754747287,6.037268204979783,0.0077772435104035455,0.033697209521618
5,62,0.9127943361708738,0.8818085311025181,0.24915247046096634,0.19220245970030467,14.275385012671284,11.012389752860747,0.14082383546137206,0.08095176209222432
5,63,0.7021038728116028,0.677012241194136,0.1071413131805233,0.17259775302854563,6.138745056733364,9.889122801976987,0.04235541957408258,0.09303758602373552
5,64,0.5884688084349984,0.5537755656971515,0.022912064594022178,0.0792764267037138,1.3127646011685947,4.542204665001018,0.002372103015869282,0.015495812143544029
5,65,0.9041512786370065,0.887198420670347,0.07428982241856891,0.13955375219784352,4.2564932853603645,7.99584101615097,0.019817457126600692,0.05739959118510091
5,66,0.5548601760799552,0.5158399589925828,0.048804142185005964,0.039572995966511405,2.7962713699572213,2.2673656515693335,0.006909324929017907,0.006770466671507488
5,67,0.5733173569064514,0.5381313704419598,0.046439994565452815,0.10923045950587157,2.6608156892109256,6.2584443239610845,0.009774551431164138,0.037013691037662666
5,68,0.6726873375410796,0.6446634043692211,0.06100120111839255,0.12592304869978688,3.4951113693126103,7.214859233918117,0.009785770370306923,0.03912275623164643
5,69,0.6484425176846724,0.614950378172984,0.0425785400641449,0.09135825873620576,2.4395706435041884,5.234442649248773,0.011824311923493293,0.034628116612443936
5,70,0.6258143125578566,0.5944611312240008,0.059411714714193764,0.12190855226099864,3.404040506758595,6.984845531105251,0.011246688887319313,0.03859806607198462
5,71,0.5738235675349995,0.5377825764182065,0.029524088146186993,0.08894223706009287,1.6916056447487373,5.09601480399538,0.0013926394565937344,0.014775317153316578
5,72,0.9810072781587273,0.9659725002583139,0.10171257393285353,0.1668996092656835,5.827701209764861,9.562643213306194,0.04153904701119071,0.0915877480198875
5,73,0.6455475095984907,0.616544476663045,0.11153886778848521,0.17620061782836696,6.390706375947889,10.095551749162995,0.04702380289743844,0.09848514972215824
5,74,0.6193930372728929,0.5850979067780125,0.03897923196580151,0.04939161597300272,2.2333454803018538,2.8299311385839987,0.0032173614973926307,0.004982770910030857
5,75,0.7224885171402483,0.6958867521370837,0.024049163078370437,0.0743822506150449,1.3779155452124727,4.261789030926445,0.0037280323726835915,0.0203873072755425
5,76,0.5619063334472351,0.5237203087807387,0.0676189848928995,0.04001754573614102,3.8742824493220143,2.2928364771526235,0.006289804412106095,0.003738480674612186
5,77,0.5907956567744921,0.5513803551714491,0.13104793796710867,0.0710101239096782,7.508493759407548,4.068580402725577,0.04514278998751371,0.01407868925774677
5,78,0.8095013938291762,0.7888694374320824,0.054354143425886306,0.118559080334492,3.1142630173520347,6.7929349261188685,0.013352431178292445,0.044718566742416296
5,79,0.7691618021192022,0.7345114183652385,0.1675115802333628,0.10922197015268426,9.597706566938754,6.257957919852656,0.07259856033163886,0.031827183240729515
5,80,0.8421062738119196,0.8166544697587188,0.02007923113416295,0.05975983594174459,1.1504551998552184,3.42398638385617,0.0008322110218326696,0.008183323830515683
5,81,0.7396394157341808,0.7088238480705225,0.09212142659190635,0.03378935092202392,5.278168946440465,1.9359872003184473,0.018199774518269575,0.002629997421096604
5,82,0.6992991193938167,0.652479751237798,0.3727825657451576,0.312261697133274,21.358867693255664,17.89127734932896,0.25295437185836456,0.1666873669853694
5,83,0.5577325637175581,0.5209516543800499,0.05090852611806834,0.10916256941998438,2.9168436877968364,6.254554508568968,0.007585838647798437,0.028222240412832382
5,84,0.6507347360987163,0.6188182370554607,0.04350076007553457,0.04836784179853091,2.4924099579393233,2.771273199212274,0.004557291193840896,0.008803549131059484
5,85,0.8666597220572806,0.848902306477578,0.09925324504232051,0.16425925523494694,5.686792043902727,9.411362070924634,0.0388776713451107,0.08739620071365631
5,86,0.676806697482608,0.6467608484069968,0.0375798375553899,0.05039925051705265,2.15316608671107,2.887664345249649,0.0038643403408365005,0.011915174055688378
5,87,0.7661947181667801,0.7376166093390845,0.05079647643829644,0.03996300019723581,2.9104237140501144,2.2897112479820882,0.00977172200758375,0.003174324497597654
5,88,0.8487300707071755,0.829673625562263,0.12356068088021008,0.1886700865369362,7.079505528198843,10.809999678934458,0.07772315929325885,0.14237807692617255
5,89,0.6075168341538385,0.5709268147449744,0.12818108777877565,0.07155887353884784,7.344235343119781,4.100021440486366,0.045843672968811845,0.0168565043301256
5,90,0.9607074411915403,0.9417597693125603,0.02766668890498217,0.08349103687471716,1.5851845073568995,4.78368404009242,0.00556650722234142,0.02604071958179459
5,91,0.7369885818089971,0.710548466743253,0.025363487740911357,0.06562900871560888,1.4532208012860235,3.7602652130316847,0.002708911477513642,0.010599912042976244
5,92,0.7058612243750649,0.6780314721542796,0.025984364089690133,0.0757490279702698,1.4887943956705398,4.340099604914885,0.0014458452077447809,0.00880212558932321
5,93,0.72289303953423,0.694128364292841,0.03284465546275316,0.06493403589725633,1.88186013757706,3.720446203663771,0.0014955274816321174,0.012997898881800644
5,94,0.5477808170717338,0.5090816096824086,0.02757695361359074,0.05332216796392004,1.5800430538867938,3.0551351788203043,0.0024808027727958575,0.00426643651205047
5,95,0.806891177136156,0.7871309453777734,0.13064436353968178,0.19600831968087104,7.485370647996579,11.230449467164942,0.07330817211123264,0.13699514658010567
5,96,0.6439249233586919,0.6133744146983143,0.02854564649472826,0.08346815828068604,1.6355450676203416,4.782373193213244,0.003758769120976139,0.019876313039379034
5,97,0.7127851458745452,0.688252886305986,0.10886765716607437,0.17416868004321365,6.237657281093234,9.979130289840551,0.04248427584164034,0.09314066910757855
5,98,0.6337264183175066,0.5975899784397973,0.07496669510609716,0.03149251808580548,4.295275233623411,1.804388372556068,0.01575997003564704,0.003999956818980211
5,99,0.7694073594353139,0.7363759468316494,0.1448976323276424,0.08749837453042086,8.302022793812268,5.013287574848092,0.052386031769979385,0.01991001016365307
5,100,0.7275530460530156,0.692288368743948,0.16759311902939295,0.11405864175495599,9.60237839581786,6.535078789553603,0.07200678317787526,0.03537946451417601
5,101,0.5562402611686253,0.5186254411705954,0.040106690615465554,0.09389826926538529,2.297944102503122,5.37997453248955,0.004133877933121366,0.018353699934725562
5,102,0.5869302217896822,0.5518719033497785,0.017000494611652112,0.06493813124706367,0.9740565908825635,3.7206808499233617,0.001146182352085418,0.011191356309345955
5,103,0.6532726833313621,0.6184160722178053,0.10565744412693208,0.04663958504807902,6.053725622612515,2.672251381496386,0.021968898614760535,0.0036082563177639235
5,104,0.7548948687237748,0.7265700132296395,0.05532490687682075,0.027530836980883634,3.1698836659961334,1.5774007654673217,0.005933047264253453,0.0036341800115243517
5,105,0.7836922567027098,0.7605611081038024,0.11672140296942661,0.1796489623006881,6.687643768993899,10.293127333734263,0.056444648951324186,0.11279577500959427
5,106,0.5849943035974059,0.5516859842534956,0.11573860293165375,0.18067144300679605,6.631333474724217,10.351711162827806,0.04917431338916953,0.10292708774740011
5,107,0.6345040600449446,0.6034005177340739,0.07862740414630089,0.14120000516349765,4.50501841165247,8.090164363093846,0.020565030770593302,0.0551113676698987
5,108,0.8204778466724544,0.7995259567321741,0.03301032915560648,0.09582037472318833,1.8913525409539016,5.490103063000725,0.005499583216643209,0.027715286949360596
5,109,0.7593171703520815,0.7361934780717381,0.049209625778118826,0.11170727493415744,2.8195038685043885,6.400355394634753,0.010661356204757243,0.039464432880213354
5,110,0.5949810405804781,0.5507937187790435,0.17812254149745088,0.11837265988798176,10.205669863947803,6.782253821318887,0.06989778021351432,0.031150760742395464
5,111,0.7402292981852572,0.7164933252702939,0.071694812799089,0.1335788909428189,4.107810186368316,7.6535066830618215,0.008528974290283965,0.033844609412074116
5,112,0.7047114320761175,0.6794118524517273,0.08771151510444336,0.1531300702611964,5.025499630182576,8.773706742508313,0.028356326055885887,0.07153655449370498
5,113,0.5349458925282192,0.4946250990312836,0.05557513932704052,0.10728318570687143,3.184220929290944,6.14687375372197,0.015239943957801337,0.03873313549360097
5,114,0.835379784650218,0.8143634320852173,0.06991456267670054,0.13007134682704213,4.005809367877809,7.452539208771866,0.013241224272590418,0.039276897478262164
5,115,0.6114347511973572,0.5777384846043606,0.027407812041611527,0.05281683298885257,1.5703519556721768,3.02618161750859,0.002052308334902114,0.009226219133975266
5,116,0.6107312451596435,0.5755332140991622,0.01306352443689364,0.06026325248640832,0.7484848158000209,3.4528300272024612,0.00029740814731797583,0.009366975012420304
5,117,0.6197320572201056,0.5870543993111089,0.0500251667697373,0.10991167435520455,2.866230925344041,6.297475059769504,0.011560962357851961,0.04056154397241454
5,118,0.7915567705221564,0.7655180002165768,0.05249613031127521,0.1052027412965774,3.0078067076048622,6.02767306950054,0.01601421954542425,0.043127530435881765
5,119,0.7026636485540373,0.6619810791949826,0.16680576663563348,0.11336654681131846,9.55726642666592,6.495424670260828,0.04470903984230795,0.025024965940100154
5,120,0.7163968371975508,0.6856252831019617,0.07021210994843642,0.02373284520088158,4.022857570753907,1.359791865847825,0.014996975736429233,0.0014111966220720354
5,121,0.7397031049018722,0.7083075999477983,0.04101067698354848,0.0687415161672232,2.349738706131634,3.938598753712204,0.003927136177989185,0.016600038261674315
5,122,0.7641245229895487,0.7418621844584541,0.07868546510314653,0.14307160955309992,4.508345059434217,8.197399395536216,0.022475945126612433,0.06073513975497036
5,123,0.6115758461984827,0.5774583835701865,0.02383849970527707,0.0504864788351467,1.365845423036233,2.8926621597304627,0.0018277617528110902,0.006035353891597199
5,124,0.6774881886851145,0.6489872374599459,0.03662082473405307,0.09948494058081932,2.098218699549536,5.70006722039072,0.006122708894968989,0.030176288214578524
5,125,0.7399759062270831,0.7147092787009183,0.028017580589468735,0.08575370902419614,1.6052891199442156,4.91332560467936,0.0036605058928933683,0.02100656206442516
5,126,0.5906528940267866,0.5530352722339064,0.07178972410039133,0.024855576789022407,4.113248203361034,1.4241196473743145,0.009437874123720887,0.002005265758533231
5,127,0.6442947718414533,0.6133379661690758,0.03703290263322402,0.0935999954224566,2.121829024002649,5.362884700150588,0.003427527855958141,0.018908983016014784
5,128,0.6632878488712114,0.6359559183836748,0.15930952435063728,0.2246274458334089,9.127763381528133,12.87020460905784,0.13028824253204455,0.2122263627433356
5,129,0.5738113794255337,0.5387802892490031,0.06401774527757495,0.1288420556418008,3.6679466183486014,7.382106012064902,0.014547912189587772,0.047436883426418
5,130,0.7585680962654948,0.7356404726039337,0.05952332947693789,0.1226738353836804,3.4104355615951873,7.0286930241675085,0.011744179142328587,0.04085007199479668
5,131,0.6930280811739659,0.6633660628208298,0.038298041824489544,0.05377044695078899,2.194316160158758,3.0808196728122956,0.0043353217598471275,0.00900028702780508
5,132,0.7590419521666518,0.7353026672221868,0.03942759106509171,0.10250610793055749,2.259034564397469,5.873167358733442,0.004775149460834471,0.02612005972568316
5,133,0.8495265003432237,0.8290305056980806,0.03913192149141281,0.09349759080491382,2.242093945695236,5.357017347762736,0.00616195400526871,0.021480651317637538
5,134,0.7687101421097643,0.74571703232404,0.06970324658411933,0.13311978544071595,3.9937018476297097,7.627201875440088,0.018661824800187625,0.05308165939762802
5,135,0.6673907838743364,0.6382151634907266,0.047616942118184666,0.10768538283595926,2.728249816690712,6.169917951750981,0.01180139659998752,0.04016553131902107
5,136,0.6737158754547137,0.6453130944801798,0.03008531855588078,0.09084559595724374,1.7237617785585895,5.2050692357008,0.005840881355856465,0.028269772128112228
5,137,0.5565486130543941,0.5143763370422032,0.11739176414163041,0.06823582710794443,6.72605263491062,3.90962490486959,0.04207323913008346,0.014887973643176223
5,138,0.611286617543343,0.5802335402842821,0.07706102613071834,0.1405031830793896,4.415271562237514,8.050239398602946,0.01393701612092861,0.04557618525310303
5,139,0.6803316409784372,0.6512319281508983,0.017469222878956785,0.05614846097039161,1.0009127423376012,3.2170698397584663,0.0009611906135501619,0.007763675652333286
5,140,0.6666609313821944,0.6158517361074484,0.5123576510006167,0.45300599216241894,29.355931003572117,25.955331445043054,0.42816248153006997,0.31337365719109245
5,141,0.7788833523675938,0.7544557568742076,0.021175643007304415,0.06992555392954357,1.2132749727942573,4.006439120277276,0.001713891470343151,0.014052712992285006
5,142,0.619961259904416,0.5871843135693502,0.035291517330259516,0.06417649029844848,2.022054995636673,3.677042038063371,0.005779015833855392,0.012851191634960159
5,143,0.6421420285326637,0.6116251825660605,0.04127535707864934,0.0961368546437391,2.3649037585020345,5.50823602674892,0.009882036768114156,0.03559888822235797
5,144,0.6211980535947288,0.5889637040890412,0.044712755902179,0.10172257830698658,2.561852203593518,5.828274418179354,0.010156528127704834,0.03456183825937028
5,145,0.7438894636229555,0.7202967978541566,0.09423679241705173,0.15898100955875677,5.399370480347504,9.10894087044576,0.027848176562869316,0.06941694202958318
5,146,0.8526495006586526,0.83390000588368,0.08510086652530495,0.1500875418529599,4.87592048480612,8.599382705667704,0.02660660019055032,0.06845172201799898
5,147,0.6656702578358451,0.6373248554682354,0.062295332870880606,0.12665041526840098,3.5692596568640447,7.256534268458617,0.011427015026685479,0.04194937103795184
5,148,0.6118100126129157,0.579760719025793,0.0695716338062305,0.13373433402572482,3.9861609909266873,7.662412915666833,0.02214848755633326,0.060013675877539294
5,149,0.677377445344601,0.6486944859934867,0.030463377022157696,0.09057226046925396,1.7454229330854456,5.189408265847836,0.003030362582739546,0.019754471103489366
5,150,0.5861683095279242,0.5497604806310263,0.03895805942815557,0.06755908365914068,2.2321323832531594,3.870850361440007,0.005936192877938982,0.013275956522830028
5,151,0.7226012378668722,0.6966170154115545,0.06372445159440761,0.12590428271618392,3.6511421281452656,7.213784022259255,0.01670041628957928,0.04862431121741916
5,152,0.686193240773595,0.6591361694719933,0.055332454334848034,0.11921443885838923,3.170316103487149,6.830484203606103,0.011252986909180883,0.039853897386726386
5,153,0.6416729176210165,0.6127771995462217,0.08131690624409516,0.14595778678315133,4.6591155308476635,8.36276516974492,0.02488087660129036,0.0656892239916386
5,154,0.5869372859341889,0.5525392759634051,0.05052452237427107,0.1124465860404626,2.8948418939600296,6.442714800773186,0.008272149385136159,0.03211681453176904
5,155,0.7019975806664186,0.6759642106232964,0.07068903613711289,0.13561884527534201,4.0501834285043286,7.770387456714823,0.021487017011129865,0.05942665860230045
5,156,0.6013882928806258,0.564805950972878,0.0886500645550421,0.039405388411768404,5.079274552566206,2.257762446068052,0.018175245087751465,0.004863413538725266
5,157,0.6054379035760787,0.5730287743836707,0.05393090923834657,0.11638283865248306,3.0900134846603597,6.668245462539304,0.01180386204595582,0.04022507474408099
5,158,0.9067628338295246,0.8890885957824758,0.05042134209966276,0.11553586823335274,2.8889300996959726,6.619717632150711,0.008262673494338908,0.035620272684452906
5,159,0.8616594706335308,0.8301096073848828,0.15185996004256033,0.08958311776851506,8.700934787464028,5.1327345637593265,0.05366888167888517,0.01878071172073551
5,160,0.7691929193122865,0.7399123327789927,0.08773189849153924,0.12346257884239914,5.026667512235352,7.073884695470643,0.029821435746264436,0.06437838255650603
5,161,0.7299977904665472,0.7040078163733823,0.048147286363041844,0.10355612911757801,2.7586363036100807,5.933329141149034,0.01096768813625586,0.03398423400689165
5,162,0.7607458598873726,0.7393022143653358,0.11236729263532183,0.17716242055013298,6.438171623315399,10.150658985844384,0.04137839362299579,0.09144085773061082
5,163,1.2111566669701042,1.2020391850904648,0.1012515070439973,0.16660258789399066,5.8012840229601705,9.545625142283006,0.04010943350982119,0.08946341870321678
5,164,0.5548028977361998,0.5175378052915407,0.06209575253140019,0.12395553829331424,3.557824545738029,7.1021291914791655,0.02425499098016246,0.061317349924830164
5,165,0.6934580581986737,0.6661746121010438,0.04776990378198553,0.10104019318768778,2.7370138744538,5.789176630841002,0.01720599492573349,0.04615020183287393
5,166,0.795292755024371,0.775575924804461,0.11983272306440927,0.18480598552395547,6.865909279150649,10.588602999278436,0.04690942724524779,0.09927918289669185
5,167,0.7762290916837339,0.7510450062015088,0.03397353949861683,0.06935348093356278,1.9465404283917433,3.9736617520341717,0.004269849832788139,0.012005058588145032
5,168,0.7621920854950406,0.7389505963004767,0.04122271138629273,0.10450876042214077,2.3618873825204565,5.987910894332522,0.007701672056408471,0.033744855199448864
5,169,0.6025722641832358,0.56986991481122,0.045529700108207984,0.11012426134443694,2.608659658696645,6.309655397031913,0.005406813675954129,0.02954004255317693
5,170,0.5695311197990511,0.5338231345131637,0.05097493430871823,0.11330747911470736,2.920648596846175,6.492040340539453,0.010031872858661806,0.0367237189177687
5,171,0.5628931912774281,0.5263750331666643,0.04279504050940609,0.10359039058323177,2.4519752052803576,5.935292178530927,0.009104935520887595,0.03501462808091203
5,172,0.7805871123449313,0.75594124799609,0.07185627757427754,0.13270629504125186,4.117061436526647,7.603510620681617,0.02920212353343922,0.06792594028791085
5,173,0.7567902787578439,0.7322420357558492,0.052066844807403034,0.11169911077996271,2.9832104600268394,6.399887623056101,0.012472679319884519,0.039135733884958425
5,174,0.650741234329087,0.6132335706714251,0.13047073996860212,0.06718373045688181,7.475422750149725,3.8493442071238535,0.03832389460299217,0.009627884849355204
5,175,0.589852738283386,0.5554123355534768,0.01860016607987617,0.08140932745634112,1.0657110146192978,4.66441087624684,0.0014406739495217424,0.017702030579383833
5,176,0.7595492397511379,0.7371349807392221,0.07503526151430107,0.14004763459985076,4.299203799429866,8.024138393361769,0.016326085928341103,0.05137947349686405
5,177,0.735492088227366,0.7075674387928174,0.04663696057198922,0.0953027231076661,2.672101010093008,5.460443810173173,0.014241703508834039,0.041176220953680995
5,178,0.5854012164739568,0.5381249109138591,0.29756653082347884,0.2393479014666431,17.04930634053486,13.713624589351735,0.1820008553449049,0.11249264144866646
5,179,0.7923894168772373,0.7508596330691261,0.26804450909590904,0.2060231807372461,15.357819092851594,11.804258738105162,0.1301529606379883,0.07170634182387361
5,180,0.7304094769126921,0.7048319846430051,0.043981559769765116,0.10433226752491549,2.5199577512099136,5.977798596207477,0.0072557543987043956,0.029787508511399288
5,181,0.5944335692722902,0.5601683263095326,0.04426324735136591,0.09794893017884375,2.536097260776886,5.612060307069327,0.009597096035209349,0.029532161999436146
5,182,0.770644320241865,0.7459113013545778,0.05798363621070594,0.11619073477881085,3.3222176356953836,6.657238721349772,0.02161955285594897,0.056322181646059885
5,183,0.6838371983836542,0.6567716732468869,0.03367952296006621,0.0947199147113843,1.9296945216257473,5.427051348801437,0.003924493502050583,0.02308369947784667
5,184,0.6409958165634507,0.6035532443517981,0.12326632932431572,0.06720752827801968,7.062640426352988,3.850707721836661,0.04273828710258696,0.013776936897219427
5,185,0.6575853397794174,0.627240949134415,0.031028830198831927,0.08495016529120378,1.7778210136211443,4.86728594012471,0.0037330489950889185,0.01875120614085069
5,186,0.71169885096775,0.6854539059425442,0.055300034681155796,0.11811542189719326,3.168458594157308,6.767515170116281,0.013218371954147552,0.04347764202973478
5,187,0.6125205847652458,0.5812688299680969,0.08599740086452266,0.1512156738867318,4.927288118631846,8.664019909936345,0.025852313132758306,0.06741567057305076
5,188,1.0301587597099437,1.0166720840552514,0.14664668022868355,0.21119765359419787,8.402235856708142,12.1007341940135,0.06678069437148783,0.12810954293159144
5,189,0.6605878791882235,0.6326924076739292,0.07345254403017339,0.1368873299689525,4.208520767427785,7.843066276035649,0.0236067289634175,0.06272764000624848
5,190,0.6713020276957916,0.6434980521750084,0.04261205919387357,0.10703044349995355,2.4414911481705928,6.132392691960754,0.005439161214424341,0.028893215031725872
5,191,0.6733458995823884,0.6432297193461213,0.031036126674429745,0.062363202497001474,1.7782390708782196,3.5731482999979014,0.0034413648439041706,0.012598844410023347
5,192,0.8280686105756769,0.8083464708548052,0.08922277937133995,0.15265119901527788,5.112088694404683,8.74626944118701,0.03338393755084969,0.07766968278900349
5,193,0.6269203232699839,0.5952427987486212,0.03567761145146281,0.09718696875053538,2.0441765592764343,5.568403133075497,0.005707018081933211,0.02789355023393835
5,194,0.7078467297098061,0.6784454472167809,0.049923550906533644,0.05985130433403856,2.860408765250893,3.429227136693462,0.007783302823471445,0.013524848366673337
5,195,0.6403027924609274,0.6098546677842965,0.07358821978825136,0.1359297421870874,4.216294415747892,7.788200537621484,0.023763203248676826,0.06268937970412461
5,196,1.1133543633139789,1.1012964017579732,0.09960802210483487,0.1644675200247921,5.707119272252848,9.42329476440394,0.04018512315231395,0.08929540690057118
5,197,0.5123508268061159,0.47004581495846626,0.01365607505592014,0.06755691726301592,0.7824354654181037,3.8707262360853054,0.0011341480158097506,0.012413787915885828
5,198,0.9584796040078295,0.9429905477660271,0.1383511496325141,0.2035214433318723,7.926936964725988,11.660919743327234,0.06981351187803966,0.13226632313561984
5,199,0.799743750535268,0.7670170616468376,0.0961378615307045,0.06344568736356626,5.508293717122484,3.635170114238846,0.015520109416902544,0.01413418362080968
5,200,0.9565403150073402,0.9376823776444685,0.04163004850874911,0.092943865310722,2.3852260804762104,5.325291213936748,0.009342226365260322,0.03365531312560747
5,201,0.7286050668468214,0.7034387978239223,0.021382151771253726,0.07817167520080978,1.2251070534010162,4.478907066473883,0.0016546342281030073,0.013492088991244204
5,202,0.6302750950574927,0.596972091547608,0.041807482666948725,0.06293131744672217,2.395392308882505,3.6056988888951844,0.006374653225564032,0.011908130212356018
5,203,0.6532589136552381,0.6241269462750214,0.05376430772602725,0.11832609930215762,3.0804679211439656,6.779586096259507,0.01081371187367796,0.040070956991553594
5,204,0.6262029762396168,0.5884892471238596,0.09036867867603965,0.032358778481809916,5.1777438883109514,1.8540214372064536,0.024014498869920027,0.0042306217629112415
5,205,0.8650588538583148,0.836114227177913,0.10738792875666542,0.04958886848669756,6.152875088408495,2.8412328751170595,0.026420195254328982,0.006860923108938953
5,206,0.6906346624926649,0.6599864623273692,0.06297588545476263,0.05483363996935566,3.6082524476572075,3.1417361455839403,0.01343433850089102,0.010495028742020827
5,207,0.777276246150476,0.7546303353186542,0.06081221496070188,0.12375115599037921,3.484283260090541,7.090418948113824,0.01973473370058233,0.055661048039480424
5,208,0.7380221750844291,0.7114381423221505,0.07561529633548003,0.13828024378863102,4.332437346654046,7.9228743591286745,0.022927782755542074,0.061779059997023364
5,209,0.7036556093330343,0.6769169279572214,0.039329801547937256,0.09731073849733345,2.2534316377838968,5.575494617198429,0.007348226012700413,0.028837711533592304
5,210,0.6129918146098599,0.5775730246734231,0.05693054150277411,0.05643508491964699,3.2618797535033277,3.233492182358171,0.010270455728264186,0.010346651467491884
5,211,0.7272859038609754,0.7005722755487427,0.022493168739176384,0.07282978061599635,1.288763636630406,4.172839052160284,0.0022848375097379962,0.014701684675492654
5,212,0.9931690426830069,0.9790968540855987,0.1223061648969708,0.1870114699681956,7.007627057027528,10.71496794971515,0.046914265134838824,0.09970426562147328
5,213,0.7284160342161415,0.7034423670317792,0.0692052432948235,0.13342166536891945,3.965168360969426,7.64449832124586,0.021193592888076637,0.05807705391130633
5,214,0.6837345669848791,0.6559201147670867,0.05302343767142474,0.10536014572548061,3.038019193847615,6.03669167895336,0.0146852069381703,0.04353019977006365
5,215,0.5477456739301817,0.5081829687782374,0.07657661978982636,0.027056191861430386,4.387517123335027,1.5502056033561677,0.017222254360778115,0.0026213111499777753
5,216,0.5784559809616924,0.5428321564030377,0.06265039862120579,0.11917888507884647,3.589603425807324,6.828447122092564,0.01954804304349994,0.048007280083295606
5,217,0.5519127185913995,0.5136527959066315,0.03520258394285667,0.0922528322120123,2.016959487880688,5.285697933876835,0.008576001475743814,0.03230659479883584
5,218,0.6082967770496848,0.5754862387578421,0.0830246897082163,0.145406996759781,4.756964315664036,8.331207226007887,0.027563936267914216,0.06576434776687032
5,219,0.6895311140300012,0.660668365910851,0.02805356258636722,0.08589366924723049,1.6073507365049517,4.921344734758938,0.003489442406074468,0.019271809287973618
5,220,0.8721325630941534,0.849572766273508,0.02219270135905035,0.08366069883949108,1.2715481238678312,4.793404954617863,0.0021396625138519467,0.018764987864348312
5,221,0.6309711421029545,0.6007141550732372,0.06593054159246432,0.1302045208805002,3.7775417742599395,7.460169519975662,0.01600566211077388,0.04967598560521512
5,222,0.6232418893957592,0.5853593162161113,0.08969527843520965,0.02879569092987137,5.1391608965883,1.6498715584447745,0.019154693451066046,0.0022090163623275406
5,223,0.6569373407643454,0.6245217040744376,0.04308735245115097,0.04142314794201499,2.4687234458436134,2.3733715512234803,0.0031891422920422973,0.007020276801388253
5,224,0.5539719315131191,0.5161538876038161,0.028777968166327026,0.08732692823986897,1.6488561188923754,5.003464425986294,0.005176354812087355,0.02529358824513841
5,225,0.7091090814092176,0.668576437630906,0.22980564457694996,0.1690490721420656,13.166893542542688,9.685798364342938,0.11522824918904774,0.06037495634989441
5,226,0.8040961325527217,0.784741112313874,0.09072790624822145,0.15549190636305993,5.1983261120817,8.909029983046723,0.030465074551888724,0.07409543319669082
5,227,0.7958494891899281,0.7736488299748723,0.051342913482659853,0.11478326711040963,2.9417322504617407,6.576596764149264,0.0098384871171728,0.03701955123102994
5,228,0.7609140083328855,0.7294419530255871,0.11545827072188253,0.05287081348838464,6.61527162224275,3.0292744723077853,0.03299498356214807,0.007451008572317515
5,229,0.6031939795840966,0.5710245566190725,0.0767353703300329,0.1404261076434707,4.396612859284284,8.045823301420661,0.021788928324853428,0.05905235488223699
5,230,0.6167244837570938,0.5844769571737815,0.04139011500171208,0.10476475453902757,2.3714789031592165,6.002578276810314,0.008853653579056656,0.035862114445206206
5,231,0.7356983445149996,0.7120379414869471,0.09303176151997591,0.15713424756865377,5.3303272957621965,9.003129202647678,0.021555043991788106,0.0591611342997521
5,232,0.6423206300476285,0.6123362530614339,0.08601886874323213,0.14889595408650433,4.928518137476996,8.53110975573038,0.02571347270087978,0.06310140923759874
5,233,0.6186056812544007,0.5867488213426906,0.03440340501044225,0.09818188873933031,1.9711699079775709,5.62540784938665,0.004960727531201001,0.027350047645800547
5,234,0.8362283641868447,0.8155447354262608,0.06714077683676296,0.12919349324269133,3.8468831459762356,7.402241903358133,0.023320536914170933,0.06125648145597695
5,235,0.574440909155299,0.5372572995225247,0.04072684916580844,0.06551938919771692,2.333476570066721,3.7539844773042166,0.006757864179565062,0.013161801626096821
5,236,0.7010492616350755,0.6702501772719273,0.04456834330664073,0.05243835686674374,2.5535779713606455,3.0044965330652755,0.0056855487043069135,0.0149867127314324
5,237,0.517022237382973,0.4753956338193429,0.06507705422910737,0.12622843339366036,3.7286405504718374,7.232356488004961,0.013804231493224087,0.04214019499243797
5,238,0.8010492234901854,0.7808183026054394,0.08619237949425727,0.15119255867295658,4.938459571210883,8.662695505744482,0.02618976945920943,0.06791012701825667
5,239,0.738554768313665,0.7103972997213234,0.016033870883035407,0.05460833934897376,0.9186731308556273,3.128827370914378,0.0009317411507366491,0.006949470356089914
5,240,0.8252132180196288,0.8026400231350242,0.02044458800767271,0.08248241609269204,1.1713886067234225,4.725894326153196,0.0010850916051837536,0.016169797857985703
5,241,0.785938789668148,0.7650445389798625,0.11132935538678475,0.17634106400840044,6.378702199574803,10.103598722527648,0.05826389931351561,0.11556045937785288
5,242,0.677850827706508,0.6431810176194315,0.09596860047673304,0.03876753805396993,5.498595773093983,2.2212163126052897,0.023698100008138295,0.004586066723760714
5,243,0.7748844682966056,0.7477928068155479,0.05080509070452041,0.09684065043130158,2.91091727514835,5.548560555015336,0.014715102113511347,0.04079515757657091
5,244,0.6368610347134182,0.6074589796694536,0.07198055258956318,0.13525243159649306,4.124181870401439,7.749393499360915,0.019636004749408777,0.05508793379234472
5,245,0.880530413389186,0.8506609225838707,0.13161325852764272,0.07026837285621343,7.5408842415981185,4.026081197912664,0.03970450353475932,0.01150242724703432
5,246,0.8848742175643,0.8686016661355925,0.11936485635149491,0.1842868443868999,6.839102491125996,10.558858403153529,0.06260563039303675,0.12190908355430032
5,247,0.6769086109736093,0.6380477653179206,0.1390101737393552,0.07796747161402708,7.9646962646453625,4.4672070627898,0.0432794798749446,0.014094687968918607
5,248,0.5999823052813994,0.562691578882489,0.05174058796857854,0.022726976035955113,2.964517320124916,1.30215980795519,0.00753225363946345,0.0007487049184272919
5,249,0.7393339479485628,0.7158725195911472,0.07016468448122112,0.1346255731693683,4.0201402916410345,7.713477157134458,0.020927976015502517,0.05878863620542965
5,250,0.6645937376323672,0.6345719044114915,0.0213304446387942,0.06743775896544016,1.2221444529403613,3.86389896854025,0.0012493249986002567,0.012227728007677748
5,251,0.6186573866171812,0.587615379454222,0.0719182200330047,0.13581857172869427,4.1206104779843775,7.781830939549023,0.014216753626592096,0.04614379059648589
5,252,0.6596437763352818,0.6283193208315856,0.04129876882300646,0.04028100006209453,2.3662451526447366,2.3079312981242235,0.004685934251430825,0.0033711710368513823
5,253,0.7561481990306096,0.7332996849564071,0.06751896821740305,0.13250611474776353,3.8685519159351385,7.592041134723045,0.018478229068655587,0.05464425482282797
5,254,0.652846996928585,0.6218210679720104,0.03844537995520819,0.05589959848014022,2.2027580132102833,3.2028110693879457,0.006025097679224157,0.011345499209977402
5,255,0.6075205857471149,0.5736821129126933,0.06418454284015723,0.12391492616707561,3.6775034147176355,7.0998022880486396,0.013089540632058319,0.0400320791042297
5,256,0.6817397891723972,0.6521650187652748,0.03019079824391681,0.05098621356456613,1.7298053195074106,2.921294850602308,0.002546045577427029,0.005937591664444058
5,257,0.6299485135427122,0.5929192573730151,0.0847104836021418,0.040506919913904114,4.853553190914892,2.3208755521411337,0.020152014930094907,0.0037430897624770466
5,258,0.5645693325230744,0.5290166375792852,0.07471410607033654,0.1373189309491235,4.280802947923048,7.8677951906331565,0.010202646137482743,0.038434866971579495
5,259,0.7355146271611767,0.7101804264495213,0.033643292839443596,0.09472821862569011,1.9276186886228217,5.427527128044599,0.006708266388860452,0.030467906688829018
5,260,0.6849583150974684,0.6580165685278759,0.05574426372186222,0.11974715630862517,3.1939110433269313,6.861006665177593,0.00802374378841551,0.034084184277097584
5,261,0.6702828728165714,0.6423042491563181,0.05587667139943251,0.11876753795751346,3.2014974444268383,6.804878668125327,0.014955023922599318,0.04693454099340612
5,262,0.8303335610906617,0.7962439869994166,0.1379232185132155,0.08539527559569905,7.90241831766787,4.8927888819900724,0.029075246594403872,0.012894975785625026
5,263,0.5953709430855773,0.5583489773166319,0.09421078184552484,0.04297395144396283,5.39788018437629,2.4622260467392,0.017616930453834258,0.004047707243886532
5,264,0.8098819705271644,0.790220984048956,0.10001574300552839,0.16470774311381975,5.73047995908186,9.43705853354682,0.04560946887940905,0.09723790845471882
5,265,0.580755314100453,0.5412972620455003,0.06832309723954219,0.02658597108555648,3.9146251150876927,1.5232639374592258,0.00906007784593462,0.0036077813315744337
5,266,0.6875489962447937,0.6614737866520354,0.10028105262131135,0.16554125366829306,5.745681080330461,9.484815170497749,0.03716722432095519,0.08518029989344135
5,267,0.5337561844043388,0.48758565802937576,0.18613227389683773,0.12502483983749543,10.664593725461863,7.16339565698757,0.08136569649629352,0.03652568494290156
5,268,0.6770083193062584,0.6457433280631287,0.07594211205851026,0.048539346281812716,4.3511625082621945,2.781099682271894,0.01665933270591777,0.009068950187017265
5,269,0.6888850527421425,0.6586054418186817,0.03847629764640265,0.05124618697015996,2.204529466428015,2.9361902295284774,0.004256083402140768,0.008603787625138044
5,270,0.7665228784450253,0.7438081692568277,0.04754234259833469,0.11091703068468362,2.723975579049606,6.355077734355419,0.008973672741431779,0.03633595404382354
5,271,0.5221745078795368,0.4808293894387803,0.02263357353477191,0.06115453601896886,1.2968082388414268,3.503896811967691,0.0024156226050019427,0.012151732096060668
5,272,0.7009403334352741,0.6730375695950626,0.036882467532436874,0.07835048611013222,2.1132097276369204,4.489152176908955,0.004665656817297744,0.014353063629595132
5,273,0.6436354810967498,0.6142644693012498,0.048161864830558294,0.11231464417426185,2.759471588270542,6.435155088698803,0.008744201755162856,0.03570267613576167
5,274,0.5844090044194424,0.5505839721181561,0.06707361794334601,0.13217674856329092,3.8430352248266755,7.573169842438437,0.013618996345582314,0.046524464252742176
5,275,0.7615272410972501,0.7382685435099899,0.06689187666657351,0.1304979385827915,3.832622216704292,7.4769811159513795,0.018073892366790675,0.05253195900519734
5,276,0.6412726138781475,0.6098270707046218,0.04765707351797039,0.10150145140174004,2.730549176524386,5.815604779771938,0.011711862063419162,0.03364031230788406
5,277,0.8268411385624103,0.8059686758320924,0.04314462870714259,0.10712188307746806,2.472005133578244,6.137631793832795,0.007342649874760146,0.032998199163309525
5,278,0.6069982125595845,0.5735646891200172,0.01872800534688522,0.07810423988237726,1.0730356650749624,4.475043307337578,0.0024049187574532753,0.01877780377255405
5,279,0.6396792730505589,0.6084413050989329,0.04440913567989944,0.10191064194958456,2.5444560462820753,5.839049671180075,0.006655066113187669,0.026097019009758436
5,280,0.66342186847354,0.6311784476861045,0.046468291381377064,0.04539973969481316,2.6624369773370438,2.601213475505346,0.004106277620118328,0.009812754983904957
5,281,0.7796207959509398,0.7494792034017788,0.10185874572477738,0.04872365097386116,5.836076236525962,2.791659563270728,0.03016763012734952,0.007386270906693155
5,282,0.6257854543263021,0.5906959025456557,0.07881959516669909,0.030065809596696056,4.5160301459816,1.7226439975346117,0.01995165252181743,0.0033710175604217433
5,283,0.5733632869151185,0.5366068077000476,0.03811100462582407,0.08552986419287238,2.1835997180632765,4.90050024057869,0.005152772077967979,0.018303280512262522
5,284,0.7078106997801165,0.6814936107434142,0.03815367501853667,0.0989822544507647,2.186044551475874,5.671265426718826,0.00812090370457821,0.033325622315997824
5,285,0.6018889546033879,0.5688937005786849,0.0550834745066462,0.11855546829984356,3.156050610147292,6.792727971778057,0.012593779760759555,0.042697548546940925
5,286,0.876844423349151,0.8505290718114883,0.06057135165628841,0.03692290363212407,3.4704828093080744,2.115526545488967,0.006209065935499768,0.0031995369949278296
5,287,0.6607622879434134,0.6317519849765079,0.05199137737689899,0.1141476849395097,2.9788864947682607,6.540180588222936,0.01619628823931833,0.04860193082604697
5,288,0.5547793103440434,0.5161091963011565,0.05195744862527542,0.10072959789732534,2.9769425204960824,5.771380831566594,0.01057097307880343,0.02828743055954471
5,289,0.7288428148599194,0.7040696353627451,0.043456411590003984,0.10533332164563176,2.4898689768906235,6.035154772388699,0.007114573063139246,0.03007700475460942
5,290,0.6615795642133213,0.6313135701111601,0.04350142648095203,0.08787505386197084,2.492448140157188,5.034869710775714,0.009882676799037041,0.02441897545540002
5,291,0.8564783271885871,0.8380072243719318,0.10223617046560156,0.16720927711010658,5.857701081259006,9.58038587384255,0.03926458395169688,0.08782401686641904
5,292,0.5720605400476966,0.5364410225900137,0.05729308003734746,0.12008369109559076,3.2826516814452384,6.880288688130055,0.013736426631321443,0.044857919445045254
5,293,0.7072404300109958,0.6815853769543698,0.07069561844808041,0.1355977229343212,4.0505605671422105,7.769177235720894,0.0158536392624223,0.04975922537145894
5,294,0.6635781751242277,0.6305696410904482,0.03447426547012987,0.061165121153689155,1.9752299132520283,3.504503295512741,0.0022579594954552492,0.01304915725177883
5,295,0.7457599246023584,0.7202837937935359,0.05985008396470869,0.12195604726246913,3.429157214681413,6.987566794237478,0.014294751326474106,0.04644288854537003
5,296,0.5914714984233096,0.5570322471514879,0.022050016463909933,0.06728163610432283,1.2633728815760188,3.85495378751272,0.002289135041167236,0.015408784455050353
5,297,0.8427766970537437,0.820794527328688,0.04524033611118855,0.10551761170926531,2.5920803229243954,6.045713815241099,0.010600870312223582,0.038742359883874866
5,298,0.6672828949441039,0.6399352426942104,0.063228849800727,0.12779209382550374,3.6227462370482533,7.3219476313411915,0.01219114156585744,0.04316229296719182
5,299,0.7347760443236445,0.7103235312707603,0.053624922875710114,0.11796587387023143,3.072481757492731,6.758946699336859,0.006121637839816122,0.03073010583722803
5,300,0.8060679714237825,0.785904418080227,0.07340584893509465,0.1370422306072483,4.205845335555812,7.8519414288538805,0.023808653005476216,0.06250658143697771
5,301,0.8258839985606918,0.8024171692847676,0.012644456278414434,0.07286215240499028,0.7244739789908429,4.174693819044924,0.0009289030800099443,0.013261169356258092
5,302,0.7638541419866454,0.7408550253503211,0.040277833676462156,0.10376696406541121,2.307749877591178,5.945409093833737,0.0060333699927900275,0.029559069424701538
5,303,0.7490420763675156,0.7234680917253216,0.025636165655622645,0.06904437128462879,1.4688440949654087,3.9559510737434835,0.0032130736966120245,0.012514100574050911
5,304,0.8508737112249722,0.8313381978627631,0.07896236186658186,0.14374329433368563,4.5242100753398935,8.235884098626947,0.02266946487636875,0.061768013280083425
5,305,0.7122455973088037,0.6862209062258069,0.04222732061262668,0.10663203218598039,2.4194472512492946,6.10956540515983,0.007957619016851443,0.03454837236816278
5,306,0.9135264068547664,0.894420731775689,0.10955480135281817,0.1742153462509811,6.277027742910603,9.981804066591506,0.04793117375018196,0.10106451368362752
5,307,0.8251804424078023,0.7997323395086839,0.042475017769869075,0.05984234517607689,2.4336392529566724,3.428713814754267,0.0058122285649331775,0.018192641586986195
5,308,0.7730576942362053,0.7482431450194509,0.02272690343750712,0.055259134135505136,1.3021556483705208,3.1661151655117434,0.0015467421946555675,0.008718165160655232
5,309,0.561104926497306,0.5230471086387186,0.057299966225482356,0.025387238810652794,3.283046230962301,1.4545816373411289,0.008401570640935205,0.001407218561150442
5,310,0.6845922747992711,0.6594175749785267,0.11298820886416368,0.1774922863226912,6.473747502659216,10.169558902417792,0.03586281070127521,0.08283573178894944
5,311,0.6568084686409175,0.6260921995624161,0.03845648814993107,0.09087061383336154,2.2033944658859137,5.206502654414731,0.005493183998428061,0.022902264694213033
5,312,0.7477290066010467,0.7261393960514579,0.16710877236634578,0.23064370504413823,9.574627376204011,13.214910870289337,0.07940028110315879,0.1445212605223795
5,313,0.7453268312922083,0.7211390894684717,0.054165656002763074,0.1160694955775564,3.1034634835157773,6.650292226806355,0.012047554431854773,0.042390008577442025
5,314,0.8338697011084574,0.8155415347874714,0.11329489825136983,0.17860155956291024,6.491319510167582,10.233115577409144,0.04524131287289624,0.09756417057681768
5,315,0.7970725348794231,0.7748726826580561,0.06000645156496519,0.12260741510179884,3.438116418228699,7.024887422341626,0.021364839418809768,0.05720100618079947
5,316,0.7696363586481249,0.7464885972069067,0.031058036730524513,0.08965663929448237,1.7794944246213447,5.136947036900614,0.0028001921959518866,0.017407003809892123
5,317,0.6841745969159676,0.6560759997766292,0.02438336072939645,0.0847334798407697,1.397063660139449,4.854870778332947,0.0030479887733022484,0.021571098984260392
5,318,0.6713461095227921,0.6403294897667271,0.05626540843146829,0.09457437875530493,3.22377043570293,5.418712752750689,0.012916965192208977,0.030042509164883123
5,319,0.6091522225624955,0.5712557247298208,0.08040708470705327,0.025740977787263464,4.606986596665058,1.4748493877501971,0.015838011799206395,0.001593805552703987
5,320,0.7201791292157192,0.6721236377154507,0.43837668138907626,0.3769842075879087,25.11713368054525,21.599604037870872,0.31677191101233304,0.21989731738813162
5,321,0.7620930384674245,0.7399992920166383,0.057660968475035566,0.12283797418351476,3.3037301362564286,7.0380974846523605,0.011954724209503494,0.04300110259260881
5,322,0.7422921685434665,0.718156339669163,0.05734763860552157,0.12224576502977244,3.2857776571378916,7.004166399553911,0.011996334435429225,0.043075203840269624
5,323,0.5718278915489406,0.5305390254742067,0.14778501926182364,0.09673771165170596,8.46745787896207,5.542662597396279,0.06103158238722109,0.025641608730931874
5,324,0.6460124293159932,0.6116946041719596,0.025100834039629333,0.04745880355642817,1.4381718527290737,2.7191891445237957,0.0019462221568398996,0.0044413579446110525
5,325,0.6868062041562244,0.660614196036016,0.07951342853831135,0.14421753726456582,4.555783869860315,8.263056217030297,0.01783630371423669,0.05338275371179285
5,326,0.6683863389164265,0.6378956337371976,0.03409000742303526,0.058744015278447845,1.9532135489095679,3.365784147107087,0.003741018879362716,0.008616325259544796
5,327,0.5485407414840747,0.5114715564666357,0.1219589990132345,0.1867207755751195,6.987735917098508,10.698312387863774,0.06863105783161062,0.1294287963350187
5,328,0.6638156888464896,0.6349543856655409,0.049645477512402086,0.11408350903235452,2.8444763333722767,6.536503579596521,0.010917764443697194,0.04028533151038877
5,329,0.6188863856938412,0.5852697938553599,0.03768875301961123,0.050357507443000965,2.1594064831346604,2.8852726432825855,0.0038516129043582766,0.010735672231387917
5,330,0.6350607205377015,0.6030229372173336,0.05002532367705916,0.10261101229607415,2.8662399154713585,5.879177936130044,0.00772998158030877,0.032233737337069565
5,331,0.6163333396062736,0.584723007120439,0.057725502077763356,0.12094652046956773,3.3074276393295046,6.929725169698851,0.009191239895181315,0.03728385045068964
5,332,0.8085463150794605,0.7825329841192399,0.05387295272626218,0.10567158546588304,3.0866928211226248,6.054535861651069,0.017618978219003337,0.04626341669121457
5,333,0.5353550774774601,0.4968517906153629,0.11831486819802804,0.1835835996604087,6.77894260139361,10.51856544836075,0.06236588839803062,0.1211697879987376
5,334,0.7349366213827049,0.7082800937879628,0.02298378229136286,0.06728612715697051,1.3168737225426124,3.8552111058750027,0.0015106773614840642,0.008688187880037238
5,335,0.6378342523405395,0.6088182482408222,0.07583599302414516,0.14090355757645412,4.345082335467071,8.073179167509416,0.021288116695486317,0.059859246299968374
5,336,0.6749288231935591,0.6447628352949312,0.058480787406724126,0.036244924516602044,3.350702301007107,2.0766812035715425,0.0076396583737733705,0.005076018490102856
5,337,0.6368234949701018,0.6071717733230629,0.06761723846770296,0.13133449199931807,3.874182386529017,7.524912096055602,0.013402913431809063,0.0441996073130389
5,338,0.7420612547728098,0.7128320888135652,0.03317032279288822,0.04685263117257288,1.9005195011190927,2.6844580252715033,0.004833530627103691,0.004358542563992124
5,339,0.583345938564265,0.5398267834176036,0.1789123999864455,0.11702480785269713,10.250925421779774,6.705027588288959,0.07340680958039308,0.03125564031438684
5,340,1.1594961146755767,1.148888980362548,0.12340531601055939,0.1880396856835434,7.070603776883258,10.773880370633606,0.056858937986662396,0.1135002488460416
5,341,0.664910729609364,0.6301968572416649,0.09319673823961665,0.03486121647990549,5.339779765515523,1.997400572990497,0.02481727292362606,0.004334751452031792
5,342,0.613521612553869,0.5824616987751672,0.10847764286092333,0.17298539037166158,6.215311107458352,9.911332785719196,0.05566625674535954,0.11160034890426149
5,343,0.6357117563466044,0.599691547118466,0.1070633839488391,0.05208446838898269,6.1342800406571625,2.9842202168712584,0.02961703864029825,0.008385527627028943
5,344,0.624130767766021,0.5933551049010369,0.08444432518544463,0.1496850257988614,4.83830343695626,8.576320234581601,0.02788386476853289,0.07041104464726225
5,345,0.7981366022919286,0.7771598177042613,0.04448605642710689,0.10764977520323558,2.548863280454055,6.167877784677462,0.006895038809083105,0.031291748877800715
5,346,0.7084359792136277,0.6839105484012145,0.07960157378846522,0.14467521537731726,4.560834220678256,8.289279241266467,0.019877961770679686,0.057544663716548164
5,347,0.8414738043642572,0.8168303540899065,0.026756474951437674,0.042778500746564974,1.533033089364883,2.451027546675414,0.002512259013156378,0.003306930681559416
5,348,0.6381051570328962,0.6029652753368006,0.04483200274970177,0.03022652450030646,2.568684544676813,1.7318522832163399,0.004152831035530925,0.0033813369931009925
5,349,0.670017007919407,0.6404194708435522,0.1051650553879119,0.15885798271559817,6.025513825986891,9.101891951565955,0.05993080303410356,0.11181661248333086
5,350,0.7196314408052604,0.6929885539407903,0.03364790488014895,0.0911714228567989,1.927882939090181,5.223737741897144,0.00419348755957075,0.02175816081850354
5,351,1.046732346346914,1.0366217574764733,0.23689440890709784,0.30086262791037083,13.573049820623043,17.238158792479133,0.22296724227913894,0.3284863045871709
5,352,0.6428278733430004,0.6127074360345414,0.026811972565716078,0.08571512685325118,1.5362128684360805,4.9111150091197615,0.00432756276161082,0.02398172998925359
5,353,0.7022006578746725,0.6765208212882808,0.08247803144515622,0.1413638474453468,4.7256431043547416,8.099551834349596,0.03543890901637638,0.07984817373100553
5,354,0.6322150793038323,0.5972695477950892,0.053355749776858974,0.03260105333635611,3.0570592749701033,1.8679027638540964,0.004258902617569244,0.003861576112967273
5,355,0.6280909689359024,0.5967488138142237,0.04950090072237471,0.11351737457830804,2.836192693488159,6.504066464742714,0.006945462558970744,0.03288244935064446
5,356,0.6845360958743784,0.658907890287312,0.13373486086247435,0.19750147572156979,7.662443101189073,11.316001006451444,0.08431394146198685,0.15078386990356415
5,357,0.9055122163718309,0.8871377598301194,0.038592662949690625,0.09647849976256885,2.2111967071881753,5.52781085014911,0.006559484469359313,0.029683012850416142
5,358,0.716010800189238,0.6887431132913303,0.03821093535647906,0.050241334067579115,2.1893253271734663,2.8786163991791245,0.004941522438654495,0.0077315956787356935
5,359,0.5488452270088382,0.5057885227647194,0.16586247387235803,0.10538354288468545,9.503219732485004,6.038032237428393,0.06652180647087451,0.02647736583962837
5,360,0.7691400857926922,0.7261351248675789,0.31218747482456416,0.25117659638795803,17.887024724294168,14.391358885490913,0.18077976575858995,0.11150050057520638
5,361,0.8366637284868772,0.8080695759226265,0.06541308840463851,0.021313673838761735,3.74789389050193,1.2211835568794434,0.013462978492358633,0.001444874942181347
5,362,0.6273557904058856,0.5964352583040093,0.07043230394015733,0.13366768958466557,4.035473757153653,7.658594470466129,0.018216898522299893,0.05182706191078439
5,363,0.6936921717197789,0.659261376966257,0.07061735833709853,0.047934569633445945,4.046076593078723,2.74644853277241,0.008658712125759454,0.009807358414392908
5,364,0.7610348418796921,0.7229907667002056,0.20813617527960243,0.14520392360803577,11.925324407516356,8.319571991480467,0.09164474384897028,0.04262515865536234
5,365,0.5971696948651628,0.5638557813571378,0.06679803765673872,0.12569524909280314,3.827245637487072,7.201807277863209,0.01951490722364284,0.05524672710021173
5,366,0.5343779790997832,0.4938741821138076,0.04843624569703029,0.0763848529938489,2.77519245389853,4.3765296952747725,0.008817612337528404,0.02548288128624067
5,367,0.7321912842040313,0.699834430454037,0.09926132427063163,0.0374356977816593,5.687254949586677,2.144907486016336,0.02600652956028969,0.00451630742098438
5,368,0.6899267922238449,0.6634658554643065,0.11618003364418199,0.17992257916102777,6.656625591499537,10.308804425035348,0.04706276254836304,0.0982567721217304
5,369,0.7076198949040828,0.677131444403836,0.029624121728303983,0.0589218384602358,1.6973371468136162,3.3759726649231245,0.002214937328568112,0.013516410501178494
5,370,0.562912148357187,0.5249766070552389,0.050154206583073214,0.09667382716880428,2.873624362037345,5.539002286149637,0.012385529958393218,0.031149149188302583
5,371,0.646245730906911,0.614952005369353,0.013785419659389746,0.05913921123182798,0.7898463652997053,3.3884272073164174,0.0006546262096894578,0.006782533550067596
5,372,0.6424302735306455,0.6116532139155004,0.024289625505449327,0.06448444769176057,1.3916930274155654,3.694686696970004,0.0033131445778174446,0.011300827238593908
5,373,0.6056703595850108,0.5730979232711587,0.052168524110269274,0.11579919320919269,2.9890362549449074,6.6348050419067235,0.007658473331779048,0.03281051102855852
5,374,0.6575824971187402,0.6290202480517957,0.08666216208507725,0.14548181151381,4.965376130953588,8.33549379565906,0.05177023433786205,0.10125480709062787
5,375,0.6781822737463171,0.6502515632647028,0.034522958222668244,0.0927767924289254,1.9780198024653521,5.315718642938715,0.004236920552707774,0.021744594838086953
5,376,0.6844767787862979,0.6580232667527278,0.08531946991718464,0.150155890374761,4.888445536548072,8.603298787502865,0.03143100970766562,0.07495377171559833
5,377,0.6078540497346527,0.5757641923800491,0.10617461680125058,0.17139398332930172,6.083357434130459,9.820151878704579,0.047234209519716276,0.0999218515707144
5,378,0.5804358314620368,0.5458389507707828,0.04398633128096676,0.10819317677138286,2.5202311386636675,6.199012401113093,0.007369216541167189,0.033551907290934074
5,379,0.6195052274724229,0.5848359802093461,0.06715134571167468,0.05044114785325881,3.8474886979028784,2.8900648857871025,0.014375565853041299,0.0080897191374525
5,380,0.7724959610325535,0.7485334828971386,0.12661696784151666,0.09224631012619758,7.254617872062574,5.28532424588603,0.06266006695168369,0.03430439577859049
5,381,0.8108100223518615,0.777676204024449,0.13264520352473066,0.07246858916561671,7.600010334620898,4.152144306457322,0.04046494317461886,0.012794339701417828
5,382,0.6286487325825867,0.5862834828653966,0.1946842565500392,0.13459782324682648,11.1545862379594,7.7118872036909965,0.08910139497318376,0.042173846248168334
5,383,0.7793174688128021,0.738075936346465,0.2941479435116747,0.23270445830033182,16.85343571567151,13.332983334487071,0.17137417974551453,0.10164840045621218
5,384,0.8322179052578832,0.784390262367307,0.5130072130480446,0.4532041335091435,29.393148167421614,25.96668410795741,0.4256617995317669,0.3111683338382231
5,385,0.7606314437180596,0.7115902894764796,0.50948997043452,0.4496972386347577,29.191625010143092,25.76575383245904,0.4221044942634186,0.30817827815616594
5,386,0.7132017855104815,0.6742511958937647,0.2166828870452652,0.1583848832293308,12.415014920403637,9.074785347713028,0.10290424471320983,0.0537215866931193
5,387,0.7739771489489264,0.7409811771026232,0.10569859942315638,0.050178169513661657,6.056083647390778,2.8749973368248276,0.027450307350484433,0.007355181505237635
5,388,0.7736431046609475,0.7374438023981916,0.18393290593627976,0.12425216856811411,10.538579223725595,7.1191248543010035,0.07728343995212092,0.035594500040208685
5,389,0.6464194091593867,0.6112661480817538,0.06307947066067067,0.033228901363546566,3.614187442775732,1.9038758059877245,0.006439452588892967,0.004952003265773384
5,390,0.7213071441826983,0.688589151031707,0.07957980190452806,0.11061310180781708,4.559586783616608,6.337663892438815,0.020484667402880498,0.04898278340632866
5,391,0.6906281600454265,0.6597125512916473,0.03873036658321848,0.06563386035566687,2.2190865442129377,3.760543191530724,0.0077262872168368385,0.008918802376648858
5,392,0.9069494084390275,0.8900486541085095,0.09688223879431299,0.1607779968412235,5.550943392692748,9.211900657569789,0.0332653205872599,0.07678439280224313
5,393,0.6443214112927379,0.6062405081690059,0.10152559034751055,0.04005896836280641,5.816987839486483,2.2952098188368963,0.02361572613267661,0.004086778971529512
5,394,0.8590215808386464,0.8329459399183399,0.04284066913541982,0.030260580754845015,2.454589532975925,1.7338035628674222,0.0052526806297075075,0.0017842600930999507
5,395,0.7710159104000265,0.7468409372346498,0.07318295490905154,0.13489414213845832,4.193074448584863,7.728865025571495,0.024284210584828887,0.06285941717570072
5,396,0.7381990717787423,0.6962214363413871,0.2896165358784334,0.22951323465601234,16.593805183033414,13.150139688185208,0.1681566545898174,0.10029933839692184
5,397,0.687724622132,0.6435185434114933,0.3016546667058972,0.23972298803722153,17.28353927267342,13.735115466797916,0.17741977211377627,0.10551359393199178
5,398,0.8019188543396594,0.7801721763206105,0.02947170146245362,0.0865352763263419,1.6886041088681285,4.958106112497738,0.005080156005239134,0.02505866661508893
5,399,0.688894716823328,0.6486192305692167,0.16257099570630518,0.10102688095271452,9.314631925210714,5.788413895961147,0.050435796615618644,0.017498741992846803
7,0,0.7043873635920941,0.6298818212117542,0.047165956961242324,0.04948635915568846,2.7024102705748705,2.835359523089529,0.0048610618646535925,0.004184781866751034
7,1,0.6798870536606149,0.6034003028256208,0.024774958920373867,0.017935647051513404,1.419500583747413,1.027636878887977,0.0012533732014009657,0.0006958889843709406
7,2,0.796976613138451,0.7342113560360684,0.027514405378378695,0.03921568169073453,1.576459303993152,2.246893051607545,0.002527912594219573,0.005849712350211606
7,3,0.7657681512222004,0.6993322712811012,0.011241694292128046,0.028649316386659886,0.6441016375152445,1.6414849148906012,0.000354893699146837,0.0029572508666075234
7,4,0.751180433955544,0.6840518312904987,0.07723544335843992,0.09578991645521157,4.4252649332603315,5.488357932794378,0.013900381103970051,0.024122166594053307
7,5,0.745805017508746,0.6762054648095651,0.022286292313767393,0.014468555908152813,1.2769104905737179,0.8289871891862282,0.0015156835689448256,0.0006652900100135503
7,6,0.6243200899681252,0.5411068174428635,0.04839988674408196,0.06582634470117808,2.7731092393470758,3.7715717321508544,0.007605059602711104,0.01469225846064261
7,7,1.0142616782667606,0.9656002556525201,0.03703593613849047,0.05591039408505086,2.1220028310515473,3.203429611986616,0.004594327211008303,0.01106822988744103
7,8,0.8005598878557779,0.7361493778572187,0.12974809127771697,0.14708922167328303,7.434018030091352,8.427591613743314,0.032647682097913966,0.04661106831905902
7,9,0.6116180650803762,0.5241056426346644,0.041951580388435696,0.02633250427915223,2.40364850016116,1.508741359205603,0.006898927803793472,0.0024030165384859763
7,10,0.6580477314486638,0.5782768964205783,0.13075534587350074,0.14526149927932305,7.491729467324917,8.32287083444786,0.02620975799753355,0.03709150350439566
7,11,0.6864074544419303,0.6111112748319717,0.06711626682966694,0.0805036445773175,3.8454788260137978,4.612519069701529,0.010764858237422185,0.016951641801024826
7,12,0.6780712056238578,0.5997578669494618,0.09348213033411044,0.07720577282477861,5.356131528036417,4.423564936905638,0.027354436823069643,0.017245185777831594
7,13,1.1632571137367218,1.117894716523263,0.08105728859188578,0.08169388105306982,4.644240535088971,4.680714596384662,0.01116784041931102,0.00973963331869561
7,14,0.8199017388696866,0.7491675953454097,0.36388828464067663,0.38095322584179864,20.84926292416595,21.82701203262915,0.201388909137532,0.23302228199870373
7,15,0.8530580832104651,0.7944239428926086,0.05681384493971506,0.06110556336076408,3.255193532956362,3.5010908853410205,0.007902128872979173,0.010663663076395843
7,16,0.7513791149737244,0.6835279865369713,0.04656185320030612,0.06082982018289562,2.667797674685246,3.485291965019633,0.00430532814373541,0.008620470324603884
7,17,0.6566356118767707,0.5771896138156255,0.10966405859288302,0.12557511595098295,6.283287721647566,7.194924155857266,0.02132756346533342,0.03247152821035333
7,18,0.6726956521729109,0.5939666575789059,0.04889752063688612,0.03048758837104843,2.80162156114742,1.7468101411932035,0.008823952357848167,0.0034251581408626004
7,19,0.7268558883405062,0.6531501016258817,0.049038390091933885,0.03782123305320693,2.8096927863839647,2.1669970299294454,0.009250803315254802,0.004603122774159606
7,20,0.6798943478621813,0.6017603441334525,0.0852272274783193,0.0675844687871563,4.883160434109094,3.872304822137701,0.028558305404248113,0.018043539728935645
7,21,0.5904822373576247,0.5002716490147232,0.06074325509891637,0.04632532044376084,3.480332151054426,2.6542453460186057,0.01547400320301337,0.009055017678324624
7,22,0.7830261644728148,0.7154324664619459,0.08388427336215139,0.06798799580207056,4.806214831172951,3.8954252170118013,0.021917261578905202,0.013064731858776615
7,23,0.670389131621511,0.5911632700029567,0.07889841658588242,0.06262166612487532,4.520546280636037,3.587957175032713,0.02023280693846507,0.01149318284992746
7,24,0.6619524153434133,0.5837952851312934,0.06523586805323026,0.07863415103401367,3.7377399123224118,4.505404979843261,0.008327411645064842,0.014001897995799345
7,25,1.220475501652715,1.1743867758219313,0.14009021773554034,0.12635828200143295,8.026578227315214,7.239796265205981,0.06686235595271606,0.05257616686542544
7,26,0.6532566170270473,0.5726788377550813,0.024248702299531605,0.013291908376525394,1.389348300432335,0.761570251649491,0.002074612071539382,0.0003261004652327997
7,27,0.8346180907896111,0.7720236736853661,0.04368861455241212,0.02770086726831099,2.5031732266270446,1.5871427833263054,0.007712256913189351,0.003121366284827667
7,28,0.6356032854310771,0.5518435492229611,0.0981003214663646,0.0819084504518313,5.620734388899323,4.693008517346354,0.02887880653806358,0.018599078561310697
7,29,0.9872214951023454,0.9334196580960226,0.13061547806585966,0.11713630252518432,7.4837156322573355,6.711415762460669,0.049464165415333175,0.03717815550183086
7,30,0.6621088993164587,0.5798878914462465,0.3477073466934307,0.3650374602923385,19.922163471225677,20.91510583892537,0.18781386022608293,0.21893211734849694
7,31,0.8345014351321014,0.7706298671247952,0.10502574632935892,0.08944698102773814,6.017532004883864,5.124934503076142,0.03927115401124193,0.027271831490776513
7,32,0.7046721416728566,0.6295810703506235,0.10078889070552334,0.08499025667228569,5.774778059231817,4.869583007055555,0.036543737393162225,0.025068285726934293
7,33,0.8365009303523558,0.7728126215217976,0.12038780630199347,0.10580110502123063,6.89771320594268,6.061956785536897,0.049623168328594564,0.03690038245635881
7,34,0.7368879625316711,0.6654785529945483,0.03706823028057865,0.022354853360483085,2.1238531490961963,1.2808387491895263,0.0041357090780743296,0.0010405904150535238
7,35,0.7971559553348528,0.7313769053915441,0.07123866003759816,0.05626449205685392,4.0816745583216525,3.2237179313050737,0.0170583120760429,0.009876479633329324
7,36,0.9457343278120853,0.8893354638296506,0.0949295770680182,0.08058677883349391,5.439064116959327,4.617282311713397,0.026222423723091116,0.016951109287067945
7,37,0.8839997145272205,0.82715526349924,0.0222662754270024,0.03848612678263455,1.2757636074430925,2.2050926344503616,0.0013651804849771475,0.005011997178399015
7,38,0.8304446234794526,0.768974967967149,0.022554274662718542,0.011066112842746795,1.2922647481526208,0.634041561504909,0.0014098942880233986,0.0002478551726676512
7,39,0.7006745148298585,0.6279766965013007,0.06912616395644405,0.08751412189570158,3.9606374486335967,5.014189832417128,0.012600540381048093,0.02203432687779995
7,40,0.8153795309114759,0.7517397365491569,0.06052782811886061,0.0442486454299932,3.4679890943039817,2.535260632309448,0.014853351268262045,0.007960325327600114
7,41,0.8297435053368505,0.7657279873106845,0.07844675712193815,0.06230856518728688,4.494668099574889,3.570017812747306,0.024052126940367534,0.01484678895886776
7,42,0.6415322686553242,0.5604433634524655,0.11050914354663745,0.12655341816479498,6.3317075228277035,7.2509767437970005,0.021579060958785742,0.032333061051812086
7,43,0.8374634747138089,0.7735876349946096,0.13780066664179186,0.12276344750767645,7.895396612663864,7.033827420665686,0.06779641918235635,0.052106140088465064
7,44,0.7700747980127317,0.7013679175133175,0.08700303694292802,0.071028775600116,4.98490682165056,4.069649065868448,0.02239169790060347,0.013263086434846943
7,45,0.6360243325080338,0.5524028976635946,0.10855867767719354,0.0929903842950763,6.219954060424253,5.327956555407485,0.04668783014858897,0.03349252592170829
7,46,0.7231146496512787,0.6496627459524703,0.09321336890704553,0.07739290280513839,5.340732632569684,4.434286695000619,0.0258915724512616,0.016345047666583824
7,47,1.04066153460415,0.9913967799626657,0.06711228871928387,0.055542025407006396,3.8452508970784107,3.182323641429855,0.013321718455974286,0.008807444077339206
7,48,0.7461521102176961,0.6754055784366485,0.10200136992587445,0.08728711148177787,5.844248001305249,5.001183093793781,0.033156126226453704,0.02274815858460011
7,49,0.601315833933835,0.5125067408609961,0.07725532730181324,0.061421718061588575,4.426404199295701,3.519205215371485,0.016900058183535314,0.009658235620875165
7,50,0.8841261768812415,0.8228571458151344,0.13791699709354363,0.12240574254412559,7.902061856578092,7.01333243594334,0.06019226498897591,0.04488906884689217
7,51,0.761997318040481,0.6953505344869735,0.027215937383689492,0.04429949943172391,1.5593583475777277,2.538174351979969,0.0017708244927212187,0.005913019730208982
7,52,0.8434279812075307,0.7817868039042971,0.059085360174973074,0.045377602281817024,3.3853417690363123,2.5999450951713294,0.01607306523441784,0.0095455117536023
7,53,0.7704326844262369,0.7011630588459117,0.08612955735499582,0.06842965767762943,4.934860127771218,3.9207305784531568,0.026946876972066817,0.016507747190428704
7,54,0.7396351574849203,0.6713293376260571,0.06025838005353274,0.07882695839646929,3.4525508573627297,4.516452027971018,0.00939545182788188,0.018016202127636848
7,55,0.6767347925557348,0.6007852686630812,0.13604599512664944,0.15448512460583136,7.7948613404143785,8.851345637466762,0.041247421314745,0.057400362688119384
7,56,0.6201134634437371,0.5342653537202314,0.11946973993703304,0.10570715214954864,6.845111877917531,6.056573682516385,0.03963066231022862,0.028501192764660892
7,57,0.6925528352204259,0.6158185612830333,0.08988824206674695,0.07360930633116049,5.150216898274905,4.217502585661106,0.024760475809954115,0.014902165725581867
7,58,0.6969878360976783,0.6198342741289155,0.28863968695767056,0.30682776889982066,16.537835862651797,17.5799361953751,0.1420407411082249,0.170762254302207
7,59,0.9019432544533537,0.844991492497793,0.14969942818561763,0.16796356231497264,8.57714543055765,9.623603232630536,0.046021710295706744,0.06320372499620829
7,60,0.9112952058533794,0.8552050042858309,0.03107044084111969,0.02623177878114433,1.7802051278070619,1.5029702132803968,0.0013487556327117754,0.001082292516294484
7,61,0.6661841781467946,0.5882385810947157,0.025477472023119094,0.035067416159883326,1.459751619587355,2.009214944390175,0.0009231565984413968,0.0023467683301793135
7,62,0.8200978572934202,0.7572006573364115,0.14580316542683053,0.16258370030116992,8.35390601860515,9.315359844876888,0.040510469394285084,0.05525868037563607
7,63,0.7343042855596568,0.6622834968937229,0.11948296821808531,0.10513451540644785,6.845869802592039,6.023764013942592,0.039507228725016545,0.02796660735627888
7,64,0.6761650662774644,0.6004305009956994,0.03899343533524683,0.057869855117388985,2.2341592734259357,3.315698459259938,0.004064873687734942,0.010244070246338836
7,65,0.6333425651415618,0.5509955855789512,0.03662754826696341,0.04382653839246525,2.0986039296087164,2.5110756805563264,0.0031288528961979784,0.004830070330519284
7,66,0.7085665944316006,0.6335441325377983,0.14772673738914224,0.1327695962556427,8.464118573635309,7.607137513104264,0.0814316905825975,0.0639324886524119
7,67,0.763338614037494,0.6934555010440078,0.15019421183058718,0.1357052933233724,8.605494445186503,7.775340565014107,0.07122307072160407,0.055259527912208214
7,68,0.7106928878563944,0.6360959448913753,0.06352152226900291,0.047188503493883496,3.6395151342601397,2.703702091737864,0.012820622845988568,0.0062191753279708
7,69,0.7015725241089448,0.6249871736113106,0.066854169616472,0.0500805469847832,3.830461761875587,2.8694039779346983,0.01667780265390413,0.009348461591751404
7,70,0.8200777175383066,0.7551890910156498,0.07936232567172635,0.06228751172107473,4.547126313332666,3.5688115379892285,0.027097981170643375,0.01669810673716145
7,71,0.7995373756618404,0.7337986652914712,0.11851926764721425,0.10533407158487407,6.7906538271667785,6.035197740742174,0.058239888332504465,0.046276114685804504
7,72,0.9226155682744659,0.8642398294774362,0.13921890810477208,0.12490412231257605,7.976655862823091,7.156479052296424,0.06350329961767531,0.048914052140761305
7,73,0.6741297722321787,0.5956073006698955,0.07988990473290335,0.06347351156394745,4.577354366897582,3.6367643234890146,0.02264220847447554,0.013425221815063573
7,74,0.8025615564273362,0.7399891401846247,0.0799427617439887,0.09918389060372924,4.580382850550449,5.682818327280948,0.016888141142482826,0.02818349692091226
7,75,0.7119162092614452,0.6402848376261738,0.039857701928175227,0.056319899177896926,2.283678101574884,3.2268925254958085,0.00316298318517335,0.008223462073693136
7,76,0.7686428386171064,0.700548231359521,0.0605717829146151,0.04448703162955605,3.4705075185900736,2.5489191554385626,0.010691870607957343,0.004984298257239849
7,77,0.7307111827850816,0.6581235788349395,0.10579727920926524,0.09049280625578197,6.061737582658069,5.184855874751361,0.03285228640094386,0.021732781838216204
7,78,0.8035512212823199,0.7374408997680831,0.11015071276463241,0.09494543019897511,6.311170951771241,5.439972434455226,0.04380195537409337,0.031184806220931394
7,79,0.8883376248482755,0.8312764956907279,0.04096776762867504,0.056239865920848245,2.347280181195756,3.2223069576462335,0.0031851355019343885,0.008049545972363608
7,80,0.7816527176230689,0.7138106941508618,0.04724162973988636,0.02884232227004364,2.7067460014152016,1.6525433374296845,0.009009499848760504,0.003278833581724502
7,81,0.7923886290000212,0.723494849571978,0.08054637847114864,0.06446993729509058,4.614967541460213,3.693855312481753,0.02294464889782305,0.014449851333554191
7,82,0.6739276704003634,0.5951460443347192,0.04093798092288421,0.02574326493522759,2.345573528668344,1.4749804316756636,0.006389706921479183,0.002367314566877521
7,83,0.7133015559174299,0.6389205488494889,0.12225710793778753,0.10698741147783283,7.004816300310581,6.129927138709323,0.054677590254296506,0.04038968672115397
7,84,0.8950797216463241,0.8369646722685313,0.08028281063912264,0.0678552088095519,4.59986621706971,3.887817082766247,0.015035136413643332,0.009210722653381874
7,85,0.7809988810459392,0.7142769998613504,0.10407633960877193,0.09189962263807763,5.963135006752873,5.2654605160067645,0.030699218628513825,0.022636985393809053
7,86,0.7431596312758817,0.672332086925737,0.02770419553895747,0.022793079714330002,1.587333479187426,1.3059472697363612,0.003097687662111966,0.0015955346799216676
7,87,0.8586672542644525,0.7976537675483433,0.051387444292438765,0.03410093828864495,2.9442836779203723,1.953839841375428,0.009381387427422082,0.003727730640655503
7,88,0.7691446753612505,0.7000934133037321,0.09444725083947429,0.07794947324345962,5.411428859715298,4.466175832118172,0.03420844494078409,0.022731663992269883
7,89,0.7893425408220428,0.721711174312245,0.05680340711104655,0.03912781111219166,3.2545954894263756,2.2418584383136655,0.011911615467185513,0.005303656522239068
7,90,0.9199282947481712,0.86562916192647,0.031014608294921153,0.03539266586025237,1.7770061585504164,2.027850379509216,0.004727974476009698,0.005479068305448254
7,91,0.7411075698427467,0.6698937809996104,0.07999020473082884,0.06454136461556,4.583101133463884,3.6979477964865786,0.029682484875252324,0.01975051791341465
7,92,0.6016665444165695,0.5130189307046316,0.06282262127974342,0.046403370539168334,3.5994710572780524,2.658717287076049,0.012017837940761639,0.00590876010602023
7,93,0.7032646128517501,0.629704106993586,0.1735646479604039,0.19021575631345006,9.944521800805056,10.89856003364963,0.056141911277114806,0.07305325163733804
7,94,0.7733733667349653,0.7063585231577028,0.03714381858668548,0.04708127811130098,2.1281840400166603,2.6975585298592097,0.0029492678261872126,0.005488041878293361
7,95,0.7365875187380535,0.66731473058116,0.07033446560640862,0.05961644489477961,4.02986803355526,3.415770682045115,0.015483277778593627,0.010937933506483852
7,96,0.6746556628265991,0.5973714949463417,0.1667671560955899,0.1834378569821256,9.5550542056767,10.510215008000198,0.049987233874356746,0.06615716152842196
7,97,0.7093191845372238,0.6370380859552592,0.10676245473466044,0.12181611655562223,6.117038066752536,6.979549355310868,0.02281026588716134,0.032703775731448385
7,98,0.7343571606750585,0.6625243883357954,0.07936997544952111,0.062173693769648146,4.547564613314519,3.5622902497396605,0.025558544205661886,0.015656778146414543
7,99,0.9381898983452556,0.8802242923737867,0.12478700034633458,0.10773299319809157,7.149768457942514,6.172645824562252,0.05749722103664737,0.041518189759332795
7,100,0.7936539589253041,0.7274990610271855,0.04058289823497891,0.022271907052581766,2.3252287892732095,1.276086275820588,0.0057275096637939525,0.0016133879580916902
7,101,0.6848919210136083,0.6097472325007981,0.03688352124850787,0.05353285207276204,2.1132701011205937,3.0672064890674258,0.0037890674612668547,0.009277688615038228
7,102,0.9730259385022189,0.9173442623659517,0.12685414625247668,0.11191965230284134,7.268207194002202,6.412523721524434,0.05133648502124734,0.03753939006027173
7,103,0.7344062771832304,0.6624193304843763,0.08194647222724227,0.0652325103196208,4.695187004606997,3.7375475283578603,0.02557163030903877,0.015954510393619344
7,104,0.8552622829901505,0.7949081859974537,0.05453838878320187,0.04545842451082478,3.1248194987210964,2.604575867784314,0.004794313639804249,0.00265104765697095
7,105,0.682202366913761,0.604677956846372,0.09443310604411922,0.07798368753077105,5.410618422639377,4.468136166380165,0.028288863871657556,0.017819713785897265
7,106,0.7412579790434001,0.6706139792705265,0.0526775827847103,0.046475040459081136,3.0182031685149022,2.662823671005093,0.010464833952901705,0.006350100931740216
7,107,0.7275738519746199,0.6549987895917654,0.0558704801876352,0.040792840741262854,3.2011427141207807,2.3372576088236783,0.01574788229765243,0.009152508631987744
7,108,1.3174707437532955,1.2752178285948086,0.11556595291143967,0.09994118183376043,6.621441357233102,5.726207918624006,0.05601124943019634,0.0416974002399325
7,109,0.7121093956183239,0.6403722764054679,0.09956679258575335,0.1151318040452875,5.704756994818124,6.596566459522192,0.02322755926544314,0.03347069433131308
7,110,0.6173352467151505,0.530273245954737,0.0630759504005855,0.049883491919640165,3.6139857467300636,2.8581135543703264,0.013603641829723005,0.008484089174917522
7,111,0.6833537584120688,0.6071106557713395,0.15208092760623296,0.16791058541308015,8.713595296271759,9.620567879740417,0.0386955482031479,0.052514202006606586
7,112,0.7466169634670814,0.6773265306179715,0.0698946336715269,0.06162800829140338,4.0046675199914645,3.5310247748946573,0.009282457399357624,0.007044216271504131
7,113,0.9446471130109257,0.8892881746839421,0.08813865502969334,0.07456601856394704,5.049972945160934,4.272318158808313,0.01788414646137044,0.011221188185213601
7,114,0.7255636883236359,0.6547481618435445,0.11437565150473172,0.13136822647800997,6.553242110280252,7.526844939308722,0.026279634137252927,0.038685148255557245
7,115,0.7367420965766991,0.6648778509664632,0.0949780156844954,0.07871253513336901,5.441839445248923,4.509896057917257,0.026223901429110595,0.016186190563049298
7,116,0.7945542834753347,0.7294893002306548,0.15760216853347517,0.17506160125758988,9.029939099077634,10.030290906862005,0.04734765403303555,0.06400504658718498
7,117,0.7126344815563231,0.6389514674159414,0.1404746895160986,0.12810453046438394,8.048606837683081,7.33984893211428,0.07077410237957629,0.057686475605723084
7,118,0.7515506501797594,0.6822705420482503,0.06985584955716813,0.057785340398806055,4.0024453539265545,3.3108561225784,0.010364769615690259,0.0060197133670746375
7,119,0.666256885306661,0.5893913637121049,0.06526274157569026,0.08373356431460446,3.73927965174002,4.797579838814076,0.010212561741187245,0.019080135898440584
7,120,0.6487744065397422,0.5668988446043143,0.12226084016819765,0.10602423024994452,7.005030141361251,6.0747409194450945,0.058459765301199756,0.043069503971645745
7,121,0.8619140215585761,0.8015948954698098,0.11069757062152158,0.10016229402486548,6.3425035989645595,5.738876713973216,0.02854255840723033,0.022208850871769638
7,122,0.7379055182085491,0.6661945199162883,0.07203715424881917,0.05474738607941008,4.127424906590244,3.1367941617234725,0.018806717121734942,0.010251275333865849
7,123,0.8116277657352009,0.7457161583498361,0.10642581073602404,0.09008977760011111,6.097749786432263,5.161764033758589,0.0355442941958768,0.02377480921865443
7,124,0.766814760032311,0.6972844687221462,0.07362358559207188,0.05708600175194263,4.218320727045895,3.270786969662736,0.017266526677821997,0.009334401160794828
7,125,0.7470505722752406,0.6760272617152927,0.08707874434127541,0.06991447583571621,4.989244536053781,4.005804392255918,0.02497408265220323,0.014946083307060189
7,126,0.7756280875244769,0.7103374532279049,0.027184053987470255,0.04284385256915911,1.557531563537822,2.454771930293546,0.0015603917098118304,0.005424893954927464
7,127,0.867006877547754,0.8092217790425724,0.060462025387970374,0.07781010301044626,3.464218875543536,4.458190505976752,0.008423141765259594,0.015939226437704172
7,128,0.8523832922201452,0.7930558749697824,0.01305021674139335,0.01732602470958179,0.747722341012809,0.9927080915984146,0.0005837144410666081,0.0008603701238245401
7,129,0.7892422898957733,0.7215540447020392,0.07202771663784481,0.05446527055198902,4.126884171312727,3.1206301326671384,0.01833798678376844,0.00984338718371747
7,130,0.8273330574280895,0.7629922323495613,0.0785523519170565,0.06246411809332152,4.500718235673719,3.578930337754086,0.020371515017560404,0.011843326421886412
7,131,0.7043930781427667,0.6292632882561593,0.05043069167011727,0.03223545364083035,2.889465790623276,1.8469554443092027,0.01088892782377494,0.004609335591938889
7,132,0.8225838269472016,0.7600278641883632,0.058567520732462366,0.06838543910700852,3.3556717545150416,3.9181970409804774,0.006357880310774354,0.009620966275112362
7,133,0.935563715780205,0.8798263068616061,0.061443896761657936,0.05028959799792461,3.520475961280546,2.8813817186906348,0.007535978056053709,0.004631726972885629
7,134,0.8854389796414258,0.8280202676127237,0.06921849680857128,0.0824951341310746,3.9659277313708925,4.726623016076202,0.01484162318660507,0.021285643558032478
7,135,0.5857173545675715,0.49512482195096413,0.03963552860337257,0.03259538822360584,2.2709485077433027,1.8675781768030402,0.007834894742499354,0.005482950572803913
7,136,0.8276241956098542,0.765336339840322,0.1599585977303087,0.17804897997277183,9.164952546777599,10.201455099049145,0.050662539670652124,0.0683899803000256
7,137,0.7789507926293553,0.7101808965847208,0.07995127836217153,0.061659347746665344,4.58087081682805,3.532820393413407,0.024235267441743917,0.014000822902439494
7,138,0.6101338760112397,0.5235869781167815,0.01170948724543605,0.017518294407095295,0.6709041994257535,1.0037243337941952,0.0003866732003775207,0.0011277866601305028
7,139,0.807224652059208,0.7426505384317222,0.0633901580174505,0.04862407973608584,3.6319885170672914,2.7859545515853084,0.0112988751782723,0.005593867309287511
7,140,0.6509081688155308,0.5706493485094569,0.020243524123837904,0.01739452943790866,1.1598684947671796,0.9966331234082344,0.0008090010078654324,0.0009271047715298463
7,141,0.7409438964210713,0.6691078004765124,0.08190781367317891,0.06441827998115927,4.692972032617089,3.6908955664125065,0.02274737960802791,0.01327862124746046
7,142,0.7740604930766293,0.704986513652644,0.0902443153302031,0.07362072259737688,5.170618393468392,4.218156689533103,0.025690274517516355,0.015938450564466043
7,143,0.7584660719901374,0.688704863471633,0.10483177938780174,0.08957461549238718,6.006418517767576,5.132247419220944,0.04789937389693114,0.03505437151282615
7,144,0.7678970360048992,0.6984972324738836,0.14652796496093126,0.1344338521291636,8.39543397290217,7.702492350686869,0.05345090003267394,0.04187248340491727
7,145,0.7032959901483294,0.6286306312717969,0.19616614039047686,0.21291336715715067,11.239491927745116,12.199037340024049,0.06579442902291485,0.08442737392363665
7,146,0.7296898718172006,0.6596757934197951,0.12261579396526562,0.1414679304610084,7.025367495855389,8.105515351866,0.034764536021629516,0.05020138015515699
7,147,0.8453514577353864,0.7814708965450575,0.23979660596026334,0.25685354918843323,13.73933346308473,14.716624321453116,0.0967554989890153,0.11928792564565113
7,148,0.7752665478790275,0.7068630292009896,0.09870312953093079,0.08389415885131192,5.655272746855415,4.806781227980272,0.030568717110306134,0.0203179593777165
7,149,0.7077592267795179,0.6324241730287619,0.08833988781990827,0.07051267631418415,5.061502734739891,4.040078754974838,0.02965958080737028,0.01866204691355678
7,150,1.0687191342782416,1.016017736730394,0.20014439041030516,0.18738828986202694,11.467428863729113,10.736558139268254,0.12069114910093348,0.1012535146291803
7,151,0.8322876130192912,0.7686653026166137,0.0901656918909606,0.07549188226242667,5.166113602228993,4.325366241135569,0.025520676390708992,0.01653579064852132
7,152,0.672586299617034,0.5960576252536204,0.05326185746404528,0.07002929571410468,3.0516796417171563,4.0123830866917825,0.0068939496585514425,0.013532101236837672
7,153,0.7605910483114093,0.6932186328386374,0.0829870657931618,0.0963842049287582,4.754808624122655,5.522408154141872,0.015544602369030235,0.022804705722444037
7,154,0.7087769216617967,0.6340555855354083,0.06683905659261138,0.051326696043020745,3.8295958493926934,2.9408030596159116,0.011939745651675458,0.005817464502897239
7,155,0.8686329792725067,0.8107926171386473,0.07734236346394108,0.09558328862543657,4.431391004050642,5.476519030218323,0.01364446805494874,0.02347550109570789
7,156,0.7227521384614256,0.6457050681643577,0.3449305072650421,0.36226544268480093,19.763062291593492,20.756280929277516,0.18319359846977268,0.21419924557099052
7,157,0.5915544369170647,0.5032479086575744,0.12212263648130191,0.1408661254593736,6.997111653388978,8.071034465182462,0.03363101824025049,0.04884941497613888
7,158,0.7476952936793309,0.6774114453254394,0.06885946068502671,0.05277094316846268,3.945356476799051,3.023552324477636,0.013530769402476564,0.006595426521196095
7,159,0.7265405524162152,0.647541490247218,0.43519690147812806,0.4526706953727305,24.934945711867435,25.936120354109622,0.27408493859712074,0.3119427678546819
7,160,0.6845029154633265,0.6068990312369154,0.06252596746385426,0.04529471228402117,3.582474045651153,2.5951958481337782,0.014679559161135586,0.007590499998903804
7,161,0.7616647035736762,0.6926868421856889,0.07038537901241991,0.05403779914452169,4.032785156840343,3.0961378251567435,0.01567134411358176,0.00815568385424191
7,162,0.6437755125052506,0.5623339681184512,0.018091243035320705,0.020391852864927958,1.0365518720693212,1.1683671056121283,0.0009462647242480587,0.0017282865516376682
7,163,0.9108803492574008,0.8539776511406143,0.0715741436842012,0.058013454605428866,4.100896355367666,3.3239261038648626,0.016464932258270434,0.010105923844877188
7,164,0.8116195201557298,0.746100977884549,0.09964376060420842,0.08385390684355971,5.709166937433084,4.804474957819142,0.029636079165079487,0.019037726349025598
7,165,0.6707453311713869,0.5915879946091803,0.13235517933253704,0.11743932396757485,7.583393172451513,6.728777612211613,0.05929013893098685,0.04418585383566529
7,166,0.8282796749217766,0.7658467275854284,0.07615104195815715,0.0651309897024367,4.363133309726053,3.731730825459649,0.013913400237607933,0.008792216048238734
7,167,0.7094698007591058,0.637336929338505,0.06613005246596246,0.08318366901433305,3.7889729052783507,4.766073158934445,0.009038201304357084,0.016957812846808827
7,168,0.8402799984778762,0.7765101338060608,0.11999177009613532,0.1044324240739268,6.875022002812634,5.98353714375642,0.050783394505787935,0.0368468761342855
7,169,0.7487888494344239,0.6798121849314607,0.042023883072221824,0.03776297427470099,2.407791138789574,2.1636590478014677,0.002507157623420759,0.002156193373796354
7,170,0.9105666457121504,0.850839636995441,0.06599416507639828,0.047955291114986386,3.7811871313672736,2.7476357862099356,0.017209572678264756,0.009209716103015506
7,171,0.7727038121616671,0.704298723628913,0.036300035232806574,0.024693367591802438,2.0798388150160054,1.4148257449754051,0.006046547218216177,0.0027184288483307097
7,172,1.0675888654220191,1.0212494286002498,0.058617534201430295,0.061800844882781786,3.3585373152057123,3.5409275821260673,0.007625735450753091,0.010225587788456638
7,173,0.7121497244091012,0.6379653628714467,0.09914573034945058,0.0840391067412392,5.680631905765635,4.815086130322431,0.035974423696873994,0.025077141823059063
7,174,0.8732216628674985,0.8140346156333512,0.07010847327252492,0.05577266851021495,4.016919626621413,3.1955385178175053,0.018543343306446664,0.011771336212688683
7,175,0.6331291509677388,0.5492202160499958,0.1407367424418336,0.1261659590130834,8.063621364336752,7.228776969670207,0.07915182682803718,0.06234944927987029
7,176,0.7369210657328354,0.6673911864930614,0.11640440966096073,0.13318596386366982,6.669481390284916,7.630993619770176,0.025626106016241927,0.03778309808739139
7,177,0.716197112926095,0.6433063057222614,0.028848825330274153,0.019171597679088475,1.6529159353348122,1.098451633534574,0.002152924664806476,0.0010177209457567036
7,178,0.709454506868733,0.634803079571066,0.11015752687031546,0.09528900954402832,6.311561371268036,5.459658080854643,0.034567569051779795,0.023625456586763488
7,179,0.824628294403826,0.7629579242626128,0.012099328465095729,0.023981292091970686,0.6932404559924856,1.3740268241403772,0.0003268807975578456,0.0018011845511105573
7,180,0.6315013021613751,0.5472559982168628,0.0440965981277968,0.030669695113794294,2.5265489636072442,1.7572440889734162,0.009391348766870453,0.004376196235050342
7,181,0.8645977877163817,0.8037841706300877,0.08880640402988224,0.07477826748905184,5.088232144645838,4.284479126423006,0.018935911299130262,0.011519216581784765
7,182,0.6735026571940388,0.5966998605056595,0.02089197126670532,0.03190572010843311,1.1970217792907991,1.8280631045389004,0.001379216567585083,0.002899376173211697
7,183,0.7072343681268268,0.6316399816788794,0.25134902929834724,0.26863091454501353,14.401238563505371,15.391417650168755,0.10664592460073796,0.13063119010316213
7,184,0.9487220813643673,0.8919148278406965,0.11319577268939199,0.09723941328084287,6.485640033824389,5.571407983320662,0.043697395683915535,0.0306400845937324
7,185,0.8130718822065149,0.7481184891491263,0.06149696730044786,0.04383039095223326,3.523516679169694,2.5112964159713553,0.013050012200305106,0.006137005306080422
7,186,0.7149219851734746,0.6411824240556,0.045215248395063155,0.031095914535718028,2.590642902672788,1.781664662996152,0.008326115785900973,0.003472844923452972
7,187,0.8115483263752907,0.7461769321996924,0.10768868382958674,0.0931410636406618,6.170107084754036,5.336589845969327,0.03885511311139052,0.027775835933454375
7,188,1.2412667373283182,1.1963762308672967,0.13876216050048137,0.12361095973202536,7.950486152794522,7.082386294206623,0.07009318981437385,0.05406989225339291
7,189,0.78594608387502,0.7182773111348251,0.1363340614909319,0.12281120726131839,7.811366327307442,7.0365638529799535,0.06207039616867748,0.04849037413032556
7,190,0.7656679048676968,0.6990296057526877,0.10964096233823427,0.12653053243421464,6.2819644037336335,7.249665488023673,0.023152457665941026,0.03470734518811811
7,191,0.8301713206796387,0.7699800149224071,0.04455156715223626,0.06211792284088697,2.5526167685168097,3.55909481090212,0.0043745536912273945,0.010373270135790258
7,192,0.7031736421231916,0.6271667226471969,0.10274711637277989,0.08533991213048754,5.886976125299808,4.889616789094234,0.036618345199839766,0.024030201372045992
7,193,0.6989523162490108,0.6235172322786542,0.196888557675097,0.21302914939555392,11.28088338920115,12.205671173627133,0.06368777834786936,0.08140549635187125
7,194,0.7471502575696796,0.6763577861418821,0.09332658983879089,0.07699153448279744,5.347219714111231,4.411289984100237,0.030562954454324276,0.019742331865348364
7,195,0.7130846440994527,0.6396654250708294,0.04983065930600054,0.05949834387641686,2.8550864685881305,3.409003992136732,0.007211828453216324,0.010474239139803523
7,196,0.8758642028134329,0.8162042933385665,0.07620233023163162,0.06197253380119106,4.366071911334653,3.550764632540085,0.022135246271441873,0.014316627002461352
7,197,0.869110330098164,0.8069617356542095,0.1164658865381448,0.10017090391375759,6.673003755885207,5.73937002426881,0.045093084872020295,0.03184062371296369
7,198,0.6047368873702916,0.5185069591260247,0.1385507082412308,0.15633894817750302,7.938370830770959,8.957561904085416,0.03879209720801642,0.05418679566401628
7,199,0.9433287360209553,0.8899065903084975,0.055411112537977106,0.054815659330553226,3.174822886550528,3.1407059308676115,0.003836068436846418,0.005071472888868644
7,200,0.8555395073113893,0.7955278738280916,0.02814602041434228,0.018325642475252833,1.6126481798308692,1.0499819706976625,0.0016266687451412173,0.0004218271298233305
7,201,0.7474529614050597,0.6794370655198558,0.08088650440003058,0.09641026371248657,4.634455321688115,5.523901212468751,0.016475225094108793,0.02510683897167089
7,202,0.6938777580242378,0.6176480821546279,0.10171076587844143,0.08893869213392286,5.827597615877917,5.0958116946871534,0.026746489937222423,0.01843595883441223
7,203,0.7264439610454384,0.654656703441444,0.0697188862310405,0.05873840427326175,3.9945979333913675,3.3654626601910977,0.009371599658322967,0.005414457725126956
7,204,0.9367329352994576,0.8791563843205771,0.1326545397191954,0.11686184238835952,7.600545259160442,6.6956903549760245,0.06289304398286918,0.046903219806803065
7,205,0.7780831131541639,0.7136120634108933,0.08064711543923837,0.10011739619267704,4.620739344572699,5.736304257679532,0.017383190345539333,0.028938739040854214
7,206,0.5823003563703256,0.4897971671579475,0.07721408734510835,0.06201096817939365,4.424041323829208,3.5529667601993027,0.02006463629366853,0.012760601589278817
7,207,0.7802583660607214,0.712254135915511,0.0401428663935928,0.027270376341717337,2.3000168219104156,1.562477470113813,0.005507808247614657,0.0021872563221211
7,208,0.679978008380872,0.6018539617199108,0.09313668893990575,0.0762869524263708,5.336339194079373,4.370920405946342,0.02983567536769221,0.018933570065457372
7,209,1.0026328246827247,0.9486538942357908,0.13890473469050715,0.12494555758393937,7.958655052150495,7.158853118468521,0.06925689188134548,0.054248978043645216
7,210,0.8213591833553449,0.7580347236065361,0.06211340103697486,0.04670608808440222,3.5588357306221705,2.676061724802511,0.0164109226725169,0.009405220819419115
7,211,0.7952886224381156,0.7288049905909277,0.07724788595986475,0.06030302776282834,4.425977841808138,3.4551089826702945,0.01893123986683061,0.010369095400539909
7,212,0.7387764812783599,0.6670301533545802,0.10744622846014254,0.09213483883984162,6.156215415364597,5.278937411640939,0.037062497486198935,0.025376273470897485
7,213,0.8908646101973249,0.8333113811024819,0.03743166130674154,0.02444438222049084,2.144676213039438,1.400559934038753,0.006745338498201707,0.0030376005282531015
7,214,0.6748001648408622,0.5978812479937301,0.13946442125788502,0.15563237721734513,7.990722730311411,8.917078370141864,0.03482683793020366,0.04830379277464139
7,215,0.6917851834318617,0.6173261712583025,0.07801406247529574,0.09191511941159132,4.469876522504374,5.26634841572517,0.010113738618822386,0.01685406641393978
7,216,0.6296901506982386,0.5470657081410425,0.038759836460063285,0.05587123501866668,2.2207750437789153,3.20118596275313,0.003988374345287458,0.009331743227300987
7,217,0.8036395789539554,0.7387023973529779,0.0641116808274032,0.05003371510896001,3.6733287289000014,2.8667207091033484,0.010641097379284703,0.005249843511204409
7,218,0.8793712341381374,0.8193246230055717,0.21167142621578722,0.22834739610520163,12.127879365679417,13.083342059630105,0.08144257845966277,0.10140969010754036
7,219,1.019675023850351,0.9533546348812897,0.4749753312336337,0.49234388489259084,27.21408185251552,28.209226673420268,0.318613623189819,0.35892600618140436
7,220,0.9427600956721832,0.8889169376040459,0.10184203453490474,0.11778522962871041,5.835118755875618,6.748596546704363,0.018832162022465092,0.028771269569080646
7,221,0.8228106120457832,0.7581430347840522,0.05935168540915838,0.04178372160859902,3.400601080932964,2.394030900522303,0.011508352793020718,0.005019229807906148
7,222,0.7215453166986874,0.6506469618467571,0.03803308478831163,0.04043484462286522,2.1791352402334687,2.316745942157428,0.002210697385267862,0.004054118440676774
7,223,0.6431267842867707,0.5625451661331718,0.03748789736941674,0.05427081888187946,2.1478983020871603,3.1094888726505903,0.0040707343945828815,0.009915440429284206
7,224,0.8443206971404323,0.7828668914145944,0.07630836161577349,0.06238927721892081,4.372147062141912,3.574642271515857,0.016131889875862712,0.009613949013312924
7,225,0.792643124069791,0.7262793520150368,0.03900176907258695,0.02213582377876396,2.234636761403095,1.2682892785685045,0.005460757465894046,0.001447931921567839
7,226,0.8964384145685799,0.8370893324167076,0.07184678355374575,0.054799634757622846,4.116517469219566,3.139787790470201,0.017659617534760905,0.00951894528907676
7,227,0.7837056471127721,0.7159360338377447,0.051417844893100785,0.035308500251390276,2.9460255040329684,2.023028045341269,0.008511186478880349,0.003674491713018856
7,228,0.8982533492305619,0.8364889096459159,0.2428438239825708,0.23114211801320436,13.91392619501915,13.243467829871411,0.18338212606953608,0.16048285326272438
7,229,0.6044191752659274,0.5155062530868192,0.06804220935387663,0.055623998520107416,3.898531424722703,3.187020354844092,0.017633840847854618,0.011929970997528482
7,230,0.6551942747611217,0.5743605588546007,0.039834514803524214,0.028824693840669588,2.282349577193337,1.6515333028271069,0.00727072540228718,0.003103265675079091
7,231,0.894749610525192,0.8346664815966313,0.12132125979091414,0.10612484986292758,6.951196151229596,6.080505998605264,0.044091810636842185,0.031502575348219236
7,232,0.7819426084987693,0.7180538636236214,0.05695383647285027,0.0755915963180994,3.263214456972575,4.331079435683749,0.011203584323558273,0.019941270540976504
7,233,0.7031580635388684,0.6281291413217543,0.0994225579127829,0.08568459703412216,5.696492956797467,4.9093657793343715,0.028366689329123868,0.019112954054669937
7,234,0.6755434383437569,0.5955850166980493,0.06357454468923318,0.056523357131303215,3.642553095158903,3.2385498075343584,0.014785448897244926,0.01165082373878213
7,235,0.6519898103953958,0.5695936405084273,0.30891017749033256,0.32609526270373995,17.69924941883322,18.68388227213414,0.152480655300985,0.18052043259907324
7,236,0.7162393764713445,0.6421774130875204,0.11441109258925929,0.09981854411945311,6.555272734845047,5.719181295185066,0.03894676609047636,0.02741447102051174
7,237,0.6736113486914685,0.5947834868736934,0.09272564078678773,0.07674707607833386,5.312787869729063,4.397283549257972,0.02657672627338723,0.017025254643536464
7,238,0.8270143733096622,0.7629918344601009,0.09932951644991762,0.08532446833437501,5.691162073655564,4.888731924757326,0.03219732962400093,0.022332248198268297
7,239,0.7596265345070912,0.6867158295968036,0.29820041826997257,0.3150189538160874,17.085625415905273,18.049256520288406,0.13811730731564584,0.16464130941226202
7,240,0.9205751944462899,0.8627413738338459,0.1282079033880101,0.1137487225719998,7.345771764353987,6.517321728380071,0.05150697367272617,0.03844981129458581
7,241,0.9704997895614474,0.917668032176967,0.11112365241228367,0.10043669406562813,6.366916287302604,5.754598678207134,0.033955245506281,0.026608653267405753
7,242,0.8407082959429731,0.7777416345238315,0.0728095263875935,0.05585530331622342,4.171678570355506,3.200273143442673,0.018474235871483294,0.01025653569376489
7,243,0.8254815695579163,0.7605112179164059,0.1361323079237629,0.12114620353765652,7.7998066994069495,6.941166166740562,0.06396124687756934,0.048598365638568106
7,244,0.7447266224124154,0.6734286723231946,0.11570854825333908,0.10123044131171288,6.629611468502163,5.800077045407922,0.03808514678601242,0.026521228316155387
7,245,0.6863712548700068,0.6091129317178843,0.10244531458915944,0.0874792722380311,5.869684156848835,5.012193094115134,0.03277797070051661,0.022323075039012957
7,246,1.0207244905517254,0.967205819923121,0.15839321235102577,0.14505655600993386,9.0752625712332,8.311128450072246,0.07364100418048261,0.05845720246401641
7,247,0.6302653249302974,0.5473021089098883,0.08941552630207965,0.10294918217274704,5.123132280050169,5.8985536428218595,0.013170611156399087,0.020283153035050794
7,248,0.7783162443976057,0.710263914723092,0.09055906387896645,0.07461292712311213,5.1886521569204,4.275005821271512,0.029271360012507415,0.019055936716009275
7,249,0.865784711430685,0.8071490746681641,0.04409844754098239,0.032421612257348034,2.526654927177354,1.8576215473556603,0.007461724305444291,0.004154232422092683
7,250,0.7660303445144154,0.6963429803826308,0.13217190597191,0.11670129938930139,7.572892382390404,6.6864919186996215,0.06076136003742008,0.04535351493347321
7,251,0.8786108446428709,0.8214996530842367,0.06923664494189531,0.08667318957990347,3.9669675428164,4.966007959865734,0.010418094444262144,0.018763708564187423
7,252,0.7360043450425063,0.6655434149690297,0.12724972954029432,0.14216982049618426,7.290872446840061,8.145730688563866,0.025781749813720334,0.036750152190998184
7,253,0.7177191207247586,0.6436666133290194,0.0741366688080473,0.0587183566389508,4.247718229860285,3.3643140153558586,0.016152654656027478,0.009275337542292643
7,254,0.6817374041183476,0.603891028100409,0.10537948495952523,0.08873040154725031,6.037799735443133,5.083877523158512,0.04102008571698037,0.028035006006577094
7,255,0.8490965957827104,0.7895868368266916,0.10846191730081388,0.12694201358103885,6.214410099233601,7.273241621085903,0.02591829138253133,0.03927238971828834
7,256,0.6983019138411001,0.624133397272494,0.05103388212983585,0.062039579770336216,2.924026058207707,3.5546060836054663,0.004444058092003683,0.007616201156360147
7,257,0.7143462095891994,0.6413357829664443,0.04977706825574759,0.03812292696669437,2.852015927588963,2.184282817877061,0.005363382639486158,0.0026707735232838307
7,258,0.8023068754420616,0.7369152963841351,0.192849044909366,0.210704571711738,11.049436356435544,12.072482683194183,0.06915738443095797,0.08931693299261793
7,259,0.7754839653020044,0.709876611287404,0.12051742295899978,0.13864953962711446,6.905139693343737,7.94403345206552,0.032059744699133114,0.04631624045260192
7,260,0.7703299311525593,0.7028207330487571,0.03973359058584777,0.033341699574463146,2.2765670454698173,1.9103386674098712,0.004562182470012789,0.0017300976716535096
7,261,0.6891090133115612,0.6126959804093384,0.03724590154762179,0.02632463183193837,2.1340329628385097,1.5082903012058093,0.005998092903931695,0.0025363172169378286
7,262,0.7714389972003532,0.7026922248986054,0.09104351293868133,0.07470480794392027,5.216409043431144,4.280270204522017,0.029444013186396986,0.01895433524306446
7,263,0.7933783097750051,0.7266015713958273,0.0731095466276056,0.056567573315436034,4.188868463876702,3.241083208271342,0.01723152309152634,0.009799872835711834
7,264,0.6134062233702192,0.5271934724727527,0.0737992637239496,0.08662200693192072,4.228386342555231,4.963075410152018,0.014075496508173913,0.020538572614932082
7,265,0.8493849764330365,0.7863969939303799,0.1624478589351251,0.1487670301036245,9.307576707919226,8.52372295563335,0.09670079133315017,0.07887609655147147
7,266,0.7815849990923263,0.7134480163675515,0.15401751604937916,0.1395908124182165,8.824553640717847,7.9979644103661665,0.08377050412984158,0.06654997886884287
7,267,0.7554061148353363,0.684626155405742,0.12044311371194696,0.10374371719270596,6.9008820871088155,5.944077146140849,0.05424975784226105,0.03919848366942992
7,268,0.6811246896415192,0.6039024718846067,0.028667407082259524,0.014032855120446497,1.6425214353969164,0.8040233729201308,0.002908297916802376,0.00048004006330472576
7,269,0.6616718503215002,0.5814927806703185,0.03084910247377057,0.022171433068482654,1.767523373513641,1.2703295405808444,0.0032298481018073017,0.0010910159267331883
7,270,0.7391675295413569,0.669422987181726,0.04162006001376372,0.05048548998230917,2.38465378186986,2.8926055026363127,0.0027614898154815527,0.004657533972239884
7,271,0.6493815351670518,0.5668718063769288,0.05699667592706209,0.045349141718941575,3.2656689768955567,2.5983144250359995,0.012662608215744258,0.008278037586873887
7,272,0.8493682176417539,0.7869821480917737,0.09314297683051932,0.07824272149120932,5.33669946367357,4.482977719063837,0.03699419228200084,0.02633230145683108
7,273,0.7928064398422853,0.7255079952894588,0.12885865785471798,0.11325056359950851,7.383057248795635,6.488779321729746,0.054090685349973,0.03948568008767306
7,274,0.6804380824075645,0.6024221348586596,0.1443691168930865,0.12976623518518204,8.271741090004694,7.435057599412976,0.06477256038633895,0.04920477736304836
7,275,0.7687816019128841,0.7009732655370146,0.10735811934554533,0.0975286143881115,6.151167134961543,5.587977986197664,0.024878728119634652,0.019409238325744232
7,276,0.7408249383315268,0.6683282420083971,0.1015722412843849,0.08491990554819831,5.819660741279715,4.865552184561347,0.03562619253420137,0.024379191957148216
7,277,0.9671117366533568,0.9122811270614701,0.08587150199746556,0.07002656660632535,4.920074644903995,4.012226720334191,0.023565262751227466,0.014435522922769964
7,278,0.7500849528858636,0.680075862418695,0.043224302381604296,0.050936178368786264,2.4765700988631987,2.918428045057011,0.005167013410572022,0.007616896165230352
7,279,0.7300914406801811,0.6606782238960072,0.06901796211116065,0.08763122121280836,3.9544379395633307,5.020899129071211,0.01218724969321578,0.021597177643115723
7,280,0.6328273122881533,0.5485727386632816,0.07098945964327355,0.05446054938399059,4.067396427473857,3.1203596296664564,0.01726424558033915,0.010009589234434225
7,281,0.805639538968657,0.7403191813331798,0.07435832111325975,0.058817896071652234,4.260417971468305,3.3700172047447774,0.020987896784593667,0.012840494809478846
7,282,0.8596591632285446,0.7973997432136706,0.1539361288635984,0.14081831626970107,8.819890498466162,8.068295200392285,0.08283724865709982,0.06742233437711834
7,283,0.6735518548754188,0.5949559631356421,0.07414673371560522,0.05770632816243481,4.248294906584544,3.3063290549044377,0.01819367361711561,0.009993784232525171
7,284,0.7024466692522291,0.6286008600013054,0.05963321172634098,0.07153290151463379,3.416731350729388,4.09853335311349,0.0046153086319579255,0.008765984991941665
7,285,1.0679811545407265,1.0171739383091862,0.12361859616046303,0.10753428770219897,7.082823829326655,6.161260838281552,0.04990563155150529,0.035691906321880774
7,286,0.6668465963860826,0.5873022369444536,0.11126417298334476,0.0959790550576459,6.374967522959173,5.499194776456868,0.0431304445983968,0.030859976422532208
7,287,0.9668174149060843,0.9101801824894811,0.15716165024149004,0.14403255448041374,9.004699260148575,8.252457484215803,0.07482352156887019,0.05981616436333022
7,288,0.7424066784484993,0.671823814892876,0.05761186039143212,0.04362243488110083,3.300916450325975,2.499381410771345,0.012940336217279295,0.007318449746029351
7,289,0.6842540709026432,0.6082299689488301,0.07995378940015029,0.09086197504317492,4.581014688706429,5.206007688196939,0.00986551394250064,0.013958170489381173
7,290,0.7216178025939416,0.6479002250425386,0.06791370143408985,0.07169203535046646,3.891168463284915,4.10765105028443,0.011559227015405321,0.012298929623476423
7,291,0.8583594028943268,0.7958300181471132,0.07565410682153215,0.05829676274741738,4.334661023705683,3.3401584647024976,0.01952106007820159,0.01085549412830944
7,292,0.8318683320989824,0.7707514730962206,0.06604975931948001,0.05911487442639937,3.784372446861081,3.387032811078527,0.022947978097097286,0.017846816049372632
7,293,0.8427811520827925,0.7795282010943123,0.08587078089663655,0.06841491610989167,4.92003332886989,3.919885948838377,0.025437059729084055,0.015279417511551603
7,294,1.0885474645422053,1.0379613404737542,0.15136758852856488,0.13679070036551857,8.672723977759622,7.837529807582862,0.07747582762804366,0.06078104136031977
7,295,0.8210121764515493,0.7561986217624297,0.09907949438664687,0.08296157096093854,5.676836864644997,4.753347877836868,0.03142566071553193,0.020294281063138263
7,296,0.9352370242988884,0.877084691062698,0.09870961637467662,0.08111951887644557,5.655644415624412,4.647806067752144,0.03776736292232619,0.024915912182318048
7,297,0.9154834190048817,0.8586837321512223,0.07518852295798281,0.06126485155041478,4.307985033314911,3.5102174263342847,0.02036866682217435,0.01288318715748056
7,298,0.8036509749235178,0.7406362549749388,0.05542968062885252,0.04687474624001302,3.1758867597913043,2.6857251252994705,0.007804189669257305,0.005549447776050473
7,299,0.7000279594221259,0.6218020107856319,0.3119312567212219,0.3280984329052725,17.872344508337807,18.798655470328328,0.15195335536979127,0.1781233371082325
7,300,0.7330687112357903,0.6616664525047949,0.02817235696882161,0.02304985881416792,1.6141571532494512,1.3206596284242422,0.0026488561269816828,0.0017651605317060555
7,301,0.661938062175995,0.5834418325178699,0.17326338405512276,0.19020835507305436,9.927260650512817,10.898135973811796,0.05635775833413653,0.07361688057584882
7,302,0.7349366940067626,0.6628718647623786,0.05524872149940549,0.06225423070120713,3.165518565409628,3.566904676012924,0.00491316464550616,0.006811183408698265
7,303,0.8246436640218121,0.7613174238064938,0.06118104271496278,0.04443962313165787,3.5054155337769792,2.5462028485959425,0.016584498546718767,0.00897622810976558
7,304,0.7402283236330341,0.6707778745134562,0.0724300953294312,0.0866513108356553,4.149938772106624,4.964754400159268,0.011608637814131788,0.018264858536013798
7,305,0.6590339479874088,0.5775773319240974,0.28350719809095853,0.30101607962269133,16.243765912191314,17.246950927954156,0.13296837087871421,0.15983432736990735
7,306,0.8746941745658355,0.8156469483122838,0.06773419604123815,0.053423248145807685,3.8808835618746746,3.060926646634881,0.012397979999704642,0.006675111192787988
7,307,0.7983288442674942,0.7337832363493674,0.026157382810299064,0.025774722227713275,1.4987076381381848,1.4767828017700018,0.0026028593274987433,0.0021565790612035705
7,308,0.7323458005173465,0.6598965784164765,0.06759837314870307,0.05066550431046707,3.8731014833711552,2.9029195638916434,0.01568540118896347,0.008055643031247506
7,309,0.9141685544633674,0.8561330963301392,0.06535399216080034,0.04796887343428879,3.744507925144927,2.7484139957819624,0.01651389459187117,0.008603902083965154
7,310,0.8065227797105202,0.7427664932516419,0.030412734415170888,0.017859234636457073,1.742521325441562,1.0232587700028473,0.0025435293495205784,0.0005567908080369175
7,311,0.6411517700756735,0.5577762034648349,0.05778396211852373,0.042385037013427246,3.3107771529352368,2.4284837353751607,0.010171561266594131,0.004578120624460995
7,312,0.7117687010734314,0.6371651671911716,0.1330031816654443,0.11831253613679045,7.620520971241731,6.778808984127131,0.059496653059745636,0.04514004642040781
7,313,0.8670202711547925,0.8092139198908653,0.03800508242615597,0.04197751108652611,2.177530823065552,2.405134219721569,0.0027633317790522367,0.004666267879629037
7,314,0.8298776002539456,0.7649117023839961,0.18336208808732687,0.16902266322483012,10.50587377010986,9.684285244843835,0.13086404122102374,0.1087611169056928
7,315,0.9411907207691989,0.8868084607192969,0.07276664584094067,0.06349047326873028,4.169221696009085,3.637736157586417,0.012077954576214717,0.009038663756782257
7,316,0.8369019331805782,0.7770048605866541,0.06046419639664434,0.07917240955945212,3.464343265177841,4.53624492163782,0.008927058124779372,0.017334052250806933
7,317,0.6876712083057669,0.6105284463696764,0.13591472559521237,0.1199218467429923,7.787340150284375,6.871015689788137,0.07153744675510595,0.05452737440447598
7,318,0.8813845658278288,0.8204755209513561,0.12032098556234261,0.1044914203019694,6.893884659576743,5.986917378630452,0.046949845307440924,0.03323513464866494
7,319,0.9245167936547974,0.8515339838487809,0.5327306773499543,0.5500381552902979,30.523219429297978,31.51486486929544,0.38879321401171,0.43297472703999884
7,320,0.6736664933513182,0.5940217890191777,0.23006340364309275,0.24549052430286517,13.181662049163902,14.06557095300794,0.07996734286767697,0.09903931628246535
7,321,0.5924663761066014,0.5023630999592226,0.05440566150766094,0.04231957359071114,3.1172147860063313,2.424732957541047,0.011385685995201698,0.005501466902016054
7,322,0.700450178645396,0.6248389288231866,0.10143495462410139,0.08449987190497714,5.811794795062023,4.84148602955127,0.041089465896489465,0.028120263280900698
7,323,0.7460889492984348,0.6713702020094304,0.3201216169840294,0.3369280493987349,18.34161758408834,19.304555230122823,0.157770269182449,0.18567050405630087
7,324,0.8063828417385014,0.7342830688626112,0.3579764518507394,0.37525023251885264,20.510539856115496,21.500254584633055,0.19486438184389637,0.22684376224034147
7,325,0.6767981392559121,0.6004988442684344,0.11422705646867291,0.13018353516949535,6.544728241857487,7.458967127305004,0.02395524542955401,0.03512264958226044
7,326,0.8065539547912507,0.7342887776257748,0.3662191365700504,0.38350501305645657,20.98281090238899,21.973218670244492,0.20269651172165462,0.23517437887682713
7,327,0.7894301976986325,0.7246099871507626,0.02062671574901074,0.019526265434472615,1.181823757634342,1.1187725990474635,0.001238107954015591,0.0009432102350217107
7,328,0.6287958482008165,0.5443926297466894,0.02899255193554639,0.014521678336095687,1.661150863220654,0.8320308801048427,0.0030582562249272423,0.00045396871844941705
7,329,0.7451773028870616,0.6735930049751999,0.0693747885241331,0.05057432814193295,3.9748825870454443,2.897695554242465,0.019996815759064368,0.01081850000462602
7,330,0.6732371800939833,0.5967192394652304,0.07365499428510805,0.08902137357782267,4.220120312596889,5.10054899246666,0.01036394512000198,0.018161371829531016
7,331,0.7327035360017146,0.6605263164580579,0.10949912509162242,0.09354918134173258,6.273837728125018,5.359973267785265,0.0491647763873958,0.03556938325994625
7,332,0.6971997937342319,0.6228623731146695,0.03483966043659874,0.044294780344428415,1.9961655026860188,2.537903968194783,0.001943048558655111,0.0040032620170357205
7,333,0.8694116602017424,0.8092730143489861,0.04298774067412925,0.02446392320779035,2.4630161114304703,1.4016795501385335,0.007061144655813988,0.0022064309727534565
7,334,0.8976947327580348,0.8414163700704089,0.04098351978965001,0.05623066537002561,2.348182713537833,3.221779804914901,0.003563480101315738,0.008399654545912242
7,335,0.6895925459250544,0.61448331666934,0.16376449114773214,0.1823680208631352,9.383014176872583,10.44891791361139,0.05800360276045883,0.07708921743691244
7,336,0.7621380348024035,0.6925571863880329,0.09583270145596495,0.08097037454839404,5.4908093327640115,4.639260727216477,0.02546194215007542,0.016296058840581995
7,337,1.0946322385378358,1.044079800338376,0.1248598841880279,0.10971258769001216,7.15394439446624,6.286068234096646,0.05164311966352109,0.03788181321322626
7,338,0.7878063158358234,0.7208295494750472,0.06955450794617085,0.05285535250344493,3.9851797514247376,3.028388623123625,0.014561766305550353,0.0072305709874757075
7,339,0.8719198321469256,0.8140904489420611,0.03894952716565746,0.05353316466207211,2.23164352062232,3.0672243991156134,0.0033509936929435775,0.007789089351009509
7,340,0.7331792086756931,0.6616370841696638,0.10945284290132916,0.09557504685270421,6.2711859539545936,5.476046811425053,0.047547674594500246,0.03633196593593819
7,341,0.7057940607381763,0.6319678803704478,0.10727100288459405,0.09476754867051909,6.146175729422919,5.429780573621359,0.039956674395975125,0.030136848438329977
7,342,0.9072899951855709,0.8477648781718463,0.1054007345137043,0.0893307439829642,6.0390172452141275,5.118274610987522,0.04352439067371966,0.030642678443877233
7,343,0.7351559864465774,0.6645928107053869,0.0242901750124711,0.033156984481645266,1.3917245118487258,1.8997552721790394,0.0012302206540787917,0.0029634880172821516
7,344,0.7970418368121184,0.7201879585832446,0.4806759823517406,0.49783383461308345,27.54070510205958,28.52377762214352,0.3232876442031107,0.36336157613872117
7,345,0.661816956121055,0.5817669980637432,0.20866253424839082,0.22521414494608566,11.95548255493679,12.903819992058288,0.07240300525658756,0.09169044590780191
7,346,0.8118496008463798,0.7473864792849738,0.055446655618858774,0.04018534221668092,3.1768593550759396,2.302450507304709,0.013867190583560784,0.0072836579312401985
7,347,0.8085387745189773,0.7429090592109796,0.1234784233488083,0.10790385415275923,7.0747925188163565,6.182435436148285,0.05868575222332249,0.04399524149506438
7,348,0.8038882453336852,0.7406258857111816,0.0327950836767112,0.042637714221643,1.8790198834539298,2.442961072985072,0.0013525293106152348,0.0031453033231209834
7,349,0.7195431493374219,0.648906287611171,0.02245074194433326,0.03904591515628947,1.2863327603476276,2.2371661456812806,0.0020682748504391134,0.005499338354743807
7,350,0.7987973182326961,0.7345475709112769,0.023821868933121503,0.026443057580134363,1.3648925499816753,1.5150755967631186,0.0008662435986102274,0.0015574185579517131
7,351,0.7818928743178643,0.7146500568556459,0.03424255311512042,0.022732075420138616,1.96195377324895,1.3024519811470203,0.004097440378255041,0.0016218124913153329
7,352,0.6584155842784142,0.5777386122244008,0.1452432227471173,0.1300450608926989,8.321823666288335,7.451033135673441,0.0798841076791664,0.06232122550565603
7,353,0.7182652889301329,0.6441519426815685,0.053724623400191164,0.036942863377458134,3.078194176760736,2.116670154656765,0.009530761659065561,0.004078549892708307
7,354,0.6773257520484205,0.5984666933725064,0.0506581362499573,0.0471896747435598,2.9024974051212364,2.703769199401072,0.008884055840038128,0.007573308981666371
7,355,0.6653527686020467,0.586504045371292,0.19414340829443003,0.21149338589852967,11.123597915555981,12.11767840691739,0.06718600423971806,0.08674451826088271
7,356,0.7916695561304656,0.724332312919663,0.22307470351289682,0.2406024786775097,12.781239027421147,13.785506568607687,0.08878957959636782,0.11099173125341495
7,357,0.8545464313486759,0.7784595064335259,0.5259689942365801,0.5430885433539089,30.135803524496758,31.116681436086612,0.3782968197225717,0.4213526145564339
7,358,0.8806244449193085,0.8137257219605166,0.3551963014080473,0.3719090880039119,20.35124896933781,21.308821105183668,0.18857272825907462,0.21867951324573945
7,359,0.6650751026582079,0.5864111060423929,0.12762171329085098,0.14257937135374596,7.312185545794406,8.169196224198114,0.02673370368807443,0.03841314267431893
7,360,0.8125283729194593,0.7467853869325172,0.1050497038915228,0.08938184857059779,6.018904672083276,5.1212026881726835,0.03649407810610523,0.02475454830056617
7,361,1.0731935861735427,1.025937897725415,0.057921511115349475,0.05011491591583138,3.3186581299296103,2.871373172630135,0.005844019935916076,0.003964690300540179
7,362,0.7120757077719746,0.6382229894174232,0.059243909185581145,0.06540955473714025,3.39442595819013,3.747691426268077,0.006444468547846112,0.007617550060956015
7,363,0.8063253411520529,0.7410257595843073,0.050067388270348845,0.03617921566846705,2.8686500391337915,2.0729163638967414,0.00896198194950992,0.004050767878055238
7,364,0.7573567070592813,0.6879187507577185,0.0717157228978682,0.057429459552715445,4.109008246777566,3.2904656520878635,0.01266870377994124,0.00668401690060836
7,365,0.6559128806874696,0.5749400146306923,0.088113730695654,0.07238482580310354,5.048544886013305,4.147345019307493,0.024471215993480386,0.015459539793296576
7,366,0.6872185453721501,0.6131974233275288,0.0750547558745299,0.0943596295711559,4.300320743995285,5.406408530845071,0.014814197426717864,0.02553022801399222
7,367,0.7801381760244526,0.7123310776782555,0.12868501907262797,0.11471598846175052,7.373108479422085,6.572741981529753,0.06065572492974943,0.0472702274659583
7,368,0.6781492302280496,0.5996237905716129,0.11556537947561706,0.09882253161424558,6.621408501780644,5.6621139822944215,0.04454975970710636,0.030964300021122534
7,369,0.8933142628680073,0.8329806181383689,0.1796403224612835,0.1661432197493217,10.292632307400709,9.51930528635072,0.12448654212787888,0.10422904554128744
7,370,0.6066328624394954,0.5186324238543658,0.06755660232182645,0.05035852614810462,3.8707081912843533,2.885331010785593,0.01598829299268307,0.008439385540610033
7,371,0.6551433995129038,0.5739185029307642,0.056952493232165405,0.039031503340223137,3.2631374949504623,2.2363404094455612,0.011349769056547838,0.004814516068213221
7,372,0.8741747006805768,0.8159173100553558,0.04586937914073072,0.03322970283146792,2.628121833649285,1.9039217267170334,0.006872600493599047,0.0035044723140654262
7,373,0.8880912247624003,0.8144593794352029,0.5084884282517574,0.5253009627269887,29.134240870066474,30.09752813841542,0.3539183431621593,0.39482143204949394
7,374,0.6847566693412838,0.6086388327133104,0.019328711949287796,0.01833735454502429,1.1074536181182733,1.0506530228649298,0.001549265525726237,0.0016381862460510752
7,375,0.663337685650155,0.5853215412064486,0.10434963336860521,0.11914703117894992,5.978793585758582,6.82662202806746,0.022189623509422315,0.03171090678614816
7,376,0.9644689599924328,0.9117041671983852,0.12529565823012434,0.14308032659871864,7.178912407899722,8.19789884545999,0.031957426588318294,0.04616401060903118
7,377,0.6072757046590176,0.5194581948179393,0.04791508660369994,0.029100035512733963,2.745332237395836,1.6673092185604705,0.009547312703167284,0.003542221049429738
7,378,0.7236986333190325,0.6506259320334664,0.2210692932299421,0.2378934192646871,12.666337482015704,13.630288897802762,0.0817007078075486,0.10241467088884701
7,379,0.8253001413659036,0.7588678968293188,0.2405655905508888,0.25712241657540647,13.783393034638165,14.732029287975392,0.09284610906191106,0.11470049858801051
7,380,0.7098909465514281,0.637732421130089,0.1584563489972386,0.1728162405045658,9.078880034593805,9.901641212229409,0.06765414042688743,0.08233092256137653
7,381,0.7810346233878405,0.712077440485647,0.23852095909645046,0.2552028674387597,13.666244281639154,14.622047223877551,0.0954412327209083,0.11720238625623022
7,382,0.7617971993612764,0.695148106575464,0.048108039343017384,0.06339031101956133,2.756387615004214,3.6319972834424985,0.005370240476494214,0.010693277334443016
7,383,1.360025980579274,1.3225143761028768,0.11399872993771712,0.10338746126210868,6.531646095282857,5.923665184891119,0.03301088779851654,0.026161207459539072
7,384,1.0345799241288407,0.9837446890354046,0.12529983175856269,0.11609654457373272,7.179151533464918,6.651842020127324,0.0305821493400081,0.024632924456390468
7,385,0.8502461527309194,0.7838800968945834,0.30132029361113216,0.3180175145425576,17.264381105560656,18.22106139452883,0.1412783318446768,0.16757175075895397
7,386,0.8901211976374759,0.8323596853650704,0.1193590134097082,0.1331908663619342,6.838767715221677,7.631274512229795,0.02445307025176604,0.03425168172428898
7,387,0.6654497767706029,0.5854224071973264,0.24398421332784814,0.2597984406604473,13.979265691505228,14.885354173923592,0.09412389801506126,0.11470110058050648
7,388,0.766130251295778,0.6971564178352231,0.23042637460765494,0.246810052874985,13.202458753519108,14.14117437113733,0.09136882752227976,0.11213393474912273
7,389,0.7514253428253833,0.6824618300730478,0.038257635768886473,0.029608104306632643,2.192001063705931,1.6964194161531672,0.0033842320181172933,0.0021386363670526133
7,390,0.8875537880754591,0.8251511364130564,0.26414514778942194,0.2817302334146951,15.134402147193263,16.14195333589759,0.11726314365079799,0.14277316583431982
7,391,1.0247914663016704,0.970934546517259,0.2065843042154017,0.22208204456488295,11.836408745189178,12.724363859204056,0.06576748591197383,0.08339828742107852
7,392,0.8856752293606371,0.8121308746136678,0.510736808751084,0.5276445349123268,29.263063583417402,30.231804933619543,0.3583548037046569,0.3994824905943466
7,393,0.7646662456505245,0.6910646120638619,0.31898734453850497,0.3350640054930755,18.276628560141805,19.19775338150146,0.1492419795754225,0.1757099020772656
7,394,0.8411878241191681,0.7801922926078834,0.03254624255708994,0.03318522054214472,1.8647623375303217,1.9013730792757342,0.0020729999102085694,0.0015656203662882014
7,395,0.8190727603131427,0.7554418062787651,0.031102678926713333,0.017797309734259015,1.782052234051159,1.0197107344601384,0.0028684234555627665,0.0005450158907935854
7,396,0.9391609668675126,0.8858176967776044,0.09083698571838365,0.10905321402159276,5.204575905353518,6.248288905774157,0.018987165676637767,0.030477076030809687
7,397,0.9269812073420735,0.8709147771490291,0.10520047937167588,0.12231159478951535,6.027543470750107,7.00793816695354,0.022555669992724584,0.03479623991099114
7,398,0.6946254961067049,0.618323431754945,0.147892790764166,0.13362642610679923,8.473632731198073,7.656230247336356,0.07842213250889868,0.06202708950325212
7,399,0.8005094943841876,0.7332321496000882,0.2189198420539339,0.23533335172877384,12.543183001361003,13.483607832726477,0.07874553271856573,0.09851811041252663
10,0,0.8898489722345566,0.7766165379773666,0.01999845053825184,0.021231163912511383,1.1458268126429598,1.2164560863373624,0.0014603187093044957,0.0018400942952839245
10,1,0.734102501583343,0.5915136365274923,0.059977023585538476,0.0554900159325746,3.436430319207951,3.1793437180502195,0.009264806717128676,0.007760329715110343
10,2,0.8079845516436137,0.6811484729442789,0.022339166199580117,0.034466005948483,1.2799399410772436,1.9747566775208658,0.0014975712045459354,0.0034768641990761476
10,3,0.9277800655280015,0.816557195228237,0.07055179847145585,0.058073455236701,4.042320289471952,3.3273638868048767,0.00904131168593781,0.004787618114961444
10,4,0.8102180534149283,0.6842169827504181,0.01927696712157328,0.0398742459477143,1.1044888578785999,2.2846260040706547,0.0024028528548617244,0.008354537366528417
10,5,0.7555162208048717,0.6186305948379728,0.052025489637359056,0.07105048718097974,2.9808409833222735,4.0708930478184975,0.009039863797235214,0.019014121441968165
10,6,0.7978238853678772,0.6587041198777396,0.14748864976623344,0.126375402649478,8.450477157688331,7.240777206081491,0.0586291259466931,0.038961292392714036
10,7,1.0514517899413003,0.9558432941099432,0.03557033546420193,0.048472065555314935,2.0380300979632864,2.7772447806009968,0.003521567111222614,0.008088786653952962
10,8,0.9397494645788396,0.8350883964708866,0.02936857801091089,0.050865372741212674,1.682695570325908,2.914371181431269,0.003645342082172442,0.01095637107399594
10,9,0.8316674043305303,0.7095961773855257,0.01731668746765065,0.02795737155964936,0.9921731070434676,1.6018393966469882,0.0007901325924061049,0.0029529108342675834
10,10,0.8634199295087697,0.7463414284208817,0.02608977495136501,0.04465456182177993,1.4948339931593477,2.5585179283940067,0.002627244680328291,0.008880034209318346
10,11,0.8219261392862622,0.6973963617095204,0.021992196022524963,0.03752352213089613,1.2600600143150764,2.1499394505660896,0.0013676444009853416,0.005095024342760275
10,12,0.8085662739432602,0.6787018693320263,0.09249519653379758,0.07860953076524928,5.299584386619682,4.503994342352584,0.01678298369179372,0.009850664199817775
10,13,0.77147604988378,0.6265581145600916,0.11798024313802824,0.09671625660927728,6.75976999773631,5.541433314015842,0.05054312705413031,0.03316115877019327
10,14,0.8090939019723535,0.6810917927754315,0.05207326761383548,0.04548377226949625,2.983578459728048,2.606028187376305,0.005145385086068002,0.004149540794481273
10,15,0.8040055113388552,0.6747838686926092,0.053430851068514765,0.03800645108326035,3.061362262017961,2.1776092413412336,0.00970332939944352,0.004336191398427265
10,16,0.6996051725128695,0.5473765664706335,0.12485001013829851,0.13919637396396706,7.153378653090044,7.97536475166001,0.04268439712409515,0.05859956187722068
10,17,0.845645298044497,0.7255976653125152,0.015784467844721144,0.027953742835486496,0.9043833893624804,1.601631486067439,0.0005244535308713506,0.0036014764460051436
10,18,0.9472134528199687,0.8428466409413254,0.05815504668312458,0.07830170340688451,3.3320387323293152,4.486357133899622,0.013437394186629193,0.02543341534976533
10,19,0.7161149921579785,0.5689609773824275,0.03863143791344273,0.05637866488397316,2.2134183489619437,3.230259552434083,0.004019729062563961,0.010261732921918995
10,20,0.9421851091961176,0.8354316316031027,0.04636122630502288,0.039898399216469135,2.6563026003287034,2.2860098844317522,0.0037959731569054377,0.0029579723105292288
10,21,0.8442779174377711,0.7250385084861508,0.028727596519402616,0.04813932517128543,1.6459700361164835,2.7581801609225436,0.0029328277602941114,0.009283495290660745
10,22,0.8189751187293403,0.6948965040309982,0.04532064186325347,0.0626856411829378,2.5966815035883393,3.5916226758537975,0.0076813987456127025,0.014931383595824174
10,23,1.0076051135292827,0.9100599083087941,0.03998839112999403,0.05713587294896268,2.2911660412670347,3.2736443787712504,0.003439396370155539,0.009211839686220243
10,24,0.8054395138196596,0.6763757470964942,0.052803783989890114,0.045730409298184914,3.0254339649411706,2.6201594481918127,0.00592711887629517,0.004221145028704888
10,25,0.9014088469149644,0.7861840809685064,0.08078221715678663,0.0901138200363322,4.628480102793183,5.163141563883269,0.014883190749382522,0.02043532616862919
10,26,0.9124156048361928,0.8027438251202627,0.017692175604091302,0.03257684842499819,1.0136869925187493,1.8665159245897993,0.0004602419195398411,0.003114737943839676
10,27,0.829672117177314,0.7074113927364586,0.009342708191545594,0.02367659120584982,0.5352977485978644,1.3565687493517553,0.00042453243872338817,0.002248319366790645
10,28,0.7352798411427746,0.5845564724780117,0.1649629139370533,0.14582727690381175,9.451678744772982,8.355287504474001,0.06238123099746744,0.043188583273436734
10,29,0.8727855381107279,0.7570533145777739,0.03242365256220595,0.03148571403282019,1.857738448212939,1.8039985290364275,0.003036648748919027,0.003132748553181514
10,30,0.6823859592107838,0.5260698713031923,0.04256773865160418,0.06275124130799427,2.438951768152825,3.5953812861550634,0.007630232691985449,0.016363366770340323
10,31,1.0312206471666259,0.9314247439581855,0.03678274477037151,0.018552385366347342,2.1074960342491877,1.0629733813919724,0.004637100501637962,0.0008515748877561255
10,32,1.0281295150550875,0.9303561901781928,0.02589758595619334,0.03632041718841422,1.4838223748671509,2.081006615050547,0.002996334240291342,0.005920356369490808
10,33,1.005350817861594,0.9070457357288744,0.05343998742690573,0.06963902611465132,3.061885736793882,3.990022285770844,0.010507712979422844,0.0188209071505002
10,34,1.256957135117007,1.1800243030687891,0.07269341167766087,0.09028729515422858,4.165025687536981,5.173080955989267,0.01782685068252334,0.03013014547449095
10,35,0.8868165685920849,0.7734057099109806,0.11092265074626105,0.12621433966327517,6.355399740164409,7.231548976736295,0.04182562593432369,0.05797102195723135
10,36,1.3510610824945817,1.2792108769371946,0.029914191318130532,0.027178718038900603,1.7139569100757683,1.5572258362050821,0.0025013779036111225,0.0021701253407494826
10,37,0.8501296760762296,0.730661039459826,0.04757514919205878,0.04114374173475142,2.7258552584101965,2.35736275477752,0.006479943371225372,0.004505258348481464
10,38,0.9192372149076594,0.8105755943712438,0.05615867516659861,0.0729680471089288,3.2176550700922455,4.180761138653389,0.009813135377731808,0.019028866963797575
10,39,0.9518124687387688,0.8364616548738789,0.13447519562461244,0.11502462310144247,7.704861158486407,6.5904254437956435,0.043475604025872194,0.027714908075467705
10,40,0.8952556850164932,0.7831569937804771,0.06164787398719241,0.07946324317560065,3.5321629954204594,4.552908460383659,0.014518547734645754,0.02557155594724788
10,41,0.8056944459476223,0.6786436246908246,0.03180702239032146,0.030982668563240726,1.822408141843531,1.7751761467263478,0.0020214838026129996,0.002520938688299732
10,42,0.7932667750663716,0.6622571937758882,0.0700078986532517,0.08226336542691834,4.011157125410922,4.713343647504832,0.009422500215016921,0.016038757658489465
10,43,0.7913997619788565,0.6619091096892827,0.09245274879234068,0.10805029978854451,5.297152310184339,6.190826153006892,0.028767060720041884,0.042195264521097176
10,44,0.9222448144203327,0.8102729562970487,0.12367855506492292,0.13691064739044922,7.086259221496435,7.844402265876538,0.05713302361278039,0.0730486824524646
10,45,0.7037860303791246,0.5524154198666371,0.01604348062198839,0.012873422467459268,0.9192237283398557,0.7375927752743064,0.0010376183354338262,0.0007012860171068174
10,46,1.0396167704475183,0.9446779859988683,0.023705225558225226,0.03234731610265599,1.3582093768919563,1.8533646912577548,0.0018610498782185465,0.003733467326010941
10,47,0.8607162214582705,0.7430408801743846,0.08159666018119294,0.09809129091783816,4.675144250745534,5.62021697658207,0.023056440725435487,0.0362755189275928
10,48,0.967916017827599,0.8658271548272075,0.05535436740251465,0.07229236826924411,3.171571629780631,4.142047592833159,0.008385345633834702,0.017341329201098994
10,49,0.8957975583361394,0.7845914999495581,0.04925083119602033,0.06780005194696707,2.8218647650432174,3.8846568273289535,0.0076455409285274695,0.016389253059040855
10,50,0.8468358987024753,0.7259973749329436,0.03315174530514542,0.026483080891046052,1.899455089477474,1.5173687635604984,0.002259747866642847,0.0014233944103132752
10,51,0.8519968223000276,0.7337902219549025,0.02114522010133002,0.039804747019704524,1.2115318686814012,2.280644008815011,0.002122910871931412,0.007980024951307093
10,52,0.9134261747588102,0.7976484521975238,0.047584677047574825,0.0443873382781726,2.726401164319076,2.5432071471587765,0.00835887618405193,0.00728935193542375
10,53,0.9396344563769891,0.8346329401479834,0.050392250841886824,0.06880018436361654,2.8872632934046845,3.9419601937571875,0.007610827542776814,0.01651173258783898
10,54,0.7932883538622857,0.6625634095176715,0.04512554896842629,0.04338462480503046,2.5855035041017524,2.4857558970868276,0.0030008350508093293,0.0039796386599989745
10,55,1.0374525952829106,0.9427704763926855,0.0200305377993957,0.03938979979528033,1.1476652772826372,2.256869284134837,0.0013211210799751617,0.005910349967932542
10,56,0.9685628304496514,0.8646958805638146,0.011274579368396305,0.018381196354746894,0.6459858135943817,1.0531649735282507,0.0006501972273287217,0.0012217939934559986
10,57,1.0916442567408038,1.0008727259905994,0.055750797397777184,0.05163842928916573,3.194285395381565,2.958664058953932,0.005136194022691588,0.004991249545765384
10,58,0.8518410618944331,0.7330009959252349,0.04571853453346435,0.044080425707051084,2.6194790742906133,2.525622352154005,0.006320888695649772,0.005971084102252711
10,59,0.9981044447472837,0.8908182040097913,0.11332918335130954,0.09816559479613433,6.493283901694311,5.624474275209894,0.02451339884516806,0.014697305219033528
10,60,0.9468603206302986,0.8366655084831983,0.07779803550579051,0.06148543621141236,4.457499088890723,3.52285599643477,0.014036537498078365,0.006702600086002444
10,61,0.7039608583280885,0.5536623269907865,0.06210104062485131,0.07857106606175596,3.5581275311744487,4.501790477182195,0.009088644106725434,0.018367927194038167
10,62,0.9673579744061034,0.8649694656944965,0.029279374183534733,0.046064539790218594,1.6775845675008407,2.639303715191972,0.002022944112670337,0.007032968236428589
10,63,1.0233885655088464,0.9256294386850558,0.1337046735480518,0.14830162961672033,7.660713495477826,8.497057471950408,0.05294804334237997,0.07011975612433628
10,64,0.728872079330013,0.5847721472802168,0.08989477102872467,0.10616567895650156,5.150590980240829,6.082845333348397,0.024766325712768524,0.03840853655662926
10,65,0.8796492920781123,0.7654388362257097,0.022162905523762925,0.03502769676218943,1.269840948258795,2.006939190537513,0.001171758880432422,0.0051780611135587296
10,66,0.7234782884522796,0.5777619309219821,0.07869181827896445,0.06684844934235311,4.508709069595088,3.8301340143109166,0.016870715862154793,0.010941524359378063
10,67,0.7827708405282676,0.6511751087950794,0.02900693590935232,0.03342311443104606,1.6619750042123607,1.915003395081735,0.0019206217666355649,0.003791692695373889
10,68,0.8281416148345844,0.7049079589229084,0.06205492264716534,0.07794924999939454,3.5554851656933644,4.466163041175442,0.012564217076648357,0.02251356708463049
10,69,0.788168711779477,0.6554281690901118,0.025362966804479255,0.013763388539918611,1.4531909538270695,0.7885840751360608,0.0023131883070809916,0.00035509668933576865
10,70,0.7175790810302464,0.5708507509428585,0.08269959128486339,0.09698088902205045,4.738337548079557,5.556595634390108,0.01600350153885296,0.02544494120687913
10,71,1.0081355586095464,0.9105303982694839,0.04605898698715639,0.06263698916833374,2.6389855630120405,3.588835120752176,0.00483761590350951,0.01144239795755611
10,72,0.8680047753866649,0.7507113532016368,0.10645735896070276,0.12030078358791085,6.099557366557484,6.892727171703973,0.02555124316484573,0.0378896112363727
10,73,0.8396471380525826,0.7173370701484151,0.08136231823838762,0.0740392080851224,4.661717446459893,4.242134141768395,0.014771190024547402,0.011337653881139824
10,74,0.8591804179483715,0.7407648714341579,0.052458450968120574,0.0478839229116104,3.0056478402672764,2.7435466893650604,0.00476132492633562,0.0040907656697612964
10,75,0.8302899370021665,0.708032129636224,0.03872801163167115,0.04778185835855147,2.2189516154283178,2.7376988212368945,0.0046234722908026805,0.006962566660789787
10,76,0.834950557570592,0.7140708712494397,0.023555896710288078,0.042621024260447955,1.349653464145607,2.442004808648359,0.0011890427333760018,0.00596664456240802
10,77,0.7332837692195773,0.590383420907112,0.026055625703852992,0.028411864039427834,1.4928773854033615,1.6278798975587296,0.0016845702081498461,0.0027105295203561147
10,78,0.8587768724496931,0.7415302534291973,0.04496841289664097,0.06291258663183301,2.5765002703791886,3.6046256922551945,0.005713421341865706,0.013525776462486497
10,79,1.0071911955661803,0.9082211080322817,0.026079775355802196,0.043111036936859914,1.4942610585367606,2.4700804669146734,0.0016598636733785935,0.006489972435283372
10,80,0.836311012466999,0.7006371207773409,0.21954659991806338,0.2019801047534335,12.579093581752257,11.572607547981997,0.09303299937671852,0.07071350025586884
10,81,0.912635260874203,0.8018235980472,0.027285942409773833,0.043804153693543506,1.5633693401170636,2.5097931317824393,0.0018548019103459198,0.007176869317251037
10,82,0.7895229165659491,0.6600658802821706,0.02178356996484572,0.037379677186121174,1.2481066217136028,2.1416977423261923,0.001812807485728736,0.006338230750518823
10,83,1.0143368539916817,0.91735696163189,0.031726511998078744,0.05248110753877385,1.8177952361610805,3.0069459661439493,0.004334900968235758,0.012036386835112944
10,84,0.9891502458922801,0.8872858301371322,0.15019162301184227,0.16488007524079643,8.605346116798495,9.446932437097097,0.07498168475895149,0.096292825647872
10,85,0.8487078037033371,0.7288514619202574,0.053302649272196995,0.06883536999345305,3.054016840162957,3.943976181846329,0.008287439085289106,0.016178739922631517
10,86,1.1728583400389803,1.0902319221231738,0.028010998155296826,0.04706218780209149,1.6049119742472426,2.6964647357119063,0.00371996438913952,0.010166779435427226
10,87,0.972875036553741,0.8692883703250964,0.05905734090497591,0.051803475572276665,3.383736383120437,2.96812051440051,0.0073701105212836925,0.005498226903325281
10,88,1.1018409900133734,1.0122195009567128,0.11145679016166962,0.1265172568021671,6.386003674338906,7.248904850336981,0.0344805304384651,0.049541999480248344
10,89,0.8074213678217248,0.6810730957214299,0.03936019670889191,0.05688729513755898,2.2551731522242195,3.2594019192972197,0.006104978878375036,0.01358588202572341
10,90,1.0600283847270653,0.9665129407679051,0.020155899808279105,0.03434843385357528,1.154847991302938,1.9680202926941417,0.0013079207057724663,0.0055307394443275155
10,91,1.0221237916147907,0.9249939839411827,0.01938053272873695,0.03034050856948416,1.1104227300717882,1.7383830893119492,0.0011128877565287874,0.002590195745221239
10,92,0.7233426821856367,0.5784625508126169,0.027047170043722927,0.04563420366781676,1.549688691277994,2.6146472716063216,0.002511372559148576,0.008345264293588135
10,93,0.8475982422434386,0.7279854490350219,0.010267939542200953,0.03008440370478449,0.5883096000636052,1.7237093614518892,0.0003185774134880047,0.003847821294037601
10,94,0.9607708631861439,0.8530746577306058,0.06686840571279669,0.05170559170751461,3.8312774301117334,2.962512182067215,0.009981765699302356,0.00442097627769876
10,95,1.066225935029443,0.9742504514315734,0.05176057544486343,0.06912476351982656,2.965662518159158,3.960557209525939,0.014790143577373464,0.02519288796317015
10,96,0.7610327687369884,0.6256286879308561,0.018878320067956464,0.040154686702280055,1.0816480641910309,2.300694075710737,0.0015537686753963834,0.006818783331711462
10,97,0.9322397633908176,0.8242963234385451,0.032882059458330566,0.04560386241129145,1.8840032286605712,2.6129088456622975,0.0033378421676171378,0.007259082691554005
10,98,0.8365933057642546,0.7148731848335721,0.029944547385523337,0.03676432258800949,1.715696184619991,2.106440520950424,0.0021552016267462164,0.0048452146572762235
10,99,0.8744977301184911,0.7509015155401882,0.14282869377019283,0.125309260265679,8.183481346398523,7.179691747129793,0.043754090125516246,0.02904649901041846
10,100,0.904651442911838,0.7918675769904842,0.028889388696768707,0.02535965238714546,1.6552400450377924,1.4530010517022982,0.003986210245102351,0.002760421484197321
10,101,0.8955481213525661,0.784131514433999,0.0240009506976363,0.03004247442931408,1.3751531792761287,1.7213069909293932,0.0026893952272563884,0.00377309731060157
10,102,0.8356540800493136,0.7117536195317152,0.040028260637881445,0.026089149925402646,2.2934503958002472,1.494798181809618,0.004085832842793961,0.0009384851799220401
10,103,0.8956657173570215,0.7835649526127055,0.017116194248734805,0.03862090940872033,0.9806856917785971,2.212815110076767,0.0014427939616152886,0.0068112767205270215
10,104,1.0138070651732185,0.9154149876374081,0.018283458309900094,0.025500260704433703,1.0475649960606686,1.4610573148473507,0.00044435002650519695,0.0019939419252467993
10,105,0.794146734099675,0.665294760704822,0.058919518686208885,0.07745813220644963,3.375839751661958,4.438024064395919,0.010326874059665307,0.020148998126163976
10,106,0.8925708676565153,0.7787390104182734,0.1272909316701718,0.14203218877512674,7.293233154988991,8.137844971820147,0.044612446409206544,0.060878048710274094
10,107,0.7438099217303201,0.6018770297567716,0.03464118082567651,0.021139783811113543,1.9847934586607763,1.2112203921957887,0.003206823775116472,0.0008370157151980518
10,108,1.0381451809518432,0.9439598359260991,0.06874078713908113,0.08566253789083418,3.9385569834765177,4.908101883524295,0.012745065341343002,0.02306491531438043
10,109,1.1861349488165522,1.103283807276715,0.1027471651690929,0.1181561931197453,5.886978921122599,6.769851189094101,0.027561748280535127,0.04077181619445212
10,110,1.0571813032654924,0.9616777195522014,0.03866396001893624,0.031013199929083673,2.215281728347601,1.7769254651319184,0.0027218528233614106,0.0015268422075826044
10,111,0.8689013719442497,0.7526225638063594,0.02213648095756335,0.04028339417810816,1.2683269321400952,2.3080684708674695,0.0011322509501324046,0.005436780924647069
10,112,0.8710768201520742,0.7558677296888043,0.032745552504738804,0.049723288102637646,1.876181956345575,2.848934551794196,0.002051929381003112,0.0074487459274311
10,113,1.04001194292788,0.9448612260343777,0.018062674530022898,0.031983774068064075,1.0349150172887598,1.8325352670000392,0.001243017212192697,0.0051084547356838724
10,114,0.643059910658808,0.4725893576799019,0.0872777533174863,0.07951089189046867,5.000646910475885,4.555638530644818,0.013477232981435973,0.011328602788324156
10,115,0.8134052150711917,0.6872599408220783,0.07101728336190964,0.06866804650248957,4.068990609122064,3.9343892520007264,0.011723493490307754,0.01134133327992658
10,116,0.8325063054631677,0.7072813535620384,0.05950361574996184,0.04487734236395686,3.4093060482409863,2.5712823132183806,0.009354569765715685,0.004010512534697745
10,117,0.8846055333720042,0.7713603829790997,0.04857076262257664,0.06625122824369442,2.7828997060054115,3.795915765921608,0.006162600780582783,0.013846393988226721
10,118,0.8314685349675698,0.7091622791976111,0.083803461120134,0.10138224777941973,4.801584630772364,5.8087749153103125,0.021825049623279295,0.03534267873610513
10,119,0.8263972700703553,0.6943844927733818,0.11996248596969986,0.1003746343205817,6.873344145961155,5.751042916738315,0.03740945050211797,0.022694217849904587
10,120,0.9395690425607455,0.8312293421810566,0.07368280458774666,0.06170866245639592,4.221713725565063,3.5356459181488815,0.011882539780742968,0.007015272280539844
10,121,0.8574809082023372,0.7382026680414387,0.04381422539684569,0.040793451467635335,2.5103701978741624,2.3372926008672588,0.0030449961352031103,0.00337254136681625
10,122,0.7795849833879657,0.6479616043483962,0.057210536597973934,0.07450921157318367,3.2779222907426413,4.269063357990733,0.008036537941281466,0.016799805622147078
10,123,0.8730112205386776,0.7576121106268398,0.03132385468199305,0.04872254941642146,1.7947246713593052,2.7915964486785416,0.0028198465345970723,0.008254680820678137
10,124,0.7988736140009834,0.670979463390474,0.03756519722527475,0.0567864443112148,2.152327257584794,3.2536235925872914,0.004782898820134326,0.012263955910127806
10,125,0.7710525254625737,0.6374708102387835,0.026931128001789865,0.04658623424340746,1.5430399720291494,2.669194605555079,0.003947284777772297,0.010327047496102124
10,126,1.0345204102832524,0.9402783322273542,0.07853536612050348,0.0951392954410532,4.499745021219563,5.451080094620583,0.02256967272297781,0.03562272827369079
10,127,0.7961921946128002,0.6670671141129363,0.0180166955594884,0.02656477062348216,1.0322806163307767,1.5220492404586403,0.0010133419920425341,0.0019859634142303725
10,128,0.910595667337998,0.8012182489586824,0.03705340030789984,0.04352652757688136,2.1230034542514056,2.4938863270150917,0.004962355839072072,0.0067230806236140295
10,129,0.8529062995235973,0.7311706977996572,0.03886513507957017,0.03307924151005957,2.226808210265214,1.8953009280203736,0.0021422795578443163,0.0018916321780221967
10,130,0.8083780887719628,0.681414945290635,0.04291098235989944,0.05939411654532644,2.458618183982563,3.4030322059553386,0.011204196957687722,0.01955376820363489
10,131,0.8728171614952873,0.7556107628314523,0.04973798232454214,0.06596274224739486,2.8497764686925526,3.779386735885016,0.008743044564820973,0.01798452481561099
10,132,1.0293368799347633,0.9329305692660097,0.01513414762300294,0.03065432368768037,0.8671227853260154,1.7563633711319913,0.0006056831968952992,0.004443027631908087
10,133,1.0764833761980055,0.9854289438205929,0.019929387873349948,0.021207634835324014,1.1418698134221552,1.2151079695186886,0.001125545314800665,0.0014775873607311679
10,134,0.913374886418041,0.8039946963619856,0.015545888136699819,0.027708309118903998,0.8907137790153951,1.5875691699570518,0.0006476850266724531,0.0036852716831818353
10,135,1.084132309586246,0.9937717284952505,0.05047789496645201,0.049309377717147204,2.8921703402823624,2.8252192336089608,0.006692296580306959,0.006605050748772339
10,136,0.7165713988135527,0.5699149002279928,0.045772961914606516,0.05848472723459185,2.6225975335200093,3.3509280365159357,0.005759425369209398,0.010336641850929487
10,137,0.8654481424112543,0.7484128040123388,0.07512111030391384,0.09021986248997227,4.304122572750984,5.1692173489260576,0.01399448917803895,0.02365962559149965
10,138,0.7628846144597329,0.6276540679920617,0.04702309769482627,0.047416916791773886,2.694225037544896,2.7167892096916475,0.006499867512906838,0.0068488939228923545
10,139,0.8306654872229884,0.702716833270556,0.08852512808854329,0.06853144940738659,5.072116220328548,3.9265628149575784,0.023985577171684397,0.012375704757218081
10,140,0.8792960079294002,0.7655545121701766,0.014229202623693265,0.03523494659070657,0.8152732561741018,2.018813731016355,0.0011149776894011513,0.005999117875975417
10,141,0.8882560684514885,0.7748048042410638,0.0430658731718928,0.039660900046479,2.4674927737951373,2.2724021843534574,0.003445825144292085,0.003507298740003024
10,142,0.8827675520599255,0.7687488107177369,0.014147781868044352,0.02921029240683617,0.8106081905106531,1.6736264732547481,0.0005143109775233147,0.0032014845755867043
10,143,0.8772675804298138,0.7620643513948074,0.022216487370043912,0.03621221153478711,1.2729109619092143,2.0748068877782586,0.0023244221879006933,0.005899440513755934
10,144,0.7864970418522689,0.6556556801469728,0.042809500652961546,0.05732442973956743,2.4528037104772387,3.2844478870714346,0.0030116879794162416,0.007873005237353417
10,145,0.7926800333425008,0.6639448050141058,0.03664946422580484,0.05702926700862805,2.0998596215543124,3.2675363083190527,0.004357341545560341,0.012270457881355532
10,146,0.7668488612983813,0.6296682373400659,0.058471123596925564,0.04696784970957451,3.3501486054916323,2.6910595611633688,0.00858953332990946,0.004821515354658896
10,147,0.8868669394399205,0.7733578258971081,0.021886798857956507,0.027980339036845683,1.254021201612658,1.6031553361564004,0.0014596379420880618,0.0033844783445321075
10,148,0.800683675063434,0.6732801708760263,0.040839265840674085,0.059072159566136324,2.339917571083417,3.3845854298629634,0.003960141564335641,0.010980436366858057
10,149,0.9876603347164368,0.888269755588436,0.04184361580376367,0.0598509868131658,2.39746258512257,3.4292089440875455,0.004650822142616525,0.011783934686080924
10,150,0.8193695733000814,0.69510883395903,0.027471687919627636,0.04348268564236599,1.5740117738951922,2.491374369201672,0.0012615273555619533,0.005634168782401673
10,151,0.821907815836706,0.698560887858143,0.016024768667874414,0.036967978245954436,0.9181516123426824,2.1181091306246294,0.001088800720892031,0.006130339579257
10,152,0.7472923037304323,0.6072492239179137,0.06779050022128551,0.05673379825368395,3.8841095537603327,3.2506071956827705,0.010805983207125051,0.006332658340518861
10,153,0.6950337542081472,0.5416274366640274,0.025436070204754475,0.03431298444636667,1.457379470130895,1.965989191274848,0.0029326192347389982,0.004143847730857429
10,154,0.8596425890177799,0.7424875032309025,0.035975674673437194,0.054803752688034446,2.061254323923637,3.1400237305031142,0.0036437692799022314,0.010762549927391458
10,155,0.8835248073529104,0.7701740284541316,0.022051413546524914,0.04229619814470709,1.2634529285134881,2.4233936431407788,0.0018594862292074538,0.007203779858546568
10,156,0.7279622969402676,0.5841096167979809,0.0243211511151489,0.030431584575626013,1.3934993117979277,1.743601360078785,0.001647929854633294,0.0027051926387044387
10,157,0.9548741961475542,0.8487896933642677,0.03321569821281928,0.022073913485989447,1.903119321174776,1.2647420800841058,0.002836341329100798,0.0007429768141536224
10,158,0.8618599740235903,0.7455352089790263,0.019954937417810736,0.04130427788597982,1.1433336944882402,2.3665607987021815,0.0019007328855684385,0.0077256390435570185
10,159,0.845033394074711,0.7245059209185377,0.02360552682186359,0.021074155729817252,1.3524970600756472,1.2074601801199698,0.001386679536273588,0.0011629653611761196
10,160,0.9291706297434749,0.8223487304703581,0.02829639086617148,0.04880422697194052,1.6212637720841576,2.7962762278907296,0.0032726119672945794,0.010186147157355361
10,161,0.8693749920793333,0.7529486981559239,0.11115672138641276,0.12626719722424243,6.368810999953028,7.234577491895075,0.03622234592274798,0.05134546568237627
10,162,1.018891937614875,0.9213321695363451,0.04352054311656474,0.03950780641175338,2.4935434426962857,2.263630565213362,0.0035092103420088956,0.0031046764034531812
10,163,0.7836211307395748,0.6529393046400306,0.021138255898905396,0.04035380262324188,1.2111328492747953,2.31210257761571,0.0009263314353498663,0.00523556248212937
10,164,0.8356351323980281,0.7140122767304657,0.039082394585738506,0.05615383565317901,2.2392562630277557,3.2173777863984054,0.003395228590449554,0.009018530680505836
10,165,0.8160774514159022,0.6879526926290325,0.09378960823230015,0.07985779467480714,5.37374871389624,4.575514596088749,0.021756175744253155,0.013566256892647913
10,166,0.8350761792149058,0.7134309414840801,0.049779020266626936,0.04850758622841984,2.8521277695739133,2.7792799652553715,0.005596055118805725,0.005911215485971919
10,167,0.9053046507569975,0.7953176173778077,0.03325581076602297,0.04892382330417674,1.9054176011788415,2.803128592973109,0.003518625701512344,0.008249544386347566
10,168,0.925697468104105,0.817814752261414,0.06888953661836701,0.08565613565716218,3.947079700844367,4.9077350625554335,0.01673116299917734,0.028454107371284405
10,169,0.9718413033939682,0.8697294567754351,0.025636100551784387,0.03528047649330517,1.4688403647902464,2.021422402276897,0.0018040925025643853,0.004703438958738039
10,170,0.7802194861797429,0.6463739904121876,0.07029210695840324,0.06072295217956848,4.027441061798672,3.479168879463997,0.009858226648036185,0.006325917403218008
10,171,0.8822090138764596,0.767940114019635,0.02022132103429512,0.018516224162504667,1.158596351444227,1.0609014970296748,0.0013777026058902839,0.0012810604509452847
10,172,0.7128886455736865,0.5648616863543338,0.034749050461009685,0.04159773832819823,1.9909739335029826,2.3833748434953392,0.005735270791903857,0.0071360072830258525
10,173,1.0884597110201275,0.9983774138173388,0.08429612344814363,0.09994442917674339,4.829812102892406,5.72639397767156,0.017529454641692428,0.029077354380647027
10,174,0.9726078772014929,0.8701113902695196,0.08764542433798755,0.10304674739234027,5.021712908199874,5.904143718131818,0.018659034041858882,0.030093564645465094
10,175,0.8800289243439068,0.7655148045303846,0.017485769001637595,0.029448066713261414,1.0018607653345173,1.6872499374895649,0.0007626132453981364,0.003328401575798886
10,176,0.9914903587676355,0.8921443673719927,0.06611900992329504,0.08210114872272754,3.788340214188415,4.704049314988178,0.014368467024817606,0.024400636040125254
10,177,0.8721092213748255,0.7159427892345672,0.47803643752017994,0.45816122192523595,27.389470323375583,26.2507043528727,0.36648850890731827,0.316419520764331
10,178,0.8819352987829688,0.7678616805235384,0.021148353198501047,0.03976064553289295,1.2117113819261054,2.278117179750456,0.0009422313931174171,0.00530411874736228
10,179,1.0096767402737759,0.9127183701154152,0.019986048386280004,0.03106617832691594,1.145116221678094,1.7799609037330724,0.0009262470284892351,0.004023497194662915
10,180,0.958989477859129,0.8559794967613524,0.04972209688891638,0.06912179550156682,2.8488663002754695,3.960387154606138,0.00827886170381955,0.01783387340616125
10,181,0.8803035980097572,0.7650526967310468,0.06431442816030442,0.05612171671272608,3.6849452953827746,3.2155375066680207,0.00881547688091178,0.005994380424226462
10,182,1.0228599688110716,0.927089528816385,0.021183434825598466,0.04175082939461197,1.2137214110972392,2.392146315482004,0.0029842820362729963,0.009387995481632645
10,183,0.9976602952877429,0.8982703119117593,0.007850659496652685,0.024114532876299055,0.44980965555249813,1.3816609587414055,0.00013254320147675937,0.002477013087276351
10,184,0.7524703875029185,0.6146218673973636,0.048950678785746576,0.06874088505217552,2.804667298723852,3.9385625934835846,0.009465115013272147,0.019479253608304548
10,185,0.9812014956651509,0.8797150265955732,0.020010307280241574,0.038135459854015834,1.1465061539177472,2.185000899425694,0.0024317474883247025,0.007640171540774936
10,186,1.2141827321871157,1.1333043746066982,0.09540292703486426,0.10971208774486052,5.466185072292263,6.286039589349469,0.021654806750322338,0.033128962074617976
10,187,0.8992742433030699,0.7880045287371222,0.025797759367920385,0.04561374000583221,1.4781027326759204,2.6134747901412245,0.002187837799868378,0.007842530831264453
10,188,0.9752523892070963,0.8716321653639915,0.032793507780821435,0.043405990621897164,1.8789295912704944,2.486980068219139,0.004124348267511617,0.00909142880171252
10,189,0.8906412965328944,0.7747686393834808,0.0368609063596136,0.019830118344293768,2.111974363432795,1.1361820883729847,0.004779022292924734,0.0012146588735394374
10,190,0.9085147298590867,0.7971270393678455,0.03253533453244423,0.04732699516250879,1.8641373537552977,2.7116370798478173,0.003772423661722455,0.008903392776951846
10,191,0.9271206937905949,0.8168269823632456,0.03317561874937603,0.03476809791020813,1.900822937074329,1.9920652719525431,0.0024561058746662206,0.001860796113439079
10,192,1.1618150171249428,1.079100804013392,0.07027023017763159,0.08800279917736334,4.026187614591123,5.042188978200272,0.016603018430937998,0.028763242187102078
10,193,0.9036910087371302,0.7921975228301664,0.04084969345857505,0.05823521144714102,2.3405150295795174,3.3366318349731197,0.007359839279266079,0.015332844541071259
10,194,1.0391529178178198,0.9442576380688721,0.03907824150682793,0.05542825968029097,2.2390183091341953,3.175805345435822,0.003013045524351183,0.008680981309951312
10,195,0.8886054562986154,0.7749659895577274,0.011989985736264705,0.031442307439874514,0.6869755791100246,1.8015115144575982,0.0007488733948693388,0.004508067437923383
10,196,0.8425629647659802,0.7206914995182802,0.06445409547795473,0.05834832786105566,3.6929476432200508,3.3431129280840834,0.007232495976496518,0.005901951316091527
10,197,0.9119427891568967,0.8024816197702574,0.008363784806378742,0.028572596496855538,0.47920957016114435,1.6370891890001034,0.00034468303015748754,0.0038688817070352387
10,198,0.8593771025955422,0.7422352138416208,0.05018352586693311,0.07009995004397289,2.875304233260863,4.016431281597556,0.01031381775513298,0.020964491596411644
10,199,0.9526693413642102,0.8448001900702272,0.054728703132012536,0.05532176353693204,3.135723707688728,3.1697035658869357,0.0027725823477102174,0.004230009951102333
10,200,0.831607639854184,0.7024365498850186,0.1354421843636127,0.11907648900941352,7.760265532067799,6.822580259475328,0.041647212460206355,0.028014429688389915
10,201,0.9161000360604139,0.8066419342807964,0.06631522798924673,0.0838242503083263,3.799582681231666,4.802775763515286,0.012477566534686478,0.022315644462964836
10,202,0.8431384852789745,0.722654392126801,0.01596560254756141,0.03329240089533319,0.9147616433585839,1.9075140611601549,0.001597011720360763,0.006032124513796257
10,203,0.8392353056854571,0.718407539809791,0.0438100959640979,0.03925352233206505,2.510133598805931,2.249061160649852,0.004863802133824835,0.004180357911815716
10,204,0.8581464539165943,0.7402668759953608,0.031589164621530934,0.03359033357385858,1.809925811157697,1.9245843462186876,0.0023067171797693745,0.002888932446596107
10,205,0.811465034441808,0.6857079404140999,0.007740985011277108,0.028181729424545388,0.4435257704202083,1.614694155406097,0.0002739202349796067,0.0034783814512582157
10,206,0.7921847208860082,0.6615261663745058,0.048475331708528614,0.04308931627933263,2.7774319173953836,2.4688359649101113,0.0042961214476295445,0.0036273308162682507
10,207,0.9180784644411569,0.8095556352318976,0.03744703488595645,0.042127669850065316,2.145557054244463,2.413737683129268,0.0025241371614042,0.005135653763826465
10,208,0.8179757833092924,0.693568094641821,0.01657996507400924,0.034918543780186155,0.949962023215039,2.000685185347458,0.0008572935071083339,0.004541877118427382
10,209,0.7139959784418111,0.5668829844906578,0.02643591676284144,0.04120816622745452,1.51466645806996,2.3610540063066794,0.0030077945547463646,0.006916482162773522
10,210,0.843458876568458,0.7230830771160854,0.010539642617347683,0.023798746309984194,0.6038770395502387,1.363567721264636,0.0002295340139378708,0.0020040640363245144
10,211,0.764082640077149,0.6288397084032475,0.021319215342315033,0.02817722514000993,1.221501061645204,1.6144360789124892,0.0013321271492189625,0.002748240238069792
10,212,0.7725243422449766,0.6393973730756162,0.04822266281720133,0.06576971988243743,2.7629550563080807,3.7683273690213217,0.006082834708843854,0.013578157923840803
10,213,0.9587438382627264,0.8553673239439065,0.029657944529102795,0.034609885884820835,1.6992750505507,1.9830003906296347,0.0016955795852790275,0.0036393657264213643
10,214,0.6934731587123201,0.5391377863517041,0.037626375714785235,0.034875142102460385,2.15583252683073,1.9981984523899845,0.004114712111547876,0.0036209675255664585
10,215,0.9790146360240162,0.8775698451687785,0.02647895080374333,0.02708523840218471,1.5171321269890319,1.5518698475508452,0.0017228566588344731,0.002346949818046491
10,216,0.8916697920942886,0.7801589827894442,0.04169206525015764,0.06269604002652861,2.3887793780180733,3.592218485703367,0.008659810062565481,0.019045015666875817
10,217,0.8630746705137702,0.7464189527178725,0.0335767906300485,0.04170585875665788,1.9238083926961875,2.3895696877252237,0.00387779940068308,0.005376646349491122
10,218,0.9099088825694683,0.799341484586579,0.08923863808728583,0.10371917298781741,5.112997331896879,5.94267086678923,0.022191275178043653,0.033837930249284505
10,219,0.828070753917577,0.7039932170763835,0.06750478476991283,0.05793804161465266,3.867739264255003,3.3196052577729267,0.010298476543546702,0.0064876898951677815
10,220,1.1772939943751175,1.0855019004001825,0.13043327364051535,0.11212520797851504,7.4732760876765,6.424301194195497,0.03862232544288299,0.02423929507964516
10,221,0.9822108991760456,0.8825071766522113,0.03266571645705655,0.05250608352903511,1.8716076877603767,3.008376984975079,0.004066518357606904,0.010996604613319465
10,222,0.9781605315588583,0.8766553087132282,0.045682249432496665,0.04031883401821605,2.617400091145959,2.31009902413227,0.0056383485484912815,0.0041715419469789735
10,223,0.812177578008148,0.6863203694303591,0.051023319355579376,0.04615409603494199,2.9234208558228616,2.6444349100436635,0.005444348249766421,0.004526025953995046
10,224,0.8394077950576453,0.7183823712499174,0.01427976272076688,0.03461340561215598,0.8181701363481917,1.9832020561509751,0.0006443977913562415,0.004774119125836546
10,225,0.7847715543683698,0.6523586791125322,0.03529005931554131,0.04155141875419131,2.0219714575468517,2.3807209273958994,0.002280077192449147,0.006167704534828058
10,226,0.7682828174401826,0.6337346697249985,0.04411058872032886,0.060311434487095826,2.5273505655122186,3.455590652490352,0.008180294162221324,0.015567607818040924
10,227,0.9432369375460761,0.8379865385300695,0.02335945380230674,0.039762015262132626,1.3383981146029995,2.278195659454965,0.002032926834490047,0.007235131290087573
10,228,0.8396025463337219,0.7188715801109566,0.040908452712610475,0.05823551846143629,2.3438816868430843,3.3366494255964887,0.004090022626535263,0.010591362344871853
10,229,0.744947843934383,0.6047491556139445,0.03214336595409648,0.04720539576454639,1.841679208514229,2.70466994755324,0.0017175795451149986,0.0057139316711608615
10,230,0.8063674072087746,0.6789667812785867,0.08700368137280802,0.10150821314096531,4.984943744762876,5.815992198891714,0.021212002115781795,0.032566824060305075
10,231,0.8342378481263587,0.7132089742887034,0.047753565225811465,0.06713619115922358,2.736077744141689,3.8466204060070206,0.007323103729653276,0.016225959362160376
10,232,0.8395893477720351,0.7194309741747209,0.03755015245670731,0.05644424254460463,2.1514652558421283,3.234016875618608,0.0044446306512281215,0.011354367687437278
10,233,0.9259068674302052,0.8182573937918166,0.042917992810017624,0.059869620557072505,2.459019853186822,3.430276578969927,0.007655421085850156,0.015196074500336668
10,234,0.993769754759368,0.8943635815831757,0.032462633001498445,0.037858235949212636,1.8599718628679647,2.169117139700334,0.003613034758045303,0.0049858838004851365
10,235,0.9106721460530582,0.7970429412247402,0.0723278476741477,0.0574619738210991,4.1440804129937705,3.2923285824402027,0.01144104249281637,0.005269523940369569
10,236,0.7655565754029727,0.6308714557705165,0.031694671881537545,0.041474611349353215,1.8159709318640653,2.3763201872633237,0.0029068549235182007,0.00516536519280408
10,237,0.8715993806858108,0.7551252303026316,0.07261032476562838,0.0863276527923895,4.160265158144745,4.946210160274674,0.010786496760638614,0.01910158217610866
10,238,0.837602622836198,0.7157727633475033,0.020294490056663592,0.019781474771201506,1.1627886276170387,1.133395016934362,0.0016617920102940317,0.0015679078494148001
10,239,0.7198070285299017,0.5731336307262309,0.03252916982729464,0.049468976353232386,1.863784142168284,2.834363561872686,0.004576679754845572,0.011842620185909512
10,240,0.9561952394585641,0.8535108966522014,0.04564886821453372,0.06449727233658357,2.615487488241676,3.6954214949921163,0.006230082154370233,0.014475669302336944
10,241,0.7842245288661488,0.6533347195550994,0.07552836058207056,0.09312332068529472,4.327456294894893,5.335573249510705,0.016523486850177564,0.028435328405966492
10,242,0.7388932718140465,0.5980230079080755,0.06258493723671836,0.05690624015088308,3.585852764755111,3.2604873886035097,0.009421363877633315,0.007419018116854198
10,243,0.9584700824705819,0.8550391932820806,0.03952137365821251,0.0551156788024245,2.2644079111750837,3.1578957803775793,0.003096666642587006,0.008745431218175385
10,244,0.820220925896597,0.6886405787869031,0.11534900326837848,0.09619373595304867,6.609011058318825,5.511495085705536,0.033927196654462394,0.02016602124724512
10,245,1.0968714812237867,1.0032711012790956,0.1517405593725349,0.163249041114627,8.694093633000536,9.35348106542578,0.053235616994559046,0.06692078221299763
10,246,0.77813180550468,0.64568638687722,0.016963260708680688,0.032105660479162315,0.9719232453875013,1.8395188439359649,0.00029181516396812007,0.0027366564174522746
10,247,0.8551097797210212,0.7366627070458568,0.07309401921999076,0.0901596641947809,4.187978808953592,5.16576824067771,0.0299451346289244,0.04461080550884988
10,248,0.6761780535746096,0.5180188051467474,0.04268406336139155,0.06229988587925441,2.4456166830767256,3.5695205250279516,0.007595166246213824,0.01648838525910507
10,249,0.7721912998870053,0.6386687523309316,0.03340709278309518,0.051560578377295614,1.914085422273305,2.9542035302725296,0.003474213658086856,0.009976516498326812
10,250,0.9117553291449105,0.7964223488783716,0.0683708271894446,0.05281960523388177,3.9173598397734715,3.0263404554485387,0.010349018154772932,0.004637927654914272
10,251,0.7657675417372858,0.6309315888293281,0.022996631263825812,0.03517848890962836,1.3176099144358193,2.0155789441694782,0.0016559944169218257,0.004201144505997782
10,252,1.0832955303111251,0.9927069000867575,0.05482620895813328,0.07187362695044844,3.1413103800033833,4.118055482558425,0.009102929214890702,0.018066572329896446
10,253,0.7978738247532798,0.6698247291880253,0.052712414315699105,0.07083482742175504,3.02019886823454,4.058536653804114,0.008090504219945189,0.017192485193942737
10,254,0.8827251738516197,0.7680180638203005,0.058025021394847096,0.07199112595278237,3.3245888320810435,4.124787679489157,0.006747738796085843,0.013437255862881956
10,255,0.9105676953571096,0.8016170951052721,0.033578763897084356,0.053366485192704614,1.9239214525691941,3.0576743689893764,0.0055976374754029,0.013752320995983783
10,256,0.8623985835228892,0.7437387748680173,0.13217941120481308,0.14588845468156397,7.573322400560014,8.358792732939191,0.05102585136388079,0.06718518094767964
10,257,0.8135538801320241,0.6881668457261881,0.03724153804820023,0.039183873675055075,2.1337829527377465,2.2450705865544265,0.004229134882251193,0.004914689027509877
10,258,0.8318215681212516,0.7043916295384495,0.05423082458546393,0.0347716878484842,3.1071973682613856,1.9922709602644746,0.009197076687590684,0.0029900203935505076
10,259,0.9720277514524288,0.8688610188655067,0.05937234291106328,0.04711707469132448,3.401784668607398,2.6996095228155585,0.009105563204401,0.004801202353979104
10,260,0.7896637284018575,0.6521799227757772,0.09780530763917888,0.07827491907056035,5.60383134170358,4.484822504471189,0.025586888012772334,0.013653528421101499
10,261,0.8081983920145057,0.6818678813544351,0.022359620884745614,0.03930127634898568,1.2811119082084954,2.2517972642742006,0.0012866774520104984,0.005216999423122457
10,262,0.7990299535892461,0.6687377742296784,0.03572515591999994,0.03023754691924374,2.046900656662804,1.732483821301471,0.0025287669909878283,0.0023820533276596233
10,263,0.8061977099823764,0.6798912879700154,0.03690989380183807,0.05648839072362273,2.1147811371213976,3.236546379949533,0.006074249606019617,0.01368707507915198
10,264,1.0113403974167294,0.9128044604444184,0.03060057831530098,0.047872748501638904,1.7532839881262932,2.7429064428351446,0.004735512133222292,0.011889400936190328
10,265,0.9655545573731419,0.8621780764250166,0.04774639871336084,0.04564091150857217,2.73566713322444,2.6150316025712526,0.005219985202512682,0.0050848877488817315
10,266,0.9701711053285402,0.8673419435829698,0.04491318518457028,0.05904346783131777,2.573335955565374,3.382941514550952,0.00470189352970064,0.010394354737067641
10,267,0.821059533917014,0.6974102869694693,0.04033885289062671,0.04790916021628108,2.311246021032012,2.744992680408976,0.005296338735212094,0.007963320981486685
10,268,0.9513002557580558,0.8471779945555805,0.00959423163413096,0.03023579087151635,0.549708980306607,1.732383207178068,0.00032177848393758705,0.0036800164524274856
10,269,0.7562632615151945,0.6190882715939349,0.05437981347916112,0.07103923431200976,3.1157338030645576,4.070248305919104,0.006839134665597418,0.014944217436211375
10,270,0.9052962965000535,0.7949445329014784,0.028274699269589514,0.04706803150527415,1.6200209351491106,2.6967995552410002,0.0034354663268713406,0.009764237048472346
10,271,0.8593692118493718,0.7412164235115886,0.08709596938607139,0.10176630508623198,4.990231458422515,5.830779778081816,0.02413943214905183,0.03574931002379345
10,272,0.7504325424633568,0.6113509101091391,0.06134202592753769,0.056451634434648436,3.5146391924299785,3.2344403997207425,0.012642099725912358,0.010290882449400256
10,273,0.9445284834623366,0.8343506444629913,0.0627958374602993,0.04243070854597069,3.5979364574646646,2.4311005214337946,0.012916846040632857,0.00497045910848426
10,274,0.820714157871449,0.6966812734544443,0.03718104430463117,0.0352585705885536,2.130316916544293,2.020167286388216,0.0026311266318419634,0.003235622588123298
10,275,1.0487605149052537,0.955087993237596,0.012592357154591885,0.025745706856866897,0.7214889190794813,1.4751203434794975,0.0005308767449569118,0.0031262844514485574
10,276,0.9820343475116835,0.8819188510556714,0.030519705139925468,0.05010394400341363,1.748650296501455,2.8707445283554103,0.004144562457553529,0.01116487320030703
10,277,0.9936579943558281,0.8947011706778144,0.01968067529751071,0.03704873974157612,1.1276196325147394,2.122736423470916,0.001269777137021223,0.005873349978479221
10,278,0.9748293673207642,0.8709851933623006,0.031310445620620395,0.016738481162385892,1.7939563887354202,0.959044326063944,0.0038671004382493067,0.0008088086893817186
10,279,0.8117721511871795,0.6807786661562653,0.11758177093043992,0.10163727030049823,6.736939221988238,5.823386629448897,0.03303678800623453,0.021391867776667378
10,280,1.0899169595184612,0.9980108811059727,0.05404295857856527,0.06458295619573412,3.096433438952116,3.700330818493836,0.010325767838832286,0.01764938305030395
10,281,0.849637653667221,0.7303631203893817,0.019453859598611685,0.02910274604930399,1.1146240502405154,1.6674645208661492,0.0007484152688800013,0.00323734363910621
10,282,0.9618166365344514,0.8577447149924442,0.041867395188539054,0.03832839888355601,2.3988250435096172,2.196055491521696,0.0031072833547992583,0.0030096859642384137
10,283,0.8045329842224761,0.6772603694807159,0.01816734371401674,0.038692282138192195,1.0409121197766853,2.2169044662478337,0.00131092314367795,0.006565332264960925
10,284,1.1467224105262055,1.0619096042618885,0.04394825550294596,0.06125098839211152,2.518049557281399,3.5094231258727864,0.006909523838492755,0.014955807704302184
10,285,0.8700166054666029,0.752933666393163,0.026841696191157727,0.03121932068960248,1.5379159067257147,1.788735314779673,0.00114572333211262,0.0034227950124372736
10,286,0.8052637028152004,0.6767904741038006,0.05683770499157329,0.05077030452344655,3.2565606132268017,2.90892417378744,0.005522768810024753,0.004347260070276632
10,287,0.9827510846258938,0.8769328019534326,0.06710525915511557,0.050054460867879735,3.844848132719751,2.8679093535322444,0.012479422253306192,0.00588583820137787
10,288,0.8817124689207391,0.7660015016098118,0.028574392468437057,0.03175851981275395,1.6371920905918498,1.819629148853407,0.0013265184957881211,0.003351696679514647
10,289,0.8733198192859051,0.7583801515655276,0.030634550666327587,0.052051063730186614,1.7552304604602547,2.9823062709061685,0.004777974606336437,0.013049183232799005
10,290,0.7019509734176222,0.5509020486629563,0.0390001750764463,0.04046703647667199,2.2345454321516756,2.318590399515258,0.0031662322337104813,0.004712601468048778
10,291,0.8048171416628751,0.6782012879583748,0.05024678817939542,0.06805037739427486,2.8789288967671913,3.8989994189644137,0.006380781768146913,0.014514906777948457
10,292,0.9119320771859507,0.8033259407484636,0.03442420710625837,0.05175830701058039,1.9723617802728612,2.965532546448637,0.008064554337803512,0.01589904712911353
10,293,0.8859074929442113,0.771935529175435,0.01853178871072349,0.028465124592559014,1.0617932799526413,1.6309315024676785,0.0010621613850828639,0.0026492471215545377
10,294,0.8316971362491965,0.7047158796233757,0.09731846578928956,0.10882521963512927,5.5759373584145795,6.2352257896771235,0.03214032472819227,0.04266472517726682
10,295,1.0447775601729914,0.9501004647976017,0.03686824240852814,0.034348929318336614,2.1123946880738993,1.9680486807338637,0.003435026328748307,0.0030859642019824855
10,296,0.9339221234357099,0.827635488245551,0.02707144306975854,0.04723979029774224,1.5510794332258457,2.706640609143685,0.002813570608509541,0.009301204619895708
10,297,0.7817374348403651,0.649985277798792,0.02244716247262177,0.0391295617187311,1.2861276717256729,2.241958740679964,0.0018184218428826985,0.007136379226748684
10,298,0.9917380510131314,0.8917294940585007,0.04945430737000525,0.06478128183987339,2.833523091044023,3.7116940408722296,0.006187793323286658,0.012947396730432416
10,299,1.0848673545671519,0.9906967472374104,0.07261558498224481,0.054382333126877194,4.160566546356191,3.1158781682445484,0.014486023465141724,0.0063978435998929654
10,300,0.8762181506317117,0.7546796732992419,0.12765679000767463,0.11039046333939526,7.314195293627576,6.324907647840988,0.040054577468127635,0.02624606404780959
10,301,1.0065842838010954,0.9086505655553441,0.016749499045506707,0.0327128176742511,0.9596756042659351,1.8743063887155533,0.0009527847145688823,0.003973765135728662
10,302,0.6557605629029346,0.49049931003927594,0.04079954873277357,0.059072734503007054,2.337641948426252,3.3846183713191427,0.00445341341511437,0.011537735263663404
10,303,0.7791451241728462,0.6467375777204205,0.011372400082405141,0.02236532478691253,0.6515905276560442,1.2814387177294153,0.00031137758270997863,0.002124262675954154
10,304,0.7922756328793588,0.6632135890011195,0.025186093607950766,0.03649280693972939,1.4430568661569991,2.0908838202322153,0.0024316857366293433,0.0049423179502426935
10,305,0.8646915089647134,0.7467725966274857,0.03131927546773327,0.025853011176412127,1.7944623017087336,1.4812684281129622,0.0017963576563494801,0.001315816703201694
10,306,0.7656590108214215,0.6314490073336426,0.02748895629021716,0.04398410271459824,1.5750011786490399,2.5201034512163862,0.002953884029504061,0.007300051288206783
10,307,0.7890722918276957,0.6579541110939497,0.01787051670328573,0.03532896327282198,1.023905184816314,2.0242004901053914,0.0007970181097126279,0.0048404137963185025
10,308,0.8875203603631755,0.7734910723521053,0.01875151452320424,0.03736608710796141,1.0743826416578712,2.140919088204385,0.0008839312553765265,0.005159602615680402
10,309,0.8569532820829799,0.7400044912258775,0.04596963206028109,0.06534466183394622,2.6338659028233855,3.743973336794708,0.006056177596056141,0.014514477961431078
10,310,0.9693642220394796,0.8664776384989232,0.037759318740801996,0.0321070927813279,2.1634496011371884,1.8396009088050405,0.0029661434402619945,0.0020592005112686496
10,311,1.090007866555627,1.000128271236097,0.024137061353521505,0.034834398194385004,1.3829517454051086,1.9958639984163962,0.002011487463510509,0.005432205827741284
10,312,0.8822350586702831,0.7683737509847145,0.014650783545687157,0.028405694826677843,0.8394280637275858,1.6275264277052368,0.0003842743186333697,0.0028444579943682994
10,313,0.8718539821716393,0.7564384564558844,0.0540556563012499,0.07169983605167278,3.0971609648713736,4.108097997540795,0.0074269805084132695,0.016046225930786126
10,314,1.196603321910963,1.115771829770138,0.049128554651007926,0.06831735990400836,2.8148588350805652,3.914296389975954,0.010939862584781933,0.021599435650129704
10,315,0.9166427990719077,0.8082472971741708,0.05051605621285668,0.06962892493663692,2.8943568186423088,3.9894435309025083,0.011879791631155098,0.022686751745270843
10,316,1.1140590058002589,1.0268087548073697,0.02789903467676757,0.04852225983296847,1.5984969394679125,2.7801207008662523,0.003593484617529917,0.010690156906871057
10,317,0.9003049737656896,0.7895657638570521,0.01934137317050186,0.031709969362191746,1.1081790526573205,1.8168474129427339,0.0008077415053671087,0.004161247785047594
10,318,0.9960291873866881,0.8970842422326141,0.06402904219528407,0.08090497992579312,3.668593884054841,4.6355138913385945,0.01749531816140973,0.028372242546395643
10,319,0.7902362582734666,0.6530623034511746,0.1323109536357733,0.1165083634298743,7.580859226680925,6.675437502508142,0.03595556878563536,0.023520673450778483
10,320,0.8463446577264039,0.7230570366563582,0.05132430656217126,0.030697778708231295,2.9406661524480087,1.7588531604082134,0.010227411896897583,0.003326281787956697
10,321,0.8365000020458866,0.7149832521427032,0.07532610944395829,0.08970821925813574,4.315868158279343,5.139902351125391,0.013857348143329236,0.023543255673572946
10,322,1.037903874088269,0.9431805005435692,0.018549356508598465,0.03906351783703182,1.0627998406262162,2.2381747049959335,0.001948326821239267,0.007757657466384991
10,323,0.7590074478643118,0.6212480384546158,0.016794934027764732,0.028567789423917044,0.9622788369915717,1.636813764008916,0.0007274168072160963,0.0026639073208994026
10,324,0.7913750261180561,0.6624016881203287,0.021465895500772575,0.03990918618273261,1.2299052156631314,2.2866279320723994,0.001348108531753568,0.005738450995616283
10,325,0.8716228581297485,0.753814031258843,0.027044025755858313,0.025843353419950844,1.5495085368537773,1.4807150794281656,0.002668389228269631,0.003126676768594798
10,326,1.0076546720228148,0.9099352184147498,0.012575304714269429,0.019318707551561138,0.720511886218606,1.1068804083519654,0.0005541644356653061,0.0016389044391526275
10,327,0.7956283142680965,0.6667518929094625,0.037888653432540595,0.054112993922353546,2.1708599331184355,3.1004461685679328,0.00424888210955646,0.010246696226019265
10,328,0.7668991722531996,0.6308803085810137,0.1499864279555528,0.16383243474297304,8.59358930609616,9.386907058124832,0.06966518941120683,0.08880462581647744
10,329,0.8896090559386232,0.7774027476724922,0.0805037568307806,0.09728610596563846,4.6125255013512,5.5740832770935835,0.022202819889887197,0.03503799890962089
10,330,1.0692993965777284,0.9782763029002028,0.020624954370663966,0.03228834967237206,1.1817228380889462,1.8499861636695336,0.0010042842492994026,0.004489814175732977
10,331,0.9144552266394235,0.8048824659321295,0.02088587755271515,0.024521423771586944,1.1966726351976025,1.404974089763701,0.0007594692632110212,0.002377199172701784
10,332,0.7467119651694948,0.605949816801236,0.051457204319221087,0.04472339630799667,2.948280633033719,2.562461853939177,0.004659667848213225,0.0032181654375590518
10,333,1.0660006774200494,0.9746476263651949,0.018910036639074285,0.039584493344717336,1.0834652898567085,2.2680244028159993,0.0011258122305427762,0.006202903963231185
10,334,0.7411992106112515,0.5997489693545197,0.07278082413052338,0.0654966345214791,4.1700340521628885,3.752680730391602,0.010230011363228757,0.008025069575792177
10,335,0.8091069940026214,0.6821952757598346,0.043461368758861675,0.04470756505839417,2.490153001744503,2.561554790152536,0.0033928711950976347,0.005501272640824856
10,336,0.8964276483923458,0.7842460137780983,0.03425106365123822,0.04973821428453418,1.9624413910498935,2.8497897590211116,0.002974563515961688,0.008312910122563428
10,337,0.8141903788114352,0.6850421873314889,0.05111197980983688,0.06045375432837649,2.928500725661529,3.4637449787367056,0.01044233938062802,0.016759844171101667
10,338,1.0048095113433362,0.9032733003043336,0.06523130440840165,0.07832019939000005,3.737478434734536,4.487416875670088,0.018816169594348568,0.027615608102207964
10,339,0.8402704449087564,0.7193826400040699,0.03770091986923913,0.05459869860850242,2.16010359226831,3.1282749971739894,0.004564483305210802,0.010320159397891097
10,340,0.8910953549419504,0.7764768525452511,0.07832920304310895,0.06809731554125119,4.487932746993427,3.9016887766843222,0.013918712211659575,0.009314094063272074
10,341,0.9405677204586267,0.833920456869298,0.013944365262731495,0.016566347018156066,0.798953277543348,0.9491817660894787,0.0005524965471936562,0.0013194304009700219
10,342,0.8498405917448951,0.7299797811295499,0.09610904906825936,0.10944321935785194,5.506642884626999,6.270634565529388,0.020853945634738094,0.03098642361939674
10,343,0.7643844432863846,0.62769190276639,0.013194786928767546,0.018312609521660916,0.756005602592766,1.0492352374622558,0.00030424638186629226,0.001702519622414858
10,344,0.7325582861813348,0.5890815743327993,0.014953521143115938,0.02757172835459076,0.8567736503601855,1.5797436685992323,0.0005761542819904102,0.0034885299449008856
10,345,0.8131528721558601,0.6869232764909169,0.05762590283569419,0.07138707146167318,3.3017210231162397,4.090177906552678,0.0059149873877329395,0.012363364968015385
10,346,0.9627537205092149,0.8497508503880324,0.07180446145130139,0.05305439372782302,4.114092591369383,3.0397928452296057,0.018012024269834316,0.009306807490324222
10,347,0.9629425807906418,0.8602599765373179,0.019234044667561328,0.03886311517054614,1.1020295824173707,2.2266924780031365,0.0017509532260741147,0.0073081377966744895
10,348,0.8990375235330098,0.7884563146923259,0.02216352872888617,0.04202734455706767,1.2698766552821277,2.4079894672620896,0.0017250587922711669,0.007354271249035427
10,349,0.8895305510501822,0.7712721952493836,0.06452440460650949,0.04434631964045168,3.696976059547481,2.5408569523359916,0.014884724937677167,0.006276036197184889
10,350,1.0528190268583009,0.9593077184352842,0.04942225585689822,0.046475146974128134,2.8316866746159817,2.6628297738677404,0.005856279913223968,0.005453854649329823
10,351,0.8415967443582523,0.7171909439492989,0.0469329882853954,0.028961050996442587,2.6890621486900903,1.6593459923593075,0.006452217029972819,0.00162628089311115
10,352,0.8285570277817149,0.7062806060471489,0.038879689302007754,0.05730122097933659,2.227642105784982,3.2831181230624766,0.006370910746780058,0.014278298834522803
10,353,1.0289421102571756,0.934484667339285,0.034108392948553196,0.055857247041571106,1.9542669619258757,3.2003845107016278,0.0053955055508570545,0.014119170203609602
10,354,0.9761023439508405,0.8739642027468345,0.04588894820180126,0.04546319242222561,2.6292430582576607,2.6048490489846734,0.0033789125430203314,0.0047247260913198565
10,355,0.797682606609573,0.662348833382521,0.1229964435094719,0.10417664914583659,7.047177108211987,5.9688823198715895,0.03924500861693191,0.024501149264211514
10,356,0.9210455254516444,0.811396113515409,0.032533261614525945,0.021683021178283884,1.8640185843073032,1.242345600608448,0.0032751794073510466,0.0011136005656313362
10,357,0.7591624022460848,0.6228093566223075,0.023363620893453604,0.04349445992378973,1.3386368713385612,2.4920489858340518,0.0025655952041802148,0.008919420751797327
10,358,0.9465308387446024,0.8417085816518879,0.020861688028290318,0.04185951693659586,1.1952866775396311,2.3983736529233317,0.0018904947841352944,0.007665404582195317
10,359,1.0567697367487026,0.9616664684156325,0.03754467107752583,0.050440484229376255,2.1511511959491187,2.890026862939448,0.00548925975666952,0.010916285550400865
10,360,0.8628218229326108,0.7456243697019633,0.018894583044963446,0.01511885320440583,1.0825798641358493,0.8662464796902947,0.0012600181627634467,0.0011023713868363052
10,361,0.9086725305830943,0.7994539538587955,0.055681079412716446,0.0719962504658571,3.190290849081429,4.125081292460399,0.009184938228421289,0.01802765726269455
10,362,0.8546676990507117,0.736434582450142,0.09418136700546555,0.10978748988587135,5.39619483818584,6.29035981379564,0.026386511857524816,0.03982508563814884
10,363,0.8219330528627479,0.6909477540890422,0.10445673286738075,0.09070358904236527,5.984929935026387,5.19693283881659,0.01976854396286224,0.011958748523416662
10,364,0.8489514954093611,0.7299905693576404,0.058304497474247145,0.0754358610635518,3.3406016319055296,4.322156462876776,0.01591006085884902,0.02660001450009701
10,365,0.8049901260614652,0.6787424276673318,0.04022514220099026,0.05974645171887971,2.3047308784303207,3.4232195243739505,0.0044189316558015945,0.011950317083151168
10,366,0.7287866792414854,0.5855033798007896,0.03836334523149145,0.05722728485239175,2.198057769767792,3.278881895034994,0.004273132446977315,0.011406980025474592
10,367,0.8452890662136688,0.7248099772670088,0.03783761875846639,0.039160795102256916,2.167935861685158,2.2437482817359062,0.002630139201788305,0.004283329101543289
10,368,0.7470100631774206,0.6081704218415581,0.04375136500600812,0.06238656762043263,2.5067685627806267,3.574487022958309,0.004953408905832207,0.012343421317650947
10,369,0.9307949383227618,0.823675695415641,0.054346707911788826,0.07128618119026797,3.113836993775739,4.0843973198072305,0.01135858043677639,0.02062497914701137
10,370,0.9501708215263404,0.8433655507895993,0.064431095086271,0.07819392972854736,3.691629817849425,4.4801821569883025,0.013920812520710289,0.022651136945232617
10,371,0.8003078085474619,0.6727247592716753,0.0627496381303138,0.08002089021014828,3.595289430840163,4.584859281921224,0.013606836143641346,0.024058637507543203
10,372,0.859542214998759,0.7409707285486992,0.06695685998381609,0.0599403936621264,3.8363454865210516,3.434331579192551,0.009061045738810607,0.0066876634383437415
10,373,0.8984126402957519,0.7849742962743216,0.03765785826307365,0.031505232428511006,2.157636343975973,1.8051168507323776,0.003887073711326211,0.0028558929763448405
10,374,0.9935737586489914,0.8937991935945329,0.02525147262828576,0.03016863411636808,1.4468028080908943,1.7285354085422788,0.0009203792153361801,0.002693552945595183
10,375,0.7269680922271164,0.5831420007350788,0.03065617048859661,0.040597235223860634,1.7564691850300926,2.326050238227058,0.0020530728894248337,0.006015443977356359
10,376,0.7768428376487967,0.6440208241599487,0.034478101230738675,0.05321657160895062,1.9754496861461355,3.0490849533485913,0.00480735594615371,0.012118264068047436
10,377,0.7532173727174374,0.6158408299075453,0.08067059553305286,0.09871772978692164,4.62208465485084,5.656109279903502,0.026511962354099423,0.04110285838606118
10,378,0.8213652642716337,0.6977060846114366,0.02240234676779289,0.03326575919935208,1.2835599209830737,1.9059876044213668,0.001534569355563523,0.0039051157492171924
10,379,0.8640600811395729,0.7453026309139553,0.027105437989346694,0.012602555756567008,1.5530271986431337,0.7220732559295897,0.003114688844734195,0.0007104415301001801
10,380,0.8990404729361476,0.7838507564349958,0.15342801316340887,0.13672228455790153,8.790777613340968,7.833609870554426,0.06494229507483487,0.048394993591119685
10,381,1.0569026501098118,0.9623713853691811,0.015964536121875938,0.022124267747611868,0.914700541667642,1.267627166755568,0.00039536381070928456,0.0015698279668993993
10,382,0.7470993147151878,0.5962215431352333,0.17659940016328252,0.15593016995065442,10.118400293898029,8.93414063693015,0.07746600109948258,0.054833048296784204
10,383,0.9626406856284282,0.8533037557539221,0.07408559630208925,0.08329579364718138,4.244791990819732,4.772497427176108,0.019461795549561123,0.027483168278037876
10,384,0.8162525440596597,0.6904231862395714,0.0321437395786856,0.043737007301958626,1.8417006156263076,2.505945926935093,0.002538740637112905,0.007570850263976992
10,385,0.920897205676507,0.8116660275765681,0.05818230411293671,0.07259248151723172,3.3336004680179245,4.159242815318812,0.009291248477913343,0.016555808929620545
10,386,0.7264108377583728,0.5782971425504813,0.07171248242567656,0.05337488230056514,4.108822581397355,3.0581554878299007,0.016745428947675396,0.008054042665680612
10,387,1.0687808598876163,0.9684761555055715,0.13134605046274025,0.11346608603349778,7.52557434722735,6.5011278475877186,0.03800854958372216,0.024056421589094594
10,388,1.1734105764178562,1.084930957698209,0.08166073431058489,0.07023366525027544,4.678815427935668,4.024092598575414,0.012617197692795339,0.008122531138680892
10,389,0.7736554818221726,0.6405893879200281,0.02769535645551011,0.03407285290815527,1.5868270370111284,1.95223066760735,0.0023849958727541216,0.003891989708827653
10,390,0.9879406329460375,0.8828159178295318,0.07001030983606547,0.05072729386595336,4.011295276009786,2.906459844638997,0.014204110094861465,0.005888370119789477
10,391,0.8663943006471495,0.7444895376421866,0.06592205451652515,0.06818613011893257,3.777055500628218,3.9067774771447024,0.011627301883655357,0.010948829290946732
10,392,0.873884576204965,0.7564670651821561,0.05596499885471207,0.04590252487260968,3.206558234829487,2.6300209441948215,0.006122022283799513,0.003585938185946415
10,393,0.8882586473320425,0.7756037053886821,0.03349771625576969,0.05263901429768385,1.9192777647823736,3.0159933569860815,0.0032550023769716482,0.009774067546868211
10,394,0.8577308912512188,0.731075506173464,0.1333431302778898,0.11436776336154414,7.639998591986186,6.5527901529674075,0.043359792593103574,0.027857805738978843
10,395,1.015540807634691,0.9140077686014999,0.04959881659046909,0.05634597931258423,2.841802859477326,3.228386807142524,0.012048736686761884,0.01524759171677413
10,396,0.8270674448578994,0.7014482158111509,0.028175297124807982,0.01454168749606984,1.6143256117785805,0.8331773205229638,0.0029758999689310783,0.0007091591128846574
10,397,1.0999437273845964,1.0100372470016876,0.0277455671492433,0.028651885913857075,1.589703897848464,1.6416321379543442,0.0012509511050129932,0.002558783432392608
10,398,0.7665600309803389,0.6257003127260568,0.05875342429369008,0.03913407249816304,3.366323243969841,2.242217189303728,0.010343331731527426,0.003728455155383271
10,399,0.9778538023670806,0.8610310511845581,0.24049286595728234,0.22268442804700533,13.77922622235771,12.758877890378063,0.11308903837582773,0.08841004154510926
12,0,0.8153663035831746,0.7477917128395996,0.0793682576593345,0.06628072930769076,4.547466191186737,3.7976060523797432,0.02674061426414112,0.018016856222167393
12,1,0.6839382977569204,0.6031303066189788,0.05262676989795182,0.031358988208171526,3.0152918045587653,1.7967376741287442,0.010132833785403427,0.003717456347399291
12,2,0.7327340120681123,0.6559708103919255,0.11367347147406211,0.09343660316005746,6.513010158064516,5.353523013110023,0.04293067238416524,0.028083605428111474
12,3,0.7468051915679347,0.6740314878838221,0.04694808221964949,0.04634883618380098,2.6899269674190975,2.655592698675033,0.005787623883565297,0.004193298011537687
12,4,0.8493514229074169,0.7818637097082302,0.3250725327796281,0.3447356967556997,18.625284163900798,19.751900471603378,0.16290375688913483,0.19249083959672247
12,5,0.8269776427343674,0.7601102004130968,0.12267298525920033,0.10504629625532526,7.028644315622739,6.018709428911041,0.04979970822027986,0.035601160457827435
12,6,0.6196001171415665,0.5301846250106145,0.08038315764107591,0.06324984826578693,4.605615676768424,3.6239493604724404,0.01842101244983809,0.010551178711670599
12,7,0.8175347459554823,0.7537958215607089,0.07702906225863851,0.09707263883062503,4.413440167270443,5.561852511192565,0.011773327713089844,0.021336402016587874
12,8,0.7018206031302624,0.6237518099020831,0.05001032078461177,0.030909120756144933,2.865380313053634,1.7709621677873164,0.008117794106664876,0.003015921294263882
12,9,0.9160658554459631,0.856552126598774,0.038558796209163464,0.02787138853835321,2.2092562858901044,1.5969129324169353,0.005234769089714347,0.0020597333937526687
12,10,0.6963559250574236,0.6201847813263768,0.061755941581751655,0.08009059076604975,3.538354812490835,4.588852829604094,0.0065993591537147,0.013678075239349295
12,11,0.7261035046961095,0.64978680288687,0.10175635436071379,0.0842147821725312,5.83020964350653,4.825151591099604,0.02725318051228156,0.01678495455014517
12,12,0.661413728016966,0.5789169252384655,0.29003597622612576,0.30998551321127443,16.61783734471369,17.76086161720285,0.1355277484469546,0.16329975334541258
12,13,0.7940155159475113,0.7203552462063236,0.398873253836287,0.4185186198635762,22.853754005469618,23.979350565822976,0.23205850868886788,0.26671149742881733
12,14,0.6547041224149475,0.5727657414567017,0.1471438093635045,0.1665021171861921,8.430719258006372,9.539868594761456,0.042202074889154326,0.05736517294040418
12,15,0.6661998537445529,0.5861685426829564,0.09972704150479103,0.11729070946620161,5.713938581550517,6.720262628508485,0.018152710524033153,0.027133093354831557
12,16,0.8979097429251469,0.8362319707589946,0.2353140480113394,0.2554210496602124,13.48250181118857,14.63454814433158,0.09416658492499676,0.11838273844993087
12,17,0.7677882223851598,0.6994137052391922,0.14935530144813758,0.17012933590295362,8.557428420882436,9.74769291860275,0.04330685320215806,0.06095026858259581
12,18,0.7066781778100033,0.6281237507736184,0.05597908569400209,0.03673151808782019,3.2073653512674847,2.104560961540541,0.014013419924256264,0.006529351596459194
12,19,0.8459903513303234,0.7842681770655283,0.1277313233074102,0.14748213113462066,7.318465737135607,8.450103667608719,0.03138327861858479,0.04553364879145713
12,20,0.7113261459230334,0.6365382797445497,0.1602158317199481,0.179879852608983,9.179690968731247,10.306356373930036,0.04728593595197486,0.06396621577657713
12,21,0.9076567648385784,0.8470965283833578,0.052945015677319206,0.03302753732481251,3.033525944564368,1.8923384964225545,0.011814997254530349,0.005203088137933505
12,22,0.7806643437090423,0.7092013732351228,0.077983019325342,0.0591080571398843,4.468097881029233,3.386642209333482,0.027299999887107004,0.01830384478737069
12,23,0.6795005284956497,0.6013462026870039,0.1708741758878941,0.19141499665424824,9.79036910615243,10.967271443799198,0.054296031661689434,0.07302648616970367
12,24,0.7277406832095596,0.6511235899352615,0.08504680832076521,0.06494459026442463,4.8728231778379385,3.7210509243579466,0.023813998242170606,0.013335683683289537
12,25,1.2205319089728095,1.1712178014704795,0.16615631890736152,0.1510882672915569,9.520055812821576,8.65672004975069,0.07220305528633507,0.05689760482899059
12,26,1.120195813704149,1.0687690852303835,0.10319621626232957,0.085351044731744,5.912707653550795,4.89025464016123,0.028496332045195277,0.017809619308742884
12,27,0.8932619766946468,0.8299210904499462,0.15286925902646836,0.13555199602829374,8.758763359508801,7.766557276995329,0.08729563954977541,0.07053142253738647
12,28,0.7934541975686477,0.722664318781192,0.06393851573298726,0.04274368995841477,3.663407099830983,2.4490330354328838,0.0159704550507568,0.007500805374466443
12,29,0.7682337408465243,0.6992541874246346,0.01273118407163817,0.025331803871568807,0.7294431155090463,1.4514054492940516,0.0004924813980685949,0.0015656533022542479
12,30,0.8911919561182317,0.8277784388393881,0.17268200819754873,0.15634311419795244,9.893950267563026,8.957800599474533,0.09096802111380897,0.07306311760541655
12,31,0.7818786090272437,0.7149864959264787,0.0930889695658809,0.11052654904624833,5.333605075346743,6.332704784495723,0.018627599069793638,0.027101928161837305
12,32,0.7650933660723277,0.692558521451708,0.09797438953905775,0.07878790427018642,5.613519020958692,4.514214391362438,0.034260002777607955,0.022946463690907436
12,33,0.7303397488990575,0.6562006910552182,0.03928031716979659,0.025860111670783902,2.2505963917646072,1.4816752564729214,0.0038281348362414584,0.001160421578133947
12,34,0.6897142710003343,0.612989750678292,0.0824435846172596,0.10242248459291325,4.7236694464986515,5.868376094417629,0.013802034584128355,0.024283094746014214
12,35,0.806444391296381,0.7364653302540203,0.11416277104895114,0.09532037500502537,6.5410449586232025,5.4614551893922565,0.05600226353208053,0.04177839157819625
12,36,0.711561096964798,0.6367632873879773,0.037356651328826235,0.043579148758751976,2.140378457883522,2.4969012986492682,0.0031811853164308785,0.004882616969481963
12,37,0.7016135082553455,0.6259619861620097,0.13026648102450905,0.1490536385649519,7.463719574725393,8.54014441084015,0.030738958824192718,0.04388331356836936
12,38,0.7087719520736491,0.6327430738303634,0.02383561329850203,0.03622692597327522,1.3656800441100652,2.075649963001532,0.0012822381252338227,0.003507097437478698
12,39,0.7479985867707792,0.6750456543388251,0.23600470771756019,0.2555152698642804,13.522073697434767,14.63994656436954,0.08980260889396637,0.11303440611421227
12,40,0.7283396548639526,0.6554519121808281,0.013661239136304668,0.024308350170888116,0.7827313454292034,1.3927658717180025,0.0004527256016816348,0.0016872244239897211
12,41,0.6021999038006481,0.510525281318572,0.02989655436292674,0.03227325596480002,1.7129463869791297,1.8491213579284507,0.0027177735277016508,0.002594516978917766
12,42,0.7738279747984756,0.7045453911208933,0.036868166816098516,0.04441994952117245,2.112390356946719,2.5450756337473437,0.0018333765267942587,0.0028024521135555543
12,43,0.9397754218758673,0.8782249004927439,0.12168659463037662,0.10246856088703478,6.9721282956398865,5.8710160716063955,0.057162203085583535,0.041609767894287865
12,44,0.7778747372018279,0.7057899440141024,0.08961291555647224,0.06910291761551274,5.1344418512480985,3.95930553140911,0.02999128284220634,0.018171725876694682
12,45,0.7206463466235326,0.6439451670786074,0.06649797369547372,0.04561136084790274,3.8100532389226105,2.6133384744330708,0.017747853876421707,0.009325198389193746
12,46,0.6861545798324424,0.6057703368895986,0.06150886799232127,0.041750029835376866,3.524198538587326,2.3921005041123617,0.014904185227653879,0.007464131145628435
12,47,0.7031627268846975,0.6241811216005086,0.10445811946265417,0.08652937537813746,5.985009381083446,4.957768013070498,0.028451778577097277,0.018130323722237267
12,48,0.8088010348216143,0.7427382487366326,0.17288973872927463,0.1940387754421337,9.905852350306928,11.117602894720985,0.06356380256681685,0.08443563674267945
12,49,0.6680987525080162,0.5847617239480871,0.08103507917688438,0.06146388145713856,4.642968029343936,3.52162099998644,0.022129026535688046,0.012080661338982876
12,50,0.8700748047016394,0.8053104877320397,0.13121046496122443,0.11381859926610867,7.5178058702273285,6.521325368038836,0.05683375484789072,0.042278895101338775
12,51,0.7074864295580319,0.6283899623543631,0.056599466148485086,0.04579346351914045,3.2429105330017682,2.6237721889330503,0.011892476506179774,0.006796021458686004
12,52,0.9511522984805549,0.8899775730464399,0.21834284287861336,0.2028234028572741,12.510123383832608,11.620924970203449,0.15993038495444345,0.1365769408446283
12,53,0.7551606715991126,0.6818273159155198,0.08969210996149828,0.07447575791377985,5.13897935641714,4.267146604497626,0.018489206736988457,0.010522495995423368
12,54,0.6826764182717514,0.6052800899695058,0.04988508647937317,0.07070309469524082,2.858204915913209,4.050988924551098,0.00595812869837456,0.013707081830710587
12,55,0.6407352683221548,0.5544213710820344,0.061633175773981724,0.04678445140033951,3.531320849837104,2.680551612074368,0.01984159542907504,0.01229786174843615
12,56,0.7217837087307748,0.6442518634159674,0.12228110257053383,0.1029819298331647,7.006191091497911,5.90042994555272,0.04607311436590102,0.03166100360625119
12,57,0.6912463165453956,0.611982744997485,0.06577118779520952,0.07579137962728406,3.7684114742278556,4.342526176117187,0.009294896791787036,0.010868664025318671
12,58,0.6570983772996565,0.5722694606153383,0.09795836252355064,0.07745157842813657,5.612600740611944,4.437648560558716,0.03473674709102281,0.022399298880231545
12,59,0.6546506924995912,0.5722435923041682,0.1674394452784559,0.18523446889545941,9.593573538467222,10.613153288057148,0.04363713190450573,0.058883451511890464
12,60,0.9544932593016578,0.8981370995875315,0.1703150486645208,0.18879497413136961,9.758333476042269,10.817155211009034,0.047389841043649,0.06333322477312898
12,61,0.8065488260148173,0.7384901980624435,0.059513487453642905,0.039742169007770764,3.409871655198515,2.2770585528408875,0.012108048445943456,0.005540333340052335
12,62,0.805916949847618,0.7374564634473029,0.0518289668678954,0.03156869634127412,2.969581058053784,1.8087530650850907,0.01089978375861116,0.004745263777784361
12,63,0.6831221777820325,0.6021925227122731,0.09179084238440102,0.0725861868608552,5.259227866576732,4.158882158074952,0.030947449181857836,0.020402528820032427
12,64,0.7475445135174879,0.6735991050376766,0.08308727730708151,0.06452609443434007,4.76055032092887,3.697072879550277,0.020081114638637418,0.011074249182018908
12,65,0.9288079333456262,0.8671821805298027,0.10342344626645199,0.08357840089983157,5.92572697376575,4.788689630012751,0.03595692907144784,0.023483867311230457
12,66,0.6125553616406513,0.5217619880971578,0.08541636760044934,0.06565166522481221,4.893997364843734,3.7615633353875344,0.03629082969040555,0.02479084147860194
12,67,0.6664480458986914,0.5828116711979904,0.17507914358381627,0.15713335572790202,10.031296008117618,9.003078103936605,0.14009140970673428,0.1161772185651471
12,68,0.8339383600708303,0.7662560257423799,0.1557343182501949,0.14048164754538767,8.92291916108336,8.049005503395074,0.05957642493968421,0.044798550371349125
12,69,0.6324011219735768,0.5444890318213326,0.19918300133884778,0.18342753637024037,11.412345327464603,10.50962368049718,0.13001621919600742,0.1087896456200646
12,70,0.6747285207319036,0.5952571650356362,0.03581999929108994,0.053194536148195276,2.0523347815410546,3.0478224144476838,0.003125921612886169,0.007396612798896807
12,71,0.6553149434113853,0.5702967035790718,0.08170739948137669,0.06569327826723637,4.6814891452722955,3.7639475870911374,0.020682599963312613,0.012151113202474275
12,72,0.6722211879046627,0.5895814084732408,0.1474038323281553,0.13035133318076406,8.445617476457342,7.468581245161389,0.08028375120358774,0.06399130824344271
12,73,0.763769569766047,0.6911837846985787,0.08907499145434693,0.07172280521479717,5.103621070497954,4.10941403364677,0.024715436209959765,0.015461649505883177
12,74,0.9249839686202816,0.8633852086617224,0.11030616047875863,0.09251733243086005,6.32007744972563,5.300852680097098,0.038094165167978006,0.026222259285492752
12,75,0.6550429343452403,0.5709471241430402,0.02986783907956485,0.027889802449473637,1.7113011224349715,1.5979679718084647,0.0037589674756913407,0.0021295876055431213
12,76,0.8164287950175657,0.7506993761437027,0.1544033650705756,0.17251576351499415,8.846661161161656,9.884425148886157,0.03755141037343025,0.052761956451977204
12,77,0.6463952484724074,0.5613245446605623,0.03734427114143412,0.020440638294932714,2.1396691253963724,1.1711623048531319,0.005779506312099543,0.002199707201218715
12,78,0.7276169478065335,0.6525060892779857,0.06848229714861685,0.04915303162959336,3.9237465979765376,2.8162612626487427,0.013373064459964945,0.006186927249662591
12,79,0.8778292581131535,0.8166456177829826,0.18676809337490125,0.20492030078974663,10.701023498087114,11.741068371803832,0.057593106448905224,0.07391567149996184
12,80,0.7485008350435423,0.6777021121296775,0.11819276365411464,0.13643169605495178,6.771946526368003,7.816960375760381,0.02235189332564866,0.03437399848693844
12,81,0.8256239986399522,0.757977420355958,0.05226274787008374,0.036822960071589056,2.9944348787121307,2.109800201280801,0.010604902358008591,0.005028297515328856
12,82,1.1274896728400674,1.0767174328761693,0.12505483014058005,0.10672892425602494,7.1651139747806365,6.115116911841668,0.051662875520326154,0.03741552462896305
12,83,0.7573349435319164,0.6841915639671674,0.09493558431435933,0.07951669082925097,5.439408306821169,4.555970785362699,0.02144341243389869,0.012761224765371774
12,84,0.7088678814156444,0.6332993735312524,0.00970304255318628,0.016116809973197577,0.5559433867334165,0.9234251906785746,0.0003757245190287497,0.0007999316144164286
12,85,1.0823752274931053,1.030222621521071,0.08057114779866385,0.06047035553296458,4.616386719388212,3.464696157694436,0.02588646827116297,0.016055980603966784
12,86,0.6590511131644556,0.5785526937949373,0.10484730617865036,0.12505027742562808,6.0073081373525845,7.164853123428562,0.0220041988975853,0.03433223409157565
12,87,0.7203407706048325,0.6431410426554035,0.05250988956655143,0.03663417893401326,3.0085950548614324,2.0989838388460287,0.009785059303502121,0.004168613178690038
12,88,0.8474001818349521,0.7811371737394719,0.13669447181975852,0.11967636323691515,7.832016318042129,6.856950520949842,0.05787371841048708,0.044138449148255966
12,89,0.8689061695965316,0.8044276615059037,0.13510738134632844,0.11872659589118398,7.741082732209166,6.8025328605201025,0.06178755678767569,0.048085064602483504
12,90,1.2014313905267644,1.1538105977759125,0.18868287550331442,0.1772743571633895,10.810732432732264,10.15707248135697,0.08002917167162181,0.06924006610797546
12,91,0.8172662725104569,0.7531344270697142,0.029561022937298294,0.04545906743236601,1.6937218523966122,2.6046127044751843,0.0014937511352543457,0.004668398892221405
12,92,0.7530944094412744,0.6793163828474057,0.057588511056983496,0.038424205151987065,3.2995786320076297,2.2015447863536926,0.012798435204157417,0.005829605784463024
12,93,0.9155539871215591,0.853198069012989,0.11930161147735985,0.1004934509631815,6.8354788267622215,5.757850608895198,0.04932759446544085,0.03515242332010655
12,94,0.8066165640366009,0.7375322501556355,0.07103026598930068,0.050313275297400074,4.069734458878562,2.8827383280208463,0.02286888514652444,0.013018447475421725
12,95,1.0553736001474314,1.0001320093940822,0.13509381071449503,0.11769797555067203,7.740305192279785,6.743597256287459,0.05832238227350196,0.04405271398643933
12,96,0.6474664795348933,0.5611202250314995,0.4175516807274128,0.43787072666930527,23.923949034274788,25.08814461047765,0.2585526979252831,0.29694076380928036
12,97,0.7900122349889868,0.723991928242916,0.029297459257461182,0.04050469799568374,1.6786207659090084,2.3207482456046833,0.0021503616788610446,0.005674129072982719
12,98,0.6603608648844121,0.5784329268130008,0.04216084683484597,0.04883774223578475,2.4156385843341694,2.798196511058271,0.0040633548435923365,0.004959441462189618
12,99,0.7731554288770215,0.7052075977123841,0.11583434935163542,0.13490118390493816,6.636819340492654,7.7292684890711065,0.024717506880857734,0.03683429635785175
12,100,0.8283966070730604,0.7640549012034096,0.016847061917698546,0.015790463907450623,0.9652655450797017,0.9047269384505753,0.0008000847005645625,0.0004992002952137094
12,101,0.9478223956991673,0.889414764969857,0.05081033646334885,0.04508201110937668,2.9112178349895625,2.583008968529174,0.00834039876884297,0.004730821403272725
12,102,0.8098194918237781,0.739958152422348,0.0702337273791509,0.051665936536516535,4.0240961582977635,2.9602401081331555,0.01751254435781391,0.009005003902527932
12,103,0.7239472835619991,0.6467597092523111,0.1573497475971041,0.1406978175715729,9.015476444762832,8.061391133552721,0.07872235328036323,0.06212190353414198
12,104,0.6773655366309345,0.5993597543372102,0.08773468255570953,0.10904224991720542,5.026827027362203,6.24766070886662,0.02227813192319745,0.03558458526515968
12,105,1.187792293011314,1.1391247359294638,0.16862070323156514,0.1536638864377191,9.661254633696645,8.804292156458875,0.08919455138827513,0.07345977391559858
12,106,0.8022302090620685,0.7359665045619815,0.015001909852558523,0.02789009553718365,0.8595461191873305,1.5979847644972756,0.0003741769710226782,0.0018392066226831875
12,107,0.6697771141883213,0.5880659348702004,0.04874679689108773,0.05040691543987883,2.7929857266407696,2.8881035129778825,0.005362372703287213,0.004512098208010566
12,108,0.791671720239857,0.7212375514626055,0.10076193213031998,0.0818769975967779,5.773233446650979,4.691206401498158,0.03230250932571658,0.0209458975663702
12,109,0.8998333558476119,0.8350761771110247,0.23380411108321436,0.2206447838906376,13.395988797876058,12.64201488850967,0.13582887493373508,0.11613588286311764
12,110,1.0651266924403682,1.0098458743149574,0.2225780816863768,0.21032594394482668,12.752784692747472,12.050788910143702,0.12929669084236112,0.11467150151381576
12,111,0.6044445941593686,0.5152821697907043,0.0785632010867374,0.09924470500744406,4.501339847307655,5.686302735947412,0.013721643574555915,0.024183869395841974
12,112,0.8444144713686803,0.7789995778462916,0.09327906944320226,0.07438391210046072,5.344496996003211,4.261884227028494,0.029587522864544018,0.018821542217256515
12,113,1.0833985476839165,1.0288797110725638,0.19519671480734269,0.18128238597132976,11.183947933279518,10.386715616218797,0.08945661819095965,0.07323005241772494
12,114,0.7006579534021765,0.6219585903130104,0.09142614940306729,0.07239349223663008,5.238332497928266,4.147841569371994,0.02789733769469803,0.017217306171772404
12,115,0.7040339063478003,0.6267115567944403,0.28204075240420096,0.30195256237076384,16.159744763454942,17.300607437005525,0.13359091814662688,0.1602725844109897
12,116,0.6842176738543696,0.6062390324151079,0.01224712192331878,0.026093081676147503,0.7017083973883096,1.4950234545333958,0.00046159468735265587,0.0028369858928086293
12,117,0.6898761725643566,0.611592426857557,0.09172300915585055,0.07812788086932021,5.255341308870044,4.476397836112933,0.024261015379135477,0.018926006303020187
12,118,0.6673298002579938,0.5878456873712504,0.11973396962064849,0.13964137314782182,6.860251123610773,8.000861326781653,0.02940575099484382,0.042913185831710006
12,119,0.7556809343846304,0.6811121332662828,0.3247492508327727,0.3439126413992872,18.60676147275321,19.704742873375306,0.15270719772843802,0.18170101853058396
12,120,0.6747837980816563,0.5948322729246749,0.06473778563199474,0.05215968960594836,3.7092018917359595,2.9885300751332293,0.009374074304117585,0.006404635790231955
12,121,0.7066803890804687,0.6279591511611763,0.0861167008583486,0.06527323235704303,4.934123504774009,3.7398807292353284,0.025448628082880148,0.014849053512888254
12,122,0.7071900056026511,0.6284554205352866,0.07743595306184996,0.05978238638409657,4.436753293017147,3.425278429029092,0.020901517635214917,0.011969108242898235
12,123,0.6966235917608358,0.6168938081646901,0.10648288491989817,0.0877120322341446,6.101019896287404,5.025529259531918,0.03304637551594313,0.02107886288390432
12,124,0.7387512373933903,0.6640687485137792,0.08154763110673113,0.06303714214486283,4.67233509170544,3.61176219746689,0.019528679202036936,0.010946663641337659
12,125,0.8120613199134151,0.7433619843729448,0.10846366048463955,0.0907683797456687,6.214509976309728,5.2006450726675615,0.0360354913187065,0.024616743574229084
12,126,0.8129938478522101,0.7437196132288714,0.11301439659834867,0.09449897549187182,6.475247949303026,5.414392463994458,0.04430336015148979,0.030862387193181552
12,127,0.7073709906150131,0.6287373216626732,0.07176883511438853,0.05113683439448508,4.112051352624766,2.929924788463422,0.02086188803315909,0.011883362872863578
12,128,0.7400974742635477,0.6685219578404589,0.07034867411233267,0.08669632569973958,4.030682120977895,4.967333561886651,0.011842678355451195,0.018346238747254606
12,129,0.6406250293946087,0.5541289996304113,0.09366731781719292,0.07667268063631288,5.366741989235694,4.39302100441516,0.022541368837061822,0.013070259183422049
12,130,0.6937044323722782,0.6150796277283831,0.03536558969359282,0.015635566218033765,2.026299029434231,0.895851954590661,0.004767067854538624,0.0010150061750430041
12,131,0.7453680900411017,0.6718985040156645,0.07341149531820174,0.05561783313298599,4.206168849477362,3.1866671041829697,0.021162596634418794,0.013506782690418846
12,132,0.8199979118356159,0.7537210364040584,0.07304701392343424,0.05543436961261238,4.185285603846142,3.17615541877095,0.018457353618838525,0.010678423129866867
12,133,0.9265566277271571,0.8642107908324483,0.15044887009341593,0.1330990199149011,8.620085288864724,7.626012098451527,0.07430222375732701,0.05747230236793931
12,134,0.621978325580302,0.5332075123255697,0.08168085343067233,0.06446411324932398,4.679968168604195,3.6935216192396356,0.01644956117918176,0.008589932603397285
12,135,0.7077277515509471,0.6320521190073248,0.04347551499693116,0.055478243149430145,2.4909635214818717,3.1786691872629196,0.002356195173144303,0.004976802977878732
12,136,0.7612208455326476,0.6914938906361184,0.12028459436184259,0.13950616458525,6.891799597376679,7.993114446792258,0.029019463668720435,0.04335314017528123
12,137,0.7842075638880004,0.7173480673902105,0.11820457099381526,0.1377615401899861,6.772623037100125,7.893154832108072,0.02521616921796655,0.03809898299028358
12,138,0.7769912782443533,0.7065206221241517,0.202390309629032,0.2212883393182779,11.59611055608948,12.678887898396196,0.06793217296050483,0.08838779797963475
12,139,1.0118648527578933,0.9439095782880421,0.528750325970416,0.548698490342851,30.295162094271365,31.43810772184512,0.3842245814845491,0.4294925757532282
12,140,0.892671282928567,0.8307923177380183,0.05893329214562185,0.04096292619045847,3.3766289127556157,2.3470027872191737,0.010329422725065478,0.0041176085159935795
12,141,0.7127997014408023,0.634803608456923,0.16791324348905892,0.1516543064167357,9.620720176275626,8.689151702662715,0.07846773629498498,0.060085523331977045
12,142,0.7185432951549187,0.643557885633165,0.022599018707136015,0.012775175533696118,1.2948283930560878,0.7319636406195766,0.0022116442479668975,0.0008166683366380323
12,143,1.061417859600809,1.0065155445178937,0.1307609645933041,0.11214577871169944,7.492051396255916,6.4254798103884525,0.06037550020886959,0.044571700679085086
12,144,0.6716034387692158,0.5891507516264987,0.12876884495685542,0.1119338523663107,7.377911348802271,6.413337325230046,0.04963570270828184,0.036538577469415676
12,145,0.6970955763369312,0.6167074990417472,0.14402922932000828,0.1255871095378118,8.252266966558366,7.195611337763783,0.06188085194067826,0.04513974992435388
12,146,0.964218858554239,0.9066210831325426,0.1575305048834447,0.14309273299829464,9.025833074386385,8.198609679794648,0.06365952115426313,0.0516933385253026
12,147,0.7996429733020367,0.7299212493129417,0.11387102770747397,0.09474267336309816,6.524329296455517,5.42835532349205,0.051274628836305874,0.03692973464657728
12,148,0.7573647488108688,0.6866217883839957,0.0614270806121094,0.05236161490926916,3.519512466883754,3.00009954279041,0.006040594771385247,0.004079440429965841
12,149,0.7329348160775945,0.65692281071172,0.15004146780174585,0.13373132132992496,8.59674285698807,7.6622403009125435,0.06433085378087645,0.0498739889061702
12,150,0.7088680380577046,0.6328267601939244,0.06000604267004292,0.049856932515971834,3.438092990275389,2.856591812633747,0.006968228665145765,0.0046060909535582725
12,151,0.7977988952316883,0.7318911272107862,0.12037111751642751,0.13896978836195778,6.896757008964552,7.962382352966447,0.024939796224858618,0.036924991107654924
12,152,0.720785435473066,0.6435748503278192,0.07441938396565408,0.05574475049739346,4.26391661519553,3.193938933510442,0.019485932362198116,0.010474431617649379
12,153,0.6780514713508061,0.5958184937676957,0.0691565646241361,0.04778831450162679,3.9623792785867304,2.738068730987043,0.016717067908123343,0.008160578359477418
12,154,1.1421765347488881,1.0882110297646042,0.27668687842526035,0.2629503715932343,15.852990380416731,15.065946513689019,0.24305155968497413,0.2159050068714721
12,155,0.980525301719242,0.9208187522952687,0.21980690832846422,0.20457809562941964,12.594008155039985,11.721461460389499,0.1657546582244525,0.14447744257713968
12,156,0.7126155362550498,0.6354884131310735,0.043853214960546984,0.03213527749473261,2.512604135319303,1.8412157739299162,0.008616039081798067,0.004747605971051314
12,157,0.7442082406096587,0.671800423174032,0.1830911343432608,0.20091767465877441,10.490349264131606,11.511734787530347,0.056986640274134234,0.07285329458535436
12,158,0.7839785094595619,0.7134745146086506,0.05293809694016075,0.033288028173583145,3.0331295301256285,1.9072635226588923,0.011232353498891453,0.00522569321765411
12,159,0.7577107556053401,0.6815192670197655,0.3779689040956473,0.3981131464556123,21.656022991865566,22.810203060580214,0.21437085853937687,0.24935093333994318
12,160,0.9978111432184255,0.9416004374000959,0.16869764504952717,0.15398843567707277,9.665663075133931,8.822887458118021,0.10386781766637097,0.08723896120744899
12,161,0.7765321967646157,0.7053625303107193,0.07792062320663684,0.05790866974623549,4.46452284676943,3.31792237367621,0.021791278808690175,0.01189719577386518
12,162,0.7946872543934037,0.7247059080739628,0.05541272943009967,0.05021881006711461,3.1749155276450787,2.8773258690147574,0.010095824412988367,0.00671462600716476
12,163,0.6987907981349105,0.6193190113983007,0.09885035961469098,0.08025824505919829,5.663708409272232,4.598458713018754,0.02969266163602364,0.018276491791143157
12,164,0.9151143007001225,0.8513513148876468,0.24760517964262418,0.23391583516057196,14.186731779100935,13.40239011597864,0.1733867736346798,0.15007269111953994
12,165,0.6476397862056645,0.5615772390564958,0.0928610415826245,0.07201532301451703,5.3205457638732225,4.126174069003171,0.037293560332995544,0.02448141578743753
12,166,0.629379608293217,0.541183785546824,0.0625450516005558,0.04255673735654563,3.583567486139802,2.438321440376792,0.016734457322294307,0.00893134587525896
12,167,0.6899502750821983,0.6092812517422191,0.11723660703059426,0.09820109064372062,6.717162787286806,5.626508037466828,0.0439259786324505,0.029646948182465147
12,168,0.6534491581523985,0.5680403661271727,0.19321383879677073,0.1764826311399035,11.070337506576006,10.111709921680548,0.12461010236510768,0.10272327694117618
12,169,0.775040414486417,0.70734102428903,0.028957095821391284,0.04659922779744664,1.6591193775216324,2.6699390813623998,0.001252722387890379,0.005032610317822071
12,170,0.9085058517409673,0.8485736870366173,0.08230614237030283,0.06406067352946623,4.715794585821234,3.6704062260038466,0.018606309344575418,0.01109729243321306
12,171,0.8961678700522555,0.8370676528430181,0.018304054371959363,0.016659215749389965,1.0487450634912543,0.9545027524379159,0.0009827216879318684,0.0007904292570684928
12,172,0.6089348736876643,0.5175503148389164,0.08893717245454821,0.06880998787721145,5.095724623472773,3.9425218937105746,0.025562912977669577,0.01538423441753229
12,173,0.8098250582219491,0.741312428963508,0.08302845566975789,0.06303355979694512,4.7571800893661775,3.611556944050458,0.02350650500572766,0.013492282659178602
12,174,0.8223694885348208,0.7584003549864888,0.01682851193296783,0.03440689464940752,0.9642027092445995,1.9713698495623053,0.0010870610931145008,0.004228855055210267
12,175,0.7953206672923917,0.7248897030617093,0.16214725518913556,0.145090449956805,9.290353381968204,8.313070430179005,0.09610214943012509,0.07776709591077972
12,176,0.720401690610815,0.6470675522829977,0.12882615647208095,0.14898737601686268,7.381195056742194,8.536347846494854,0.03221481351472108,0.04758163151446802
12,177,0.9588690058188323,0.894464148319615,0.37471167563732616,0.3942068044294055,21.46939754829386,22.58638614914398,0.20517217488740697,0.23864003442234547
12,178,1.163088917295426,1.1177980349072938,0.16061872165560434,0.18053747892317687,9.202774861652648,10.344035586230088,0.048858068927683004,0.06612461804922365
12,179,0.8632929982280289,0.7996908179796595,0.04220079096956486,0.02497045642114368,2.417927214669864,1.430701765446879,0.0077427777956935,0.003084774003468344
12,180,0.6310271239343401,0.5431954252042246,0.05820037305791367,0.03767868160270788,3.334635742305358,2.1588294334523823,0.012493816358937093,0.005297567199946385
12,181,0.679658275093019,0.5985659620605173,0.0644434408686656,0.04916631676687608,3.6923371790754227,2.8170224449452945,0.021064620110945953,0.014447731955765446
12,182,0.7563835590968228,0.6827422176975685,0.05257479326995074,0.036628471331308254,3.0123137631409818,2.0986568172998945,0.009821582415347436,0.004234749132769668
12,183,0.6657632353216286,0.5822999131160905,0.18397167846357987,0.16692879082660578,10.540800725900947,9.564315193586644,0.11351001684477363,0.09151217226581398
12,184,0.6309051003116394,0.5429287041796325,0.15657167082713871,0.13879804293029036,8.970895929706643,7.952542064581251,0.09523829940872584,0.07597726937966984
12,185,0.8020295013740105,0.7324050786635311,0.11560845319510173,0.09607597989530528,6.623876444115046,5.504748160584741,0.050677624957216644,0.03675686666314446
12,186,0.7254391382338351,0.6486392225775692,0.10772481532910717,0.08927854246835638,6.172177267184035,5.115283684516304,0.0339277722176576,0.022015358126443348
12,187,0.8661381229249608,0.8032391762401315,0.05233746480535276,0.03321747998084739,2.9987158437611976,1.903221408962858,0.011701335662942715,0.005436620300373132
12,188,0.9068276076360573,0.8474368375499015,0.03971485291369254,0.0321180569940084,2.275493455937423,1.840229111917317,0.005221938020012849,0.002403662866371857
12,189,0.8258528504695055,0.7570973524197451,0.14433664732001858,0.1253794246146801,8.26988072050531,7.183711868199838,0.0872847764606676,0.06806960558309247
12,190,0.796905975907098,0.7292581830428588,0.040618662818101954,0.0239866108546968,2.3272779489422044,1.374331566796815,0.004743642193157902,0.0011467987382846809
12,191,1.2331446392077767,1.1858710289626968,0.20447495533640475,0.19132814958315228,11.715551956902003,10.962295473162326,0.11852903133462782,0.10320596123433168
12,192,0.75239895360747,0.6825507606753282,0.024874820676258902,0.03323154353396458,1.4252222408943913,1.9040271912014313,0.0012656623134583225,0.00377004374773573
12,193,0.6668180492722159,0.5837635363604361,0.10321091132086035,0.08587054812932753,5.913549618384307,4.920019992285473,0.031274676057011425,0.02024499468373399
12,194,0.7158363806501331,0.63818241025179,0.08814544733471898,0.06959492685657226,5.050362115572068,3.9874955844032556,0.023104764809119556,0.013074058430192353
12,195,1.1030035788117463,1.0508193361112685,0.12009114965054628,0.102512912422696,6.880716031850273,5.873557227414708,0.04876746656833676,0.03554685657025421
12,196,0.744474624159999,0.6732171467559771,0.10828943210431378,0.12598489140385127,6.204527425445661,7.218402559854683,0.018555164787640265,0.02941193054580233
12,197,0.8323313518769415,0.7633666821938927,0.3093688046261376,0.329380426668662,17.725526818085022,18.872108302332638,0.1490970134152948,0.17929503784871811
12,198,0.8416533928007642,0.7749261340031136,0.27244907146336694,0.2917822319444882,15.610181927109082,16.71789042732644,0.12107081032346231,0.14611376336673654
12,199,0.8201714450686448,0.7549396854959277,0.18675577876048768,0.20573258819756068,10.700317922654886,11.7876090120232,0.05897700081140675,0.07678307034706347
12,200,1.0693508751777514,1.018356540766673,0.047488457746629,0.03280247443652818,2.7208882044671814,1.879443342798838,0.005658863211290548,0.0019375695702032025
12,201,0.7575386099633015,0.6842004121830964,0.06034660089368849,0.041282914726927605,3.4576055391687524,2.365336779851423,0.016648141704518473,0.009066651141437945
12,202,0.8206217419301242,0.7528300573964612,0.05629711585146885,0.04017577161227176,3.225587137048211,2.3019021520646747,0.014035372295890546,0.00797761535435325
12,203,0.6036996345782606,0.5115107018847103,0.10098858854694258,0.08158646265850608,5.786219902723013,4.6745599757340885,0.03628719251006023,0.02374647552274714
12,204,1.007624324164795,0.9557151084720072,0.019262346845890555,0.032251188304546416,1.103651177786662,1.8478569741321909,0.0010124360161736217,0.0025331926291016337
12,205,0.8270056914481138,0.7581560153060934,0.19877775725733499,0.18497211869787583,11.389126551921265,10.598121728981186,0.10260106978355973,0.08523145065545118
12,206,0.8039020661513218,0.7389817115318523,0.09055887177279683,0.10880103552367465,5.188641150047661,6.2338401421595,0.02142696704723422,0.030836079050089053
12,207,0.8987633005582919,0.8343974151454704,0.22113531724490504,0.20509584698603797,12.67012037941959,11.751126427960902,0.18046280058418873,0.15567443703191006
12,208,0.6313101787216397,0.5431829106368302,0.08994301140119178,0.06958338764531719,5.153354949985333,3.98683443629943,0.02738043069940064,0.015911570649442597
12,209,0.9415269474429239,0.8862254311077252,0.056226287538967516,0.054856231405982725,3.221528973671851,3.143030539555808,0.004636921175233288,0.006095491384593183
12,210,1.1201261567715304,1.0735801826563822,0.07956985539290523,0.07215886320866101,4.559016890479742,4.1343983163181095,0.01208280159575538,0.010999613261732225
12,211,0.6056893981009153,0.5165794321461293,0.09354823985199681,0.11333488646882381,5.35991932439695,6.493610666257946,0.018178030962368225,0.029691196123676163
12,212,0.7802814154802032,0.710959242667917,0.10973198194711394,0.09542870772606092,6.28717944317537,5.467662197090762,0.029603376417194557,0.021449378416373295
12,213,0.7912056718727313,0.7243516385760703,0.0239213581611478,0.025292101493846243,1.3705928628545967,1.4491306706139144,0.0008550381616976716,0.0016714593242720234
12,214,0.716784184570074,0.6398593914046107,0.10953152353910454,0.09190306684330184,6.27569402242852,5.265657854429889,0.036491052550893764,0.025340209720549192
12,215,0.9517802303133636,0.8937365330325217,0.0900106041749545,0.07043382098363334,5.15722773064752,4.035560677342167,0.028810524298634302,0.018082340193625333
12,216,1.0537593934732952,0.9991279289699772,0.16238865198585986,0.14485846977668984,9.304184399608484,8.29977894492772,0.09962845158397995,0.07986700282622283
12,217,0.7199782801883459,0.6455753767859856,0.1044157959115121,0.11996902759083078,5.982584420228999,6.87371895324313,0.015138233431049343,0.023064815028752704
12,218,0.9787770575909371,0.9084842485354938,0.5733408928522503,0.593326420543987,32.85001338269629,33.99509977077464,0.4431349398565634,0.4916982459232697
12,219,0.8664954080061149,0.7920401535430028,0.5238389891663762,0.5436922926439841,30.01376322363261,31.151273722291943,0.37827688502153634,0.42251359319943027
12,220,0.8551166849212202,0.792484150212337,0.038386343032998455,0.025724944660423577,2.199375446732223,1.4739307572498737,0.003783717190636051,0.00144531207388051
12,221,0.5777708583589203,0.48151446686511307,0.07003409213998078,0.05467897708820103,4.012657901651231,3.1328746152464464,0.010358921418003424,0.005020615527604126
12,222,0.7992595568951251,0.7290953873463811,0.07868151710089949,0.05744843230058869,4.508118855567953,3.291552710466766,0.02350409257858678,0.013292086125811738
12,223,0.8686628544497381,0.8031826375994096,0.10626249383464464,0.08589350531734045,6.088392417260069,4.921335342268103,0.03903168204905381,0.02527257318119666
12,224,0.7602218080996305,0.6880303393252216,0.08391449927609393,0.06668374630892208,4.807946648473784,3.820697225622317,0.018357416771393666,0.010582980805564406
12,225,0.7314236835931449,0.6556761911128387,0.07129706608631659,0.05058084724945753,4.085020978411254,2.898069071589815,0.01732386342814056,0.00898157900930471
12,226,0.7092417164183493,0.6332895815305899,0.04684103403211513,0.036526651113517224,2.683793558068854,2.092822948551366,0.009854668291018526,0.007061794692587766
12,227,0.8287655461137995,0.7662908707945143,0.04018435092494131,0.06079066932171547,2.302393710471763,3.4830487859097072,0.004352029555387632,0.010813408915307111
12,228,0.8177328482479151,0.7542859626768602,0.04952279171221874,0.06926465268989893,2.8374469548155856,3.9685722685706732,0.006321473066213553,0.013454122542872218
12,229,0.8399506037774654,0.7783120837528458,0.05425229514804791,0.07438530975983303,3.108427540881219,4.2619643070117235,0.0064700732989606165,0.013514824046681598
12,230,0.8401337863203067,0.7779796629709604,0.027754146333886263,0.04267615339247154,1.5901954489201693,2.4451634752415297,0.0015416188775093688,0.004451026334278567
12,231,0.9638179361636701,0.9054111271129737,0.13029646545708862,0.11513402122989566,7.465437556163296,6.596693494842641,0.04105747785782489,0.030719507257353007
12,232,0.986393005749067,0.9333142408060943,0.07230327355519257,0.0642209454289683,4.142672419692389,3.67958912941986,0.011024364738096617,0.009493018717657859
12,233,0.7880388602448041,0.7190287205853929,0.039073779294668945,0.03251153338905437,2.238762643210193,1.8627736486914732,0.005446051010763865,0.0029155324689847024
12,234,0.7507688561066471,0.6758075646975329,0.1077268257479227,0.0870351400512133,6.172292455697218,4.9867461942645575,0.04295678636887348,0.02838807279595583
12,235,0.7096042835679099,0.6307268126348844,0.20425332715740993,0.18814714025958984,11.70285359762443,10.780037064330434,0.1489148779242659,0.12636612955411664
12,236,0.7839791994157687,0.7124923430519847,0.08344649638224878,0.06310748467390873,4.781132057856548,3.615792527501496,0.02507213334116888,0.014353467900028456
12,237,0.7415253866321797,0.6675150621056498,0.06770231777097402,0.04807088587812358,3.8790570715303625,2.7542588782715116,0.015925475832854155,0.008788409766084138
12,238,0.8684045888824958,0.7930768956808167,0.5691521440061089,0.5891961415334469,32.61001575237209,33.75845221525922,0.4377658246151797,0.48619962177782505
12,239,0.6737132053343232,0.5924044767580074,0.28079197488042373,0.300709403785004,16.08819508179171,17.229379696776032,0.12817532286837646,0.15500554321719878
12,240,0.8850996094004716,0.8249071869016152,0.06635672648609488,0.07701956437506889,3.801960369957202,4.412895978627597,0.004695721490639692,0.008734415769443976
12,241,0.783700985472059,0.7128361716313006,0.09286480636157046,0.07322869998691035,5.320761469817626,4.19569544847967,0.03504179453434572,0.023871446897836518
12,242,1.0614646836526358,1.0085158108148116,0.10501515187261243,0.08659387514023369,6.016924987226056,4.96146357721821,0.04206388845483393,0.029790519763721456
12,243,1.0334646924558606,0.9778562408926029,0.13296749598270347,0.11640059495427438,7.618476332231637,6.6692628236917075,0.048806600630990175,0.035673286199975784
12,244,0.6653093335365012,0.5848075451483307,0.029715207712769393,0.04984796874487798,1.7025559892962785,2.8560782263815474,0.002353999817732629,0.007390779205990291
12,245,0.6845735096790728,0.6033429409382264,0.052956092223049436,0.03838005461310165,3.034160583886294,2.19901514681233,0.011895897079555882,0.005822635023666177
12,246,0.8044470385351367,0.7384623590001252,0.049952680136950194,0.061584502123775496,2.8620777472142254,3.528532055106791,0.003493406172779299,0.005816202147931267
12,247,0.7622256761430234,0.6938513019309486,0.0441313263578141,0.06537458797220493,2.528538744617195,3.745687978214057,0.005942229983364154,0.013471058926507708
12,248,0.8143205948041818,0.7449393254886568,0.09936958428049862,0.07886640703833771,5.6934577912421,4.518712268657601,0.037671535514143865,0.02480400243763166
12,249,0.6694865217215873,0.5890401509986621,0.05534228709654457,0.05117251280805758,3.1708794792333186,2.9319690109808483,0.010636620524176748,0.010707195763797327
12,250,0.6999007508991136,0.6202059679862976,0.3329963388196984,0.3526666863202403,19.079284807677098,20.206312701013854,0.16701078795121863,0.19850602371532414
12,251,0.7259788787889124,0.6537978251832317,0.07800814998855639,0.09885468409222431,4.469537761967782,5.66395618358349,0.015175919976465758,0.026003810434527756
12,252,0.7026344130180068,0.6206349439364574,0.46118470860919103,0.4810787369085149,26.423937379277326,27.563781238342408,0.297548866973822,0.338342786137676
12,253,0.852538340455258,0.7874385781455475,0.09148437078024035,0.07427653060553155,5.241668337117722,4.255731720571247,0.020539882209879914,0.011789169053028195
12,254,0.891589450785219,0.8286909147393291,0.09312262123857369,0.07411355609540635,5.335533174165596,4.2463939689728605,0.030093336951995453,0.019620309208164335
12,255,0.7888278579795109,0.7187859350432815,0.05580908700141583,0.040692827871810194,3.1976251436595504,2.331527293507048,0.009333013229111647,0.004071640590783725
12,256,0.8686337927950003,0.8046378902049244,0.07129621714132747,0.05025571977352965,4.084972337446339,2.879440639415406,0.016696544812292186,0.008109449772964884
12,257,0.6733537823477098,0.5933303322351158,0.0363277458085136,0.04075872000861815,2.0814265140518957,2.3353026348492425,0.0024487584911123397,0.002800717028427789
12,258,0.6964653773391853,0.6208257568666403,0.11742718655320318,0.13726634355542378,6.7280821895939145,7.8647821549185695,0.02767580236018513,0.04069993973633792
12,259,0.7475399041625806,0.6714305147671193,0.33634979656441766,0.3562458915354953,19.271423783224968,20.41138605385918,0.1747908929834746,0.20568769341319038
12,260,0.7854716471318619,0.7188362029249623,0.03364589269062447,0.05309877248133734,1.927767649122848,3.0423355605060274,0.0034434158228892967,0.008964966216959892
12,261,0.8053933735829617,0.7369957265961217,0.07662367215686217,0.056691343236988205,4.3902130253822795,3.248174702406947,0.023606791432652388,0.01414627397033252
12,262,0.9216703619525269,0.8619335799628386,0.06683373378822755,0.04687599120327661,3.8292908751663255,2.6857964564401233,0.014826655048855122,0.007601299228555791
12,263,0.6527974680735568,0.5698479616439933,0.01842614354289581,0.028886222420547246,1.055740257710164,1.6550586307735302,0.0007695107292786806,0.0020062810799373852
12,264,0.6070505408442572,0.5153159026920479,0.08726264866057977,0.0689203540482415,4.999781477384147,3.9488454095116157,0.023055729633047653,0.012989622726663971
12,265,0.6402682401266719,0.5535387566391488,0.11656163622002709,0.09730583141365064,6.678489808546782,5.575213462013687,0.05015062801438735,0.03497331218948667
12,266,0.6621969411264281,0.5791682370343595,0.06568020704380237,0.04787352508189178,3.763198661155297,2.742950937606088,0.018439340891049514,0.012137079354213716
12,267,0.810535932027867,0.7455111884861304,0.1454150758810762,0.1641281818341429,8.331670125560276,9.403852118252136,0.036634804033416186,0.05068025525409481
12,268,0.7140384350444686,0.63811319084215,0.132287209201094,0.12872567428869514,7.579498770786876,7.375437851717927,0.029858866775325166,0.03123159279284228
12,269,0.7119104905680593,0.6381926937887132,0.09182981879902445,0.1123691457912339,5.261461050635207,6.43827780132794,0.019599442774586154,0.03113211095254073
12,270,0.5975155693095264,0.5049998625693642,0.05102670578140599,0.035253958392203695,2.9236148837303606,2.019903027003081,0.006527360350242043,0.003407828190221387
12,271,0.758864656710287,0.6852678250877132,0.10981610230939057,0.09106413410771132,6.291999184904933,5.2175905493851875,0.036309294714426225,0.023904361095062707
12,272,0.8872786188055029,0.8239320973476448,0.13562185546069516,0.12218551654752188,7.77055992763111,7.000714415798885,0.03876462733517365,0.028177222330587746
12,273,0.6188541720376047,0.5310813166573496,0.3161493083289081,0.33578110180324905,18.1140210632266,19.238839973578806,0.15259846571946342,0.18178879168735396
12,274,0.8041148506398319,0.7386849407542018,0.04542660886921922,0.06016883163434566,2.6027529657978143,3.4474201108812417,0.0025624764539175227,0.006468392872661113
12,275,0.948397746831503,0.8898266917747071,0.07086292592305786,0.050919813699484215,4.060146579339409,2.9174904185728763,0.021600565034020403,0.01277497542088226
12,276,0.892582853958536,0.8317715268765652,0.06363040202142073,0.045194714066288603,3.6457534845481097,2.589466372298872,0.012892907522714336,0.006765213948618502
12,277,0.7214801165897158,0.648166987291601,0.061211161223394,0.07677113558764356,3.507141197195317,4.398662057598573,0.010168475150448976,0.017396796498907373
12,278,0.7782292783972304,0.706585265447023,0.11306035937724068,0.09312603316502235,6.477881422548232,5.335728663151113,0.05078406074690814,0.03600539522644716
12,279,0.7789399567000784,0.7107227020686535,0.1348557105200897,0.1517470386619024,7.726663056039117,8.694464868935539,0.029772226936144126,0.040872990955218014
12,280,0.6490264358652744,0.5642259729076234,0.06754610239498016,0.05318280928356848,3.870106589790865,3.0471505145976474,0.008842317643259621,0.004102450771164036
12,281,0.7966564867267555,0.7262474886187372,0.15803189562943842,0.14101271763429823,9.054560648018741,8.079433578115287,0.08534387688091463,0.06877941353610466
12,282,0.71616526933598,0.6401670236612864,0.03982659692784409,0.02617523616717171,2.281895916334157,1.4997305601371285,0.007805159135672014,0.004075235355335924
12,283,0.5920738786484783,0.4980378286266071,0.09495856894130734,0.07618752427713037,5.440725228938973,4.365223592630068,0.029912164278608024,0.019206299075257616
12,284,0.7276512134581662,0.6511632285763428,0.0540502772575823,0.05254241924384885,3.0968527683714036,3.0104588680794975,0.00867591252182923,0.006601342834643739
12,285,0.7312344953039228,0.6587007427935145,0.046322095066501805,0.06334193998176989,2.654060545514326,3.629225827126381,0.004099580366084238,0.008888454587118413
12,286,0.6790094867104441,0.5999376920080924,0.2032412035242825,0.223001182123005,11.64486318510078,12.77702656207641,0.0734362927474614,0.09414606700138824
12,287,0.8769279163709643,0.817287348159947,0.1343465256272249,0.15313643869095164,7.697488910686142,8.774071626655415,0.03498599703789339,0.04862291487081721
12,288,0.8083421773305267,0.7427725906102447,0.1431361885495731,0.1624416655952418,8.20109949947932,9.307221855682826,0.03504571312392536,0.05007774011049458
12,289,0.6857528169840675,0.6059367948305869,0.053982392247904694,0.03871106521211201,3.0929632438246717,2.217980657109721,0.01118496595008708,0.005317190252625227
12,290,0.7424665865978289,0.667653435248213,0.10899396303245323,0.09139937868381,6.244894074164486,5.236798648700294,0.043282693355522,0.030948841992822634
12,291,0.8241019193751153,0.755746693051611,0.10241620198788284,0.08401528790805934,5.868016127665039,4.8137214117083,0.03076769002078026,0.019096557226973745
12,292,0.7008199510295571,0.6214112898129059,0.06922918484002798,0.048360148868698515,3.9665401104646643,2.7708324268007876,0.017157624849398388,0.00835300343475585
12,293,0.6142580366411728,0.5258768197357534,0.21537317333055064,0.23297108599497118,12.339973852180092,13.34825997609121,0.06711484368139789,0.0852670394113344
12,294,0.6315270547288451,0.5467788727857292,0.1205312781474394,0.13974657029251597,6.905933537165685,8.006888679189455,0.029472905894235644,0.042272465369871344
12,295,0.7277385074737037,0.6531414906194544,0.248135263215614,0.26808151321041873,14.217103330622466,15.359939272437618,0.10416772528756088,0.12865350371519962
12,296,0.7729663191665157,0.704923443888187,0.11082012576720301,0.12972442326672043,6.349525491569717,7.43266195295178,0.020848750969662287,0.03257756426102589
12,297,0.6913994532413327,0.6140817713155621,0.14188415188659995,0.16035905370378356,8.129363082895313,9.18789698393851,0.0357621246839065,0.049255719537887196
12,298,0.9045476537410405,0.8468588328007394,0.019430514462378826,0.029821903064429042,1.1132864724622145,1.7086691826400404,0.00038885726698863936,0.001846101218717578
12,299,0.8077173855253322,0.7420159887146396,0.07356502217489323,0.08746722468156577,4.214965290407695,5.011502819976225,0.009089332259397946,0.013798996067899305
12,300,0.8532069739946787,0.7860214259930334,0.20285530574060093,0.18998535411150938,11.622752870772374,10.88535895988791,0.09036931660782331,0.07515943769080533
12,301,0.7289792327510869,0.6531931189723352,0.07663755408967551,0.05674673846698212,4.391008401543969,3.2513486152907545,0.0213390637702058,0.012401893416975472
12,302,0.8842904599772997,0.8218373407811675,0.08069414350931424,0.06580121859800417,4.6234338545066915,3.770132112483379,0.01570686245699899,0.008581462419203628
12,303,0.6623420176312598,0.57885453593681,0.06693176160017132,0.04708496204104719,3.834907455065606,2.6977696034856904,0.013669628308361992,0.006148795924284887
12,304,0.8781329660826781,0.8137285880639098,0.06750739533857825,0.04930087848812806,3.867888838821661,2.8247322636570487,0.016630846173867876,0.008582965675633759
12,305,0.7530020291188303,0.6808286689789766,0.04896096244012045,0.0296572534641507,2.8052565087174464,1.6992354554455753,0.009295436910485132,0.0035535016155563183
12,306,0.8539064511103115,0.7891803045275361,0.06937632851966305,0.05072297353917739,3.974970822289779,2.9062123081486164,0.013748601990784197,0.006386876319156579
12,307,0.7304192426975257,0.6556973986549922,0.09213944903530336,0.07519634916785108,5.279201556383627,4.308433442109947,0.021248162932018998,0.012702721213432168
12,308,0.9385339966858716,0.8804099080284892,0.055512982414636335,0.03653765265483681,3.18065960054262,2.093453290437117,0.012590281660145912,0.006684199414704483
12,309,0.656062800088481,0.574579121755687,0.021645128458006386,0.03696129715625442,1.2401745076622774,2.11772633238227,0.0024602913930332924,0.006301974511105417
12,310,0.867918883507531,0.8044100900164638,0.14698252777967166,0.13275121651912938,8.421478503939564,7.606084431773489,0.055927717440709485,0.04444787495413946
12,311,0.7283982052568551,0.6531690939049878,0.07097238398697124,0.053728092822432565,4.066418064435319,3.078392960012517,0.01937319485750357,0.013018390917872862
12,312,0.6111315887730135,0.5202211521473203,0.0956821429791111,0.07659877224417204,5.482182967470367,4.388786365474891,0.03217352261706471,0.021109814525340102
12,313,0.8139824370143728,0.7467840793418676,0.03584341936339782,0.028490124214748426,2.053676652840187,1.6323638753085534,0.005765480464972196,0.0034663084845098346
12,314,1.02945425250649,0.9731280870631319,0.15975629011210668,0.14430651159005384,9.153361174091279,8.268154070365783,0.10128825310413772,0.08579727693117237
12,315,0.8694239011423435,0.806644975336383,0.05132237088746796,0.03129981444314468,2.9405552464569995,1.7933472671348074,0.009417810280084218,0.0038222372157544343
12,316,0.7155182446080998,0.6392653880041207,0.0916617583478516,0.07604446103849227,5.251831896079938,4.357026672852633,0.021680539464077907,0.01438763301700434
12,317,0.7014324151026993,0.6230775107764132,0.2928820438484779,0.31290736152729326,16.780905007683298,17.928271194088133,0.13743067197018882,0.16614503241407325
12,318,0.8995087319468505,0.8376407600007694,0.07826538515598759,0.05882929380471588,4.484276251403931,3.370670246745341,0.025364258195841864,0.01600989727442147
12,319,0.6947217506772474,0.6107582399584394,0.5021329086263403,0.5224962260510698,28.770096418917507,29.93682856423972,0.35363337526614924,0.39853212361221324
12,320,1.1957543150133192,1.1469686603503277,0.11955275183910037,0.10211364686690033,6.849868109555342,5.850680996162671,0.04241859422171394,0.02979659581830489
12,321,0.737405413696334,0.6632424662501203,0.04493122685921043,0.03705439364701627,2.5743696673776033,2.123060368390403,0.0069686915650717975,0.0034030299341499017
12,322,0.7008241814556914,0.6218693778709494,0.12248171572297221,0.10636728558214713,7.017685378447444,6.094396542119762,0.03928415576862555,0.027687004758160404
12,323,0.7667554069283467,0.6975974953472608,0.026853712811718763,0.04361284995228233,1.5386044083678723,2.4988322348031113,0.0016227710400792978,0.005097269897455934
12,324,0.7368574777959407,0.6620536763352606,0.10010612491254876,0.08067900266458027,5.735658460898471,4.622566348005172,0.04664144433978065,0.033369157614370815
12,325,0.6951660324709694,0.6155044523686927,0.11547662472302478,0.09939604283028741,6.616323229045379,5.694973754477035,0.03163544600124891,0.02097804409225322
12,326,0.8568164383011203,0.7956038130476417,0.05804805452388271,0.07091681604287996,3.325908533163765,4.063234255762669,0.011302183195063726,0.018040408862385223
12,327,0.8777510981194775,0.8134245671820202,0.15798255972351852,0.142318869789252,9.051733908831077,8.154270583996055,0.06452749999551197,0.04906190665965597
12,328,0.6807510012509377,0.60209592311294,0.0944424403279086,0.110791316693439,5.411153237705285,6.347874853231358,0.01542235501712172,0.02313606204389066
12,329,0.6897194783069931,0.6098562375615555,0.04729246965614888,0.04055645509356279,2.7096589140478424,2.3237137088729978,0.007913307536560285,0.004674469649607108
12,330,0.6979696245392915,0.6189104683551773,0.06941660287264788,0.049228542610706236,3.97727837273843,2.8205877231734027,0.016938787979022978,0.008758621438235671
12,331,0.6482653596853994,0.5652101949778342,0.007753014222138649,0.027496311997734196,0.4442149934334475,1.5754226296450986,0.0002114477438063733,0.0027525910896605364
12,332,0.7225155634003189,0.6462087884059422,0.11891539242051077,0.10291515684702295,6.813350104837246,5.896604135261311,0.050748251849110096,0.03980258450179626
12,333,0.7892495714384639,0.7188603510415442,0.09291907617842367,0.07421033609105088,5.323870901278262,4.251939054264587,0.026182484307060952,0.01570767678798738
12,334,0.9051655673146762,0.8427970122347503,0.05485999960727628,0.03759960273837721,3.1432464415862844,2.1542985482775467,0.010701390017375325,0.00468077956616794
12,335,0.6381132164794389,0.5531550940198142,0.13550913998212333,0.15137215739457852,7.764101806423146,8.672985754499365,0.02510360595934124,0.03566478587442619
12,336,0.5935000807852416,0.5016441356757957,0.10613614840332561,0.12324469984510829,6.0811533572847285,7.061401148481336,0.017075513549282897,0.026867059567737488
12,337,0.8196388011192614,0.752702731039683,0.07582974628152483,0.05656692985310795,4.344724423479221,3.241046340595667,0.021581467412570422,0.012827083394998127
12,338,0.7158469380737529,0.6391344275368062,0.049798179375157646,0.032077398018733855,2.853225505631956,1.8378995242347587,0.008318574672979383,0.003300558646574298
12,339,0.8003333306372171,0.7324722128788843,0.037749904254270064,0.042555690347579986,2.162910190792626,2.4382614511819485,0.004938149219880391,0.004457347456296534
12,340,0.7417282405091876,0.6707827430256422,0.09133768788518813,0.10881757858547893,5.23326402630447,6.234787989781109,0.01722156922470871,0.025796253952962457
12,341,0.7701840396848229,0.6986087873338429,0.07924617273474674,0.06124978160887145,4.540471240265685,3.5093539822863433,0.01792476505118882,0.00971865492305312
12,342,0.8350232041309613,0.7671720442360459,0.18039196396154977,0.16460400877116774,10.335698193072847,9.431114993522295,0.11001445829619072,0.09028178475503726
12,343,0.6590646009606986,0.5753199626610184,0.08614886508728942,0.06911042920450874,4.93596637934361,3.959735913756018,0.01868553130915738,0.010458374121393527
12,344,0.6717600907362729,0.5889715548599176,0.1832352555329092,0.16568973286024716,10.498606800036864,9.493322401542232,0.18677865684237857,0.15987495279914193
12,345,0.6485384544494235,0.5629485428126265,0.09722638037073841,0.07840378870451824,5.570661252576904,4.492206190604371,0.031047761352055683,0.019481539596717008
12,346,0.6469108353453008,0.5638084366066407,0.05138183595716179,0.06790022788382691,2.943962343978907,3.890396485719791,0.006343606485977437,0.012682292780199052
12,347,0.6185777310130253,0.5293799741726949,0.10892426707234809,0.09430627825186547,6.2409007898013495,5.403351725418275,0.026432158594738443,0.018247541097004105
12,348,0.6837215193051274,0.6040959910266974,0.2725954364811619,0.29203949279463043,15.61856802489709,16.732630388273538,0.11793378081550007,0.1431921281709732
12,349,0.7808322954544111,0.7134049889759411,0.13378217874477039,0.15356066430490642,7.665154216140133,8.79837796389637,0.03338278639518989,0.048499470940561784
12,350,0.8611809979434514,0.7956581767301196,0.08729602444721449,0.06606488306601993,5.001693769096246,3.785238973708244,0.028720874457767838,0.017094434004224224
12,351,0.7844325258415672,0.7136761043172308,0.0841241687389197,0.06645778124122428,4.819959823786476,3.807750380925845,0.027863393208287957,0.01901440674764599
12,352,0.7771590618085795,0.7049634592127499,0.11620443055769455,0.0976527945207468,6.658023431676953,5.595092983697042,0.04232922952860119,0.028767236106921577
12,353,0.8816341245275024,0.8193616000601985,0.07424910118724065,0.0544005793484219,4.254160130668679,3.1169235997311207,0.018075986350732133,0.009960316010230248
12,354,0.7070436333586131,0.6316677690715936,0.05539448009504595,0.07041022307430288,3.1738699177675804,4.034208616732199,0.0044599058631950225,0.009112039663387514
12,355,0.9221918695167267,0.8656697328259736,0.14663426122221598,0.16758820338319305,8.401524300051804,9.602096750037026,0.044179563667582286,0.06151113808962286
12,356,0.6588559088258394,0.5746033518783197,0.05455019513062732,0.03956485655277706,3.1254959526000397,2.266899297514645,0.01287806039300217,0.007257738813573915
12,357,0.8417181587040179,0.777457861252713,0.19616889480471328,0.21590648573499155,11.239649744055892,12.370530402116529,0.06612055377890584,0.08651880483906868
12,358,0.97028856261469,0.9154467018668213,0.0423355422614837,0.027337653395871676,2.4256478949807487,1.5663321613749297,0.005514943304174652,0.002943322014156759
12,359,0.7786764709254395,0.7094061133099836,0.2219977686111975,0.2419106295006092,12.719535202743439,13.860458089737854,0.08376504235860191,0.10643097865087091
12,360,0.7681381573830611,0.6978868905435637,0.04377611385199016,0.026926096336166844,2.508186567203217,1.5427516788250293,0.007222215910316854,0.003234313250739569
12,361,0.7479293846015486,0.6745055199331117,0.06838001140508804,0.04806158614997222,3.917886056567979,2.7537260430978194,0.017257025868518183,0.009097661790227134
12,362,0.7686395509263588,0.6954573791377885,0.1344443510040415,0.115739352034301,7.70309389190701,6.631376395144326,0.06001559496333726,0.044085148387237615
12,363,0.729873394230692,0.6541434278929389,0.1366230001891,0.11936859443269382,7.827921295250478,6.839316667402171,0.0717306038303836,0.05617662979815609
12,364,0.7363257021458169,0.6613337439649896,0.07025638453130001,0.05006375518202532,4.025394317491693,2.868441878506255,0.018479297733618574,0.010325898441876799
12,365,0.8296485500003107,0.7616629424684314,0.09449525653380886,0.07721752297284437,5.414179383393264,4.42423817079846,0.02765971391213693,0.017323698790764015
12,366,0.761526771978255,0.6891658946399939,0.054501721153336305,0.038275547473607285,3.1227185982850516,2.1930273287903184,0.012079972040048778,0.007254219755462804
12,367,0.6919819692524835,0.6117782974768822,0.09842688700487431,0.07988702500585991,5.639445215990347,4.577189370691843,0.03205141701890253,0.020858131068948266
12,368,0.7980683241445368,0.7275605219078258,0.09693639240935188,0.07749049136289217,5.554046166279853,4.4398781074886795,0.038055291261933286,0.025787793735087786
12,369,0.9138837261102134,0.8522287844462049,0.13734863446966145,0.1198225287431047,7.869497076996661,6.865325187564896,0.0661060395654723,0.0514256529472568
12,370,0.8527442988373422,0.7873508108657198,0.10411183562108839,0.08592160677155393,5.965168778448151,4.922945436992715,0.03594201713954156,0.02478100838927773
12,371,0.689957448944838,0.6103921602220556,0.06662551209385613,0.047220618896495425,3.8173606508757807,2.7055421687648904,0.01730809798613483,0.009892740274036662
12,372,0.6967499161184435,0.617875865539828,0.05813873570586343,0.03647257812396796,3.3311041821725174,2.089724794464538,0.012470606217943332,0.00512424881967893
12,373,0.6822879463563527,0.6040974579196166,0.11495425118362161,0.13194827825092076,6.5863934299082665,7.560079457795592,0.0262463000630713,0.03605564565774129
12,374,0.8797414481025645,0.8204836079326709,0.0554965616341194,0.06652032453408188,3.179718759122689,3.811333847643436,0.014735642311439211,0.0210727003048462
12,375,0.8250525986701253,0.7514148899140306,0.4239856667883119,0.443663843028386,24.292589281010308,25.42006572808117,0.26001440388303837,0.29662402327657333
12,376,0.7171100898303547,0.6426410513822275,0.14243128238840677,0.1600780421160953,8.16071135149172,9.171796205969702,0.03293985162950988,0.045774055395098615
12,377,0.745805947767762,0.6716971027267673,0.2733818550567454,0.2931446403433624,15.663626490208713,16.79595067855511,0.12306688963459646,0.14916295044463243
12,378,0.7131079674059614,0.6347353060900601,0.06876084597056507,0.05023896842224042,3.9397062698625116,2.878480857685392,0.01599978534149947,0.007909279490133831
12,379,0.6885533739312056,0.6117717912346918,0.12595021126808983,0.14510105591849595,7.2164155344426115,8.313678107021573,0.030082703071320778,0.04303635859551772
12,380,0.9450651373834318,0.8907360373547807,0.13488426606698486,0.15127175162425222,7.728299168357896,8.667232927620908,0.047098932728530545,0.057533084918418825
12,381,0.846920112968376,0.7838227084037189,0.16740673183824092,0.18745776391337676,9.59169919640955,10.740538709196276,0.0528542451802074,0.07117553865900332
12,382,0.8031349214760788,0.7363050901072331,0.031202914521966697,0.017600846858935933,1.7877953106161584,1.0084542408731207,0.002995474916893743,0.0007706824255478764
12,383,0.8338368152673737,0.7708436739316001,0.06773122405516607,0.0850197847299597,3.8807132796159727,4.871274840137494,0.00865010402631736,0.015474184709643027
12,384,0.7987192057133103,0.7301847112446577,0.23489359439227012,0.25390730409892565,13.4584115933349,14.547816912413188,0.08779288235366764,0.10980050384606964
12,385,0.7188164180680868,0.6449377388907336,0.17336754370937482,0.19372953793495198,9.933228559097001,11.099884890692326,0.0583325389031225,0.07750496478703464
12,386,0.6390917608915146,0.5524681221133991,0.11082945478160004,0.09224807225315151,6.3500600047216835,5.285425208323456,0.04027821205643055,0.027710723879223728
12,387,0.7445438128732808,0.6716461144563076,0.052701309977209086,0.0399257588926216,3.0195626365047774,2.287577478404133,0.009949963728655297,0.005283209280008411
12,388,0.840331588548868,0.7691917414365328,0.3889338383513909,0.40860113461003117,22.284267447358094,23.411120517411618,0.21995659393574077,0.25453362411086056
12,389,0.7868280701583807,0.7156233382721171,0.3083391220095466,0.3281306258680955,17.66653034991637,18.800499991228108,0.15108822607577135,0.17952397032366682
12,390,0.9749937084671741,0.9202143716871097,0.080649630125443,0.06337000882860068,4.6208834254790245,3.6308340535855845,0.0175637601374459,0.010771836792586514
12,391,1.0930270514533789,1.0445347766513327,0.056001861383591985,0.06355386573747634,3.2086703021564857,3.6413682784984815,0.004769321700732602,0.005545691189845121
12,392,1.1062345312079844,1.052706661753804,0.32271695071128564,0.34339408004151134,18.490319253088078,19.675031496156176,0.16719984913296482,0.19891880397804285
12,393,0.8197968386660668,0.7551935974149916,0.09307911418650494,0.10949477368343438,5.333040403703,6.2735884108009055,0.012478137860365474,0.020665395454975255
12,394,0.9624542797329624,0.9055751716031675,0.18875931635701804,0.20820004940803516,10.81511217103186,11.928984125495628,0.06277073085626339,0.08160179002233565
12,395,0.8405997019712057,0.7764710216902919,0.20444043815633478,0.22439929871415992,11.713574268163299,12.857132742016805,0.07249001714810775,0.09391529018589312
12,396,0.8018531387449473,0.7344416715500643,0.06401939925737764,0.05425561978349812,3.6680413844106954,3.1086180284609353,0.00994304876946437,0.006349811844595307
12,397,0.8124551158859689,0.7407238635270876,0.37457414818065915,0.3944345146592315,21.46151780545967,22.599432984264965,0.20969394144728593,0.24342145938484466
12,398,0.8029996415709101,0.7369174820574561,0.10876824456669582,0.12563868914796203,6.231961358718418,7.198566631734321,0.017459834085051806,0.027168811799088234
12,399,0.7275027604682317,0.6530091189894812,0.04099422378235029,0.03367241283200945,2.348796007143498,1.9292871412962975,0.005574332339214561,0.0027889081740756234
15,0,0.5396483754983467,0.6135784384786506,0.5349332314015283,0.592375873344546,30.649416480602607,33.94063742801869,0.3885679748056675,0.4914038900103007
15,1,0.5768086243658209,0.6258670202032857,0.03247666129400679,0.05968641115861073,1.8607756248224678,3.419779453670937,0.002205078745786601,0.008232526319219856
15,2,0.6492612610861046,0.7024416028734274,0.07530709004392831,0.13305886235365968,4.314778426928753,7.623711239676855,0.009047560757760094,0.025317753690191493
15,3,0.48611536160726815,0.5480151041622392,0.04889694874045961,0.10841846293948765,2.8015887938958626,6.211920347728172,0.004591800503116545,0.020976657296801385
15,4,0.43469052490084054,0.4999373661929863,0.06568694834975898,0.04585411250678804,3.7635849095350173,2.627247119956998,0.014834290218908024,0.0056821430577316005
15,5,0.48030869426651657,0.5400666766454835,0.037703744275457585,0.04247561563003372,2.1602654188242574,2.4336735078208456,0.004303168478775949,0.002775292495317645
15,6,0.6732576712272631,0.7240413381071551,0.04952691755698474,0.10010634279871147,2.8376833483076034,5.735670944856009,0.004631529032085963,0.012284040972539566
15,7,0.46292379833446234,0.524612053522169,0.07617466548061967,0.044662239275348264,4.364486837860388,2.55895781408088,0.019158341178174103,0.007372640704388743
15,8,0.3882268478721615,0.45946653384349395,0.03451272968019705,0.04476488121180005,1.9774337501511823,2.564838763840617,0.0019688784316089503,0.004158797900517593
15,9,0.5130932979244623,0.5764386524975057,0.08548328091074497,0.1421058259679298,4.897831215116923,8.142064072182954,0.012324125970509511,0.029668031806442757
15,10,0.5608406438538447,0.613340517995331,0.041815909794722814,0.046056076353876985,2.3958751477373776,2.6388187960094203,0.006702026151380051,0.004090331606377716
15,11,0.4476028875623722,0.5215759792557764,0.32155913759684246,0.37716385802943375,18.423981448165584,21.60989724995792,0.1616419955184228,0.2282155078090451
15,12,0.48583553348275393,0.5435024338505651,0.10737516732043259,0.05257796001964953,6.152143911971828,3.012495204533497,0.030093890388624117,0.010326757816137507
15,13,0.5175535749495119,0.5804395181202223,0.16683616590336497,0.22881839069072907,9.559008176407222,13.110328061554341,0.035584121004035796,0.07197040524838844
15,14,0.5104617217830556,0.579331062606015,0.23597076910558573,0.29337150182985305,13.520129158206098,16.80894888426509,0.09302472263632226,0.14534064917510342
15,15,0.6193069847740796,0.6688538015459893,0.04829863754950091,0.05328973069952537,2.7673080878184826,3.0532766604715396,0.01094181338051214,0.006876866395265071
15,16,0.42847839671106475,0.4991487122664203,0.11596988855020102,0.17769247695625665,6.6445851645290475,10.181028980819143,0.016969723754867376,0.04347992855770762
15,17,0.443729293172757,0.5118160833469654,0.057824311859211705,0.11689081022992852,3.313089022781105,6.697350090039532,0.004155447447922348,0.017753903332580943
15,18,0.6573651376755398,0.7053211444404034,0.028506138170827033,0.06287732867682579,1.6332814074051656,3.6026055602390183,0.002660854577038862,0.0053316307071861815
15,19,0.5750928391574044,0.6287046222517567,0.03268238538069746,0.07017473219497337,1.872562746734027,4.020715983232794,0.0037707098944460412,0.006704943484743802
15,20,0.6901590994521792,0.7468466444953655,0.24087418313370693,0.2964114553772112,13.801074087222684,16.98312539244453,0.09910211079824285,0.1516180759577662
15,21,0.47505730904134724,0.5446383916374524,0.2031554424442148,0.26108433972225725,11.639949437166417,14.959030763045133,0.07068447998813211,0.11606549553533539
15,22,0.508328474961161,0.5697191310005558,0.039243095153875224,0.09712988253064722,2.2484637273473442,5.56513233360755,0.0016452307641591744,0.012577022332292416
15,23,0.651434434944519,0.7012202777216864,0.03340752380902316,0.08181368841263315,1.9141101182398392,4.6875790524422465,0.003225941840618052,0.009232918479412919
15,24,0.4858522167087493,0.5457571910891608,0.04216689921746849,0.07835340999276857,2.415985360314438,4.489319703043809,0.0072362162692518415,0.014205451846369229
15,25,0.5582469807590765,0.6160801081350336,0.08495143406017312,0.12656283768324467,4.867358635231831,7.251516442449213,0.01224227617285428,0.02044714676943479
15,26,0.4967919498705033,0.5538091958875789,0.10214525164119004,0.05452866375702126,5.852491816341935,3.1242622957652935,0.03693819336942003,0.017027985099509344
15,27,0.5442284684577929,0.6069974262454826,0.18015790292480574,0.2378298850651766,10.32228748351896,13.62664865631607,0.05662896504631207,0.09896731151189188
15,28,0.9005977567820465,0.9376471518915205,0.033247843970803215,0.09091294157733616,1.9049611374365045,5.208927855500788,0.00181112802338383,0.013791740273978587
15,29,0.5566745129871971,0.6083247643436036,0.060565532667267906,0.049954200304598344,3.4701494057961666,2.8621648464046165,0.01265183758683782,0.005761031898492023
15,30,0.6072620529049492,0.6551314423832031,0.11180353098846614,0.06866946493207536,6.405870460299223,3.9344705220295286,0.0392109598012602,0.017406671409124556
15,31,0.589974383681073,0.6475617378225899,0.1552194136018706,0.21208343637001398,8.89341729788271,12.151485808633145,0.04776209524849115,0.08590809726579222
15,32,0.4093083589199844,0.47830471278692993,0.031064976903321606,0.05999239007044245,1.7798920672317096,3.4373107539389,0.0035095762226142677,0.008645389348670214
15,33,0.5469831375983419,0.6005905325556038,0.05910654850522249,0.06392593626068416,3.3865557709345335,3.6626863491595136,0.009195503064226715,0.010979233875096552
15,34,0.45513978518888554,0.5189300077227033,0.025545537770217296,0.05443400414665081,1.4636514996254868,3.1188386996007136,0.003794578207051833,0.005461112363937058
15,35,0.39455828492581896,0.4668928451319889,0.07795115162469825,0.13958937882002273,4.46627199627956,7.997882271240146,0.00951344181505643,0.0316716040351403
15,36,0.6644585512172403,0.7111408941719461,0.04122292190301263,0.0688593551054813,2.3618994442400236,3.945350427536696,0.004475454085065653,0.006478165198636643
15,37,0.4873361239359136,0.5445836630369607,0.0957363200949826,0.07411991910262208,5.485287087555996,4.246758542431333,0.024256427649475942,0.021213598550634358
15,38,0.5036669116080356,0.5717344524705642,0.21518838001747959,0.2756299487662519,12.32938597525888,15.792432771713347,0.07095633929672322,0.11933197204747248
15,39,0.5289203222352246,0.5833804881304513,0.06850608951996731,0.04484272724781635,3.9251098004395266,2.5692990131561744,0.019221433507772303,0.008518136481865377
15,40,0.6021177081789854,0.663114660493742,0.23908164567004817,0.29383306109741963,13.698369255935953,16.8353942822918,0.09856648791306874,0.1496968502200465
15,41,0.3754633552360788,0.4508330666424221,0.11879340085101821,0.13589638130761061,6.806360502769145,7.78628910002662,0.07579742600288168,0.06764123671662678
15,42,0.7449451005775599,0.7838840540186268,0.07431020407414789,0.03622578196931641,4.257661068204529,2.075584416402946,0.01651460788269312,0.005007342075638814
15,43,0.4971063173521944,0.5597444417675354,0.05985259764569073,0.11939317071816373,3.429301237992726,6.840724784835706,0.006179952060401214,0.022220962254980874
15,44,0.47014879447615304,0.533182101510497,0.05997326908402224,0.06686923114986422,3.436215202116895,3.8313247241719566,0.014856622602776069,0.009934291865089834
15,45,0.42687908426227184,0.49310289372158556,0.10104885192560961,0.07982260963843187,5.7896727399798324,4.573498642002432,0.03050129765730618,0.01526945659177853
15,46,0.4665772071449702,0.5264569757729602,0.07889406815471349,0.026834489614755135,4.520297133882553,1.5375030003131076,0.014667778405508591,0.00273222595457236
15,47,0.4018080172315859,0.47114183701768914,0.06981889737071226,0.11742881012625238,4.000328149598853,6.728175213477365,0.010997244871572793,0.029358256722782874
15,48,0.3845863190496113,0.4591280969929633,0.16876996370655287,0.2251552736059046,9.66980662896156,12.900446912731633,0.05606966584758087,0.09655865720001044
15,49,0.44519662643500557,0.5185326592946925,0.29952101330355274,0.3549627707614755,17.161289937775354,20.337868648902283,0.14691336819160347,0.21020835834418666
15,50,0.46592226634134865,0.5252540410097474,0.10420226569694876,0.06475823991868765,5.970350040135998,3.7103738360364136,0.02307767426928519,0.013986567689491327
15,51,0.5309625617519145,0.5956525471280684,0.24073489974372217,0.29508615457512477,13.793093736820284,16.90719124989968,0.10331442411926842,0.15633526578504242
15,52,0.4938625951518463,0.5566449211312672,0.06577917781294007,0.1263236790764347,3.768869268522051,7.237813663644773,0.007580115018017773,0.026658229296289436
15,53,0.4944616042574994,0.5509288159352873,0.08959968901077743,0.04028711482663416,5.133684026002249,2.3082816483250608,0.02145704247983267,0.00670153284127566
15,54,0.756463607224073,0.796646305569177,0.054265304867379245,0.03723791145262868,3.109172942891554,2.133575164117496,0.01034934728058979,0.0037995148666416755
15,55,0.6102617904981076,0.6607218050368114,0.02870802516520784,0.04917678197897899,1.644848680121767,2.8176220574305004,0.00232580072753609,0.00336328792767104
15,56,0.6566219368193713,0.7014982167772513,0.1114411787071951,0.08595563474514521,6.385109203885455,4.924895096264878,0.040841764938416195,0.021960229702022226
15,57,0.44873958546567616,0.5157619472674834,0.12709531386663858,0.17492542920122436,7.282025080448919,10.022488822744643,0.0345312459071862,0.05905265421869174
15,58,0.41408490037912077,0.48092669634015517,0.06452622399095556,0.03502322146025636,3.697080302597553,2.0066827746247013,0.005300020218097418,0.003456130009211642
15,59,0.6255958612004896,0.6778030508824244,0.03870404447442977,0.08661453350891976,2.2175783984714603,4.962647214555547,0.0038490847876708435,0.010388619560824888
15,60,0.5055932192501047,0.5714157652046981,0.1500866399321238,0.2108190585632441,8.599331029410342,12.079042296595224,0.03621164317462919,0.07248872751683716
15,61,0.6661763904224802,0.7214347029757012,0.13751683746314297,0.1972232725958063,7.879134398624618,11.30006114149785,0.03259923263343903,0.06576964872937664
15,62,0.45128573061906124,0.5193828866541865,0.15012972234500938,0.20830768487322068,8.601799469839925,11.935151183376686,0.038300862582948986,0.07475689732676907
15,63,0.5601838659317437,0.6157262787121008,0.04966519297109772,0.10850713633770925,2.845605945946701,6.217000959201353,0.005607486317644109,0.022085986262609297
15,64,0.5516224523535982,0.6043316522220076,0.04611916267649892,0.03001205028916248,2.6424333760406578,1.7195638161033922,0.005865741962572436,0.0017240734180242467
15,65,0.6267948467535305,0.6760238170636652,0.03174015953044228,0.050303626941062,1.8185771821662793,2.8821855179234364,0.004345059382248729,0.004102886279358571
15,66,0.5210126598285555,0.579113146058845,0.01397360436641675,0.06929054469095963,0.8006285547812585,3.9700557709546,0.0006294348445473408,0.007149713739646596
15,67,0.42454219727086373,0.49385286631182623,0.08188725834043852,0.14136797229695125,4.691794298804576,8.099788170937648,0.012063219585331263,0.03380046022075786
15,68,0.45759492171819477,0.5236259805094515,0.05123353825976536,0.10246486146485347,2.935465511806583,5.87080411032877,0.006477031738440348,0.014868645756646731
15,69,0.5019191841729288,0.5560719971084312,0.10497387090380429,0.043385046108691476,6.014559761939139,2.485780036008497,0.022067759416331247,0.0050197040866653275
15,70,0.43294651367767145,0.5031094044903154,0.07914563171540547,0.13551204396256128,4.534710664189487,7.764268192246029,0.007054481485836421,0.02262302818568538
15,71,0.4540413873090285,0.521455394035401,0.14221776975657402,0.1971175642624082,8.148477978814972,11.294004500134776,0.041653264511482636,0.077108145308793
15,72,0.517622114746239,0.5697106312239346,0.14018298079118052,0.07970463990291651,8.031893158898134,4.566739474047128,0.04645420714121949,0.019309080520881046
15,73,0.48595300864502305,0.544466709129566,0.0824778777392529,0.046517824332368146,4.725634297655195,2.665275006375661,0.017371174096511108,0.00532280639981237
15,74,0.49286843475844944,0.5505745638704826,0.04729859439474543,0.03303631118637703,2.7100098357200455,1.8928412016602334,0.007228212155395545,0.002533024811503925
15,75,0.5681922775632064,0.6201843569014245,0.03053866220100329,0.042411214840160125,1.7497364560931858,2.4299836143637794,0.0033743692558012833,0.002966861834457768
15,76,0.6106087387229172,0.6598326835943891,0.04730583105887363,0.05041485763116997,2.710424466032345,2.8885585670189506,0.0037260112716526054,0.008149690753937445
15,77,0.5876015445041844,0.6395379168203754,0.08048899511616661,0.064536158459163,4.611679717405442,3.697649505697546,0.02131924655346679,0.009553335482572149
15,78,0.6698977222131484,0.7116734065759779,0.08808810163031862,0.039177021398374895,5.047076448736723,2.244677980020596,0.02181090144518478,0.006907787934298679
15,79,0.7319298582278582,0.7764457959048829,0.09847914283617355,0.077198287192772,5.642439254578741,4.423136041784671,0.024749528557356296,0.011592851217267832
15,80,0.5437379220885185,0.6077647328706538,0.20691750920945268,0.26529306243655837,11.855499985060982,15.200172811715431,0.07568406967297425,0.12346177543917394
15,81,0.4834962195643167,0.5536960188268861,0.25025291727872245,0.305821297751018,14.33843597090731,17.522269646347027,0.10760117381065747,0.16006200298055356
15,82,0.4687113635728772,0.5360364506910759,0.19908686999671601,0.2511804689216843,11.406837407281525,14.391580765329449,0.07314832104042773,0.1177021453398633
15,83,0.7401290921060334,0.7825797160859029,0.043236438237045656,0.05291565740306175,2.47726543216077,3.0318438393556284,0.007358759546991903,0.004498313654533091
15,84,0.5387441768056906,0.5922770864380581,0.06462356695087688,0.04613958052840627,3.7026576433663556,2.643603232781672,0.016364124134567413,0.007859785813901675
15,85,0.49619706031390287,0.5500174379425811,0.15433815564248773,0.0936177349320558,8.84292493614776,5.363901099181254,0.051551371303548366,0.022771252837236917
15,86,0.4723129654005743,0.5303745329722431,0.06306152682661581,0.04335088874129069,3.6131593368161052,2.4838229630171544,0.00751004994455081,0.006945275430762574
15,87,0.6081233632340074,0.6729628333497077,0.28099839266454774,0.338533833388997,16.100021949638457,19.396559875574518,0.12400713231399614,0.18325768693983585
15,88,0.5449312512156319,0.6014632544483353,0.021463787947396163,0.07364801913058916,1.2297844617495644,4.219720665681505,0.0014946701396913809,0.007641343836310384
15,89,0.4185829754035595,0.4835924638513641,0.1289397921627557,0.0701749183372976,7.387705902219911,4.020726648402361,0.03932800963166797,0.01603659279004753
15,90,0.5552208171754447,0.6068524349969482,0.038866444805833365,0.03525888476689204,2.226883252052412,2.0201852874810236,0.0035069010387950815,0.0034003571765866426
15,91,0.4202529360179495,0.4929433010744024,0.20790983352377135,0.2671134460394328,11.912355980179655,15.304473109254955,0.06840646765472722,0.11573442995498281
15,92,0.5508643760392123,0.6045458220955872,0.02429610606350597,0.066762606318718,1.3920643360411005,3.825215571355983,0.002123520620399529,0.008132098049438072
15,93,0.47824670117448237,0.5397609582004097,0.14414644114466263,0.10151459646271764,8.258982709420088,5.816357936287397,0.06268058161589801,0.03340680197977343
15,94,0.7485439810410942,0.78109686698668,0.22315208347793328,0.16123003147852993,12.785672572836607,9.237800334481173,0.1421132169279804,0.08874010323471532
15,95,0.45724270901295694,0.5261565894609042,0.18857216650614556,0.24509549452864046,10.804389274440362,14.042937414162859,0.06459210732835577,0.10872742134044153
15,96,0.45697242244213565,0.5173329857777409,0.1271641050969761,0.07355448915026482,7.28596652761477,4.214361792550979,0.05605055418724934,0.029695821880512792
15,97,0.532941749601209,0.5887974613095646,0.056069319551361824,0.10024408452333616,3.212535370463383,5.743562964339857,0.010704633821234653,0.02424793968930716
15,98,0.487103552284192,0.5460114296713304,0.060845539193133666,0.03796111356087803,3.4861925979643953,2.1750115926551468,0.01373238749581122,0.005419918250111136
15,99,0.5062358835250715,0.5633928570466973,0.05479850268843088,0.0423588378154403,3.1397229276833847,2.4269826319038814,0.011384044983061097,0.0048069383046147295
15,100,0.5361956929723593,0.6026594244739586,0.2749615605681951,0.32971841780365163,15.754136948888338,18.89147376788038,0.13353609264185717,0.19229662938012543
15,101,0.5470006887780332,0.6042463710304107,0.06320692863469426,0.12291839972028432,3.6214902467525723,7.04270552847433,0.00688888336045523,0.02598395262094875
15,102,0.5179983814229162,0.5804313556772863,0.15202486811750543,0.20686179817692485,8.71038332416601,11.852307978024822,0.04642981149287319,0.08324874336392926
15,103,0.5179572448363482,0.5844148332413869,0.1814399966442536,0.23912397197551163,10.39574604258355,13.700794374601392,0.05767097295498494,0.09914899786787426
15,104,0.5178985223359392,0.5713544017610034,0.12024635809388556,0.06624969289853162,6.88960882059841,3.7958277971236836,0.044930629800086615,0.020171974330375982
15,105,0.544844562658321,0.5968877371964081,0.05822837930108816,0.028784190889541098,3.3362403818392736,1.6492126546696197,0.010446457309015753,0.0028724336680030927
15,106,0.6310037252122155,0.6857727105278474,0.12309634587030732,0.17997625001124729,7.0529010918512505,10.311879538235804,0.029472966204917683,0.05992144743451623
15,107,0.7440743421148339,0.7842474447124862,0.03852312708178542,0.039172196022638855,2.207212595432428,2.2444015063563563,0.004062205842992338,0.0026869741656786045
15,108,0.4380708197956488,0.5030741394262899,0.08782532538652861,0.0591850381493713,5.032020479011255,3.391052896279744,0.03588695473917334,0.02079432331094863
15,109,0.6423823999506925,0.687695743282578,0.05526175864288856,0.02671518982355996,3.1662655387081147,1.530667625780832,0.007865681124957995,0.002741431418398604
15,110,0.7724329813008355,0.8128293454946885,0.06200020879580301,0.07596275059070333,3.5523502929293964,4.352345009052202,0.013848141954707516,0.018285875662836952
15,111,0.583896244881607,0.6378227920673257,0.1054095457072458,0.1359848610480103,6.039522089416528,7.791358615723935,0.018262836961771646,0.01952406815181736
15,112,0.4434009759349198,0.5091329103309843,0.042216768156276806,0.09131610987011375,2.4188426400369507,5.232027697110438,0.004719041061389076,0.013384235775958812
15,113,0.4270062393681701,0.4941101845262457,0.01710450063900088,0.05646859397046388,0.9800156972935702,3.2354121095454684,0.0008968156973856575,0.005199529613590173
15,114,0.46928202987286877,0.5270184625104558,0.11131432771243584,0.05222152884805826,6.377841177258713,2.9920732027144137,0.02286026441696777,0.006750051650702832
15,115,0.41132356445283963,0.48668458203932363,0.31023542116870384,0.3671818248599166,17.77518028843029,21.03796887838499,0.15069333531130635,0.2137117840671661
15,116,0.8449609240022012,0.8760579590011712,0.22985191256448592,0.17019972521015422,13.169544502955063,9.751725928828195,0.09304922138573178,0.05211346075938354
15,117,0.524412582826558,0.5794687972506447,0.07377185810226643,0.04085446621795012,4.226816116097853,2.3407884885483403,0.01743905117821596,0.005924405984881088
15,118,0.5301531885031822,0.582683184676651,0.08020566500473852,0.029151374934956446,4.595446097811641,1.670250750776459,0.016697926494051975,0.0038682787600741
15,119,0.4398211687759323,0.5067766387041087,0.0648473738394439,0.12450726369097109,3.7154808335072005,7.13374072821508,0.00740264872421122,0.026633666193390214
15,120,0.5731861258962173,0.6364995674698982,0.2261586154601919,0.2833283051854804,12.957934166391126,16.233516103722586,0.08641940629358322,0.1370981756238559
15,121,0.5193607910600194,0.575801239067171,0.0842830527399114,0.055133852228966815,4.829063206475452,3.158937041017745,0.026269075780511193,0.011756489136185742
15,122,0.4799792587627176,0.539293772465221,0.08471385386732301,0.04514711807515364,4.853746292885615,2.5867393228850966,0.01800341164590729,0.0049326586186697295
15,123,0.5681062043170728,0.6201064013012252,0.037474144918851524,0.0657107903611394,2.147110344711811,3.764950956162218,0.0047791573771377785,0.009810515389135875
15,124,0.5924002731133508,0.6458945933302251,0.02882181680438148,0.08218217499426565,1.6513684607902923,4.708691778376992,0.00241935986283798,0.012552127214486283
15,125,0.5890769023791599,0.6390580843506974,0.06078475443051118,0.05041935184435034,3.4827098876074225,2.8888160664664175,0.010440593106999296,0.007909130623011762
15,126,0.4712900345284501,0.5467976059549979,0.4704315851142861,0.5273063152458208,26.95374437669796,30.21242637418043,0.30584015786468677,0.3969119732752563
15,127,0.6925891218530601,0.7443553766607012,0.11525976712683125,0.1758238593575039,6.6038982040281375,10.073965078886738,0.023578737635694666,0.053356432504126805
15,128,0.4468102013496611,0.5203112535325548,0.25445464008218427,0.31174994042650755,14.579176954229549,17.861955849893725,0.10791131601397691,0.16088479778597792
15,129,0.5736323897239904,0.6322223930804768,0.11401682573226046,0.17254576725052678,6.532682907937127,9.886144236301803,0.024423762208088062,0.053668141682478035
15,130,0.45351834151862713,0.5172047752972939,0.05754794324012892,0.06366787294809903,3.297254267317803,3.6479004105012205,0.009376205514918367,0.006200887230385513
15,131,0.46926492535147774,0.5306776567634844,0.065835997481718,0.07211831392701278,3.772124795736358,4.132075013617378,0.01431211320819055,0.015912583587256397
15,132,0.7354616072135415,0.7789139667700948,0.08057631790792814,0.13255089964822048,4.6166829448286775,7.594607120505142,0.01848185399886292,0.04056883434753663
15,133,0.4706343503746997,0.5320864866880314,0.043550461872327674,0.03305022499936048,2.4952576611297848,1.8936384044211194,0.003936436862659189,0.0023777068919727277
15,134,0.4124179046578359,0.479894948645406,0.09950690160833407,0.06521684137321963,5.701325494581086,3.736649763859657,0.05448301555550497,0.035492063362877774
15,135,0.7184926472997737,0.7601213407737879,0.04122065294148894,0.04376982513036076,2.3617694423208384,2.50782624999532,0.00622527228347604,0.003115072558324954
15,136,0.5162856189309936,0.5736296063399086,0.047508913891712426,0.0781414404675447,2.722060255245569,4.47717474386309,0.010457428123827536,0.012701349293226243
15,137,0.4323163483382152,0.4980702850718426,0.06824488554643271,0.06133957242723286,3.910143915163947,3.514498617217478,0.013417884443511718,0.010561907604374591
15,138,0.4174457519706174,0.48567080142119773,0.010598089386019059,0.05991685931021328,0.607225792721286,3.432983160154354,0.00045898244620037236,0.006122003489584846
15,139,0.5404048442862325,0.599209947368527,0.07499847627159192,0.10901282268160145,4.297096160274267,6.245974652463777,0.018118685552983595,0.019323816661543394
15,140,0.6502936814711643,0.7061932272848093,0.1558321159323056,0.21401117312952814,8.928522555514464,12.261936988965532,0.043775342630869615,0.08143475356332981
15,141,0.6247317528653227,0.6746381959260199,0.03531309903460452,0.055792053704110764,2.023291536210341,3.1966492076127784,0.003920399380535506,0.003666630847630633
15,142,0.5922867974271009,0.6435063824170872,0.0418379991018028,0.04963722539909104,2.3971407718054296,2.84400352210749,0.005280831515668119,0.00579974219850881
15,143,0.5305200277375811,0.5896285319243632,0.06079071894117073,0.10593512176373479,3.4830516288950757,6.069635379266477,0.010510477635005528,0.021797911588007417
15,144,0.5845898246350912,0.6312169968090058,0.10268204389872652,0.0430290525297335,5.8832477471740745,2.4653831064004477,0.019924346761368394,0.005101602687419375
15,145,0.49776867523436286,0.5638553786986912,0.10200882074113317,0.1620790227380262,5.844674901573505,9.286443950493807,0.016036236710304755,0.03931872493067479
15,146,0.3717071319246598,0.44725407679905155,0.18628911878606738,0.24590913012419202,10.673580275652919,14.089555299849577,0.05770649670358585,0.10171480603568611
15,147,0.37595875848103166,0.45018995619853297,0.1220546188952989,0.17992983525429002,6.993214532778337,10.309220168555028,0.023455534582271245,0.05302300451706396
15,148,0.4544460258707906,0.5217701752761936,0.0908827883207186,0.14807693218241869,5.207200201158026,8.484183257297506,0.018211542380997252,0.04241534878768377
15,149,0.44100166979864364,0.506329484067137,0.05887269775815354,0.11113785209882318,3.373157110091501,6.367729869411726,0.007185728938371749,0.022951362518282586
15,150,0.4601876676717414,0.5198559848684657,0.13788377346995095,0.082428815638527,7.9001582831661,4.722823246349555,0.06511089760984662,0.034639337105620414
15,151,0.7808208255762786,0.8150358407630012,0.09979669754519624,0.04551646763528133,5.717929578683328,2.607901493845427,0.020979207233932595,0.007387211429765141
15,152,0.42811516164126,0.4973209412331208,0.09395182078925814,0.11485782958787016,5.383042808793959,6.580868879417792,0.01534588896860795,0.013782786985880442
15,153,0.4685325480975592,0.5313548485439877,0.043746552346880574,0.06457754805854223,2.5064928177243835,3.700020955057713,0.008994530023051618,0.007892928986290872
15,154,0.4772312946049033,0.5405847357950495,0.056435267105776545,0.1147171423098748,3.2335026208544804,6.572808092157474,0.006855280464858407,0.025023407232473448
15,155,0.48771331649219535,0.5474458304414117,0.029129488709219654,0.04671830637561429,1.6689967624122704,2.6767617813218245,0.002823485702654247,0.004213933705043568
15,156,0.4912965676627354,0.5525751809125354,0.02593004951176011,0.08615451518514083,1.4856823995891153,4.936290106104332,0.0012997033810116798,0.011657768082922071
15,157,0.5734519284602265,0.6251510785615683,0.07502611638782178,0.03447128434877449,4.298679822279489,1.975059107580149,0.013685657646771869,0.0036743530296835004
15,158,0.491800367579878,0.5480135173943634,0.08707785216308679,0.044677129746125845,4.989193418008999,2.559810975211398,0.01839321903595778,0.008231380155657341
15,159,0.4663907387576766,0.5340921130519476,0.14663125038229827,0.20360080284481255,8.401351791631729,11.665466708482924,0.040834491568957215,0.07692461224945217
15,160,0.47848688305950454,0.5498575157290575,0.29154276243323346,0.3508738683203418,16.704169835009484,20.103591796184585,0.1251479930800613,0.18660071931788952
15,161,0.4280686344737327,0.49367255264956594,0.05381232206479273,0.037572699121283054,3.083218940111339,2.1527570845644157,0.006307430306007687,0.0023236432837328
15,162,0.39171996572254403,0.46207498670407693,0.102378820072565,0.049773382236333014,5.865874301687211,2.851804734233305,0.031594606030469354,0.012966697776949497
15,163,0.49593437526358386,0.5536996040428019,0.0959949797747326,0.07036389374481175,5.500107195535876,4.031554141684687,0.023774376041824336,0.011446558345330236
15,164,0.38209522709649196,0.45419239037903153,0.14050165976023993,0.09829742809627119,8.050152118844817,5.632027766907018,0.31271989193516764,0.2650812606198224
15,165,0.5471951720300898,0.6026125788907083,0.0264078846390634,0.05337739700531751,1.51306033568669,3.058299569798933,0.0021546785831055813,0.00361703072244058
15,166,0.3966314267686641,0.468744302379905,0.0837234964099425,0.14194393259891586,4.797002990368405,8.132788265407301,0.014207304285602011,0.03466619133599286
15,167,0.5421309204337154,0.5969836456664225,0.03490679374730531,0.06748120544930514,2.000011958054246,3.8663882687003963,0.004541707930851999,0.00758116234633557
15,168,0.5300426094198557,0.5845959690377693,0.05672462581365765,0.030667934548183885,3.2500816535814265,1.7571432159943838,0.00840532531767086,0.0027970941935409723
15,169,0.4263134880780634,0.49149182620252824,0.12559269869112857,0.0717397939877724,7.195931572659886,4.110387418637356,0.051662371127282336,0.02618193183403169
15,170,0.6025451351794924,0.6473661891590095,0.13969591590529856,0.07971384193687267,8.003986396588076,4.567266711755751,0.046025328957128395,0.018567703404063093
15,171,0.5129940818375264,0.5731292927790825,0.07308509719834527,0.1121163990671131,4.187467614768582,6.4237964807500605,0.011663359030705473,0.018880308506290213
15,172,0.4410776954000866,0.5051335194160426,0.07937567587382023,0.04962924084471746,4.547891223568292,2.8435460408405913,0.02307430478388783,0.011336731542722783
15,173,0.49895398973988103,0.5598095588532398,0.03286787728646542,0.07899380814514453,1.883190650068369,4.526011814382928,0.004789955814854219,0.01338298675865035
15,174,0.4761046730304384,0.5340860578246936,0.10787549554465353,0.052870148773735796,6.1808106075909635,3.029236386963826,0.03303262739906246,0.012130669669337717
15,175,0.45921574958938294,0.5228118590955869,0.047192219734176304,0.0870133204197256,2.703915016622298,4.985496021469782,0.005951565887987668,0.013815750355062759
15,176,0.5843664825732428,0.6367628831988984,0.04561725499256155,0.05957008203789807,2.61367618404586,3.4131142860196335,0.01015344513811161,0.007725834006536987
15,177,0.49198967018234485,0.5489563414128208,0.07959405060291928,0.04293540304695621,4.5604031738979804,2.4600173862837256,0.020183832720215726,0.00706130701467729
15,178,0.44663023747624486,0.520268872948112,0.2998967635601916,0.3550849280362209,17.182818841631722,20.344867745182015,0.14406606379424639,0.20623930988366954
15,179,0.5372393262491348,0.5933537158081744,0.08726775128360756,0.050356859273223704,5.000073836148085,2.8852355058899404,0.01635838947371432,0.00545760610440787
15,180,0.4091017665291336,0.4791627048806397,0.07116873851928514,0.08911357448036612,4.07766835042517,5.105831715049697,0.027723018545092643,0.02264032691027499
15,181,0.7458656103285991,0.7832487593269881,0.09839060207970264,0.03958386063207505,5.637366242918062,2.2679881510519517,0.019000037851393196,0.003690195193417161
15,182,0.7147023262375404,0.7531969301492005,0.09185071475839397,0.03593202139236812,5.262658300915957,2.058753175156481,0.021004457378404742,0.005406006036891984
15,183,0.5155093643138152,0.5719926288247145,0.09397003438254851,0.05864916816793928,5.384086370819265,3.3603498079759353,0.03717211096981166,0.020004542235474355
15,184,0.5427901693995196,0.600939618059367,0.060115314518443035,0.12107794559456868,3.4443538060083085,6.937255274683384,0.005452851351348986,0.023524891094177706
15,185,0.498031332587114,0.5585926754596027,0.03240292758699405,0.07378809647639836,1.8565509946027836,4.227746506401767,0.0029552245668107748,0.006543155978583692
15,186,0.43147650300526685,0.4970436837465434,0.0285226657369657,0.05565301677071587,1.6342283671905344,3.1886829781328094,0.0011584600562098363,0.006231175899708358
15,187,0.611159813038491,0.6528901447308786,0.18491318636106113,0.12284140486034491,10.59474515480486,7.038294047955601,0.08600798418864132,0.04575473500016388
15,188,0.5921216175569307,0.6460057078731549,0.049100714532337185,0.0827440617146971,2.8132637137795884,4.7408855160221615,0.009936558699381436,0.012429677236017296
15,189,0.5067738580573199,0.5631236789191048,0.12569918841994973,0.0783789226305719,7.20203298468283,4.490781469514186,0.06341646411282753,0.03685733354331839
15,190,0.5309583549136698,0.5852591575508197,0.03815944132414577,0.030607675176117306,2.186374936450658,1.7536906082988604,0.002413295101028841,0.001916804980049978
15,191,0.4430673785346209,0.5085529493794836,0.07708693481780039,0.05664040804207532,4.41675602066004,3.245256330709762,0.0229398113057787,0.011563442850721794
15,192,0.5826739503313966,0.6358106876459848,0.06752219452086825,0.10529505696473815,3.868736769507122,6.0329623676690805,0.014216859474345197,0.02697323228323616
15,193,0.6054451837518892,0.6568385062449302,0.03115979345376751,0.060747240040808344,1.7853246554002493,3.480560471406441,0.003529838278558792,0.004723221835031231
15,194,0.5857077429007579,0.6335844202471806,0.09072571871059937,0.0658886783200056,5.198200775408429,3.7751431854314483,0.021626303681467604,0.016848635425611037
15,195,0.4648006583013174,0.5254159127705625,0.06572250201176792,0.06490211259605864,3.765621984314364,3.7186171332370193,0.011886468046738631,0.014720779995231893
15,196,0.4702464015844193,0.5315896072194067,0.03006411206615052,0.0692028492538427,1.722546736198758,3.9650311925252444,0.0020281139022051836,0.0080219346802506
15,197,0.6311036534698916,0.6741993364162396,0.1755362477333538,0.11823310072319615,10.057486146684036,6.7742576701843005,0.09342462499540814,0.05320597648754863
15,198,0.5434344227909488,0.5980287228905893,0.05437581508328033,0.03827403843581994,3.115504711855766,2.1929408672939776,0.0075226957005164186,0.001985985352795443
15,199,0.5652921682316253,0.6215761419753236,0.0786699358439197,0.09082635788735889,4.507455298421554,5.20396697549042,0.019880817900031288,0.013995990364503167
15,200,0.39435837683637076,0.4639397780140625,0.1080140360333981,0.05506604532030233,6.188748392887707,3.1550519913294406,0.021716865291743784,0.008121060817383206
15,201,0.5155883194280515,0.571774265156254,0.055931892765577994,0.05227574174594995,3.204661395645921,2.9951793729587814,0.010384087556633326,0.0046789189971234565
15,202,0.7020801124703089,0.7411626589126293,0.08150505109459241,0.0296891520603739,4.669895436718276,1.7010631103815568,0.00921261247650465,0.0019961844736037567
15,203,0.4981408934303573,0.5567477093220048,0.032600316275347464,0.0582472437092728,1.8678605333690574,3.3373212328112656,0.0025196049396400324,0.005682813232327385
15,204,0.4935258902687991,0.5490285593529157,0.11627155751727504,0.06615980830355232,6.66186952315246,3.790677789188127,0.041277641625770876,0.018289119321349592
15,205,0.5592344505960766,0.6127046007245944,0.02747626701489427,0.05028821601274437,1.5742741367279587,2.8813025367724574,0.0025265754869376877,0.003979367869378702
15,206,0.5303919597652205,0.5875318477797349,0.03236855630907781,0.07303362761676893,1.854581665441712,4.184518624970953,0.003800259330021328,0.0070101752812571985
15,207,0.3810067880245929,0.45329930653011485,0.08815577462000142,0.03912092587469215,5.05095382543258,2.241463943263999,0.04920718058168435,0.03478303657666633
15,208,0.4216272063000333,0.48639354494296294,0.13445978537667352,0.07469981106599884,7.703978216318257,4.279983904506376,0.046215608576130746,0.020127690767056818
15,209,0.4114203626899239,0.4791806210116819,0.07252025801391553,0.02822434530115287,4.1551047133971455,1.617135865275956,0.01288978556617134,0.0033627651553407856
15,210,0.387820975589296,0.45873433816322623,0.1221200130132935,0.07355232322350214,6.996961339744408,4.214237694088743,0.1314705413209375,0.10204089707528355
15,211,0.6606575298458518,0.7031190533757351,0.09349934618844219,0.0443967983454407,5.357117923830338,2.5437491690871483,0.026282184078958902,0.009420593895082839
15,212,0.47933485835182266,0.5386860968976688,0.09072604172637264,0.046255934057207466,5.198219282848953,2.6502697989134343,0.030105023629280907,0.014387268308821446
15,213,0.4974329640507198,0.5580216026886947,0.05424581598649782,0.06300575255868775,3.108056312269615,3.6099637066583954,0.009264849314800743,0.005339479668203244
15,214,0.4649809076197991,0.5275850241239337,0.04798694189930036,0.04211386768636494,2.7494492425694053,2.412946877401088,0.009177307122306404,0.004520317349743189
15,215,0.4255380930828309,0.4906189439718791,0.04899690251038504,0.03560825221023175,2.807315723059011,2.0402025674836644,0.002746234828437449,0.003461864923327524
15,216,0.6135664483992914,0.6597786031641643,0.05476225080201732,0.05745771426997633,3.1376458475924998,3.292084528138248,0.010063017119962263,0.010478167599744063
15,217,0.49392250731425824,0.5528054347306128,0.042408857289824985,0.08948419147509862,2.4298485366795863,5.127066504663691,0.004589026623300234,0.01701648320581252
15,218,0.39380390811103805,0.46271914882251924,0.2078824392176788,0.14577353825018613,11.910786402057862,8.352208506424537,0.12244776125745509,0.07467368090547788
15,219,0.45931145435407106,0.5248748352665515,0.07313837766460683,0.11495886698930989,4.190520360615858,6.586657896093257,0.018404037468035532,0.029273035300480837
15,220,0.7180689819871299,0.7589455362832512,0.07184038841366495,0.03339463063248099,4.116151054683542,1.9133713936394559,0.012527467498848373,0.0037844200744813657
15,221,0.461881860185559,0.5208981689381963,0.11050284905931765,0.05376726246963424,6.33134687527008,3.0806372154821893,0.03365721023290438,0.012334392769267979
15,222,0.447643589166031,0.5104010646978361,0.05180406802551638,0.04538977678837493,2.9681544594707048,2.600642643014752,0.006356067859063789,0.003970018180512193
15,223,0.40418151276497355,0.47519023436219643,0.05405304499749664,0.10235611453188642,3.097011348187285,5.8645733700347655,0.011140516634844269,0.022394575067579747
15,224,0.5279404451434965,0.5819306925681819,0.13723294687545515,0.08612545224553185,7.862868666106618,4.934624922324494,0.05946248441390172,0.031250382257320304
15,225,0.5807966366941208,0.6268577870687155,0.14908412160162046,0.09287852168205035,8.541890960187999,5.321547299795793,0.051316662067174904,0.02470557538100944
15,226,0.4526896762753674,0.5191002284959287,0.06413870980760278,0.11398001509696792,3.6748773753899795,6.530573813893668,0.014801501995653131,0.029461438528499903
15,227,0.4039339838346848,0.47290968992622007,0.03324966885926685,0.04797948750912354,1.9050656958435528,2.74902213747343,0.003138773189423797,0.004614496732766003
15,228,0.5398507946204977,0.597000545555369,0.04232931431415215,0.07102039515759645,2.425291059883621,4.069168901881626,0.007369424956505218,0.007988452877274243
15,229,0.5291391345747248,0.5823933328064604,0.0762269101183836,0.027734816625409595,4.367480235106451,1.589087938205238,0.012344540890866888,0.0025275089389594947
15,230,0.5084275410613535,0.5646359886517737,0.062426857049825486,0.026854160838309826,3.57679543722151,1.5386300784006497,0.01043942699370239,0.003242167160246074
15,231,0.40648439821051674,0.4755784422275438,0.04706107292711075,0.053253523738525675,2.696400858080825,3.0512021544172625,0.008218515758538592,0.004699999776679696
15,232,0.3871278803669062,0.45833993015671326,0.13831996614629213,0.08340218327813141,7.925150282574966,4.778593104013499,0.13172596279201315,0.0965326799054284
15,233,0.6220639637726558,0.6709978414551598,0.023871742977453838,0.07469148468787587,1.3677501222291664,4.2795068381813,0.0018515185589024355,0.010210378562990056
15,234,0.5671207291411914,0.6210486401141754,0.022856140109502134,0.06435954345426037,1.3095603642341516,3.687530211317943,0.002489014516291331,0.006043956706087147
15,235,0.45714793502812967,0.5182688004242678,0.10152529162198524,0.05850430166406905,5.81697072377465,3.3520495687113554,0.03790286564833734,0.01766603406883796
15,236,0.44005232160649443,0.5044134135299831,0.019786343955546428,0.04973267632315513,1.1336740006469972,2.849472457206986,0.0007574030682346231,0.004147741207977552
15,237,0.7541296504704681,0.791591825416962,0.08734687979707435,0.0393047581137958,5.004607566008877,2.2519967547030775,0.02025603030956747,0.006344570451735688
15,238,0.5422915049804655,0.5967945481553412,0.03453262105681871,0.05302238440249014,1.9785734420803087,3.03795884598297,0.005458352801653389,0.004955592722455153
15,239,0.5674970909570088,0.6246328337730641,0.12257700972585518,0.1839473842696218,7.023145322625546,10.539408771120478,0.020695869944411992,0.04972826005810016
15,240,0.46019903671096984,0.5232032237254755,0.0584476591372232,0.04478079743047216,3.348804190982132,2.5657506959963365,0.010979930491736699,0.0037247035990642854
15,241,0.4789875837746971,0.5379281695505197,0.08076172660940382,0.03617394148069789,4.627306080908236,2.072614175197209,0.019505148947255607,0.006697222272098917
15,242,0.48642102758418826,0.5443717855508464,0.08210287184793012,0.049997405073015116,4.704148042789858,2.864640297289738,0.01565538290692923,0.007188517707568183
15,243,0.40245945576351605,0.47306093243047215,0.046364082767988805,0.06635236486346584,2.6564662636009864,3.8017104673887294,0.008778232982848693,0.007770645725854345
15,244,0.38169868470794177,0.45406438425356355,0.03233144837186555,0.056406670208691084,1.8524555372530132,3.2318641393443137,0.002566255525779713,0.006809849713569575
15,245,0.4703684569311603,0.5291717604146285,0.11244565944838718,0.0638594265058994,6.442661710957934,3.6588756209138973,0.08109684432126926,0.05712238384928606
15,246,0.5231360716416064,0.5822868980066062,0.04296042489959429,0.08300305160695966,2.461451032835486,4.7557245437853535,0.005713930956566353,0.011896259362286256
15,247,0.6098290961893719,0.6584432175547099,0.07830883704675295,0.05886417203081218,4.48676586135665,3.372668621897562,0.02626272196860076,0.013325653856281483
15,248,0.5243874517293728,0.5815875103864225,0.07810129361266253,0.05697379247615204,4.474874498517617,3.264357851737716,0.02095802053611006,0.009980545434841566
15,249,0.60298695486541,0.6539680284836497,0.032424886684255645,0.05444118768327657,1.8578091581977905,3.1192502859313476,0.004578874178548586,0.004463134114598977
15,250,0.5820464267795515,0.6330714433730931,0.1416845563165731,0.10089675472944541,8.117927099123268,5.78095821256385,0.07644365892461641,0.04570950851977649
15,251,0.6337996281003424,0.6804822910823378,0.06813091277681775,0.045644488852018564,3.9036137564855933,2.6152365692525996,0.015471947897284732,0.006009733978719243
15,252,0.6918488356265199,0.7356860410561735,0.05927824579850624,0.03841290149717458,3.396393301193512,2.2008971346398645,0.010704528229486594,0.0031930244526880568
15,253,0.42481356231743667,0.4915433096198137,0.032825956746448406,0.07326158448352933,1.880788780050485,4.19757959134735,0.004199457368984127,0.009105386400935573
15,254,0.5997187661682836,0.6547874940250823,0.12089882358171683,0.17650191101059612,6.926992339329085,10.112814576900792,0.02862491918710007,0.059667907270921944
15,255,0.41164697003175654,0.4780373307064469,0.20480040787100057,0.15022699344007603,11.734199013566178,8.607372693055861,0.33803282029524684,0.2753675872607382
15,256,0.47501788387159327,0.5378450789879792,0.04672356207741157,0.06601662210217708,2.6770629108531883,3.7824738241648155,0.00618386094370167,0.005820850320323912
15,257,0.3665722120002456,0.4410983692917943,0.29445860381811007,0.23370556260468514,16.871235240092496,13.390342385978897,0.9434622954879909,0.7945809133516473
15,258,0.5346130492734429,0.5909987033310158,0.036034974876372104,0.07897971690476269,2.064651975276077,4.525204445780943,0.004053137760447806,0.011570915886927775
15,259,0.4523461561939133,0.5150552048653247,0.05905555784360533,0.04477947760128414,3.3836342212292907,2.5656750753541844,0.014585906026549737,0.006821341157768753
15,260,0.5449874630382381,0.6042729866010214,0.06993738263365357,0.13183025853140112,4.007116855099888,7.553317425967799,0.008068751444466699,0.028641928694942018
15,261,0.560179447225778,0.6108843117362305,0.07853586220588865,0.030465283619162745,4.499773444818412,1.7455321730470672,0.017881332485252158,0.005227844035254888
15,262,0.4348350035422747,0.49814831307050694,0.18367385396426314,0.1272042382249457,10.523736639054503,7.2882659864660875,0.14635971205230874,0.1047014330589226
15,263,0.5218598461639756,0.5788310007283511,0.023619988844276907,0.057210747457718814,1.3533256729231538,3.2779343721160923,0.0020324334464040424,0.005070580389952249
15,264,0.4842778254525908,0.5420710404716625,0.03671965164672294,0.04699051766708792,2.103881064547828,2.6923583394590693,0.002237520280291172,0.004053393280633057
15,265,0.547235124138045,0.6000670921913845,0.10619817553105158,0.058155556749398374,6.084707249918746,3.332067956974076,0.028777625606777928,0.009959809703532944
15,266,0.3829551809335412,0.4545770421168986,0.15121426485315567,0.09456767866101172,8.663939178259241,5.418328865625347,0.11100405168437802,0.07316915042361485
15,267,0.48633271919252363,0.5428956278000994,0.08462308126613005,0.038251721346317255,4.8485454059418345,2.191662192254458,0.01724736555600121,0.006684697107200044
15,268,0.6163166001997573,0.6673139070754974,0.028493868828946674,0.06026960089071443,1.6325784258980178,3.453193763975844,0.0021663688773275675,0.004429191822959696
15,269,0.5847740705545509,0.6347060914815221,0.0967538047905948,0.05733474487185655,5.543584666333728,3.2850389006167204,0.03359015466836624,0.015246524918137005
15,270,0.41654761895797326,0.484427048087957,0.08322574497390411,0.05282846056631098,4.76848393383683,3.026847828622918,0.02587798863343715,0.011937798094210902
15,271,0.5528217568209688,0.6072141810072823,0.05776706729872486,0.06783592918194854,3.309809151065128,3.8867124414739904,0.013064459686159784,0.011487084083911182
15,272,0.5643457595182615,0.6132418045234408,0.09186830316230887,0.03461386276415925,5.263666042228652,1.9832282490313586,0.020840268162803405,0.005268352297203162
15,273,0.44244402569121394,0.5068546170726821,0.02881714718311707,0.06465436005226889,1.651100911199917,3.704421958114236,0.004418438102267214,0.010562384847737812
15,274,0.59191200548296,0.6364828404885312,0.10059775301274954,0.040548051951589,5.7638266761300105,2.3232322443032505,0.017270807202752467,0.0031031502568498112
15,275,0.4951796586783857,0.550514861831875,0.12650963007652258,0.07140437708813362,7.248467871146046,4.091169445910691,0.05700773521327832,0.030366616294910453
15,276,0.58195883257831,0.6288078613606396,0.12931495802389348,0.07204252746374415,7.409201322680497,4.127732769127863,0.04820737808788152,0.022106147917369277
15,277,0.40742969556377184,0.4784670051637215,0.0731171058321853,0.12427504180111971,4.189301574395595,7.120435394016044,0.017370956494871508,0.028542317300072333
15,278,0.642663358252418,0.6932933898719054,0.04171732300837672,0.08753984590447365,2.3902265409639885,5.015663709551925,0.00394109464501621,0.009046081718358086
15,279,0.6359043817849724,0.687900260472165,0.11688868001665083,0.16889591593807504,6.697228037809258,9.677023160248034,0.030520645293133176,0.06022585765009508
15,280,0.5466471975019926,0.6121461575211424,0.3008539259591049,0.3608677442628004,17.23766020739807,20.67619870866479,0.13314262807719096,0.19553836013533502
15,281,0.4599141827826092,0.5216729350051106,0.043422076914777646,0.04626017950689243,2.487901744909202,2.650513045262518,0.005716712835274865,0.004375341993105173
15,282,0.5020984080513279,0.5596791888224559,0.023762018856888445,0.06593330080384978,1.3614633932099849,3.7776998654271106,0.0014984521531180963,0.008623891972146382
15,283,0.5571591345987552,0.6140165368704561,0.04009491484303864,0.09669353060873169,2.297269400442554,5.540131210099368,0.003484257041209443,0.016209899282453318
15,284,0.621466885735025,0.6689115332213517,0.04432233527890756,0.052735454124630377,2.539482749645198,3.02151895204709,0.010330124187397025,0.008567780269479141
15,285,0.4348432405747628,0.4979344936019867,0.13098409455243448,0.07462091190434861,7.5048358011970135,4.2754633155366975,0.0388437985197696,0.01697581571380146
15,286,0.6279695359956075,0.6709625858967073,0.10262013958763093,0.044259872775343066,5.8797008914146325,2.5359039118131315,0.027147760109312358,0.008539583389814556
15,287,0.40512984910464683,0.47497408351296694,0.1023234069256188,0.11038950887367566,5.862699362237655,6.324852960983565,0.06694271132443981,0.05676636155374095
15,288,0.3984660550846518,0.4692476956451025,0.025339739385857773,0.06740181224255198,1.451860120771075,3.8618393730314313,0.002726136645403227,0.006632348607188605
15,289,0.5087131729885717,0.5641203496449235,0.052616635106964016,0.047300917842022165,3.014711123808917,2.7101429594429236,0.009714899774166515,0.008731916036992152
15,290,0.47230758730647676,0.5328246555192057,0.05085363820201454,0.041597404264580556,2.913698841860685,2.3833557030599577,0.008842981469170612,0.00377758151839627
15,291,0.41756479260966084,0.4827362946317667,0.145454802589011,0.08598774006306073,8.33394629825889,4.9267345954813635,0.06334111926799676,0.03238355647710373
15,292,0.7763824477649042,0.8133940737064261,0.07256752545728092,0.048753098935539606,4.1578129384103555,2.793346807190166,0.013371166931262647,0.008259057533136358
15,293,0.42590645869343924,0.4940380922195342,0.03241297263036261,0.0862471278778962,1.857126533192828,4.941596422528557,0.002730558280951834,0.010631209130842395
15,294,0.45948604214943767,0.5200881142735628,0.12475038475754795,0.07437003360840655,7.147670539240653,4.261089048007784,0.06123211095665344,0.033681623242628425
15,295,0.4929617078150691,0.5506211032086253,0.1165492669318214,0.11317744291594246,6.677781100537016,6.4845898151663,0.039859126300374755,0.045424888859138784
15,296,0.8041948074482917,0.8341325480920666,0.23376833449199516,0.17137664362575047,13.393938950193832,9.819158386873085,0.11660784377368172,0.06829428992300275
15,297,0.6170089507471259,0.6599633267097442,0.13234302435505133,0.07098783691180144,7.582696743541504,4.067303451809222,0.03549997068582615,0.0123788816465683
15,298,0.48527765302516224,0.5427132715094063,0.07456147790993906,0.021310410831585087,4.272057998497426,1.2209966003397004,0.012360062595120541,0.0016409464199185278
15,299,0.6176103515647754,0.6776918365265475,0.19609747051198984,0.25444427461441016,11.235557433528133,14.578583056673414,0.06658897622162324,0.11209902600872468
15,300,0.5048216083363071,0.5603704784855136,0.13704264704982785,0.08691388843626204,7.851965289256098,4.979798988468705,0.060669950141348086,0.03121112737823637
15,301,0.5235429002010424,0.5808964796210736,0.02665877633880243,0.08013955746248921,1.5274353711966,4.591658414646773,0.0020940124756206467,0.011867589529303314
15,302,0.4115631632102758,0.478218667429527,0.10869713517076472,0.053504890893268764,6.227887090447841,3.0656044314922535,0.03343506376148515,0.012652286487237346
15,303,0.45761128050452493,0.5199650793641624,0.03637810102412972,0.06230546908540124,2.084311655383171,3.569840419176316,0.0055275227559027,0.009878842529182209
15,304,0.44690525714899454,0.5091963414369525,0.04695213500286666,0.046790610037716326,2.690159174792723,2.680904476003611,0.00493900790995163,0.005487712626626149
15,305,0.38400979502995625,0.4563517547247585,0.038185614601279484,0.05796035905387453,2.1878745547664464,3.32088395284988,0.005936580846129639,0.005804229533376228
15,306,0.5597643050109079,0.6100356679392952,0.11956689066128078,0.07854180646049702,6.8506782043935655,4.500114025519822,0.03368044478119313,0.021016511824256852
15,307,0.6778169461145461,0.7248321642716377,0.026570355940950745,0.07495189388843951,1.522369255576831,4.2944271863199726,0.0028465711179357237,0.008282829555218973
15,308,0.41326630738028164,0.4806191739575282,0.1683611109185944,0.11764463195268288,9.646381089769381,6.740540893258638,0.20250780705846683,0.15864881351009136
15,309,0.517378770589073,0.577375072487666,0.10016448149679434,0.13784603156933603,5.7390020468825425,7.8979958315500625,0.029775145556421845,0.04546951381770489
15,310,0.46428768920229235,0.5244790716414048,0.10351731278700867,0.04999391988698731,5.931105129231226,2.864440610839526,0.028304589261940787,0.010070347463677106
15,311,0.4306263814553192,0.49848168298293727,0.06421978352285893,0.12297186608565587,3.6795225571036023,7.0457689255560245,0.007310418655430261,0.026775346228381743
15,312,0.541953952545307,0.5951987273769189,0.05330854243148247,0.024060947341478425,3.054354493318013,1.3785907337532322,0.006587872092468035,0.0011597028617520008
15,313,0.4692011550492978,0.5284632710401393,0.07443235452690729,0.028936599242234656,4.264659773613255,1.6579450100415019,0.012237417603864376,0.003218759576635921
15,314,0.4777954780316694,0.5364595225896005,0.1383923506546673,0.08674888318186537,7.929297609406991,4.970344883794294,0.06075610312072882,0.030817811053754418
15,315,0.5858570319260443,0.6425200891767253,0.07300556077642238,0.10688794097802116,4.182910513474828,6.124227898884057,0.015591859446778662,0.01776060680600107
15,316,0.44558665784172524,0.5095195017534623,0.04053337291695606,0.05430652054313309,2.3223911975714566,3.111534427162029,0.003924404123003239,0.00925689666679124
15,317,0.5074014751050224,0.5663817481770225,0.07285024559121839,0.12381951698597866,4.174011608868346,7.094335744644985,0.014210255120394352,0.033169293284842395
15,318,0.42068412375929676,0.4854041818870852,0.16658368302031903,0.107206154665444,9.544541972809395,6.142460200156681,0.08258339743718601,0.04457183913596144
15,319,0.4148353663438008,0.4911666872398687,0.4097529234495565,0.46797637874179443,23.477113156806688,26.81307141372056,0.23223461016349528,0.3125553836451128
15,320,0.6255021965046846,0.6800863113240219,0.07806339513105567,0.1399530467119733,4.47270307547159,8.018718906593334,0.008612943447401648,0.02918156893195953
15,321,0.5597071007381194,0.6137573911739624,0.05543918659587645,0.06665805153896392,3.176431411581966,3.819225023748155,0.0132664212257294,0.008916106583993567
15,322,0.5519014321519317,0.6003871733236865,0.09647669795143039,0.04290250124698637,5.527707613975397,2.4581322520070708,0.01823379066677744,0.005366540756205095
15,323,0.5458138985632988,0.5980260405397831,0.06205501673849352,0.0292858970402088,3.5554905567293575,1.6779582996586335,0.007762036988535698,0.003420592397869707
15,324,0.41162045507742695,0.48209016256387766,0.06890023748450369,0.13011724375190037,3.9476928153111333,7.455168908858872,0.007124455983903204,0.02659940596807646
15,325,0.44177149609751853,0.5068291904170894,0.03174143002859898,0.06346728334894747,1.8186499763485373,3.6364074730556153,0.0040137089509867056,0.005633330439223837
15,326,0.4283257628939366,0.49237874549753946,0.10260699055574485,0.0445987664232126,5.878947507382877,2.5553210875398484,0.027295675395996068,0.008745397859862867
15,327,0.444633312690579,0.5111696275646685,0.059939184936428386,0.08446822740536558,3.434262324311466,4.839672933278724,0.016280678651428813,0.014838368155078926
15,328,0.42964847958493624,0.4947172051754586,0.09166951954923132,0.048431267398302176,5.252276580162947,2.774907218392254,0.029047967159503515,0.012793709800005444
15,329,0.530207669245427,0.5812128409235728,0.16275324222004278,0.10540794829095766,9.325073881278852,6.039430564205093,0.08403438064409512,0.04648081442376103
15,330,0.5114215645812477,0.566622919701904,0.12253650300397166,0.07169205045842131,7.02082445841971,4.10765191590648,0.04715786851832128,0.022347687925831788
15,331,0.3804401800996526,0.45533558329317886,0.2238081477833267,0.2744897108966293,12.82326228862483,15.727101954142984,0.09138111654544581,0.13896716737014705
15,332,0.6221662806417406,0.6677517843101896,0.10476924983731051,0.05860768200312885,6.002835838429579,3.3579728258241137,0.027139929114674402,0.010854830121963852
15,333,0.4761076711896113,0.5399619582862033,0.06357961162209318,0.1128777384911899,3.642843409026857,6.467418016526582,0.011711221372460258,0.020896083519118515
15,334,0.5690866923788456,0.6203395390623948,0.10067618096026512,0.06574331309558058,5.768320266518527,3.766814371583923,0.03571122387909864,0.016793375340300946
15,335,0.3834387751919617,0.45583730725802224,0.05388372869056705,0.04643586185544416,3.0873102383974778,2.6605789023694784,0.016936868120954993,0.010635553941424906
15,336,0.588481614049329,0.6422855470762772,0.04314882548506472,0.06859548678461788,2.4722455912407355,3.9302318864040187,0.003741669979019823,0.004485355792172373
15,337,0.5931435010233711,0.65500825342821,0.21279449853580468,0.26979557119826475,12.192226669704384,15.45814756098188,0.07833606606337526,0.1260649224593219
15,338,0.5341706912287245,0.5912964836278586,0.046620327844770035,0.10064810025850982,2.6711480250215565,5.766711360822183,0.007002458626910169,0.02186188552126961
15,339,0.5000859140760484,0.5587516567957767,0.046626260812814846,0.07521552998763008,2.67148795905051,4.309532422130885,0.007958092667510205,0.013893433872538396
15,340,0.903331061752295,0.9438927769306239,0.04087387277632302,0.09506604234831338,2.3419004024379815,5.446883001570311,0.001885490925836209,0.0126046997140766
15,341,0.5168619125687849,0.5739499656093012,0.04362675586927838,0.07365447070968689,2.499628985157244,4.220090313935001,0.006455175547779536,0.01156118569183236
15,342,0.5263529552486702,0.5855102973805786,0.04399979711774327,0.09775606414594282,2.521002674278573,5.601009897372672,0.004546352271207303,0.013365109613898751
15,343,0.6588467272626584,0.7028732480734757,0.07946152947502194,0.03686962615616963,4.552810272573149,2.1124739709736677,0.01819015451209477,0.005353466779448817
15,344,0.6616976685160627,0.7126837711867325,0.06528688706629097,0.11867971839064897,3.7406630864457138,6.799846977585325,0.009268946111569268,0.0273889441000644
15,345,0.4775421672120257,0.5408585449146364,0.04501687153359463,0.07107923944038624,2.57927674575759,4.072540430933955,0.004207904587206323,0.013148913811392379
15,346,0.5962579079379051,0.644770953686772,0.03785500297761973,0.03190798411125844,2.1689319040727746,1.8281928223455977,0.0036100376478908833,0.0016509402635708458
15,347,0.47715286712462224,0.5376269944249533,0.06879058575861581,0.044764009314752495,3.9414102342014323,2.5647888078196224,0.015632236270008648,0.006073794979695479
15,348,0.7338627473704038,0.7740529956752021,0.04530958322863637,0.038354023686047505,2.596047890497602,2.1975236845553145,0.006101840740465405,0.0034344469578076638
15,349,0.40573997734168726,0.4726628502658438,0.27183461945903453,0.2144437231094107,15.57497642054748,12.286720277241272,0.894402225412128,0.7546394460651888
15,350,0.46413022139512894,0.5214576279390287,0.20413240992317863,0.1431920568463796,11.69592555043258,8.204300517094914,0.1437561348539512,0.09248437904582697
15,351,0.47648208179404994,0.5356738845300678,0.09455275361421321,0.04747937987768687,5.417473723434758,2.7203680808898243,0.028018200910648196,0.010615528558617844
15,352,0.46748380705092485,0.5282935223789941,0.05553469709580267,0.07460770399251657,3.1819037601269233,4.274706557932541,0.012519117844951577,0.018399929350031763
15,353,0.46313956862493444,0.525764507337634,0.06935395368200198,0.05874652515987871,3.9736888385245095,3.3659279527201535,0.01422257843215265,0.007073645140218441
15,354,0.4361950251665394,0.5001423809680958,0.07806146516907446,0.030383438024212995,4.472592496795445,1.7408427658847094,0.018806363637813836,0.005925452882327946
15,355,0.4672141612372,0.5317056741229601,0.044300400197034566,0.09256834461611328,2.538225962030601,5.303775463015848,0.0041039805964313905,0.01072906369780436
15,356,0.5198961558413501,0.5731311216427201,0.09361585450847108,0.03666453894508682,5.363793358846153,2.1007233393465143,0.01827761327683703,0.0038026799980026248
15,357,0.532729501561457,0.5855592631310326,0.08427012434641043,0.04838928310018198,4.828322464091962,2.7725016953041473,0.015287961675921363,0.007678909406045547
15,358,0.5503976638436127,0.6083226000327785,0.07037261055105602,0.10270019286611642,4.032053577893317,5.884287606408037,0.02240645031646417,0.02328005024352677
15,359,0.46489903359172746,0.5322020303378074,0.15207399499198443,0.20787684828941677,8.713198086734325,11.910466065464888,0.04738957678972233,0.08484445541375925
15,360,0.45094437904535845,0.5243902209257402,0.3084841285765258,0.3641600834272664,17.67483861420596,20.86483584751432,0.1496974622048482,0.2133419997673911
15,361,0.4123355962988028,0.48064064072059887,0.04032672426133106,0.07491576575334745,2.3105511017620923,4.292357196657519,0.00569733328059891,0.009679963942125683
15,362,0.5903820477537639,0.6407319803130289,0.05620785311519607,0.042641802065238356,3.2204727589919915,2.4431952891703954,0.010967279223851385,0.004169128268374608
15,363,0.5388539275280361,0.5904095565474976,0.10815335371389004,0.06449048951505527,6.196730707991446,3.695032867945354,0.026190136229590544,0.01367167590973126
15,364,0.793473478683533,0.8315829614437615,0.049813325601397285,0.07606501376132963,2.854093320471038,4.3582042571287145,0.008214909790515607,0.0179141809598924
15,365,0.6012500006018588,0.6449101264481416,0.2103416263919823,0.14837776808264386,12.051687448178155,8.501419884706426,0.09910187551212764,0.05533349481372064
15,366,0.42574594854976205,0.4906599288274277,0.10492038597695819,0.0755280938275222,6.011495301363291,4.327441010985106,0.025467415080810976,0.020009332426593137
15,367,0.568182746004756,0.617678296308132,0.1389632932664873,0.09051492089535587,7.962010211408454,5.186122950264398,0.07478910250291816,0.04394555776710318
15,368,0.5600352720653657,0.6114029242187121,0.10753738013998614,0.06713292311138722,6.161438021915163,3.8464331606587505,0.04081696612422977,0.01910556395521249
15,369,0.3767099645929066,0.4503826705733238,0.04526666129549142,0.06408486598331932,2.593588644879854,3.6717923515056934,0.009677213662866424,0.007674010828531953
15,370,0.4295777666341851,0.49570005593832017,0.038250447776826346,0.06613035909167138,2.1915892220977122,3.7889904736373623,0.003719832395770355,0.006506618502555107
15,371,0.7579747809297229,0.7953252622996493,0.14446447241116284,0.09058390669483714,8.27720455874375,5.190075545421011,0.06369421239936908,0.03269806566792748
15,372,0.6295049730122952,0.6722773145472695,0.13571385649910983,0.07898495535597219,7.7758311988430915,4.525504586926433,0.042067335982281476,0.01807451555293174
15,373,0.4433902709263209,0.506102537437138,0.10539753132902159,0.05598680970242243,6.0388337162508074,3.2078079043508936,0.028472024125468835,0.011787176002626229
15,374,0.6305031335846439,0.6793155117336278,0.04556818217560344,0.058303184334365724,2.6108645187453425,3.340526394532414,0.007447916797655753,0.00683952403843973
15,375,0.5177737212364069,0.5757168039036356,0.06204086143379782,0.05406801201846717,3.5546795175125725,3.0978688953207802,0.012808066233503362,0.005898701990384003
15,376,0.43911753057693137,0.5042007444351322,0.09989062012217717,0.07076161834066602,5.723310945945328,4.054342082435682,0.04622618047760363,0.027211677117367702
15,377,0.3840027429337096,0.45615526915149734,0.05425677777400741,0.08504220320507103,3.108684376429834,4.872559324144492,0.008406667619349302,0.016977049406279712
15,378,0.45775780330068633,0.5211670395678486,0.044077115472561164,0.06193755896095378,2.5254326896885337,3.548760721805344,0.007362576973305987,0.010215410845513122
15,379,0.4299000799450547,0.494363078019558,0.0571102092334806,0.017676145637585135,3.2721739561875025,1.0127685430922098,0.005776963422296132,0.0010407704207528456
15,380,0.5352643170192984,0.6047043897714669,0.384582596138679,0.43748353091201053,22.034959632930537,25.06595992773929,0.2337049382809157,0.3095717225241351
15,381,0.6817634863483977,0.7453705541937643,0.3900470772953742,0.44673330942172423,22.348051340437937,25.595933197776695,0.22079864376993236,0.29849314926176207
15,382,0.750324186883271,0.8024704186918181,0.1591194444814216,0.22040678007600137,9.116872607251675,12.628378274423,0.04089683907382963,0.07944545718702714
15,383,0.549488499329684,0.6116670543503986,0.12960292227797118,0.18776731641951117,7.425700459089782,10.758274761335475,0.031722845656796235,0.06369126443244826
15,384,0.5140118092182651,0.5747554124917685,0.061049068200763223,0.11406124236459544,3.497853951110055,6.5352277935101055,0.005816744259475107,0.018728644567708404
15,385,0.8064005738505864,0.8558359013147486,0.20648087649184976,0.2629728393133271,11.830482773145008,15.067233819225617,0.07541580442730585,0.12263931805358964
15,386,0.5886678256377526,0.6395137364205314,0.03557886003159333,0.060872187893886,2.0385185196969884,3.4877194560470115,0.004424503506258424,0.005705809155608706
15,387,0.63159004189548,0.6853446153783282,0.17347593963936492,0.22698211858254327,9.93943918840183,13.005117419717706,0.05780594113334447,0.09848999152540205
15,388,0.6267618608627362,0.6869341681478773,0.24707537791176123,0.30278417227805415,14.156376375943761,17.348255174894526,0.10294766279531939,0.15651923327814754
15,389,0.6384435701481371,0.6822789913970835,0.06712478779766215,0.044473753423837165,3.8459670415172895,2.548158370291364,0.006847044771271113,0.006807948905708032
15,390,0.6697276877668068,0.7152901340666094,0.039861876028316305,0.06663805446928839,2.2839172598962327,3.8180792760531177,0.004323227448884082,0.009638519271651675
15,391,0.6519516339458994,0.6947608062477512,0.0769395812764621,0.03154202317196439,4.4083132846450495,1.8072248050574051,0.0072852795112168835,0.002527055836450037
15,392,0.6339268614947934,0.684348658487413,0.12672807870252556,0.1681905294392632,7.260984055456448,9.636607490940605,0.03796386867782895,0.06605787234761311
15,393,0.5411732562893635,0.6059622225686686,0.19293360781529287,0.25286066764353343,11.054281454048517,14.48784906083468,0.05811852690366846,0.1023811652134942
15,394,0.5220281189653622,0.5854607962720091,0.19321798325845163,0.24887586590627617,11.070574966738675,14.259536739093441,0.06989824958258489,0.11458706992012736
15,395,0.6721978824805054,0.7272080835285799,0.11865699169130035,0.17975022850025857,6.798544833630387,10.298929459576982,0.023129367227209985,0.05265247886216966
15,396,0.7320173971557661,0.7831716978910562,0.14166449365331582,0.20035955462810284,8.116777593192833,11.479756865311153,0.03601721998188685,0.07025552980327804
15,397,0.7075961698793217,0.7538243804497574,0.046736442751432745,0.10539147631270566,2.6778009191118852,6.038486789371023,0.003751759522709442,0.017867845167800864
15,398,0.6346401161575249,0.6790716295781324,0.055279385741920484,0.02505598720001526,3.1672754970877026,1.4356023180946873,0.003625044696206243,0.002351994187474917
15,399,0.7069347738664259,0.7587548533016251,0.13324861193239196,0.19038910503086717,7.6345830897026,10.908492183541638,0.03386424675184789,0.06684483895247079
17,0,0.7761909681874303,0.7061496801432551,0.11732821176308073,0.1691636360738293,6.722411351841705,9.692362394117422,0.02048217663801597,0.05076595482051076
17,1,0.9248325635206958,0.8560584428257354,0.11038840615555207,0.05577166267231825,6.32478977988909,3.1954808875511502,0.045571934047515486,0.015431172373848032
17,2,0.7190671541648288,0.6352789275085968,0.13002674357708421,0.07596572408864606,7.44998363079671,4.352515377934711,0.05712221446248416,0.02280380983703765
17,3,0.7736362802455563,0.7007932308968117,0.07276748928049062,0.037224192667783686,4.1692700215355725,2.1327891356458295,0.014286081609592705,0.0029785918767484708
17,4,0.7409108031439523,0.6673490716021242,0.05495775536894493,0.10348202681713145,3.1488474341529846,5.929083392081235,0.0051172519777125565,0.02080680142101224
17,5,0.8813475277647665,0.8113388385050917,0.12568319151739807,0.07047892236966334,7.201116429681338,4.038144796411876,0.0545466286259646,0.020661400895188642
17,6,0.6277299797467473,0.5361995717801957,0.03073575160361228,0.07661489664966843,1.7610288470494357,4.389710225856992,0.0018349772802684992,0.012333013262068745
17,7,0.6495218422784118,0.5589331514288778,0.12581201839941905,0.0746971494003123,7.20849766630897,4.279831402296063,0.05722657594563901,0.024337042097947542
17,8,0.6869523261537563,0.6027119653553846,0.06490363479435847,0.0467130489719655,3.718704348775181,2.6764605542815523,0.01660101132301294,0.006160787477107119
17,9,0.6291155811128661,0.5341146758964985,0.09359976433366189,0.039645640913387285,5.362871459737958,2.2715279004282736,0.026276097637941274,0.005288700601175027
17,10,0.7686454773486427,0.6885545226972503,0.11912732624164568,0.06637316985003577,6.825493018324357,3.802902505312013,0.03849353117128319,0.011755567822174177
17,11,0.7409103652113332,0.66098743693584,0.097271205505088,0.044431031923000505,5.573229543591242,2.545710608598959,0.025216767472599703,0.004784965230786836
17,12,0.7315602953957354,0.6530505612873352,0.4294100321290918,0.4855253708140479,24.60338252157404,27.818554594169225,0.25145319408935474,0.35187568141909387
17,13,1.3494568542440757,1.304477146247468,0.15033035870212794,0.11021371225266804,8.613295086319699,6.314780556547168,0.0505105229329705,0.029816075249361154
17,14,0.7423657991865321,0.6619593798400669,0.10724383808045851,0.05310540392959536,6.144619300794653,3.0427155145032714,0.02981750960593571,0.006991649574129764
17,15,0.8143254759626614,0.7400346840295859,0.06679468516149598,0.03452660345603521,3.827053553658825,1.9782286589526197,0.012312179716375035,0.0029216525820318067
17,16,0.7828351998677233,0.7140366136834229,0.0874400859199612,0.14019181654000695,5.009947883475071,8.032399410014726,0.011566104649233404,0.03698424390561077
17,17,0.6823695398489505,0.600687180978962,0.07586187671284447,0.12849610825515326,4.346565361587771,7.362284686876419,0.009634030256585296,0.032915543897560726
17,18,0.7815184781017376,0.7073204751732578,0.05668213565299536,0.010218462490490538,3.2476471467046446,0.585474773817848,0.00925404470997179,0.00028918957794618865
17,19,0.6896986463273532,0.6061587801021205,0.059148731848094924,0.025942184726550938,3.388972698446877,1.4863776961801143,0.006835099498972062,0.0015718646432396908
17,20,0.933791567231918,0.8759708327910933,0.2022384493661339,0.25799790571965026,11.58740960394967,14.782191120950081,0.06474061115476638,0.11935926972600346
17,21,0.76247000378747,0.6893050006310016,0.025137338235012293,0.07100532209702615,1.4402633890590384,4.068305279126602,0.002001385746220625,0.012644254249400425
17,22,0.8066209499214528,0.7292299713558229,0.1478417634743386,0.09283939281441632,8.470709082850973,5.319305380823237,0.06622933248822786,0.02755008839886844
17,23,0.9561283823037979,0.8862293971479218,0.22762779783272374,0.17788347928868456,13.042112115672218,10.191972608344416,0.1471343922775679,0.08935384655407234
17,24,0.8117433034641677,0.7458090800748166,0.06956807275856419,0.12406457128535439,3.985956957924763,7.108376321750749,0.007970997004837353,0.03130892771178074
17,25,0.8235397888142713,0.7507269780549998,0.1319065329594626,0.07907955720927516,7.557687628780497,4.53092487385481,0.06242375776740294,0.026555859475715905
17,26,1.0019861155491028,0.9363417595103607,0.2108046293476528,0.1605113738082136,12.078215563440157,9.196624283057343,0.14512132242685857,0.08895670436421282
17,27,0.6722012136096152,0.5835858592017213,0.06193381926792559,0.03607490705891413,3.5485464531781545,2.066939920802481,0.011046242008777431,0.003916131858483751
17,28,0.6635875007540839,0.5725658598702142,0.16794043137232806,0.11314076645749152,9.622277927240841,6.482488408889575,0.09497370387975784,0.047307644571123936
17,29,0.8117170277477395,0.7360323979274941,0.12836993369547942,0.07331550524846042,7.355055417125186,4.200669023606018,0.05030936148576052,0.018134253439750142
17,30,0.6952314458017858,0.6089463512123664,0.07739241141877959,0.04853591008359949,4.43425854063615,2.7809028026167053,0.01664159006493137,0.007188048322770861
17,31,0.6441851317432535,0.5514771743850511,0.14315877637836366,0.08906879437754214,8.202393686737382,5.103266004151721,0.061693996468728585,0.02506139557794554
17,32,0.7304642399368132,0.65289514175906,0.02692016297848596,0.04403266376075249,1.542411722471573,2.5228857942097647,0.00214775392844083,0.0035290441197875985
17,33,0.8806910607846385,0.8181473993505541,0.23169368886330852,0.28730298995702186,13.275070511684822,16.46124876602683,0.08499026709420601,0.14624312438071163
17,34,0.9382292676134071,0.8710182975839222,0.0924303635912048,0.04324302668530578,5.295869732635702,2.4776429224396153,0.023546312306464798,0.005342861738030124
17,35,0.6922623923285365,0.6136179107098022,0.1638747875740555,0.21722790341014078,9.389333696596287,12.44624205787657,0.04073715775279743,0.08359503976644801
17,36,0.7864518603342351,0.7154269132916578,0.017279828827998153,0.06320014991485624,0.9900612625527859,3.6211018547153517,0.0004905570609706909,0.010242043956945116
17,37,0.6471860157555016,0.5539737041999043,0.14793559206853202,0.09319489110829621,8.476085065295901,5.339673932686655,0.06365681707695055,0.02590161036170248
17,38,0.823673962611667,0.7451218637634635,0.27527562350331447,0.227675492039873,15.772131429572168,13.044844792449092,0.23735254004374606,0.1636484083780205
17,39,1.111868446916984,1.0486808735165194,0.2341675547084079,0.1849601188364668,13.41681258369058,10.597434187567705,0.15549886021973616,0.09739036743163178
17,40,0.8150792913302958,0.7450174912913595,0.06306575588097853,0.01378486957601862,3.6134016437824203,0.7898148478441595,0.010196004888164235,0.00038675800599500057
17,41,0.6702231849686708,0.5804110351685061,0.13402783082075975,0.08208725588257686,7.67922904332295,4.703253313882094,0.042827140880899006,0.014284216858272983
17,42,0.9320926046189741,0.8656432141137755,0.1108880614960551,0.0593711377805357,6.3534179221110865,3.4017156197144054,0.03145875104849409,0.008107972847512183
17,43,0.7935031313145936,0.7189625027141053,0.12206428957299265,0.07547938906438882,6.99376862179522,4.324650433615379,0.032697250884425814,0.01206409953761469
17,44,0.8346196087123904,0.7624521302427448,0.06906820676256625,0.024059161911521024,3.9573167460319776,1.3784884361520569,0.014420830917744785,0.001706215703930333
17,45,0.7050830866076485,0.6248958867648076,0.02629054330827898,0.03223713913320929,1.5063371726702943,1.8470520159089172,0.0015489745808891162,0.00314566668959472
17,46,0.8571143487861727,0.7819195546365021,0.22741541891461658,0.17725738138170366,13.029943700007124,10.156099840712436,0.15088829992972697,0.09228500170062183
17,47,1.0319133026203513,0.9709418718210577,0.1137113199876928,0.06144160807170802,6.515178718156397,3.520344829005802,0.03827188817298314,0.011309686018490542
17,48,0.6659117674828657,0.5751115711011796,0.17729951850983874,0.1250006248678586,10.15851412031538,7.162008241426341,0.08606398196035163,0.04200474633301652
17,49,0.7082179742295653,0.622161680393281,0.12205977374130847,0.07538738306441545,6.993509883698725,4.319378878127024,0.03994765421999941,0.0154309152322945
17,50,0.6566080059177479,0.5647682260529235,0.08884462926670007,0.05665209195861573,5.090422289386388,3.245925769815711,0.02781023835712059,0.012707846150233324
17,51,0.7661387295201477,0.6866251497630097,0.12472130082164373,0.06953378651214301,7.146004152461712,3.9839925007094834,0.04614413469276766,0.015504013260702887
17,52,0.7265519408571212,0.6432326082598034,0.15657522452007414,0.10210208419620652,8.971099541313528,5.850018503932016,0.08267670594416575,0.03901261672293497
17,53,0.8004746655736837,0.7282496931755363,0.39209613636359464,0.4479740928806998,22.465453777019977,25.667024853265637,0.21082268974478197,0.3025856839679898
17,54,0.8622038989100567,0.7983433472261632,0.014263445584985678,0.05796417595324595,0.8172352333341869,3.321102645074688,0.0005496727943868382,0.007779319736679384
17,55,0.6129263719135963,0.5155709593628875,0.14754838999407888,0.10509674770041,8.453900020611025,6.021600083784733,0.03694339925389842,0.014510286841617807
17,56,0.6656683728963538,0.578436353445746,0.12390705939682979,0.07609855394129034,7.099351555315155,4.3601259678845725,0.05505001406521951,0.025980451081305242
17,57,0.7174346958759981,0.6420865861337941,0.06390052383903383,0.11955998623170597,3.661230324651743,6.850282609718984,0.009317470579354649,0.03468216625435715
17,58,0.7682481330727219,0.6877151061196948,0.13237472241561404,0.07707187135733982,7.584512908630498,4.415892947950788,0.05405183044908855,0.019855045052440193
17,59,0.7697200158912361,0.6986197762646523,0.1489019338259638,0.19715036737742472,8.531452369563997,11.295883980180106,0.02841015019202013,0.06107956656588301
17,60,0.7947654001455596,0.7270834698585039,0.22430073074909673,0.2804808877205338,12.85148521362349,16.070371100469306,0.08172822314411504,0.142354541685253
17,61,0.80614620457232,0.7399026394729408,0.1333218556958796,0.18836656527377074,7.6387796482260955,10.792609191562597,0.0313447323837513,0.07071160144063823
17,62,0.7864021123440659,0.7184954244725328,0.09984698808589013,0.15480287895671324,5.720811014414518,8.869551620694214,0.01805253739349394,0.04982234512502692
17,63,0.780073825689565,0.7025968537770498,0.09574715668575579,0.041335148377242774,5.48590797847161,2.3683295475630444,0.03084101727187223,0.007475197290259545
17,64,0.7646227726838761,0.6939684188941104,0.08083267192740076,0.13515884255310598,4.6313709482056735,7.744031242166169,0.010504706809280319,0.03682215488413443
17,65,0.661367201182362,0.5789874907757196,0.24153885334670563,0.29778106731977627,13.839156885195573,17.061598376324227,0.09560436124761887,0.16126653764193383
17,66,1.1657037531765597,1.1155239075800716,0.07553869836209924,0.02861657979402077,4.3280486060600705,1.6396092462967407,0.012201892017044143,0.0015685504557791732
17,67,0.7219649451490329,0.6375225715331634,0.10762965682107671,0.0551650142215671,6.166725086289128,3.1607224916749592,0.03468322403841754,0.01020430720766069
17,68,0.948053167509025,0.879487671069221,0.175267997770494,0.12243324614725089,10.042116555957628,7.014908276323823,0.0950156583622302,0.04843557294135521
17,69,0.5978801392742069,0.4977463287299614,0.15971509338110693,0.10532856602184934,9.151000775275257,6.034882295217014,0.0765752178711238,0.034721965330795294
17,70,0.8129322533724532,0.7439080310297612,0.03072681115497694,0.07365931659026471,1.760516597075677,4.220367962440134,0.002033618026283285,0.011467716834291194
17,71,0.971883327788351,0.9073103028167578,0.09232231887423724,0.037233265519457964,5.289679226354775,2.1333089717549143,0.027420497309314215,0.005736805278207895
17,72,1.108805288318893,1.0442214012913724,0.33247964143949627,0.28570175743542797,19.04968022850605,16.369504900520408,0.38472868601251237,0.28726762138737116
17,73,0.7403635670175492,0.663293619528409,0.03347687636996188,0.06913366365457872,1.9180837272800517,3.9610671496843355,0.003669910650888488,0.012243772146586611
17,74,0.6830787679607255,0.60279987677457,0.07058164127079962,0.12541968843923096,4.044030155923207,7.186018815413657,0.011012829913956173,0.037796995137240844
17,75,0.8244695818602807,0.7596459743898883,0.15394760404706884,0.2079098492710484,8.820547978048156,11.912356882432169,0.034350716040915705,0.07455999213525333
17,76,0.9229226668443548,0.8618554319946877,0.06873202964997092,0.07989548229985949,3.938055216311371,4.5776739379441205,0.010762995683509375,0.007605298934218189
17,77,0.7953293014669943,0.7179349803632875,0.10184059049896747,0.04950211104123298,5.835036018710947,2.836262039650603,0.032852602933790644,0.009073354724155356
17,78,0.7922235584674915,0.7237497300108758,0.02847969644396983,0.08060129972587086,1.63176640805321,4.61811429756136,0.0024424262099882015,0.017248088465982657
17,79,0.826967039986304,0.7513597164675001,0.1538285246231817,0.09987773240336591,8.813725229632574,5.722572534049891,0.07093593654789254,0.0319028138539646
17,80,0.6826841786955654,0.6008416622922872,0.3687181252267347,0.4249709171422602,21.125992405468068,24.34903996805532,0.19477389478189394,0.2845294841030991
17,81,0.6704398269033127,0.5880947338676549,0.3574598724354814,0.41336014420231376,20.480942035837874,23.683791681711682,0.18171316372340277,0.26716784090531215
17,82,0.741090146188345,0.6664837693509142,0.06841480261306347,0.11508483840135386,3.919879445949133,6.59387552634268,0.007908139605949844,0.02478686488498709
17,83,0.7681731571487582,0.689232987445513,0.10848508192403994,0.0535674751822719,6.215737334378465,3.0691902471159604,0.04248319096636197,0.013639518367838208
17,84,0.9056129168021351,0.8348832795305163,0.18890544275285398,0.1372973385626655,10.823484596788717,7.866558038019497,0.1187245432150486,0.06821333762394255
17,85,0.7341060061616216,0.6514599136042901,0.11942987654644402,0.06587631755959442,6.842827873879698,3.774434966028315,0.036263340504666924,0.010248195135660804
17,86,0.7494010782970466,0.6694927827124967,0.10268376671335691,0.05310957629962665,5.883346457181279,3.042954573696631,0.04241720437943324,0.016845314834370188
17,87,0.7450412505517658,0.6680228313190529,0.07252298120713294,0.11216618762142212,4.155260740875302,6.4266491547800255,0.009456994565486853,0.02264209691783798
17,88,0.6013150127142017,0.5018446923488961,0.2155155540420117,0.1627530971211103,12.34813166603088,9.32506556772241,0.1704068979377446,0.10511583990374422
17,89,0.7784397829108254,0.6980942074932323,0.18462722890361208,0.13199199962323063,10.578360999372737,7.562584507903467,0.09447647191965207,0.047827689447422286
17,90,0.7495483876815885,0.669794574281843,0.060939624537447466,0.04059231012216311,3.4915832911076112,2.3257680506861176,0.012981826362861788,0.0043308869872662045
17,91,0.7659447344839099,0.6850492258753208,0.14230661043088663,0.08854957932554079,8.153568174502182,5.0735171730123785,0.05537546741721029,0.021175856178726735
17,92,0.6461747576412507,0.5539287609554174,0.1657846453980464,0.1142434364127074,9.498760489381006,6.545666743519324,0.07440897143036665,0.03375315801623385
17,93,0.7226785242722638,0.6399667244046167,0.11084815551530292,0.05594732708429438,6.351131477836656,3.2055457169680297,0.04395916997614349,0.014378208841820422
17,94,0.9865086138294173,0.9207591238600971,0.19904317699603838,0.15575246722942293,11.404333982748435,8.923959020995596,0.07514879595626697,0.03884082526768633
17,95,0.6196405490023856,0.5242016420213356,0.07666645528292605,0.03515655753909866,4.392664317940117,2.014322369199189,0.010807681893259008,0.0014654397349497684
17,96,0.6716085227033259,0.5903146162314143,0.2810187759291511,0.3360793539918902,16.101189824672925,19.255928565218486,0.11368180952364652,0.18145316843683695
17,97,0.8214836344618592,0.7562074230899488,0.17393305744602405,0.22975055403153308,9.965630109463676,13.163737086799227,0.05148834542935357,0.10142043806503673
17,98,0.6795465782123303,0.5909311031322141,0.09228650987539622,0.04411158684827998,5.287627521852596,2.527407754031232,0.028470110196461826,0.008013124291236427
17,99,0.7465418938670045,0.6701284281242007,0.0382754967257438,0.032915523651071116,2.193024421151921,1.885920585669417,0.004988729774351967,0.00180986948051229
17,100,0.9168740715014707,0.8499230461067199,0.10647288891125344,0.05200724623285507,6.100447167180085,2.9797957132402453,0.03672277470994591,0.011105477319109044
17,101,0.796520953725668,0.7251287995967494,0.37890626317384735,0.4346931101023638,21.709729710934702,24.906080592281054,0.1965437567231128,0.28509532211562155
17,102,0.8386320861388149,0.7746528305772787,0.06919495574210749,0.12263181914783651,3.9645789276172803,7.026285671182627,0.00870149997765125,0.03172312201078325
17,103,0.9782749294004998,0.9106934691646734,0.16024252989677243,0.10506958922527872,9.181220661583975,6.020044017781699,0.08164790005015521,0.0375234250906467
17,104,0.713738899572063,0.6319496921615003,0.06785518104641944,0.022818267985455935,3.887815492055931,1.3073904513651085,0.010518528301046867,0.0007557816457230389
17,105,0.7222677579473716,0.642620536155716,0.04653077894109065,0.028720921570842137,2.6660172507807043,1.645587589735501,0.003673222739620473,0.00233463856711383
17,106,0.6780099559027679,0.5897160464618535,0.14282465776560868,0.0881758465631301,8.183250100369756,5.05210386306048,0.06669581147294379,0.028396632051221102
17,107,0.6395084878075684,0.5539876269465522,0.1450627197680336,0.20122081152848043,8.311481607397301,11.529103250779308,0.038529166537773746,0.08296630439165247
17,108,0.7167702732815177,0.6331848790414468,0.13274407291443516,0.07802826919738884,7.605675133374,4.470690507721024,0.053416910615445595,0.019674376449129047
17,109,1.0515512249880299,0.9911647722066248,0.14715462356349496,0.09326680131690793,8.431338866024635,5.343794084144013,0.0712082426843696,0.032204462500024116
17,110,1.1442662527277667,1.093319845902913,0.06870010070144263,0.028206232305875375,3.936225822316409,1.6160980670922152,0.017119314528647993,0.003378768336268009
17,111,0.6422484531069661,0.5488886869841899,0.12367325200894469,0.06743269242412524,7.08595537877036,3.863608677106176,0.05261681995196876,0.018913462182087823
17,112,1.0377284235440343,0.9750316711885507,0.15704034555904076,0.10703323693759434,8.997749013809056,6.132552744147904,0.05720898483130113,0.023218989864982192
17,113,0.7121748396767567,0.6280350239248819,0.05904057675334634,0.0419861132550317,3.382775867984946,2.4056270876715997,0.01043159595002122,0.004267257165930043
17,114,0.7157927241110512,0.6307760825298183,0.1278608533620111,0.07199907556237149,7.325887262584339,4.1252431585673905,0.050708900369431625,0.017785339632784343
17,115,0.6770329141080271,0.5961195459266628,0.055699303887186635,0.11111920091613457,3.1913350345524147,6.366661235360742,0.006871325778542783,0.03005635934448065
17,116,0.9468948104346514,0.8778156948886223,0.4857559652029487,0.5415576743830396,27.83176667943264,31.028969105068267,0.3128746566270115,0.42281295897531224
17,117,0.68263125085344,0.5947831957765741,0.10802058563536861,0.055163755856171226,6.189123657438107,3.1606503926486904,0.029792440598616014,0.007199816744492292
17,118,0.7885602400313946,0.7089777345887118,0.1966275633927268,0.1440055949354975,11.265929518344292,8.250912816074509,0.12769403030451879,0.0739253275205211
17,119,0.97022006819169,0.9149171331487918,0.012203937356030625,0.06336826650913989,0.6992341039425995,3.630734226033918,0.00019534515620632173,0.00949594623311547
17,120,0.6912328758177508,0.6033264718120921,0.1494434884004959,0.0944039988286967,8.562481161060688,5.408950702042288,0.06801023144265168,0.028695025866834277
17,121,0.9039198974925693,0.8381614493352725,0.4134444051519489,0.4691203575369989,23.688619478503544,26.878616570538234,0.22775950461883537,0.32207158214312714
17,122,0.8929880153623803,0.8295580376557448,0.3217435216982024,0.37761467681959315,18.434545878982824,21.635727263959247,0.1480891564704253,0.2263151987896423
17,123,0.8186631813541001,0.752945171715549,0.02595893938027798,0.0798010493063763,1.487337667125877,4.572263325970748,0.0012120624871942726,0.015386939492587404
17,124,0.7057083634909693,0.6261471835057685,0.019561408460270654,0.06488967308586943,1.1207861461050106,3.7179044018039673,0.0010511861952504093,0.010172941022285019
17,125,1.1719241303491277,1.1207469527163376,0.11613371092933251,0.0737550390822703,6.653971495443074,4.225852457236528,0.02335640058648146,0.007115258437471822
17,126,0.7359455841050235,0.6558452794804877,0.0729135631641634,0.023441152046737853,4.177639438567107,1.3430790792025304,0.013900563471481865,0.0011357497794248616
17,127,0.7314038688288985,0.6504302160872074,0.0683719654487824,0.026000841502756354,3.9174250572295195,1.489738481896528,0.012147947688474513,0.0018900423492757053
17,128,0.7960897693374247,0.7182552261195467,0.15623505063793694,0.10411352788398501,8.951609013566486,5.965265737969953,0.06311307397545195,0.027146235394542605
17,129,0.7563126102620388,0.683942840511214,0.029407907105532847,0.08296999565867384,1.684948961459817,4.753830577460774,0.002312032533290693,0.017416223692163946
17,130,0.8827947207271659,0.819870961089879,0.03832300344123113,0.03114841692434356,2.195746355447874,1.7846728282787505,0.0031388257206333356,0.0032080619721616254
17,131,0.8927006214046643,0.8219483602829223,0.16072828824397487,0.10754732324113465,9.209052564741926,6.162007719646246,0.0738961215179817,0.0335656010864025
17,132,0.8243017490995775,0.7531726707638075,0.05116867328444684,0.03166290209455831,2.931749022482612,1.8141506571541255,0.009180557186301213,0.0021289987314440824
17,133,0.946382034930938,0.8877613608124758,0.04630311526308472,0.026288392301589934,2.652973082882539,1.5062139290653076,0.004893517303176796,0.00211781656350888
17,134,0.7351259593994138,0.6526442061297764,0.09488250916889457,0.04010655441768747,5.436367324988995,2.297936298945259,0.026739325796663986,0.005344695239097502
17,135,1.1635185994100095,1.1054920975941245,0.24688831270647052,0.20377019184283732,14.145658329186857,11.675171983165693,0.13475018733597716,0.08925824004860289
17,136,0.6225411433096932,0.533342913468039,0.10556960892073783,0.16117491382711358,6.048693036004924,9.234642325678342,0.02359348801261922,0.059949586475059574
17,137,0.7290446858168018,0.6474462179249215,0.08673717018871271,0.03379326591979881,4.969673778721181,1.9362115131677518,0.022428867334344002,0.004295058595671034
17,138,0.7486133735508069,0.6771674455845965,0.12724319175166846,0.18295429568043353,7.290497859144451,10.48250898627739,0.029264027636421344,0.06862104274292094
17,139,0.7859535578167174,0.7178200601570301,0.18907079124794085,0.2434220638198447,10.832958367706034,13.947056897241275,0.05629459713216875,0.10518929851427203
17,140,0.7412152506639355,0.6625082766338385,0.041730099787850576,0.0504826534198682,2.39095859650361,2.8924429795801196,0.005844586936601497,0.0045851700783746605
17,141,0.8643106336083394,0.7981369994449765,0.04060572926401081,0.02939558751185942,2.326536910878678,1.6842431007370136,0.005381863630297211,0.0017893168141856902
17,142,0.8010993989916774,0.7340483348729337,0.04004476123298098,0.08720819490720565,2.294395810258905,4.996661507137164,0.005758499940518282,0.02138065914939391
17,143,0.6811506624951763,0.5943644503217558,0.07940101205880097,0.026762798120976643,4.549342880036651,1.5333953802926117,0.016468262701407277,0.001771536634436072
17,144,0.9397576308246433,0.8717707346595013,0.14907729581791712,0.09470514743412188,8.541499871589929,5.426205246139402,0.06233780672656074,0.025359492502102572
17,145,0.7575436475670341,0.6827542316839676,0.02410560737284341,0.0493144873720263,1.3811495650633676,2.8255119952683017,0.001819615193224558,0.004987216640433164
17,146,0.6709053637206293,0.580879313561642,0.18860893644386037,0.1349940763292786,10.806496036684381,7.734590832934552,0.13022070488618634,0.07432121692003679
17,147,0.9041882168981957,0.8338148632234457,0.13408138028693317,0.07933465710798736,7.682297201729866,4.545541021405233,0.04978889276229485,0.01756190199297364
17,148,1.1317676950937454,1.078319233293112,0.0987838906251756,0.04345928068332018,5.659900016704501,2.4900333638286707,0.03118836682132435,0.007745888828530723
17,149,0.9047554071924303,0.8323255543494236,0.21385535206615613,0.16269144207660433,12.253009099675076,9.321532993886526,0.1365970561963103,0.0801289353142679
17,150,0.6920583404364493,0.6126084166242508,0.2938791161766867,0.3490872441508612,16.838033043958948,20.00122577169728,0.12421171005897656,0.19501589933139557
17,151,0.9139439509428633,0.8545723831348033,0.20250418501971404,0.25752807011095735,11.602635135365963,14.755271523507018,0.062192810836645934,0.115225785149722
17,152,0.7880768681990923,0.7088682778245847,0.16623069281817562,0.11534346994543473,9.524317124017108,6.608694022267466,0.0714986890435544,0.032806761903625026
17,153,0.8608347527410344,0.7884858597400934,0.5185475297140628,0.5745764961833992,29.710584929550446,32.92080823872343,0.34955460870878974,0.4659833789305004
17,154,0.7383828495838407,0.6650012923961724,0.23409210557070523,0.2902294058395011,13.412489666532316,16.62892004519294,0.08854197618355157,0.15137994962605295
17,155,0.7277108637066659,0.6443408670495625,0.13754093533008738,0.08531556595028306,7.880515104695801,4.888221855721252,0.050855712908741704,0.018682793105891563
17,156,0.7092751202654274,0.623572035096479,0.11878527574479632,0.07147870105458844,6.805894968474536,4.095427895505224,0.03138309105819278,0.010372446425197392
17,157,1.0125415628408472,0.9527470169383339,0.06271652929759776,0.0341372843097558,3.593392434460929,1.9559223149871732,0.015520794419700987,0.0034209376050773513
17,158,0.7087785504149802,0.6325944061301159,0.17686486151441005,0.23228108012468382,10.133610108941477,13.308725551884493,0.05234591913423291,0.10140439780141978
17,159,0.9284987523110114,0.866362547296519,0.3214939861578954,0.3767700052649856,18.420248545684714,21.587331148805482,0.14295100909655564,0.21901232334948503
17,160,0.9346335330810838,0.867527633582362,0.47743963090373,0.5333372998784698,27.35527582306752,30.557976339939472,0.29998136392478997,0.4079094390072693
17,161,0.979584360135787,0.9129086736742069,0.5312943104803826,0.587128484528863,30.440921669839103,33.6399841954159,0.36430551114716464,0.4822433787111634
17,162,0.8379556616710739,0.7744734077445677,0.17394084908849097,0.22985128631313564,9.966076537692505,13.169508621395776,0.05194508986709366,0.10180275528202448
17,163,0.8619986804336727,0.8007103563101643,0.08133276596833774,0.13667315221729398,4.6600242261110045,7.830794794800014,0.013653747133136919,0.042231109859175456
17,164,0.716740208184026,0.6328852416270017,0.06507160769722153,0.02715540761169612,3.7283284871817957,1.5558902471076184,0.013130379095876245,0.002087995223523045
17,165,0.7675244788285653,0.695269840343603,0.05301741773832002,0.032334302960910985,3.0376742770877634,1.8526190931575608,0.006305312564223304,0.003032279955372561
17,166,0.9020844318302758,0.8435253529036294,0.10121863314542216,0.15575994015471933,5.799400487315674,8.924387188075697,0.01646925993940443,0.04728860103195284
17,167,0.7096537483198142,0.6334602005253382,0.1237311753338959,0.17949225056930804,7.089274140825429,10.284148412925997,0.027350196725581706,0.06555277190767943
17,168,0.7364850582199011,0.6571662261906976,0.5186927281818731,0.5745634509316228,29.71890418894774,32.92006080085395,0.3468846229021363,0.46217485420759086
17,169,0.7852148080574295,0.7070461481787775,0.08935260284921684,0.037568994039528084,5.119527031768739,2.152544799017105,0.02562567397978771,0.005805940370293826
17,170,0.7674531646538924,0.6972656533545706,0.09544960454995571,0.14918200242081786,5.468859496905162,8.547499118023293,0.020005924428827114,0.05116455540507274
17,171,0.8563477180151415,0.7833291938217049,0.20982858231382934,0.16627305938786083,12.022292187795811,9.526744549652516,0.09865409813423424,0.061920397365154915
17,172,0.7422187785379109,0.6620285102795271,0.12539992548320292,0.07257977408684309,7.184886481442548,4.1585147331890875,0.05512322836720524,0.02217025982250121
17,173,0.9163075325039685,0.8467697234320004,0.517541113071897,0.57307406691807,29.652921503522617,32.83472538280312,0.3484530894542673,0.4630255366586181
17,174,0.9743440552760836,0.9197137687277018,0.02182767951748277,0.0741800516394391,1.250633912915916,4.250203883002364,0.0007245775804777012,0.012800581257971948
17,175,0.7340949212698478,0.655358946589392,0.03917275340986865,0.02132926270783934,2.244433442292178,1.222076733284972,0.00406480609088589,0.001333037750009581
17,176,0.6847413739504712,0.5970152507213891,0.10916301242622951,0.05362032523360433,6.254579890957112,3.072218332004358,0.03449666940928026,0.009018242772651636
17,177,0.7056720333726173,0.6224192794392768,0.06055603253063454,0.02187410725433355,3.469605088062277,1.2532940262898098,0.012884123966740917,0.0014817388807429434
17,178,0.8599384590126138,0.798226735588627,0.08182554588560001,0.136937862161358,4.6882584355989385,7.8459615573900265,0.01170045922177064,0.03872739808296885
17,179,0.7191166101524822,0.643446619976947,0.22843985413282988,0.28334273991046827,13.08863951439531,16.23434315254282,0.0761452117112515,0.13370051603028066
17,180,0.6929839762505727,0.6102948079208447,0.06077730415998857,0.03816683220022376,3.482283018550246,2.186798402456831,0.00969650979509945,0.0017157915175063094
17,181,0.6702710754898873,0.5891177651940499,0.21280722807280048,0.26770160458211445,12.192956018449399,15.338172111435178,0.06598217694060554,0.11983120396484902
17,182,0.8835285727136926,0.8221944482710534,0.08076202607144037,0.1310694734374425,4.627323238819053,7.5097276509675055,0.009374335063158545,0.03116337822591412
17,183,0.7824924104205062,0.7063217467189518,0.5071455802852546,0.563211960941658,29.057301349058136,32.26966833324397,0.3358688892389809,0.45031533701921667
17,184,0.778434235056354,0.7069990092428621,0.29212289681214715,0.34796809698180514,16.737409086471683,19.937103362256355,0.12517986894333913,0.19794590542996526
17,185,0.6781468197419279,0.5912651791331954,0.054231320074869666,0.0699767804349799,3.1072257577131275,4.009374182837981,0.010137307117283636,0.011837803164693367
17,186,0.7821736254169989,0.7118106122393801,0.02976162860144296,0.04213039864166363,1.7052157102985204,2.413894031371022,0.0028622473814675165,0.005008371700141921
17,187,0.6220865966537991,0.5332072440287651,0.3741564715484526,0.42971098240135097,21.437586697233,24.620625702017804,0.1910656603847964,0.2783550491335386
17,188,0.9825098765188416,0.9194027809146231,0.09712315890517592,0.04255520391080428,5.564747098245017,2.4382335804077004,0.02710140343718119,0.005726670452479578
17,189,0.7374043563867719,0.6551253630857912,0.15781924530724267,0.10481469821570638,9.042376682044829,6.005439838697376,0.08377910353750531,0.041741853414147906
17,190,0.8314665248487348,0.7581016374131353,0.09667194756017333,0.04241128114080687,5.538894592507948,2.4299874131110166,0.03083649093526588,0.0075364967344316545
17,191,0.8577483118148158,0.782951302936647,0.1971712378439555,0.14519102104243145,11.297079769828787,8.318832728926449,0.11239444871185325,0.061807104657745804
17,192,0.6933651438833809,0.6145063503431347,0.08036736319921339,0.13554313318693254,4.604710721909937,7.766049473590837,0.011343095383244045,0.038815359237083756
17,193,0.8376420613523738,0.7738369758295428,0.1617681033429738,0.2171939746309259,9.268629581388543,12.444298082023526,0.04258000494380133,0.08808293171947418
17,194,0.9594641881959004,0.8927269693481878,0.5049440182370115,0.5608950680205285,28.93116113535763,32.13692014727951,0.3315360774300399,0.4449697744827087
17,195,1.087159799807956,1.022185312377614,0.5678108179778064,0.623842473374212,32.53316343199932,35.74354080534478,0.41484724714963817,0.5409769564903044
17,196,0.8524024904138179,0.7853396594967429,0.3424087905694109,0.3976252436063252,19.61857856780615,22.782248286503656,0.1603291807309603,0.2403916939391156
17,197,0.806685863959993,0.735245469340275,0.06757246921850789,0.04130953362451588,3.87161729749817,2.3668619303385223,0.006401520515593638,0.0034159361693737464
17,198,0.7355237611950328,0.6586497111837883,0.399846307494799,0.45578574216863676,22.90950587334212,26.1145993885008,0.21710081071260745,0.3102402814171489
17,199,0.7647323770823969,0.6884070738479741,0.053817589572724374,0.022188910269789107,3.083520746084374,1.2713309104534047,0.00976882480819603,0.0009060842498132618
17,200,0.8537460331968391,0.7822468642220455,0.08604066366156016,0.03785983439296437,4.929766894312025,2.1692087237810975,0.025942882801012937,0.0067668441881078185
17,201,0.9504280350778019,0.88484371054082,0.14130396346234525,0.09228466195303012,8.096120734863174,5.287521643700151,0.04451353368105049,0.017586882113721204
17,202,0.8218906868726108,0.7573172967645811,0.14064739277606636,0.19584317633764536,8.058502005587385,11.22098745058343,0.03265081009383165,0.07310570217726128
17,203,0.817176831560411,0.7468627291957667,0.04170911155838784,0.07517189485044277,2.3897560595359435,4.307032312931578,0.005093796078428132,0.012333735203901009
17,204,0.7183157811830553,0.63297900611609,0.17603902281144312,0.12414022675722046,10.086293036702914,7.112711060985746,0.09393873582171035,0.049192133834332984
17,205,0.8094699985564597,0.7331294643294836,0.14102822234935666,0.0865047391739834,8.080321932850689,4.956356462549247,0.06158820230573737,0.025194283179907767
17,206,0.7129663683314716,0.6276937952133865,0.09671255161314547,0.046084677920015284,5.541221033374377,2.640457545036609,0.03088647067630479,0.008507997563962366
17,207,0.6729623962222607,0.5896593744944957,0.40394529013450764,0.4599266841233749,23.14436027889482,26.351857885715948,0.22450713819861737,0.3192266413095499
17,208,0.805861505684935,0.7394345595674695,0.141099494876872,0.19502509931835157,8.084405547872548,11.174115090061253,0.03136751418775611,0.0697268653634696
17,209,0.9886384006692619,0.9204264284074162,0.24241994825232707,0.192321678402287,13.889639904638159,11.019220481323362,0.17306704828084968,0.10956176339404908
17,210,0.8126749644507647,0.7352041930562737,0.21501162969608845,0.16331299286208129,12.319258927815588,9.357145230647397,0.13895876432649024,0.08252954014903166
17,211,0.8355333697634334,0.7643418433524833,0.09075637808650017,0.038617118846349066,5.19995742825005,2.212597926850912,0.022494320639976258,0.004659541696201294
17,212,0.8718145984862948,0.8025295557374439,0.09644924037040863,0.04177889000316008,5.526134410467211,2.3937540699223794,0.032243531307947194,0.008489158950946533
17,213,0.7690856169311447,0.6887724319745868,0.13672063235776286,0.0837858697969793,7.833515206459569,4.8005767221995495,0.05391142746534314,0.021083850167127174
17,214,0.6916004685601221,0.6132702854343116,0.21103145119312564,0.2671156883515742,12.09121149788712,15.304601584277005,0.0723369699580574,0.12999999096682335
17,215,0.7123661579991276,0.6306662812962981,0.09411835132884588,0.056847647598255106,5.392584305872372,3.2571302826270285,0.030883165960965655,0.009595507869750991
17,216,0.8036123408450997,0.7346817745319214,0.04401904482856197,0.05546211579007143,2.522105486873773,3.1777451576369744,0.004687657473278662,0.006911817345161851
17,217,0.7718164149508895,0.6947057357931803,0.08450790763148987,0.02950721131837364,4.841946442765771,1.690638673743463,0.02303671062200039,0.003987350605409057
17,218,0.6595732690751543,0.5719674966266597,0.04743271981846843,0.09134655877962386,2.7176946564247775,5.233772291116143,0.005618624660910475,0.019353252469831522
17,219,0.8264041184418072,0.7599005062533125,0.03976971129948086,0.08781511673964246,2.278636609913994,5.0314355666301385,0.0032309520834053786,0.0160973305798083
17,220,0.7604159520189671,0.6887029093358453,0.15434106751961085,0.20672996986654235,8.843091774417376,11.844754772219563,0.0399959854903391,0.07975336059737907
17,221,0.697538404917864,0.6106483352747605,0.11164910081515043,0.06074539424815254,6.397022263138759,3.480454715277407,0.030965137211546048,0.008677554115034104
17,222,0.7540232342102062,0.6723230250907399,0.12003216339348338,0.06613161111365062,6.877336368271295,3.7890622092126307,0.04672426417694856,0.016142198530150385
17,223,0.6872539168493873,0.6069234249627076,0.09510256927545482,0.14657656279214418,5.448975840334096,8.39821842352416,0.0158267959450826,0.04270064224665824
17,224,0.8156540226294527,0.7404456330608087,0.09408657642174996,0.04110366683429199,5.390763737801356,2.355066632116788,0.026109783644656173,0.005753261018618335
17,225,0.8497164731112519,0.7865103803736002,0.053715568450177636,0.10638780189877467,3.077675366341259,6.095572040473674,0.005213376211191594,0.02447821876355645
17,226,0.6287941708820977,0.5405246457071103,0.09317732690128813,0.14757714971847574,5.338667577754599,8.455547831438926,0.015350179489494117,0.045371545768376
17,227,0.6893643598769308,0.6011915214700833,0.12694833446013792,0.07573955165738368,7.273603780781093,4.339556652181164,0.03977169461123166,0.01313589792163955
17,228,0.6814303513670261,0.591992253591037,0.1813667080918263,0.1283400846665227,10.391546917842843,7.353345193743402,0.09103278462223738,0.04497244446004924
17,229,0.7049283646337945,0.6191150606608387,0.09856644117749111,0.04522246707668334,5.647441081094729,2.5910565026632733,0.029832610739304148,0.007117219798500666
17,230,0.697672525074454,0.6095809464235,0.24093401772696005,0.18976570808683488,13.80450235688497,10.872774169687235,0.18871820388974733,0.12008138336967292
17,231,0.8904528001659768,0.8200218750245316,0.14574255529832802,0.09068839665530197,8.35043331404621,5.196062379157134,0.06762272792572291,0.028899383143302093
17,232,0.7866613969038092,0.7151261753328031,0.01860595427339709,0.044194853525704424,1.0660426536790515,2.5321785832217296,0.0005887836249251852,0.005341899566562055
17,233,0.9904942777841377,0.9217348173356216,0.3059883446074182,0.2643896386660992,17.531840726199686,15.148410442556326,0.2020625365666311,0.14034256145931373
17,234,0.8832525379832351,0.8176331372677629,0.3574596699150972,0.4131992202586225,20.480930432274597,23.674571418915573,0.1768714687490594,0.26145595736263083
17,235,0.67730313987218,0.5902537219514487,0.06402410593308337,0.022766433834748964,3.668311057064171,1.3044205732949539,0.012976522995860024,0.002565504866824506
17,236,0.8611928747056496,0.7866173039368964,0.19805172496564624,0.1449779284331785,11.347527965817289,8.306623421770825,0.11987038598710746,0.06589978052385785
17,237,0.6627268519634791,0.5716910405812318,0.13206674753209902,0.07748647959892928,7.566867247609054,4.439648250345203,0.04858789807726897,0.016724010061133852
17,238,0.8285375839478655,0.7527871003825547,0.14090563899260555,0.08537625595217647,8.073298423870304,4.891699136688386,0.061691193276898454,0.024538375896071857
17,239,0.9157222071071284,0.8559467417829537,0.034765085972726074,0.07895074321467312,1.9918927006466642,4.523544375621891,0.0012475545735476084,0.011877525860964237
17,240,0.9450402133057821,0.8854201912895104,0.26430562398274643,0.31963160693900927,15.143596755783083,18.31354207658967,0.10199114937273554,0.16779672077433716
17,241,0.7077862647585503,0.6294134399021891,0.31713545666086235,0.37293081661144795,18.170523200621442,21.36736184220326,0.14422727056443946,0.2214919814624894
17,242,0.6855815683418026,0.5973803552414638,0.09875787783559786,0.04695486573540824,5.658409593648335,2.6903156342423347,0.028109011498343515,0.0066161443909103675
17,243,1.0843271780960078,1.0257202305676225,0.15773106857614042,0.10473962784627115,9.03732452750141,6.00113862336225,0.0756833014818922,0.03525293972407572
17,244,0.818061071671685,0.7430915610741887,0.13613028737116203,0.08318393340577047,7.799690930270635,4.766088307447948,0.046689520717213065,0.016217579458940083
17,245,0.7207632163430878,0.6460269842092037,0.1641752435982693,0.21989119932606582,9.406548558713018,12.598837673453504,0.04517415677348935,0.09224122545480976
17,246,0.7511999450593002,0.6780070477387503,0.018211859986316147,0.06596859791870495,1.0434627142990964,3.7797222411373004,0.0009105512604342032,0.013099838473639665
17,247,0.7040866524308848,0.6213858063857292,0.05468799081848932,0.013428551193392382,3.1333910639496345,0.7693993083567484,0.009084536195781794,0.00034325292014501796
17,248,0.8139505189641346,0.7383228412528394,0.1476334569053787,0.09222467908735006,8.45877399560472,5.284084878653584,0.07214896805868,0.03165096872600413
17,249,0.8740954741142681,0.8012291845108952,0.2124085455580425,0.16474786491639978,12.170113192988104,9.439357343501113,0.10600080835257758,0.05776425816671438
17,250,0.9063832551236928,0.8390878067039937,0.12851953622580914,0.07298506346540116,7.363627010717557,4.181736104061946,0.05391048212283442,0.01989075893755339
17,251,0.631815622179558,0.5389265961060845,0.03994258890669348,0.054651608779358575,2.2885417671795976,3.131306526657363,0.005355771633691761,0.005238418434882083
17,252,1.0630049208765062,1.0110895044652783,0.08718459050278154,0.07129866640632454,4.995309074385743,4.08511266999358,0.016630494117778498,0.009366651876331022
17,253,0.7516303144359326,0.6709769157505414,0.10263083114756927,0.0476610846316411,5.88031347267551,2.7307789964088647,0.03193205326388713,0.008339044747913107
17,254,0.7987490434750795,0.7261718336559734,0.07041859899403578,0.04701766972551132,4.034688521582435,2.6939140378118225,0.017700922987124095,0.0045516311187178225
17,255,0.7227600738189398,0.6464359182038204,0.05115134873928629,0.10308893524888268,2.9307563991629286,5.906560904258403,0.005945332532951705,0.024970384983939282
17,256,0.9536914365197223,0.8890952668366333,0.10015364174912694,0.04506594701931724,5.738380975090214,2.58208856396705,0.03197396415555273,0.007903227554550273
17,257,1.0966739749905887,1.039521130024055,0.10547049812736169,0.050663969386674626,6.043014405840277,2.902831619236462,0.037082543558389164,0.0104827869634731
17,258,0.7233492629657393,0.6394423390676126,0.1356880680686882,0.08256294510172256,7.774353630619665,4.730508298499016,0.04617972605999722,0.01600644512053795
17,259,0.8262427044716127,0.7509629788880542,0.15849377343228063,0.10732522861277312,9.081024296772377,6.1492826347886025,0.06208757748599997,0.026665810454081722
17,260,0.8218735070627945,0.7502795314414898,0.42451789336399176,0.4802733410408447,24.323083617541464,27.51763545428763,0.24170270909022967,0.33907415376652816
17,261,0.7265055906908169,0.6525399128119161,0.11800213022465565,0.17390595025109787,6.761024035425898,9.964076981599966,0.02825594830028285,0.06743483822731605
17,262,0.7432638022696797,0.6639902821247041,0.0697020664369524,0.04028142462158062,3.99363423017784,2.3079556235909284,0.007612919023748346,0.0030443695601929323
17,263,0.6578352403096057,0.5670825564237375,0.08325341350719123,0.032275036102958,4.770069224019498,1.8492233523318535,0.023285096370427992,0.004396257258701318
17,264,0.9926446314943507,0.9315828848615613,0.11089560403581211,0.061356183296873465,6.353850077805973,3.5154503499419265,0.05058894158839188,0.02156536863269459
17,265,0.8732970289991588,0.8040619608680121,0.08299273139942041,0.03180185809238636,4.755133239449656,1.8221122493677016,0.02272024543149624,0.00428271475769273
17,266,0.7639158272868869,0.6838710334364021,0.16060429727605263,0.10633609086617073,9.20194840558224,6.092609216551205,0.08838795868096681,0.04338696243075966
17,267,1.051625555033972,0.9876466412902257,0.17961102627426692,0.12652958181441112,10.290953759528833,7.249611021521011,0.10277466249743698,0.05404718685269563
17,268,0.6564430654584503,0.5645797457564057,0.1056500579745217,0.05114020969231697,6.05330242725256,2.9301181787837884,0.03448203672641732,0.009169458822064758
17,269,0.6177747293224872,0.5207354676106247,0.1435347018975871,0.08930597119904948,8.22393263240015,5.1168552350224195,0.057260225895027245,0.02208756377663549
17,270,0.6570133272141194,0.5661707458278539,0.061685303486687,0.033954123718855846,3.5343075477707866,1.9454279861554833,0.012015056491377105,0.0035123834218023075
17,271,0.7781904547442877,0.6988073565938544,0.13086803365338331,0.0768118105468608,7.498186001514887,4.400992561093588,0.045053283574991936,0.014914080086788392
17,272,0.6802772928147182,0.599455832887968,0.09875426628355992,0.15323867838341215,5.658202666959069,8.779929529532117,0.018245017683898246,0.04892139836822279
17,273,0.935045211313708,0.8770534030361123,0.1508584494791531,0.20161861043760346,8.643552459043025,11.551895449366967,0.03156156359401935,0.06793064293083409
17,274,0.7430575952850402,0.6615221958805516,0.06588516325858901,0.03167712879264882,3.774941787247548,1.8149657869111184,0.013505383199979223,0.003733621756424752
17,275,0.9321416305643708,0.8612414439594721,0.2575438620596942,0.20811204552337398,14.756176335519926,11.923941874323786,0.19402380519318896,0.12573201410790474
17,276,0.6639608968267233,0.5728560982129237,0.19742190376292573,0.14432825972640806,11.31144186905355,8.269400146791156,0.13003302210206721,0.07468064602732984
17,277,0.6812234578608254,0.5926726382049058,0.0991709178559751,0.05411704652185641,5.6820750435859475,3.1006783654155035,0.025050670255907903,0.0074367615564817635
17,278,0.623045823445013,0.5333439330806836,0.10408638500093967,0.1539460109511793,5.963710565327638,8.820456700377326,0.015130190769221785,0.041343655344029145
17,279,0.8244247327186639,0.7571296492100326,0.05088344813418,0.09727723434187618,2.9154068251613374,5.573574970494578,0.00431763375356619,0.018829824265019862
17,280,0.8529785243220727,0.7905069332418334,0.09295063326428757,0.14738947949176054,5.325678989111996,8.44479511950788,0.014382032221675466,0.043403175230627894
17,281,0.7835738997436508,0.7110251742434607,0.3745390743385459,0.430308325903105,21.459508222335273,24.654850963587876,0.19077889296530823,0.27825347894438457
17,282,0.7622791475082973,0.6823451877229364,0.156171446266337,0.10356112124611441,8.947964751515228,5.933615169044956,0.06936365874527597,0.031213938021071738
17,283,0.7350974600967857,0.6527509067485754,0.12197865442770482,0.0679117253609693,6.988862089392239,3.891055242635098,0.051377918104438786,0.0194764349019203
17,284,0.787347045420494,0.717527313577962,0.035992712014907446,0.07690310599736898,2.062230491684006,4.406223405096452,0.002118645373554594,0.01015573958304141
17,285,0.8029266326069804,0.7273720343812435,0.09081290396073496,0.03904632833937826,5.2031961222769905,2.2371898193284347,0.030228858727579633,0.0075950029471546394
17,286,0.7546466579253748,0.673202642900813,0.143260232669354,0.09108751260807894,8.20820670401618,5.218930038787597,0.05449881852692387,0.020768006956743107
17,287,0.7275247978544149,0.6451235700889685,0.12621720901898192,0.07426112256244922,7.231713378708214,4.254848904732074,0.061536025816460754,0.0267104721268484
17,288,0.8384669515468807,0.76435973706669,0.15436477859054543,0.10113248743521118,8.844450318709661,5.794464701697428,0.06925198611438069,0.031030068045206805
17,289,1.0617117006427212,1.0011674442323597,0.1833540092438193,0.13979756770670956,10.505410886473529,8.00981061578883,0.06478691939699043,0.03436456320795445
17,290,0.6644986273252871,0.5733227109067882,0.16068865909290497,0.10629249994677477,9.206781981639935,6.090111640844722,0.08279041307100864,0.03868627173146122
17,291,0.6485274528426284,0.556633913154548,0.058305937931061216,0.028316366887466443,3.3406841640015466,1.6224083137958225,0.010566547455297608,0.0021733080157615692
17,292,0.7601085390939342,0.6798199450254457,0.1308027943241202,0.07763236566978526,7.494448063289847,4.448006906494998,0.0437361559571073,0.014496771518614796
17,293,0.762347774787563,0.683671480811062,0.5247214575900505,0.5806004627841876,30.06432493986271,33.26595610087637,0.358686659259564,0.47605757949468197
17,294,0.8774347914674414,0.8094875124413534,0.4217676110650072,0.4777735780693408,24.165504049340115,27.374409586237373,0.24042422428806773,0.338464622488583
17,295,0.812210348090278,0.7434231350474059,0.0602324151357683,0.03203386097304868,3.4510631771594227,1.83540503526453,0.008139217531976224,0.004350404625930513
17,296,0.8043076683192225,0.7364325749371652,0.2589322876534086,0.31431860245793963,14.835727262207707,18.009129343290283,0.09920727141787343,0.16371662053406108
17,297,0.6555608927459093,0.5636419049963195,0.12031305902392042,0.06591767614560429,6.893430502379004,3.7768046384533096,0.04332513898851388,0.013929380557237914
17,298,0.9235270007671692,0.8568995236157705,0.1250996090437857,0.07614932287475487,7.167679616945545,4.3630348135024715,0.037747187269609864,0.012673292204145488
17,299,0.6626576335933537,0.5798660443018956,0.09893015350088451,0.1550963460126875,5.668280262182068,8.88636604442767,0.018969174530501322,0.05264758252731473
17,300,0.9271746331350057,0.866674244051466,0.2940612316381684,0.35001699766518674,16.848467491285923,20.05449672405559,0.12565276552148263,0.19870861846637042
17,301,0.8180185216900812,0.7498043844907445,0.04488411489515235,0.0721637609097428,2.571670350672503,4.134678933919413,0.004504920207801742,0.007916886888122046
17,302,0.718819917630305,0.634217905326693,0.0948685334317989,0.04305205865448663,5.4355665742378285,2.4667012602517535,0.026790468097611445,0.006134745143576002
17,303,0.8808189786770193,0.8162749145097354,0.030073488446515396,0.043643260175992654,1.7230839632207748,2.5005746122757615,0.0027672208820479285,0.005893325179937804
17,304,0.9955201760989497,0.9378225854674219,0.05680882452777896,0.0119312995544684,3.254905884541006,0.6836131085773588,0.007592127647118516,0.00040670531837032516
17,305,0.7066750334703072,0.6271504569377286,0.037596469519604214,0.04760784699086264,2.1541190280655633,2.7277287042810254,0.0037395701094011732,0.004076363383273007
17,306,0.8214075899436983,0.7477921485588729,0.13942178263706387,0.09021399082908986,7.988279717294101,5.168880927538764,0.04456893909113595,0.017584615659524634
17,307,0.8668634228987864,0.7942802468704276,0.1313434691345985,0.07644752458839077,7.525426448019289,4.380120513137377,0.048041131014449664,0.016432157889058982
17,308,0.6435684585444157,0.5509086679367328,0.17259717313789832,0.11973983698742599,9.889089576690317,6.860587298963979,0.10070496351222745,0.05342409318466577
17,309,0.6551442301260552,0.5633164368603633,0.1646641758618434,0.11107322310556232,9.434562313883593,6.3640269008637,0.08180811194443398,0.03830136221581164
17,310,0.6502701795989477,0.5601683992772626,0.07125540195824272,0.02952481298880366,4.082633799715529,1.6916471751714837,0.009577159970137694,0.0011508443209066362
17,311,0.8422905021765306,0.7712777506851419,0.09909976673136114,0.04363661034372597,5.677998384437959,2.5001936049524107,0.030651039746294413,0.0073302993906130855
17,312,0.9183437092207761,0.8522977936857545,0.08257886590840142,0.031735304063862754,4.731420493528159,1.8182989844237059,0.024058706231162144,0.004963216065969363
17,313,0.9957246626191723,0.9306556201199225,0.17056554224156265,0.11623122781977119,9.772685700801903,6.65955880169645,0.09540652546803807,0.04814824537221521
17,314,0.802775855438893,0.7357027055399197,0.11572359552232651,0.167946979570376,6.63047361350834,9.622653111352404,0.01910106462651217,0.050529691101031046
17,315,0.6695296653992979,0.5817798447872198,0.0654585494490405,0.026831689786427335,3.750498616478421,1.5373425819665636,0.00791253305851898,0.0015617757204035197
17,316,0.6615076539808731,0.578964104305966,0.2297947564372445,0.2859380770436658,13.166269698090817,16.383045016688623,0.0872886379616609,0.14995100558611718
17,317,0.6628959583680106,0.5722709151764775,0.13260358126617788,0.07882666687480659,7.597625554872022,4.516435325010108,0.0509269988617511,0.019423529340676537
17,318,0.8362142591420587,0.7599985331252124,0.20491473322632692,0.1551504410476848,11.740749373917712,8.889465461625626,0.10949574693773444,0.0599882827452861
17,319,0.6831015295970642,0.6033042059252409,0.26205437123085223,0.3180129667544653,15.014609474482333,18.220800825465023,0.10926841850926657,0.17802674610514777
17,320,0.981819604997603,0.9202754073559914,0.12335696941787673,0.07722307010194626,7.067833721168705,4.424555997884412,0.029519924641618317,0.009688309853994263
17,321,0.7044286271951543,0.6190394142824873,0.08778416422163197,0.03563536047453629,5.029662117982835,2.04175575661824,0.02120868656876832,0.0034284129597304674
17,322,0.9341605090572097,0.8681992585042454,0.05916696514812237,0.0358925486250056,3.3900173895850454,2.056491552180907,0.012030900481283545,0.0034621232211983046
17,323,0.7531854083834946,0.6713643281855218,0.1425889923860464,0.08876958689696283,8.169747468743488,5.0861226783157845,0.05553736312521683,0.02110317924062445
17,324,0.8220316353178336,0.7505316851138828,0.050489765833665386,0.06748556242762264,2.892850490872849,3.8666379051694197,0.007192569729557695,0.007486381538835709
17,325,0.7555765090274532,0.6741394028293828,0.13533189700142947,0.08113922194598511,7.75394653168107,4.648934970480213,0.0537579733083087,0.019828808446272897
17,326,0.7232395629581737,0.6416110960816259,0.04629521419881127,0.030347665094201406,2.6525203852460084,1.7387931279742284,0.006831371655460335,0.0014530954140804814
17,327,0.7768074065966141,0.7078610955312947,0.16910980445439888,0.22428784680441216,9.689278069519705,12.850747017969585,0.044545342815616076,0.09072012759538092
17,328,0.8429792582388941,0.779756210248609,0.052555733775934185,0.1079741280500778,3.0112217345741787,6.186461833874575,0.005503231893438772,0.026963311562232695
17,329,0.6968057415351973,0.6111060470683395,0.0722710270646258,0.025539855863967093,4.140824831878805,1.4633259503777611,0.015916771861857054,0.0021033788939854164
17,330,0.760602958995829,0.6797751408696072,0.13388657295487716,0.08081848980867842,7.671135563784852,4.63055837265833,0.05075119132743125,0.018338235562125188
17,331,0.6908484057955713,0.6064138799196964,0.06889197207985281,0.03154819914191447,3.94721924250867,1.8075786620699446,0.0081244080330196,0.0015270996990121933
17,332,0.7305918224578939,0.6476608311632032,0.1095649123770993,0.054097224546070286,6.277607061928466,3.099542649861348,0.03803014736252905,0.01089384382628178
17,333,0.6755892267930964,0.5932099729450425,0.05022764702958974,0.10066110167255693,2.877832189668298,5.767456286974784,0.0032199409009794656,0.01959971144904544
17,334,0.750433400973577,0.6752848233368307,0.02265145851292444,0.04805991085198625,1.2978329726062503,2.7536300555937965,0.0012815915326383417,0.0070000570224902775
17,335,0.8243252515503661,0.7487456132450048,0.166925719095687,0.11380627900466435,9.564139196369197,6.520619469055578,0.08489012169961457,0.041694754204268145
17,336,0.6831797658805677,0.5960641290738179,0.09154011849910171,0.037287862262042344,5.24486244612596,2.136437134680161,0.02796532478114616,0.006243089516122121
17,337,0.8324792632614793,0.7603775757052088,0.1088187307166901,0.06590947961346598,6.234854002036955,3.776335011755141,0.021000934177827286,0.005408929290057096
17,338,1.1430791970160155,1.0825267012137816,0.2158762190059946,0.16326038282289526,12.368796246285338,9.354130897442019,0.16502667005100566,0.10149362311300049
17,339,0.7275340248953833,0.6517734686088967,0.055886829914153044,0.0963624946328322,3.2020794844464464,5.521164245813332,0.004424557572224406,0.01551575282849868
17,340,0.7495129616383934,0.6771772073326897,0.2510604689595022,0.30619205713585385,14.384705273954685,17.543512594312986,0.09386809750500591,0.15632989568718886
17,341,0.7415586346254339,0.6660901569368413,0.01928872791533408,0.04555194643221356,1.1051627017248176,2.609934279171845,0.0011948910182702482,0.004884664734736855
17,342,0.671208502729097,0.5809134071662607,0.14656575726129906,0.09092460830181491,8.397599312211335,5.209596309574161,0.06823126178712385,0.028679173371005194
17,343,0.6794606952349883,0.591799713297166,0.1136731978456364,0.06063607627399862,6.512994480310567,3.474191256733467,0.04583645368359215,0.016961052401654107
17,344,0.850223934236382,0.7873411672510195,0.05942660027764839,0.11060247684549922,3.404893386720219,6.337055126940516,0.005360616613122815,0.02407809523344983
17,345,0.7139130975354597,0.6318315787185224,0.10576103632456835,0.05474528615692073,6.059661018327558,3.136673845027528,0.02731073510448806,0.007153061295354212
17,346,0.8248837526727288,0.7512679471609794,0.12870078826999268,0.07671929327672943,7.374011987877392,4.395691711982988,0.05109966088943489,0.02066819682464132
17,347,0.6319080891134381,0.5435697076095743,0.0464853714049421,0.0999119394621369,2.6634155906013044,5.724532454147025,0.006075016710041972,0.026952935366965233
17,348,0.6772863963816803,0.5954991981466299,0.050762894380401234,0.10644611143814786,2.908499603865355,6.09891293098511,0.005252632613021856,0.02657171939464191
17,349,0.7396129028586289,0.6661573033933301,0.034441962894564034,0.08827233028924045,1.9733791120047035,5.057631973358299,0.0029713299908510765,0.020544141086592402
17,350,0.9100039804080219,0.8404082464617697,0.1530744878350777,0.10343496195919162,8.770522104076615,5.9263867743579,0.05437946990640179,0.021843714197499295
17,351,0.6073678195453898,0.5116428963573866,0.073689966962036,0.10776494875243199,4.2221240993831355,6.1744767429579595,0.008704276009066722,0.01709282010193995
17,352,0.7657720688132386,0.6883245575460344,0.0723343196912573,0.029970732762873452,4.144451232259087,1.7171964962271098,0.015149833897874991,0.0035336933324857864
17,353,0.7343124394342999,0.6510762460540878,0.15506153013430807,0.10204609201805746,8.884371241536485,5.84681038843833,0.07129198523798244,0.031853972025096246
17,354,0.7047475791555582,0.6198592562111797,0.08307225832161623,0.03193396888998676,4.759689796449142,1.8296816404983116,0.019773690277873665,0.0032910794312363337
17,355,0.700803663756935,0.6139760455687516,0.15597298131231072,0.10342154969901117,8.936593547268265,5.92561830845583,0.06513419962957091,0.027539845061043913
17,356,0.8676409454336695,0.7956525546223636,0.13548020605022817,0.08073602751021572,7.7624440142408355,4.625833630987469,0.05638738835405631,0.022056146390901595
17,357,0.7044204801563324,0.6182026569283045,0.1438902690756434,0.09190675031355391,8.244305131036151,5.265868901729295,0.05443009351616404,0.02120963472721942
17,358,0.9924769130445114,0.9269670249450458,0.11267431801427254,0.05864349066588809,6.455762881732679,3.360024511070225,0.038079484539522694,0.01136128496961343
17,359,0.7039412724181752,0.6270816758646867,0.09310290251016953,0.14899050248218454,5.334403374250672,8.53652697976259,0.017599753786125695,0.05009150864778958
17,360,0.7941278867384782,0.7266509422868983,0.2029029061167088,0.2588538428754142,11.62548017142659,14.831232707503787,0.06504048707748443,0.1199423245671457
17,361,0.6598108124109463,0.575907773978781,0.3944519433668094,0.45040840672211996,22.600431575651545,25.80650076238929,0.21078592236402408,0.3028812994401118
17,362,0.7741754350073733,0.6950189862580145,0.08903704183040326,0.037922756798857246,5.101446717211873,2.1728139120755685,0.027214630412493723,0.006398827395540124
17,363,0.7070779732055904,0.6250933031567952,0.040069612314574427,0.02376642167909058,2.2958196723505444,1.3617156563401136,0.004296086434430118,0.001300683130603334
17,364,0.6731401683278898,0.584549594122006,0.07803933045226509,0.02660274037384115,4.471324270941552,1.5242247469033756,0.01917369182934149,0.0028337509717554724
17,365,0.6558485384572115,0.5636829177870532,0.14870022165226546,0.09308763812127613,8.519895113334671,5.333528789190233,0.07264825362742804,0.03178100413259571
17,366,0.7211017827424011,0.6409936458137097,0.06120282175247378,0.022050387989449534,3.5066633807082166,1.2633941684214192,0.01207408975480559,0.0016036952370192892
17,367,0.7749849469397666,0.7002678714152021,0.05941386935024985,0.032158222455540876,3.404163958310995,1.8425304233453228,0.011737854394255714,0.0019737967661601647
17,368,0.6365737433306177,0.5472652131817383,0.0278865305069283,0.07292427924468634,1.5977805033098078,4.1782534247539935,0.0011559621919561263,0.010680904401907304
17,369,0.73632474463718,0.6619101317970174,0.04599860879433478,0.0990434454868545,2.635526147388735,5.674771414830803,0.003279112161918469,0.02052971962102102
17,370,0.9820982691159743,0.9200766392026217,0.11709237834520805,0.06194985399323617,6.708899092329456,3.5494651752641024,0.04313148461203427,0.013952509703734368
17,371,0.925806787015464,0.8566204263741195,0.13630326887902117,0.08412386774391077,7.809602040604772,4.819942578042809,0.049617133822755094,0.01789337454911994
17,372,0.8970250185005665,0.828125244163263,0.1240798415547204,0.06843650677440417,7.10925124373745,3.9211230027918265,0.047437102301154666,0.01607011364975238
17,373,0.7155641453975475,0.6315581176423183,0.09562635541679222,0.0431313115271861,5.478986575600173,2.471242115371721,0.03222499312999014,0.008654306794541565
17,374,0.9347260430677873,0.8686089616511471,0.10018999032879483,0.046339637994834385,5.740463595296479,2.6550656812680833,0.03669934664645181,0.010958170497372646
17,375,0.9102539836852709,0.8418772641072547,0.10320302131729778,0.048550446826835215,5.913097554479828,2.7817356966519777,0.034044413329125355,0.009270823744597714
17,376,0.8574237641702132,0.7883317055384438,0.07315288422914605,0.0235481956040796,4.191351525539189,1.3492122232622792,0.013066847312247956,0.0010264242065394138
17,377,0.8047239434137571,0.7274166101051683,0.15073477144358802,0.09838337221358676,8.636466229586677,5.636952002103177,0.057636627611632865,0.022831208797164694
17,378,0.7957670619953168,0.7275525003270626,0.059470075141467696,0.10528727493305663,3.407384312931971,6.032516490097692,0.004703002699726597,0.018423100966157832
17,379,0.7158430415726387,0.6368668430375903,0.03655238318352458,0.06866081064163546,2.0942972875609223,3.9339746677126417,0.0036959411798191686,0.008452947059990536
17,380,1.0595450332891003,1.0038135194743314,0.06271539569652515,0.09136086709301579,3.593327483903817,5.234592097085451,0.015725035188841437,0.02780543903453742
17,381,0.960988713459403,0.9033823731274987,0.02732094768944386,0.056522960130326996,1.5653749949028315,3.2385270610539583,0.001876431088218348,0.00560189862018963
17,382,0.8384414309785291,0.7741676711441031,0.03879733484286099,0.09232355700698962,2.22292354285179,5.289750166135963,0.0033729286160707264,0.021477249076191522
17,383,1.2527642777418218,1.2079055683410842,0.08709606753215793,0.03918785290037437,4.990237081779049,2.2452985793709535,0.021120674262430937,0.005622753865972144
17,384,0.8632222978254308,0.7970961952045184,0.06826535555040328,0.048750417038458504,3.9113167599980767,2.79319314580633,0.020775072981934463,0.008723562768536537
17,385,0.7401906702114552,0.6577327487347954,0.1298583364434283,0.076619433030104,7.440334612798331,4.389970141310216,0.05971660459839536,0.025818086806388956
17,386,0.7365538532877526,0.6553471184610474,0.0716266781157528,0.019114005549302572,4.103906356574691,1.0951518475646722,0.016334348485462398,0.0017201336228684153
17,387,0.9826324807703473,0.9248891141663889,0.07910343278325566,0.03131162703440186,4.532292843477344,1.7940240787589565,0.015599569352283835,0.002730428927446831
17,388,0.8290699360052906,0.7646103618437952,0.1882843792588108,0.2438498408710481,10.787900279770394,13.971566716847782,0.054888261335910835,0.10546011815503498
17,389,0.8204669336501482,0.7533952298098945,0.2722844461069932,0.3279996502437316,15.600749588988029,18.792995640732965,0.1086795326828941,0.176636208943477
17,390,0.7706123602801563,0.6984339097022022,0.01877535659194799,0.06947538797001082,1.075748691571749,3.980646510715592,0.000652230042819904,0.011137894362028895
17,391,1.0265396623812044,0.9743578590983163,0.13361387522925366,0.18681978868114965,7.65551113502381,10.703985420955783,0.02566825600890066,0.061368733575030865
17,392,0.8304291829309777,0.7627325023592556,0.32307398307039326,0.37761694403648544,18.510775700414545,21.635857165918416,0.1396376549060561,0.2136833495852188
17,393,0.8326301393994726,0.7667864564072182,0.27446193191374546,0.3299499274674375,15.725510335664573,18.904738294531803,0.10788038065040549,0.17522337329678933
17,394,0.8924892319035693,0.8312664953937512,0.21762296207145207,0.2715767534456479,12.468877251829795,15.560201786300563,0.06642139697375651,0.11891537596475915
17,395,0.8853533799573865,0.8254518182287608,0.042976539760400834,0.09788919672362528,2.462374346347142,5.608637832189575,0.003529221582271161,0.022164968859048284
17,396,0.8084844574621829,0.7415432005952431,0.157465596570951,0.20877427890366376,9.02211410202518,11.961885052067073,0.03338749934528315,0.07076349949841086
17,397,0.7895178140309236,0.7156762583337094,0.4420348683891945,0.49796468673192434,25.32673235632165,28.531274896293446,0.2606047589439063,0.36193055700445603
17,398,0.8930116970131635,0.8334551392822033,0.14383492737652465,0.19811547716071937,8.241134285245565,11.351180697529674,0.031465104043453,0.07034337375696331
17,399,0.8450870572030296,0.7717134350254017,0.13085290922882736,0.0788273474210496,7.497319435820268,4.516474317437597,0.04246064473084978,0.01387931287675883
20,0,0.5397724516431494,0.6183230241966035,0.07031808607866423,0.07777180960166809,4.02892955574509,4.4559964552705935,0.007806839434016902,0.007842524345899646
20,1,0.6400922925377684,0.7084001570010432,0.09734233602821991,0.09495656098818511,5.577305022361258,5.440610181699609,0.018452966732115057,0.01938246998031233
20,2,0.36303696998774737,0.4702316000862769,0.05493232949297883,0.06947829762680444,3.1473906387697044,3.9808132217696977,0.005707640441046201,0.009372123380709939
20,3,0.45307360823545806,0.5435494866621466,0.08013611237319647,0.08294823300849662,4.591461025570253,4.7525836694546,0.03011383323711037,0.028246417102868515
20,4,0.5349456308626218,0.614578223572783,0.03341439294906519,0.043556582609831286,1.9145036909731317,2.495608353556249,0.0031550517879767297,0.006450740387584185
20,5,0.39571329721645654,0.4969286427803191,0.3801459859175821,0.3823917256156548,21.78076059191708,21.90943199850163,0.28343613264150624,0.2849979858323826
20,6,0.5213690199608478,0.6035706402483219,0.05982722644861047,0.07175963993362364,3.427847575478833,4.111524507575077,0.010466597846248583,0.014582416148244105
20,7,0.5625470278144744,0.6384671375632706,0.036940495380781486,0.0509806401095834,2.116534478441292,2.9209755151544914,0.0030826506084788916,0.006122365730530134
20,8,0.631757509893276,0.7002603704253246,0.03139690138929405,0.04506947840602331,1.7989099393949801,2.5822908975211365,0.0026707048934176353,0.005705832532867058
20,9,0.6491671221845158,0.7165595990579141,0.06193484530000213,0.07192150367151974,3.548605240485785,4.120798616612736,0.005382394045786356,0.006650654142629678
20,10,0.4455069838086877,0.5368434255417799,0.06743628015917053,0.07419042494097698,3.8638142391822825,4.2507982294001,0.008072962907806888,0.007691037078038213
20,11,0.4541182196370321,0.5436541046388357,0.062008975947670825,0.06227346156545384,3.5528526137297725,3.5680065233706495,0.014909207399381803,0.016221055983162924
20,12,0.468027787100028,0.5549113723472201,0.07487983152484312,0.06984063518309215,4.290298317024162,4.0015736345040676,0.014875305233821676,0.015719277136690926
20,13,0.38906331782515957,0.4909103418295467,0.0927876726835082,0.09375107938030763,5.316342035606337,5.371541173287585,0.07369019981673995,0.07144776556988783
20,14,0.38568867039907473,0.48792580367531946,0.10352110798948705,0.10897898639806779,5.931322578315635,6.244035976222889,0.02623035448724894,0.02440609882513691
20,15,0.4033774638322612,0.5022534338943041,0.08562847255011945,0.08797236128556908,4.9061500832736655,5.0404450154631855,0.026658546133661483,0.031322827513868376
20,16,0.35723843157545637,0.46511959800422503,0.05553430836990179,0.06027354283932956,3.181881487773415,3.453419620994548,0.01714530686492202,0.020771498135857942
20,17,0.4181793405277447,0.5146408881873498,0.06907951022225788,0.0737160169278279,3.9579643865662035,4.223616652479471,0.012158593820348588,0.011334504621148128
20,18,0.37003091204182786,0.4750460780844996,0.08081096020203522,0.08001398652124547,4.63012695797628,4.584463729684021,0.02989333345566562,0.03051657504008544
20,19,0.6196786581996667,0.6873612739499092,0.08810039237998368,0.08195779412463562,5.047780656819583,4.695835701543716,0.02270641018335915,0.02212430571901789
20,20,0.5088879641940193,0.5923090588036122,0.08362170058433044,0.08925337150655796,4.791170519188784,5.113841494638969,0.027360824295626838,0.02854222951849214
20,21,0.4284790727850444,0.5240301344110103,0.1058100613243666,0.11405805390440257,6.062469943906628,6.535045108197909,0.015754565298985036,0.016375080020013505
20,22,0.36801937161132825,0.4743370853370977,0.05703444440899983,0.06758078800069887,3.267832951509205,3.872093928608402,0.010515795027733647,0.013978087325583807
20,23,0.41612802001382426,0.5122812292112419,0.08881915648315192,0.0892131882480674,5.088962806396629,5.111539163520376,0.02797092591605939,0.032100447090437904
20,24,0.37941329188753653,0.4833465144021528,0.05929895239246087,0.06604956832279461,3.3975797016352036,3.7843615035571068,0.013718357472694944,0.018538676955924583
20,25,0.6221770876538514,0.6907040649573976,0.08074838401400135,0.07792275270314979,4.626541606503922,4.46464485793211,0.025138717899952492,0.02610018113842583
20,26,0.3548703511280727,0.4627459393064892,0.1033692297468318,0.09855877816619232,5.922620596011625,5.647002022888947,0.12569985123264518,0.12054172291501258
20,27,0.46666553259536114,0.5544743967916885,0.03436175603506346,0.04145589293315046,1.9687835974673218,2.3752477010157365,0.004200547408057195,0.007031749025245806
20,28,0.3383867307920571,0.45035374295222297,0.23869920475473788,0.23293087348071437,13.676457005575553,13.345955968740684,1.359098422214942,1.3662437805648857
20,29,0.5740989698244531,0.6473414666564759,0.04839645843145236,0.046287508383914225,2.7729128115025485,2.652078874574699,0.004701076053385062,0.0063293504065373395
20,30,0.5781322723961783,0.6533981374606476,0.05782510158213084,0.07129348998382437,3.3131342705713562,4.0848160828313445,0.004252229771261565,0.0067607496838085965
20,31,0.573073884476726,0.6477987410756947,0.07028189750192522,0.07743126946922631,4.026856103031359,4.436484942926853,0.009711281800389965,0.009246274842346663
20,32,0.35158752890960676,0.460889882400876,0.06776474332876348,0.07269082367024104,3.8826337925254486,4.164877405634477,0.04642362743062692,0.047798712384603
20,33,0.5038652644707535,0.5865691537247635,0.031770956947014595,0.03522323675034945,1.8203417441557794,2.01814280658512,0.004620285052540113,0.005740675230016538
20,34,0.3626868936712038,0.46922134879427496,0.04107574780570944,0.04404659875095097,2.353466989610903,2.523684210335694,0.005555079790092211,0.0038206203651493173
20,35,0.3590694397328092,0.4663158463494687,0.08039052731048785,0.07855033281490643,4.606037927722134,4.500602549642114,0.030743937624695704,0.03307969661544288
20,36,0.3821771331843112,0.4850849888986092,0.043643147642653604,0.05143119626921223,2.5005681645903794,2.946790481534846,0.006444730810010689,0.009397885702941259
20,37,0.6519287841893173,0.7181155921242478,0.0340635660681211,0.035812465468130626,1.9516985708683792,2.051903125281887,0.003278995887205278,0.005230103218564836
20,38,0.35289063591867303,0.4614192656499298,0.0931898308304208,0.08970451881416834,5.339384000121232,5.1396903313037345,0.0413887969793786,0.04580328936997466
20,39,0.4876649071921727,0.5729043761725918,0.05536358000969694,0.0557781784859515,3.172099473290488,3.195854216172429,0.007830840459793532,0.010838154156660968
20,40,0.4629075334947399,0.5513529131646889,0.029129180042323115,0.03970337338347212,1.6689790771018231,2.274835727305,0.0020500346265850677,0.0030556389551855585
20,41,0.5087432579365812,0.5905468254009875,0.04968542230589872,0.05588959062786573,2.8467650014531554,3.202237661690627,0.00798506866630452,0.007726218982293111
20,42,0.5334627762804267,0.6128459207942125,0.07500556702837892,0.0830867144729827,4.297502430711716,4.760518072910442,0.012622367482470032,0.014594981223446171
20,43,0.42024889718357383,0.5160468633836724,0.025813312113453172,0.04008538970822524,1.47899383935479,2.296723650418453,0.0015411082288331202,0.0036152890464091632
20,44,0.5066359633358443,0.5880952529199392,0.10607093987207065,0.09915665317174512,6.077417183655573,5.681257737383483,0.018118921456843892,0.01861813533421143
20,45,0.4682923305911622,0.5569554204656351,0.04498673730781599,0.05488623102999703,2.5775501818015796,3.144749391398807,0.00644218604612963,0.010166665202179659
20,46,0.44683120780478697,0.5382465088761756,0.03704463604453188,0.04967407031662546,2.1225012989498806,2.84611458037872,0.007151874133044673,0.010998501697054703
20,47,0.38001205594928134,0.4832575527036509,0.06556062622496019,0.07448115334422767,3.7563471849249215,4.267455739890942,0.006715332412715477,0.007665654805953475
20,48,0.33519239145260976,0.4480367481408758,0.14361358782124448,0.1389701852479801,8.228452462888708,7.9624050928604735,0.13173099721348533,0.13695335825114419
20,49,0.3933144236202086,0.49437808555491336,0.09263500017696852,0.0977447798812365,5.30759454533393,5.600363356630091,0.02518787991538576,0.03162870672791681
20,50,0.388890690365475,0.49008860032309476,0.023947683127477932,0.030427969252874686,1.3721011723211374,1.7433942173435562,0.0021005630216516767,0.004540385821786196
20,51,0.43514550684456166,0.5277900523434184,0.04489930823470904,0.05248766740582371,2.572540864905811,3.0073218188400728,0.010011621489990876,0.014426897659456844
20,52,0.4118598536212995,0.5096320041839415,0.0789177977879873,0.08788466981310804,4.5216567417185365,5.03542066419188,0.01829051372798704,0.02201383308446636
20,53,0.39189016429797163,0.4929252909274969,0.09587095655909135,0.09927067841657128,5.493001188717992,5.687790902669968,0.03182932586194697,0.03594794685984625
20,54,0.3271563339488622,0.44210659803126084,0.1354638760495877,0.13427496053515545,7.76150837412469,7.693388532950097,0.5176963653608853,0.5216522166168772
20,55,0.39475111189905565,0.49449055194208796,0.08784035485490933,0.08453677015811134,5.0328816041177955,4.843600143727265,0.02842593126338635,0.02949953001379487
20,56,0.3518289972770601,0.46101361110189837,0.05996592510681833,0.06459362897182669,3.4357944232182707,3.7009423235196284,0.014771482128402742,0.018254933096182743
20,57,0.37888023270771565,0.48159515305566725,0.10470850971713513,0.10224322228806047,5.999355685896413,5.858105120923777,0.026013310916620278,0.030398383362530444
20,58,0.4561452867883986,0.5491827276941257,0.25276268618117714,0.2536591612217442,14.482235136571147,14.533599372834457,0.1200581011110683,0.11417171661109655
20,59,0.3952794437695793,0.4990223660406592,0.3233327826773476,0.3275164768679517,18.525603825632672,18.765311845527687,0.15430119735377767,0.15125198068575196
20,60,0.3923392921789043,0.49335478953024364,0.05736693092979502,0.0641997612215396,3.2868830258957584,3.6783753637418655,0.010577228950204999,0.013477306487831022
20,61,0.34926818733044906,0.45876409929987066,0.09540132816728576,0.09598771752835444,5.466093463928015,5.499691099468624,0.08443114272738676,0.09080230154972324
20,62,0.35232125861954006,0.46083112275601096,0.03773348414393929,0.025572425530469494,2.1619693877715336,1.4651920548084973,0.002998107773503151,0.0015386689593841442
20,63,0.4973810182222136,0.5853820738553998,0.1020761054414161,0.1156752751474148,5.848530030925519,6.62770505996141,0.01737331263892633,0.02299748515788752
20,64,0.4830361673672602,0.5690064543344558,0.10965509570339241,0.10939281750467593,6.282774185907512,6.267746752062765,0.045913967931385274,0.050644804590099686
20,65,0.49343391167669143,0.5803562516937906,0.0660932327035174,0.07719780981785143,3.7868632882875746,4.423108690216478,0.012371823829348236,0.01797765204613635
20,66,0.3791420697358812,0.48286195116332414,0.07325210299052337,0.08489952322913354,4.197036341814625,4.864384363702246,0.02212051788253405,0.026809755489249253
20,67,0.6043704919596898,0.6753889518172935,0.06687441205894229,0.07475290237402936,3.831621568396171,4.283025812385354,0.009997404080732523,0.012027920433268492
20,68,0.39100142232330176,0.49176697798849245,0.050250039605374365,0.057714076897838064,2.879115189753184,3.306773024739608,0.007984185058605344,0.008385635442548462
20,69,0.3895575222367271,0.49058417775047247,0.01943380857917085,0.024270556428092522,1.1134752114516207,1.390600449763812,0.001462365381258845,0.0024849028450831473
20,70,0.4087463860649441,0.506627936695671,0.05132245004362637,0.06000063123802922,2.9405597817707987,3.4377829380598817,0.004966820068683327,0.006585817263164987
20,71,0.4384253357095246,0.5308116997637289,0.05994324874944232,0.06518847542972976,3.4344951636458947,3.735024515015781,0.012204764084916733,0.01717173051016729
20,72,0.5087373197216408,0.5898490471250841,0.09585659760723089,0.0912223154451583,5.492178481378156,5.226653672418634,0.030574674084648625,0.03035899170910516
20,73,0.3642971935570608,0.47091292299231086,0.038720989032722884,0.051546357044038475,2.218549250147369,2.9533887078978465,0.002897912757477333,0.006137809914482943
20,74,0.40458036242816986,0.5031504246678804,0.029540463038055704,0.043448208945432186,1.6925438569427975,2.4893989999758137,0.0016913234990919585,0.003942270389085927
20,75,0.5341360806420542,0.6142491795816599,0.05955124681316228,0.06670240706786022,3.4120351071360924,3.821766408351983,0.013853349285048578,0.015746431864096484
20,76,0.33632505871285784,0.4491017008589247,0.07815668622066496,0.08357755171769926,4.478048261172379,4.788640975460532,0.18423279394273187,0.16954198526334713
20,77,0.37320106905924405,0.47809670760494755,0.07375753553003156,0.07873864326515054,4.225995493157024,4.5113919436793095,0.015196168393340922,0.016549506174601138
20,78,0.34938682573026536,0.4587724923598486,0.18467778725098768,0.18278659245350312,10.581257779296516,10.472900299163552,1.1917897737556635,1.1872149930212028
20,79,0.3784930730142733,0.4824373776613061,0.03430075433519635,0.0463750235269701,1.9652884575218128,2.6570931229152843,0.0045824679999547785,0.008572901575444089
20,80,0.3957658190636202,0.496717479053019,0.09278691226443363,0.10047783828821694,5.316298466802703,5.756956068512818,0.02473396783959691,0.028440430526946007
20,81,0.45491241107447333,0.5443175539386813,0.05950828908509648,0.05905234939801615,3.409573810620451,3.383450390838233,0.01195561729227352,0.013508422960290617
20,82,0.4126987461755267,0.5098008622770528,0.027117832857311806,0.0398980012170461,1.5537373722651564,2.2859870807445635,0.0021045377730298477,0.004096686402826774
20,83,0.34082246445282904,0.452045749018225,0.237465536219688,0.23195552393921412,13.605773005199108,13.2900725564627,0.6465466549153713,0.6818221067054104
20,84,0.3581040776892731,0.4669393319682421,0.3423746523944345,0.3431091417310207,19.61662259445972,19.658705733543474,0.25283106102871644,0.25336018906270874
20,85,0.4118877272981733,0.5088235823114906,0.02022976861193581,0.030436657467408,1.1590803619901475,1.7438920153678195,0.0017627698406827033,0.002988193051516785
20,86,0.3313951139850676,0.44541691252793586,0.05441106497616243,0.0641523804917262,3.1175243819461986,3.675660647893308,0.006223352193374604,0.008947982813276703
20,87,0.45148095483873035,0.5416566821759561,0.021985527448119494,0.034598672677956875,1.259677933146274,1.9823579212015225,0.0013767502487552312,0.003324955660227627
20,88,0.37818983022532493,0.48215242810624687,0.10522740208845613,0.1123581623313396,6.029086028794641,6.437648495431546,0.024218644646018875,0.02665640778889538
20,89,0.5190422463313022,0.6012273240658988,0.13574598024900017,0.14193864000612658,7.777671754133942,8.132485022177795,0.039553332819768826,0.041625571256817255
20,90,0.44152406370966796,0.5329986853817519,0.046918615874275066,0.04471523361026204,2.6882386701914682,2.561994165809542,0.00588333872964153,0.006322575240641958
20,91,0.5032345847279315,0.5859286446729891,0.08745115467292294,0.09289879938539256,5.010582076304252,5.3227091266155195,0.01473093317434454,0.014073249591238644
20,92,0.4552198753255496,0.5444994519280147,0.03898938739064933,0.04258179667431701,2.233927343284796,2.4397572335225695,0.008872975564921608,0.009484726852985898
20,93,0.47647712847024065,0.5622714296670456,0.03429759189845332,0.035458169050082804,1.96510726324346,2.031603435831144,0.0037133959439229237,0.005272575671584213
20,94,0.37488570149771616,0.4787970527573334,0.0932778762670003,0.09288868431099075,5.344428632042624,5.322129575542835,0.054472969294540464,0.056047628798696555
20,95,0.3473948219448712,0.45710503512944267,0.20233058921217348,0.1975394548909621,11.592688828252724,11.318177052567037,0.21019145985025167,0.22441779001344897
20,96,0.5600793945054438,0.6353171190012803,0.06218419162659315,0.06048362952085957,3.5628917326365412,3.4654567011781268,0.01252077884089436,0.013149018059206666
20,97,0.5838076335479901,0.6557666952881246,0.1061484645372684,0.09975746893983799,6.081859019779568,5.7156819451601155,0.03830092909022432,0.03759762166452492
20,98,0.4925554545707694,0.5765599758148887,0.01786434408500835,0.03063840980277091,1.0235515198404748,1.7554515726910223,0.0015837235967920563,0.0036566301525158126
20,99,0.39482138948034845,0.49510379924882186,0.10315691551457133,0.11003316429762805,5.9104558865725405,6.304435920723659,0.02178834744058155,0.022542974446280964
20,100,0.45031049614834506,0.5423016792474717,0.10521279352741968,0.10974912898874987,6.028249019902493,6.2881618962922445,0.03635328942822328,0.03370038662862916
20,101,0.6123451645468057,0.6823103853845227,0.04509942112285786,0.05581538520119059,2.584006488822912,3.1979860039251737,0.0032550134049833396,0.004665667283581941
20,102,0.47211299545402036,0.5583372558906422,0.09802606133252509,0.09191925705653524,5.6164795966442425,5.266585485317579,0.02399372111090977,0.024061242174074064
20,103,0.4545424391081454,0.5440250068144039,0.0463978998964372,0.052937596197818314,2.658403842336331,3.033100839702783,0.0056234427218817655,0.0056981490833642595
20,104,0.3997218302759724,0.49944400786023385,0.05239904164833113,0.06483724952802401,3.0022439369795983,3.7149007531923646,0.003347116347894509,0.005441427847980306
20,105,0.42111924186607935,0.5164988466802197,0.03843947380739864,0.04539703164497803,2.202419615867616,2.601058315679082,0.004626013509159421,0.005676089534231323
20,106,0.4977808251615376,0.58006891729717,0.0684999098440213,0.06280199200824563,3.9247557310890615,3.5982890870867994,0.013830743393000923,0.013956031019344148
20,107,0.4681823209632503,0.5563368495268002,0.039021229898971,0.04848860255653469,2.235751784620738,2.7781922809766915,0.005404869451823273,0.00874515329304884
20,108,0.5051978259168246,0.5880015226083952,0.034084517880982185,0.04001052057955086,1.9528990213184672,2.2924339653295887,0.0026818436108928864,0.0043667675862895765
20,109,0.6335567984059359,0.701823006339305,0.1505325309305951,0.14430911626767512,8.624878701745622,8.268303307400474,0.07139628561889377,0.07178550131242362
20,110,0.5186515033632719,0.5991539074363159,0.018799376799315145,0.03047562742106971,1.0771249480769158,1.7461248292404556,0.001539900368179038,0.004046507454664991
20,111,0.41286583045098024,0.5099755612622804,0.06590354588188552,0.07075850909649713,3.775995033978817,4.054163935867329,0.013273834448631758,0.011728842363498151
20,112,0.4629562960981727,0.5518987009492362,0.037951148904098224,0.04724491662992369,2.1744406598773676,2.706934326342064,0.0068711581360838755,0.010835535246691924
20,113,0.4276491281372563,0.5214239339003051,0.040971840274389,0.04103908647065298,2.3475135266066185,2.3513664498408526,0.004768691246233407,0.007083741665721278
20,114,0.44964447344541114,0.5402260100208096,0.050716742754648506,0.05827986242001472,2.9058553104920564,3.3391901472699357,0.004476215558349549,0.005596093941324154
20,115,0.3272933924541103,0.44221730684958555,0.14932277671466845,0.14803693244507857,8.555564890924867,8.481891441166285,0.8802976800274669,0.8754934360346167
20,116,0.5020790491178955,0.5846161776664496,0.06307741293801923,0.06399775415612036,3.614069543952396,3.66680121146152,0.0139250717791186,0.01712120546277625
20,117,0.5603820730771497,0.6363291080333525,0.023621782032563887,0.03520112995400867,1.35342841504387,2.0168761804562383,0.0020207042750454,0.004656988697481407
20,118,0.5599385895779874,0.6374324288170665,0.08485612770469224,0.0958811721474355,4.861897983302003,5.493586498815354,0.00921181855953241,0.012027344712075897
20,119,0.7107677216431303,0.7724337295213871,0.09395848840376197,0.09413500441861201,5.3834248349644485,5.393538457631824,0.0350463099002767,0.03576024526011673
20,120,0.45371266892664724,0.543477083084242,0.03260683407161459,0.042965756596029143,1.86823397558689,2.4617565165388484,0.002418294069579302,0.0040345129123441625
20,121,0.47014776858265556,0.5575508541406566,0.021694187990865962,0.03196365139688386,1.2429854118400145,1.8313823228688835,0.0019602876508858086,0.004499242993448702
20,122,0.48192379484325265,0.5669804808124479,0.012397024806549509,0.02336219167754693,0.7102971999342728,1.3385549832990957,0.0004160046781082525,0.0012540918404838788
20,123,0.45162792681259484,0.5405523716217198,0.04653663961217794,0.0358999130712094,2.66635304249912,2.0569135038668356,0.003121183592189611,0.0023896346736530794
20,124,0.6051891939888115,0.6760011508672054,0.11053614723836691,0.10441900177784827,6.333254720395074,5.982768102839746,0.02015811611146797,0.021317985676495427
20,125,0.5301789000074563,0.6095945781740245,0.05887364292551237,0.06581259396442561,3.3732112641920957,3.7707838729697425,0.014652921042742701,0.018162440143721516
20,126,0.4122138137381246,0.5092707593528017,0.04257856217746923,0.050000660099948094,2.4395719105043434,2.8648267965951986,0.004774001659864991,0.008103523000930712
20,127,0.4247257655941691,0.5200291437868709,0.04634034809891666,0.05235430511822211,2.6551063672350126,2.999680722614291,0.005278145806766029,0.008938888912165096
20,128,0.41817675402117166,0.5145797113728761,0.050616443055210056,0.05870802954920003,2.9001085610278023,3.3637223166984866,0.007215640616086993,0.008052080715038651
20,129,0.43902073884860704,0.5318861845761568,0.14194473645248196,0.13675298632506333,8.132834322823985,7.835368952236391,0.06239927052596959,0.06157847324839367
20,130,0.47726535871091086,0.5634269627330856,0.014058798081685196,0.025686694072954763,0.8055097951071797,1.4717391600240146,0.0005079990963219221,0.00195374097304739
20,131,0.491603524435496,0.5756677605414449,0.037118829829120785,0.04466339427248098,2.1267522896729276,2.559023990541934,0.007291039548644195,0.008661621189289797
20,132,0.4717570874286889,0.5584317474874398,0.09303207380260434,0.08962671392285779,5.33034518823882,5.135232439406165,0.021305861694184955,0.024107394511447763
20,133,0.55712651073083,0.6325604368413748,0.013879854871394951,0.02619585195423778,0.7952571043850267,1.5009117577273545,0.000465533962609226,0.0017834191236264412
20,134,0.44179371784390253,0.5332094998350209,0.046320467957704586,0.04605238779296198,2.6539673190474367,2.6386074570365134,0.005738522300709741,0.007956646555520759
20,135,0.3965319199125227,0.4957833124898393,0.03636247202379366,0.034275228565534666,2.083416179625906,1.963825938651375,0.0067248738767496635,0.006693062349091809
20,136,0.5050259618299444,0.5866302832141104,0.11751586621167597,0.11281248565960102,6.733163159753067,6.463679304675261,0.04853993752068137,0.050322592658421275
20,137,0.4002597255723398,0.49880126546926495,0.07553177265714472,0.07249699707278888,4.327651792396025,4.153771959643087,0.02018814566094948,0.020079130772509682
20,138,0.37454764395152756,0.47840041888784574,0.028361848073804662,0.02651281793415388,1.6250141938202505,1.5190725706257755,0.004106633080460202,0.004381990747561539
20,139,0.44442802380890944,0.5363837667375166,0.04831719334915817,0.05941901298011878,2.768371256824334,3.4044586665938623,0.006147044412551662,0.007905769889032934
20,140,0.4566058049702262,0.5475945001949717,0.1800856419984819,0.18310017595150246,10.318147237416897,10.490867310123864,0.06324315569493748,0.06005603187034837
20,141,0.42006937441498216,0.5211212233687208,0.3690654337699021,0.3699478790521349,21.145891719180398,21.196452109503568,0.2230182522041172,0.21411477574249926
20,142,0.40298569020307007,0.5012268539973457,0.012086923634054206,0.023325067240199785,0.6925297115282335,1.3364279097223064,0.0003772945335978246,0.0011242029503450738
20,143,0.455932314557635,0.5448343411583169,0.04097544455577834,0.04588533524990666,2.347720036718405,2.629036051362516,0.007229138085371718,0.006568091644407395
20,144,0.3963217163345656,0.4963354634185177,0.03562570275661542,0.04284184856498346,2.041202410141646,2.4546571093121545,0.0034509004400684537,0.005850407139611834
20,145,0.4935989517973392,0.5768504180559051,0.025621891452957818,0.02625207142324058,1.4680262433967997,1.5041328960276814,0.0018611676351313073,0.0027735064327241224
20,146,0.33938054628920983,0.4511624470081084,0.09569189226980969,0.09565740416454725,5.482741560680643,5.480765537805702,0.06625142573687683,0.07361649748977703
20,147,0.3872570297164918,0.48922791683542005,0.0487830120626142,0.06009118365091066,2.7950607031235783,3.4429712091427143,0.0057647725787585355,0.008503443936549494
20,148,0.45738166753602566,0.5468126406867593,0.015082480288554197,0.027393745585599993,0.8641624651234115,1.5695460071100094,0.0008480267485339787,0.00298988256535638
20,149,0.39457556667588306,0.49448861412866446,0.09866421834438292,0.09330742028154079,5.653043300090376,5.346121379385667,0.019878976263036766,0.02188359420521071
20,150,0.3511183406122136,0.4601242305075659,0.12036828019655327,0.11847206394885665,6.896594442510629,6.78794925447348,0.08204797446821316,0.08912971101891096
20,151,0.4753375613368982,0.5624954632518073,0.0705040023182013,0.07812240713066364,4.0395817716135065,4.476084213989754,0.008248237355065205,0.00808739889902093
20,152,0.3784992363887745,0.4818690645580429,0.06450122881289677,0.065797081812737,3.6956481843866062,3.7698950921468177,0.010901323446150961,0.015041456114968751
20,153,0.39289130358930663,0.4932182864553822,0.029369379708046674,0.02774938368169511,1.6827415041882363,1.5899225690503276,0.0015411181797042196,0.0021296057421835574
20,154,0.45456859177102255,0.5438654569063598,0.03798917332308403,0.03846397638522177,2.1766192986036916,2.2038235101640717,0.005172512172623251,0.006533747911000002
20,155,0.48542270221230716,0.5712723321871992,0.03472004787464677,0.04467747648342586,1.9893122077094239,2.559830841795289,0.003580042700002643,0.0068492360960007905
20,156,0.5184634427914329,0.5992976573736971,0.09036037744862165,0.09587800445982687,5.177268263015122,5.493405003684564,0.02801798482099781,0.030655793930340004
20,157,0.4724501019842887,0.5587521175935991,0.1180149490011299,0.11272011770363799,6.761758497216394,6.458387010636329,0.037235326725360667,0.03864604832286067
20,158,0.4862500626396209,0.5703127874566684,0.03850412946719183,0.038559175579221984,2.206124112295399,2.209278022193331,0.00701535101691139,0.00627582943498411
20,159,0.42569906703520627,0.5219652080917379,0.10098668629698021,0.10658480201726676,5.78611091182859,6.106859315826848,0.036507087633200895,0.035970554966537296
20,160,0.3356029921894022,0.4485504819863215,0.06444142092644385,0.06440344969632124,3.6922214449112563,3.69004585368231,0.012276423862194939,0.014984684232391457
20,161,0.39642110295772715,0.4960247752195631,0.10126222218881713,0.09745663970866975,5.801897955535218,5.583854140833846,0.021254042484379662,0.024405310133845684
20,162,0.4287923780311237,0.5222786744614468,0.0851064226394361,0.08201313277929177,4.876238826696329,4.699006372899446,0.029781544473664538,0.031121912819877848
20,163,0.5188609403539709,0.5989491413853634,0.07382237014714985,0.07083320617064663,4.229710243084249,4.058443762958071,0.0160959927918896,0.01766994759351985
20,164,0.4135622521972029,0.5098431366129114,0.046398643474142125,0.048548484451560556,2.6584464462005633,2.781623260830919,0.012841893589949024,0.013491005403924424
20,165,0.480283017308638,0.5668947798507491,0.039035981645472964,0.05083107343839215,2.2365969974357474,2.912405976139412,0.002710345630898444,0.005146917467774542
20,166,0.45938978199676966,0.5468483197282357,0.05095495191764295,0.04087082093239022,2.919503690172982,2.3417255446608998,0.004671036350668768,0.0037780724384694295
20,167,0.6007368960908454,0.671606754220899,0.017558625857152305,0.028730736950396966,1.0060351556641045,1.6461499695583117,0.0014255113431797467,0.0033246714407774575
20,168,0.38233943868239995,0.4867213617328199,0.0959657010826786,0.11007765496641485,5.498429650051519,6.306985048272857,0.01364304053876149,0.01917566424892087
20,169,0.35811529963639926,0.46575234957080336,0.04683921339098232,0.05286568976407625,2.683689243015936,3.0289809045295257,0.011198878488481572,0.0107747046411966
20,170,0.4123959772736545,0.5102688391717657,0.09796440667423428,0.10513968105978076,5.612947044936858,6.024059984076996,0.03885785596887904,0.041329553868233754
20,171,0.45091283713923463,0.5417428942791178,0.05313377889779689,0.06210881468955745,3.044341280425037,3.5585729522717724,0.004619523619443039,0.006287639622849835
20,172,0.5285175034893911,0.6081134753135901,0.028434414592211847,0.041274717005901844,1.6291719490589407,2.3648670850350215,0.0035758465013692843,0.005286619783757992
20,173,0.5646687954932537,0.6398434793629899,0.029186064271852403,0.035810074998433444,1.6722383033747048,2.0517661614571843,0.003039508308123842,0.005889445585366401
20,174,0.36433953651452144,0.47045984671534646,0.0974990741666337,0.0955230672184202,5.586285456181105,5.473068597759946,0.06906333794450084,0.07003831769169969
20,175,0.6033995533950661,0.6748392306942717,0.058684934042895535,0.06164752850263424,3.3623990416615213,3.5321432006133895,0.010058553356545537,0.01256675321306892
20,176,0.531302007214399,0.6094753811325135,0.030227685827121487,0.03660102535577742,1.731918822341476,2.0970842787373583,0.004309798570753668,0.004682811546264027
20,177,0.47927705635159085,0.5657738393822752,0.04149996478097886,0.05266759269612819,2.3777728318916465,3.017630778602186,0.0029860974026306338,0.004945563152115634
20,178,0.5036441726858822,0.5853467189419759,0.05476447495751959,0.049582148315983225,3.137773282315761,2.840847837697521,0.005466910083118878,0.006442343341935462
20,179,0.4604262397233555,0.5525652068490895,0.09799479486828563,0.1086436498915171,5.614688160203025,6.224822609680874,0.022071679692389396,0.02719724767914731
20,180,0.38471461965696885,0.4876456202059623,0.05091112251429168,0.059307671398458786,2.9169924503423776,3.3980792638804336,0.0080702736544196,0.012720416656033743
20,181,0.4632576670745037,0.5520215302166831,0.07942667846409522,0.08548174315277174,4.550813456735284,4.897743108075144,0.016833963595685703,0.015889159016188842
20,182,0.42800561767061057,0.5223536665692811,0.02964847683256486,0.04190958821867271,1.6987325914973657,2.4012425260611443,0.0022406188883934957,0.00421891600580102
20,183,0.5098170884861515,0.5907003509415611,0.10398457308886394,0.09842866557960112,5.957877172461542,5.639547120815741,0.02455799798856155,0.02596882418493425
20,184,0.40918313848476845,0.5066134245542531,0.07688701284585565,0.07625518223176493,4.405301335435674,4.369100107881116,0.012442784027988367,0.01621763599294857
20,185,0.4047321747940677,0.5029263449779572,0.10241966449389654,0.09789109053271154,5.868214514646162,5.608746339457421,0.019423882919632464,0.0218246625888286
20,186,0.39082952202899574,0.4913432181150203,0.08622024592354527,0.08309619279065185,4.9400561999991845,4.761061140509769,0.024274117876554292,0.025478747401376935
20,187,0.3964074232900897,0.49670708083466897,0.04959969638122766,0.0564162751229991,2.8418532677746473,3.2324144603967477,0.007893393109730654,0.01131496595846047
20,188,0.500654428456246,0.583647785034833,0.08282029844858406,0.08197522654682188,4.745253559117746,4.696834505761679,0.02097626951978305,0.02368241710089753
20,189,0.35596498413963873,0.4648585955591736,0.223233881956357,0.23747915738324782,12.790359280420876,13.606553440383143,0.1030913954047691,0.11642196412463074
20,190,0.507843874827051,0.5908290563643886,0.1154795025043444,0.12131897451143289,6.616488113769354,6.951065214360313,0.023291575342005495,0.023249206764600218
20,191,0.4719026172662516,0.5581761970940209,0.09467670069945122,0.08959997435928088,5.424575368301844,5.133700375267187,0.03163160159360097,0.03203525977224073
20,192,0.39636151211569975,0.4960590199251396,0.06418660391162101,0.06513857989850749,3.677621505413785,3.7321657116601816,0.01810270673885902,0.020522214149594795
20,193,0.6108572645318978,0.6808536011277772,0.04164230913799787,0.046425799726543246,2.385928562786339,2.6600023848505394,0.005275889417121014,0.008157966151957942
20,194,0.484584273957649,0.569323516846508,0.02597576730783883,0.034757032076994945,1.4883018363530656,1.991431246412632,0.0013378688548155316,0.0017497850471422556
20,195,0.34211175261024296,0.45328851086479843,0.11766924607376336,0.11832297301064253,6.7419511785129735,6.779406972950165,0.036510472215797174,0.04348005355680896
20,196,0.4766601214176134,0.5661341920388798,0.06848152395423708,0.07909654807241318,3.9237022972018334,4.531898378602902,0.01320301903229508,0.018824991605077633
20,197,0.49810547819870316,0.5822328259663708,0.05790280337473571,0.062235868417924625,3.3175862553482163,3.565852594678613,0.010949918411137252,0.014572409260135966
20,198,0.5121345515429505,0.5936985081405836,0.05255449231248403,0.05319973459861926,3.011150603958065,3.048120263716986,0.007272201601103725,0.010443459203027868
20,199,0.5104156544509686,0.5921592280122708,0.05488199108835884,0.06460411272176833,3.144506460637557,3.701542998144755,0.006067060307864129,0.007981557333270627
20,200,0.7545836009981725,0.8118623599878071,0.05819959220898432,0.05471982535826687,3.334591002957269,3.1352150487216295,0.008543718269882133,0.009633569973476346
20,201,0.3801415092171663,0.4834479139330688,0.10914363829493086,0.11596078942065118,6.253469835001967,6.644063822808599,0.01921974006221413,0.019693380104314255
20,202,0.4950769341274486,0.5780397427088223,0.02051944844095083,0.02417033033339039,1.1756777936027796,1.3848579175403013,0.0022468023896587063,0.0023500942504114664
20,203,0.43325230596403763,0.5272958664483769,0.07647173653775197,0.08634407677816587,4.381507755649558,4.9471511853424435,0.01499244564535266,0.018762952601294448
20,204,0.3596718251613458,0.4678255904098984,0.22460962166049986,0.22873606209217137,12.869183359176839,13.105610980323759,0.12760600279474688,0.13119124868190057
20,205,0.44960505096970804,0.5398374403161293,0.05052470220318837,0.050027980187702374,2.8948521973980252,2.866392122319446,0.00854698197824023,0.010026409550695892
20,206,0.3786005624272586,0.4813701561288678,0.14012949636264635,0.13520317715656707,8.028828726873456,7.746571427830876,0.07099311289805586,0.07249120895847698
20,207,0.4143048785802944,0.5110054514105306,0.04333909893942226,0.0492890283764494,2.4831474571287977,2.8240533022711025,0.008927031583002492,0.011530552050433174
20,208,0.4861916730699312,0.5717596506439243,0.09120389627990809,0.09091251698455514,5.225598331987643,5.208903528126424,0.022506560776193223,0.026246627544139214
20,209,0.4094363591323277,0.5092639498009045,0.14590695555280905,0.15329481964634706,8.35985275477885,8.783146186954822,0.058481151997401865,0.06386013971638892
20,210,0.6915409939471795,0.7534241778438182,0.03390813389427604,0.03864238837570054,1.9427929633065135,2.2140457642330333,0.0035242109831066376,0.0030765232097869338
20,211,0.4776670570584909,0.5634191539026746,0.09306502620307681,0.0926278487887681,5.332233221710718,5.3071848009723865,0.04274149442041941,0.04281729732513796
20,212,0.5348927487403582,0.6128266594032997,0.10358585240583942,0.09789202287788602,5.935032160119664,5.608799758900968,0.0298668030946391,0.03070747368003137
20,213,0.42067386856433575,0.5161283079639466,0.0585953868334303,0.06727443806484351,3.35726836449199,3.8545413702297866,0.014418543796255024,0.015338155367031779
20,214,0.5595313175603698,0.6347757837758092,0.14252347176504723,0.1367996216086887,8.16599341368916,7.8380409571645195,0.07945955948275307,0.07921779003716903
20,215,0.3765022359829505,0.4801577108225251,0.07160242148996515,0.072194365476283,4.102516554291831,4.136432446415993,0.017331496763374032,0.019818631361383843
20,216,0.5053211757075848,0.5867497337595304,0.035723327845496,0.03933875869182076,2.046795915709093,2.2539448443249133,0.006128872612779132,0.0069888512205693466
20,217,0.4083159316964451,0.5054383317076924,0.2713026074187397,0.2629424286479157,15.54449437598844,15.06549141644536,0.3585575335951975,0.36341984366782654
20,218,0.36881579798974085,0.4735346725171432,0.1901268099707975,0.18268648381201544,10.893463783612516,10.467164496513519,0.09596733794034294,0.09641849134329268
20,219,0.4752692470925294,0.5620187140235636,0.14620546848528695,0.14774335777938877,8.376956285939908,8.465070851850294,0.054042827672781533,0.05224447926008731
20,220,0.6324410955791228,0.7022608599665517,0.05055238269870247,0.06017104460116859,2.8964381729658144,3.4475469045403977,0.009011514124501348,0.014093926618597586
20,221,0.4104225933343498,0.5077969657255862,0.07302148353202247,0.07883940173280138,4.183822820168931,4.5171649786259085,0.027170744360265467,0.02678523636541715
20,222,0.4915905642034797,0.57513320393631,0.03250308883231501,0.04048947989381982,1.8622898112304491,2.3198763125956803,0.003252640103442528,0.0037434885903338353
20,223,0.43380892958572437,0.5267068824880976,0.08606579365511607,0.0878556394416095,4.93120673688197,5.033757346427317,0.026424623129233757,0.03053490843765619
20,224,0.4064728286519054,0.505987511606002,0.09320481996253621,0.10551909287804534,5.340242814130009,6.045798679960941,0.019528336296205966,0.023638115398786734
20,225,0.3631202969398615,0.4698206020201112,0.046010094831055455,0.054597803189792,2.636184248816162,3.1282236934609853,0.007520182089163544,0.010428554745685594
20,226,0.33543156341901237,0.44826104851329945,0.19203640422306162,0.18924139149841124,11.00287547484969,10.842733042041862,1.2267217998550093,1.1947891615752824
20,227,0.48858085404582186,0.5728970325208596,0.06850476975129184,0.06661889562815743,3.9250341832644886,3.8169815553159516,0.014634748222155283,0.016680228966147334
20,228,0.5122630071689205,0.5936119651217753,0.019240115640845865,0.030969584187418003,1.1023774235641113,1.7744264672141425,0.0009730196186259338,0.0027717762228091124
20,229,0.4015871217598539,0.5002220293121066,0.09092295348250762,0.08986696562259144,5.209501495411997,5.148997847821748,0.03178082720540769,0.03480453775142352
20,230,0.42675983396918704,0.5226296383104849,0.06872396425943808,0.08226642076502867,3.937593103473714,4.71351870548354,0.008250498026284749,0.01290738616363827
20,231,0.5888489352342975,0.6626379256118007,0.04259303582595213,0.05136258246824719,2.440401189476569,2.9428592003231984,0.005786103339010348,0.009731658773073599
20,232,0.6054627146428894,0.6767803490358401,0.046128167412202985,0.04970497539740306,2.6429493093921312,2.8478853110727873,0.004698043506926,0.006515168953142612
20,233,0.4015726970831983,0.5010223839042985,0.12347500594240224,0.13029428398519685,7.074596715852408,7.465312567030772,0.053898519715439346,0.05981411933623103
20,234,0.3682983378334569,0.47442192527336025,0.09706395474054827,0.10393066397226507,5.561354949482255,5.954788407603148,0.027528699951411703,0.030615324791655282
20,235,0.46139809145498967,0.549359300446411,0.02972879385426713,0.03016499621117264,1.7033344178639662,1.7283269719283114,0.003717545960419871,0.0030120593235901374
20,236,0.4593864936246578,0.5481085181034413,0.027325924250503394,0.03655105350247462,1.5656601308480318,2.094221102448661,0.0037165025458462918,0.006555731868377828
20,237,0.3251230325463576,0.44056258184392694,0.04443174060007705,0.05488172751338598,2.5457512128044826,3.144491358904027,0.012828982972683842,0.01706879546714401
20,238,0.45879441236084756,0.5476651823789135,0.05438233811876301,0.06184974812462207,3.1158784542585374,3.5437295314880233,0.005086161560244273,0.0056842875309248315
20,239,0.5653453141560223,0.6398222594625534,0.15496289362941884,0.15388265570436396,8.878719786100412,8.816826712124797,0.0631669577976969,0.06073689575544997
20,240,0.9119359333216693,0.9645017420258325,0.24291601794446535,0.234190166930352,13.918062604342035,13.418108168573392,0.18204004699434403,0.18009082572196722
20,241,0.37707896135902463,0.4805529954083271,0.055398176525217495,0.059932053491248596,3.1740817076156747,3.433853722600835,0.019242965535094515,0.018697230979341763
20,242,0.37895959769925364,0.48162135978192494,0.1352167492157634,0.13261019972253033,7.7473490495421276,7.598004764487908,0.06073130841248781,0.06536072237103674
20,243,0.6020754916295686,0.6735069632120015,0.21368560093754804,0.20608916583972559,12.24328307643825,11.808039405987975,0.14983362021468433,0.14948769255894
20,244,0.43377593587792634,0.5258390730974338,0.13335349121655907,0.12752380659841944,7.640592230043729,7.306575905531993,0.038913620419047695,0.04154316689595608
20,245,0.6079992422126171,0.6787068434515496,0.18055265229076908,0.1735370296259097,10.344904956154123,9.942939386801356,0.09620503571890562,0.09589608354469063
20,246,0.6418770023637611,0.7086896839691843,0.057116219765592495,0.05619673168784447,3.272518334310142,3.219835548142583,0.007548802190240626,0.010329476311244031
20,247,0.4227522221387925,0.517425155486114,0.06333849236927355,0.06152896523775328,3.629028293480945,3.5253500259304187,0.011692142010781031,0.013796315816639506
20,248,0.556887382722319,0.6328488989494703,0.22904732533183136,0.22052951501856877,13.123445050273846,12.635410468630893,0.12860720175734477,0.12926855633295942
20,249,0.419471573169501,0.5155716279125737,0.07860370195113384,0.08544563736563042,4.503660375904203,4.895674398855949,0.01895267694353068,0.01963515135075982
20,250,0.6677049671895289,0.7339449036497635,0.03910463728141855,0.05414708665604477,2.2405306756152163,3.1023995383205034,0.002694633320699932,0.0058066198220633235
20,251,0.5842944405840651,0.6563775863042678,0.08117606625991328,0.0787334393360633,4.651045994167352,4.511093780505726,0.030647972403030535,0.03048878264454531
20,252,0.6738250001343644,0.7383539022903367,0.14169348049111083,0.13405948692408054,8.118438416659918,7.681042804439062,0.06021134942485949,0.05992785137755351
20,253,0.5449383267007745,0.6233154421714492,0.023181573653467166,0.03790914421339199,1.328206332815333,2.172033968380148,0.0016795045975499107,0.0046479360402264195
20,254,0.46143714087154275,0.5509982293066074,0.040796794470297125,0.05470105491101185,2.3374841408106803,3.134139581314344,0.002917624123540574,0.0056874647035666075
20,255,0.39430160274887144,0.4950723817579963,0.061374820356575426,0.07173385491210092,3.516518174805382,4.110047134667171,0.00697582866559459,0.00852818744179849
20,256,0.5266284504453668,0.6061567835215296,0.024343330136791217,0.036852297037419386,1.3947700761317616,2.111481085606598,0.0011385567832226547,0.0029012553670346108
20,257,0.3364298867240351,0.44930768366496504,0.08253612437994594,0.0828782404401977,4.728971584337721,4.748573390693791,0.01657382100167356,0.02046203137011951
20,258,0.4653686540413821,0.5530458208113498,0.06210645248253917,0.059863572062574484,3.5584376077792883,3.4299300257627823,0.006927514541194779,0.009569606227852974
20,259,0.4498000329120476,0.5393454811135553,0.14000443623350037,0.13710992469922756,8.02166330928803,7.855820014622262,0.06721280931622026,0.07236151957378915
20,260,0.41306331249442146,0.5106935903544438,0.040044547287484994,0.05590064606840932,2.294383552084939,3.2028710917744325,0.006972485488503549,0.012125748459317345
20,261,0.6159203785827099,0.6847223855264964,0.038781475936872235,0.04159955111060231,2.2220148944709393,2.383478708276269,0.007193316581718266,0.007634475331202154
20,262,0.37965378296324725,0.48327287505325645,0.04095803996525346,0.049812970758426244,2.3467228271371763,2.854072989466407,0.004140831481497473,0.005843209418289894
20,263,0.5646347544860388,0.6382515281528431,0.027315539104336903,0.02590150997543948,1.5650651058030653,1.4840472046086828,0.0027764976156706136,0.0031505380097820532
20,264,0.6495790232543304,0.7163177752560342,0.14746536815948205,0.13966849078231572,8.449143219881194,8.002415052788532,0.044105672541153815,0.04492684434479252
20,265,0.44874151317453953,0.5390008796523175,0.1076223212630739,0.10459343927789211,6.166304789775194,5.99276263538107,0.026106850502312887,0.030580461844829286
20,266,0.5268679425553053,0.6065401091888982,0.07130124788704229,0.07915135019154299,4.085260577943601,4.5350383087374135,0.012058708915677743,0.014277129870957781
20,267,0.3408595667512941,0.4525894849602686,0.05317979090612093,0.05933621559423929,3.0469775743089254,3.399714725828251,0.009138957358846896,0.011598465309576218
20,268,0.4106672174545009,0.5076573911347252,0.07158508935279789,0.0727381298311774,4.101523495982205,4.167587849001096,0.015132101767277896,0.01927926514421243
20,269,0.4714727927758792,0.5577390738961173,0.11916737424916424,0.11657809270407668,6.827787600133078,6.679432695628448,0.06253902345249271,0.0669570628486155
20,270,0.341310505487639,0.45260905687260533,0.040036208734176244,0.04411442825126706,2.293905788173103,2.5275705544302873,0.0066572350681293364,0.009673248066532478
20,271,0.32710543473820675,0.44197966229386115,0.17617584241770806,0.17654045123850656,10.094132222696537,10.115022769301532,0.06577721408304726,0.06015889515003754
20,272,0.473440906300061,0.5597018149291133,0.08389582286874987,0.08023433665406272,4.806876569156502,4.597088862309597,0.028943976859548123,0.02981029936401544
20,273,0.6785259195539846,0.7466119202552024,0.14357305690475083,0.1505376202585592,8.226130212433825,8.625170298758523,0.058238797176106645,0.06345224015107172
20,274,0.5448680353751832,0.6213551803909125,0.019746230795382572,0.019789730948608017,1.1313756858666761,1.1338680610546665,0.0009182542227813631,0.0021086559249699184
20,275,0.33626381485549345,0.4489751811297617,0.24229560239035863,0.2424364537225968,13.88251541154745,13.890585598423494,1.5977107844956289,1.662371407161394
20,276,0.39397647274289554,0.49406864694882063,0.06734265318671714,0.07093549084500371,3.858449808812116,4.064304243107602,0.023865552677626672,0.02724864967418201
20,277,0.5159845841183771,0.5974282158919765,0.06824691949397368,0.07558851479421111,3.910260451773796,4.330902877370481,0.010708398630790643,0.010797532132504901
20,278,0.5695794871768649,0.643485137917548,0.06683147245606401,0.07184206116461325,3.8291613103772777,4.116246896253055,0.0083569760569418,0.007796733271243542
20,279,0.6706046541593681,0.7346866086232486,0.05705597285318865,0.0573544353861315,3.2690664405007075,3.286167083981117,0.00992360424746184,0.009877991464311542
20,280,0.5428155944954657,0.6205158279289349,0.04695489419292921,0.056974503425011175,2.6903172647381814,3.264398586106794,0.0036234379398904296,0.004936392733687921
20,281,0.4095930985729697,0.5071966734315422,0.07523358155572754,0.0749138504577317,4.310566700796462,4.292247458302217,0.0142284295528377,0.01698701602637489
20,282,0.4301469205504055,0.5233371036829405,0.03568971948634822,0.03798006177952243,2.0448702985735654,2.176097245612762,0.0033202984792990754,0.005553914110855705
20,283,0.39893862897535604,0.4985613147025221,0.03390576470565589,0.04728023684935607,1.9426572187977087,2.708958025847015,0.004308948050815217,0.007248100031262697
20,284,0.37479977301249395,0.47891733547511095,0.07472549857404719,0.07570827761370538,4.281455690303755,4.3377647814700895,0.02203580376511449,0.025807104100982785
20,285,0.5064293636719802,0.5895064369259903,0.08030032484348462,0.08913218240395589,4.6008697070611815,5.106897870536892,0.015667288739758135,0.018440644195512196
20,286,0.3982318402943757,0.49800359378211856,0.06568982551225108,0.07656985605315585,3.763749758802788,4.387129589770069,0.008809959296696448,0.009945744315797488
20,287,0.3733721083672775,0.4773536882739859,0.09890037540178696,0.09621080217753734,5.666574102781857,5.5124729083409605,0.027772767364216105,0.030598709110450602
20,288,0.6891717719936027,0.7521774696052738,0.11614308099123756,0.11077957237083036,6.65450836044401,6.347201953112642,0.030782188627744053,0.03240992790616577
20,289,0.6575178832469727,0.7234027294182296,0.10269211672526997,0.10065808051537456,5.883824877622781,5.767283187418989,0.04195123139814504,0.04370105044232916
20,290,0.4627064826678446,0.5515553575285126,0.09432867166380016,0.09992311645013231,5.40463477341103,5.72517284838683,0.0152683206939511,0.014642123121275795
20,291,0.5284593502612283,0.608406808633211,0.058708734747019244,0.06458284806754234,3.3637627215572494,3.700324623204801,0.012253536470361585,0.015253495108369165
20,292,0.42312664605735195,0.5181047538805204,0.10126359693715378,0.09825903498166404,5.801976722812801,5.629828003477666,0.037515684516316386,0.03849048170588776
20,293,0.3925052324080406,0.4930656601950639,0.02218402646389647,0.028188506150141825,1.2710510889877953,1.615082433181691,0.001260452659665498,0.0029970846885720714
20,294,0.3787308784526865,0.4813617862760809,0.20747525386293078,0.20105250361163207,11.887456399751263,11.519459917485259,0.32444301800709585,0.3160328460723366
20,295,0.48354428924358045,0.567595417021328,0.06718787567426397,0.05585207547277874,3.849581710585016,3.2000882016363636,0.010234320083936675,0.0070107732749136
20,296,0.5555797715234033,0.6318128514509586,0.06096288828136396,0.06974058588274824,3.4929162054496996,3.995841231851125,0.014105008185638944,0.014351018787112944
20,297,0.3278819501586877,0.4426511577688578,0.12604321362085819,0.12973370503473453,7.2217441767410255,7.433193759085407,0.07241032093787461,0.06606047477838567
20,298,0.4919643544961575,0.5757449776982303,0.05020093393003567,0.058171799058725625,2.876301641806137,3.3329985727480733,0.005339148082475792,0.006028502169938634
20,299,0.380851932502793,0.4837626207337228,0.1065519391412364,0.1119457660466394,6.104976411727646,6.414019928831348,0.027358424983609388,0.027990191522560125
20,300,0.48687307976577443,0.5712879587462806,0.06765544250083344,0.07062410196990888,3.8763713163877718,4.046462974777342,0.011571122870152377,0.010169166982813366
20,301,0.4797438782868003,0.5667014550832353,0.07001879841701178,0.08008255590036764,4.011781635872064,4.5883924657115545,0.00697966308886145,0.008197306192562509
20,302,0.5180135313233042,0.5982929417488725,0.23494552448234693,0.2273502523875964,13.461386968326034,13.026209933043342,0.2123592001252102,0.2146349067030579
20,303,0.36274933376239543,0.46996886273726324,0.0684494753339973,0.07944927243607358,3.9218660465228763,4.552107995972081,0.009945588386142162,0.013295634189806733
20,304,0.4263085217864243,0.5208136497201197,0.03577618968518831,0.04796595156829092,2.0498246760207595,2.748246585191982,0.0020711724424956387,0.003536538271622298
20,305,0.6966594762688002,0.7577462954046427,0.062236860608485024,0.058962201091892895,3.5659094430101965,3.378285273367117,0.01996979817776176,0.01861387720632094
20,306,0.690646525209354,0.7516599315630327,0.05217916135225351,0.046858730430165675,2.9896457240162637,2.6848074869897336,0.01099334059286548,0.010298942030492138
20,307,0.45362799178992536,0.5453571424703801,0.0589462719797586,0.06820451316480515,3.3773726024704316,3.9078307480877963,0.0100159375789187,0.015096037584968566
20,308,0.3552296322343155,0.4638433732305334,0.08588516957226662,0.08605640004585599,4.920857739256275,4.930668522716973,0.01776771298535204,0.021997535162956626
20,309,0.37579675720117195,0.48008023880157863,0.028080586500852125,0.041449452970207884,1.6088990927508593,2.374878718318906,0.003483677913492614,0.006950297727219182
20,310,0.4055582747342725,0.5042154176530056,0.04308089912394801,0.048259883876145694,2.4683536974310667,2.7650876658946,0.005069969560717976,0.008495788701262535
20,311,0.47450089016557895,0.561201925290366,0.02540516450141963,0.03820681731096369,1.455608703766925,2.1890893805455924,0.0009947473957436226,0.0027301963340463182
20,312,0.43011914239039767,0.5235935753324957,0.33654673780317795,0.3281167764081845,19.28270768501801,18.79970647562667,3.267311556838933,3.305952622685302
20,313,0.443284640348983,0.5340542972891135,0.1935385985786143,0.18562808900282968,11.088944871431233,10.63570605894095,0.11356817661653473,0.11321819055440932
20,314,0.3733431003451442,0.47723629907937176,0.13406153637819015,0.1263721642097789,7.681160229509848,7.240591657154525,0.026944155831498916,0.02718348543227752
20,315,0.5221293840599281,0.6031494358616618,0.2231329226738129,0.21693973199869204,12.784574739628432,12.429731052224229,0.13508414613113257,0.13885858484034838
20,316,0.4720874368261373,0.5591203314297251,0.04711897739005995,0.05265305536423606,2.699718539422786,3.016797850839386,0.01052314969366933,0.013635980053959502
20,317,0.3893995171042373,0.49124613516118704,0.05288794455821237,0.0626387134149569,3.030256010307458,3.5889339128065223,0.00540651025971137,0.0068598597481100455
20,318,0.36978313306327093,0.4750643767591846,0.030735938243176386,0.04123712379630216,1.7610395407087491,2.3627131527866085,0.002186593129672164,0.0034771283314244082
20,319,0.4292201198438979,0.529733363126091,0.3516000204400447,0.3514653831350145,20.14519724792804,20.137483098584795,0.212784797489727,0.2029924697204859
20,320,0.5898184913233244,0.6635203058582603,0.039865105232661895,0.05370690137073664,2.28410227967642,3.077178779268585,0.006673253395862104,0.010178305852193491
20,321,0.506607666839595,0.5893832643124588,0.06027466780234784,0.070938860044599,3.453484076627604,4.06449728402475,0.005135068643434843,0.006939177785221639
20,322,0.4040628793548619,0.5028399424207045,0.11679984994165218,0.12863883521259087,6.692138449418005,7.370462339160337,0.022576995920368763,0.025386651819085698
20,323,0.38910076919603775,0.49082458730216555,0.03444129914457011,0.048744113628570104,1.9733410819313997,2.7928319870231837,0.004437520641500288,0.007075883076733042
20,324,0.588113546305915,0.6597109749974941,0.05164432610209635,0.054195990784323,2.9590019214474346,3.1052015384716123,0.01391590677206887,0.01331384988558589
20,325,0.38438896143000223,0.4874240440261856,0.126324861981979,0.13433288331972446,7.237881439140025,7.696707264043546,0.031931015918894363,0.03442905599260622
20,326,0.3679909860141152,0.47434437634909754,0.06071574809520388,0.06931999423389772,3.4787561158346496,3.9717431054735415,0.01160270351959956,0.016775177589789438
20,327,0.5061243288101422,0.5883699087261942,0.07252252145108777,0.07345198028580996,4.155234398794308,4.208488467255037,0.015925584306691262,0.019285162369219656
20,328,0.5800354597911688,0.6547509549317629,0.08265683022294279,0.08769721273413937,4.73588751970401,5.024680164727124,0.020347646666775805,0.02255908553800149
20,329,0.5162298812338407,0.5971223422591388,0.030315287982900296,0.039533844316228424,1.7369380561438494,2.2651224272471464,0.0018615730064466887,0.002687363637565313
20,330,0.4475125432905677,0.5393680172345686,0.07221778048354305,0.07668326696950346,4.137774027509262,4.393627556627499,0.016216190807377642,0.016881295049106987
20,331,0.39098126008031847,0.4921651419687581,0.04102772348080825,0.05057266328995716,2.3507153984800997,2.8976001652507377,0.006686596189493986,0.009772862694759877
20,332,0.4097695506868141,0.5067852334769579,0.0729407587371266,0.07018892642540202,4.179197630119339,4.021529252729791,0.01696627380894268,0.0192663534217022
20,333,0.3880342075655433,0.48995499786407964,0.045449038225097396,0.05833423782729631,2.604038073226831,3.342305628616476,0.006094287137524127,0.010656150486408496
20,334,0.4933706645139886,0.5773835327649641,0.09667732747999837,0.10058434444402892,5.539202839208041,5.763058421733008,0.021041241753233776,0.019408953413762663
20,335,0.3894016857893173,0.4908138212043678,0.038278730016001745,0.04793155859739822,2.193209675037642,2.746276013114914,0.0032248411226541377,0.0051006202725182945
20,336,0.4249646049241176,0.5194364558420377,0.035471845606406184,0.04359589542336726,2.0323870447867467,2.4978608118526453,0.0020466263221643674,0.002637685612024987
20,337,0.44831739708911233,0.5386680862219136,0.060028417225492625,0.0598029525958246,3.4393749578711383,3.42645678616168,0.016339681957478702,0.016404206098335507
20,338,0.69663488012944,0.759450110344239,0.044449330639648885,0.05209924770058243,2.546759047833417,2.9850670090500317,0.00438922420470967,0.004812083644916762
20,339,0.48510656272421315,0.570250264826629,0.08109938849841584,0.07929068822711416,4.646652682051038,4.543021790101285,0.019176856449914417,0.0146294655073414
20,340,0.7031705429348186,0.7679556065647452,0.17815487622806112,0.1789600274121851,10.20752250754346,10.253654272263727,0.0682711668691401,0.06387196905113335
20,341,0.5630921963788805,0.6375880269769963,0.03713184764052108,0.03352364433334574,2.127498155324662,1.920763334198369,0.0027837448552447026,0.0033074155234233057
20,342,0.535219735303942,0.6162797746582955,0.08797479486300354,0.09324358497453944,5.040584449179298,5.3424638857105675,0.0226921630526729,0.02824567032247599
20,343,0.5192165765377715,0.6013344658641445,0.037408403418236036,0.0526093744208215,2.143343634187687,3.014295117136582,0.003410429230453949,0.007279257126568597
20,344,0.5335731930616454,0.6116551744441321,0.033459168272333265,0.04247241809087049,1.9170691280227263,2.4334903023219643,0.0038746953414201656,0.004331558797685115
20,345,0.48213254374207415,0.5679408109922822,0.027804716359206616,0.03420926335840582,1.5930928979408954,1.960046410688186,0.002359132987314074,0.004750267823508163
20,346,0.4023524268157654,0.5010238339121433,0.08293667686178147,0.08036347635662695,4.751921551020387,4.6044880222341025,0.012603227828881257,0.015413240512685871
20,347,0.36331776855944853,0.46948591618170066,0.11139238238854675,0.1065810278530122,6.382313380771129,6.106643072143872,0.0460994966580851,0.04757465469113294
20,348,0.3414455346452233,0.45319829852922433,0.05854468669614871,0.06939058157079535,3.35436346060502,3.975787461964844,0.0055841109499883725,0.008212960747404515
20,349,0.48228276427299166,0.5673953827913197,0.05664313093604171,0.05666583603825059,3.245412341042098,3.24671324757208,0.017334138874445938,0.017330318018893398
20,350,0.41824939329650235,0.5134110024576672,0.07443423467143512,0.07329960332219827,4.264767497959574,4.199757910345069,0.03187985897895228,0.03158683096734269
20,351,0.3549800091343708,0.46322968827958827,0.02641495644530949,0.025804673431333296,1.5134655203381253,1.478498879328766,0.002270010309859436,0.0024456894846116486
20,352,0.44200170086317997,0.533832224994288,0.03938535061993052,0.04705278857857982,2.2566143651649795,2.6959261998739876,0.006172106322164132,0.006868947526054549
20,353,0.4113093785392886,0.508840396586218,0.07570898664811439,0.07576219877410602,4.337805406149255,4.340854236387495,0.012595710733159106,0.016396124753693453
20,354,0.44841706641020224,0.5388194571532978,0.05941021439681083,0.058776185060828975,3.4039545449046225,3.36762733986538,0.01454687496526566,0.016151811690672962
20,355,0.5559365476186834,0.6322357918479043,0.04024043228685615,0.044429807511636575,2.305606935818829,2.545640454995418,0.010183931304409437,0.012063693582490993
20,356,0.39102107155265037,0.49128686502716984,0.11861226039323497,0.11319714024741719,6.795981919039098,6.485718389127472,0.036892002825579306,0.038624066471460466
20,357,0.3688796486639964,0.4745236417758621,0.017345719785067226,0.03394043715956978,0.9938365363009215,1.9446438040723362,0.0011648781017601357,0.003906247464652292
20,358,0.5158922138492551,0.5973003320157295,0.046044495356712026,0.060571304012047245,2.638155253749315,3.4704800794941377,0.006459326540418303,0.011501954577147467
20,359,0.5095121011235062,0.5923973718908097,0.1803307146276449,0.18168675001786674,10.332188864742113,10.4098839694722,0.06663082923554564,0.06294515986880624
20,360,0.5445793210302079,0.6282513758968054,0.2789640561131779,0.2796090759703575,15.983463051135768,16.020419966654288,0.14269083984825526,0.13582466858827213
20,361,0.4236217250476025,0.5177677357946017,0.12735179644607675,0.12211974709762088,7.296720449769355,6.996946103898662,0.060880020106472366,0.06195514909918967
20,362,0.5634103181237279,0.6389747770918728,0.12845551018466125,0.12606881633378048,7.359958588780852,7.223211104135557,0.041003609119577095,0.045933323638505066
20,363,0.426915779472739,0.5213197574244277,0.06186349069055371,0.07120182735078165,3.5445169225155864,4.07956420081894,0.006174926397931428,0.007300230815571122
20,364,0.38021915405206624,0.48357144845767225,0.03910642735915861,0.04888048835569629,2.240633239514722,2.800645683319763,0.006692437758736918,0.009153769605776092
20,365,0.3296650211787829,0.4440357306770775,0.08929529399075278,0.0997545911254014,5.116243476050037,5.715517058538677,0.024212687615726113,0.03205372853949369
20,366,0.34730437980349993,0.45712603307318916,0.14371912280456778,0.1420487730382406,8.234499172024117,8.138795180102907,0.19342083402311655,0.21230677613037896
20,367,0.5561957840239333,0.6326743846032808,0.04934192028000138,0.05218846501128223,2.827083785115044,2.9901787844126377,0.006273352805510439,0.009665547605037964
20,368,0.4753929593507448,0.5630532216026348,0.07376124189349018,0.08035455241234087,4.226207852140544,4.6039767178899,0.01789343079465901,0.021203298036658262
20,369,0.4199125653931543,0.5159266065505959,0.13998261756683308,0.14277254988034446,8.020413191773393,8.180264538464764,0.04000318259282419,0.037075449905364
20,370,0.3906209922998981,0.49134434044275344,0.04147910219442776,0.0423991020202409,2.376577493732542,2.429289600904406,0.011400214104955675,0.011778026672581508
20,371,0.4442599080857355,0.5367940898419343,0.10535581639318867,0.11133186304096193,6.036443626484922,6.378845877575634,0.03590222566629618,0.039657674019615854
20,372,0.4748682026997836,0.5606419771186815,0.16489003482775047,0.1556055917443293,9.447503079395256,8.915543675585795,0.07716263038422869,0.07445742200203395
20,373,0.4575355350761958,0.5465004718003307,0.12902988069179153,0.12506424111257822,7.392867594716205,7.165653183757247,0.05761190556618774,0.059077372672122576
20,374,0.43228643146443735,0.5262860031203589,0.18809717173474763,0.19719078778231536,10.77717407874848,11.298199898786548,0.07163454388665313,0.07787315044796497
20,375,0.4946303149329368,0.5777417873542087,0.13219537264083514,0.1271835721486067,7.574236923479045,7.287081907512768,0.057479764784956484,0.05898898620473242
20,376,0.47259927289349696,0.5592800294561057,0.10334901574311339,0.10230077337341366,5.921462418911498,5.861402555220912,0.05531008717822946,0.05772459841925101
20,377,0.5116844685148467,0.593171387007275,0.09772901558153495,0.0943981877742682,5.599460128790213,5.408617753149014,0.02517251342752977,0.02695389208049185
20,378,0.5441520639837994,0.6224093222775963,0.07450085362555721,0.07744869691514483,4.268584482866346,4.437483462025678,0.024084304590314177,0.02590996447056229
20,379,0.5922859370877278,0.6762394161518979,0.3616523746310657,0.3628180557914377,20.721154717244186,20.787943327991417,0.21271335377729886,0.20495908688384903
20,380,0.466880122742,0.5562965757224333,0.3017843832231366,0.30290805251164604,17.290971481644377,17.355352989444434,0.185222074226387,0.18278786613967496
20,381,0.6875839201006355,0.7508038843166561,0.09662952925743114,0.09259919506166653,5.5364642027867115,5.305543063342147,0.02979087481675359,0.031873669170388017
20,382,0.5702804295563509,0.6443871458794315,0.09233278419374526,0.09037233520942922,5.290278844993841,5.1779533922418235,0.02520037828896731,0.02001668783449554
20,383,0.5606785971738224,0.6355893786747638,0.03333337311157088,0.0412896736923478,1.9098615962278718,2.3657240400438755,0.004342470755663155,0.00492196460625125
20,384,0.6054424616381207,0.6760113011071093,0.11992332024493811,0.10864367360635731,6.871100115230735,6.22482396844113,0.04393188736343231,0.03466303607468655
20,385,0.5486333076335992,0.6237483321005871,0.1254408421829761,0.1133110224068403,7.187230835651155,6.492243356224252,0.034041084497966646,0.027721850228884536
20,386,0.6445202916797964,0.7159593986412455,0.17661769335921812,0.18108589365798555,10.119448416818946,10.375457435957413,0.07648897008275107,0.07847827467425872
20,387,0.5982416736446784,0.6716405691307095,0.15778192240966396,0.1583519257606894,9.04023823753437,9.072897023856441,0.05573427663847812,0.05136723432894852
20,388,0.4144999904751569,0.5117477043270744,0.06597265781644475,0.07610902286056694,3.7799548561430454,4.3607257927751855,0.011388989141994564,0.015333798900413705
20,389,0.6866081048605887,0.7535777845096868,0.1603775427975395,0.16258465761569776,9.188956330977746,9.315414694959,0.050152624748159444,0.04564092425433072
20,390,0.6264626772777423,0.694872372494877,0.059542282721320006,0.06333342687780039,3.4115215025063623,3.628738062198373,0.007738884594355636,0.006018323890428879
20,391,0.7246426506736182,0.7852317438986564,0.07655283601895933,0.07945443384422891,4.386154413643441,4.5524037228757255,0.013384765701366978,0.010807135627291707
20,392,0.6984501019623343,0.763141903107533,0.18136030036842501,0.18460269017049968,10.391179782335662,10.5769550335308,0.06899470927124902,0.06771892107712685
20,393,0.6448682991606778,0.7106696126660309,0.0400306575710208,0.04121569519580545,2.293587729952907,2.3614853844172754,0.007758945792631671,0.0071188488060712745
20,394,0.5452696589992688,0.6227709512534213,0.07078025018258445,0.07719736107243926,4.055409608342163,4.423082978998284,0.010045598211661184,0.009502968516630912
20,395,0.6671863593825821,0.7394615533601024,0.28150466709668104,0.28116367419940363,16.129029337875078,16.109491884017142,0.14761102916302332,0.13945011292977544
20,396,0.665848559528225,0.7312944966676866,0.13796001498121335,0.13902866706107284,7.904526599985134,7.96575585392896,0.04240645937965252,0.0391440905671723
20,397,0.8192228225053746,0.8753138275632296,0.14617758592371816,0.14567317965394758,8.375358732840002,8.34645838242221,0.05052374131599663,0.044620326596560136
20,398,0.503792381004623,0.590237525788725,0.2370771686046466,0.24038834359789,13.583521179957673,13.77323753229978,0.1004007907431075,0.09771943435810003
20,399,0.7285892205759771,0.7927955517726963,0.19609004841377048,0.19800356645617473,11.235132178625031,11.34476868647693,0.07476067065391469,0.07057634043252452
22,0,0.5340060978541036,0.6094802006784404,0.11114109803835494,0.11750703204229754,6.367915848047451,6.732656999132179,0.016411726858763485,0.017658963022657168
22,1,0.37378372427836837,0.4703897453700523,0.08529195286864046,0.08954644379993483,4.886868925801833,5.1306333001416835,0.030281516105284983,0.03634418819649094
22,2,0.7655374379938118,0.8191513212039279,0.1182764431647203,0.11772108438168241,6.776741009157427,6.744921294773834,0.03589943368165542,0.041010705450728144
22,3,0.5486154838865137,0.6205753700260731,0.062010626889684,0.06724924933534393,3.5529472057393483,3.853098162338164,0.014090690511244168,0.018467937234836775
22,4,0.5363274689192721,0.6087744487107953,0.06402112408865915,0.06946139167451092,3.668140209963498,3.9798445820546298,0.016826275301723367,0.021539776415785857
22,5,0.39746972396418645,0.48988317442276447,0.06348300299874768,0.06670266873788994,3.637308142644591,3.821781400940311,0.012244658895051691,0.015930980047349507
22,6,0.5497335167710926,0.6194531016439035,0.034275678961823576,0.03415797450222234,1.963851744457838,1.9571077756928192,0.003990707526496181,0.003849320987977304
22,7,0.5619741002588873,0.6317291410009941,0.03771315810958151,0.04345780196589462,2.1608047917885944,2.4899486395610935,0.004511840482924006,0.007353845422355808
22,8,0.46449934078091165,0.5472215932004776,0.12116916805176807,0.12409978683968874,6.942481936477722,7.110394024387321,0.024147157036232464,0.022489968309200768
22,9,0.5840816359572412,0.6512266789030342,0.05047835295468936,0.05588756039669492,2.8921965810754293,3.2021213380131037,0.0047626825452454745,0.005055063893076306
22,10,0.40650408289148104,0.4970873675937788,0.07933224635952241,0.08344046945856223,4.545402895692724,4.780786740565861,0.020277672863178095,0.026476340309809762
22,11,0.38350380233871606,0.4781767893412065,0.0884754229650444,0.09288253976310094,5.069268326531884,5.321777518881733,0.029127748401826976,0.036233517958512804
22,12,0.49310517970407086,0.5712720542561077,0.04632720963110224,0.05236797857262974,2.654353588479978,3.000464153843213,0.00714554694655046,0.010452729878311423
22,13,0.4284936986361737,0.5157739557357119,0.046683263940661864,0.055082041118286074,2.6747539976951886,3.1559684830438535,0.003169454239815201,0.004462295293062104
22,14,0.5230286626095072,0.5980599173909711,0.06500107241974293,0.07176758903895157,3.724287113475487,4.111979957761273,0.014537554212085448,0.019985376694498888
22,15,0.702585974124014,0.7605499698426765,0.046543291742445224,0.05692508765700611,2.6667341814882066,3.261567271158706,0.0033486284607069945,0.005319992277336285
22,16,0.4110858089686824,0.5017247901277102,0.06667831191056396,0.07018493360211049,3.820385857532204,4.021300480806845,0.013661808070148647,0.014423365235129096
22,17,0.5428962507121324,0.6187470808358216,0.07134451162891484,0.08345441500966332,4.087739407758842,4.781585761786937,0.015619372577453272,0.022382208393054992
22,18,0.510918368726096,0.5862082221681543,0.10976405199025473,0.1124115032861096,6.28901692129614,6.4407047070150645,0.0401335680731526,0.04748727779079871
22,19,0.408535969367926,0.49927383061067737,0.17428351877415368,0.17430810662274387,9.985710064448053,9.987118844399578,0.064899311476441,0.06105900864567704
22,20,0.513624095396235,0.5891365962175233,0.058381130448531736,0.06404248083512819,3.344992377903571,3.669363861400305,0.005322262446051225,0.005489831931123432
22,21,0.6379514214860443,0.6986611025264229,0.07097136978489625,0.05984248421239632,4.066359954936848,3.4287217809485693,0.007876637266375733,0.004892650686861767
22,22,0.5221347776099571,0.5966357673306254,0.05404157266598727,0.059974279086048854,3.096354032010623,3.4362730709703198,0.008561932232844585,0.013098127982585105
22,23,0.4314173365891881,0.517381605888821,0.12979728903386356,0.12739373917205243,7.436836853880065,7.299123590949034,0.05579706881102646,0.05971623891830417
22,24,0.48083870184011246,0.5600263943520838,0.027128097510481126,0.03435901893126496,1.554325493569924,1.9686267729715785,0.0029449906016614036,0.005509727050675168
22,25,0.5967241057356385,0.6634078743362308,0.050715775025275314,0.05897830127652237,2.9057998636832614,3.3792077459957675,0.010080252428749423,0.014461637591151096
22,26,0.33960820278768067,0.4434614210796019,0.195653201131248,0.1932663470266971,11.210102673044736,11.07334600654049,0.07623338911677004,0.06868626191210511
22,27,0.3652515208343036,0.4635535359525494,0.03454699775231827,0.027677133899968263,1.9793971660557783,1.5857829614866379,0.004498249659400271,0.003350258236065438
22,28,0.4698363191096148,0.5504521705419761,0.025884525860408375,0.03514909429479652,1.4830740864986358,2.013894756799201,0.0022492284197333824,0.004913376644891408
22,29,0.8228538874005806,0.8712735787576312,0.06841139298393523,0.06669612936980931,3.9196840885903796,3.8214067227486086,0.015235369392702123,0.017214906001656895
22,30,0.4137908613312742,0.5034019885719611,0.04714824522704352,0.05587208611462715,2.7013954629574215,3.2012347269596257,0.0052342186402648955,0.00666052162245185
22,31,0.45627525292544757,0.5392287533111451,0.02725478591617523,0.04026148497444317,1.5615842045294372,2.306813165964973,0.0031375029125136154,0.006252721268265865
22,32,0.39556952145521196,0.487558250403844,0.1844573084911422,0.18040602851689314,10.568625276885092,10.336504032734751,0.07923765777874225,0.08311893496214479
22,33,0.5246786412127894,0.5981579263525298,0.06265523233273831,0.06407398591826127,3.589880377077521,3.6711689696970393,0.007741855508147266,0.006518043079379851
22,34,0.42004901972848846,0.5085676492288178,0.07534108964960222,0.08253535609797938,4.316726460838978,4.728927565023561,0.0229872071556525,0.02796233506452481
22,35,0.4940058290255934,0.5715866098766168,0.053181004164987236,0.0607866445951499,3.0470470889214214,3.482818186063806,0.006810783505753471,0.008008365462818348
22,36,0.3956769691985705,0.48833582527561714,0.05564934135697608,0.05800868833727039,3.188472392437555,3.323653016815354,0.006766454608329434,0.0061125753725080195
22,37,0.3517984578089345,0.4530203822179595,0.09737175591956186,0.10385326720861685,5.578990657968885,5.9503538996981336,0.08898765170965502,0.10499379430305705
22,38,0.4063905255619438,0.4969989021953947,0.031342028541392015,0.037014215007988155,1.7957659568003301,2.120758301947512,0.0033167120902126944,0.003936914948909954
22,39,0.5391248270176388,0.6134792069724326,0.13373407154485148,0.13526246081468268,7.662397876620587,7.749968131234996,0.03080504470515409,0.027558023599779352
22,40,0.581872423432914,0.6496442258953393,0.039606163565296386,0.046679136867732174,2.269266014996296,2.674517533834575,0.007065970943792549,0.010100244039476078
22,41,0.38567148073258484,0.4805169860540448,0.07065235584065233,0.07600129190849757,4.04808180232585,4.354553263898684,0.00860751699209527,0.009896218540021103
22,42,0.40495026862778194,0.49626280582509635,0.05109264970329285,0.05432774455577413,2.9273931921390184,3.1127504735106934,0.010229474982053621,0.011289799715840317
22,43,0.41172308587308815,0.5014966118285934,0.03336737538610355,0.03800734111760799,1.9118097830524392,2.1776602365529754,0.002537542558730857,0.004870988704488485
22,44,0.4222850698478773,0.5100777162627925,0.07254400065082978,0.07498201432040531,4.156465066286843,4.296152959948724,0.01815769484480736,0.021363940964151392
22,45,0.4571439833134414,0.5397441890021314,0.03321356068080446,0.03817829242160424,1.9029968496117526,2.187455024774218,0.00249503191714129,0.004755550626261535
22,46,0.38181182229056243,0.4771155409141299,0.08697692282557663,0.09251887758975139,4.983410592940616,5.300941211180248,0.04114346126531542,0.047469246553411545
22,47,0.39250867091514186,0.4858486780887842,0.034498753478590806,0.042474006917661955,1.9766329727855205,2.4335813353914926,0.002357392281824541,0.002996346334875579
22,48,0.37011356406798346,0.46770770629650815,0.061742547549186094,0.0696462835977871,3.537587390954168,3.9904381089244114,0.00954497321532283,0.010832791581248669
22,49,0.48267606844982425,0.5618886848590281,0.021139176813416163,0.03512600573879107,1.2111856137895547,2.0125718799850376,0.0021171693047140876,0.005263912127591428
22,50,0.43563279136094885,0.5214347692254182,0.055770913055987976,0.060138338450669744,3.1954379376991713,3.4456729801526946,0.005223666325429168,0.00518354168892542
22,51,0.42063158044306315,0.5095303784148673,0.12892879407576055,0.13369490086376945,7.3870757582523705,7.660153561913934,0.051328154055073405,0.060800479969258754
22,52,0.46137625793493764,0.5432269714356578,0.024665114415218743,0.03012886262106216,1.4132069571993215,1.726256669716325,0.001406249408803236,0.003227865957463336
22,53,0.6037376151323764,0.6693737787368024,0.06475377486973397,0.06744996411372409,3.7101180075760483,3.8645982720252503,0.01064182900468363,0.009831747897538639
22,54,0.34804407650956637,0.45004341264836,0.20459120433727065,0.20123226964907812,11.722212534024232,11.529759752730708,0.08778219760846942,0.07811392343627498
22,55,0.42794522362153686,0.5156350143756422,0.03891329784893361,0.05168921667658753,2.2295677336794006,2.961573961905697,0.0027726885895124854,0.0054724886052377585
22,56,0.48395115056580146,0.5642894414680905,0.08138440019306102,0.08781469528937359,4.662982649266079,5.0314114193084585,0.013147899122938136,0.01408242399798975
22,57,0.5789352488666459,0.6476887613000156,0.0732701345371733,0.07510446581453678,4.19806947333576,4.303168913757528,0.021528704600815383,0.022014069326742942
22,58,0.5950719698680248,0.6610721206094401,0.03604795393981282,0.038042444525278114,2.0653956208332627,2.1796715136590006,0.002491876859835488,0.004734203963348314
22,59,0.49761013401304655,0.5755488927538475,0.08931212836833634,0.09746673251993651,5.1172080148363035,5.584432416322853,0.010985705470333642,0.01222999030321014
22,60,0.587540661882457,0.6547211795773913,0.05238573536010053,0.05659594573840796,3.001481542823,3.242708828362194,0.00846994109439457,0.012040047254151587
22,61,0.46312423272982706,0.5453762899821094,0.026048008332920015,0.036145944765627734,1.4924409421979163,2.071010081583459,0.0027597803297775697,0.004990224823026208
22,62,0.4282660352184799,0.5176706227118278,0.2716138376828444,0.2672377902223341,15.562326556578384,15.311597506142203,0.140418769908055,0.12778891510052887
22,63,0.4870751679020997,0.5655807681370433,0.037133554422038854,0.04544472352219525,2.1275959467021814,2.603790858960685,0.0043780608445931485,0.007367715057247506
22,64,0.36462675737078104,0.4635387580146638,0.03823389631691639,0.04889630269740968,2.190640893300092,2.8015517783557176,0.0038249625372024218,0.007343042793802966
22,65,0.7476932236322735,0.8015556625739693,0.12706516352778555,0.12501559675238952,7.28029759328175,7.16286606722132,0.052498763927427056,0.05582816910087168
22,66,0.47724870042460504,0.556394892624383,0.022749050649548526,0.02947120974920536,1.3034245901484744,1.6885759357742725,0.0029870950758619725,0.003981617155648539
22,67,0.529475373899182,0.6024086971476645,0.02343461052098588,0.03260324008679868,1.3427042773853664,1.868028055425304,0.003425838939717614,0.005919022765826036
22,68,0.5695991718293395,0.6376759679717593,0.008332163652874043,0.018944505491356872,0.4773978115219898,1.0854402096171607,0.00027630592801844217,0.001531131422108264
22,69,0.41655744227052627,0.5054609150653354,0.043783482673853284,0.05083575713223837,2.508608769595958,2.9126743320293316,0.009507932355051454,0.013476868257306821
22,70,0.4782070773733407,0.5572741905916335,0.028952575335066125,0.02656927327731937,1.6588603727338542,1.5223072235201207,0.003477377387358641,0.0036577298498209967
22,71,0.5966499994124632,0.6631245902335872,0.06401996795084822,0.06431816602504788,3.668073968146396,3.6851594592569654,0.010732505272015781,0.013393689108523718
22,72,0.4019271707196572,0.4935151219277841,0.05007969861988836,0.05807399794539309,2.8693553702067365,3.3273949817224384,0.011101654905961884,0.01652635576966161
22,73,0.40267526903376144,0.49466450416055685,0.13768019234192508,0.14212487033252202,7.888493943741705,8.143155233897597,0.055960678814789666,0.06546606297642417
22,74,0.480605701837204,0.5600838182117193,0.046698370125012906,0.05106553768255639,2.67561951830305,2.9258397877767477,0.00521043055624661,0.005491240166642319
22,75,0.49112077468022347,0.5690045830279422,0.024524077934441012,0.033013751299443714,1.4051261620933797,1.891548615352662,0.0026920839303201886,0.004543146281673108
22,76,0.42506428467554286,0.5124008768918071,0.06504497869766189,0.0703300760175135,3.7268027578943723,4.0296165286377725,0.02235426793892266,0.02707670299248486
22,77,0.39652056392840207,0.48891155677533676,0.035820426175678204,0.0418691331881465,2.052359240226301,2.3989246235519195,0.0027067861831229466,0.004162931357536691
22,78,0.4293843086582497,0.5161340412652373,0.05382246352109372,0.0582783596111258,3.083800002755502,3.3391040426631857,0.004703003408728354,0.004833627746578365
22,79,0.38351957778624435,0.4779024661477745,0.13618688133844056,0.13101601269880725,7.802933525741596,7.506664576274054,0.04731983016960127,0.039794049811068176
22,80,0.42063694849086875,0.5091136058494585,0.1614565694592325,0.16577736933567266,9.250780004674846,9.498343601715515,0.18930115379044518,0.2130312505048608
22,81,0.391107735709866,0.486324331553171,0.3052684465530934,0.3014331547450609,17.490593606007195,17.270847572205835,0.16694023584240358,0.15332115035294983
22,82,0.41114100363823547,0.5031215015498742,0.13599924770889135,0.13798804260812153,7.792182910673705,7.90613246471674,0.05262282399597372,0.052683113586589204
22,83,0.401567666064927,0.49311800027243574,0.13886214066013317,0.14110621124929174,7.956214593977614,8.084790367665835,0.09301659662530999,0.10330262611703225
22,84,0.41890445898524253,0.5073994332188637,0.0370754066452196,0.04062820474818125,2.124264324502369,2.327824661264157,0.0036019947042054933,0.0063324541614074685
22,85,0.4592366233474153,0.5406360384241525,0.07370571871282691,0.07334295249379266,4.223026608223397,4.2022416349228155,0.017673314863385053,0.02001834527798237
22,86,0.42025923466413184,0.5099884169639389,0.11136479409198383,0.1153972392648594,6.380732687814119,6.61177477733779,0.03106248957758126,0.031287531018184905
22,87,0.39997625116614677,0.49119409611748427,0.15763912896197108,0.1565278111230815,9.032056775639445,8.968382953773473,0.08142814520339026,0.08749653253515978
22,88,0.4329004129768781,0.5188880874878704,0.04444369893965833,0.04680799327522037,2.5464363751924743,2.6819004621468667,0.0068200346860750605,0.00859062497441446
22,89,0.6410602860961734,0.7030638158281113,0.03912613742020205,0.04214354666927901,2.2417625428264563,2.414647357862305,0.0038891575524832925,0.006567402308245544
22,90,0.4124066841848897,0.5015752004772223,0.09827136899057382,0.09974267001981095,5.630534690132673,5.7148340295012146,0.03282660075690034,0.038308736077198494
22,91,0.5281458545220745,0.6018938435031577,0.035502227033207844,0.04756316648720862,2.0341277723180675,2.7251686999951312,0.0037110055265999163,0.006750692562108524
22,92,0.5122967032604857,0.5893374855353789,0.11552531130921513,0.11580777591659559,6.619112764952986,6.635296794817706,0.044532006537829044,0.04374154166471106
22,93,0.4220136923193519,0.5105218977431858,0.0358308808666683,0.043188976459016204,2.052958249896147,2.474546072591495,0.002710054782685,0.004364769295054947
22,94,0.3796176694195451,0.4756115265021774,0.0452742946262995,0.05904858469555558,2.594026002518784,3.3832346892761196,0.00794325677122925,0.013472705253551355
22,95,0.382628771512547,0.4773849648625108,0.09788038193193321,0.09484556198676801,5.608132781828332,5.434250407388242,0.015510992547039297,0.01808246658472082
22,96,0.5135518121683182,0.5881087618812935,0.018391835716282164,0.023942407724698758,1.0537745640409353,1.371798914006659,0.000798641910970012,0.002171818663984127
22,97,0.5406317832011616,0.6120873996899119,0.06272033723875907,0.0664174236027973,3.593610613418106,3.805438058572864,0.018731799244914197,0.02112707348152052
22,98,0.38566847268356264,0.47997671336508196,0.14030116669861245,0.14369988362593633,8.038664712591908,8.233396848287237,0.20497993017893196,0.22571753686099189
22,99,0.48742497645376226,0.5655008974476572,0.13573012945051702,0.13399841388522413,7.776763570278945,7.6775435770705505,0.04727903251966228,0.050121948368349684
22,100,0.4922709456569782,0.5696007960065962,0.08952001699459058,0.09166250677036224,5.129119155729445,5.25187477753109,0.029320190576783922,0.033692712647593145
22,101,0.4637843384222412,0.5454231162213826,0.06623692491718823,0.06855877765294359,3.7950962456798054,3.9281286080894913,0.010501702867584194,0.01429212797291883
22,102,0.4997042449909319,0.5767210317157437,0.05106236003723754,0.05219416758884936,2.9256577221111884,2.9905055180395803,0.005545930389771178,0.00725957831567796
22,103,0.6537487833148217,0.7156150496261965,0.03388575585014967,0.04272564278130602,1.941510795824315,2.447999008352427,0.0031207124807308122,0.004849801902550882
22,104,0.45150680922928454,0.5345707480304854,0.100173626181095,0.1031151222031271,5.73952599869795,5.90806130621491,0.04759123341306316,0.054285536890405515
22,105,0.5650180192964912,0.633679227020408,0.02897710390631144,0.0350019649831911,1.6602657563436967,2.0054648682015457,0.0032875627203920446,0.004799399776804103
22,106,0.44402395771149733,0.5279831212075805,0.09342881742330997,0.09421605934306468,5.353076923253992,5.398182562711714,0.03315485500578895,0.038172637903223394
22,107,0.3654046582990248,0.46383345326522096,0.05046932301132983,0.05552221859066953,2.891679203431686,3.181188794448162,0.0071115376219784004,0.01082635261381745
22,108,0.41610522879478967,0.5049806548804556,0.038476023136078945,0.042158131673112324,2.2045137381450335,2.415483017026136,0.006927889007225182,0.007488374217285293
22,109,0.541584318383268,0.613684254493174,0.048555731467470414,0.05866257607119851,2.782038484256618,3.361118024244809,0.004877132050370464,0.007040060253608692
22,110,0.37337650129004435,0.4701681993923945,0.017445449252255774,0.023668504667950615,0.9995506138639136,1.3561054248592581,0.002287765173770596,0.0027705142906548994
22,111,0.4583323687449424,0.5403967034384336,0.03764484951235702,0.04098544529340455,2.1568909974631723,2.348293036776405,0.004140232202940984,0.00656050883049443
22,112,0.4231006396959487,0.5103438201300119,0.22571737393030392,0.22410148269254476,12.932652888982648,12.840069140906879,0.20305602633889563,0.21785242403596305
22,113,0.4231676245026846,0.5109630337849285,0.02002323028596766,0.02751639223369332,1.1472465876044753,1.5765731424171832,0.002072017899352416,0.003597458639952063
22,114,0.36584980485503704,0.46419451691246694,0.062423737237059025,0.06774311935687265,3.576616685117121,3.8813948301997945,0.03143943141764225,0.035736505313974196
22,115,0.6018759860199406,0.6678810197018412,0.040228812014238106,0.04870598814413818,2.304941143241024,2.790647557673343,0.0025611501146061734,0.003936574731097139
22,116,0.665559907792635,0.7272333581167346,0.0544827434771756,0.06342782725323144,3.121631257536077,3.6341468052950225,0.00750222679262077,0.009328611981434242
22,117,0.4651667974291991,0.5473943406059906,0.08854845471772647,0.08987723073373882,5.07345273773101,5.149585995366726,0.02359847040736221,0.02668278740615216
22,118,0.5359262736018905,0.6082220513556857,0.17038603723711962,0.17005573487061384,9.76240082164584,9.743475890081877,0.09715167536659636,0.10471074546010836
22,119,0.358644257974125,0.4581694447789891,0.1797615833033364,0.17748015635822326,10.299580041870541,10.168863906648136,0.06677988410906004,0.06053489174093324
22,120,0.43823854407341967,0.5259895666396842,0.21871296425360393,0.2168938050422584,12.531329776527146,12.4270996314547,0.08721685358941968,0.07857864848092519
22,121,0.4736504987103553,0.5531393911694116,0.07419614174289241,0.07580550803099138,4.251125778022167,4.3433356740208735,0.023163859309099227,0.026081472680991476
22,122,0.352593214043553,0.4539564762123404,0.0641965520503539,0.07157065824291332,3.67819149177719,4.10069665429213,0.007359910521498255,0.008799498653771456
22,123,0.47209748823560893,0.5525876202931804,0.2625021871712303,0.26013863042922,15.040267437864678,14.904845611907795,0.17153279627929074,0.16420168672891414
22,124,0.5351977034632227,0.6096177150745208,0.13985731511800634,0.1433923294185239,8.013233890292966,8.215775290231013,0.032415577801681056,0.029350705261092187
22,125,0.4873556534188316,0.5660092645005985,0.037212767004818605,0.04450533594618449,2.1321344933797914,2.5499679155282435,0.002227257903898293,0.0027172998472122165
22,126,0.6167923169046483,0.681565028545337,0.053045129727145125,0.0616334624707237,3.039262057089356,3.531337276350419,0.006531700165132728,0.00817217749266151
22,127,0.5441116272936769,0.6167006933474869,0.05737711267419066,0.06753212625827484,3.2874663968777096,3.869305816143753,0.004164555060291019,0.006446063888690543
22,128,0.47525765377456614,0.5546890978073231,0.10284640919036596,0.10200216688175176,5.892665184683452,5.844293663513477,0.03201283927583726,0.035926402326858
22,129,0.5096958207457492,0.5854723307640048,0.031321400561157765,0.0439188581506796,1.7945840605930283,2.516365213067677,0.0015426095136633032,0.0038255598963606212
22,130,0.4587269640869612,0.5414652050041047,0.06014758762229724,0.06459900939320909,3.446202918650942,3.701250598956842,0.007862653329149216,0.007777023399176363
22,131,0.8183024329651011,0.8684774262835142,0.0882728182453772,0.08988473529322394,5.057659931185522,5.1500159749523275,0.015723000196785263,0.013826241920663805
22,132,0.5695002114032143,0.638088430467845,0.05913066127978711,0.06544599463413645,3.3879373311494367,3.7497792785718507,0.018966035884815075,0.021002734258448758
22,133,0.625306206149078,0.6890767613087608,0.07403818722126837,0.07687326523467364,4.242075650578101,4.404513655336557,0.009873869822497161,0.008717480046922146
22,134,0.46880195959609344,0.5485455955970524,0.09813769972511456,0.09414838771740332,5.622876005371244,5.394305264168528,0.02229752103248045,0.023753012803088544
22,135,0.3353676824215556,0.44031143155542674,0.17026334725204012,0.1753067360507767,9.755371203312261,10.044336095923422,0.7495758688040212,0.813817130887463
22,136,0.4788996926284355,0.5576675301827904,0.1261698244715139,0.12401776675278715,7.228998444124159,7.1056946195725645,0.04201919775462642,0.04561945716178645
22,137,0.365742335780194,0.4635618161966419,0.17467752288515148,0.17578423498402693,10.008284837119032,10.07169476952066,0.23486485339388868,0.26470966845932997
22,138,0.4004772759012781,0.4917053630528591,0.108204162406574,0.10923962498125915,6.199641831644815,6.258969467018024,0.03443516497205289,0.04126150361987288
22,139,0.45746883363943086,0.5397615445409196,0.07967378756720518,0.08149415104543833,4.564971765422747,4.669270909905262,0.015348292488249732,0.01987232266386038
22,140,0.6072864153181938,0.6720839614425522,0.04222223068980947,0.04471747745437644,2.419155620153821,2.562122728607182,0.0037385860780497077,0.0028143188470886316
22,141,0.6378339245807416,0.7019578259425817,0.11197834068498942,0.11547263462148621,6.41588631812797,6.61609461306739,0.019776964583650358,0.018874178333417882
22,142,0.44646584102230835,0.5305641767974311,0.026286623323827845,0.03339440156787244,1.5061125741054875,1.91335826920415,0.003013611707318748,0.005761930162860489
22,143,0.44473177446118073,0.5284995589307157,0.14960893526246546,0.14880367510180104,8.571960567985228,8.52582255936913,0.07556739201991397,0.07439655296882004
22,144,0.38529350814437385,0.4809053815369969,0.14292940811589222,0.14411080999830733,8.189251853343519,8.256941195114717,0.04478110258209438,0.04214370461784904
22,145,0.5351210258996814,0.6087470119286847,0.10448392974908714,0.10864480607144351,5.98648820156408,6.224888853911016,0.018784530703357144,0.0183384162727352
22,146,0.5256334162519515,0.5989723566439699,0.04964635639703938,0.05136892939157759,2.8445266897526724,2.943222852242924,0.0062614712986470734,0.00929125121416191
22,147,0.5126247613013046,0.5881127927822171,0.03624766320635403,0.0446238431419539,2.076838118935727,2.5567578776877617,0.002418841228688089,0.004538649145374728
22,148,0.607501551814101,0.6730956039165417,0.02875755552646428,0.039917806384960605,1.6476865607795195,2.2871218332786127,0.0020101903878796757,0.0039780004984065285
22,149,0.3795379916442434,0.4745842589869102,0.11885357481996583,0.11696683423897657,6.809808217226395,6.70170594489965,0.04954971310874854,0.05330293327617107
22,150,0.3458803951148228,0.44847541363277443,0.13882287861988393,0.14282833974873965,7.95396504477626,8.1834610624634,0.12683633924744214,0.14875273904927266
22,151,0.42629477619814254,0.5132992447821676,0.015511341034291583,0.025202505005942552,0.8887343758529969,1.443997169997838,0.002124332189070599,0.0036944654594507206
22,152,0.42160840523885895,0.5096008134471784,0.04332810584623292,0.04666349196048728,2.482517599285255,2.6736211466785686,0.0035691163189325477,0.0027943810486103227
22,153,0.5285037215043341,0.602297476470929,0.04209978690942154,0.048817615319875746,2.412140108309966,2.7970433237220704,0.006800249422590419,0.009123815176518668
22,154,0.48422951127023095,0.5631579466875221,0.034294541938833877,0.04335131843510518,1.9649325134295805,2.4838475826592075,0.003153759894751006,0.0046972026455566075
22,155,0.5928850491269011,0.6597396042151032,0.09954341189360003,0.10124260660527044,5.703417379835644,5.8007740653853075,0.025586151785392676,0.030878929173013887
22,156,0.43837055012754783,0.5233508213011656,0.16111675151842678,0.157203531793722,9.231309870863852,9.007098896330923,0.051562403444314536,0.05476789118978624
22,157,0.5748527993276393,0.6438751319156508,0.07228130541854912,0.07926353020658404,4.141413738178953,4.5414657501449796,0.02013277953282022,0.02431651452445607
22,158,0.4310328331286404,0.5168491183375789,0.12810516545151038,0.125541941766108,7.339885314196669,7.193023415075145,0.04998549695402133,0.05407405346108347
22,159,0.3952019758467565,0.4878072569643098,0.05677196398246408,0.058457078790980645,3.2527939308639127,3.349343897386908,0.00875268403985303,0.012258110096231893
22,160,0.5195581071976634,0.5935496872425569,0.03574272839466049,0.04021810950011184,2.0479074852964545,2.30432793435141,0.005401084631243631,0.008647615293607441
22,161,0.3778621140126437,0.47377810836897616,0.05302132482102858,0.057792533148570836,3.0378981364371724,3.311268236783016,0.008780322247499812,0.013306664458243106
22,162,0.40506452388419806,0.49544809930726463,0.09053096936373355,0.08862087316810383,5.187042459770088,5.07760200929651,0.030167984542415753,0.03322486407507299
22,163,0.45589169498665594,0.5389641327360104,0.08595154672446884,0.09093363382247732,4.924660869933559,5.2101134338160255,0.050149795912768705,0.05410107224002467
22,164,0.47300586193085503,0.5530374195146047,0.11244904965364176,0.11498239540163659,6.442855955410704,6.588005974818221,0.05455518945139429,0.06121014985127995
22,165,0.4292128656398023,0.5163919635842295,0.09210309091764723,0.09392857404740196,5.277118389690891,5.381710868598169,0.01823707696697558,0.01638571670555964
22,166,0.46560619978590595,0.5470635439278747,0.021101624444523265,0.02949922728334781,1.2090340215412732,1.6901812222329986,0.0014221616795728163,0.003728274965675387
22,167,0.410743725688117,0.501820228148423,0.08350428667234405,0.08709823988571216,4.784443197575843,4.990361548469316,0.02325587162008752,0.0254149233563715
22,168,0.46341879747983894,0.5448900740249676,0.06657616735934468,0.06786787513950392,3.8145334058470812,3.8885428100144175,0.011101128948590916,0.014558967571964336
22,169,0.4975815451010375,0.5737828844922341,0.029247786583580355,0.029619636237607123,1.6757747313385074,1.6970801471276409,0.001806409250917641,0.002332957485875613
22,170,0.4240257656477012,0.5115936373415422,0.043070484295608454,0.04886956778588323,2.467756971722857,2.800019980759596,0.003498915612253909,0.004324279587633508
22,171,0.4891683674186393,0.5681876446075661,0.0356305895251827,0.04550426423708835,2.0414824013560087,2.6072022906332513,0.0030902017384681554,0.005022820108397597
22,172,0.4964669819097367,0.5734561345659958,0.06301918207600825,0.0683437354205153,3.610733161321758,3.9158075957542797,0.021935857462794157,0.026236989410783187
22,173,0.47679836601002934,0.5564738225870287,0.056764526544890614,0.061275803360853504,3.2523677970805616,3.510844918850451,0.006334705652793288,0.005722860573780936
22,174,0.4219420122711884,0.5102796441705134,0.08631968728746006,0.08908087916946976,4.945753770460527,5.1039584117254675,0.0133326433880629,0.011721525538309435
22,175,0.3629704890532602,0.46227299634432834,0.050873528965404105,0.06343900836860596,2.9148384986542006,3.6347874360162313,0.0029350659318114185,0.005435906886252989
22,176,0.39448734332602703,0.48809284846901496,0.06983938812159009,0.07273338024372017,4.001502183143206,4.167315717685368,0.01716954960246357,0.01899240835632897
22,177,0.38311085508251663,0.4774933227246278,0.17613123808660142,0.1746652327432537,10.091576582776122,10.007580663858672,0.11408287248497397,0.12375218379424312
22,178,0.373310332459363,0.4695715312011916,0.2544297028114983,0.2512770358134002,14.577748153866668,14.39711364066547,0.4504124594641686,0.47051218689878127
22,179,0.35285846477961197,0.45410525101838156,0.06546738431164825,0.0714687210764923,3.751004816818423,4.094856084880682,0.00889902241745983,0.01169415217498909
22,180,0.4653831836754588,0.5475108373397317,0.13067633886460367,0.12997449471213482,7.487202699163162,7.446989991350761,0.031718266277736815,0.027182707398162073
22,181,0.43851293310659606,0.5237445500485336,0.02206035073373735,0.030799417878460557,1.2639649916214792,1.7646766558955618,0.0012073102986924385,0.002577554377842453
22,182,0.4014280464123675,0.4929169001053782,0.0511558784179665,0.05759827875754945,2.931015930633855,3.3001382800256067,0.015298900095135569,0.017728005093597746
22,183,0.33802312251833005,0.44233654946234363,0.0750968850515716,0.08374170520938856,4.302734568034134,4.798046277726664,0.029607076461433457,0.03633829836724976
22,184,0.569535500589286,0.6391075057371343,0.041671932156381215,0.05193622871437696,2.3876258367161434,2.9757267091599573,0.002968527951816754,0.004977804203057025
22,185,0.6426189278715563,0.7046464134682107,0.02825789141105245,0.03743773516851227,1.6190579157922838,2.145024219684247,0.002028074093487333,0.0030415785363356145
22,186,0.6302571796258423,0.6934937408515913,0.05191558997866309,0.05742806388706828,2.9745441967090667,3.29038568633667,0.008852063189612326,0.009967646163998457
22,187,0.47051397238988035,0.5506657740918731,0.07613883643738811,0.07907164632183579,4.362433984899227,4.53047161339233,0.02496787212467139,0.028930878753448505
22,188,0.4346467899961591,0.5212552640436725,0.05337812733493492,0.06240752180320841,3.0583414146036634,3.5756876091945067,0.010842383013197548,0.016152942302491542
22,189,0.5264055621178141,0.5996623642258065,0.0339741269879539,0.0420684334863653,1.9465740890512664,2.410343689495555,0.00233912093941383,0.0033345208178579885
22,190,0.4047552753388612,0.4954728273719134,0.023530100596126972,0.029774355407619957,1.348175455676338,1.7059449025791433,0.0036706620482428076,0.004704248644918541
22,191,0.3892213110552623,0.4831014638497385,0.065401648406806,0.07093191645314617,3.7472384269084884,4.064099445539839,0.006916390868853605,0.007504413385790332
22,192,0.3725962471390676,0.46949790451331336,0.09188788526564459,0.09120406513341812,5.264788014103779,5.225608006581124,0.0960579263358006,0.09780589611229565
22,193,0.5518131328935699,0.6215397578025607,0.07382495638245755,0.07481609497673007,4.229858423452208,4.286646481816552,0.02279971022262377,0.025607578690741768
22,194,0.6011160739787388,0.666200857847748,0.03678516872693672,0.039724812971548173,2.1076349167300976,2.276064125216257,0.0042083498967780825,0.0036624475719800494
22,195,0.6500609944114575,0.7120232261864509,0.041438480983612025,0.05042014126665073,2.374250069794089,2.8888612970324834,0.007323856944341423,0.010197231111051785
22,196,0.47604177876046977,0.555314306641119,0.03621255791815518,0.03840368013029561,2.074826734083343,2.2003687892363577,0.0035291569590006726,0.005384968375825621
22,197,0.5620142794840165,0.6317543184150264,0.08216723541394752,0.08670725675354593,4.707835803477066,4.967959865135386,0.0335475376338719,0.038880779479864874
22,198,0.8479836423878434,0.899210797104572,0.24164894742929877,0.23858908152703642,13.845464811477523,13.6701474094019,0.2168550951987922,0.2237749174181869
22,199,0.46649332976672664,0.551333829663857,0.1779798543822728,0.18025884737237438,10.197494494457201,10.32807117432992,0.047279266905927056,0.04370755852524297
22,200,0.5935224157450583,0.65931417691761,0.019278451789499367,0.02902852575709224,1.1045739230847431,1.663212011368188,0.0014632553896376933,0.0030325380110990847
22,201,0.5357381903198803,0.6087249612245508,0.07016269307450493,0.07672647851156497,4.020026192440903,4.396103395613875,0.02019377431302785,0.02321116398055064
22,202,0.4575502370769898,0.5402160625031843,0.025606850058704455,0.037865521452806424,1.4671644349880897,2.1695345683078853,0.001620475409181166,0.003756835538459352
22,203,0.3623764453246856,0.4615115465054341,0.08484696099610693,0.08563674593555701,4.861372769588039,4.906624113341523,0.049301946070977765,0.04649636344963935
22,204,0.7185392027711494,0.7765287613604394,0.23486397530827294,0.23130761442711353,13.456714544828817,13.252950075912956,0.18448655689902627,0.19032613047894104
22,205,0.4484440802334001,0.5346643892948936,0.07949475220749108,0.0914202598473225,4.554713794927523,5.237995051240882,0.02223050259886427,0.030227028872285122
22,206,0.4297634380626325,0.5166809245719579,0.03297648921910293,0.044606546477087505,1.8894136554132577,2.555766851791265,0.0021376646521986025,0.004370529834767982
22,207,0.45180364802171735,0.5347122297497344,0.08296808747762344,0.08265853380486494,4.753721246740039,4.7359851277582035,0.014088723249164194,0.017423756292974733
22,208,0.4563176707330646,0.540284427272985,0.033929439519839844,0.0478639653735466,1.9440136857312054,2.742403206664533,0.0031660317966489496,0.00666919732857439
22,209,0.41710546812663357,0.5064330079546215,0.08680298041138157,0.0910071425727052,4.973444426728922,5.214325174961365,0.011334160309500088,0.010786418023025345
22,210,0.6055490012642483,0.670557705028569,0.07657570623439756,0.07589121717759195,4.387464780464606,4.348246446386754,0.013575841921690764,0.016989401029304303
22,211,0.5924208850404646,0.6588008503629833,0.1280044735198924,0.12547609245683103,7.3341160914839385,7.1892505275697225,0.035156557755665646,0.039038834215834844
22,212,0.4879692753949339,0.5661354276103626,0.03535335633061924,0.04084051094402339,2.025598109366593,2.3399889102503897,0.0043130120092350725,0.007565686844888252
22,213,0.48692511475403455,0.5663299598951999,0.062117959963185185,0.06772855258914567,3.5590969378531336,3.8805602158878916,0.008539377028351326,0.009061969236952034
22,214,0.48921746353612133,0.5675371028595446,0.052102989594220196,0.05940428113885441,2.9852814037628628,3.4036145942649574,0.010891160364072647,0.015392960931797574
22,215,0.45552160152423476,0.5378172017851217,0.09572161659128191,0.09690521951332719,5.484444638849891,5.552260090902437,0.02991273091577911,0.0354476634650955
22,216,0.41120469242715507,0.5018281916859622,0.10841948744202617,0.11182747282401456,6.21197904739973,6.407242226429943,0.02483749650503953,0.024795408139322
22,217,0.5216902889355242,0.5954917925333122,0.046479190279378794,0.05170712077084571,2.6630614381938864,2.962599790942695,0.005209827213977478,0.005920294744781764
22,218,0.44362202768683784,0.5281805729025293,0.04420551784592934,0.04870395553134728,2.5327896037619935,2.79053109753904,0.007211772856957491,0.008016339356835406
22,219,0.4634011580086244,0.5446375221851626,0.027196607178620404,0.03604612975009884,1.5582508084101465,2.0652911024616203,0.003542319491681614,0.005132435136863047
22,220,0.4726654385781819,0.554831093643978,0.120050556900169,0.12597299610469076,6.878390238574826,7.21772100941674,0.01918718164314169,0.020654107929840217
22,221,0.4258344115229331,0.5151009972945705,0.11005570607704371,0.1186830468734602,6.30572746954689,6.8000376856025895,0.020894934300737543,0.023449785696751234
22,222,0.462211549133859,0.5456622743474139,0.060884726396860864,0.06951122539522872,3.4884378593488834,3.9826998439291934,0.007966155639297453,0.009873671734167184
22,223,0.33439553073900635,0.43959077826518594,0.36037146870459885,0.3654572442255757,20.647764213704342,20.939157686607263,2.853049466695157,2.9343420901587476
22,224,0.4170349249379689,0.5064556788748396,0.05010150242610868,0.05857192028432369,2.8706046362804822,3.355923830268444,0.00380136365299397,0.004868937287533567
22,225,0.536749815921409,0.609402717846279,0.05490506140720904,0.059525833467083386,3.1458282925396945,3.4105790296624665,0.009664186813075565,0.010578475976708758
22,226,0.3625931329611282,0.46186099997515634,0.06927925711585964,0.07459143966241231,3.9694090405404334,4.27377468046096,0.01213606096055685,0.016879805732576008
22,227,0.4609054910894058,0.5430700606775235,0.05396475238126715,0.05894157748932162,3.0919525539151667,3.3771036279814277,0.0114597849456003,0.015205873404443754
22,228,0.4545301021121106,0.5371839048054522,0.06942664624206643,0.07201031041409121,3.9778538154182037,4.125886868154386,0.01720113057437424,0.021530654850934722
22,229,0.41985539251336274,0.5072652971213896,0.14381227248849604,0.14217886547163405,8.239836255776185,8.146248927482938,0.07923476106949223,0.08546233736631292
22,230,0.3500465584957274,0.4516831599370348,0.05538298167229807,0.06224013598759554,3.1732111066730693,3.5660971084095343,0.038039511371958296,0.039130743888108735
22,231,0.47050151518558586,0.5507649423024079,0.04060332406304018,0.0422626557811374,2.32639910301418,2.4214718072733423,0.003118128387081233,0.005042150735010884
22,232,0.5445367500960913,0.6144717583994671,0.10905385048395923,0.10551536560248935,6.248325372381574,6.045585122802501,0.030517757397125436,0.03192285910834206
22,233,0.36941777754752025,0.46720648544582555,0.0589003365734419,0.07089343058539853,3.374740697558266,4.0618943677470005,0.03153894460270951,0.04002432847207063
22,234,0.450816102407241,0.5333126657152497,0.0861363453561618,0.08375904273184193,4.935249051589359,4.799039644590455,0.022340223000455676,0.024174275451064313
22,235,0.5078914083026973,0.5837742346447339,0.07740932424154667,0.08113502509178519,4.435227574000357,4.648694508447326,0.018610989076448085,0.024546920568263228
22,236,0.561929410758684,0.6316703415764281,0.036156627865291904,0.0414172644549643,2.0716221781063333,2.373034452246656,0.005031754058971774,0.006681607833838539
22,237,0.5390775297858497,0.6110814071067757,0.023133324706771773,0.03226114914775958,1.3254418718037353,1.8484276884086965,0.0016018112923168624,0.002596559723145239
22,238,0.4039617295378306,0.49500328474212096,0.06638006943021356,0.07357838781786422,3.8032978221366123,4.21573108534041,0.018500199078466114,0.024018538174831256
22,239,0.45131123804487583,0.5337704187331974,0.08975491914725495,0.08700772493478381,5.14257805767565,4.985175423798289,0.020365746711136695,0.016707402286604667
22,240,0.40110427414524047,0.49289321853151735,0.09311985968535189,0.09889842922089348,5.335374948821085,5.666462594830491,0.04006805747596452,0.04632567161179885
22,241,0.4817139672966628,0.5617181227015117,0.05098387720513851,0.05996973955310844,2.9211609870676796,3.4360129748918733,0.004077398479224843,0.005739641623644357
22,242,0.8030446146064859,0.8564649064146019,0.3074976077041957,0.3036567111600501,17.61831513181988,17.398247970293955,0.4167299336173856,0.4380703053843083
22,243,0.3880916831474251,0.4819858806370838,0.037856697493091986,0.04080388179689752,2.1690289926576547,2.3378902147129135,0.004899114611530697,0.007385098062382942
22,244,0.38771345296209225,0.48121483052630226,0.12941724286802542,0.12987473537028119,7.41506181255741,7.441274202095545,0.2859971866091195,0.2970243708029357
22,245,0.39095304642170964,0.48412909663387177,0.11323868953730579,0.11423954992721923,6.488098988079854,6.545444064303712,0.06604981774166259,0.0740673666019025
22,246,0.45273922752854207,0.5362129343987387,0.02297038097908799,0.03275135470529313,1.3161058839093256,1.8765143979492267,0.0014388184595011799,0.0035567412059426887
22,247,0.5814675706511718,0.6479518116587408,0.031052153854139924,0.03370165917642858,1.7791573606331106,1.9309628333976996,0.0037474687344687726,0.005213373425769533
22,248,0.39763675630837186,0.49006406037117667,0.06982999333291147,0.07429473447253283,4.000963901402504,4.256774725321238,0.00832868344467097,0.008655484579918975
22,249,0.46099833308932286,0.5427871747099728,0.04906985462963156,0.052356894347644865,2.8114955715983716,2.9998290745324065,0.005459532147027917,0.004948883442104566
22,250,0.5837669428038359,0.6499031325625689,0.02990143464190847,0.02534023097657298,1.7132260063676292,1.4518882868443042,0.004296225272553632,0.0025944736171701404
22,251,0.5327168971596755,0.6059612630537982,0.0506102508447024,0.06133456861609843,2.899753773499857,3.514211919957994,0.007043094828245068,0.00963135888485104
22,252,0.44393547077188517,0.5297659082581846,0.07295857832143628,0.08110699670898194,4.180218617092961,4.647088600406123,0.015926429791425077,0.021874798632387088
22,253,0.3792572656529237,0.47509298853943766,0.048352035308252855,0.05224008512381187,2.770367554030427,2.9931363989985766,0.005613304589395556,0.005837053950392832
22,254,0.5135839980565937,0.5884690887374047,0.03497858501391255,0.04043931688715971,2.004125294636739,2.3170021840263693,0.0034493870866226448,0.006189325582236855
22,255,0.4981697713198308,0.5748150910651825,0.09013056135162173,0.08879190153413512,5.164100770592857,5.087401212847122,0.014993063889151031,0.018359386826116847
22,256,0.4690845499231487,0.5507703553000437,0.05327027475447764,0.05968525401690426,3.0521619169338665,3.4197131543348576,0.007405783566524741,0.008664899634702562
22,257,0.43735703494738964,0.5227386418505835,0.10448034537105151,0.10581311988301408,5.986282831830459,6.062645186408521,0.042541695554736574,0.0469751328460547
22,258,0.5801544831561929,0.6483400921533785,0.042852397156162424,0.04893342815735143,2.455261499066518,2.8036789105228617,0.005525271738781784,0.008975099111037773
22,259,0.4824196333202055,0.5616530206542574,0.0741456735211333,0.07780383870461115,4.24823416191584,4.457831587690821,0.012278984010860906,0.011753193511504032
22,260,0.539288173755177,0.6125904097455629,0.0659799845641529,0.06966847237202635,3.7803746478642792,3.991709432040889,0.011573151749172037,0.014007015025878231
22,261,0.4905322883857171,0.5692522061630954,0.033862235296113055,0.04493832840916719,1.9401631673462074,2.574776556218127,0.00264763142975634,0.00470834303132147
22,262,0.46167336280505095,0.5442792929219704,0.03270920450827901,0.04483167382534651,1.8740993695546724,2.5686656986994776,0.004898994657823426,0.008764457432159825
22,263,0.5288349801976332,0.6016781462825633,0.10532041875834398,0.10360468454990937,6.034415491403577,5.936111162494054,0.02137209035630991,0.024590090434722718
22,264,0.40621277861645033,0.4963352492525181,0.19534045400158453,0.19344288313159289,11.192183582460187,11.083460780282698,0.1864246629624296,0.19548279181713685
22,265,0.43039768189834937,0.517092223469101,0.05529180418295067,0.057660152657054056,3.1679870213468644,3.303683393329237,0.008736213614074149,0.011082081658213856
22,266,0.345226243902512,0.44787316489106715,0.028757220404288027,0.04099121866694258,1.6476673596931988,2.3486238267136863,0.004375622267466035,0.00798476410000998
22,267,0.4198682157666815,0.5081952604042614,0.030535137500845053,0.033066219622777664,1.7495345056500697,1.8945548288378251,0.003500338284451166,0.0038335626497493893
22,268,0.4189882541424455,0.5071379647856259,0.0653892719191689,0.06382618099738707,3.746529306401687,3.6569707935883744,0.007462911137920761,0.009686767138099295
22,269,0.4381890416695391,0.5249116534661884,0.12846297006905166,0.1325122325622462,7.360386008672078,7.592391659672746,0.02546501353364751,0.023937436150451512
22,270,0.392617726665962,0.48607788702210514,0.027954233879716326,0.03512606853495793,1.6016596208293625,2.012575477940368,0.002158587123823521,0.004586319611688792
22,271,0.4515929277944384,0.5356346692097111,0.028456955140390868,0.043302689416340544,1.6304634273375098,2.4810613451221313,0.0029867920062531233,0.006444733988692354
22,272,0.51633196340443,0.592314900403544,0.06619046260069429,0.07128237849142076,3.7924341510383015,4.084179441212526,0.011482735718878204,0.015217914913177536
22,273,0.5923955452055684,0.6591844492472181,0.059887068867616154,0.06385880138398445,3.431276293523712,3.6588398040664893,0.0068661216862154414,0.006041438831919828
22,274,0.5113285608361174,0.5860423225404158,0.032834984879672825,0.039004631728580076,1.8813060539811262,2.234800779509699,0.008081070223794786,0.008999500175310102
22,275,0.48417986724479883,0.5624393635443546,0.09867168366834839,0.09857395915934261,5.653471031646295,5.647871829725276,0.02813991590123266,0.03334778429447135
22,276,0.4722203289200761,0.5528464701628832,0.06044331867878064,0.06654811548900606,3.463147060058386,3.81292615206923,0.013680173792703318,0.015059673829218558
22,277,0.3369877755650672,0.44172286995713633,0.059158061220694766,0.06723272604819408,3.389507232122353,3.8521514477207948,0.03994241736021468,0.0464688211530548
22,278,0.6249299400969957,0.6881143030973417,0.03059293382586595,0.03332318054465267,1.7528459911451335,1.909277605161054,0.002370286029339499,0.004134987895700007
22,279,0.39655584811681366,0.4891438517556036,0.14186896820689712,0.1424756572564783,8.128493122130864,8.163253844148668,0.03845584454289398,0.0345628877524542
22,280,0.5792766689943099,0.6538409820612952,0.29629727348047913,0.2920878859586395,16.976583251664987,16.73540311232854,0.16190464684508002,0.14829792984288176
22,281,0.4596691584787342,0.5417113612684531,0.06339643529610127,0.0658923368718403,3.6323481786408083,3.775352805010707,0.00906785548968262,0.012752984906831175
22,282,0.5680920593183822,0.6363022371905293,0.023814550524450483,0.031076411173168034,1.364473236052074,1.7805472026357236,0.0013611781161225658,0.0020004541026675537
22,283,0.3884381246460971,0.48273095693787743,0.033390443451587454,0.04629694229176248,1.9131314858461983,2.6526193976787193,0.0019475342004471189,0.0045505274085235
22,284,0.7202420259642475,0.7801502470923918,0.16964595031826804,0.17322545170662085,9.719996964722803,9.925087287036638,0.13783548700428228,0.14794562101180606
22,285,0.4004896922410324,0.492372812393848,0.06775243132351809,0.0751247876980279,3.8819283665875446,4.304333271913325,0.01870770324265747,0.025208374600744342
22,286,0.44558653227904943,0.5295897295472234,0.06708057422467274,0.07128432135483581,3.843433790387803,4.084290759086379,0.021705728632078338,0.023728491251597678
22,287,0.4703008951409407,0.5523535200016177,0.13204419973773476,0.1337205017543869,7.565575354154654,7.66162038489809,0.030256838909138502,0.0273033403691263
22,288,0.3495291731517691,0.45103872643797993,0.24062226118775995,0.2388650480963249,13.7866400229532,13.685959129108836,0.8972664014129952,0.9381584795550655
22,289,0.6241491103911027,0.6900469343231662,0.06490023891287239,0.07222513730841665,3.718509779098302,4.138195542525136,0.01286648468415301,0.018146954109114155
22,290,0.4271086411016663,0.5156384835125345,0.20286724163122963,0.2008921554851234,11.623436746930128,11.510272646583482,0.080469002249381,0.07188835570437502
22,291,0.35671651246495306,0.457121694072425,0.05637302379805619,0.061398602114426645,3.2299363420191702,3.517880769159659,0.007298725002057561,0.008423637450954658
22,292,0.5728555416710344,0.642349588966823,0.08423020399015667,0.08734817589201348,4.826035196161963,5.004681826778737,0.017571857967106273,0.022808682693302183
22,293,0.4145184926655807,0.5042791319864787,0.033646692792609775,0.04573676923059941,1.9278134915897858,2.620523845477152,0.001388241342098695,0.003315924769236112
22,294,0.4823544688243073,0.5612784800845669,0.02654104747850698,0.030046436233702976,1.5206900043747853,1.7215339856001335,0.0011658122316610588,0.0027996315666563056
22,295,0.3906282665689191,0.48403465937600404,0.040702678095664156,0.04574001697408404,2.332091669761139,2.620709927471762,0.005810494784175273,0.008520203953839546
22,296,0.4612319202113105,0.543013651619702,0.0385393167520285,0.04469457934322756,2.2081401952090647,2.5608107634795303,0.0024165067745071066,0.003013968498425489
22,297,0.4447352512464906,0.5285397436734468,0.027359884834009286,0.02849001576586305,1.567605928952721,1.6323576616451285,0.002429351077961949,0.0023448453384788785
22,298,0.4212635214920169,0.5096810767708384,0.04958437851278706,0.05200676149582376,2.840975618561864,2.979767939854178,0.010466700309384208,0.01195835486551574
22,299,0.5792087378694933,0.6462982462711532,0.04709169535448812,0.05359933854597482,2.6981553939279945,3.0710158833772274,0.010154693798887313,0.011881872334132586
22,300,0.61016002333011,0.6781706932687811,0.15346953990421655,0.15382822335970436,8.793156920326181,8.813707968506801,0.04111695513612383,0.03635358809532396
22,301,0.5366864377155349,0.6072939108613791,0.05635101076834573,0.04591861027003801,3.2286750883224644,2.6309425695792554,0.006023537680901218,0.003424935093229893
22,302,0.5192866787084406,0.5936259528686174,0.06344185363165564,0.06839712142984869,3.634950457580582,3.9188663887741284,0.0062958113733591545,0.006506837341794209
22,303,0.5729988641079226,0.641256335509085,0.09062863794243546,0.09065610036401543,5.192638457120749,5.19421193797249,0.019884484846378885,0.02385505836099714
22,304,0.5138941286633794,0.5884743192149506,0.14605225993360083,0.1445318534711551,8.36817808254298,8.281065209100424,0.06255468688839277,0.06824587532618734
22,305,0.3765230594047993,0.47328302367375746,0.06532277891191918,0.07127801672406693,3.742719537719145,4.083929530351933,0.014559731369566373,0.018906320225461484
22,306,0.47484774587780904,0.5545960140064049,0.08429709201750667,0.0843680185336281,4.8298675978290735,4.8339313878583985,0.016530242329332742,0.02049497116222663
22,307,0.5039394125550457,0.5789678779596562,0.11063434988274069,0.10421581308273893,6.338881317454716,5.97112624816521,0.019743437795319646,0.019751093398024812
22,308,0.38207686734094476,0.47648847984620046,0.1803131606132327,0.1807879643985902,10.33118309380278,10.358387346800601,0.20102182653587086,0.22333570820072263
22,309,0.33767596862420546,0.4420357883257773,0.06275353389374023,0.06720719765839371,3.595512641642479,3.8506887787274686,0.04075310216438184,0.0489563169876534
22,310,0.3900217067527197,0.4835978553139155,0.047340649586406824,0.05127691173582165,2.712419420708857,2.9379506289274206,0.007987412822192022,0.012128386031613148
22,311,0.3988711568907976,0.49170841776942786,0.07065936425990446,0.07638398619447033,4.048483355170055,4.376480031328696,0.00683255444423559,0.007423471213636568
22,312,0.4661270441974931,0.5471343384157851,0.08506438527290923,0.08616609531202366,4.873830263012494,4.936953598500944,0.017229176802937993,0.021686686331008537
22,313,0.36624160606293954,0.46422822331536556,0.11101857830970314,0.11040354596930362,6.360895984688615,6.3256572273196685,0.048882114804723195,0.05397115156269817
22,314,0.43642195125663535,0.5229673357834422,0.09976314203722574,0.10251206801825527,5.7160069896972,5.873508846604052,0.018032478119209536,0.016090135139248105
22,315,0.5101091471397972,0.5859390887936125,0.06856291954837751,0.07425475362936182,3.9283659212170394,4.254483991746164,0.015809740969133138,0.020965857912423738
22,316,0.5339571983406558,0.6065627030789975,0.05812799644746504,0.062331100989388176,3.3304888679911895,3.5713090190956525,0.005755993715215228,0.005487125547926491
22,317,0.4206300522211298,0.5084639851558238,0.09614722306325466,0.09635768561243813,5.508830093427382,5.520888709241159,0.029043808353294752,0.03392693350670433
22,318,0.3471301801059485,0.44933335692634496,0.12957622480851105,0.1332932549840751,7.424170806766037,7.6371409481486285,0.22920100558718534,0.2565112129538109
22,319,0.3891156520105767,0.48246700553905447,0.18999925725223596,0.18643866985481766,10.88615555117352,10.682148920713981,0.10552088141419388,0.11241104910038137
22,320,0.47188249062795357,0.5514772118018914,0.07297576857145181,0.07072505103369582,4.181203545867626,4.052246930078131,0.011819455407504412,0.013208665897040527
22,321,0.5052632580536986,0.584140508098133,0.22018379845611133,0.21629723169993972,12.615602368694312,12.392918496769827,0.09752764759848667,0.08691137074601343
22,322,0.3856070103879778,0.4809452807036303,0.24744634257905074,0.24429238189451657,14.177631085727926,13.996922449753926,0.11421508654168862,0.10364699273348285
22,323,0.45753013333199233,0.5399589346109983,0.019143097618309516,0.028395339150929597,1.0968187003360734,1.6269330911908564,0.0015118698521090334,0.0035907361725830613
22,324,0.4095330608496283,0.49988400144165657,0.024504931374962628,0.035667201768613425,1.404029145043072,2.0435801283830948,0.002378577025411426,0.0055545998502723685
22,325,0.3622959689392328,0.46111325144707443,0.09089288760610283,0.0898397586228007,5.20777884758664,5.147439001560525,0.02749377886147332,0.03162673927190216
22,326,0.339058014773221,0.4430745800429694,0.24791139284929636,0.24870201696134966,14.204276503474418,14.24957592827635,2.0637034387869746,2.136415776190431
22,327,0.4068418755191032,0.49792081533100047,0.046849895572354854,0.056942657422856105,2.6843012869245753,3.2625739445889437,0.01038730994611915,0.013997886462073549
22,328,0.5066331742829464,0.581809787992869,0.11418659712202654,0.11548894901823124,6.542410092052793,6.617029359146183,0.03742502708695443,0.04366672785784306
22,329,0.42841182046392445,0.5148360103403432,0.11943360037509337,0.12002031999282697,6.843041233544936,6.876657791398601,0.052291233787216486,0.05853718139971881
22,330,0.4684846127063061,0.5485065108692593,0.11137810586851396,0.10903874837288832,6.381495396427116,6.247460085155473,0.03290375988117388,0.03642537061483659
22,331,0.4798489187800553,0.5597131042555442,0.07864316878495396,0.0837174706319528,4.505921658912841,4.796657738721312,0.014201960083864339,0.014198867708769596
22,332,0.4405686398034452,0.525685659639352,0.05226872811392855,0.05916743276306529,2.9947775214448975,3.390044181947712,0.009219265971408517,0.011347960729067486
22,333,0.6404435480614366,0.7029806503201159,0.06232617682847145,0.06687922725521092,3.5710268854574805,3.8318974588198906,0.009589219896099375,0.010068568462031458
22,334,0.5268318955007462,0.6021596244504384,0.15807400937582744,0.15640079187469882,9.056973587946317,8.961105286924221,0.052064582267840845,0.04562799187923959
22,335,0.4349316310780294,0.5213757891950708,0.04070447314335923,0.0464005308842486,2.3321945184180914,2.6585545868338745,0.0040233067990936115,0.005354564270524985
22,336,0.548294059720293,0.620091200368953,0.05030814148933672,0.055027733284812606,2.8824441824859854,3.1528568733913245,0.006122872572184579,0.009829387510814216
22,337,0.6801267199770114,0.7396811671221414,0.1559520893165523,0.16714691760943004,8.935396524085702,9.576812937641241,0.02508251435408961,0.031427877541836145
22,338,0.4164655485019311,0.505583560667429,0.030486611703161522,0.03747566273243308,1.7467541822452977,2.147197309024122,0.005030429754720475,0.007122673847197416
22,339,0.40460822194781154,0.4956145605710979,0.03896650821928795,0.045099577294004344,2.2326164633270325,2.584015436770487,0.003361981529526204,0.004471564199587401
22,340,0.4137652746923911,0.5033409939390748,0.06753366627814376,0.0658722672847581,3.869394052782608,3.774202902374326,0.008757596361532612,0.009755535219568314
22,341,0.44689952577576203,0.5307077118046019,0.036220649711985756,0.03925596915058531,2.0752903597185246,2.2492013530242976,0.005923972246832826,0.00824063874432792
22,342,0.4854621039880866,0.563800371926561,0.1121422938510941,0.11553649437577898,6.425280142583575,6.619753507469109,0.05724806367943687,0.06502508455540301
22,343,0.5151102538216388,0.5921924815855056,0.07606190820824418,0.08084847949631317,4.358026322043865,4.632276655188717,0.0201093451698013,0.022832783095906826
22,344,0.5570894755650708,0.6270091830438493,0.038429113696914305,0.04247475826285033,2.201826025261574,2.433624384299744,0.0071691291936359786,0.00892545469352661
22,345,0.6666248279621463,0.7253452777218368,0.05202376862780579,0.05482084580661143,2.98074237673837,3.141003094056292,0.010807429507474056,0.012983198096363016
22,346,0.3830971358703389,0.4778670049239778,0.05495468622543684,0.057573188630859196,3.1486715851832514,3.2987007216588062,0.009468166921031914,0.01195170717056699
22,347,0.42384042344333034,0.5113841082825378,0.03417062055095084,0.04282786333194481,1.957832340912479,2.4538558144835334,0.003578483850610721,0.004736420112255417
22,348,0.5469124348682026,0.6178999577301404,0.14065482635252424,0.1414362076046625,8.05892791814511,8.103697766083279,0.07447961232054909,0.08171358842769527
22,349,0.6517248918770205,0.7126777907447296,0.09427548509686051,0.09273385848545483,5.401587407598599,5.3132587091799985,0.025934990081933326,0.028936964109098816
22,350,0.4362347126753771,0.5214497906039961,0.16798097926000177,0.1649329707103687,9.624601150072715,9.44996312425895,0.08635049212788526,0.09058935623616388
22,351,0.5689216532398381,0.637370133055035,0.10686890174237597,0.1056881232976749,6.123137031036433,6.055483409615039,0.023846333521451185,0.02800303851159519
22,352,0.7691526516393062,0.8238691949821364,0.06218104206346899,0.06701524135987587,3.562711275962217,3.839690492971443,0.012062358393472878,0.016023781548920844
22,353,0.3653640481421858,0.4633729063771583,0.1709312219378354,0.1694060504538817,9.793637604051957,9.706251714987706,0.1805058038968551,0.1986838926162603
22,354,0.41797957776585326,0.507105371330032,0.11693336257775146,0.12353480890022138,6.6997881599781595,7.0780231729378436,0.05054209070587552,0.056004232221828175
22,355,0.3958752892895073,0.4885784770114639,0.036416497436680434,0.04356810556784239,2.08651160777077,2.496268570417792,0.004061752587353813,0.007426956555918306
22,356,0.5007342557048448,0.5768038404442181,0.11332480228133571,0.11309959509900967,6.493032884875059,6.480129463811744,0.03517614733502519,0.04010879981752827
22,357,0.3965381175533843,0.4896286738428157,0.042833373443606285,0.051377713695831266,2.454171520626381,2.943726155802618,0.00486393407365345,0.008590826935390428
22,358,0.37227620833583075,0.46904803249246263,0.08110279248365572,0.07764205046627108,4.646847716038808,4.448561804459079,0.009428267892344439,0.011044590455391495
22,359,0.46484915900989676,0.5465206321063297,0.10750362751922689,0.1078437759901586,6.159504139198153,6.1789932109903685,0.02719910579382183,0.0252311061044204
22,360,0.3977606806872962,0.4900737775846468,0.15402267360793676,0.1511729092477774,8.824849147055788,8.661569676611858,0.052731114607213025,0.04517818744393941
22,361,0.5186792171725721,0.5940122205084203,0.13668967018845007,0.13503207471913514,7.831741204833377,7.736767980301625,0.04016193682485325,0.03458598847697749
22,362,0.5065544516624235,0.5823760774876897,0.05719261142645267,0.06161227978762855,3.276895254067425,3.530123598010304,0.015395633054837423,0.016359539597649665
22,363,0.5014002296591463,0.5779284925199597,0.05529800925940768,0.061924617854396284,3.168342546039407,3.5480192510173705,0.016650076581822874,0.021490078972611085
22,364,0.3771619290136228,0.47351777932230105,0.04455371831686308,0.05506449202753442,2.552740021170964,3.1549629942094914,0.005474156555963745,0.009214416878156172
22,365,0.4344410066493108,0.5208995017115048,0.06117921264735652,0.06718298419526307,3.5053106786269166,3.849301449482687,0.01487045955178717,0.020231663034136253
22,366,0.5859415770736738,0.6521091806901033,0.04802958111045786,0.04772479163166335,2.751892289410497,2.7344291386355795,0.005697304059115789,0.004649141278113306
22,367,0.7942451849312354,0.844574675167276,0.0312131071448827,0.034031522198431176,1.7883793048914136,1.9498625923758792,0.004784437524629424,0.00505649752672057
22,368,0.46672014831040964,0.5484380259108174,0.044438526828321105,0.05095122923374695,2.5461400350416796,2.91929039609728,0.0030915449220549167,0.0038177993660143995
22,369,0.36132559743579434,0.46077835549303,0.0754687269350714,0.08452921197124227,4.324039538604867,4.843167091518896,0.0605519748404556,0.06486221281484744
22,370,0.5055907877091573,0.5820544321389277,0.06425886903274135,0.07260474256165658,3.681761991859982,4.159945321416779,0.016290106324038423,0.020961666688749086
22,371,0.3542455303932146,0.45515358377275084,0.06128808317547,0.06787379133149633,3.5115485004011795,3.888881782846372,0.0159224366527146,0.017493276655566912
22,372,0.4624479218169651,0.5436818158560317,0.12171260210695374,0.12250904719976358,6.973618414283541,7.019251356715449,0.05017613788005588,0.05689408165539257
22,373,0.5032952565144024,0.5783766798604631,0.12252295892855483,0.12161963872782612,7.020048440060918,6.9682920050102535,0.08900428547693344,0.09362754317763779
22,374,0.40088226686049644,0.49230430875931175,0.11885146574512795,0.11809885633179613,6.809687376139507,6.766566033133778,0.04135142294405537,0.04493694202031624
22,375,0.6879329192572348,0.7468418087800099,0.06769484678486447,0.07287847848125935,3.8786290155574843,4.17562923431115,0.006882551214780333,0.006863796213157351
22,376,0.4535878552774262,0.5366107852545462,0.01582378301071938,0.02546542304057885,0.9066359824450356,1.4590612637403721,0.0010562312368678898,0.0024108823980503427
22,377,0.4007955416248595,0.4922643727951952,0.05047092638427476,0.05313000805153076,2.891771069934416,3.044125226848795,0.007950766307922099,0.01127463403511357
22,378,0.5646580256286514,0.6335996681637239,0.04139874135159984,0.0414094764187693,2.3719731566003883,2.3725882306419876,0.006982217679747909,0.007768289162413185
22,379,0.4801195982666515,0.5608077464805931,0.06602934207302867,0.07167242553771794,3.7832026248101407,4.106527490776898,0.01164100260396355,0.016606947893162798
22,380,0.6051081757286358,0.6789726503543176,0.3969677435675976,0.3932793243391387,22.744576309254878,22.53324545438928,0.2748051150871773,0.26061338328559114
22,381,0.5538104064470329,0.6263280679974311,0.21665282241970707,0.21304194948062324,12.413292344246514,12.206404564479012,0.09677108937152636,0.08762410838033442
22,382,0.597999959448759,0.6686040954577561,0.24548574423814487,0.24167483556826294,14.065297075473667,13.84694809257962,0.1172754415045509,0.10618042362046484
22,383,0.7016966915714229,0.7589730207127298,0.10728442263155526,0.10680056369587944,6.146944624285929,6.119221549392013,0.026069084565489703,0.0225802480606034
22,384,0.6523991104434352,0.7155748905008066,0.17897847555401336,0.17668856616753367,10.254711272930344,10.123509129617666,0.06857788485850455,0.061533692261529174
22,385,0.7522322551201097,0.8059688595672183,0.14542375398064714,0.14079560256094636,8.332167344039886,8.066993800743552,0.05262612059877108,0.04539041243295342
22,386,0.5496662287184576,0.6203588629474946,0.14689703063774087,0.14612565839303007,8.4165798785465,8.372383504491038,0.06308344992201408,0.06883663880386989
22,387,0.7253921495365426,0.7807514059532941,0.1131131860823582,0.10864128814254322,6.480908169797047,6.224687291432401,0.03264720071644377,0.026376537390646514
22,388,0.6808028901079097,0.7474492659413252,0.31951332581404984,0.31792441049101217,18.306765067333433,18.21572692531971,0.17090555184306197,0.1604510026498044
22,389,1.2811633634426551,1.3142449905112654,0.09756353286047681,0.09601472918390147,5.589978667291241,5.50123875332913,0.022211834439735373,0.02514903674343983
22,390,0.6927181298597324,0.7609869144607454,0.35573318952212724,0.3516805370619627,20.38201039234533,20.14981051054459,0.2163976350161343,0.20134857442459
22,391,0.5447573058936456,0.6157807684504659,0.10255212223689206,0.10091973400037177,5.875803784283634,5.782274827804218,0.02604354880930293,0.022639062005441343
22,392,0.7345846346712036,0.7889853400658672,0.09627697897684268,0.09362919299132548,5.51626455964284,5.364557597618817,0.017033083781359114,0.018911950627653926
22,393,0.4565191984624845,0.5388800797042503,0.06473991231821107,0.06760800968253658,3.7093237418805036,3.8736536160889505,0.011555290082997237,0.015361133571236564
22,394,0.6107380167968589,0.6735941411066346,0.04511021098471919,0.03190651697084522,2.584624702369095,1.8281087613919669,0.0042286349825813325,0.0017530998979072938
22,395,0.713053184496491,0.7711385618525565,0.1057881071260404,0.10766959650336069,6.061212060999944,6.169013461519094,0.019451224919427523,0.017075859133460505
22,396,0.8126305018551969,0.8630505616433648,0.0837875864274041,0.08449589605272964,4.800675077877874,4.84125822999752,0.013909634532737976,0.011440096896895097
22,397,0.5507870216471142,0.6233050503676706,0.1753974092376581,0.17077709327296514,10.049531286846726,9.784806682052904,0.06916176017856802,0.06020971929302317
22,398,0.6049419112610028,0.6698584395540879,0.022179330318972807,0.029524356095169138,1.2707820197036879,1.691620997094539,0.001599012281394308,0.0025810575987981095
22,399,0.4817905401104366,0.5623553517266109,0.05917470268026394,0.06607952196424415,3.3904607175206043,3.7860777207932133,0.0035905885883091362,0.005017530584492214
25,0,0.38851525896317585,0.4921706529866372,0.03981920164219266,0.04079249383768563,2.281472197678036,2.337237732712805,0.00479362119586112,0.0069103514069181575
25,1,0.4126778046161569,0.5123365972768611,0.09896477057816169,0.10493153663739778,5.670263674609129,6.0121341871452625,0.011618764567338714,0.012092204071302633
25,2,0.560995307036044,0.6382623078323465,0.05973354090401986,0.06694531204103633,3.422479789172406,3.835683838137713,0.0108952719897734,0.015415815259020527
25,3,0.484583658050782,0.5715550495805879,0.013569279784767171,0.026335455130904614,0.777462462699345,1.5089104305569834,0.0004760971845973372,0.0017426421979721794
25,4,0.4744274913615324,0.5646063474006996,0.12278239507775718,0.1265718600536678,7.034913036463339,7.252033386195662,0.02060593302240222,0.020288491177137852
25,5,0.4521222418243037,0.5460032419747051,0.07737129794334026,0.08104384297058047,4.433048827602623,4.643470157735245,0.01761294241641783,0.020214954099156683
25,6,0.495117399649719,0.5809212890603651,0.09058008427639473,0.09398046053105141,5.189856536976728,5.3846837451250575,0.024437142354503803,0.029535297458328447
25,7,0.659925667043317,0.7300200305734323,0.0865439943566411,0.09796112528560769,4.95860561883955,5.6127590352176115,0.022612330298677766,0.03023703711746349
25,8,0.40137749700176434,0.5023959227643643,0.09303896742484107,0.09722010611912497,5.330740163698542,5.57030176443985,0.032374507941947614,0.0397433551033973
25,9,0.5849828410707034,0.6605446157009853,0.04705988290144637,0.05915845748457267,2.6963326746327443,3.3895299363701303,0.007313145717169666,0.011625580567840004
25,10,0.46875888562000567,0.557736581285761,0.030927109248528088,0.03130333921410451,1.7719928324806744,1.7935492216345557,0.001880547110182217,0.0019597661158579304
25,11,0.43461079689746807,0.5297655561489081,0.04113570354212842,0.0484801684996031,2.3569022002653095,2.7777090451103383,0.008047719425519784,0.009913136422751836
25,12,0.49923484883850444,0.5845072250038953,0.024337218088394067,0.031328260595892755,1.3944198815544253,1.7949771116306563,0.0020582363635933618,0.004611320180993601
25,13,0.5996025895731549,0.6727213740672892,0.09229783031493358,0.08701013953248461,5.28827613526032,4.985313770055766,0.012604847003146142,0.011533819152632754
25,14,0.5337644130495749,0.6168260163215532,0.10608146302052111,0.10922678296528171,6.0780201156489735,6.258233673702077,0.03441976931430468,0.035241139175066716
25,15,0.39819467478592213,0.4996562167318205,0.11493334840419936,0.11668094100041555,6.585195788867279,6.685325468938776,0.051553296828238254,0.0572732187700731
25,16,0.42297362860283216,0.5196573827978691,0.15090739058074132,0.15079223120212606,8.646356577608751,8.639758431242747,0.07514650464088722,0.0813310434830726
25,17,0.4562666784599487,0.5479448552977706,0.09694798163441065,0.09876373507335069,5.554710179963547,5.658745188651177,0.015641714499479764,0.014882051721320663
25,18,0.5319975924367842,0.6142626619611117,0.0604773492828382,0.06507192446503504,3.4650968700451648,3.728346636640595,0.012539754981075795,0.014002743851614933
25,19,0.3470947306831485,0.4600014840560826,0.09497158200165844,0.10023165468305326,5.441470822375639,5.7428507869516245,0.02665349157410179,0.03409138882959888
25,20,0.5358254064793561,0.616750449427153,0.02633396984885833,0.03838880832699041,1.5088253301643446,2.1995166976732214,0.002798995885128698,0.006140275468251475
25,21,0.6036201723616813,0.675690693723032,0.025031497796471073,0.03293473553096726,1.4341991786288126,1.8870213453039786,0.0017796736790714075,0.004088530024332959
25,22,0.3783730285485713,0.48451759975113906,0.03596641162719292,0.04786156010779768,2.060723590468406,2.7422653950885123,0.0058553530919890386,0.010398486038030744
25,23,0.39985495785612335,0.5009855261685566,0.03964837456526412,0.03931577534776099,2.2716845271434742,2.252627995711191,0.004503748380980298,0.0057671615934668415
25,24,0.3846799216819619,0.4891384648028,0.030785745854528833,0.0383006324988947,1.763893306626872,2.1944645948682657,0.006574136071493577,0.008800127019285078
25,25,0.4208310735615109,0.5179062641470464,0.06733895031099466,0.0636852158889828,3.858237649661156,3.648894087818205,0.012431003438434396,0.008783741450075898
25,26,0.4226567859689566,0.5196038114712936,0.24524188523105045,0.24152807092568412,14.051324983570906,13.838539097978106,0.43923508263291805,0.43370109213822433
25,27,0.48740392579648584,0.5741560456083195,0.11532040491682627,0.11534341929981806,6.607372493473853,6.6086911204873795,0.027421354815182042,0.03210869167642034
25,28,0.45087042772104,0.5428858910346553,0.026267911521078297,0.029343208669005395,1.505040466780857,1.681242014105699,0.0011521166443033727,0.002169662086856216
25,29,0.5001078566825544,0.5850903088987437,0.07207769138153276,0.0796654875288173,4.1297475132082955,4.564496208253326,0.020344008084279868,0.025922820773301318
25,30,0.3948703878464958,0.49752702485592265,0.036069384924023874,0.04699306120032833,2.0666235257793675,2.692504073178796,0.006167701571378501,0.010471462231268859
25,31,0.5641812217676632,0.6434976027975566,0.044309438965396984,0.056158380879715385,2.538743845309764,3.217638208695871,0.003926283865441318,0.007331298040125302
25,32,0.44553548721873704,0.5387627702841122,0.0842839347289229,0.08446060126072727,4.829113740723388,4.839235987376992,0.015011481368107489,0.012863373257190731
25,33,0.46094151902151237,0.55164102410502,0.029322975444696586,0.0319674765973774,1.6800827357468626,1.8316014907129545,0.003975242473744439,0.004382504913517239
25,34,0.5602936857604748,0.6407959712426011,0.060515317855235375,0.0723324713362509,3.46727230899766,4.1443453293181785,0.009449531043052722,0.014690513231544858
25,35,0.39034232972086724,0.4937356627211727,0.05548595142954897,0.06253908939801173,3.1791108391810328,3.583225877097424,0.016735829678064813,0.021213763887330296
25,36,0.33477047068184435,0.4506430686025294,0.1259142800150637,0.1319801950463717,7.214356825291597,7.561908155470513,0.3016022805256879,0.3194460092910617
25,37,0.40663489037807815,0.5059258326400088,0.054341567288109335,0.05541355122380662,3.113542457734839,3.1749626129561173,0.015419505936017073,0.016547581016901354
25,38,0.4495628741999542,0.5420619244317841,0.05132039834043534,0.054558773647028914,2.9404422278371394,3.125987465384335,0.006804356091697522,0.010061947727258408
25,39,0.42510592431981975,0.5248553969874512,0.10274682684530953,0.10832700637459498,5.886959536597702,6.206680272551058,0.0111775399157963,0.01181940837058218
25,40,0.3935934288486216,0.4966844270411125,0.05190259071505773,0.05841976694837642,2.973799393767701,3.3472060862798294,0.003571995113339922,0.004250873839326708
25,41,0.4531518527576956,0.5472221915329654,0.11715365891667219,0.11857350750362088,6.712410210440501,6.793761542020274,0.04098487280418346,0.04120043874963705
25,42,0.38714136315521164,0.49077231668159377,0.10321742584503556,0.10213896700165637,5.913922873125082,5.852131733020895,0.02305935893904737,0.026041246087746203
25,43,0.3691200260156012,0.47742523899680656,0.0359636535588481,0.046160574852793006,2.060565564792639,2.6448061189627605,0.003816403857129924,0.007013120284207475
25,44,0.40193416312233693,0.5034083639977558,0.11643102027548055,0.11906342196095146,6.671006066187151,6.821831572747759,0.03287383929540355,0.03922175731841086
25,45,0.4845108182935686,0.5713303973825294,0.1051044060882303,0.10642248863466429,6.02203887708471,6.097559444045235,0.02975319755595699,0.03441787280032184
25,46,0.4710185619496689,0.562281935883691,0.10997021020286023,0.11355539454228708,6.300828916790396,6.506244848215952,0.0231706531948054,0.023471101081900647
25,47,0.379742599702051,0.48624056913077823,0.07834647806215496,0.08367630152130494,4.488922532675772,4.794298922434883,0.010767558248643786,0.012890078034422867
25,48,0.4366298745259448,0.5310749170518355,0.07022027633890653,0.07017258906473697,4.0233254704617,4.020593190915301,0.010007466197815076,0.012462457001828658
25,49,0.5498042881013404,0.6278582496829915,0.023410202420024954,0.030570443845704582,1.341305796214376,1.7515574102005542,0.0014651031617198065,0.002144263235098291
25,50,0.40673741660131413,0.5057384716421195,0.034490100948329945,0.02813167881725943,1.976137219319464,1.6118264668465447,0.003135195740828882,0.0025846239959213275
25,51,0.5396937083571117,0.6198682548410605,0.043017106360348493,0.049419182909110924,2.4646986413133387,2.8315106076771057,0.007747021382590408,0.010105334771719493
25,52,0.4243391177024643,0.5211298087024926,0.01026544582042641,0.02163433374414477,0.5881667203306441,1.2395560161169554,0.00048565301864442276,0.0019468413462197416
25,53,0.3405610040588839,0.4548813238271772,0.06546131834714485,0.07136205206467106,3.750657262653702,4.088744400698494,0.03105111975597745,0.03806292188668758
25,54,0.32536347240196367,0.4434057630750472,0.1235957467166123,0.12013811991680397,7.081514652629787,6.883407229869444,0.05262180404717504,0.04724544349280419
25,55,0.47156448417960056,0.5620347575243596,0.0736941033823656,0.07813774633400312,4.222361098810313,4.4769630856022,0.015428338226061832,0.01872129983945081
25,56,0.39421050972753313,0.4970157905612005,0.04061556433589045,0.04885791519119351,2.327100418988589,2.7993523362634987,0.003198015244844834,0.00507518161501243
25,57,0.40912747500218766,0.5100554198748265,0.09755129590646318,0.10151418655903807,5.589277541472164,5.816334450536551,0.021857869451936025,0.02258427843384491
25,58,0.5909531048233096,0.6638757120740145,0.014987902033641868,0.019462453736184004,0.8587435302832226,1.115116458051964,0.00042971859602938204,0.0015923111514014572
25,59,0.627706602073646,0.701188074813062,0.12313771909949729,0.12526170295454123,7.055271603268663,7.176966913916607,0.02521270355259944,0.023103525175675044
25,60,0.5403621386135955,0.6192222870043066,0.03207997884442355,0.031745287207669115,1.838047394654437,1.8188709764300823,0.003331190004444101,0.002382517909835735
25,61,0.5206505169900029,0.6026912967781671,0.0737415023813738,0.07935432765125688,4.225076861406628,4.546668060515306,0.02577883303760575,0.03142236715575399
25,62,0.33467034331215123,0.45091515586465225,0.11388884527761012,0.11644312767463724,6.525350168025496,6.6716997690597095,0.025496719313197996,0.025243801549042322
25,63,0.34227634899611087,0.45606024395656597,0.06718958485046356,0.07562731369346745,3.849679639167696,4.333125890547622,0.0185267179384687,0.02533843788247043
25,64,0.3794386599751647,0.48672411597779675,0.08765453104007169,0.09688986130427525,5.022234683794578,5.551380130342881,0.010888987061785284,0.014568766141562819
25,65,0.3945131644974329,0.4964596429308936,0.22698085832601478,0.226522371385317,13.005045212337519,12.97877584567367,0.2633475963825518,0.2801372216713871
25,66,0.4252639753946875,0.5225177947384291,0.03249806685465236,0.0395004867202578,1.8620020731055704,2.2632111777833273,0.005233118079946012,0.007153606316225147
25,67,0.37568524876753384,0.48164502011658655,0.051344373130377395,0.05270710941152578,2.941815882115532,3.0198949196146874,0.07218810039572444,0.07257897160502474
25,68,0.5462225497567921,0.6247744811778129,0.04521053449822436,0.04721338757570558,2.590372816278865,2.7051278446033273,0.0062733415312086795,0.008712774236731724
25,69,0.5115733093066646,0.59556051603545,0.04685149227965854,0.05189280089597154,2.6843927715141946,2.9732384784518664,0.006923945760306045,0.010304120893253357
25,70,0.42107071821204023,0.5179691029058187,0.12926189398504903,0.12922340226868592,7.406160977210791,7.403955564316971,0.050143321442968125,0.05635933527706606
25,71,0.4212723003369173,0.5188590552908033,0.024499694711350307,0.03332067657962803,1.4037291063193562,1.9091341385330935,0.0017189759801063222,0.003905922914500041
25,72,0.6114806497851348,0.681994591543312,0.09109270920745842,0.08922864378025873,5.219227781999861,5.112424700285069,0.021453912411815226,0.023337587322396436
25,73,0.46190308961794585,0.5519502165490102,0.014211652986667607,0.020554666583061182,0.814267736040545,1.1776956445079947,0.00059111725542759,0.0017943362551548665
25,74,0.38587239030357084,0.49100526809157313,0.05919691486931045,0.06743103877023597,3.3917333822067164,3.863513929717546,0.005772257088380549,0.008398699022283091
25,75,0.34549371241338106,0.45884208400617876,0.08730357508119062,0.09211276232313528,5.002126388555726,5.277672520407316,0.052443666973217506,0.06118348657062929
25,76,0.3692459290507065,0.4772369736800663,0.0374619599136394,0.04372182855044494,2.1464121953398116,2.505076248535081,0.002671132122653167,0.0036291700098903066
25,77,0.5322558491084716,0.6133859011377032,0.028962450950748373,0.039580631838369004,1.6594262038325402,2.267803154799677,0.0014031650060008834,0.0033457373920861523
25,78,0.4452751273704831,0.5377184471398687,0.05371299207584138,0.05198404919648192,3.077527750965346,2.9784666209588524,0.009048705243895096,0.010020181907264763
25,79,0.4070613527802422,0.5091017766851685,0.06612362790138793,0.07534384261728859,3.788604804843021,4.3168841942685425,0.005284370434952491,0.008045843991299808
25,80,0.7679431018516243,0.8286711654057737,0.1727667728579352,0.17259983998655373,9.89880692485503,9.889242375862873,0.10606479754601462,0.11304865555462935
25,81,0.43061387440644605,0.526278079661598,0.03225605286843506,0.040517026323828885,1.8481356931121817,2.3214546067758524,0.0038573041511187527,0.005119146037349366
25,82,0.3201835689379277,0.4395814379400713,0.273571984550442,0.2629523214086445,15.67452010775849,15.066058229882852,1.0170208407909642,0.9493954797640278
25,83,0.3331296620452392,0.4491181996191377,0.2944698236119954,0.29359901596898635,16.871878086929133,16.821984484216976,2.0534928206377026,2.156468920864794
25,84,0.3803768488633939,0.4855956564470961,0.10480042089645365,0.10746866750371929,6.004621808561434,6.157501077857856,0.07088030224607296,0.07789951920519389
25,85,0.32880082362481705,0.44612255125487493,0.14816692056587957,0.1521646612590862,8.489339211875018,8.718392881183462,0.5920613768602568,0.6234768929820977
25,86,0.4873698011573707,0.573650310174033,0.07361402049770696,0.07515915456135944,4.21777268750814,4.306302348137326,0.014544504778616102,0.018101806549972024
25,87,0.3809004886474812,0.4868213920148383,0.06751996711043252,0.06933594006231149,3.868609148289912,3.9726567341424905,0.015298591125680243,0.01684662273132005
25,88,0.46861442000719195,0.5571480377910325,0.023464861887388545,0.024481064239387815,1.3444375530047428,1.4026616589055687,0.001891244285717306,0.0021059512408324343
25,89,0.5262266816398624,0.6073100110511177,0.058270327717301895,0.060490755730913906,3.338643849045579,3.465865002938164,0.009857111600669245,0.013356263485394825
25,90,0.47261596389720506,0.5624002713736093,0.07176732903630849,0.07814782593722545,4.111965060707162,4.4775406043260055,0.007007114965248234,0.007315010954274139
25,91,0.3938358172362666,0.4967135624498538,0.059101397179138815,0.062312410163332006,3.386260621691043,3.5702381136470205,0.005824222688516657,0.006417570581272382
25,92,0.6097617615917652,0.6794912460675377,0.05408912562775557,0.03965731460950533,3.0990786160232937,2.2721967539471555,0.009278481508089454,0.0048329859323399185
25,93,0.607707828907443,0.6797337438024472,0.128902074161233,0.1304278681388439,7.385544819920992,7.472966375244575,0.07638189361945572,0.08249610747591665
25,94,0.42177424971288174,0.5188119127875945,0.11278014331556524,0.11257045781465143,6.461826224862451,6.449812130635003,0.038234975279693405,0.0425867844615068
25,95,0.3415171868754529,0.4554014694060077,0.17137258830249766,0.1740699056544323,9.818926033966136,9.973470934239396,0.23568865971330094,0.2627883497038124
25,96,0.3421804443909631,0.45603536389718624,0.14425096943524496,0.1466021377346995,8.264971739310173,8.399683759793868,0.07242083127358212,0.08349466222826608
25,97,0.4730003372092597,0.5621448366180488,0.05555409419113876,0.06212896017222121,3.183015131824494,3.55972720340466,0.01136625960431309,0.015688759262424173
25,98,0.5994870359190733,0.6742497290217239,0.09519477142855493,0.09796819100622692,5.454258634568752,5.613163871188312,0.01386335060643118,0.01276872328688227
25,99,0.37570054198543573,0.4831091286856903,0.09152394028847195,0.09578881236425633,5.243935502936801,5.488294673042445,0.011882421962042373,0.011719556048777648
25,100,0.5315774163701221,0.6196089652580773,0.31193818222356967,0.3115525564488975,17.872741310393344,17.850646581033168,0.1503399000171485,0.1426542771939065
25,101,0.5187771505392006,0.601617799294747,0.1052884828965218,0.10511845905022926,6.032585701306052,6.022844052496909,0.02156208868748874,0.018697714777973766
25,102,0.45000919909553244,0.5422552710781537,0.06327857500364728,0.06746796938148415,3.625595281311017,3.865629897876905,0.013741619236579333,0.01768713640059088
25,103,0.5922940745518515,0.6662312601351744,0.17627789864078403,0.1778139765928454,10.099979613551836,10.18799039720805,0.12659912110240434,0.136029064368333
25,104,0.5595754408919514,0.6357884003618467,0.10934520965129176,0.10689282855637704,6.265019022992174,6.124507936495888,0.041888087408732906,0.03929759930329926
25,105,0.46093089474182847,0.5512852588963442,0.16020433447797527,0.16038347332377975,9.179032225290165,9.189296125101604,0.08261761300443587,0.08979679021386067
25,106,0.4542249465605286,0.5455383264435316,0.08589797776705244,0.08589836842733854,4.921591594760684,4.9216139779463015,0.017876188477763823,0.02155458561902583
25,107,0.4054135926880014,0.5055768449593571,0.049127491369306296,0.054396422880283755,2.814797913526628,3.1166854516491247,0.01687304228228368,0.018758237036625096
25,108,0.42577215410255626,0.5214219688620969,0.08869420593414094,0.0804975305964565,5.081803667290457,4.6121687644021705,0.03305676393954649,0.025566389828930856
25,109,0.4960272631222907,0.5814907826049717,0.11167003123878869,0.11137712878571777,6.3982214880766515,6.38143941370666,0.026982245846140743,0.03119551558505696
25,110,0.4220417731096098,0.5209869649077248,0.07197382202922839,0.07838996250795399,4.123796237700497,4.491414007894521,0.012277060103275256,0.014258858231559653
25,111,0.4746771062476544,0.5631098057190987,0.07331024029216732,0.07336401313258976,4.200367363831102,4.2034483206397395,0.010372589793783603,0.013713507655361487
25,112,0.4559785421691857,0.5472130254571178,0.0590225816222749,0.061869808528479404,3.3817448229227676,3.5448789079643763,0.014197827106860565,0.017234075796861252
25,113,0.42616812883649596,0.5219043330532065,0.06800481616371568,0.0686427845916905,3.8963889527439504,3.9329418511295033,0.03486836045391603,0.035331435786732215
25,114,0.4412962799519474,0.5350816710400543,0.06611894281119107,0.07141556169756703,3.7883363689481033,4.0918102768267275,0.019717145598177912,0.024400989899601336
25,115,0.3780322442708829,0.483418368438157,0.21155107428547645,0.2126405443151497,12.12098370801636,12.183405742622629,0.43712850854886215,0.4788986931092583
25,116,0.5824031827067244,0.6580821115930379,0.05854797031658921,0.0652241199498648,3.354551598197784,3.737066795582287,0.007523523686307671,0.00865441108273855
25,117,0.48541244196420047,0.5742187787313872,0.07167511027390856,0.07813121562962336,4.106681314829727,4.476588903803991,0.016800227939275648,0.02173157891050286
25,118,0.44151590658557616,0.5375723818599835,0.10216739729869223,0.10842863322550896,5.853760669051352,6.212503062193633,0.013106009796881847,0.014188384667175973
25,119,0.512437297536674,0.596021083865796,0.058997922325975206,0.06095934285820555,3.3803319493190322,3.4927130676661347,0.007207878822358363,0.0054798075944239855
25,120,0.4182770272045966,0.516265483325425,0.048006922578153116,0.053694361064642565,2.7505940511394744,3.0764602726555927,0.006419138937567636,0.010059358529784769
25,121,0.4975857373522748,0.5827852106448718,0.053222430223895924,0.05914709215387704,3.0494206272587494,3.3888787508885003,0.005404029449537426,0.007344432737294442
25,122,0.36140009349623264,0.47079684136496297,0.0985065216217566,0.09969315878298048,5.644007943440843,5.7119972445923555,0.0363406555041761,0.03951891479956232
25,123,0.4509927861719574,0.5428995480842486,0.07270802206440274,0.07324928047449429,4.165862801034344,4.196874623558551,0.010928506884173912,0.013549606552393172
25,124,0.40028359700636196,0.5013071203164223,0.10169291600015405,0.09244212740557593,5.826574893187228,5.2965437495501435,0.03269341165737364,0.02486767453698989
25,125,0.42823246142936416,0.5241511073220013,0.09602324296712603,0.09758846670111143,5.501726557175585,5.5914072711266565,0.02326110636718285,0.027950769815847355
25,126,0.462741891407545,0.5525812107280682,0.07534531255560512,0.07835123731532387,4.316968415530224,4.489195217795984,0.02427045713320531,0.027610632528410225
25,127,0.3619913235791253,0.47089141822333047,0.06393758795567442,0.05318755978343158,3.6633539421066295,3.0474226981903803,0.0166312090851376,0.01096776196094051
25,128,0.3402375101699598,0.4545397543980974,0.07256452263159746,0.07228208756969508,4.157640889172081,4.141458552138558,0.010042051420124806,0.012985661379790736
25,129,0.4390807794496347,0.5359601439446885,0.10647496085979444,0.11297295628271042,6.100565881086852,6.472873594115264,0.03426265315689733,0.03702260603419982
25,130,0.5776321882244473,0.6515079235598976,0.03823800819606792,0.029810752835112017,2.1908764866213426,1.7080303215595718,0.0049487973186893505,0.0029014902342685348
25,131,0.5023188127211226,0.5864587950868732,0.023957761760914676,0.024923542484780292,1.3726786354803222,1.4280137948929115,0.0010555919251729754,0.0018552685251862436
25,132,0.4687745859706267,0.5581384564567453,0.04122348771593474,0.04361318096856649,2.361931862932454,2.4988512006391437,0.005924620848329117,0.006308012397052183
25,133,0.6320534904925884,0.7024590090739216,0.13265023011246174,0.1328291253465394,7.600298336883242,7.610548278770896,0.03857968618400445,0.04456198688619126
25,134,0.40869420631243025,0.5079998101125285,0.1321623453147497,0.13145592148096802,7.572344597085748,7.531869492862606,0.04165697049695684,0.04656741465183929
25,135,0.5684149501283924,0.6446798624573074,0.08532704886231944,0.08950279012572536,4.888879778117457,5.128132128849242,0.031126915366087533,0.036741961838763514
25,136,0.44663049565466945,0.5387606231162578,0.0858858522293859,0.08626539992151759,4.920896852628064,4.942643333511141,0.03063411102325061,0.0335761434897858
25,137,0.48270667078203666,0.5710746824700118,0.042672237888772814,0.05285269787003583,2.4449391334049246,3.0282365238331286,0.007016696898823508,0.009949845919215182
25,138,0.3477911518300103,0.46061147063180613,0.04916091980166959,0.05810904631590578,2.8167132216167836,3.329403105431626,0.0030328908704839,0.004503777216161084
25,139,0.3771545661372722,0.4861580201204485,0.3109246180317426,0.3069815180920623,17.814668359936064,17.588745375194094,0.16813782089449458,0.15482884045303366
25,140,0.39805340961689395,0.5000075371651672,0.033458759994648105,0.037993645831519464,1.9170457354344972,2.1768755544608784,0.0031414191202535496,0.004201667423619033
25,141,0.375395246656143,0.4816868385799387,0.047490246772452074,0.05155194481168941,2.7209907080962834,2.9537088634011446,0.010731811791042423,0.013015657889062976
25,142,0.4987483285119272,0.585278050372215,0.11611839598122752,0.11605238822225304,6.653094013553196,6.649312047548842,0.024327947552587784,0.02059033585901185
25,143,0.4651129675643072,0.5577445046410437,0.1511674096035858,0.1517015167354564,8.661254570210854,8.691856654674877,0.03811117067164768,0.03404243279687122
25,144,0.6210340329135704,0.6916175364133663,0.0371144569029628,0.04305591573587626,2.1265017394599526,2.466922254736618,0.002462931442669243,0.003356784169637448
25,145,0.3638503765710257,0.47496444423155,0.35211801830276457,0.3478195072882083,20.174876339258685,19.928589799934112,0.210408491152021,0.1959161117527236
25,146,0.45922371122629135,0.5497123239581063,0.01724206194583447,0.022402013761013074,0.9878973795994389,1.283540841100041,0.0007035722660530814,0.002052588038422538
25,147,0.5181971251652329,0.6003492644000796,0.07280314502570147,0.07205880500015018,4.171312945251548,4.128665403264798,0.010666918805622802,0.008494591377165468
25,148,0.46428861430546653,0.5555521344402317,0.09020969386783775,0.09451766684791928,5.168634729794286,5.4154633998093535,0.013626243204939992,0.013438775270642085
25,149,0.39082195301189104,0.4943686461206205,0.07366558331305946,0.07999794959904952,4.220727019207652,4.583544881725814,0.018995168130298966,0.02549101895207704
25,150,0.38718994535278733,0.4907583253789462,0.10180250115516357,0.1062829139957111,5.832853660066561,6.089562406306155,0.041158161791742295,0.04945569180091034
25,151,0.4331151837421465,0.5281947939128335,0.09117071718101064,0.09412939725970608,5.2236973096527715,5.393217191091455,0.03970799788291141,0.0442098381413064
25,152,0.37457090832715784,0.4813852218050052,0.040620919419668354,0.04851422115816239,2.327407242688002,2.7796601187269854,0.0031430018562500304,0.005468782800475853
25,153,0.4128080780000046,0.511412420841661,0.06006168832353112,0.05957871189758458,3.44128125136851,3.4136087405574607,0.007271571836723088,0.009622992711860429
25,154,0.4110395023839164,0.5111531744615175,0.08667882346615352,0.09391080333256323,4.966330757770118,5.38069268163898,0.05995924192584602,0.06380473219129619
25,155,0.4084887482393478,0.5110068356848962,0.2557484424111054,0.2524249860457466,14.653306367200926,14.462886344069979,0.12215033968856137,0.11224237017365925
25,156,0.4859480723060141,0.5733048449191637,0.05842795005409793,0.06269441823036802,3.3476749437009814,3.5921255636281346,0.004941308859702835,0.004719423130993661
25,157,0.4313910931917886,0.5279865970868922,0.08056984754523215,0.08444593648414123,4.616312220354279,4.83839575757111,0.012557584882962144,0.012436314679895182
25,158,0.5404075481568866,0.6201458965496682,0.027412046627772146,0.03102368906767412,1.5705945795871648,1.7775264485038789,0.002180875388370665,0.0027372760766303746
25,159,0.5074366286870369,0.5922177944062418,0.08434232235437118,0.08651410802399168,4.8324591052373655,4.956893258113613,0.013831027652303575,0.012912963013797879
25,160,0.5860215658781209,0.6599571060694759,0.07311296602007444,0.07531073533695784,4.189064380633665,4.314987286834434,0.016615721788017616,0.01953073626436997
25,161,0.45045546544503196,0.5434943039222798,0.06877498059219288,0.07287062449553654,3.940516124026799,4.175179234076877,0.014971231623253162,0.015968591904770495
25,162,0.5472292701857968,0.6248379502797716,0.03856816169039061,0.03786490640068794,2.2097928884375286,2.1694993284173156,0.008833589375394395,0.007907603380867304
25,163,0.4480751243744236,0.540803080817976,0.05203177795842025,0.056359767768949645,2.981201277579303,3.2291768274982626,0.008249373856290976,0.012012379447676132
25,164,0.4214733579931844,0.5193641857418526,0.03762116676310094,0.04710601607880193,2.1555340758835326,2.6989759109907463,0.007583764557710719,0.010900510586981577
25,165,0.4002411300497964,0.5015745791196813,0.0253429538320298,0.030131176911331756,1.4520442949702042,1.7263892687813411,0.0014544013381248364,0.0017863921746179446
25,166,0.6874907112677674,0.750963655458741,0.09613063755935312,0.09678680341816734,5.5078798140527265,5.545475348423358,0.03867375822960546,0.041384862034179314
25,167,0.5911630567837375,0.6633244066673526,0.05662123725584186,0.050645376119445286,3.2441579255686377,2.9017663034968617,0.009304422241985088,0.006606271645386991
25,168,0.3971289585641383,0.4989849655498694,0.02346764250846384,0.024958423920782263,1.3445968708567824,1.4300123539591802,0.0019310731752990497,0.0015356743974319223
25,169,0.33723847577516675,0.4528040154600588,0.17020441235752776,0.17710097872602287,9.751994482590655,10.14713862863729,0.15122417326302184,0.175359339306265
25,170,0.3768296910025425,0.48313072823117886,0.050860618187262605,0.05590631135518516,2.9140987655564627,3.2031956887964195,0.006825296865175516,0.010841550305040998
25,171,0.4589772402414364,0.5491965258051774,0.07454315592784064,0.07719602450132089,4.271008226250872,4.423006399114183,0.0295644168275504,0.032474214315906025
25,172,0.4700311619042662,0.5588687631992307,0.1117246618210923,0.11133329186094894,6.401351589874991,6.378927742930573,0.03041884849146724,0.03498489199016168
25,173,0.38072181861259463,0.48601939126747956,0.03093008307529182,0.03743794859922454,1.7721632202032394,2.1450364483632782,0.0029493324746215025,0.0058373990531019535
25,174,0.3757233703245946,0.4819641158638533,0.09425330963843415,0.09375633654323559,5.400316847421999,5.371842386535569,0.016779798965473873,0.014340700858507908
25,175,0.34310325465063657,0.45730984179761347,0.1794072999520614,0.17910814264650204,10.279281101090735,10.262140650071679,0.06731129695712085,0.06440124522028473
25,176,0.4381764195495766,0.5334439653742054,0.04721249164355089,0.05350140542306989,2.7050765114721336,3.0654047287602393,0.005707433771651692,0.00892174534862466
25,177,0.6745220045814162,0.7403705641382998,0.053592822456278014,0.05705393333652035,3.0706425389386722,3.268949584803367,0.007021770904175821,0.006414237606255049
25,178,0.42412064616764783,0.521652374194568,0.11512860934073749,0.11545122792823864,6.596383416434685,6.614868099890973,0.03408825601203958,0.03254451040443832
25,179,0.3715269955036264,0.47978478909928873,0.16485870646471634,0.16254902897870233,9.445708096414346,9.313373324429358,0.06442608292409774,0.055852971563893045
25,180,0.4404374793764767,0.5342750786760073,0.08425592584736831,0.08731913857038025,4.8275089500214285,5.003018110800789,0.030714605787835962,0.036295283386819796
25,181,0.5418737420021291,0.6207316932817278,0.04615801475968795,0.04668507289065277,2.64465943643268,2.674857642895018,0.005117932083440604,0.007287327939083887
25,182,0.3642503297759929,0.4729362283863238,0.03862654603970572,0.03734483549377781,2.2131380652429025,2.139701460403824,0.006787930927612717,0.005579936577610186
25,183,0.522490973800416,0.6043239220055743,0.08024204999216117,0.08301505012427518,4.597530804028596,4.756412008187948,0.017432620168446912,0.02271189234476577
25,184,0.6648070652333501,0.732826833043651,0.1348036802843999,0.13785718733035973,7.723681943127019,7.898635009573977,0.06464676097925733,0.07211725820473663
25,185,0.4705424412503914,0.5594591389228036,0.03404700610628218,0.03667975877727053,1.9507497549461115,2.1015953714955384,0.0034836215597809205,0.002836002784502656
25,186,0.3992724878463441,0.5017747309029447,0.1159977623335333,0.11806893249377955,6.64618221467305,6.764851523508594,0.026568585935454622,0.024742240552991165
25,187,0.4445474773740254,0.5381264663957741,0.06904746411558721,0.06868779671359683,3.9561282799041484,3.9355208557416645,0.013841179544995245,0.015328008958694374
25,188,0.47595766121584554,0.5644834114218553,0.06646181188852383,0.07204923220624761,3.807981320004815,4.128116922576033,0.019326282334164592,0.024407269736346347
25,189,0.3933765221495376,0.49606243600507816,0.011967104020335264,0.019130556145570254,0.6856645533592504,1.0961001268792352,0.0003862585847609767,0.0011840765695722787
25,190,0.38984503124194125,0.4935924937444493,0.06494757197436019,0.06574327974649474,3.721221763752986,3.7668124608220537,0.012283044008432841,0.01525177402646314
25,191,0.4778449848951324,0.5654154785269119,0.0491237586546435,0.050771378493086744,2.814584044730324,2.9089857077151478,0.005762660519997579,0.007762189082122419
25,192,0.49171212301832884,0.577395559762852,0.09198407859679442,0.09237201751802543,5.2702994859959675,5.292526748891363,0.024817793657275496,0.028867594977215937
25,193,0.5068427006868896,0.590528925766116,0.05896243911661264,0.0622838003271185,3.3782989111789785,3.5685988907794264,0.01635773026368694,0.02018808403551366
25,194,0.4863246190088847,0.5729126097507444,0.028425409594243844,0.030862992290120364,1.6286560006808501,1.7683192013686961,0.001948611572659827,0.0013583382802725957
25,195,0.5219605812496988,0.6046942841111362,0.06320580523958647,0.07306108634786665,3.6214258809541695,4.186091894373637,0.01591490321903799,0.019183133212131345
25,196,0.36045184364319427,0.47004605663574284,0.05520005562311859,0.05743288671230699,3.1627302160920827,3.2906620138681766,0.005742373224923884,0.005668064931556419
25,197,0.32709529815918176,0.4448638313644037,0.1591980835697677,0.16395097500934683,9.121378295118664,9.393698915090406,0.9347409093575777,0.9735077197266644
25,198,0.38417113291327776,0.48924630603485303,0.08892281893355344,0.08893268857438293,5.09490222729862,5.095467716063459,0.021538581458505325,0.02030560385593511
25,199,0.47255774090752917,0.5638754939149992,0.08713552407116017,0.09606493666191364,4.99249777493807,5.5041154299192225,0.03243634505963489,0.038923074016699685
25,200,0.4649440461146262,0.5573176345635987,0.07595687775326557,0.0838606306296966,4.352008520253252,4.804860202387134,0.01006828382890056,0.01305233406760183
25,201,0.43585195782400543,0.5306008455122355,0.05777980483104553,0.06118248555806794,3.3105389579085136,3.5054982025974044,0.005550180647183808,0.005275724593775299
25,202,0.41039635090901505,0.5103782472917971,0.07616025893622116,0.07867772622725737,4.363661403668986,4.5079016545075925,0.016673187776397178,0.016856202685943948
25,203,0.3844812218198787,0.4888137115127037,0.027376130574727316,0.0325018132021969,1.568536741330928,1.8622167230084619,0.002827392580797637,0.0037601014654528777
25,204,0.5391025813487326,0.6197835561756183,0.04299110876129786,0.05016548025091097,2.463209088610264,2.874270295624081,0.0035499183171491516,0.004932346175278143
25,205,0.3983964487575454,0.5001649631943207,0.09952969839730931,0.10286384254041296,5.702631654375817,5.893664042063919,0.027862810578888286,0.03367416636956978
25,206,0.4848238133123317,0.5715894807690924,0.03126231380841453,0.03580617250188928,1.7911986390357078,2.051542564875639,0.0017658351985523676,0.001941287377007963
25,207,0.40848618818493304,0.5085124625480745,0.026351155261392763,0.033755008324642184,1.509809981771759,1.9340195144309569,0.0020220056198184937,0.0038119539503717243
25,208,0.40068824602421355,0.5023233696734303,0.023969868318903294,0.03281789700451295,1.3733722901575005,1.8803269908536189,0.002014443321715331,0.004155646248390599
25,209,0.4448130467765466,0.5377838767025239,0.06805266559317391,0.06955014157473667,3.899130523104016,3.9849295767697726,0.015277296481461887,0.018650976852791185
25,210,0.5318260245278085,0.6134940233443549,0.052209913184594815,0.06074270028630978,2.991407674221714,3.4803003626336477,0.007030892757191612,0.01067762775561221
25,211,0.5096908670819533,0.5925075090997179,0.026993227210639317,0.028685024230224003,1.5465979946073245,1.6435308236223385,0.0031522684991739103,0.002796038512535382
25,212,0.382061655986478,0.48713881072081994,0.0753942394098913,0.0801260298210107,4.319771717785674,4.590883337883288,0.025606581675755608,0.031218558453769307
25,213,0.3674791499891851,0.47641709878421107,0.09310472316102483,0.09628526041104733,5.334507689860648,5.516739050871082,0.019512769108255206,0.01982192444273497
25,214,0.5095322352085191,0.5945562916939502,0.12343769680246917,0.12676295992762782,7.072459059596981,7.262982602439053,0.021861473763378256,0.020376244548894237
25,215,0.42826776323318394,0.5239825443060936,0.06810899851174676,0.06643083420447947,3.9023581615858944,3.806206429449983,0.009333759972107298,0.011332651995819905
25,216,0.345472119172551,0.45873728645056566,0.08965353859229376,0.09718946170425824,5.13676937975168,5.568545968802338,0.04497954930355898,0.05357801522893475
25,217,0.6256409418574588,0.6972092992816427,0.08717736337242951,0.09239779530719472,4.99489499031858,5.294003707415941,0.01921053522459029,0.02472539062389937
25,218,0.45321334300334376,0.5468328717934475,0.056975285342040646,0.06709316355415249,3.264443386652512,3.8441551058338916,0.009699327122330091,0.014655321713699564
25,219,0.3842849450964472,0.4892538105773144,0.06314585078876186,0.06618907768178083,3.617990743958895,3.792354801029592,0.008380154587100012,0.008666066885384287
25,220,0.5412541212302531,0.6261717621576529,0.2243986283916256,0.22038176328217438,12.857094335364676,12.626944917719765,0.10100915543758565,0.09114369338572641
25,221,0.40894533795644544,0.5094705960323894,0.05546513636775113,0.06179812996495537,3.1779182239897126,3.540772028792889,0.009919204017140585,0.013249411071571439
25,222,0.4628795823355893,0.5528529388837717,0.043206624143288234,0.04690981479651173,2.475557210418462,2.687734405580463,0.0074258500170517865,0.009573811189140101
25,223,0.43146020651626765,0.5264682419961847,0.03079864641188007,0.02950577333892711,1.7646324541164646,1.6905562835901506,0.0015869345193125373,0.002657530793256927
25,224,0.41995770910230557,0.5191343417760779,0.08770943065276088,0.09434798096396711,5.025380199898572,5.405741114815948,0.010316868856556773,0.01102380292560377
25,225,0.452430079867724,0.551800897646053,0.36219457500034163,0.3588805055132654,20.752220510054133,20.562338315431578,0.21295695860970146,0.1997864178434453
25,226,0.3647979344889235,0.4732059342251925,0.04187792685836514,0.0403272950119445,2.3994284637418772,2.3105838033633965,0.0053070675383832845,0.0032131705055968504
25,227,0.548178754680213,0.6268908949238217,0.07967478775019332,0.0766498250908001,4.565029071686709,4.391711478118808,0.015794501437148386,0.01686541706360475
25,228,0.5287933897768776,0.6091858667543727,0.0895844386819734,0.08812154931110475,5.132810246525591,5.048992859680269,0.01746110153157278,0.02004451542452422
25,229,0.37100935575904903,0.47772676097240213,0.12584347044390679,0.1253837628784407,7.210299735715175,7.183960432403734,0.06898076957082155,0.0717005365123497
25,230,0.38068639589004827,0.48558987995763636,0.14740495724085917,0.14795013743145585,8.445681929207595,8.476918453202922,0.09289164842285008,0.10223266554901517
25,231,0.33014068387135087,0.44731217250108196,0.027265974502022512,0.03763855620070098,1.5622252632772065,2.156530417266121,0.0023425838982926673,0.0042293146356754355
25,232,0.45536674136454597,0.5468323123519638,0.07706604143878698,0.0789325918101498,4.415558918222804,4.5225043767504705,0.015566349304371813,0.019705593009979913
25,233,0.48128813704385953,0.5685174296883692,0.033017946729403384,0.03999219643106416,1.891788995782594,2.2913840689581297,0.0028555181238035642,0.003583372051797075
25,234,0.5297773102484036,0.6093122177483555,0.05402613632192204,0.05164893570790652,3.0954695946445736,2.9592660324055764,0.013913502888319508,0.013588416814927983
25,235,0.35613864963609654,0.4667914017817135,0.08014774026660963,0.08326313842324738,4.592127254787456,4.770626420665635,0.04091444166840075,0.0447398876225128
25,236,0.38864809711207077,0.49255802206106175,0.04254615197457283,0.048537540768342616,2.437714942665217,2.780996233970203,0.0037646685804381564,0.0051051939796672545
25,237,0.4057333665213246,0.5056834093459925,0.08566432510113685,0.0867779270280649,4.908204283131741,4.972008973602354,0.019527361993865927,0.02415954452842157
25,238,0.4517254054498194,0.5447063783090818,0.052184806931996376,0.060690219755583454,2.9899691919084344,3.4772934497164223,0.006768479764215882,0.008641454465512117
25,239,0.3977585101256236,0.49845626193787196,0.127274937795752,0.12494626790887398,7.292316773486674,7.158893817089357,0.053554133042187105,0.05497705711318038
25,240,0.6598704024271561,0.7276567267703601,0.054991010306309075,0.06432516769039118,3.1507528017119224,3.6855606251307,0.011187803562452477,0.015496291197024569
25,241,0.5749213526369787,0.649363971340102,0.03647296577025233,0.029498186153041745,2.0897470049605764,1.6901215698605379,0.004327395520687907,0.0019010552328392015
25,242,0.3818050404276489,0.4872236088494849,0.027733641495428493,0.041402595187884035,1.5890206082169416,2.372193965154407,0.0026686248841390836,0.005781266396071814
25,243,0.5531182472430871,0.631089856234094,0.0666352453458861,0.07326568360559933,3.8179183251380344,4.197814453741669,0.02613719973578436,0.02838367731603232
25,244,0.3438449099201954,0.4574517172449152,0.04022564591511091,0.04532320174047318,2.304759739123515,2.5968281737491004,0.0037315726499136254,0.006753042764482978
25,245,0.5580054405565292,0.635385022618338,0.02719304765944562,0.03663091212530895,1.5580468629843356,2.0987966644947957,0.0013048738251224146,0.0026393658471566012
25,246,0.33572156895514704,0.4512756715086669,0.07353327762210426,0.07589720922915584,4.213146461510356,4.348589765651989,0.10809416358262845,0.11139886424240047
25,247,0.3938836962316857,0.4969474688689669,0.0877135502703284,0.08930290193137441,5.025616236598398,5.116679378938442,0.020234665487796406,0.01976837592997712
25,248,0.48979006501358874,0.57646961697871,0.03366142650163063,0.03734040764567539,1.9286576709332544,2.1394477633952302,0.0023008098938393645,0.004496564783900849
25,249,0.41885053201192995,0.5176231846069557,0.07932297573871352,0.08631076316695448,4.544871728246909,4.945242456019691,0.008251754401788523,0.00982631988679148
25,250,0.3657606179284957,0.4753390632734164,0.09071808635528943,0.10236557279844503,5.197763473661425,5.865115288790084,0.015371361960490906,0.021925944047682784
25,251,0.3569899497732251,0.4677535634088588,0.0606110891855343,0.06985301926790956,3.472759602022142,4.002283190297237,0.015400309011708583,0.02204704453634244
25,252,0.41200442944458454,0.5124172363292634,0.09413471752333348,0.10035966386972477,5.393522019743202,5.7501851730868045,0.012106495793126545,0.01342750624094538
25,253,0.34722333925623605,0.46019097087140537,0.11082566221773156,0.11421769520688729,6.349842706818485,6.544191881066254,0.019571665250733367,0.019652777038396935
25,254,0.7287754035018271,0.7886554718798299,0.046617953564665644,0.043831590962114635,2.671011988792193,2.511365171472932,0.00465434612020315,0.004988927812544359
25,255,0.6465524261291158,0.7173827461187189,0.2029155437812576,0.2030930493916224,11.626204256268137,11.636374578581934,0.1888320619468396,0.19676480493128512
25,256,0.39175375014590386,0.4944891828934527,0.12069774991526534,0.121121900830996,6.915471666870194,6.93977372421817,0.05269954628780559,0.057336331818467264
25,257,0.38972165031878253,0.4928611473003755,0.059468778309333586,0.060404547368040414,3.4073100099239495,3.460925627586781,0.00903349593177271,0.012138643543126923
25,258,0.42585507133611905,0.5229050691708139,0.09935950951900534,0.10118093310244958,5.692880549928934,5.797240433965883,0.0165688846234509,0.015306291664648738
25,259,0.5631101511798215,0.6385840699495083,0.057267135975207786,0.050241947500570074,3.28116519618121,2.8786515463005204,0.015317575134387189,0.011316941432221143
25,260,0.8080032392058074,0.8689043335351609,0.1849252976406139,0.18313387154258942,10.595439080007738,10.492797925281344,0.06185844046394927,0.05533621401210617
25,261,0.5016480147980159,0.5864135257237453,0.03735621295183732,0.04080664147945643,2.1403533407322213,2.338048332876335,0.004018482187075912,0.0064153567285400726
25,262,0.5016222052891333,0.5873266636238684,0.05879338302879211,0.06597164311422306,3.368612710845869,3.77989671798828,0.006283398881630556,0.007359478363472996
25,263,0.5441160757096503,0.6227574184024476,0.157776674993621,0.1577859159203741,9.039937582741757,9.040467048843501,0.10249186046783729,0.10693064790638049
25,264,0.4796440957733296,0.5662214994842031,0.024125466479976532,0.017188574514551535,1.3822874080869938,0.9848327755299308,0.0019421446947498907,0.001441945100268161
25,265,0.6580991161906933,0.7266389508389182,0.07636642575573073,0.07986316761742708,4.375473892302519,4.575822443024438,0.01741618944833317,0.021096635241163182
25,266,0.3581613409362396,0.4681373616527611,0.12385302862113813,0.1250457003326605,7.096255819904204,7.164590875319081,0.0946770693480945,0.10278531241164768
25,267,0.4143099937245408,0.5131998560044424,0.06416442225175299,0.0701470916588568,3.6763505899207525,4.019132297169835,0.013043122207151266,0.01857198142365145
25,268,0.37225517063048863,0.47923157084352946,0.06689188876865063,0.06959904703650092,3.832622910102234,3.9877316533240026,0.010985559961942087,0.015161333898293834
25,269,0.4839927003201809,0.5714043705896547,0.026695068859915783,0.03821294130436836,1.5295147794842847,2.189440259521446,0.0025368504535724177,0.005506471450046201
25,270,0.5951155433626056,0.6693787953599082,0.24799665532229104,0.2471832553248697,14.209161683327862,14.162557296419667,0.45258346672737815,0.48878740604285414
25,271,0.5115063953354487,0.5945614514332376,0.16376931616392162,0.16285645626310824,9.383290629936322,9.330987610332985,0.08521294870170683,0.0919304523555203
25,272,0.6388011725516674,0.7097636683802034,0.08549172386656133,0.08868982908774953,4.898314960851816,5.081552892464652,0.015063983890418728,0.014865763747874582
25,273,0.544467782924935,0.6241535328014786,0.07732409706169817,0.08021010333921064,4.430344416295235,4.595700395644961,0.012823232426978328,0.012750672083756381
25,274,0.383234896453078,0.4886614406894551,0.07501382403700471,0.07998956939059845,4.297975522457377,4.583064731150127,0.01113217574294522,0.011570867287639106
25,275,0.5071595992845939,0.5910684253834507,0.20299970342084317,0.2020595073038784,11.631026248421733,11.577156979005064,0.14358538404598803,0.151848616703599
25,276,0.7015878635234728,0.7662510767860358,0.18249520622061502,0.18105175854447036,10.456205097810848,10.373501638019793,0.12382184082092004,0.1287561569927334
25,277,0.4707443758853231,0.5596472591032624,0.08455176095045086,0.08536562712169742,4.844459052859876,4.8910901495607755,0.01742656572621045,0.021556670182745895
25,278,0.3610773953801459,0.4702857424537009,0.10136536072496996,0.10034329694459906,5.807807358361933,5.749247417353495,0.0422053817703166,0.04583899055502355
25,279,0.38923408340878857,0.49910959193656745,0.5124091887221123,0.5075292082377282,29.358883897499535,29.07928161163812,0.39669698304102263,0.37664997930355076
25,280,0.40790369183420516,0.5083776833636509,0.04679188417821876,0.053248588601416263,2.6809774788769074,3.050919391889575,0.0030837107106186333,0.0036713781292634275
25,281,0.7521092703687495,0.813268614562714,0.11718701507985146,0.11780790822612448,6.714321377811423,6.749895934621466,0.027678523001466976,0.032949579561834835
25,282,0.5266031239034892,0.6106193219894054,0.0634224503068508,0.07282131362891746,3.6338387289607437,4.172353929535471,0.012229380127313845,0.01701375442815407
25,283,0.41237630843438594,0.5123233779144571,0.062459779364746136,0.07251604907748485,3.5786817469182637,4.154863559103429,0.01730287794186066,0.02212710801096442
25,284,0.4766579236891921,0.5650738176214162,0.024692399535806004,0.03002247179146127,1.414770279452477,1.7201609242012985,0.00201471060461881,0.003523993316577862
25,285,0.3459502889160719,0.45911640721350233,0.041590454089193006,0.04854292823747312,2.3829574873433756,2.7813049132136376,0.004283961012578948,0.005911576973059619
25,286,0.35356173801710916,0.4648394909911061,0.04231199327198647,0.04587596936059452,2.424298637270759,2.628499425433544,0.005077095131068979,0.007693358334873241
25,287,0.42026938546492254,0.518602156233607,0.03848941376715259,0.04778676000157928,2.2052809647905702,2.737979664695068,0.005304724022566978,0.008974072170838378
25,288,0.528903771332416,0.609668767237337,0.02053977558505158,0.03093552031190697,1.1768424531693067,1.7724747509135015,0.001695962149412253,0.003938699238430999
25,289,0.48023081174693744,0.5673176636997409,0.028373749377580804,0.027728483325843354,1.6256960882973266,1.5887250668697004,0.0015809818961484015,0.00186479626748158
25,290,0.5163007018028795,0.5988014717579533,0.09255103687956742,0.09415920656522618,5.302783802758846,5.394925138487973,0.022876012822654987,0.0281387620295629
25,291,0.44781831862650245,0.5405318272022626,0.022593390942604905,0.029754551863627535,1.2945059459003618,1.704810243088976,0.0009003172437810295,0.0020239316517072373
25,292,0.3777553953197219,0.4845268471831877,0.04041521290478038,0.054414665509856006,2.315621127566576,3.117730677330835,0.00602300389084035,0.010599341928959664
25,293,0.34563907943273814,0.45871557514817135,0.13743759043561285,0.14068282234279092,7.874593878408186,8.06053197023068,0.3390926835625686,0.3552679863084084
25,294,0.3584455400936393,0.4683985562243355,0.04148689458714787,0.040380533280578584,2.3770239649477127,2.3136341314647133,0.0034968689449671603,0.004658650220781321
25,295,0.40799620640714734,0.5081178345620218,0.02383186947344184,0.03198489016730516,1.365465538734881,1.832599214776071,0.0007518540253841017,0.001383687613919693
25,296,0.43359732556421987,0.529533370818171,0.047271641816907045,0.05545465934560283,2.7084655667629085,3.1773179348387495,0.0028198534002584243,0.003906957808931457
25,297,0.46131579423921226,0.5535152441685505,0.0832771605652393,0.08856584930866067,4.771429830221505,5.074449374377896,0.016278370160227686,0.017545785432090046
25,298,0.4123667922256299,0.5110757789988035,0.26943481723891843,0.2679963834891366,15.437477881668702,15.355061698697028,0.7816863393784517,0.8402782577781995
25,299,0.41132594646308984,0.510232359491509,0.08466998702351948,0.08089109168131409,4.851232907875113,4.6347181535451,0.0221066086420474,0.019353167864676075
25,300,0.48751071563702486,0.5741122240127854,0.04920044600028808,0.04897619712931312,2.818977905977819,2.80612939211038,0.011300857748126225,0.01140793113997778
25,301,0.39294045565732183,0.4953464321212234,0.12946493474255652,0.12522535513479668,7.41779435568511,7.1748843372507425,0.04456512621273882,0.03935411010146225
25,302,0.37793571510248664,0.4840490372599908,0.026612585403306677,0.0364828444722637,1.5247888255409323,2.0903130128928953,0.0027060201904377957,0.004881459481674301
25,303,0.5451216557342199,0.6234754053636768,0.017372275724793725,0.021872677903154964,0.9953580795682536,1.2532121304998347,0.0009723486550183213,0.0016819118850800573
25,304,0.40721180159350295,0.507036682673452,0.08659398340885521,0.08715790961366116,4.961469780553277,4.993780372045488,0.014844058821070906,0.018800046433187605
25,305,0.42168627203496084,0.5203886725466016,0.0781574200470866,0.08629700969466514,4.478090306329234,4.944454440103861,0.008876190647891382,0.01083102970198899
25,306,0.5407775038137616,0.6221612669171825,0.06982185580233807,0.07494042512414548,4.00049765524499,4.293770074529694,0.009619763948836155,0.009754116080609394
25,307,0.41100856592211993,0.5096527322700373,0.07331168287642123,0.07272338118806568,4.200450017820444,4.16674281399725,0.018159058435747753,0.020118285734358712
25,308,0.45259893579788774,0.5443045333567584,0.17843566273560305,0.17786289876998831,10.223610389369831,10.190793431482932,0.17837771392434354,0.18738172967385383
25,309,0.5211853677618321,0.6028461328812305,0.04254034328248411,0.049299808325682364,2.437382129124042,2.824670947865517,0.00973989575736422,0.011670654216401262
25,310,0.4696446072244296,0.5593955962150008,0.03733125619408405,0.04146292749677162,2.1389234238426282,2.375650751821945,0.004101147159018046,0.006564224420096895
25,311,0.3929678198601404,0.49566313066106304,0.08505175561615107,0.08992657705847644,4.873106636983553,5.152413331508673,0.030795972993788535,0.03689900623098945
25,312,0.5395949745559177,0.6189765514162658,0.10285072261685786,0.10268361550747207,5.892912325816678,5.883337793722241,0.027442627031301722,0.031206747673789448
25,313,0.42817122931695417,0.5248935103618466,0.06018237911552309,0.0665421031662074,3.4481963243757416,3.8125816713477962,0.00774716920190599,0.008296395114478088
25,314,0.430268965584969,0.5261757599084745,0.04375408255695244,0.0507824360647289,2.506924266980348,2.9096192599019073,0.007847030240080356,0.010092701658297083
25,315,0.3954255004228792,0.49739872789878115,0.037263493171119856,0.03776682900037048,2.135040888619732,2.1638799073135107,0.0030568394701958046,0.004882235047290628
25,316,0.3563813948157416,0.4684299705807999,0.1472827493803461,0.15014450272843852,8.438679934576873,8.602646323430001,0.060646104245870275,0.062834903984539
25,317,0.34715431187771656,0.45963124820568696,0.19304227417488004,0.19287646944729264,11.060507577827913,11.051007666713838,0.552735633609389,0.5814953379155897
25,318,0.3754383428524534,0.48137793712948873,0.1406085038244098,0.1419017640263096,8.056273832787776,8.130372184168872,0.11064741364403824,0.12129697287902615
25,319,0.38594681456806934,0.4909769934032522,0.11784983087457848,0.1146600072435351,6.75229792544389,6.569534493994009,0.030497074420270186,0.024624561103200084
25,320,0.5462069728404371,0.6253718112067744,0.0343268057807123,0.043206398841309904,1.9667810954000917,2.475544301565988,0.002094024908884006,0.0036830201917047783
25,321,0.5088179860243188,0.5929705026318662,0.04444962150582485,0.049356447537724384,2.546775713237703,2.8279161356704714,0.006002033141622091,0.006790504428248141
25,322,0.4320909439461857,0.5280950213159957,0.07464216566887712,0.080719970603449,4.276681066542946,4.6249136379977,0.017908684638180804,0.019245748805825285
25,323,0.5603563081097934,0.6376605271398117,0.06863726421808666,0.07060694482406006,3.932625557020668,4.045479942731714,0.012923828796717919,0.013119458587347116
25,324,0.5008902345614635,0.5856945331577461,0.023182830448614796,0.03363731717461723,1.3282783418730046,1.927276308248486,0.0012256119140814726,0.003139487407953624
25,325,0.4005577851659463,0.5018775345901868,0.024645881100671674,0.027296494198609467,1.412104969449727,1.5639739130836587,0.0019146433476779326,0.0025611242714241537
25,326,0.4671985013489446,0.5579298489568864,0.09249534933224252,0.0962233085951247,5.299593141325693,5.513189473285545,0.026820616043209837,0.03087583504459903
25,327,0.4339026045708748,0.529901377560568,0.07584177325794632,0.08362823362639998,4.345413518468475,4.79154483492675,0.006627680149015477,0.008078694389402272
25,328,0.41894793163755095,0.5165006756372923,0.05363940246922938,0.061835254886698075,3.07331137709045,3.5428991301234993,0.01362915689099118,0.019073779235473376
25,329,0.558825761325617,0.6360520018954412,0.12886186400476757,0.13052168069332432,7.383240947661962,7.478341438681644,0.06480959602016498,0.07070801311356509
25,330,0.3306473448703215,0.44760170463199933,0.030838174485879857,0.03685279616991314,1.7668972459289332,2.111509683791908,0.0045874156154153715,0.006147978945539706
25,331,0.33139765913931685,0.4480828404440471,0.05858421238112464,0.060851019063392,3.356628115536505,3.486506571402477,0.006514767005116304,0.00675053719383693
25,332,0.4266051232080582,0.5232429024971609,0.04004600067615114,0.04630827905541059,2.2944668251215012,2.653268946389093,0.003900500269985613,0.005662224255791749
25,333,0.41903863320937756,0.5172196184069636,0.055682574898575234,0.06341408462749419,3.190376534109459,3.6333594108408502,0.014033691881368321,0.016417061381799276
25,334,0.5134279847031674,0.5968401972187524,0.038953233298617496,0.043911115692974394,2.2318558663992443,2.5159216029181097,0.003960680469974821,0.006407243569505271
25,335,0.6439333974692524,0.7143573833211754,0.15385386583318103,0.15543431254165016,8.81517717401329,8.905730100153914,0.06841753430227646,0.07571266856547418
25,336,0.4445577659112047,0.538809822817488,0.06574788567340027,0.07300747329642772,3.767076360994486,4.183020092799368,0.00984633222918033,0.01117031327189389
25,337,0.4311816617571581,0.5265215043736426,0.06301172017219135,0.06650232231735771,3.610305625725917,3.8103023966032614,0.015531610072439118,0.018854175581837055
25,338,0.36634556684339287,0.47483860946065315,0.06382404231336453,0.06956075843715358,3.6568482560201705,3.9855378781779325,0.012657432618461847,0.01804298499453455
25,339,0.35627895653173525,0.46739288876887763,0.07659769314673351,0.07756346922213787,4.38872453774598,4.444059430821358,0.016326339210961827,0.01809646396065485
25,340,0.37397924172787533,0.4820496449036932,0.3221321023235759,0.3204963849614027,18.45680990881728,18.363090207488483,0.20704866884451922,0.19958727450419633
25,341,0.35414206642582274,0.46570658928314224,0.061573847813899005,0.06584437363715501,3.5279216081172433,3.7726047140914436,0.0105425682360137,0.012035510866363472
25,342,0.39166396211326937,0.4948545406675185,0.04209306221058633,0.04721511184116673,2.411754811448212,2.7052266377370113,0.0038880389671527363,0.0042623602172559595
25,343,0.3298722014777309,0.44684680782125286,0.145497427397503,0.1455662409382515,8.336388519888034,8.340331245346276,0.2523772279219363,0.25849147187118193
25,344,0.4218294064736929,0.5184434799338892,0.039943254842239595,0.038998357550223524,2.288579922475818,2.2344412955699564,0.005458808343652342,0.004746420094283735
25,345,0.4815916625542967,0.5685187980989741,0.04168337585487149,0.04329849479951965,2.3882815123416563,2.4808210112816194,0.006737554854282962,0.0071704024750854686
25,346,0.45880517733728177,0.5510186314669616,0.06769830552263167,0.07142949112049961,3.8788271866339876,4.092608373971817,0.00872151481972102,0.009458731703631127
25,347,0.6480061698050917,0.7176864566909655,0.03526577738380853,0.0461535155289312,2.020580205340139,2.644401649499263,0.0033661123620789416,0.0061809676051057805
25,348,0.3570131871134273,0.46794835747473973,0.06550813246552244,0.07407729653386999,3.7533395140583634,4.244316449129832,0.007907018426384336,0.011148678730389928
25,349,0.4166554873793904,0.5146307214303217,0.11271079814896663,0.11687132868016116,6.45785303948672,6.696233879459489,0.049134713173877825,0.05813905584162731
25,350,0.7638396110084517,0.8285209539604815,0.3425799322171972,0.3390449974093652,19.628384261923216,19.425847416580556,1.3530398435611368,1.4088337474317503
25,351,0.32281482120798,0.4416411195657064,0.19107301098876386,0.1935970127586712,10.94767710851297,11.09229175741221,0.7641793098745822,0.8176466813929507
25,352,0.39135872501226715,0.49422002550673616,0.05077369875937408,0.049415769462762944,2.9091186491807584,2.831315031607772,0.005034792779708034,0.006846485496522954
25,353,0.43195169700135244,0.5275474705670938,0.020850497145388995,0.02973092145534193,1.1946454871803602,1.70345632042604,0.001591101047913981,0.0035981601654188674
25,354,0.3891298812212104,0.4927237181354892,0.1046268759827486,0.10587229389771338,5.994678417450172,6.066035607707637,0.027757745405853122,0.03290010073098529
25,355,0.4960501548187352,0.581523487316374,0.1919358048611719,0.1910166087160839,10.9971115559917,10.944445496333461,0.12380165728625732,0.1309372887137825
25,356,0.45031503145514984,0.5426317288543512,0.05863666184835107,0.06280799974092928,3.359633248646289,3.5986333048140158,0.013219230304137547,0.01637186784300794
25,357,0.5303649976054189,0.6126256976180346,0.07706813900898069,0.08390642101971155,4.415679100142136,4.807483798477249,0.019502195640098446,0.021145641736740623
25,358,0.4752105205407788,0.563929728976754,0.16039953380332417,0.1651894764767158,9.190216322796456,9.464659822091408,0.13198895742313138,0.14744757769844166
25,359,0.7630512274237293,0.8267035329729063,0.13207002492892447,0.13873460597662798,7.567055028614942,7.94890739487123,0.06567053819773701,0.07415089338769174
25,360,0.48224917968117753,0.5694532663927052,0.05896704751624994,0.06180436733904901,3.378562953028505,3.5411294040036987,0.010727198402358643,0.013881342374750593
25,361,0.6049205714902633,0.677093440454507,0.09962636767201602,0.09820992444647562,5.708170395825102,5.627014177081741,0.02180425417693816,0.024890206563855696
25,362,0.5937519468647071,0.6672836730063502,0.033326946442083207,0.040382270911510164,1.9094933751899028,2.3137336903834442,0.00409484321329185,0.006956092161186193
25,363,0.513905593347375,0.5969899459099375,0.04600391246463583,0.05023461036466114,2.6358300253129143,2.878231159379225,0.00696410661083602,0.00730751327703116
25,364,0.45782403150820844,0.5491390539276207,0.047091150434434195,0.05470996812222771,2.6981241723087326,3.1346502706989217,0.008921157979095588,0.012460229904453165
25,365,0.4576074789870082,0.5485429729876482,0.063691491449139,0.069034812754426,3.6492536509292366,3.9554034103045153,0.023925253607666577,0.02713093314171221
25,366,0.4029376970021694,0.5035051704544916,0.049062435219735225,0.05403301875972032,2.811070470724834,3.095863929283176,0.01569070267052384,0.01782401343090464
25,367,0.44134134687385046,0.5359794836932883,0.11543508341759269,0.11794192923299762,6.613943087568656,6.75757477268139,0.023081953193495347,0.02205422291801898
25,368,0.36715237728448474,0.4756107100395354,0.19089316962671585,0.18794076123074363,10.937372957485735,10.768212416997537,0.07438507470516266,0.06765846608319122
25,369,0.7394385840424417,0.8010024622863439,0.16968854496451244,0.17086123514194085,9.72243745818246,9.789627656025555,0.09978143255195888,0.10824781606250711
25,370,0.5640186704885228,0.6416805422123517,0.2047101343845319,0.20223715451704913,11.729026723789591,11.587335414562007,0.12558512413419265,0.13060924130982715
25,371,0.38339258510587165,0.488263030935946,0.08496199461712362,0.08875321480008902,4.867963710574402,5.0851846262631355,0.02501179515111835,0.029848102067482937
25,372,0.5480316021980837,0.6253012683537361,0.02604818713834658,0.022913601007235482,1.4924511869942125,1.3128526311613051,0.0015039114883556616,0.0009486510886645774
25,373,0.4366839238266873,0.5314976797166793,0.03800885049253738,0.04384455597839802,2.1777467173661322,2.5121080121872885,0.006336431690532345,0.008031623097634553
25,374,0.3822617738587784,0.48685145445074923,0.12790791163729018,0.12780732210438822,7.3285835031489945,7.32282014745052,0.20801114081297656,0.21132614784052658
25,375,0.3622247983153984,0.47124398989285676,0.12649268208151904,0.12907589675806702,7.247496822561134,7.395504121103586,0.15887742968873023,0.16874568869832507
25,376,0.3813686409384483,0.48687397094826024,0.03846919962255624,0.04884263681477406,2.204122779618732,2.7984769497768522,0.005762579876291451,0.009519066608912968
25,377,0.39283281418340565,0.49561711526027186,0.058870966803424234,0.06457479301296684,3.373057933690984,3.699863102573877,0.01828072019824066,0.022953891942828878
25,378,0.4779977261498533,0.5667476784692262,0.08974614257048225,0.09308492579106538,5.142075196868002,5.333373384116512,0.020459046451916756,0.02592922618720333
25,379,0.485777842841282,0.573421230944609,0.08121336723351977,0.08349833564808806,4.653183182526733,4.784102229002196,0.011956013164418453,0.009774456037831787
25,380,0.47614597209847254,0.563943291429185,0.15090669272390328,0.14867501849653553,8.646316593357227,8.518451078880936,0.06810234702736484,0.06410655775067245
25,381,0.5727329670870724,0.6490476409983573,0.11323883730860869,0.11006486316938979,6.488107454751844,6.306252132290933,0.02821838987772833,0.02330587106055773
25,382,0.6676017291287802,0.733957408234259,0.08954197621453908,0.08735829736071646,5.1303773263538925,5.005261744217892,0.02064328383010363,0.017004951624841315
25,383,0.7300275179211893,0.7902007759199955,0.036053486136801836,0.033665455075343236,2.065712592372168,1.9288884912044442,0.00443314680793418,0.00339433653702958
25,384,0.49296192234416025,0.5822350082776164,0.2227638529239145,0.22071468139259987,12.763428600613304,12.646019720370616,0.09256624553045116,0.08514795414118412
25,385,0.45396892260347876,0.5521443133908108,0.31580927408632925,0.31131240724002784,18.094538536236904,17.836887044911528,0.17748552730536887,0.163236366473903
25,386,0.5989145819441024,0.6725123246360054,0.09546336461836646,0.09055213802807056,5.469647890750909,5.188255334894528,0.025292225672830265,0.0192987144446944
25,387,0.6677635504347527,0.7369246256131254,0.12094885074239176,0.1210894985664071,6.929858684496781,6.93791721121056,0.02660510920511939,0.022909408394273474
25,388,0.735124579688484,0.7990211938159585,0.11150942033541646,0.11282690752924586,6.38901916116964,6.464505616938599,0.01986685892724728,0.017287107216829287
25,389,0.6156079811365708,0.6854399359120398,0.041670137294018,0.03769582342957254,2.387522998677924,2.159811587784871,0.005909396154177016,0.00454667648062798
25,390,0.6334585242667239,0.7252134466004895,0.5582386927873433,0.5536353551125369,31.98472105761492,31.72096923717495,0.4562721699597418,0.43469473602976416
25,391,0.6205936568041124,0.6982878033207882,0.2983100721583169,0.2965328060656291,17.091908120914603,16.990078274731886,0.14867497226034818,0.1393998094382975
25,392,0.522341942893239,0.6041837071528676,0.08304386357475639,0.08206071234480891,4.758062897293731,4.701732481194644,0.014435987124083172,0.011590573509805684
25,393,0.6303055936840051,0.701523390732064,0.11405082820915086,0.11454813607073601,6.5346311063559375,6.5631247479434425,0.02561125879702414,0.02279911829769774
25,394,0.5235899503103545,0.6060237346519491,0.09516349141000581,0.09649313280845133,5.4524664215227965,5.528649261919598,0.033762479210582313,0.03390420018385981
25,395,0.8247649372715351,0.8805097497269059,0.1025925839021987,0.0973153508641627,5.878122066937776,5.575758886351311,0.03329155175002315,0.0318048865748959
25,396,0.5692184796249852,0.6452913201813053,0.04279563264265158,0.04951994184077119,2.4520091320162334,2.837283669209486,0.00504934953989407,0.0061574483492474585
25,397,0.4754816987207208,0.5700365582820967,0.2789114037012522,0.27487892786274043,15.98044629015124,15.749402443616036,0.14212893427856083,0.12996236560252444
25,398,0.49284906956691904,0.5780194131112264,0.012737710952337363,0.01661760155573509,0.7298170782264954,0.9521184347736514,0.0005782729021119792,0.0010852049208951858
25,399,0.575507677455819,0.6597326810425543,0.3157513008245307,0.31070816526593514,18.091216913011237,17.802266529991364,0.18164460098557478,0.16745009146347134
27,0,0.5400362016680035,0.6147237646670196,0.15857602157680284,0.195892968980354,9.08573676832628,11.223840358861437,0.05352332789749544,0.08118065892418477
27,1,0.510911510679043,0.5838543300365685,0.05512862832268399,0.0893564869528843,3.1586377332351674,5.119749574516076,0.008763931111670877,0.02084584683754298
27,2,0.4821524949463453,0.5565401792951352,0.10256523049321746,0.06551296337855031,5.876554832047855,3.753616304986055,0.017203787070499174,0.0065393065610909705
27,3,0.37486750488250414,0.4733627165374309,0.37897396413432055,0.41654855153820985,21.7136086902388,23.86647396542708,0.2129373833848841,0.263834087115138
27,4,0.46992838831957506,0.5476148493961029,0.029776194913987006,0.04273115495526544,1.7060502985303627,2.4483148326562434,0.0038379578996928596,0.005567603021328222
27,5,0.4765986243145001,0.5518953739146515,0.045108613271386204,0.01691264645626888,2.584533160138243,0.9690232623410948,0.004458682467134354,0.001318126560735003
27,6,0.41169332144490495,0.4994273531125887,0.08828476850726369,0.07657842575986235,5.058344630755695,4.387620597796016,0.029122938387869703,0.01905875180550251
27,7,0.4599559416613305,0.5442496272781057,0.3051062332560971,0.34072019035175805,17.481299468708404,19.52182890204977,0.1768597439912002,0.22241648584613094
27,8,0.34840562529751473,0.4476816908588037,0.049924770998070134,0.08731823229717361,2.860478671346553,5.002966185170963,0.00635809137890531,0.015445664234752451
27,9,0.4382376156444476,0.5195270632082833,0.14327583510323358,0.10870402349755386,8.209100657627612,6.228281762500766,0.048832406457411395,0.031079148388752226
27,10,0.39247562356638677,0.48306478381257173,0.08662545333095957,0.06584586675383308,4.963272874271462,3.772690263375418,0.03314112215624961,0.019410663189844767
27,11,0.5220311032610685,0.5910332794791553,0.14060577982939335,0.10260879663039028,8.056117759369918,5.879050987837546,0.06731267904634045,0.04219755020453343
27,12,0.5639449511475206,0.6296463153314936,0.04366940892374362,0.02905216352743682,2.502072825161444,1.664566355846032,0.005739728011682172,0.0036864391954037146
27,13,0.4473438354747439,0.5305629881655274,0.079238076303624,0.10240892663182363,4.540007348933234,5.867599280468391,0.009649940069869488,0.012283191315192829
27,14,0.47698559545238284,0.5550496083239583,0.02615630824303147,0.04873361033922302,1.4986460699689488,2.792230192872591,0.0024147316378040976,0.004459487932819334
27,15,0.4698465046897898,0.5498233497986442,0.050745443272421614,0.07818406831061915,2.9074997290302953,4.479617139361002,0.004731337991722942,0.007442002858543788
27,16,0.7871851345126812,0.8339625688076338,0.07435203411227023,0.03609242622422019,4.26005775284581,2.0679436950351104,0.01471139825369567,0.004680116639481733
27,17,0.3800549728871397,0.47196018705078524,0.07921992285298786,0.04527092822300115,4.538967232828184,2.5938331218176494,0.02426436370582704,0.011631718580927413
27,18,0.46343422665454304,0.5411765995850172,0.07591213670346046,0.04151263264543952,4.349445046928435,2.3784986470606864,0.017295091651538336,0.006549734847898801
27,19,0.3543502026435966,0.45254805915923035,0.09406617107248143,0.08824150836067925,5.389594597408778,5.055866006935289,0.23398493981942645,0.21103676072697972
27,20,0.48615944568033526,0.5627577378016794,0.06684956106635669,0.0592830664805694,3.830197711404305,3.3966695059301055,0.020726347369356492,0.012250574748611992
27,21,0.44650173856013886,0.5261999203824979,0.0864939143316764,0.05114563371828273,4.955736244771162,2.930428952579596,0.022606285295029484,0.010622672813590056
27,22,0.520998117986803,0.5901792225339276,0.17575397676836124,0.13793023847262323,10.069961101467419,7.902820531714285,0.09877368078942741,0.0686931023572914
27,23,0.3754852286637831,0.46800795204736073,0.15762300873848384,0.1212315818209856,9.031133154868819,6.946057982037391,0.10189199623790617,0.07244656335985589
27,24,0.467393692031045,0.5438348427147675,0.107423749385276,0.0731559474070008,6.154927459247387,4.191527032702164,0.023019584537913945,0.01270472506136621
27,25,0.650106251099273,0.7061884578411789,0.07924689207500811,0.04602032412528644,4.540512455426695,2.6367703442029953,0.021963718525718955,0.009958762639426183
27,26,0.719084431819178,0.7705769550024636,0.20022835709109052,0.16035321401485858,11.472239800157835,9.18756239440944,0.10235022407163617,0.06953987892370851
27,27,0.6220247633074498,0.6802221303050969,0.2126104845341561,0.17277914928134372,12.181683444038606,9.899516041681807,0.17239982341346544,0.12936893658954846
27,28,0.4539941513049668,0.5337300026314707,0.09021220236706318,0.05902601513001094,5.168778456212815,3.381941548424968,0.03176622809869324,0.016910420151794964
27,29,0.5639578614756593,0.6300873388134934,0.09530043905109549,0.07500862615936418,5.460312943371507,4.297677706006149,0.025514708033668572,0.02000498459032144
27,30,0.544808008313768,0.6132077140924563,0.08548334221135415,0.05903458953464622,4.897834727383111,3.382432825622407,0.026196930203015174,0.015317872809023591
27,31,0.6114093985283398,0.6729403089090114,0.06661481360518265,0.041368273522899124,3.8167476726276215,2.3702274786049093,0.015242841604977481,0.006381446558572914
27,32,0.6331091658229491,0.6908547206140836,0.2749643907245144,0.23497310175180103,15.754299104900795,13.46296702947625,0.3388914972099829,0.27510281956521926
27,33,0.45786837487519877,0.5382516026683336,0.0732738218727492,0.0737758862430963,4.198280742101907,4.227046911566689,0.029195041218861892,0.021212690641721498
27,34,0.5121605170303509,0.5847578931208702,0.07063105290026932,0.08509017068287353,4.046861233750684,4.875307658176463,0.01603886108376347,0.022744837150810535
27,35,0.48221438251215526,0.5574155738676366,0.040911834002291265,0.021734745878217557,2.3440754204711047,1.245309207611228,0.0059226954925959245,0.001671308120637333
27,36,0.4981894582711413,0.5704589719103381,0.11653546766706901,0.0803568561367887,6.67699046090632,4.604108711577921,0.05698073382704868,0.03563955170701462
27,37,0.33773749815650245,0.43894871309675787,0.19212197306903958,0.16563741259740145,11.007778208582032,9.490324671298158,0.8939874166787769,0.7826366130687861
27,38,0.3985491883485877,0.4882902746943639,0.07352452735658939,0.09475517621756062,4.212645108226735,5.429071684284615,0.0075516903385230965,0.00913766632234882
27,39,0.5102868681016085,0.584556130161858,0.07142885864677308,0.07315543776393821,4.092572135896634,4.19149783230562,0.022172528905869272,0.015040104115760016
27,40,0.7400631770618484,0.7928939931223945,0.015589509608528854,0.04650340424581528,0.8932131052473475,2.664448796275969,0.0006552895593365865,0.005425965640892323
27,41,0.4245184570540804,0.5079313119561958,0.12156069934580287,0.08699327405410158,6.964915027173212,4.984347449324949,0.03784513533982062,0.02265819874251608
27,42,0.41112187987328075,0.4971076855901458,0.11667991606216009,0.08036001360485111,6.685266744302477,4.604289621171845,0.04575747838196481,0.026400679598294813
27,43,0.5633664398284972,0.6321485903617754,0.13679065621596156,0.11033899738049696,7.837527277999578,6.321958865607522,0.06041233566702614,0.03875748703618799
27,44,0.3871714689081567,0.4784078633987043,0.06430651915124945,0.05054622418706208,3.684492142543794,2.896085316240738,0.021829465259767443,0.012797648384096676
27,45,0.392791316474093,0.48185038358087784,0.21631159194078095,0.17893198445641295,12.393741277962821,10.25204752925291,0.26433956142865545,0.21104338046600873
27,46,0.4343919461234715,0.515803272161577,0.11834766969237452,0.08131919118058144,6.780821988581386,4.659246448064783,0.03506441500321324,0.01972830719658327
27,47,0.4404059447889964,0.5218455174437212,0.14128033049355296,0.1055742460620613,8.094766665494012,6.048958724631764,0.07251324469889031,0.04695866379577293
27,48,0.5370707815990471,0.6085816291931818,0.05643518306786832,0.0945071821594883,3.23349780583702,5.41486267141275,0.005127816676786991,0.015146109035718967
27,49,0.47745391408906057,0.5527745411172051,0.03765659838527661,0.03035857938323767,2.1575641582955005,1.7394184706723923,0.004331119540263578,0.00286599483999337
27,50,0.6915462848288905,0.748496239586889,0.05518506199835315,0.08917066230808424,3.1618711446734205,5.109102606639515,0.00733137823285975,0.017595569485578524
27,51,0.5652012831543375,0.6339758357234091,0.06307958705697465,0.10090707053018916,3.6141941117927012,5.781549264408765,0.007029571266366295,0.017900231198918183
27,52,0.6167944085568579,0.6756723591010914,0.17635800637216908,0.1366580077905323,10.104569448466567,7.829927083063425,0.0841575463993443,0.05472331588389939
27,53,0.4296937837063342,0.5117524733169942,0.16626538234944227,0.12696994394805788,9.526304687751974,7.2748419132363455,0.06298038414423489,0.03837677504456151
27,54,0.4798257509574774,0.5552062734562716,0.04836575018854863,0.03869218530183755,2.771153358787902,2.216898917933409,0.007646822900810337,0.004514910361476241
27,55,0.3695009090685355,0.46364547151292995,0.10071785702414866,0.06504677459196224,5.770708129085771,3.7269056550582342,0.03802558499380931,0.02101248738480267
27,56,0.5207570450930638,0.5935693214785633,0.06419104503070265,0.07384391393485105,3.6778759627934776,4.2309446111942535,0.015450303566768096,0.01170327707455842
27,57,0.45561087435552955,0.5335012256509699,0.12319222692427954,0.08430518951782126,7.058394671579125,4.830331550421706,0.050551034401299995,0.029253807328357757
27,58,0.5236571280242124,0.5920547270544154,0.15699240687597096,0.11712820027387197,8.995002329593742,6.710951537655917,0.06847877118760204,0.04257594564975413
27,59,0.37851072542524006,0.4778434450192465,0.48367295682614436,0.520992267580618,27.712419090751354,29.850658091319875,0.3242339893157753,0.3893055205229129
27,60,0.5963448071969737,0.6602931458824896,0.03231688732143826,0.06914591478228112,1.851621250518252,3.961769087595959,0.002170319815545661,0.00901354748365469
27,61,0.5672083854809744,0.6311242719506911,0.2140967166423716,0.1746332541883141,12.266838271216185,10.005748427625704,0.11301404780016687,0.07928656511402371
27,62,0.4338247035610861,0.5157536085677534,0.13611371287404278,0.09892643069162843,7.79874128153815,5.668066960923762,0.0663310441036842,0.04206999099205381
27,63,0.5022476901210977,0.57736217465848,0.0774937145751667,0.10222279845617487,4.440062783948485,5.856934921555247,0.018674591857944553,0.029199704892646637
27,64,0.4772452325919599,0.5519319979122357,0.15959677657548055,0.12051715989172851,9.144221721667396,6.905124620699365,0.06838269552732595,0.04303257706566703
27,65,0.4109720676591523,0.49703378065394277,0.08319383958618737,0.05318551234731685,4.766655889776931,3.047305388742184,0.019103308353119137,0.01074789508098297
27,66,0.39463067794730805,0.485500532358207,0.03329636807007821,0.058740313354111465,1.9077413635296354,3.365572042466536,0.0024858196927027443,0.008564713618132245
27,67,0.6028500326322547,0.6739729461500279,0.18788122785458702,0.22426475842995242,10.764801405803599,12.849424151557225,0.06434896802305737,0.09172525726203659
27,68,0.451313437681368,0.5340151315790259,0.11582438135068784,0.15009680188070992,6.636248216108175,8.599913266175957,0.03249643562840751,0.05196729398695067
27,69,0.4438822693709636,0.5266997684764259,0.05752915365389232,0.06846785007092383,3.2961777033276487,3.9229188413984297,0.010013052948032976,0.010070541654835877
27,70,0.36616826285258824,0.46084393955903796,0.15172706795595844,0.11411304687714185,8.693320631771053,6.538195973438747,0.12749910938294468,0.09563766129809059
27,71,0.4576460775250353,0.5368472915887756,0.06011423017476685,0.048994834899785636,3.4442916776921217,2.8071972576979887,0.011295932455388763,0.009579051006587451
27,72,0.509505033914512,0.579956538328716,0.10552650947937207,0.06589999473083234,6.046223619915294,3.7757915680110568,0.02537348369643344,0.01081162993132577
27,73,0.454077829528838,0.5329463025372495,0.0741541394781255,0.04567078512268826,4.248719225521032,2.616743234578907,0.010439309297938452,0.005751731420069538
27,74,0.45591115566837026,0.5346305888003895,0.05438947413744568,0.03586369516485075,3.116287318011581,2.0548383706896853,0.008783149092494998,0.004252520215843408
27,75,0.5082220835144279,0.5797351992104048,0.056689604444756014,0.02892935275112278,3.248075076950592,1.6575298166845123,0.01111466571930728,0.004064011355407104
27,76,0.4271569851911202,0.5123222479571578,0.03302102797222576,0.04305278977439413,1.891965537991971,2.4667431503367716,0.004272036910648229,0.003325840583230144
27,77,0.45334115437966693,0.5322445697362982,0.07675779105453967,0.040998131532001277,4.397897472172148,2.349019904705893,0.01182099965123666,0.0038982517437749047
27,78,0.4007131815813126,0.48918251028306353,0.12940460818241176,0.09704769187687846,7.414337898396273,5.560423156031179,0.13014358765854675,0.10102930051137377
27,79,0.5715024971415135,0.6384348113173822,0.041980525292651165,0.060782298100995114,2.405306921011117,3.4825691502930582,0.006446011871525879,0.006237403484056422
27,80,0.3581010537414167,0.45512378339765275,0.0710640347145465,0.10679205235332802,4.071669264314685,6.118733885385827,0.009085354986499348,0.02023887608090503
27,81,0.4159383050821403,0.502352200163367,0.0460516770456836,0.058733886280484635,2.638566734217162,3.3652037982730985,0.008167771630884165,0.00664798163622515
27,82,0.378583291817868,0.4703675044456816,0.23359191051870568,0.19552009575039664,13.383830601119415,11.20247629649147,0.43441095493653814,0.3665524425135799
27,83,0.45336298993008095,0.5346837188450003,0.04988438069359953,0.08355547106350247,2.8581644773671395,4.787375847166168,0.003848283367503126,0.009900442416664337
27,84,0.38238370094603064,0.47367505699226387,0.07897634120466059,0.04377670678856472,4.525011032412191,2.5082205399664583,0.019261341308151034,0.008211032630244374
27,85,0.37236968230137774,0.4660445830887737,0.07565856296099088,0.04208790472131573,4.33491634168959,2.4114593090801226,0.020302004762983435,0.008994179805543866
27,86,0.36479703401527813,0.459697583733078,0.18939037330318928,0.1536408534384654,10.851269070679885,8.802972462812109,0.12712871950504007,0.09679304317223787
27,87,0.7174893534059273,0.769662807913103,0.06596806374765733,0.03802633317178581,3.7796916353907335,2.178748401101648,0.011321861620302728,0.004944656222630912
27,88,0.44882098534592463,0.5285481007844737,0.10288187972387831,0.06547134965866235,5.894697496550787,3.7512320144666353,0.0350692720438729,0.01811718349766428
27,89,0.5309305661136946,0.5992770902251041,0.2177843541551612,0.1791443505583802,12.478124337073151,10.26421521060728,0.22565583714661905,0.1768044000032621
27,90,0.3573693322820504,0.45445543201526845,0.053338900137795825,0.05445048598783145,3.056093861765466,3.1197830395389694,0.011216126608423495,0.01026226191812932
27,91,0.45710048720130875,0.5411118255377837,0.18076353110568505,0.21874015928656687,10.356987422237529,12.532887937139643,0.0604028581857226,0.08990158947958043
27,92,0.4113080380869428,0.5001524802243829,0.10378750105103048,0.14042563411479114,5.946585776433642,8.045796170225845,0.015584122589605162,0.029026048277047252
27,93,0.7762565127539509,0.8246549927714002,0.17523691988272022,0.14213399544340874,10.040335924152009,8.143678064238994,0.07550146049641127,0.04980559668743247
27,94,0.6010794336289422,0.6665744719592985,0.0491788472128857,0.0878350510228315,2.817740386617062,5.032577716924489,0.0030950066322632287,0.011963818702932623
27,95,0.4330602059774775,0.5160801948365011,0.09822890215155843,0.07201009581536212,5.62810151948783,4.12587457255292,0.05108423463893052,0.03314800781485423
27,96,0.39800790045803586,0.48779472211166647,0.04411892916915412,0.07846023489057176,2.5278284380291507,4.495440318834849,0.00564397520323706,0.013382985264652987
27,97,0.5251209169447737,0.5974881755959548,0.046340637059351424,0.06504611070414099,2.6551229234483706,3.726867617088006,0.006609366098388735,0.010948275428459426
27,98,0.5437568873249359,0.6117866889644299,0.058258728436786665,0.0402983610648368,3.337979259226668,2.3089260103094706,0.00839903992075141,0.005442801030147137
27,99,0.38599830433307447,0.47889309577875316,0.052895023428931535,0.07755261925817854,3.030661599723385,4.443437773678619,0.00578417475366425,0.00825688780470447
27,100,0.41120233781829707,0.49977574110589085,0.07378320620660522,0.11262680035138356,4.22746631458194,6.453040320196815,0.008236055162923979,0.020550455686937433
27,101,0.39848461183117384,0.48725578542527237,0.07301332684369906,0.058526229689421776,4.183355476353196,3.3533059520171227,0.017404958487359005,0.015009144250230592
27,102,0.37207363395956533,0.4659544836775155,0.12993609890638144,0.10662329504535498,7.444790073730088,6.109064803876982,0.04255042754857437,0.03731079135101549
27,103,0.3980009990620677,0.4863785509083311,0.06155324235463521,0.023432264553821282,3.5267410022664993,1.3425698633679586,0.008324645529301698,0.0015930497581881503
27,104,0.44344118074259103,0.5236011770492851,0.09832916985741404,0.06289567698661386,5.633846435854815,3.6036568409510736,0.035317521181018,0.019038036330769594
27,105,0.462901499673726,0.541486557156934,0.077204102825404,0.058093779476895396,4.423469252989684,3.3285283799898258,0.02721446470925723,0.015336858648779561
27,106,0.36827931751137244,0.4637219623734577,0.04893416720638671,0.08669027243827139,2.8037212549134365,4.9669867355522355,0.004471914494575544,0.012523581595997917
27,107,0.39647721801263014,0.48544001604327225,0.12837607777572307,0.09727863793153538,7.355407446992137,5.573655390258217,0.11651526317431599,0.08866305177668662
27,108,0.4515481199995534,0.5318591945917558,0.048379989232327704,0.02299995272401574,2.771969195900745,1.317800220086523,0.005376982837730446,0.0018321022673535216
27,109,0.6117288551852332,0.670654952193059,0.15737933504093243,0.11842142938047165,9.017171680420775,6.785048107407553,0.08674833895040951,0.057362655117603675
27,110,0.6218316595607679,0.683172658468874,0.10618726833184342,0.07420394712981958,6.0840823134378095,4.25157299375056,0.04002854584113333,0.02309518097282039
27,111,0.34525342339800313,0.44614038065630485,0.37563027032485785,0.41144553065193046,21.522029146972564,23.57409240587616,0.21628435176158864,0.26690758055413694
27,112,0.39537201770038255,0.48571522161010783,0.04519293069523845,0.06957014805654266,2.589364192664392,3.9860758637401608,0.005425248780790005,0.007482756318743216
27,113,0.39640177955649997,0.4858332767672174,0.032350487928442265,0.044918152795897705,1.8535464234886594,2.573620578728697,0.008512036842118282,0.007989446543915295
27,114,0.5036673789160968,0.5771008015910561,0.05074378325753975,0.040429604240677534,2.9074046171836354,2.316445690375038,0.010175020981120993,0.00591164682903216
27,115,0.5008074915132288,0.5753727290292379,0.23624603428439286,0.26512551114944344,13.53590069119866,15.19057283011176,0.13090870349722378,0.16605238383624074
27,116,0.6231227811119289,0.6850750116846791,0.04479490727876756,0.07360597844949007,2.5665591307532325,4.217311912086672,0.007585495384743726,0.0154134210369588
27,117,0.3818614239421489,0.47512097611804904,0.04937733916894015,0.08330018471741388,2.8291131379662784,4.772749016967976,0.0072876596229590335,0.013797993686051072
27,118,0.5076117637728605,0.5782692987775205,0.12609973372447814,0.08874547785218433,7.22498254013609,5.084741331801884,0.05714740158860474,0.034468645049292146
27,119,0.5561193814133895,0.6299181907239608,0.11615800048911151,0.1435868385056485,6.655363184704642,8.226919840000194,0.023875735838236933,0.03020779820653044
27,120,0.4645299698449329,0.544214248698011,0.04071147435590001,0.06840219181541608,2.332595658348152,3.919156900467644,0.007624935813201346,0.0100232033633205
27,121,0.6435512597431782,0.7000831882384602,0.15132542987480513,0.11306276116766986,8.670308464829235,6.478019035003099,0.07880739359467104,0.05125410856610005
27,122,0.37030050879994925,0.46403116054821963,0.12580104067097303,0.08861353348270234,7.207868688800373,5.077181476300051,0.05714684878364524,0.035141331559498126
27,123,0.47997214909968056,0.5549254358929773,0.16154837128529984,0.12622655736835284,9.2560398618601,7.232248999672581,0.07810621476742642,0.054532455301470176
27,124,0.5427782875401856,0.6132746626987113,0.027728087702762538,0.04834872831528118,1.5887023993368916,2.7701780772902707,0.0022299750614905318,0.003389270776889504
27,125,0.4700687161955527,0.5508058867283443,0.0831110543334351,0.12211289680221514,4.761912644188302,6.9965536108834945,0.009557574224211773,0.022761107517101885
27,126,0.43981230328959064,0.5243822646189248,0.061092530770573805,0.09244956215519207,3.500344172926994,5.296969729324885,0.005876859402216437,0.010754975084961337
27,127,0.5163381105699957,0.5878309362503243,0.09474335667348555,0.07120176201741493,5.428394474293344,4.079560457492765,0.02126182272382092,0.014683219821572838
27,128,0.370469422729388,0.4646952349871814,0.10774446196565399,0.08768801665641482,6.173302936539796,5.024153268285434,0.03325837194253476,0.026177375444867777
27,129,0.44048700968714705,0.5228907420165049,0.04049678715718554,0.062364160501856454,2.3202949879463266,3.573203189632845,0.007308653192610591,0.012290686460674664
27,130,0.42011590532226,0.5063532031279613,0.04075747260479607,0.06850529807576362,2.3352311638748886,3.9250644540269355,0.005993886099122268,0.008510935648816581
27,131,0.45121363514123836,0.5316955415160992,0.016659898248282238,0.040302048944483214,0.9545418567439655,2.309137310248562,0.0012164236739090851,0.002810080906854053
27,132,0.6193628454962711,0.6814530163845756,0.03069048314037582,0.05235384397760216,1.7584351551609434,2.9996543012030066,0.0032119339866356475,0.0056986397226400694
27,133,0.503553909579086,0.5750525843645661,0.123299055577396,0.09261414213101204,7.064515502533764,5.306399467331734,0.023421693919087126,0.015844605206008146
27,134,0.4666980939128955,0.5450986907598782,0.10973119782792927,0.09206793638085865,6.2871345164554535,5.275104183102168,0.03038931915792023,0.02559192121615897
27,135,0.34567953929948986,0.44549966112975414,0.22870549834502268,0.26707107075018277,13.103859806606033,15.302045184025282,0.0722893082588301,0.1019778633766091
27,136,0.651898335681408,0.7112176528032197,0.04839642676466258,0.05201492588232751,2.7729109971291432,2.980235724743156,0.011940011959613472,0.007668204689740114
27,137,0.7379834915657411,0.7899315545964736,0.02402471135350571,0.03251388080701812,1.376514564575909,1.8629081458335495,0.0022574266839274285,0.0020479459475344595
27,138,0.5695234451290632,0.6331025417074634,0.11407813316081733,0.07602856381180757,6.536195564846235,4.356115828857637,0.037091122554319664,0.019969148046921195
27,139,0.4196991269045482,0.5090491558673679,0.14450706338736946,0.1811547306332018,8.279644841925732,10.379401504111751,0.032933640188237995,0.05090047779869972
27,140,0.5767164760126513,0.6403072032645949,0.09695950522826267,0.06712442824975999,5.5553704332560905,3.845946440939963,0.02223633305565484,0.013853990634625259
27,141,0.5304966597319184,0.5980740851656545,0.18093387627565513,0.14092539750905544,10.366747481537253,8.074430503472321,0.09753363314187877,0.06586757361432685
27,142,0.5137218896445772,0.5840918096295771,0.12593470142562532,0.09159897127559873,7.215526885928482,5.248234461831865,0.05010814028202852,0.03188230332907251
27,143,0.5293855968926263,0.6026904556545464,0.06900590294003736,0.10310758763126932,3.9537469999535397,5.907629607047021,0.009005546768224276,0.01627880266736051
27,144,0.44772556159331506,0.5298026719836784,0.06615882601913922,0.06002951051005461,3.7906215084369745,3.439437598462347,0.020253893612258426,0.01262287455218105
27,145,0.3938393837950849,0.48325933450009306,0.1045564616371848,0.07346384346691022,5.99064397263219,4.209168177463681,0.04278601829807998,0.027488863394183792
27,146,0.4295764415645413,0.5129420389430499,0.0352677035119798,0.056827272103253126,2.020690564355154,3.255962852757925,0.0038598901875768286,0.007599662133267187
27,147,0.459404230990686,0.5382979012541348,0.04487063960328222,0.029997139162909688,2.570898273320638,1.7187094715013203,0.007892753643087481,0.0033383141082708383
27,148,0.35552805177034036,0.4530195011025818,0.08771435813152324,0.11153163361407396,5.025662523635296,6.390291888285863,0.01195371597285465,0.014571105653238645
27,149,0.3841768573461612,0.476034802418347,0.030923155006233546,0.029199253455346404,1.7717662710860251,1.6729939879241347,0.003111157417205912,0.0031848038695723494
27,150,0.7599908169760556,0.8107582820968782,0.07288762560507402,0.06380896007695543,4.176153325900414,3.6559841075283104,0.01659120199154842,0.01606384116788423
27,151,0.4071721816497182,0.493196822563994,0.1678312921150196,0.1291381637325632,9.616024708417875,7.399071755945266,0.06752083412382653,0.043329664928729014
27,152,0.3808078994290112,0.47240825956583826,0.05512605786508032,0.029743547413201992,3.1584904568630594,1.7041797345237315,0.004891103444644579,0.001451970770532788
27,153,0.4184559781578749,0.503389338059377,0.11563462129298659,0.08239986182622082,6.625375765681734,4.721164315103597,0.03793773374015052,0.022251475535895515
27,154,0.43192671804197147,0.5142536509110878,0.09514903297532379,0.061410066828020825,5.451638014237151,3.518537648861932,0.02602235094738331,0.013890298357319919
27,155,0.6023505637120224,0.6661438598989543,0.05247084709576244,0.04366986999286353,3.006358086063461,2.5020992424760786,0.012773164675986843,0.0065974461906123175
27,156,0.6231161903768774,0.6830483311258738,0.029550955922768903,0.024959631197812603,1.6931450549517812,1.4300815258377217,0.002224623796598723,0.0019434729098349755
27,157,0.47209595235902857,0.549327902983153,0.037027001302187966,0.035189314455477676,2.121490902640774,2.0161992022575697,0.0039929242721936375,0.0035722782091957934
27,158,0.3766785095383385,0.4721977120245974,0.1067879258803555,0.12575918774152905,6.1184974559002265,7.205470692582974,0.025040901210037513,0.02475760663288435
27,159,0.39958789171448095,0.48995637090730393,0.11186547499211436,0.14776091627440827,6.409419590274409,8.466076879509513,0.024352868252316508,0.04174482278237862
27,160,0.5717498923621547,0.635655912796636,0.13348301428898798,0.09650922661816565,7.648013355443473,5.529571369292515,0.05490543367335471,0.0330378420160758
27,161,0.44519243107683826,0.5280178093584236,0.05803954260425372,0.09440595621294245,3.325420836093469,5.409062851898455,0.006049238860044562,0.016058587736922418
27,162,0.35709620457524804,0.453971524703706,0.12267810797096965,0.09024739537703713,7.028937825386784,5.170794867152685,0.10466443936431775,0.07870334181853733
27,163,0.7250552017546088,0.7777492557060974,0.07713127229748587,0.047913263921383675,4.419296371120265,2.745227805391721,0.018015196788930855,0.008014367352641934
27,164,0.5352512440379497,0.6076667416168183,0.05133536747619929,0.08839721550075648,2.941299896139372,5.064787368901766,0.003835020990927536,0.011755351200989632
27,165,0.33800030515573287,0.43917043310881043,0.3942447222133005,0.36021566181482584,22.588558678129655,20.638837136501287,3.515411212307676,3.1551443246020705
27,166,0.5575172242743585,0.6229282622392653,0.06610017468334468,0.035543520321884396,3.787261034433143,2.036493703481449,0.01632438947265834,0.0065359223945147885
27,167,0.5304132983719559,0.6009257609743075,0.05137658557412729,0.041978306577538725,2.9436615191902034,2.4051797979992324,0.008681816488001051,0.005738099033409766
27,168,0.4736378558412807,0.5524152197943061,0.06728269280799902,0.10586512567342614,3.8550143321735617,6.065624898709375,0.008174066238289281,0.021142055633463414
27,169,0.4470394947376902,0.5277774216044998,0.03522822501740813,0.028104917110922563,2.018428613234667,1.6102931340208737,0.004678555964111302,0.0017181772672364244
27,170,0.43778141480900995,0.5190362337599725,0.1225055091990043,0.08643938902145683,7.0190486442040285,4.952612174618939,0.05467424659331321,0.032915678786934244
27,171,0.39267906765735283,0.4830067108249006,0.036251320310053986,0.07138493923982661,2.077047655542976,4.090055739239884,0.0027171495543254556,0.010050523925051645
27,172,0.4862615977597567,0.5611522926707428,0.0609769572030782,0.03510234103374247,3.4937222952862252,2.011215992262331,0.012372154829410356,0.005475543219876641
27,173,0.47962800318365695,0.5548082769944488,0.06993647516839661,0.04330325333455391,4.007064861170609,2.481093655255748,0.00920740456205884,0.004838969304970582
27,174,0.35943428200477906,0.4557028497779129,0.16072959726931077,0.12466970620816453,9.209127566368949,7.143047998863746,0.25173171417331014,0.21437055704924457
27,175,0.42250023730533687,0.5091235766203862,0.05667170022949183,0.09045185668729636,3.2470492409804605,5.1825096373042525,0.0036330504124571783,0.009800772202466237
27,176,0.5014952833666416,0.5751689217506637,0.04350419290957795,0.035696843121930284,2.4926066448417776,2.045278452827207,0.00684605500131351,0.002820124681900702
27,177,0.49509713003006817,0.56900625859423,0.08688319266848656,0.05823860253245874,4.978040250526257,3.3368261298497934,0.023319223054234582,0.01336725101582999
27,178,0.5269577051011982,0.5953727084468535,0.10364936190797451,0.06655198029957977,5.9386709865509815,3.8131475894037212,0.03671635378545127,0.019597267029101292
27,179,0.5136994597782916,0.5836303747572232,0.0938190734537008,0.054621172570336926,5.375436946724916,3.1295626603360445,0.019327178162837785,0.007490507827111376
27,180,0.5382271627128894,0.6068860502034972,0.05001128437216103,0.03076981418683519,2.865435522553398,1.7629804893074215,0.006984690038780644,0.004132345783638105
27,181,0.5594083820423323,0.627938591705088,0.03887110252495998,0.070837280966472,2.2271501197005246,4.0586772315612425,0.0036244554695116574,0.007780603044278942
27,182,0.36141554329454334,0.4577132390134842,0.04170125343887867,0.05820076478492935,2.3893058224531583,3.334658186610078,0.005541651939877613,0.008769742174477395
27,183,0.37218071498937305,0.4664022802597731,0.07051450198640599,0.07311131989338021,4.040183358287924,4.188970064521542,0.01007658139785705,0.0083245356044084
27,184,0.3613612475764475,0.45792347770874814,0.0730418165347999,0.08737471557993909,4.184987815412906,5.0062024388864685,0.013296873757925277,0.015416528496222163
27,185,0.5039426164101605,0.5763814345581731,0.06290658877405265,0.04351024966544249,3.6042820403182607,2.4929536713903566,0.005914647907177009,0.003519719134626469
27,186,0.5669733615001867,0.6322591192124515,0.03923167449656701,0.03317862920680677,2.247809371884318,1.900995423579514,0.004044381235840264,0.0034747767922297
27,187,0.4628599765266311,0.5398041963727229,0.11732685829489496,0.07864810566008237,6.722333803826955,4.506204521021681,0.04001049383063834,0.021156135196370274
27,188,0.3900159519040908,0.4796495261925482,0.11798248296526406,0.0801351956517941,6.759898330383761,4.591408501302908,0.04713960295627587,0.027477685522546987
27,189,0.5131033878546511,0.5839435134353053,0.12457680834798504,0.09562608210310991,7.137725343549664,5.478970915879693,0.033877810725859464,0.02382361152576582
27,190,0.38283468114756164,0.47574426099694395,0.08125137823275629,0.11837703961464302,4.65536105235806,6.782504761171998,0.009998291988701821,0.02138710572490036
27,191,0.43531089770255904,0.5184411949809418,0.05631999146388424,0.043084993147496684,3.22689781309339,2.468588267701633,0.01117686355323426,0.005794297254858595
27,192,0.35768525490685527,0.4545876788633078,0.08842374338085028,0.06942720645986834,5.06630730447057,3.977885913533861,0.023852148979806566,0.018240659533629147
27,193,0.488177398402914,0.5636678505853039,0.034232772793968975,0.03672442895001121,1.9613934021246895,2.1041547838636996,0.004855203005600415,0.002331623008077665
27,194,0.41466038114300097,0.5015650889663857,0.03232567181177633,0.04857034469042124,1.8521245647397968,2.7828757602567844,0.004702080822817101,0.00504637027658382
27,195,0.37207159151291946,0.4662404756414919,0.018558836249869315,0.046553204222871986,1.0633429897919118,2.667302124781166,0.0011538515347689151,0.0036640450218054232
27,196,0.5169720359532111,0.5887544418330174,0.0757079519249418,0.046974723207988164,4.337746120878502,2.691453383612961,0.019566232088369967,0.008754303848406003
27,197,0.40821873989676866,0.49402447241868375,0.27020680466085717,0.23093458025420163,15.481709502782977,13.231576792190952,0.3608530046812822,0.297366573344338
27,198,0.4247253305639078,0.5082698486770387,0.1934805448836489,0.15952507813449412,11.085618639724576,9.140113703601205,0.229547593951619,0.18254203032778218
27,199,0.3597068214859985,0.4596678481743642,0.38542838330849777,0.4233977541377233,22.083419668127465,24.258904367409233,0.20944436825285964,0.2591903570466837
27,200,0.4388835037393534,0.5208798026702506,0.09649992154042653,0.0663694229716808,5.529038227610021,3.802687824995924,0.02826650338803719,0.01634687282113429
27,201,0.43168899439183445,0.5164879689894482,0.0747576220392199,0.11140120433456462,4.283296229281487,6.382818841045045,0.010699853372521155,0.023701399101475285
27,202,0.39928132723237825,0.4885217724779199,0.0533636098949066,0.05462942267128852,3.0575096265607065,3.130035356301128,0.007345105733452057,0.004202727804151915
27,203,0.5214823053025176,0.6044648240689804,0.2842724006734565,0.32207657463072464,16.28760879064096,18.453628406370804,0.12854022355369207,0.1701665012584317
27,204,0.48087875993538587,0.5557562529213547,0.16207881245342218,0.12483860189136327,9.286431902073499,7.1527250086890115,0.10920576616627406,0.07712540648510832
27,205,0.4330476449087671,0.5182769531025981,0.08828191430639455,0.0967495968638333,5.05818109709201,5.543343569889794,0.02114070505542862,0.027175450712183885
27,206,0.40123228155600454,0.4885925158125617,0.10438741058232742,0.06634804377319617,5.980958060666628,3.801462887153382,0.02840289607086427,0.013831985705086272
27,207,0.505946700261607,0.5770523087536494,0.09693778663854447,0.06316574829874408,5.554126049728262,3.6191307873036958,0.021648234522382195,0.01129895632239103
27,208,0.5231489354237173,0.5939617564748317,0.06786067361926668,0.0458009388228974,3.8881301932987458,2.6242004922889017,0.019793608512271698,0.00973653323583254
27,209,0.5170586177915139,0.587189542155019,0.20897586417748945,0.17195292413511998,11.973435037469274,9.852176827875606,0.12090881398070397,0.0887636416839184
27,210,0.4399097577620673,0.5219375618899934,0.04919009361410852,0.027971238285110066,2.8183847579418404,1.6026339014915534,0.009085427423132952,0.0032613008259244304
27,211,0.45368567808727106,0.5351335703812269,0.04003196444287377,0.07773037502839712,2.2936626081944467,4.453622429096241,0.002608910047223703,0.010181003924526207
27,212,0.5613307270642545,0.6281281437857126,0.099907121329176,0.06870827962957617,5.7242563954632315,3.9366944403794015,0.03351479398063477,0.017680453869180834
27,213,0.46088898242483956,0.5410000131467932,0.06935973774011167,0.06864993921764666,3.9740202406426532,3.933351781000786,0.02544171548926981,0.01750343243385777
27,214,0.468270490302826,0.546914739733874,0.08384880179520546,0.061004029530125715,4.804182460094233,3.495273425367646,0.030607100893915405,0.017512578323339686
27,215,0.58673989650279,0.6537016564049191,0.04462819142429621,0.07145504749040643,2.557007015914107,4.094072646107153,0.004335236557862529,0.0066404198594029774
27,216,0.47606519637481903,0.552552779322734,0.053952925170626095,0.036195993731062186,3.091274904662022,2.073877676071849,0.01171691996117397,0.0058341232844214205
27,217,0.5772367919785668,0.6397358380629279,0.09929571852518196,0.06113947140352878,5.6892255952119095,3.503033673082987,0.024064209313255973,0.010651355898069675
27,218,0.5688987212627001,0.6348537513588565,0.038836779392615296,0.03315863083366882,2.225183549077505,1.899849601201582,0.0062552852991381944,0.0024436980442382886
27,219,0.41299129214658004,0.5029531902876284,0.10160868936226239,0.13887722614404402,5.821749062313459,7.9570789285376184,0.019709549003339925,0.03722930825462007
27,220,0.620052303717558,0.680765611730193,0.05320462496617815,0.03547325172028508,3.048400461138378,2.0324676091775222,0.006760007677912263,0.004243699873100772
27,221,0.42533007131488915,0.510114330128347,0.04691826072647989,0.0357048601927353,2.6882183217217017,2.0457377971483917,0.010640401576378777,0.005055473121472865
27,222,0.5780963641920259,0.6410534045806698,0.06397225745106,0.032407894270243806,3.6653403578700714,1.8568355645911732,0.009847094803226729,0.003920567014904411
27,223,0.3506430847837872,0.44972618084627114,0.09752968362594039,0.13704089914795284,5.588039249012556,7.851865141855657,0.014689426609299665,0.030930472220450207
27,224,0.521691976189536,0.5915112393055816,0.04348533673366545,0.013987590589693703,2.491526265544235,0.8014299063463556,0.002755773980790417,0.0006237945567611853
27,225,0.6233587806258213,0.6829564388082613,0.06679690386136293,0.041369153591983544,3.8271806757972078,2.3702779028491268,0.012184245299575854,0.006362138166517876
27,226,0.5004597669687919,0.5732312602238445,0.0512048789910126,0.02659741547000367,2.933823456663119,1.5239196523871752,0.007379597101761181,0.0027324269665597103
27,227,0.5382316745352769,0.6065654500212287,0.17860306992387986,0.14315842041334126,10.233202114718246,8.202373291443944,0.20736370069961108,0.16421305252317478
27,228,0.4830662886034415,0.558448673202813,0.05004600312674085,0.03799428443391835,2.8674247606607723,2.1769121436831216,0.008911729685143782,0.006031118441110591
27,229,0.35009873845626244,0.44877365850193635,0.11876713785444343,0.11359838033505895,6.8048557439080435,6.508707752720804,0.04542464636970538,0.04537629560295898
27,230,0.46189267098707126,0.5398008834684518,0.061598902334768404,0.029542638530552442,3.5293571264207824,1.692668503481223,0.010739891910124998,0.0036994506505021313
27,231,0.4023875414726281,0.48978643609004646,0.0674349223093754,0.03498121062164733,3.863736440119809,2.004275730878599,0.011008154343303253,0.004421237190222034
27,232,0.680627437692181,0.7336624068309823,0.13254856308205237,0.09465481000969972,7.594473245125156,5.423321124168453,0.04883430704147283,0.02765692715669059
27,233,0.4277512121578487,0.5124195949021161,0.0552290850277212,0.048363263812487275,3.16439347845759,2.7710108999333043,0.014707951956049868,0.008207271659119667
27,234,0.3990415867016588,0.48861077917145274,0.06921871929345161,0.10520395614148959,3.965940478815541,6.02774267498677,0.010748597027188281,0.022858797030513595
27,235,0.4122437943939061,0.4986354480625638,0.0738147869349418,0.045618552768454494,4.229275757029575,2.61375054112728,0.018746621879780254,0.008944715780736655
27,236,0.40972115293424205,0.5055212915780858,0.3836595485466785,0.42042738426017123,21.982072901619194,24.088714709832708,0.22081555428734312,0.2745312350448066
27,237,0.6905305291169969,0.7442802337703613,0.08751264749453613,0.05152496431797059,5.014105355453038,2.952162994981877,0.022730154628435383,0.009724952944329734
27,238,0.4281170479502393,0.5132528717623528,0.05556929354538172,0.09182811622320186,3.1838859906739394,5.261363500226271,0.008004217392191683,0.019726725587636967
27,239,0.57815801726868,0.6519328510579752,0.1860881084854591,0.22454723690982456,10.662063233789407,12.86560897625717,0.05861450483946627,0.08736923523915756
27,240,0.9281575534824492,0.9681047118068682,0.15678704409109914,0.11923705414610865,8.983235908751533,6.8317799641449,0.04954888160718998,0.029964900221145813
27,241,0.35955168729389997,0.45572762188765076,0.10449926858723611,0.07021842073626368,5.98736705225265,4.023219152261811,0.06031459604240606,0.04054567431428219
27,242,0.4738604793932548,0.5508825116104881,0.15017741753095679,0.12581094456849432,8.604532202697804,7.208436140329073,0.05815362995278599,0.04738461656618584
27,243,0.41064162339687915,0.498615245973761,0.06376468702540575,0.0769261248744443,3.653447448528349,4.407542289601998,0.00880831636283151,0.007211267367351228
27,244,0.44923934716346514,0.5287199928371962,0.13246793751483726,0.09632581655675017,7.589853740402882,5.519062746853172,0.05927071229616161,0.036202401405166784
27,245,0.44116483885673713,0.5223247297315339,0.09509502272236495,0.0613900556894702,5.448543454692175,3.51739109507973,0.02696368951376888,0.013932818296660099
27,246,0.5653669757835976,0.63163135055366,0.03255637517984777,0.031107450380295342,1.8653428940497436,1.7823256182035507,0.004051809324385961,0.00221714341758382
27,247,0.589975141110945,0.6520623046218291,0.06845737855474848,0.031396047148067895,3.9223188677164793,1.7988609949780352,0.012464260763780856,0.0036406085264393956
27,248,0.47856411938938986,0.5556498187664548,0.040641069688057946,0.06993279822048366,2.3285617680227815,4.006854187573707,0.005408814431078993,0.01295050725801311
27,249,0.5578382737219244,0.6248371385270646,0.054055198866936834,0.03004150386854083,3.0971347558158304,1.721251381893325,0.0042769351591181,0.0022418409855235683
27,250,0.4012343663656433,0.49035948495412984,0.04289162621268732,0.08179956208444056,2.457509158439675,4.686769673456795,0.003076031110893024,0.012105894862082973
27,251,0.5429944135555899,0.6110850047414551,0.07569012498385916,0.04653934645839137,4.336724712392838,2.6665081333629406,0.021701655021187885,0.01006297426405025
27,252,0.386182582238038,0.4771074729683192,0.05825935505210614,0.03700480559244752,3.338015161639852,2.120219182149349,0.016233353714476047,0.007980211421072893
27,253,0.437474181145262,0.5199071159248976,0.06906131950568405,0.04393686059536912,3.9569221352802044,2.5173966771693044,0.026824925651439686,0.01601537185825614
27,254,0.5115814490462165,0.5819345618459981,0.09129945725395136,0.05411941430137417,5.231073572486482,3.100814029188689,0.025967815828984636,0.011999607427755403
27,255,0.5799931025841606,0.6429134521476954,0.041588496607330994,0.03494012642201059,2.3828453318942087,2.0019217796347406,0.006258576808245124,0.0028505227035700554
27,256,0.39827242846818156,0.4890975384690269,0.07693712647227659,0.10589733537549223,4.408172634725688,6.067470378697136,0.01960383384508594,0.028172981370316603
27,257,0.9057993441497065,0.9544101759730591,0.13007002633404002,0.1652597583902804,7.452463550095969,9.468686679114763,0.03730804863382526,0.05795780900886571
27,258,0.40972889219308894,0.4977204579490582,0.08868437762983837,0.11071753251908444,5.08124054693415,6.343647331445984,0.012308605464755248,0.014875360243918317
27,259,0.6922017738281495,0.7658823019634483,0.36174045897943863,0.3989556315538328,20.726201578647117,22.858473901010914,0.19730659162676864,0.24821411443904806
27,260,0.3901802554701449,0.47970524578972806,0.10835235821598936,0.07209294325246811,6.208132826065841,4.130621381042569,0.02626640360062392,0.01352724361447577
27,261,0.5699271497808276,0.6348478859321752,0.051381675067849616,0.024627269955795044,2.9439531257003506,1.4110386293963895,0.008100158103301728,0.0023211038069242806
27,262,0.6842865453589989,0.7379025110845433,0.087395141812222,0.052178974968638145,5.007372775787633,2.989635045021733,0.015043135881436707,0.006468773722284802
27,263,0.4660613719404182,0.5461761492026123,0.039445334853341237,0.06922000548720493,2.260051208576741,3.9660141722892424,0.002435189397393926,0.0061943498723286035
27,264,0.35229257452671364,0.45023909328114087,0.04859210271539833,0.07120447270820936,2.7841224032585115,4.079715768634851,0.006943369254216267,0.009098478726154064
27,265,0.4266590580805722,0.51272093606192,0.06563291346055743,0.10433741429550056,3.760488938437311,5.978093484440124,0.009496375069724637,0.02305038354140313
27,266,0.42711401331871124,0.5107001695192707,0.09571342941682244,0.06633129801060586,5.483975548307226,3.8005034256322294,0.028080484345461225,0.016116712483445476
27,267,0.360830339737962,0.459775775778419,0.27544685017702303,0.30959058510211573,15.781941995315732,17.738233903336972,0.13861465563474193,0.17549253701276146
27,268,0.35987575320884513,0.45905600722900125,0.3116592302826825,0.34839491697299213,17.856758541493527,19.96155834636318,0.15601771401628683,0.20159997193070656
27,269,0.7281384869563741,0.779740586951673,0.25703693578787157,0.21756998359014565,14.727131599620188,12.465841808445925,0.17590595557664962,0.13175621150381311
27,270,0.497038839726005,0.5720347584377666,0.04021279187830917,0.054709871744553114,2.30402325706507,3.1346447486649276,0.006694444602513207,0.005304582973791765
27,271,0.4813669584424008,0.5572883395364281,0.06744149381136623,0.04182663781944741,3.8641129594489456,2.3964898182766095,0.019257643368688116,0.009067766079244373
27,272,0.5167208649868174,0.5896310262778315,0.04955503786376942,0.053824327288562596,2.8392945232049787,3.0839067887654625,0.011813031323535662,0.0075939585636136415
27,273,0.46276245525704846,0.5426453492361635,0.028408057662725694,0.06008758580344721,1.6276618082384602,3.442765067667727,0.002167446942701802,0.0063492034458634515
27,274,0.5952451140303009,0.6564968708381779,0.1031836342343636,0.06504575300703351,5.91198675645063,3.7268471225534037,0.02594651255976107,0.012106772869523934
27,275,0.6533628579086362,0.7136334326782736,0.06404958911199628,0.06024550071676515,3.669771135664457,3.451812925723019,0.015224486627203855,0.008465547445223355
27,276,0.43075230388363955,0.5159560449412477,0.06462038179887471,0.08138461419552398,3.7024751475995235,4.662994910704012,0.013407105662627235,0.011526674433696434
27,277,0.5098628750919402,0.5903317807904044,0.19879282593386474,0.2378704866998581,11.389989923489267,13.628974958624651,0.06427413656702337,0.09543566715444154
27,278,0.3870360218539944,0.48348446386387467,0.3220274248098274,0.35995799449119503,18.450812329069567,20.624073886338813,0.13577047108055623,0.17540252167406223
27,279,0.6506765840376773,0.7289459681410346,0.40014864759084673,0.4374880499970545,22.926828684823235,25.06621885223957,0.23181695048085665,0.28648519647170567
27,280,0.38526416626228127,0.475477989420437,0.18126363518792418,0.1419543929390665,10.385641275467094,8.133387598750204,0.16495346102788494,0.12572148216627263
27,281,0.4400056696513318,0.5215927688790286,0.05491786321389805,0.026663169345682487,3.146561782033117,1.5276870719501991,0.009855800305477242,0.003015296855291439
27,282,0.42522399207231376,0.5087535933806363,0.12052790240457943,0.0847300106758335,6.905740121347088,4.854672009823667,0.043196398240343714,0.025565962808157594
27,283,0.3659799144850774,0.46089040103739204,0.03588400762702464,0.030308855301853142,2.0560021890437685,1.7365694906688938,0.004302695220052895,0.0024206675793061617
27,284,0.49824193644514986,0.5707286843817871,0.04524482414642879,0.03543236688618334,2.592337468401967,2.0301250807374,0.00456285845716033,0.003034378379486972
27,285,0.6339913880282355,0.6994074670950132,0.10952439364887169,0.14718105123437109,6.275285509809787,8.432853060028199,0.02212466876135337,0.039319495705280996
27,286,0.46180158140349686,0.538996764267877,0.11052849245789087,0.07382039784850912,6.332816133780698,4.229597238696195,0.028299599635463364,0.014537616776276054
27,287,0.36688795512419003,0.4628082530806361,0.15207460678032583,0.15954856445115917,8.713233139624244,9.141459370422421,0.06563099645911563,0.07690778829694236
27,288,0.6298225029492791,0.6874982756658813,0.14007523091498728,0.10163849980913432,8.025719545749203,5.82345707510462,0.055103331456289276,0.03339630240503808
27,289,0.3667802437088369,0.4626711480573528,0.11461500566878384,0.14348295973030362,6.56695609368932,8.220968024591945,0.02831352957552042,0.04188006776816715
27,290,0.5180749865047308,0.5882554600316205,0.09057807092565393,0.05992126416864284,5.1897411804766,3.43323553995172,0.022088636986546888,0.0119000523972672
27,291,0.4351900632724571,0.5163046957687907,0.16609337807808183,0.12653605891132477,9.516449568944799,7.24998213183766,0.07830708718040913,0.05047726000706042
27,292,0.42461219445244486,0.5099204742339968,0.041428866701860856,0.05732001344798314,2.3736992120266978,3.2841948522025555,0.00493176087933472,0.004344493379718636
27,293,0.39974194104224064,0.48739625075122045,0.15780560267650678,0.12132108015119443,9.041595016882207,6.951185858631824,0.15014805089618824,0.11368219225769588
27,294,0.43772642766659564,0.518569682705812,0.10472712326062002,0.06834815749953756,6.00042216337988,3.916060962218928,0.036395149035810974,0.019120945384848622
27,295,0.48762815331666687,0.5651811569287428,0.04249752468748114,0.08046082440256544,2.4349288043456925,4.610065654410223,0.0023359456894719507,0.009694870007357817
27,296,0.3972491389184435,0.48765718366287003,0.04998339674376724,0.07978459235102574,2.8638376791458047,4.571320411885525,0.006065057582702239,0.009642627932822966
27,297,0.6119762592528776,0.6718742320338906,0.11954075385983916,0.08318005313381632,6.849180675980989,4.7658659842416125,0.03648226954174085,0.020592481356047236
27,298,0.4312820959943633,0.5149969415257298,0.08861224744185323,0.09002320351339628,5.077107791587116,5.157949619564891,0.02505469253508402,0.029941153470729173
27,299,0.39869881818839364,0.4947557840015501,0.2862525398904773,0.3243720458579008,16.40106241062459,18.585149219681714,0.12895342324794354,0.17097173849417763
27,300,0.4425884974540867,0.5239743147714089,0.05494021009796025,0.029845011448678543,3.1478421641751493,1.7099931955289034,0.009890434795790944,0.0037852060998448574
27,301,0.419076383854167,0.503549354072675,0.15234391732837016,0.11913641615839027,8.728663497405538,6.826013832189947,0.05562404056706215,0.03849635766236072
27,302,0.5949316705955984,0.6579113645123785,0.06343850651470466,0.03708360180744129,3.6347586819057547,2.124733872710097,0.014658341639131739,0.00574066532082617
27,303,0.45544749712606875,0.5331246842045549,0.20095717296323978,0.1622211716099423,11.513997873674136,9.294588480917144,0.20767251375966733,0.16212083508252326
27,304,0.6442959747343339,0.7020452598028024,0.06358752131843701,0.050261699935813725,3.6432966012445887,2.879783277475087,0.010823208768573168,0.010919963137088014
27,305,0.6094069451087641,0.6795849636702763,0.1668296258178032,0.20311625869521271,9.558633457106879,11.637704373723098,0.05308906363061035,0.07721590189694763
27,306,0.7735068114456929,0.8222241067829047,0.16912413608632798,0.13432027172083635,9.690099211542778,7.695984672654347,0.049097693773095544,0.034275231841491824
27,307,0.5824619152865652,0.6453465500091581,0.053193767138116674,0.026398158210971665,3.047778353415777,1.5125030524072962,0.009397758031853987,0.003075324105361833
27,308,0.513052438069961,0.5827216755047426,0.21711091842301,0.17739385313693368,12.439539311847584,10.16391909630986,0.16669637979561197,0.12384171339213065
27,309,0.4168675047770926,0.5026347121202597,0.04303326270948691,0.030832730886228652,2.4656243319313096,1.7665853506435603,0.008800343955176308,0.0039025885310713564
27,310,0.5348565263757513,0.6039448590705191,0.063745665686597,0.04369711076975427,3.652357606093919,2.503660024022576,0.019068347033051377,0.009618996295340831
27,311,0.3538445906684547,0.45190305715789686,0.23246313770868532,0.26761541045580056,13.319156683076127,15.333233551778575,0.056837222468714706,0.08263528628139244
27,312,0.35764185262698067,0.45484089489608626,0.11759438806378653,0.10356147670170794,6.737662130478553,5.9336355351502705,0.04858143420671094,0.040904959097356815
27,313,0.4714081514567407,0.5506693010388429,0.0689515741150158,0.09285184544604946,3.9506341875739,5.320018864059647,0.01085169697203692,0.012224447430383874
27,314,0.5129188264808333,0.5856742308078986,0.024745808871829988,0.03526797953645703,1.4178304089932474,2.0207063793927413,0.0022990413463426992,0.002963973491261404
27,315,0.694092212506214,0.7482927333190512,0.041510655166555804,0.018340145995094124,2.378385345866573,1.0508129611726527,0.004609081155393411,0.0007027724277635433
27,316,0.467121015936309,0.5435668380227239,0.0842407848448899,0.05168259437927868,4.826641434481818,2.9611945322192192,0.01740992561674163,0.008601093118236123
27,317,0.5383236492791036,0.6082660426949333,0.05870553913553381,0.04524295203946601,3.3635796265061706,2.5922302045742027,0.013167109337724879,0.005920659187012663
27,318,0.44878027554946714,0.5301881684151363,0.05933592034676873,0.05625967980131522,3.3996978093942767,3.223442209372768,0.013008445686945478,0.0070603562135777296
27,319,0.49751488489924817,0.5753989566734061,0.12444809590952252,0.16349165052110204,7.130350664054925,9.367381560486972,0.02602372426595783,0.04702624435233968
27,320,0.42442323731330267,0.5091545598991652,0.03224113632067287,0.04386153376015659,1.847281037880503,2.5130807674275486,0.0032984251989611173,0.0067603345913452885
27,321,0.44421898943510985,0.5256977961116849,0.049401959031975425,0.0635453935102172,2.83052375221039,3.6408828556334565,0.006500666133973973,0.010358257779883159
27,322,0.39719911762269716,0.4851253857371752,0.1452059988156082,0.10584976471182869,8.31969089211598,6.064744780440579,0.05934277003030411,0.03593263323738136
27,323,0.4644038530604023,0.5407104272923082,0.19367286421262744,0.15429169242915744,11.096637725593833,8.840262790121319,0.11194969874572118,0.07848168595141256
27,324,0.47391654067485955,0.5490036057411102,0.17232870070177359,0.13301915286031288,9.873707239184775,7.621436053301481,0.10390550112834672,0.07156291057856588
27,325,0.5970316964470292,0.6856065018822272,0.5664082047781033,0.6033123928503651,32.452799615366985,34.56725383826462,0.4359452374328252,0.5093406700873897
27,326,0.3714947113374613,0.46618747778597536,0.06695331121751977,0.07414213686433631,3.836142157189794,4.248031526407786,0.019774131236211714,0.01527724895586811
27,327,0.47162988343986784,0.5479772268179438,0.06860877845891553,0.03709599014327164,3.930993443243936,2.125443672068367,0.013889666970187266,0.005740707954432597
27,328,0.5463619534780385,0.6133224805924486,0.07418964676253113,0.047503650230502244,4.250753643059445,2.721758669673439,0.015773385757535348,0.008737589062656235
27,329,0.4775142569915255,0.5541378842019288,0.06892867666963552,0.048011095061569455,3.949322260591978,2.750833116829319,0.02682533718475371,0.016002036873801098
27,330,0.4961672404066958,0.5709391395048199,0.0671900284564339,0.05979085017311981,3.849705055917564,3.4257633684188127,0.01367533670571151,0.010109895261662564
27,331,0.40328355506347796,0.49190734022545834,0.13829462756853048,0.10957639484784246,7.923698489010358,6.278264959040431,0.07882504901240292,0.053860913811559025
27,332,0.4219167539678482,0.5065802705758518,0.10866142476667665,0.07806216984067825,6.225841035008888,4.472632871504286,0.03331094079648311,0.020287042962690793
27,333,0.4325252054918667,0.5149766290079969,0.10158670921884662,0.0681300433961492,5.820489692862643,3.903563944642495,0.037088442911034275,0.020475862211474724
27,334,0.5520681916716009,0.6179603081800651,0.10881003361903788,0.07341855383247652,6.234355695047469,4.206573272554939,0.027640423465220165,0.01485595287347865
27,335,0.4905179003446585,0.5664366316295469,0.03399975072962554,0.06885404291243297,1.9480422213043849,3.9450460612950677,0.0020379624450875024,0.00749026446884634
27,336,0.8313035005517574,0.8781563041671638,0.036452613077493486,0.021089115287785842,2.088580881563768,1.2083172996549514,0.0036146468260694516,0.0005715545078798
27,337,0.8235352393061129,0.87257480307208,0.05651536054032237,0.0935892051508378,3.2380916366206636,5.362266463127031,0.007866719944193891,0.01976251495844209
27,338,0.43323969717160776,0.5146186219884762,0.15920099900572873,0.11949867686327718,9.121545337294672,6.846769841663401,0.06148477886564274,0.03732832791799756
27,339,0.35291063984918497,0.452200644500567,0.11986066899413474,0.15015255168394648,6.867510462978487,8.603107494610095,0.017710923470294154,0.026678850327177206
27,340,0.384116844775901,0.4750316351045928,0.12939503365987573,0.09273632555311852,7.413789318664105,5.3134000617449,0.055037685160303,0.033992603890074774
27,341,0.45187838004577985,0.5319044730951479,0.02190419281356604,0.02599310493353928,1.2550178018581222,1.489295209132479,0.0014486902874073955,0.001308142287620313
27,342,0.40632758845796724,0.49292585920411097,0.09937980248671605,0.06573078588923657,5.694043251332553,3.7660966155313216,0.017344325699739885,0.007845860254506485
27,343,0.5812059617608594,0.6444253506490114,0.10554500174244903,0.07137127839918343,6.047283148543249,4.089273030726429,0.03672837810781826,0.021449727928039952
27,344,0.5262731764991396,0.5967781645834013,0.03146401242648154,0.03154619623740367,1.8027551185845685,1.807463904094708,0.0015039328109947734,0.003397151715581614
27,345,0.7425518673669063,0.823854538383969,0.5561452862734512,0.5932060355680232,31.864777699563707,33.98820221973513,0.42439604285421983,0.4968632535370787
27,346,0.6223787875179065,0.6852005499274778,0.05373387755174286,0.07679057867076493,3.0787244005876224,4.3997760642021495,0.008790901214598365,0.010608983820502862
27,347,0.6333512424785576,0.6937630307683116,0.033377191505208174,0.05129702178393368,1.9123722052483318,2.939102849810045,0.004858347964762179,0.00645734959711447
27,348,0.4627030481155246,0.5406891622421083,0.08917301736193275,0.05430476357467216,5.109237541285561,3.1114337602844806,0.020513836591329396,0.008980099533547926
27,349,0.3871302112500538,0.4776268191705494,0.10849024167838675,0.07263682766039482,6.216032966525861,4.161783662159741,0.046761603483443936,0.027809694230063905
27,350,0.43851672974710143,0.520035061567585,0.050363959328595095,0.04222948748884616,2.88564230909703,2.419571404111398,0.010573274430855883,0.005973893865291371
27,351,0.3776231738656743,0.47148090931800335,0.0779732953364568,0.09707306791964551,4.467540737506079,5.561877096182474,0.08631901759719417,0.08077101490602856
27,352,0.5174078222922565,0.586875230636944,0.16812299204616324,0.13000972425500346,9.632737883356661,7.449008495471309,0.06136558601429265,0.03858531714676344
27,353,0.432894667065482,0.5148068270357328,0.17700461046154872,0.1396702990127602,10.141617133803921,8.002518656761389,0.13016523171624556,0.09425513645649691
27,354,0.41135193945101556,0.5045168836929416,0.2219970705749573,0.2588239776192686,12.719495208212928,14.829521554372569,0.08525402442443966,0.11702701819567758
27,355,0.3497795525967927,0.4498616589810919,0.27026795697801304,0.30870193445867455,15.485213272463454,17.68731797200621,0.11435877756184686,0.15457177912108705
27,356,0.4789396633319897,0.5591203817857547,0.12705860595463342,0.16456263384887873,7.279921872016285,9.428744385097454,0.02930659446937521,0.049531721945256055
27,357,0.525563084628876,0.6133688359828675,0.40929825294441763,0.4458789051106427,23.45106245579315,25.54697943675394,0.2482083716089788,0.3046560896674414
27,358,0.4388796703830196,0.5197300673463544,0.12540688300612865,0.08809171005324219,7.185285118142057,5.047283196140942,0.04747909689547796,0.028435177491684303
27,359,0.467643877786281,0.549879042708332,0.08872259661115821,0.11590916021793284,5.083430333261066,6.641105687393213,0.012736788391825085,0.01697478768987802
27,360,0.4907889620714451,0.5639502020609877,0.14696106129489817,0.10841300344074882,8.420248564961062,6.21160754149218,0.07292506880046169,0.04645499272443698
27,361,0.44016560925302,0.5203785100145231,0.17025530319741664,0.1315891049341847,9.754910312932163,7.539500342632899,0.11106186699964168,0.07768036241475373
27,362,0.41277707259703805,0.49797338380642453,0.12368274721430453,0.0846667135925136,7.0864994139630895,4.851045354093949,0.04735239203034307,0.02694189628496363
27,363,0.427762281698446,0.5193118187967782,0.25329809150219446,0.29125997616579946,14.512911601794285,16.68796737538126,0.10319858740655334,0.14018267641801097
27,364,0.5198904382634226,0.5957436361247513,0.09225324977060337,0.12856380243754256,5.285721858221803,7.366163277824914,0.014589289390622082,0.027064148549217015
27,365,0.5903852420849405,0.6713136494201141,0.35053147920025507,0.38768584415185875,20.083974344652418,22.212762646868097,0.1872878558252481,0.23620613126018342
27,366,0.4765545536796652,0.552881041867033,0.026271340747842094,0.027089517061433314,1.505236947001416,1.552114996667765,0.00254173134003053,0.0014726245519990798
27,367,0.733545885241439,0.7868942158449767,0.03392498778019289,0.06846075077402505,1.9437586198379442,3.922512081648619,0.003352176594441817,0.011779498186645202
27,368,0.8006696937945035,0.849343769429674,0.05063200954536326,0.03485416962777958,2.9010004552154127,1.9969968181048294,0.008451073791231896,0.002848796980512807
27,369,0.5697777862792612,0.6369796074671837,0.029283412086546445,0.04840788254023307,1.677815922301495,2.773567364720382,0.004520388197908667,0.00457122589475932
27,370,0.48997662433785005,0.5738114203791971,0.22258305371443138,0.25876001220952033,12.75306956897062,14.825856606359167,0.08839815953183812,0.11955877212329812
27,371,0.34200056691861913,0.4421517476165713,0.15478673495940526,0.126289436778444,8.868626637783995,7.235851724489078,0.6792951195320429,0.5972467875271884
27,372,0.47947543092276856,0.5537401017730581,0.119326841234687,0.08119894435349528,6.836924385375206,4.652356812372907,0.03829715678765505,0.020970800162002076
27,373,0.5858377149846273,0.6478445462109892,0.10210388372160309,0.06608338716398014,5.850121609142366,3.7862991804250608,0.033020187428397185,0.017688744020214378
27,374,0.42245969030150243,0.5075432489127313,0.036645255243820916,0.030151152264786627,2.099618464650587,1.7275337722285873,0.005733170420519055,0.0023508999718235574
27,375,0.4120216730461331,0.4986882104903638,0.08506164771983692,0.06637642602290636,4.873673412775258,3.8030890702748628,0.018858487975170306,0.01416459258115902
27,376,0.4494326158041359,0.5327829045720035,0.09459644732088525,0.13397513968395694,5.419977188418348,7.676210063566402,0.018289932316114754,0.03628370728004364
27,377,0.8110739315878852,0.8598702876506962,0.03437012695956266,0.07268551989635816,1.9692632161117487,4.164573521775496,0.002853049558825949,0.011605356436623297
27,378,0.6588254562721596,0.7275666109098707,0.2643652743306219,0.2988470286123125,15.147014468962835,17.12267345951086,0.12412069768721481,0.16111219144312164
27,379,0.5963372188177479,0.672188485528564,0.265898428791517,0.3044477202576688,15.234857748913777,17.443569453143958,0.11039433168877463,0.14950226651712678
27,380,0.4820838115279484,0.5637484412662065,0.2466560208990955,0.2832990374621653,14.1323489890088,16.23183918670067,0.11961157335714984,0.15895236467044657
27,381,0.6414969841546856,0.7018041775393383,0.0319423674065216,0.055639011848316336,1.8301628400499288,3.187880555186908,0.003300793589803881,0.00751905478813333
27,382,0.5961046145895378,0.6624238860678638,0.07448776299373817,0.083134244666978,4.267834444911955,4.763241352425811,0.022651480420884915,0.017457119461653826
27,383,0.5330552948951985,0.6110067397896672,0.18748390227894426,0.2242005525879634,10.742036327226662,12.845745427791169,0.06561272747774567,0.09334455359856497
27,384,0.5412468952485664,0.612481359927363,0.08282004655259587,0.12183454342600894,4.7452391265407465,6.9806051372136615,0.012330731817817978,0.027580864079480884
27,385,0.5360684294001492,0.6177894982048939,0.27167415857825017,0.30813384656826176,15.565782689301583,17.654768933493063,0.12392471179405484,0.16134367218649992
27,386,0.5399942031807601,0.6232535330142307,0.32080432971284806,0.3576372421816146,18.380734142069507,20.491104573704614,0.16223864305261726,0.20716412397912018
27,387,0.874245368094496,0.926377240190486,0.14200376529489855,0.18045563401598458,8.136216426364,10.339346218473331,0.03682065199132765,0.06082075597330738
27,388,0.7438526291789828,0.8086018704120591,0.2416542467951113,0.2791559242484392,13.845768442772677,15.994456285509285,0.09634529023275377,0.1314180125535397
27,389,0.4576993912717172,0.5366783788815326,0.08232234058012283,0.11240572302271588,4.716722674879588,6.440373522318131,0.02446487222190539,0.039875667367559584
27,390,0.4764902925170897,0.5590534773364814,0.14221907740873693,0.17835870043217722,8.148552901764978,10.219200774201926,0.02977851228600016,0.04735155350133613
27,391,0.6401536636743993,0.6983768503051938,0.0383976489238005,0.017352674213511523,2.2000232265588164,0.9942349956997054,0.003518561351548096,0.0012345644759053824
27,392,0.48983845126199826,0.5741107886952425,0.23066435644818584,0.2693089137077387,13.216094108582285,15.43026414070631,0.08221699727948338,0.11576591929905214
27,393,0.7378458597907599,0.7931677260959642,0.09057772511140977,0.12883334620482803,5.1897213667799145,7.381606998084428,0.015866309702040844,0.03263863019849776
27,394,0.7243640816256421,0.7823348019350711,0.09031957305815963,0.1283512756941724,5.174930343656045,7.353986392396144,0.012754326142050257,0.02646019256745557
27,395,0.8489636878425133,0.8928998267913675,0.08408593177807773,0.05095905539445071,4.817769007308824,2.9197388020753965,0.015385511665500048,0.007380852169358191
27,396,0.632033470970052,0.6998426265205276,0.22155854381833232,0.25806946153321936,12.694369475854757,14.786290967067217,0.09408065690056698,0.13003738121625438
27,397,0.74055156629967,0.8158579333573,0.43515173233625376,0.472600585786226,24.93235771067381,27.078018960961153,0.2698406747783914,0.3283578169966425
27,398,0.8539790802358579,0.9313787518161099,0.6081871244758308,0.6452782197052004,34.84655538666276,36.97171860082346,0.49358229093635236,0.5731938957155578
27,399,0.9582815898707561,1.0251847040962854,0.49437217757534846,0.5319126362634273,28.325439283759547,30.476349127571687,0.3345630728392304,0.40057961703034084
30,0,0.6440952550674724,0.7102725209178757,0.10968326667996411,0.1007503287541822,6.2843882639698325,5.772568622170182,0.036668820887759995,0.029699586739235027
30,1,0.46627244710562415,0.5523404882503767,0.050205822707856944,0.048793890720856894,2.8765817481422733,2.7956840043276503,0.006423994609856192,0.005764597064585262
30,2,0.35080965084929333,0.4583310658863688,0.0940557128420762,0.09545730211096758,5.3889953849453835,5.469300534663686,0.0857564155533008,0.08621295853846342
30,3,0.6374787782999123,0.7082987095025132,0.08853837339207564,0.10134587066187874,5.0728751203193205,5.806690660004363,0.02259845312146968,0.03229966253737831
30,4,0.4525653430925352,0.5399504063685929,0.12701021052254877,0.11478444121912398,7.277149018010123,6.576664035623286,0.048109011945711135,0.03805434203581176
30,5,0.34962994433460387,0.45703466456316166,0.13936830048391993,0.1498588652488484,7.985215415639681,8.586280501378733,0.12421405803882134,0.15457687164619577
30,6,0.6349132314685905,0.7024362436860618,0.10885870768533307,0.11795721895643152,6.237144513617924,6.758450809304075,0.04251700689173698,0.05373269039032761
30,7,0.5411576728870393,0.6168719064861794,0.05857455823576588,0.06816097413125208,3.356074973752642,3.905336145221127,0.02288541964532664,0.028470681601985307
30,8,0.5273554544525223,0.6059723428272666,0.14518518831455726,0.1551776376494658,8.31849853823621,8.891023712124774,0.059843042650526965,0.07560535009027089
30,9,0.36562717067678324,0.4702706353531673,0.10676417482731258,0.10785125147288496,6.117136620801876,6.179421524600412,0.01763183558474548,0.019423008027241763
30,10,0.4119996402779539,0.5074975261175776,0.08537579543940309,0.08225040711983997,4.891672751250058,4.7126011911996075,0.011717951184595538,0.010674898754271096
30,11,0.49842126657032493,0.5810954202665268,0.04053295568678749,0.055823353216572336,2.322367292043712,3.1984425375776433,0.005580761934690495,0.012306459081679127
30,12,0.3833605255767163,0.4839979854876155,0.02473460598119384,0.04021651739371634,1.4171885306414496,2.3042367133744115,0.0036057493794476817,0.008163893827086294
30,13,0.5016662214295461,0.5826525480000055,0.07161103138340091,0.067742343704134,4.103009864847757,3.881350388571502,0.008427288878153319,0.006575447768475302
30,14,0.7333789475721475,0.7929289955888109,0.08106907661666056,0.09112742020515739,4.644915939157361,5.221216575670701,0.0192602247354057,0.027516136224168153
30,15,0.520463621088263,0.5996199376692115,0.10454847590290596,0.09868491677951638,5.9901864237617,5.654229233066048,0.016957634654726585,0.01275485219814916
30,16,0.4260939949568692,0.5184457145971957,0.10808984079626509,0.10068101262238544,6.193091685866975,5.768597100366054,0.021515381382414024,0.01627170769711534
30,17,0.6547384020825884,0.7194673921962946,0.08315234048812149,0.0933035068302243,4.764278166604157,5.345897155141902,0.023305472659815085,0.03117011896491751
30,18,0.5482960984061809,0.6254778056496749,0.05946184597638633,0.06717272023112278,3.4069128165038927,3.848713367656375,0.011487553937001106,0.015872495418296842
30,19,0.3759012243258894,0.4769114723281955,0.1590181649435672,0.14707895066026672,9.111069717181582,8.427003128046156,0.05964372643416148,0.047036633704195106
30,20,0.5000952156816922,0.5806026239183303,0.02122033656607702,0.01932297307514458,1.2158357250833476,1.10712480485071,0.0013266170179917032,0.0015268926176579991
30,21,0.4641934656459846,0.550682106339946,0.038936762568728606,0.04890896544375177,2.2309121630911113,2.802277300278164,0.00922434056696104,0.013828930505576863
30,22,0.4311192051029538,0.522340051920787,0.0458050106374825,0.053857408289850806,2.6244337900795878,3.0858021905213437,0.0104117717040799,0.014064372999382856
30,23,0.48664306549331365,0.5707364135208755,0.05884356467987019,0.07359179555665497,3.371487907661641,4.216499292185935,0.011659629875313354,0.020440712032940192
30,24,0.5076409534249978,0.5886544128661617,0.05663834584281065,0.05521813721355921,3.2451381753953816,3.1637662149112145,0.010797602948213057,0.010292834605487126
30,25,0.619714591436302,0.6871039363461912,0.03945691451828582,0.051272710560813076,2.260714674506241,2.9377099193304335,0.004599868588672444,0.009284166458704609
30,26,0.42357484601303286,0.5180107973272298,0.07880992904736639,0.08298644575919453,4.515476318139567,4.754773098793176,0.008177192501239394,0.009955364481234914
30,27,0.5061940952560292,0.5878762962115757,0.08238210823813857,0.09167786067058115,4.7201471094352705,5.252754491212698,0.014316302119676196,0.02135537906262306
30,28,0.40573819218699325,0.501910507473988,0.07380919356822466,0.08570309823277505,4.228955280723413,4.910425819933115,0.02111416593270564,0.030656640637715102
30,29,0.37690652105643924,0.4786858386608298,0.06700379536983785,0.0784776636078991,3.8390346860499154,4.496438910780031,0.018798517861050402,0.02669985807802186
30,30,0.6251414178656557,0.6934713519123101,0.031607262291910125,0.037104824515148724,1.8109627312894436,2.125949844291573,0.002492837212594634,0.003948195314807884
30,31,0.5333425086531819,0.6101834400267986,0.03179452355518003,0.03967481787384538,1.8216920113410975,2.2731996171215423,0.004407880077042452,0.007159993743625785
30,32,0.4050957361132326,0.501083533240233,0.05422655195226662,0.05590312178193705,3.1069525644117717,3.203012939710855,0.010332518311556366,0.011075211718741703
30,33,0.5324101937984825,0.6108927310703134,0.05378695841470045,0.05711882389107168,3.0817657100080047,3.272667539709422,0.004605501454542641,0.006561661436664967
30,34,0.41643417579180997,0.5097459630551079,0.0832087018973387,0.07015646327294597,4.767507437479713,4.019669251104371,0.021312752552485416,0.013690810899747781
30,35,0.4140107335537371,0.5089752682165707,0.03954424096513119,0.05308649424239378,2.2657181113503544,3.041632069234708,0.010442035121275842,0.016488029780140096
30,36,0.46217318419489656,0.5524784946818331,0.07998640237759451,0.09279419716571034,4.582883274671339,5.316715860900028,0.016715867514251415,0.024263375656012467
30,37,0.3337226150778584,0.44494524104205196,0.11196311025201816,0.1254524221920563,6.41501367859856,7.187894321298173,0.10999955556912855,0.1404391082837436
30,38,0.4992075394658539,0.5811585030775315,0.040237776672296235,0.05336035038825718,2.3054547803125325,3.0573228705864,0.004740654483748847,0.010312322053534863
30,39,0.3687944381644207,0.4724560083166149,0.05987331222201981,0.06481980315184242,3.430488095790784,3.713901149469362,0.015743087779330353,0.01880946070672641
30,40,0.4047520502614939,0.5010476285807347,0.14292391883435757,0.15310846914039758,8.188937340679026,8.77246908945379,0.07923553605862246,0.0954023736440017
30,41,0.4337620707010506,0.5258447918545525,0.07413510332806705,0.08455014355996493,4.247628534464505,4.844366383211208,0.017616642924789924,0.024255524014439145
30,42,0.48745813146155026,0.570041767073127,0.09712914786741242,0.09293324576532469,5.565090240504832,5.324682758805135,0.024655279896860137,0.021784185393711256
30,43,0.33768436832632626,0.4480274699643904,0.18026888757064927,0.18675515330301204,10.328646435316546,10.700282086581266,0.353836661453579,0.3757857040873068
30,44,0.3723218254366417,0.47525104609739566,0.03802866967159959,0.03743576110029124,2.178882272679811,2.1449111139067107,0.005499113604278502,0.005222727376382324
30,45,0.3365127455061771,0.4475398176671823,0.11614089447357837,0.12714123110347206,6.654383082210307,7.28465594432638,0.1792481524705515,0.19201334680784715
30,46,0.3916770427791734,0.49046852503358024,0.06941955025302317,0.07915164548517133,3.9774472451945537,4.535055227816034,0.018894044933986654,0.026835195435969135
30,47,0.5123783253368509,0.5926104671322974,0.14006041039418968,0.1450249219473885,8.024870392457315,8.309315951799546,0.038043447786439005,0.045580432039501045
30,48,0.32922842760124793,0.4416844514674007,0.07203293703289274,0.07115991947452295,4.127183277916364,4.07716305638096,0.017468948290268228,0.02033510081368666
30,49,0.3558580291035385,0.4613599971041729,0.1268263469749746,0.11091839381781529,7.2666144127278205,6.355155836130779,0.04624599496480358,0.032436068189235986
30,50,0.4136456105043342,0.5083693940194981,0.02137209728937594,0.028178431164840353,1.2245309740242283,1.6145051790452605,0.0019322398122268675,0.0029075114606924623
30,51,0.38218502896586076,0.48380586245202983,0.06062877251432578,0.06835328786741753,3.4737727821296356,3.9163549106457998,0.010531987618338685,0.014738887212523314
30,52,0.34308003360934947,0.45222078717475506,0.09087902459623733,0.1051614416167924,5.206984555629999,6.025306772153617,0.05220206859898336,0.07128322419702465
30,53,0.5445715910335188,0.6202684414505867,0.07868146689797309,0.0902743017898548,4.5081159791521515,5.1723364910489735,0.01823128301119315,0.02819478254703823
30,54,0.3629527879746466,0.4676854104119258,0.016834384284456105,0.02782610135179586,0.9645391702006951,1.5943181677611775,0.0015151186706393255,0.00423672415060386
30,55,0.44162523708821216,0.5315070986899617,0.12846593971996995,0.11969808969049797,7.3605561571363225,6.858195355043924,0.030349404327041182,0.022697664246607935
30,56,0.4227351101116359,0.5175328102900951,0.048808341534292934,0.06591877260229703,2.796511974948066,3.7768674607942225,0.009984235702833289,0.018575887718617245
30,57,0.3742871767998084,0.47796167899958475,0.12738156399247955,0.1305481768934004,7.2984260045446945,7.479859559119138,0.046582911723478906,0.05001944557873029
30,58,0.5762939154165239,0.6494272739664647,0.04782106058568396,0.05772744725787181,2.7399449433990997,3.307539089940112,0.005312970289194387,0.009907116078850024
30,59,0.6189041308504563,0.687952845688782,0.08674814745584199,0.08721181104950798,4.970302729798275,4.996868696829206,0.00972428504733797,0.009256195127582186
30,60,0.6387837880146698,0.7051927672087108,0.05064104799080692,0.05318799371259115,2.9015183199926935,3.0474475604998315,0.003002832911160179,0.003937829752287486
30,61,0.41979636014004473,0.5134586897159079,0.06631331669218823,0.07918259699883329,3.799473171976819,4.536828618918406,0.01770506292718302,0.027353721454148945
30,62,0.34804953164775526,0.4557893178729499,0.1881379497594764,0.1793455411952874,10.77951048746232,10.275742584979609,0.06481860280092665,0.05428442518088149
30,63,0.49585408657196756,0.5789433545557863,0.04995460773320741,0.05671643573792708,2.862188190344369,3.2496123968081725,0.00986054452993914,0.012282099588767387
30,64,0.3996868028124012,0.49684177958570064,0.09639121331047433,0.08988682758843132,5.522809704835423,5.150135854637206,0.016140542584516047,0.011965350367341712
30,65,0.45426918870681415,0.5426865395594862,0.024905998885976822,0.03935975180212513,1.427008620724002,2.255147660944206,0.0034760333975490123,0.007916384466591535
30,66,0.35871895731064724,0.46430141955668564,0.03742530683117598,0.05191062987016007,2.1443121284085125,2.9742600034259166,0.00690721492085024,0.012999249027245634
30,67,0.3257988589479395,0.4390785395673429,0.35284605618772497,0.36112280932423513,20.216589837392547,20.690812860186245,3.040128372060309,3.1916622930088723
30,68,0.4627755870882425,0.549389603361972,0.015240554457593855,0.024045647774472316,0.8732194478594215,1.3777141331354046,0.000620162311158981,0.0026875874138725985
30,69,0.5462819615801698,0.6212353687541794,0.07251608270131409,0.08035053476764151,4.154865485606935,4.603746523805043,0.018204792102262987,0.023467003348667026
30,70,0.3362412944031309,0.4468523947035063,0.06551086631008388,0.08053654233524814,3.7534961518135788,4.614403972386397,0.08482991249940713,0.11048386230405237
30,71,0.7680286764395562,0.8256067480125435,0.09485916371252097,0.10718533959728845,5.435029728867981,6.141267584601091,0.033247058555508066,0.045150607722059755
30,72,0.3564645343001734,0.4625312179502755,0.13446219759545336,0.1424142837095117,7.704116426273604,8.159737398933734,0.07705405506923937,0.09108941102080888
30,73,0.4862234186022674,0.5692791997220532,0.05686771940351408,0.06196377924400885,3.258280312355576,3.550263033362038,0.004417507669973474,0.007298353702979814
30,74,0.5620698231060919,0.635716623810046,0.02059373150022502,0.03584282629474372,1.179933899388511,2.0536426725093455,0.0025865851324792205,0.0059754468244418504
30,75,0.500788828913879,0.5834388966171724,0.14099997639651835,0.15166717911963543,8.078703558964726,8.689889254209794,0.056476569751043135,0.07081070950122377
30,76,0.43139887693409007,0.5225108883052578,0.04563238347925636,0.04708729012997819,2.614542982483893,2.697902993155768,0.008671528995202404,0.009229344175977252
30,77,0.3473660127529705,0.4557801982763797,0.07919503173834887,0.0772152191688852,4.537541077011993,4.424106172554774,0.011269932037805769,0.010878306710070208
30,78,0.48472326019758455,0.5687134772717584,0.14196661607089192,0.14821169692258226,8.134087932616232,8.491904708136055,0.054421772226050914,0.06388778434981904
30,79,0.5290973848524201,0.6068977270803438,0.09522251159532837,0.1040432123519543,5.455848029047859,5.961236954750377,0.02808371487281633,0.03714765830127362
30,80,0.4483098167813063,0.5366717491083147,0.04903386519291852,0.04769078186856549,2.809433528767661,2.732480522747833,0.004504334221615319,0.004410979811823307
30,81,0.4507680519047645,0.5402730144395811,0.04568874742289281,0.05945187543952411,2.617772398570975,3.406341546822208,0.006315313701080388,0.011813491458995198
30,82,0.6921805773842534,0.7541642388664493,0.05887025482403888,0.05930135758722595,3.3730171402771028,3.3977175091441496,0.007161533536102174,0.0075102239161913605
30,83,0.3407530469776997,0.45066927236225673,0.05549874094947932,0.06041375899800453,3.17984362469504,3.4614534151061607,0.006227409513350402,0.009024952567588809
30,84,0.4035854863391431,0.5009716341542849,0.10811209830198883,0.12063540727956897,6.194366947007434,6.911899696961069,0.040709367503989666,0.0540204620979699
30,85,0.46840151708900923,0.5540780020803239,0.12574866982435162,0.13562648704076552,7.204868060319439,7.770825297621618,0.05695667409178514,0.07170912768907695
30,86,0.4018290244543073,0.4988561035087889,0.058306770584818125,0.05992123446132224,3.3407318715476135,3.4332338378476295,0.006780263682495465,0.008184320106055609
30,87,0.4682532589550673,0.5533915484838123,0.03650121067744043,0.0462994143235275,2.091365318935193,2.6527610346656774,0.005659035399752068,0.00871339820828599
30,88,0.4631629940904525,0.5498388001389962,0.013709108842682722,0.025818732553254068,0.7854740775711964,1.479304407678486,0.0012318663600659596,0.0034687155705395364
30,89,0.42452434955042523,0.5174434598325286,0.15925511079334775,0.1682554665958985,9.12464571434715,9.640328115949387,0.10651636999861802,0.12606775991129407
30,90,0.5213321823194537,0.600361995633416,0.10789901446244402,0.11631702219732105,6.182158142319073,6.664474457436009,0.042147995564272345,0.051471077546923864
30,91,0.53032238012559,0.6081228656070615,0.029891583503015906,0.04288398452255468,1.7126615776856884,2.457071321846728,0.004283136053115205,0.008619603990400704
30,92,0.3894699154777668,0.48871028517119564,0.04271747966369495,0.049995442626592924,2.4475312961656437,2.8645278573922255,0.007738345070065393,0.010836897399126218
30,93,0.35921739419779863,0.46511998838407487,0.07115795478468429,0.06957427259968162,4.077050487945152,3.9863121826544425,0.014513456048586133,0.013287957642252927
30,94,0.48823446215753113,0.570606278943552,0.07287208034364664,0.07957511756850404,4.175262648029198,4.559318390932611,0.013891168931762805,0.018716864394449327
30,95,0.5163164933906116,0.5954086815448704,0.056110297407442354,0.053612975660469984,3.214883228670292,3.0717972324825373,0.004397917506816739,0.0033644403525490314
30,96,0.35308472627072773,0.46072050435305395,0.08609630166466539,0.08827839917614932,4.932954717070491,5.05797969496452,0.02293810805650085,0.024634500345543296
30,97,0.37463779018993004,0.47797208432072263,0.08094358026833667,0.08724991308739789,4.637725528054099,4.999051782791145,0.009357336093094946,0.013678069760953567
30,98,0.45448861061074475,0.5426426643973791,0.07390733383274493,0.08601999651396491,4.234578303680723,4.928582753980244,0.03531874536038396,0.044925513547280464
30,99,0.46551234491266846,0.5516655064872793,0.0533297012187343,0.05657752006307765,3.0555668025271583,3.2416531149310885,0.006033941023704515,0.007440897001519422
30,100,0.5904033340574587,0.6617379258932886,0.09667626815194437,0.10802666494603205,5.539142144181427,6.189471976281472,0.04314829214534934,0.05414955684286639
30,101,0.3640683123335465,0.4683288895411323,0.034469765406814463,0.05008950820383555,1.974972078616514,2.8699174179656897,0.006809178752450471,0.013579206888003324
30,102,0.4691522386387813,0.5549373771275778,0.24009808986231052,0.22823817119799764,13.75660721826317,13.07708393342961,0.13548158990159467,0.11794013854299368
30,103,0.5208904850798357,0.598838002250737,0.0841887911571248,0.09171569141665817,4.823662415611557,5.254922033298743,0.02861914587575442,0.03465329416102248
30,104,0.48591812050756084,0.5699628134194816,0.07654893725616195,0.0883062106655111,4.385931030989828,5.059573175926922,0.017286589240745893,0.025694411742345505
30,105,0.3950021185445433,0.4938264014615804,0.021253667530518588,0.038573547460058734,1.2177454486729498,2.210101470308942,0.0014809957288134685,0.0057354987997849
30,106,0.40469678843911244,0.5009505131009852,0.08350898201437534,0.09419241169464493,4.784712220857607,5.396827652261853,0.01670664342591792,0.025547504592076338
30,107,0.4287618981349656,0.5213247968514935,0.04866100182521801,0.06364918378211078,2.7880700314633873,3.6468296001674743,0.01539646489064549,0.02364001979876912
30,108,0.5168058372023321,0.5961950047576859,0.06785094103457205,0.07918890142950522,3.88757255727199,4.537189836188141,0.02585889196039994,0.03428576088217268
30,109,0.5726409955794682,0.6453647964432054,0.037519831865564915,0.049819704530206066,2.1497280139373274,2.8544588061695952,0.004960074512911968,0.009781212128698695
30,110,0.36578756940950796,0.46991176544450186,0.08520417955184001,0.08021727132422266,4.881839885195302,4.596111090933762,0.015015632596232592,0.012025629756569907
30,111,0.43136996945192924,0.5228004466342304,0.04866210841970457,0.053129747480987914,2.7881334346571,3.0441102972564247,0.007945698563177863,0.010088354209280002
30,112,0.5730660632362778,0.6448346316399809,0.04968373820420765,0.05051150997766071,2.8466685095339863,2.894096338552906,0.008704918413994728,0.00924733987341423
30,113,0.3326202764519222,0.44417248475501064,0.2855715635095625,0.29491973797828125,16.362045338050077,16.897656281259614,2.3965189955835964,2.602037131757683
30,114,0.3474689137535126,0.4554229043716727,0.14961381414441058,0.15797861199471874,8.572240107329426,9.051507720632188,0.1415360403314856,0.1698820459559388
30,115,0.511476419004363,0.5905265596416422,0.026209752958729196,0.03254694870014934,1.5017082266157051,1.864802796547358,0.0017338874909377348,0.0031379639314335593
30,116,0.3531295439335597,0.46086586263712004,0.13066314786567668,0.12689388472872892,7.486446910597084,7.270484040975736,0.0362234737131628,0.033079166787552405
30,117,0.4440361263120079,0.5336219927368632,0.06319128855405248,0.07019826139038363,3.6205941361405536,4.02206410682514,0.006046431479767349,0.010131685836071117
30,118,0.4293816937784536,0.521593857699023,0.1207531029760921,0.12998894506088793,6.918643163638698,7.447817935346806,0.04133162854983448,0.05281858709476503
30,119,0.49706563219699346,0.5801071880187194,0.106799217564201,0.11708659783307476,6.119144421728169,6.708567893380794,0.026886132410304193,0.03715835698110352
30,120,0.5316907365058486,0.6090661223100889,0.03205417656952073,0.0339542156307502,1.8365690332006694,1.9454332523191167,0.0034250298968105785,0.0033197411449608734
30,121,0.387291093315872,0.48694768850940884,0.09840812129510787,0.11045746771588678,5.638370020021162,6.328746715822858,0.03465853156806561,0.04746543699128987
30,122,0.42867602848146846,0.5223824910108943,0.08275539579414123,0.09162558121831912,4.741534910938976,5.249759099242829,0.023751993884775904,0.030031513911074365
30,123,0.45966160385287275,0.5467406660516588,0.04493636805521962,0.04625495786225485,2.574664236210579,2.6502138670626674,0.00324820736191005,0.004116582171324663
30,124,0.43987061711482306,0.5306066404290581,0.07231683103891524,0.06892665459266473,4.143449206290516,3.949206404115701,0.015761910477325294,0.014296982120145671
30,125,0.3727515793399941,0.47534031367845264,0.07482129244519424,0.0701891666932485,4.286944274823702,4.021543019063348,0.010861858839296565,0.008422650654648322
30,126,0.39920829752317216,0.4971827441712284,0.027084701935339062,0.03324226775043861,1.551839110264741,1.904641643543978,0.002157147343006088,0.003943019019718705
30,127,0.6591938275393211,0.7242108911568715,0.1484148982001589,0.158784000327889,8.503547283732864,9.09765307299192,0.07828139794442783,0.09536811508955549
30,128,0.42500320034587624,0.5195022770115957,0.08433123488732223,0.08449516090561968,4.831823840169971,4.841216109170798,0.019387643569239933,0.019654973212839433
30,129,0.537842203499387,0.6145838500222522,0.051421635668500956,0.05076394861466317,2.9462426994644804,2.9085600070391817,0.005686153913968716,0.005591343881289094
30,130,0.4099768845435796,0.5054633395114615,0.075758632222928,0.07020536937481868,4.340649888057577,4.0224713643341135,0.01427849043367244,0.011454387285576174
30,131,0.4500899986407591,0.5388714071619073,0.08184398426973773,0.08139696536442645,4.68931487719107,4.663702580554176,0.023858331886444102,0.02279170738217028
30,132,0.47069118832850376,0.5562470048149432,0.0830152883467075,0.09369823848383053,4.756425657327905,5.368513612933759,0.027654199325424865,0.03691132338926566
30,133,0.43499380020438655,0.5261720431410919,0.0477590649296168,0.062477408300757466,2.7363928539583067,3.579691810549019,0.006998554623288043,0.013789912319052605
30,134,0.333092252515808,0.44448704491414104,0.09752241353375554,0.1105927185776049,5.587622703413693,6.336496019374814,0.04950253743204196,0.06722844805924102
30,135,0.36795095413260953,0.4714827148029141,0.04663249850941453,0.048022864229542814,2.671845352739555,2.7515074404825732,0.005299484456077929,0.005806372305984048
30,136,0.5365936991737524,0.6122658371160958,0.06799526774982163,0.07288116729237833,3.8958418689267775,4.175783291840175,0.018355305600758917,0.022135633853336556
30,137,0.3726905279977154,0.47541761606415595,0.08491635211386475,0.093419735796881,4.865348587771257,5.3525565843884975,0.013163119451991029,0.019758476585007845
30,138,0.5583582397790364,0.6341326927912544,0.20724166625224755,0.21310722099289692,11.87407281551257,12.21014434665473,0.12393310527627793,0.1389119049894878
30,139,0.3492707108820749,0.45658755229701875,0.36240483888281877,0.34809275897918984,20.764267743104107,19.94424596857217,0.23555283978332156,0.20463508105303263
30,140,0.4657410466583047,0.553595326354522,0.061100757572233565,0.07369600646144135,3.5008155339409894,4.2224701372094335,0.012116043882338234,0.019183580533953765
30,141,0.3446979940632272,0.453622988124123,0.38897166270224875,0.3972411826400902,22.286434623025073,22.760243214062672,2.4569963060242497,2.6871869582676657
30,142,0.4178326489500355,0.5126060207419646,0.12866200246394247,0.1224102457375147,7.371789724885702,7.013590449918867,0.028616650221367418,0.022586451294864716
30,143,0.38305858315814467,0.4837502037120707,0.03523724248480441,0.03962604718344443,2.0189452760583704,2.2704052623976287,0.0018411968380318174,0.0033187902206405014
30,144,0.41937054372170496,0.5142413279745689,0.05770265475029595,0.07073138027246959,3.306118583892469,4.052609568747398,0.014392856252484956,0.02109160090269096
30,145,0.5678042421853542,0.6417297015010408,0.08741557831257496,0.08353123565844489,5.008543701005876,4.785987260741578,0.015412849421794314,0.012922497245962748
30,146,0.5622958391749321,0.634749745390046,0.01920025556325434,0.02442664229973928,1.1000936093470528,1.399543511450792,0.001207961219747011,0.0020562142857796523
30,147,0.7680216934222703,0.8234277341430148,0.03550800888166837,0.034465708715718565,2.0344590478326396,1.9747396473379306,0.00283602089671481,0.0028261583151694535
30,148,0.41694843509950613,0.5121352950871504,0.08793988024600011,0.0926473434708666,5.038583988981686,5.30830176397958,0.010107289449334603,0.013403182546826561
30,149,0.6552292873077811,0.7202153611055322,0.08048030782084396,0.07452606054403799,4.611181972048071,4.270028732909824,0.01221710525336684,0.008716592661114995
30,150,0.47498711625832146,0.5593909347679451,0.07205836943742262,0.06678648264247894,4.128640447358796,3.826583583937773,0.009541790365080315,0.006988892374273546
30,151,0.5348505064270681,0.6120437220043239,0.05295734354382674,0.06425377487556598,3.0342322792856504,3.681470118153657,0.00968353060151907,0.014939852511060656
30,152,0.4538399597574925,0.5419846086404996,0.028922032230997697,0.03157442348818454,1.6571103817775046,1.809081206431709,0.0024148770338854536,0.00297817482482986
30,153,0.661497946011725,0.7262307305740513,0.05283833430169093,0.05554089557279224,3.027413551988218,3.182258906697834,0.004364601161582687,0.005956045812847002
30,154,0.38709693461202954,0.487436943005421,0.052063100092559586,0.05391120866092624,2.98299590367083,3.088884724720204,0.0096423500659471,0.010566964972337105
30,155,0.774008241491796,0.8322355997736226,0.1699170301238516,0.17500241688019222,9.735528693493968,10.026899891824009,0.06862846542737429,0.07827279757175254
30,156,0.7347578994005439,0.7928332923276386,0.051864623047863316,0.05517964729250893,2.9716240066795043,3.1615609048812416,0.0072298454661208576,0.008791435617042223
30,157,0.425848337371219,0.5184197605546804,0.09849042410321841,0.10703747952143534,5.643085623567971,6.132795826296224,0.04446025409050196,0.054155806389097255
30,158,0.5056365218847734,0.586375657791612,0.07424692762609977,0.07018155376397067,4.254035594788793,4.021106830345996,0.00930280678008518,0.007387246158355582
30,159,0.42864948239461537,0.5210781494905399,0.09920889615721157,0.09756736164369956,5.684251039959874,5.590198040410575,0.01246835515733788,0.01030320664109903
30,160,0.4391250313920741,0.5292230383329899,0.05846225933231026,0.052503659884830044,3.349640720540688,3.0082381203910873,0.012464860346769129,0.009138807802808369
30,161,0.50045328957444,0.5819722824177331,0.066531682002814,0.0642363929634131,3.811984582667738,3.6804742079474297,0.0074214505864252,0.006803389802452309
30,162,0.47276864573894245,0.5577160290136576,0.06549804493754924,0.06255359256825073,3.752761541279779,3.584056847541679,0.009371773467506811,0.007930734934210888
30,163,0.3427828232742528,0.45200284568301435,0.05049621655340845,0.05705602527473581,2.893220089888948,3.2690694440341153,0.013014175655332206,0.016398055283936938
30,164,0.3911315269062761,0.49012494616157,0.09417297964410183,0.1043447132670127,5.395714277778448,5.978511684702555,0.04285556068556546,0.05298341794601588
30,165,0.538832276312267,0.615419759389883,0.028748328850194505,0.03820303748585541,1.6471579111703278,2.18887281251959,0.004132535741849049,0.00659162822191647
30,166,0.39764462556215197,0.4958857903930586,0.11961926198825536,0.11630039361585873,6.853678860396708,6.663521709898928,0.022032231439953268,0.019113286640169078
30,167,0.5142808138033054,0.5939873231934046,0.053854777528569764,0.0627646502968463,3.0856514590030337,3.596149564623823,0.005048390864164629,0.009312289394122139
30,168,0.594875367032055,0.6655890314955715,0.09761906347788768,0.09173197687637533,5.59316033730264,5.255855121407967,0.020607499200226302,0.015494947321802465
30,169,0.5054419632311953,0.5918348543361782,0.3307652906791313,0.31779531723746457,18.95145516533209,18.20833042672782,0.19824975076026727,0.1728794380567416
30,170,0.5348077233602291,0.6125841709143329,0.05292554034044671,0.06289655050757624,3.032410089956979,3.6037068900155345,0.008842809516863542,0.01346017480244921
30,171,0.40023805899431364,0.49830935240396546,0.04299147428426387,0.0535095203293842,2.4632300315335316,3.0658696786431934,0.005329731018036821,0.00952149908477276
30,172,0.4185536538644056,0.5132660218856441,0.05811006566817793,0.06235292377348037,3.3294615100146574,3.57255937252136,0.005650640292451083,0.006612446315492367
30,173,0.4526918278350604,0.5409863252816559,0.10752190175598801,0.11463925683862983,6.160551175838388,6.56834558336975,0.0378649239185625,0.045858102979683596
30,174,0.3985668389436165,0.4973979759444363,0.07354417960871931,0.07412232165408594,4.213771099331707,4.246896198490275,0.013063847406470139,0.01395867094624956
30,175,0.3575279607378251,0.4633580863968732,0.08359470162190216,0.08127877119278687,4.789623592590411,4.656930553356184,0.009298859434416197,0.007247360961676375
30,176,0.3883343045781248,0.4879023539408977,0.06011030281592302,0.06001792837803313,3.4440666566057367,3.438773991179753,0.007881740389368529,0.009453349439486202
30,177,0.35020000520388445,0.45757390260260894,0.03650241647653387,0.037730721018650264,2.091434406134188,2.1618110723542063,0.006339811714727316,0.00682954724670079
30,178,0.4689205999607425,0.5552789330184398,0.05393731783221699,0.05352536046183707,3.090380670041748,3.066777251379671,0.010566172446863312,0.010443618870392014
30,179,0.37607965383828157,0.4777496064734397,0.07724101197817372,0.06927367157914296,4.425583991668792,3.9690890128602527,0.01373991654511613,0.009449900936282039
30,180,0.44769730469215824,0.5371092621831741,0.06572966491385625,0.06485920848202485,3.7660323883730906,3.7161589085791347,0.005357536258975407,0.005012281285157485
30,181,0.4963393786002912,0.5780402902773852,0.08655149735380832,0.0951034777894986,4.9590355089109295,5.449027894354433,0.0341402639318978,0.04147016320324144
30,182,0.4157488749157966,0.5102110974067315,0.035810792173818856,0.0460652761105973,2.0518072525799393,2.639345903242041,0.0036108628935970135,0.007825568205094786
30,183,0.4437818794551749,0.5335204142353165,0.05159918383499048,0.06160912087564814,2.956415460064616,3.529942605685973,0.011965598927428232,0.01701085128375792
30,184,0.376997740886031,0.478716678991522,0.11806471233280875,0.12679611686869582,6.764609726096102,7.264882355223814,0.0490486172271666,0.059691870920791285
30,185,0.41636597525490854,0.5120679066952201,0.14467853826439553,0.14028693999255812,8.289469628671851,8.037849582378621,0.03572154424060003,0.03106318257340214
30,186,0.35779400855044013,0.46338881182775926,0.14430233691702915,0.1507769461135091,8.267914879220621,8.638882660175513,0.061756436752491976,0.073106244410938
30,187,0.47021789155028626,0.5591449295087684,0.13347180558382943,0.13239653588446276,7.647371143944081,7.58576272833207,0.02863523265018117,0.02599846631449735
30,188,0.4523930883694275,0.5447220920217719,0.330607772690396,0.3176689508251384,18.942430049380167,18.20109016462932,0.19232235206626114,0.16643274438237077
30,189,0.4244786643360649,0.5169795866132192,0.06123593113969192,0.05323618141410794,3.50856040885808,3.0502085124211797,0.007545499923609703,0.0047742080994269895
30,190,0.5603053573203437,0.6361906896017209,0.06613980554865068,0.06960031184008406,3.789531715753628,3.987804121231229,0.01443732692445815,0.015590279764378993
30,191,0.5913949134167183,0.6621403603090433,0.060759191343809256,0.06966667664889817,3.4812452306280752,3.9916065446844704,0.01773843890481823,0.024000696254974616
30,192,0.4929531472888638,0.574946014415541,0.04937737219336768,0.049278484160961734,2.8291150301265966,2.823449163225383,0.006552686346669546,0.0075311391812801776
30,193,0.4737733592733678,0.5590588146168605,0.030301053857773264,0.04285936130096182,1.7361225008490095,2.4556605151714415,0.0028522995483132793,0.0072316385090107314
30,194,0.3960241097712994,0.49382249074466833,0.1322288064743014,0.14042720966156108,7.576152541029606,8.045886442406188,0.06144123110949759,0.074538266313713
30,195,0.38985996335554346,0.4890217403885106,0.1158431583060927,0.12439888478224305,6.637324056404978,7.12753107415673,0.0571196299439377,0.06783903015773358
30,196,0.36525289102671993,0.46932042426357956,0.05005715443574475,0.0458280030202277,2.868063683602742,2.625751156571837,0.0052050696156436815,0.004103227637963669
30,197,0.5429684635922909,0.6183077930242731,0.04508658097922642,0.04116788098966357,2.5832708027844884,2.358745832204577,0.003646544862085103,0.002706725456776726
30,198,0.4278158270573132,0.5204747902699546,0.0713689276660357,0.06791088344260893,4.089138343638302,3.891007004266354,0.018219971108804797,0.016705365503656713
30,199,0.4322979079585732,0.5244898548879979,0.10512900179272984,0.10111000901053861,6.023448107146685,5.793176782833587,0.01806915534995296,0.01501093153141303
30,200,0.3792422201792142,0.48094655714955886,0.09847672793304288,0.11193867138325878,5.64230089082142,6.413613434562572,0.03948794819965068,0.0524549626518033
30,201,0.3589175852349604,0.4643199652661848,0.04991620764231351,0.054131908692912935,2.85998802720323,3.1015299050914438,0.007290362301177885,0.010706305838967776
30,202,0.39836956115158245,0.49603222200924946,0.02308991727522346,0.03795877423528036,1.322954809176514,2.1748775591714935,0.002530174667271942,0.006559826878691178
30,203,0.392754152777824,0.49140022430314867,0.08594935534807951,0.09554163846943857,4.924535313315127,5.4741326520635765,0.016052562097511013,0.024141182842225675
30,204,0.505464714699778,0.5852721280234264,0.03636099534981226,0.04589545793374631,2.083331572439055,2.6296160384238734,0.0029311035245445476,0.005699813119372284
30,205,0.47282693722042113,0.5577239370526935,0.044818421190269235,0.04384159378747597,2.567906378642123,2.511938291149343,0.002953880830687327,0.0028296268370904595
30,206,0.3672649104202518,0.4705634678361377,0.03758910007800135,0.042207391138474326,2.153696790164351,2.41830537649245,0.013039390684447844,0.0137510110387092
30,207,0.4167854267710308,0.511664399593372,0.07548626299084861,0.08761861537059029,4.325044280590208,5.020176867514907,0.014565524575649871,0.02317484732363683
30,208,0.40666304223884486,0.5027913863664227,0.04013897864731172,0.04890286269799479,2.2997940704566915,2.8019276387028476,0.006202396873734218,0.009852184901405447
30,209,0.543054881332828,0.6183195621728481,0.0662915533812487,0.0633890721511644,3.7982262261117525,3.631926301511983,0.012713740683094436,0.011722287778804782
30,210,0.36353624366446635,0.46883924321490017,0.05614084503779117,0.05947386941730659,3.216633478963405,3.407601708923848,0.011202248581011744,0.013236194146182077
30,211,0.45737329467674526,0.5459267793290106,0.07982278097615898,0.07681948870367908,4.573508458931067,4.4014324870737145,0.0220362188350676,0.020308991193760468
30,212,0.48631990870419967,0.5693561045960147,0.0340027785120549,0.03807206079696757,1.9482157004588712,2.1813684010317194,0.00369286041755211,0.005457756173854528
30,213,0.3576886436290956,0.4634454900456196,0.07933206519522874,0.09159099577408297,4.545392515743298,5.247777499255513,0.03811648367773929,0.05092757868474787
30,214,0.460223279547046,0.5473825477199761,0.079426867829824,0.09054820080682949,4.550824306592327,5.188029748734405,0.02320211311178271,0.03222371494086046
30,215,0.4511499882866432,0.5390298034018906,0.062423768610360315,0.05600506645988274,3.576618482674874,3.2088539395009636,0.00763504650887626,0.004886891360990058
30,216,0.5125496275881049,0.5926030458316709,0.023276763700111766,0.039577539564342484,1.333660320739722,2.267625980548859,0.0023449581293589553,0.006795397389025803
30,217,0.5168401641721359,0.5982257280901738,0.11672955648916296,0.11720426701392753,6.688110931262969,6.715309840822419,0.04504711615783585,0.045281441430146674
30,218,0.7172262793653935,0.7773597702395427,0.06970562679930989,0.07167278401143569,3.993838223914462,4.106548029807991,0.010021084692827698,0.011672472928772267
30,219,0.34952288029647866,0.4571080062254118,0.15770022405384224,0.16758155443740666,9.035557266552626,9.601715793505255,0.08904159676173126,0.10840889258086504
30,220,0.44503948691988415,0.5348783526941242,0.09680564880303721,0.10649996196283058,5.546555109439702,6.101998338773996,0.020097015257113618,0.028968679559800696
30,221,0.33710022964102443,0.4475563058206018,0.08314510743125546,0.09538759079033798,4.763863742972755,5.465306370207327,0.03360929522157289,0.047372139638485675
30,222,0.4745371064276934,0.5596659128347967,0.05469014264457782,0.06631833154413376,3.1335143545027515,3.7997605018281804,0.006759900331674444,0.01276658722824077
30,223,0.7690224274189534,0.8271152690101327,0.17232601630997624,0.17963126858842696,9.873553434864228,10.292113558697782,0.09233618852474605,0.10671183672690482
30,224,0.4349357512769582,0.5256462864851682,0.05063969072958571,0.055681739854396006,2.9014405546530218,3.190328689602282,0.010792421721121152,0.013156514474699791
30,225,0.44548413310969637,0.5350181941586961,0.062249129884957434,0.062014765532154084,3.566612420769745,3.553184332485798,0.011683909376518649,0.012071465721249569
30,226,0.36826746751324885,0.4724480700753048,0.06986182587985493,0.0735040730359897,4.002787771993517,4.211473161983565,0.01704081789922267,0.019191159462449977
30,227,0.44887466315016167,0.5387977883776843,0.06072044818422031,0.06679095691261641,3.4790254110986267,3.8268399407330516,0.014210702774550672,0.017292522354347008
30,228,0.6610223789700029,0.7265590218496998,0.07563889686681116,0.07552918400354157,4.333789557493586,4.3275034734699425,0.020099829348234337,0.019850224337571797
30,229,0.3865065502575492,0.48618959665333905,0.12441034724080094,0.13334370967842912,7.12818782465494,7.640031789191736,0.06736860321641826,0.0828298798701027
30,230,0.4811746068955898,0.5651062265281451,0.04245136158023661,0.04208242349247566,2.432283853131371,2.4111452578010413,0.006099509886089245,0.00569845522074272
30,231,0.48674744242306717,0.5699722265774539,0.058025199546284253,0.07129780656524279,3.324599039406507,4.085063404728544,0.01355613988998523,0.020576730421090726
30,232,0.39747281543655855,0.49484618962166865,0.06296920829766096,0.059054958916085344,3.6078698747361364,3.383599905210161,0.010210792544889689,0.008585459067629492
30,233,0.3601696984326391,0.4654075724922989,0.09729632962064241,0.10838465084986117,5.574669049376508,6.209983057696056,0.05071493780863189,0.06536156878877053
30,234,0.6809076003767456,0.7423891807831045,0.024069420000598064,0.027539694562754905,1.3790761813620405,1.5779082675252372,0.0012365091906887567,0.002270194260215805
30,235,0.6507041159795297,0.7142810766158548,0.05056213119334613,0.057171173636585026,2.8969967205655016,3.2756669591859207,0.00885660024183884,0.01181862310785568
30,236,0.49848404551385483,0.5802679908990723,0.08128993539681276,0.09093191616617216,4.65757021512849,5.210015019359086,0.019450574172396956,0.026756738027673692
30,237,0.4085067714650911,0.5054857653509809,0.06862562629198027,0.07424712620427043,3.931958752972487,4.254046972479875,0.014816306026309555,0.01802708541633479
30,238,0.42367286565725054,0.5173573219434364,0.13821143904829378,0.14421236678630484,7.9189321378968565,8.262759970447878,0.0367663988070857,0.04416322806751609
30,239,0.4468873618478935,0.5355064754329388,0.028863568733335128,0.029672282906753587,1.6537606701058662,1.700096579075155,0.0016131763304278214,0.001975486919464
30,240,0.41119674934142947,0.5073835764545777,0.06056569812699255,0.06340957337230128,3.470158885940068,3.6331009349579904,0.013398258739773912,0.015343365338700487
30,241,0.3515060186382451,0.45920165997600454,0.04832831953462134,0.0558620608690414,2.7690087402934536,3.20066032269898,0.006797524209924984,0.010222790824132882
30,242,0.44942719124729347,0.5383095796870835,0.07044688410165069,0.08276674143664645,4.036309138871842,4.742184968370389,0.014689913328278029,0.023800069896863063
30,243,0.3731854568801587,0.47565640894575234,0.17237501855982623,0.18024813011397206,9.876361056967276,10.327457120655517,0.18063260682847185,0.19659129320752142
30,244,0.3317742252174321,0.44358520654684697,0.07558755899822585,0.0719002123731557,4.33084811429445,4.1195787150761225,0.012935771341565525,0.010727076288574007
30,245,0.3312540578932007,0.44325846717674444,0.08971206993802355,0.09859318234745897,5.140122978831219,5.648973237273129,0.08499642553245751,0.09746736380950383
30,246,0.5288161636717864,0.6068948815402955,0.033249001324574826,0.03780127255770895,1.9050274489230212,2.1658533777804214,0.003297320574131621,0.005139858272150535
30,247,0.531052667808837,0.6102666850217666,0.2111107238686372,0.21768516414279548,12.095753487624641,12.472441167994743,0.10903645927066064,0.12515514803581937
30,248,0.5305894772684236,0.609215268544604,0.13565425442036028,0.1447984166591263,7.772416251280536,8.296338154744726,0.04188130010575117,0.05373938598303789
30,249,0.49062370133106475,0.5740319841006465,0.030456407649676966,0.044119661575562935,1.7450236174564453,2.5278704018252642,0.002090441019489306,0.005499941028826524
30,250,0.5237736865514574,0.6023606137191528,0.07131393808604723,0.06787826839084668,4.085987672787766,3.8891382994517767,0.00829680813901779,0.00621317165743018
30,251,0.5826127042976417,0.6535164400608164,0.041115663400363385,0.046946267508916346,2.355753984721329,2.6898229921530517,0.0087082673959608,0.010994150056707338
30,252,0.3745278442022702,0.4775670474822284,0.06122965382776978,0.07332041117776715,3.508200745378254,4.200950112649883,0.00991425884010513,0.016956898377018925
30,253,0.6138974396279543,0.681988186106295,0.028446308004119913,0.041616560731257024,1.6298533913652833,2.3844532877509024,0.0021442356672621435,0.005871887868170505
30,254,0.4398557738278127,0.530499849934639,0.024020712768733805,0.036511821448334016,1.3762854625444534,2.091973271324776,0.0010332047422358407,0.00398682029635508
30,255,0.4626177903327136,0.5484708923469439,0.15995709298624092,0.16764593102682854,9.164866331293267,9.605404300378575,0.2744727012852267,0.2892232697641251
30,256,0.5256892072094815,0.6039984679790238,0.06522291998539097,0.0634955538613137,3.7369980426823712,3.6380272540988723,0.007435050838094592,0.006798310531456592
30,257,0.38896493584568176,0.4880397510669935,0.06908506311417584,0.06624857288435261,3.9582825438371954,3.7957636250382314,0.007384076694247191,0.00504965983573908
30,258,0.49010362017322145,0.5731214202412379,0.05068023493282665,0.05054246519720834,2.903763566382448,2.895869941986886,0.007845217001494863,0.007744522437511298
30,259,0.5034227509583227,0.5854067417673167,0.17598723686118428,0.16712753297349586,10.083325920315009,9.575702279814815,0.05664893824764332,0.044712460088431744
30,260,0.42593005703329184,0.5185294941754498,0.11421945602831378,0.12018661804509886,6.5442927687024675,6.886185967935026,0.02502515070575194,0.03184423958183405
30,261,0.6104983022278664,0.6797524233720917,0.04203526297782127,0.05320674187207675,2.40844315935168,3.0485217509119944,0.005667966356992692,0.010846354840744216
30,262,0.4039190510907423,0.5007266613047927,0.06484773078578657,0.07183844860538398,3.7155012850261477,4.116039911855976,0.008466422632815124,0.013062795435346115
30,263,0.4261735692395253,0.5190277931944375,0.0449752454505441,0.05723200377950887,2.5768917468811336,3.2791522696426343,0.005484782948343116,0.011512148791239053
30,264,0.4322235149544548,0.5249386439237635,0.06026633764504617,0.07147860409827261,3.4530067937715385,4.09542234031753,0.006169773549711781,0.0120377681427086
30,265,0.37969946332680904,0.48109582343901425,0.1053122309311472,0.11618037928016883,6.033946363461818,6.6566453949828315,0.03838046221877368,0.05099315885448455
30,266,0.4312008186888204,0.5229038720612452,0.1448559542700077,0.13504596942790684,8.299634817011496,7.737564088471807,0.03986525298718685,0.030717151999366712
30,267,0.4694846432516676,0.5563649119535807,0.06731554836877106,0.07384783878556928,3.856896817139335,4.231169488575627,0.012613147639928827,0.016638536868410794
30,268,0.3629383901350989,0.4676183435743064,0.04574077336328018,0.052889552596872835,2.6207532653803702,3.0303481441359965,0.003396430540513442,0.006788404295292556
30,269,0.4517803513843722,0.54068141309088,0.044581623566969694,0.05027014957475009,2.55433887422833,2.8802674061245503,0.006842503393957599,0.009149244595880077
30,270,0.3580672583575445,0.4638174017755472,0.062181914125714895,0.0712490076499169,3.5627612414483796,4.082267432835555,0.02642438663464331,0.03278793031464756
30,271,0.44145181670263905,0.5315154261625122,0.05764768234320353,0.059084338963313894,3.3029688969763984,3.385283257918252,0.006763748022791071,0.007867183252452814
30,272,0.41338580258187707,0.5081708003280138,0.09608125472658718,0.10649368064604832,5.505050386154838,6.101638445832587,0.036665379479765024,0.04721291495450365
30,273,0.34990780609482985,0.45675839068110685,0.2702589477206795,0.2573960801086717,15.484697080041695,14.747709053438129,0.14106893919992766,0.11917863173004344
30,274,0.4029124162709189,0.49977276997052994,0.12641659343213887,0.13589622470705529,7.2431372640828,7.78628012747573,0.08216686502114058,0.09424199106841817
30,275,0.5238343662362371,0.60208877943188,0.12138232977907831,0.12773811513222266,6.954695203806318,7.318854880032554,0.04404831559117117,0.052835812993001614
30,276,0.47601385565627624,0.5598367033909533,0.04757661907623968,0.045812772206471036,2.7259394765701352,2.6248784952250306,0.005581614190632637,0.003539320828812571
30,277,0.34987341630179186,0.45780519446539264,0.04787738553878328,0.056539487880264507,2.743172125492963,3.2394740313702255,0.007025812238568008,0.011398845449869254
30,278,0.46623120330106765,0.5526368552621683,0.0272155954336671,0.039070976939717415,1.5593387552846403,2.238602080098773,0.0025916619928828197,0.005917772153426849
30,279,0.45230078061031703,0.5407114513898222,0.10174131255554902,0.09586479399759515,5.829347811554331,5.49264809995327,0.01661276596821918,0.01325333740208668
30,280,0.5866088347298052,0.6591683154473802,0.07381182452931036,0.08767922513087727,4.229106023689687,5.023649550976651,0.020829894660144323,0.030958259452119392
30,281,0.6249533231051687,0.6913429013476948,0.03370293629298563,0.03112804686866702,1.9310360067863648,1.7835057100600382,0.0027638699570794005,0.0022307622440161786
30,282,0.5745868825669809,0.6465327348369052,0.01948274277906992,0.024097153340798427,1.1162789345796869,1.3806651847073217,0.0008398632812531455,0.0020196936421771495
30,283,0.5003052025907944,0.5817884057914011,0.026641309036438257,0.035453522253310096,1.526434568491654,2.0313371939878127,0.0031433379624158267,0.006209481911189572
30,284,0.43305639333419804,0.5243260553445297,0.06762552988623712,0.06669900965902076,3.874657449817201,3.8215717511642016,0.013423731805934373,0.013218117409505063
30,285,0.4784296450289266,0.5617755483627974,0.03435088032923767,0.03537200224054164,1.9681604654242784,2.026666441310328,0.0020730347409993292,0.0027603016831511257
30,286,0.5522287454672917,0.6260313165491009,0.06554646732636807,0.07373200719539101,3.7555359397930395,4.224532827324123,0.019459226122895634,0.02500048181142744
30,287,0.35113697876246136,0.4584327291793776,0.036269766627900914,0.045071826372874935,2.078104551703162,2.582425426112171,0.007192559748541952,0.011168430586101098
30,288,0.4576510169748429,0.5449434487620413,0.049454087822214485,0.058922208447055514,2.833510511882211,3.3759938636063693,0.013516413121346793,0.01846479591457268
30,289,0.6301146024474419,0.6992016070990313,0.22924004576040447,0.23702961633624264,13.134487117457036,13.580796635671854,0.17970280636718944,0.20349163158315509
30,290,0.5957402844809638,0.6682404100422646,0.11370411782448957,0.12516938263246022,6.5147660646014875,7.1716773490980765,0.032907573753563034,0.04342536117181927
30,291,0.4913255606277419,0.5747116621527494,0.03937669512380669,0.04256509177158722,2.2561184417674918,2.438800113098976,0.0020913534014416254,0.0032021530053365924
30,292,0.38242495055976183,0.4825201845747413,0.12103121923420637,0.12674872070612175,6.9345780514426165,7.262166755143204,0.05028305878812349,0.05779261825364446
30,293,0.3558784595525607,0.46200110561868585,0.09175031162581411,0.09902718425770593,5.256905625169239,5.673839715030896,0.07302989789986566,0.07945878122938856
30,294,0.49085117738568756,0.5745085369504387,0.06932420512115631,0.06741488836890341,3.971984371541464,3.862588579883748,0.008898914127512331,0.007991291403461623
30,295,0.517170953445871,0.597771025189795,0.09054503965891258,0.10359229402816812,5.18784862830035,5.935401237892315,0.03234018917715391,0.04329569501575922
30,296,0.45083343784377555,0.5406436768177998,0.0662913570432851,0.06428673062242295,3.7982149767750806,3.6833583433592625,0.011957598981540488,0.01042080193137534
30,297,0.4311715302962403,0.5222790750840546,0.07446003816824386,0.08034399070175734,4.266245929423394,4.603371576449025,0.037680121278605275,0.041535842476543815
30,298,0.37285999228700323,0.4754762753700329,0.023570015635836442,0.03667657414046201,1.3504624189907877,2.1014129052471278,0.0016623990883307697,0.005257968059748323
30,299,0.7115252801949843,0.7698510730517746,0.029245878756861268,0.02882284029666547,1.6756654209194612,1.651427102578529,0.002170745573232156,0.0021891239115153765
30,300,0.4171692357961046,0.5113188688476715,0.06121574115394354,0.06743094392163625,3.507403607886269,3.863508495293089,0.018002621515296476,0.02252726866666457
30,301,0.47818706770768826,0.562054803783855,0.02656245535447086,0.02733468186925002,1.5219165853158554,1.566161905440798,0.0012278598368516119,0.0016784932046253979
30,302,0.47799274463856806,0.5626532390993253,0.11776335687920068,0.12726132017284275,6.747343330471109,7.291536541166974,0.05953835425359767,0.07189910734124944
30,303,0.5625712804644865,0.6373326843211381,0.04747391527719876,0.04925279079027095,2.7200549823451308,2.821977041523336,0.01005043323498067,0.011114528055503753
30,304,0.44779448132580296,0.5377878904760398,0.09267031283533488,0.09147103237983539,5.30961781162171,5.240904103069062,0.011404885815930695,0.010888928412887456
30,305,0.5520081622824106,0.6262921090530296,0.026768655804613507,0.027086633621511726,1.5337310008427267,1.5519497877297783,0.0015750962498768187,0.001825194895691697
30,306,0.538701956777946,0.6177116228328782,0.24458624602711163,0.2498574434714013,14.013759624301896,14.315776990839838,0.15444501737975092,0.1710404971532484
30,307,0.4837482012738582,0.5669852471747302,0.03533057253941404,0.03634773294335674,2.024292694289228,2.0825716925229667,0.00214600131246696,0.0025136307249671776
30,308,0.5314867353210596,0.60924940975694,0.04089009019281897,0.05394047937907406,2.342829591957806,3.0905618133333914,0.006162040120186792,0.011393047443555921
30,309,0.38735620073556914,0.48667251850182947,0.16294669811278692,0.17017121662434953,9.336158087455027,9.7500925071817,0.10874529239919205,0.12551288060318327
30,310,0.38815426615834275,0.4877374760740084,0.032972659388358375,0.045243082827690205,1.8891942222753453,2.5922376981874593,0.004664598144039401,0.008959764928719648
30,311,0.479619152603828,0.5642175391799719,0.19433507562444763,0.20187260351416886,11.13457964463653,11.566448180679707,0.11105654791273772,0.12847187247882655
30,312,0.33960798988317525,0.4495242061832618,0.12411589390148854,0.1334055412490767,7.111316891048807,7.643574477230507,0.19986997017693675,0.22417693285349474
30,313,0.3504101825815164,0.4577368898665341,0.05159514482507239,0.05618115738645819,2.956184041842898,3.2189432064042847,0.005340945983821139,0.007840387860840226
30,314,0.4309579114723413,0.5248268751839332,0.17621026773967685,0.16925223546882143,10.096104648353728,9.697438765517884,0.06279428516472618,0.05471043100095208
30,315,0.47301228127533956,0.5576157634476832,0.0636463660855384,0.05727154695446305,3.646668158045929,3.281417926676056,0.008933083942238296,0.006082151131246598
30,316,0.4619983693060863,0.5495478925115928,0.04632287617378834,0.06076240470581511,2.6541052996651913,3.481429342709058,0.0074662026197597695,0.013780982839865466
30,317,0.5422560119352104,0.6182242770005774,0.06705730108509793,0.06663556571745373,3.8421003377141467,3.8179366810767363,0.012767235824250479,0.012855028224062029
30,318,0.37693565854197497,0.4789066645508116,0.02437865886945118,0.03745640684337169,1.3967942634087236,2.146094027850132,0.0025813555613881777,0.006308025249165133
30,319,0.4511079979217913,0.5455924062580726,0.38772007697981437,0.37372346319399596,22.21472404343075,21.41277714602873,0.2576758456238595,0.22583760103682904
30,320,0.3662874920636445,0.4700539124201036,0.11306957244343604,0.10763934738879509,6.4784092923576,6.167280314920477,0.021413567487431076,0.016660363961915198
30,321,0.5016617428906613,0.5831549992270401,0.1056104883572271,0.115648761571282,6.051035255184631,6.626185943949201,0.03074738569284912,0.04231461580696356
30,322,0.3983750134496001,0.4960205617729794,0.09692599395704769,0.10683115147986526,5.553450378849354,6.120974100319058,0.10242314600610443,0.11522971404907861
30,323,0.4266536013777275,0.5201278896174202,0.044666090537215444,0.05165258955120273,2.559178475131669,2.959475382205451,0.005414858904708358,0.007642311388035126
30,324,0.36727606914714817,0.47101723217386254,0.08110553571426585,0.09161573747189912,4.6470048915749995,5.249195094118366,0.02898254851785368,0.03818961990718638
30,325,0.4172225493901768,0.5116977192257287,0.03282460417645129,0.04546222478534294,1.8807112834981543,2.6047936074751954,0.002657736213326392,0.006791342874962133
30,326,0.6016549228584356,0.6704768559214956,0.01374986210376071,0.01921657585380311,0.7878090674323599,1.1010286931159248,0.00047616589395337505,0.0015084266537950253
30,327,0.39177313155586335,0.49081877473032043,0.1715943317789748,0.17992168200172767,9.831630999302835,10.308753021593901,0.067250436436552,0.08127247635626941
30,328,0.46177400490035936,0.5490006042629605,0.03203463165698923,0.034682811017444116,1.8354491922016618,1.9871786929493804,0.0025505902174556977,0.003256832895586675
30,329,0.5969938694877556,0.668671751412682,0.03785665638590523,0.04925516131748659,2.169026637389346,2.822112862728013,0.006499729251279517,0.010887401628907237
30,330,0.37036778731882586,0.4735014048948782,0.10452066142316456,0.1117449524230154,5.988592771463166,6.402514155728964,0.023677493273821446,0.031835562813736014
30,331,0.40170209241236626,0.4986936915817133,0.10112406393394432,0.11081394067679755,5.7939820706261145,6.349171111993577,0.023541994167543948,0.033262074270941654
30,332,0.6428647575929572,0.7109054742659637,0.20911113105077195,0.21504091390848554,11.981185258416293,12.320936789592306,0.14444643367980267,0.15936893563177784
30,333,0.3498348706387544,0.45722899862899885,0.1850183944875334,0.1961672808314083,10.6007731364222,11.23955727019727,0.41167503362646074,0.4818301890155704
30,334,0.461340215366534,0.5472632824641708,0.016872402801704718,0.011944211022026379,0.966717470782386,0.6843528811757511,0.0013632025111604143,0.000690704375924928
30,335,0.4593423301910571,0.5466934280846745,0.061073774572863934,0.07315209102498288,3.4992695219585057,4.191306078288347,0.019751363108060326,0.027674089570619696
30,336,0.41794206429657144,0.5116564446837573,0.01483026360242505,0.017696145180757142,0.8497115134854356,1.0139144325081555,0.0005259907587924911,0.0011528030332411286
30,337,0.6497757534338243,0.7151831184832236,0.05057261985373268,0.05240615432723693,2.8975976765383975,3.002651463461932,0.0032849858574796574,0.003674089909818209
30,338,0.43861006886865156,0.5293059031368569,0.05564858005895153,0.06812513830522106,3.1884287732737966,3.9032829036341847,0.01524529296584426,0.022349878586951626
30,339,0.3725539019303035,0.47582559379482614,0.3385483034218104,0.32654522770708766,19.397388947384144,18.709663367754555,0.1891884709455161,0.1648999029553016
30,340,0.4031600520148068,0.49968325314353584,0.02809297708009513,0.038095501033865956,1.6096090206472058,2.1827114276767836,0.001846201938222259,0.004733130300303853
30,341,0.5949660751869745,0.6670666083350515,0.13426660802419468,0.13019291422707152,7.692909969323709,7.459504507719928,0.059348280938875876,0.05510506451332464
30,342,0.3698681038513485,0.4733404874800388,0.030762143419768174,0.04151569575470864,1.7625409867288535,2.3786741502939943,0.0033115655193128304,0.007033050728776262
30,343,0.47946853498131226,0.5641504484097111,0.042878636691536874,0.04413862632531494,2.4567649136998586,2.528957001945576,0.0034148496045484297,0.0036904240302581505
30,344,0.6747885283511381,0.7365957752495206,0.024291685472979635,0.03164977439188551,1.391811054860986,1.8133984951962712,0.0027223431587357263,0.0049195289293296664
30,345,0.6664817391479074,0.7290350580137416,0.04651459601972273,0.03965165725910808,2.66509003768613,2.2718726116461667,0.005501793791173399,0.0031729329448147974
30,346,0.44108174575881365,0.530895793467863,0.036869760570861825,0.049213586924767704,2.112481672368235,2.8197308254894016,0.004816580468971696,0.009517241952203992
30,347,0.49941193309637744,0.5813123675442334,0.10615723275832195,0.11708083897267352,6.0823614018397745,6.708237934984997,0.03598152018427986,0.047818961744602866
30,348,0.403679849328897,0.5002527090020503,0.13866885040319538,0.14975971365454605,7.945139878034079,8.580599533493213,0.08723144781984514,0.10720295444484997
30,349,0.4251449511144012,0.5176770639030943,0.1974566615025481,0.20619550173963347,11.313433340839326,11.814132004263422,0.2725030822112427,0.3142475146829578
30,350,0.41573298749206583,0.5099793859628988,0.07610895612655877,0.08121279466578459,4.360721969198167,4.653150376812022,0.008430195217854583,0.011872253249425521
30,351,0.8292171326546995,0.8827542940742583,0.049954933752971845,0.046513997582067264,2.8622068699009087,2.66505574973417,0.013136995888226949,0.01207601423419721
30,352,0.3358769991173014,0.4466944354380842,0.10464248982685186,0.1109050656500705,5.995573024819264,6.354392188370359,0.40648200769480836,0.4258493048062493
30,353,0.4515979353514513,0.5395151928202739,0.03276966559439229,0.04313649734837779,1.8775635346137403,2.471539241039314,0.00791378315968059,0.011359360677394032
30,354,0.37582301626580555,0.4782750939509164,0.043475930449127245,0.05426805233130307,2.490987325139297,3.109330360978754,0.004736550878384977,0.009598410639676046
30,355,0.39540684667294784,0.4938153257268262,0.02467491882040296,0.03921563338259041,1.4137687082370134,2.246890283754771,0.0040633234683091265,0.008402822526057124
30,356,0.4811829233687359,0.5650921915782492,0.09147061071298852,0.0848166697066265,5.240879943338376,4.859637206544801,0.016381488873270213,0.011647113344640886
30,357,0.4714668705401897,0.5574605179861749,0.04044400508714259,0.042509866622951545,2.317270798098902,2.435635945159169,0.004320628901687459,0.004525814220958846
30,358,0.48312844080954465,0.5661401868796688,0.025405044275867684,0.022893389642084518,1.455601815350209,1.3116946052399572,0.0023133875822869314,0.002043227192636131
30,359,0.5537165199640919,0.630669787795699,0.16475011952693433,0.15667554126277658,9.439486523169188,8.976847267284878,0.04328804912058483,0.034664797715053514
30,360,0.43291100324494924,0.5245582208513265,0.04630673979714274,0.05938614642119338,2.653180753386765,3.402575551480319,0.008841594008038352,0.014783161781766915
30,361,0.5359091867016099,0.6131168357159325,0.0901200817707845,0.1003795519108057,5.163500334839818,5.751324673903525,0.02590660925579792,0.03577775736460111
30,362,0.40199331416722656,0.4989141414001896,0.0433933069501327,0.04940227191885841,2.486253347358306,2.83054167930825,0.005023534471688798,0.008239658382767514
30,363,0.6470838424438544,0.712917458039332,0.06894220473624821,0.07965359666163957,3.950097361713857,4.563814911749291,0.018931460472861907,0.026861910500956876
30,364,0.47584457116625056,0.5604955711977962,0.07841588001264972,0.0735130326812278,4.4928989715290975,4.211986511841643,0.01097343563632959,0.008154558221236154
30,365,0.4848425750360796,0.5681245017301998,0.07436614547074434,0.08081281486873096,4.260866274129573,4.63023322255035,0.009547769165514954,0.013901693155122047
30,366,0.39485118107472544,0.49330580955743397,0.08622800177481246,0.09516475954635363,4.940500577543326,5.4525390803833735,0.015205741731498676,0.02304215438862204
30,367,0.4383084812249483,0.528880349094865,0.04225001312735173,0.05262862466594493,2.4207474365695782,3.0153980749367464,0.0046292963682844634,0.008349700656279034
30,368,0.6160553614524985,0.6840782568344124,0.09611721441646326,0.09010961136911702,5.507110724617337,5.162900425014465,0.022580287377960216,0.01847775407545615
30,369,0.43649937329101524,0.5274017068573877,0.03208814258282669,0.047598310020798076,1.838515142409986,2.7271822761469835,0.004581987018858254,0.010544123189541267
30,370,0.48753703120944375,0.5713541808849933,0.1021884153507097,0.09779469965773853,5.8549649147255405,5.603223549137894,0.015429937555481964,0.012303433798938057
30,371,0.5485423382013573,0.6250008768425567,0.16386735019799228,0.1727108961905505,9.388907566337213,9.89560542764063,0.07759697821154606,0.09229541732875286
30,372,0.561694687764316,0.6359960849244702,0.07032758709905668,0.07947744737243204,4.029473924114644,4.55372230091347,0.011508438208360505,0.017738093434195995
30,373,0.3504513419841493,0.45803568781439413,0.0157563513469463,0.02561945550072124,0.9027724327052928,1.4678866736145484,0.000713968908445379,0.0029223884333887656
30,374,0.4831684637113205,0.5662254796581498,0.04304278478322607,0.04256553362812007,2.466169906568776,2.4388254296134586,0.004018738139435717,0.0035543394293468897
30,375,0.4420654412371815,0.5319647009748626,0.05267216584857861,0.06340079386580588,3.017892800936665,3.632597906289596,0.016734146906873457,0.02277516916037603
30,376,0.5029809624536099,0.5838729807764486,0.036227774515584045,0.037002330744892335,2.0756985808945663,2.1200773838294986,0.002343689989396493,0.0030579126442367727
30,377,0.871467818526247,0.9250435139248775,0.20411412008726293,0.21129282277069528,11.694877620026624,12.106186986166536,0.1587593315941243,0.17781868191442812
30,378,0.5408449218887785,0.6183447874242946,0.08748959501560306,0.09454676821333471,5.01278454570286,5.417130785225726,0.016806556297018597,0.021941912623597376
30,379,0.4202985296213386,0.5143318815881514,0.027856105365090797,0.041857883764585505,1.596037271091432,2.3982800790599192,0.003138651641961228,0.007981836114712738
30,380,0.7558460476626326,0.8140296096928472,0.21708469770983388,0.20472625021261984,12.438036975646769,11.729950092722389,0.10511590454223785,0.08805251217700606
30,381,0.7806452641607379,0.8342782181142783,0.05361985377774554,0.03771159869894724,3.0721913195734225,2.160715444140723,0.010307167305582121,0.004277795308589018
30,382,0.8026354686556548,0.8585095464814063,0.1792715942786681,0.16969305587534317,10.271505738749317,9.722695914334821,0.06612322449364114,0.055190389901524764
30,383,0.6172446655483723,0.6852253627876025,0.12610518017826514,0.11382169516476273,7.225294598951399,6.521502749965514,0.03699283487676294,0.026596506477491483
30,384,0.7445045731211059,0.8026208465114681,0.08715495520458559,0.08248458921257736,4.993611096874503,4.726018836751001,0.014489234946518367,0.011632299915377085
30,385,0.5938149907980744,0.6690116306225207,0.2569748815420478,0.24310494809480307,14.723576153233617,13.928887504579158,0.13381155962187305,0.11040803603633244
30,386,0.5471039271573044,0.6222386989475869,0.141628470332499,0.15007138226299496,8.114713608945983,8.598456829364054,0.050744731080713354,0.06273023648608034
30,387,0.5713699511733829,0.643253229756227,0.08601806806901509,0.07382019735213058,4.928472262223595,4.229585751099897,0.0204226132703186,0.012001860319037924
30,388,0.7490343946249395,0.8101188475128996,0.2445063180889408,0.23205838733271125,14.009180090779523,13.29596619477648,0.1149236642434969,0.09577354118960213
30,389,0.5031563620601963,0.5891637569756842,0.31072597064403207,0.29912953889460175,17.80328670300895,17.138860106355086,0.16542151740941002,0.14364778383039317
30,390,0.5331760898888034,0.6127688026072561,0.180390046206965,0.16917322987010752,10.335588313828998,9.692912078153674,0.06435135619209024,0.05040759161779734
30,391,0.6376224092779377,0.7024924096600637,0.06350163635806581,0.052336652810105085,3.638375755491671,2.998669319860521,0.009859821971291295,0.004789796787815485
30,392,0.7290577549091611,0.7888922447940778,0.10476580845090724,0.09897374303891043,6.002638661512998,5.670777758741878,0.02023859588144484,0.014433747091875365
30,393,0.6995327648862959,0.7598214313103613,0.051793424298522066,0.04732396071471345,2.9675446188356407,2.7114632187959917,0.0046232446253871365,0.00260061948453311
30,394,0.7015587483877177,0.7641080035872883,0.12901819208593965,0.12261985862873236,7.392197886932501,7.025600383917174,0.025941245236062282,0.020573827215126114
30,395,0.45107234403848967,0.5394552367627662,0.07019406816180833,0.08021635296446812,4.021823852525242,4.596058472795753,0.016887886803915064,0.023889430790958004
30,396,0.4639319781215948,0.5537697698832957,0.2342379893241313,0.2231280824944975,13.42084818990316,12.784297417781573,0.09621372503088826,0.07934749417544529
30,397,0.740947541695623,0.7991738765850345,0.09528438960252734,0.09983886420633138,5.459393377705041,5.72034555040253,0.012853162246005356,0.016119405286488628
30,398,0.5340609345518242,0.6127565861083717,0.09939627432650007,0.11214636822372748,5.694987018232993,6.425513586939632,0.029416737617579625,0.04168911427641199
30,399,0.9772632866332994,1.02060711401358,0.029234105189833975,0.03212611884129671,1.674990845218983,1.840691021742016,0.003869174996521405,0.004754470104504744
