species_richness,wavelength_nm,local_mean_spectrum
3,402.188,-0.003188939916394702
3,406.56199999999995,-0.003140288086760279
3,410.93800000000005,-0.0030099495933095
3,415.313,-0.002765496229776545
3,419.68699999999995,-0.0023874385786530183
3,424.06300000000005,-0.0018553271412383764
3,428.438,-0.001140857942459661
3,432.813,-0.00028801432769569145
3,437.18800000000005,0.0005727301082754366
3,441.563,0.0013895975487673694
3,445.938,0.002141736022540499
3,450.31300000000005,0.0027928448585140585
3,454.688,0.0033329263272617025
3,459.063,0.003767293348514613
3,463.438,0.0040988602597963105
3,467.813,0.004347176057199249
3,472.187,0.004541546728910361
3,476.562,0.004706553972666256
3,480.938,0.004877404416511126
3,485.313,0.005120694983452268
3,489.688,0.005504540341989923
3,494.063,0.006073062246329073
3,498.438,0.006915549438753032
3,502.812,0.008158444887785663
3,507.188,0.00987453723989347
3,511.563,0.012155422517798798
3,515.937,0.015149363768025524
3,520.313,0.01869823013941641
3,524.687,0.02231292872398626
3,529.062,0.025660593511493062
3,533.438,0.028496625982807017
3,537.813,0.03073365748685319
3,542.188,0.03247200397134293
3,546.563,0.033798556282417846
3,550.938,0.034659973444067876
3,555.312,0.034883913099765775
3,559.688,0.0343371996859787
3,564.063,0.03306620226067025
3,568.438,0.03123359167948365
3,572.813,0.029101574422384147
3,577.187,0.02706509071853361
3,581.562,0.02540082956412334
3,585.938,0.024137120128871176
3,590.313,0.023188220328083844
3,594.688,0.022489099419159827
3,599.063,0.02190442043861822
3,603.438,0.02121353203903709
3,607.812,0.02028419147569366
3,612.188,0.01917208566206682
3,616.563,0.01808223783423273
3,620.937,0.017231685673305037
3,625.312,0.016687928597384598
3,629.687,0.016323279667331006
3,634.063,0.015885501832162845
3,638.437,0.015165654272932443
3,642.813,0.014154848432008293
3,647.188,0.013021349306363846
3,651.563,0.011948410719633103
3,655.938,0.01094758006714983
3,660.313,0.009959375191680237
3,664.687,0.009070859456965081
3,669.063,0.00844632164761606
3,673.438,0.008217657134428008
3,677.813,0.00849766151595759
3,682.187,0.009574359339754892
3,686.562,0.012260967645520395
3,690.937,0.01787808273002611
3,695.312,0.027359074924024753
3,699.688,0.04093688248518447
3,704.063,0.05806165646645241
3,708.438,0.07705934303347022
3,712.813,0.0970498946774751
3,717.187,0.11978276297450066
3,721.563,0.14625121935270727
3,725.938,0.17316086305305362
3,730.313,0.19756008953787385
3,734.687,0.2175528479926288
3,739.063,0.23323094107210637
3,743.437,0.24536726837977768
3,747.812,0.2542788564413786
3,752.188,0.2604044992662966
3,756.563,0.26461924917995927
3,760.938,0.2682457464560866
3,765.313,0.27138331839814783
3,769.688,0.27314252249896526
3,774.063,0.27414732897654176
3,778.438,0.2748869641683996
3,782.813,0.2754504817724228
3,787.188,0.2759062825515866
3,791.563,0.27630504112690685
3,795.937,0.27665979564189913
3,800.312,0.27697888752445576
3,804.688,0.27726883025839927
3,809.063,0.2775472428649664
3,813.438,0.27783917587250473
3,817.813,0.2781205704063177
3,822.188,0.27831228425726295
3,826.5630000000001,0.2783976040966809
3,830.937,0.27843073623254894
3,835.313,0.2784856951981783
3,839.688,0.27860740045085547
3,844.063,0.27878782667219637
3,848.437,0.27900474801659586
3,852.812,0.2792375772073865
3,857.187,0.2794536187686026
3,861.563,0.27963502030819654
3,865.938,0.27979532271623614
3,870.313,0.27993746576830747
3,874.687,0.28004787672311066
3,879.063,0.28011985136196016
3,883.437,0.28015309071168304
3,887.813,0.2801600331813097
3,892.188,0.28016134137287735
3,896.562,0.28015026422217487
3,900.938,0.2800875253975391
3,905.312,0.2799726976826787
3,909.6880000000001,0.2798044142127037
3,914.062,0.27951575729995964
3,918.438,0.2790894632972777
3,922.813,0.2786015030555427
3,927.188,0.27806202821433545
3,931.563,0.2771908416040242
3,935.937,0.2751021441444755
3,940.312,0.2721555485203862
3,944.688,0.2690512086078525
3,949.063,0.2649540199898183
3,953.438,0.26024550979956984
3,957.812,0.25594277888536454
3,962.187,0.2529133098199964
3,966.562,0.2512660444155335
3,970.938,0.25053198970854285
3,975.313,0.2503458050265908
3,979.688,0.25066117811948063
3,984.063,0.25145785465836523
3,988.438,0.2526657803170383
3,992.812,0.2541975040361285
3,997.188,0.2559192798100412
3,1001.5600000000001,0.2577618033438921
3,1005.94,0.2597406067699194
3,1010.3100000000001,0.26182443745434286
3,1014.69,0.26392737187445164
3,1019.0600000000001,0.26599833816289903
3,1023.4399999999999,0.2680116724781692
3,1027.81,0.2699288747087121
3,1032.19,0.27171731922775505
3,1036.56,0.2733657087571919
3,1040.94,0.27485597105696796
3,1045.31,0.27617093237116935
3,1049.69,0.2773138942569494
3,1054.06,0.27827776098623874
3,1058.44,0.27905214596539735
3,1062.81,0.27964328801259397
3,1067.19,0.28006688218563797
3,1071.5600000000002,0.28033137394115326
3,1075.9399999999998,0.2804346672818065
3,1080.3100000000002,0.2803735141828656
3,1084.6899999999998,0.2801454853452742
3,1089.06,0.2797658032551408
3,1093.44,0.27925748206675055
3,1097.81,0.278620639257133
3,1102.19,0.2778514277935028
3,1106.56,0.2770006624981761
3,1110.94,0.2761642680503428
3,1115.31,0.2752760840952396
3,1119.69,0.27376800240948795
3,1124.06,0.26997446093708277
3,1128.44,0.2631486584059894
3,1132.8100000000002,0.2553250528126955
3,1137.1899999999998,0.24790120707824825
3,1141.56,0.24063768753781914
3,1145.94,0.23063837628811598
3,1150.31,0.22001356311142445
3,1154.69,0.21362293805927038
3,1159.06,0.21035971403121947
3,1163.44,0.20852723475545645
3,1167.81,0.20735064405947923
3,1172.19,0.20649272184818984
3,1176.56,0.20577621264383197
3,1180.94,0.20508907886222005
3,1185.3100000000002,0.20442307781428098
3,1189.6899999999998,0.20390347322449087
3,1194.06,0.20366083893924952
3,1198.44,0.2037707716971636
3,1202.81,0.20426227256655693
3,1207.19,0.20509281683713199
3,1211.56,0.20623529748991132
3,1215.94,0.2076468146406114
3,1220.31,0.209207653272897
3,1224.69,0.2108239465020597
3,1229.06,0.2124143260344863
3,1233.44,0.2139046695828438
3,1237.8100000000002,0.2152692575007677
3,1242.1899999999998,0.21652004800736904
3,1246.56,0.21766603274270893
3,1250.94,0.2186775142326951
3,1255.31,0.2195119722560048
3,1259.69,0.2201521939598024
3,1264.06,0.22056614335626365
3,1268.44,0.22065140308812262
3,1272.81,0.22033813379704953
3,1277.19,0.21965736873447894
3,1281.56,0.2186161256954074
3,1285.94,0.21721419759094715
3,1290.3100000000002,0.21543272007256747
3,1294.6899999999998,0.21317494329065084
3,1299.0600000000002,0.21037534626200796
3,1303.4399999999998,0.2070251022465527
3,1307.81,0.2030883644707501
3,1312.19,0.19848465364426374
3,1316.56,0.19326210305094718
3,1320.94,0.18781437488272787
3,1325.31,0.18243573426268994
3,1329.69,0.17653359887190162
3,1334.06,0.16961938712745905
3,1338.44,0.1637060903944075
3,1342.81,0.15980424415320157
3,1347.19,0.1571733749471605
3,1500.31,0.04474266498931684
3,1504.69,0.046464578304439785
3,1509.0600000000002,0.04827211746480316
3,1513.4399999999998,0.05009504907764494
3,1517.8100000000002,0.05200640740687959
3,1522.1899999999998,0.05392459346330725
3,1526.56,0.055834899947512895
3,1530.94,0.0577812813478522
3,1535.31,0.05972652768017724
3,1539.69,0.06166932275285944
3,1544.06,0.06362366806250065
3,1548.44,0.06555325577734038
3,1552.81,0.06743811496999115
3,1557.19,0.06929236485622824
3,1561.56,0.07108334304299206
3,1565.94,0.0728217244008556
3,1570.3100000000002,0.07458822530228644
3,1574.6899999999998,0.07637189479079097
3,1579.06,0.07808682288508863
3,1583.44,0.07973430105950684
3,1587.81,0.08135525714606047
3,1592.19,0.08294611399061978
3,1596.56,0.0844776841532439
3,1600.94,0.08598086069803684
3,1605.31,0.08745568154379725
3,1609.69,0.08887143686879426
3,1614.06,0.0902052032528445
3,1618.44,0.09143354118801654
3,1622.8100000000002,0.09258339620660991
3,1627.1899999999998,0.09365733784157783
3,1631.56,0.09462732667569071
3,1635.94,0.09548519128467887
3,1640.31,0.0962373006157577
3,1644.69,0.09686088886111975
3,1649.06,0.09731725099030882
3,1653.44,0.09760775939095766
3,1657.81,0.09777195286471396
3,1662.19,0.09786259214393794
3,1666.56,0.0979013534495607
3,1670.94,0.09784600259270519
3,1675.3100000000002,0.09762151464819908
3,1679.6899999999998,0.09718556750565767
3,1684.06,0.0965570928901434
3,1688.44,0.09577509684022516
3,1692.81,0.09485352129675448
3,1697.19,0.0938061696337536
3,1701.56,0.09267062255647034
3,1705.94,0.09148754433263093
3,1710.31,0.09029222541023046
3,1714.69,0.08916150880046189
3,1719.06,0.08813201395329089
3,1723.44,0.08716975533403457
3,1727.8100000000002,0.08629476982168853
3,1732.1899999999998,0.08548922976013273
3,1736.5600000000002,0.08460328368004412
3,1740.9399999999998,0.08354672810062766
3,1745.31,0.08231318769045175
3,1749.69,0.08096947924699634
3,1754.06,0.07964210179634393
3,1758.44,0.07839328153990209
3,1762.81,0.0772835327964276
3,1767.19,0.07631173332687467
3,1771.56,0.07552601287607104
3,1775.94,0.0748982833744958
3,1780.31,0.07435722826980054
3,1784.69,0.07393007630016654
3,1789.0600000000002,0.07364507066551595
3,1999.06,0.01618158434735051
3,2003.4399999999998,0.01687447618107399
3,2007.8100000000002,0.01779299186838216
3,2012.1899999999998,0.018622583497854065
3,2016.5600000000002,0.019598306246316498
3,2020.94,0.020413548240958333
3,2025.3100000000002,0.020986926706646047
3,2029.69,0.021509150320198386
3,2034.0600000000002,0.022009321224104497
3,2038.44,0.022486624001467136
3,2042.8099999999997,0.022963217843935128
3,2047.19,0.023430146332393632
3,2051.56,0.02394060855236603
3,2055.94,0.02453784701996483
3,2060.31,0.025117706066230313
3,2064.69,0.025680140675976872
3,2069.06,0.026270876620255876
3,2073.44,0.026842802813625895
3,2077.81,0.027378298379771876
3,2082.19,0.02791034123802092
3,2086.56,0.028462106141087132
3,2090.9399999999996,0.02901207702816464
3,2095.31,0.029547452836704905
3,2099.69,0.030091324685345172
3,2104.06,0.030636144946329297
3,2108.44,0.031155185669194906
3,2112.81,0.03165968552864797
3,2117.19,0.03216293546105589
3,2121.56,0.03266602456829787
3,2125.94,0.033147481782143585
3,2130.31,0.03358846197756066
3,2134.69,0.03400067107926588
3,2139.0600000000004,0.03440432707313448
3,2143.44,0.034796714656113184
3,2147.8100000000004,0.035186824870470444
3,2152.19,0.035591915258264634
3,2156.56,0.03598094012530055
3,2160.94,0.03633448214939563
3,2165.31,0.03667565107258269
3,2169.69,0.03700251345173456
3,2174.06,0.03731330164708197
3,2178.44,0.03761777405394241
3,2182.81,0.03792537231754977
3,2187.19,0.03822609428723808
3,2191.56,0.03847926875692792
3,2195.9399999999996,0.03869481147150509
3,2200.31,0.038907535474863836
3,2204.6899999999996,0.03911531789286528
3,2209.06,0.03928972483088728
3,2213.44,0.03940626999072265
3,2217.81,0.03946166246430948
3,2222.19,0.039445431918720714
3,2226.56,0.03930824238981586
3,2230.94,0.0389930151583394
3,2235.31,0.03849468748085201
3,2239.69,0.03785975065140519
3,2244.06,0.0371285024509416
3,2248.44,0.03632343572651735
3,2252.8100000000004,0.035474425774591506
3,2257.19,0.03459834769440931
3,2261.56,0.0337185067711107
3,2265.94,0.032872847764665494
3,2270.31,0.03208303408621077
3,2274.69,0.03133917812207074
3,2279.06,0.030615696151071462
3,2283.44,0.029889179216552292
3,2287.81,0.02914501766121248
3,2292.19,0.02835953547299141
3,2296.56,0.02755070451181382
3,2300.94,0.026818200285488272
3,2305.31,0.026234717022889528
3,2309.6899999999996,0.025805602938198717
3,2314.06,0.025477039427642012
3,2318.44,0.025154098384955432
3,2322.81,0.024775370016432135
3,2327.19,0.024347225019009783
3,2331.56,0.023883176246163203
3,2335.94,0.023400083605774852
3,2340.31,0.02292940677290062
3,2344.69,0.022533020202754415
3,2349.06,0.02223867832795804
3,2353.44,0.022005089542581117
3,2357.8100000000004,0.02181968771492393
3,2362.19,0.02165034182922682
3,2366.5600000000004,0.021450455407975823
3,2370.94,0.02119506490926142
3,2375.31,0.020922410061975826
3,2379.69,0.020625478852598463
3,2384.06,0.02022239487072511
3,2388.44,0.019748010516241265
3,2392.81,0.019306850324701374
3,2397.19,0.018908528594492963
3,2401.56,0.018529756989664747
3,2405.94,0.018120927091586053
3,2410.31,0.017678373503094917
3,2414.6899999999996,0.017162481256636965
3,2419.06,0.016534610417684236
3,2423.4399999999996,0.016068587455838498
3,2427.81,0.015736801629664114
3,2432.19,0.015344131799020033
3,2436.56,0.014790395339259703
3,2440.94,0.01432771472085733
3,2445.31,0.013825365808579591
3,2449.69,0.01281293652344857
3,2454.06,0.012168593095317419
3,2458.44,0.012101727218772567
3,2462.81,0.011874097555537446
3,2467.19,0.011368293403060932
3,2471.5600000000004,0.010463640991526973
5,402.188,-0.004733399595252195
5,406.56199999999995,-0.004675418805300069
5,410.93800000000005,-0.004540756440292171
5,415.313,-0.004308178060273349
5,419.68699999999995,-0.003972941813456146
5,424.06300000000005,-0.0035324617886567464
5,428.438,-0.0029760526695076805
5,432.813,-0.0023407916718315392
5,437.18800000000005,-0.0017182013904198357
5,441.563,-0.0011358044347230135
5,445.938,-0.0005992545500632218
5,450.31300000000005,-0.00013016177361805604
5,454.688,0.00026263494940963027
5,459.063,0.0005793767181125986
5,463.438,0.000820851549569852
5,467.813,0.001003486274403258
5,472.187,0.0011522815624721262
5,476.562,0.0012861898878418288
5,480.938,0.0014301914040333941
5,485.313,0.001635827513471213
5,489.688,0.001959210822295745
5,494.063,0.0024415265717789227
5,498.438,0.0031669803353133828
5,502.812,0.004254365715510176
5,507.188,0.00577783911399365
5,511.563,0.007829595820244322
5,515.937,0.010552811990826284
5,520.313,0.013810208205250092
5,524.687,0.017156971658773727
5,529.062,0.020284446449236243
5,533.438,0.022958354522270383
5,537.813,0.025087025128595997
5,542.188,0.02675357516412987
5,546.563,0.02803152290674916
5,550.938,0.0288701364058943
5,555.312,0.029111915439061706
5,559.688,0.028633472121000522
5,564.063,0.027476254565299313
5,568.438,0.025794188641666552
5,572.813,0.02383650485193357
5,577.187,0.021971246524335585
5,581.562,0.020452641264128033
5,585.938,0.01930488327789135
5,590.313,0.018446807282671215
5,594.688,0.017816963064742595
5,599.063,0.0172930677165823
5,603.438,0.016675414092205756
5,607.812,0.015842554792398003
5,612.188,0.014843249213448644
5,616.563,0.013863485585306989
5,620.937,0.013102335696698901
5,625.312,0.012622439013357507
5,629.687,0.012304362429349567
5,634.063,0.011911577362116076
5,638.437,0.011250319474738717
5,642.813,0.010317275660254381
5,647.188,0.009275337741155455
5,651.563,0.008297519002871923
5,655.938,0.007392784228475193
5,660.313,0.006503624837660027
5,664.687,0.0057097869515394
5,669.063,0.005161493045447969
5,673.438,0.00497660767663092
5,677.813,0.005256465214112041
5,682.187,0.006269477439407183
5,686.562,0.008773864304316703
5,690.937,0.01397926009065486
5,695.312,0.022692327758768442
5,699.688,0.03505383463809267
5,704.063,0.050519374678842724
5,708.438,0.06757104781921953
5,712.813,0.08543232402764261
5,717.187,0.10568143952637911
5,721.563,0.12922168324701488
5,725.938,0.1531495201215148
5,730.313,0.17486641227267682
5,734.687,0.19269145700149237
5,739.063,0.20668678004294633
5,743.437,0.2175149923376739
5,747.812,0.22546088529750705
5,752.188,0.23093777948990465
5,756.563,0.23474264152348043
5,760.938,0.2380874678120017
5,765.313,0.24105559693649412
5,769.688,0.2427632785961032
5,774.063,0.24376477487385273
5,778.438,0.2445193014293909
5,782.813,0.24510747648775577
5,787.188,0.2455927046947181
5,791.563,0.24602711139246822
5,795.937,0.24642367236316204
5,800.312,0.24678678568452597
5,804.688,0.2471197773516178
5,809.063,0.2474374883249402
5,813.438,0.24776842523366213
5,817.813,0.24809672247618436
5,822.188,0.24834173608571292
5,826.5630000000001,0.24848202375695108
5,830.937,0.24857133837416767
5,835.313,0.24867919562384486
5,839.688,0.24884559014812113
5,844.063,0.2490629726462066
5,848.437,0.24931193033233284
5,852.812,0.24957638626918197
5,857.187,0.24982753807678817
5,861.563,0.2500479553639889
5,865.938,0.25025028819218276
5,870.313,0.2504353116638958
5,874.687,0.25059033719822765
5,879.063,0.25071394653990864
5,883.437,0.25080625265836715
5,887.813,0.25087371388450264
5,892.188,0.2509338902309537
5,896.562,0.25098944555968045
5,900.938,0.2510094826295972
5,905.312,0.25097852777689694
5,909.6880000000001,0.2508943706378341
5,914.062,0.2507054766640067
5,918.438,0.25038756258785727
5,922.813,0.24999780841171743
5,927.188,0.24954823069274426
5,931.563,0.24879905823618173
5,935.937,0.24697948023676872
5,940.312,0.24441015042364597
5,944.688,0.2417122217081487
5,949.063,0.23816099639981986
5,953.438,0.23408423002809287
5,957.812,0.230369221419096
5,962.187,0.2277786722779274
5,966.562,0.22640120442956685
5,970.938,0.22581945817917584
5,975.313,0.22572111196815967
5,979.688,0.22606945218518376
5,984.063,0.2268484772928059
5,988.438,0.22800923727452754
5,992.812,0.2294671296328306
5,997.188,0.23107437683269383
5,1001.5600000000001,0.23276186062023044
5,1005.94,0.2345552375353873
5,1010.3100000000001,0.23643523128703237
5,1014.69,0.2383307628147304
5,1019.0600000000001,0.2401992038078606
5,1023.4399999999999,0.24201686214655638
5,1027.81,0.24374643873423338
5,1032.19,0.24535441640764474
5,1036.56,0.24682985732331872
5,1040.94,0.24816317616030573
5,1045.31,0.2493451070971787
5,1049.69,0.2503798048570752
5,1054.06,0.25126124791800974
5,1058.44,0.251980266161263
5,1062.81,0.25254208536818623
5,1067.19,0.2529595048353076
5,1071.5600000000002,0.2532375681400299
5,1075.9399999999998,0.2533722777292132
5,1080.3100000000002,0.25336029505357144
5,1084.6899999999998,0.25319971233606337
5,1089.06,0.25290313037112355
5,1093.44,0.2524906407482922
5,1097.81,0.25196499543264506
5,1102.19,0.25132726764306423
5,1106.56,0.2506233278848231
5,1110.94,0.24993302050977945
5,1115.31,0.2491991230286658
5,1119.69,0.2479375888220966
5,1124.06,0.2446974258311093
5,1128.44,0.23876077622175218
5,1132.8100000000002,0.2318508791178465
5,1137.1899999999998,0.22523001212626695
5,1141.56,0.21871389823034407
5,1145.94,0.20974019976332783
5,1150.31,0.20024339420720935
5,1154.69,0.19458217416889967
5,1159.06,0.19173970599658788
5,1163.44,0.1901889597810805
5,1167.81,0.1892371831741184
5,1172.19,0.1885805867332965
5,1176.56,0.1880583295226097
5,1180.94,0.18756586936302483
5,1185.3100000000002,0.18708550059236587
5,1189.6899999999998,0.18671557154506446
5,1194.06,0.18657029853202403
5,1198.44,0.18672436754219235
5,1202.81,0.18720197734422983
5,1207.19,0.18795548614114524
5,1211.56,0.1889570054691285
5,1215.94,0.1901729201618582
5,1220.31,0.19150804491713644
5,1224.69,0.19289094265550374
5,1229.06,0.19426053458824755
5,1233.44,0.19555787911638617
5,1237.8100000000002,0.19675924114882945
5,1242.1899999999998,0.1978714114613831
5,1246.56,0.19889891108497978
5,1250.94,0.1998115736246109
5,1255.31,0.2005676783248782
5,1259.69,0.20114945262670517
5,1264.06,0.2015267137810588
5,1268.44,0.2016050724312663
5,1272.81,0.20131999261677266
5,1277.19,0.200700984057039
5,1281.56,0.19975716140121222
5,1285.94,0.19849045070819557
5,1290.3100000000002,0.1968846724368632
5,1294.6899999999998,0.19485227378085257
5,1299.0600000000002,0.19233400230295955
5,1303.4399999999998,0.18932228143326937
5,1307.81,0.1857845347840339
5,1312.19,0.18164651840925217
5,1316.56,0.17695034771226348
5,1320.94,0.17205222005024554
5,1325.31,0.16721902657300233
5,1329.69,0.16191668757237493
5,1334.06,0.15570212385617196
5,1338.44,0.15038341055624188
5,1342.81,0.14687174446880819
5,1347.19,0.14450223408639432
5,1500.31,0.04199295433936641
5,1504.69,0.04363258928176947
5,1509.0600000000002,0.045354956088121984
5,1513.4399999999998,0.04709365311660804
5,1517.8100000000002,0.04891745749977417
5,1522.1899999999998,0.0507473861402832
5,1526.56,0.0525689483829774
5,1530.94,0.054424504884518686
5,1535.31,0.0562795651727356
5,1539.69,0.058133314554579554
5,1544.06,0.05999881084775552
5,1548.44,0.061840723331552
5,1552.81,0.06363923877477645
5,1557.19,0.06540728981606662
5,1561.56,0.06711413198383526
5,1565.94,0.06877134900307283
5,1570.3100000000002,0.07045654250774533
5,1574.6899999999998,0.07215826594736427
5,1579.06,0.07379379229620099
5,1583.44,0.0753649314539507
5,1587.81,0.07691136145032942
5,1592.19,0.078429946154356
5,1596.56,0.07989231494255364
5,1600.94,0.0813268468203023
5,1605.31,0.08273293771781028
5,1609.69,0.08408151544164866
5,1614.06,0.08535230685025454
5,1618.44,0.0865250677941367
5,1622.8100000000002,0.08762627695221453
5,1627.1899999999998,0.08865762788802385
5,1631.56,0.08959253103472292
5,1635.94,0.090426036529243
5,1640.31,0.09116813715547323
5,1644.69,0.09179762922227383
5,1649.06,0.09227194729726762
5,1653.44,0.09258450617548078
5,1657.81,0.09276711190585046
5,1662.19,0.09287151287775487
5,1666.56,0.09292997032869607
5,1670.94,0.09291682784911245
5,1675.3100000000002,0.09276724541559815
5,1679.6899999999998,0.09243936207611114
5,1684.06,0.0919445621035993
5,1688.44,0.09131329172756524
5,1692.81,0.0905549617903307
5,1697.19,0.08967543687205762
5,1701.56,0.08870094988495111
5,1705.94,0.08766310322098433
5,1710.31,0.0865911833429709
5,1714.69,0.08555549566168338
5,1719.06,0.08459226007573306
5,1723.44,0.08366971268784255
5,1727.8100000000002,0.08280684290453792
5,1732.1899999999998,0.0819936563866213
5,1736.5600000000002,0.08110120652243495
5,1740.9399999999998,0.08005984297953546
5,1745.31,0.07886722134891898
5,1749.69,0.07757602537516504
5,1754.06,0.07629400189034641
5,1758.44,0.07507470397278666
5,1762.81,0.07397706047166139
5,1767.19,0.07300427111331373
5,1771.56,0.07221270722337067
5,1775.94,0.07158001967240125
5,1780.31,0.0710358687210828
5,1784.69,0.07060669159516691
5,1789.0600000000002,0.07031994099728762
5,1999.06,0.015062742704376433
5,2003.4399999999998,0.01575363686806668
5,2007.8100000000002,0.016666539976067724
5,2012.1899999999998,0.017484720995296358
5,2016.5600000000002,0.01843791090661398
5,2020.94,0.019230952325733595
5,2025.3100000000002,0.019789381374757796
5,2029.69,0.020298761149124402
5,2034.0600000000002,0.020786387317530172
5,2038.44,0.021251235743111465
5,2042.8099999999997,0.0217152075892227
5,2047.19,0.022170610444736668
5,2051.56,0.022670561198610814
5,2055.94,0.02325684155106501
5,2060.31,0.02382611752993398
5,2064.69,0.024378516031501932
5,2069.06,0.024958582059914535
5,2073.44,0.025520313434753916
5,2077.81,0.0260475802993642
5,2082.19,0.026572697141782554
5,2086.56,0.02711783327271405
5,2090.9399999999996,0.027661857315106318
5,2095.31,0.028192807004234054
5,2099.69,0.028733521821268367
5,2104.06,0.029276587045169434
5,2108.44,0.029796355050930288
5,2112.81,0.030304529283603186
5,2117.19,0.0308143911397201
5,2121.56,0.03132614928967087
5,2125.94,0.031816438723471945
5,2130.31,0.03226436440134421
5,2134.69,0.032679222931619734
5,2139.0600000000004,0.03308015546121169
5,2143.44,0.033465900500305
5,2147.8100000000004,0.033847045752918345
5,2152.19,0.034241345226764676
5,2156.56,0.034619070873595774
5,2160.94,0.03496196515974589
5,2165.31,0.03529282991075888
5,2169.69,0.03560949878708925
5,2174.06,0.035909836665377955
5,2178.44,0.03620268886501435
5,2182.81,0.036496586002176624
5,2187.19,0.03678174685977865
5,2191.56,0.03701938034035265
5,2195.9399999999996,0.037219622450647874
5,2200.31,0.03741752469097264
5,2204.6899999999996,0.037613151788827966
5,2209.06,0.03777969099814072
5,2213.44,0.03789322250871919
5,2217.81,0.037950135159771886
5,2222.19,0.037939690572675315
5,2226.56,0.03781290918821469
5,2230.94,0.03751286254322622
5,2235.31,0.03703508213337045
5,2239.69,0.036427395725040695
5,2244.06,0.03573178864782676
5,2248.44,0.03497207252599765
5,2252.8100000000004,0.03417750157474075
5,2257.19,0.03336160753038712
5,2261.56,0.03254175391339231
5,2265.94,0.03175021794246277
5,2270.31,0.031006046816764866
5,2274.69,0.03030213805992389
5,2279.06,0.02961987449263688
5,2283.44,0.028940978688187898
5,2287.81,0.028251028705562932
5,2292.19,0.02752305300808075
5,2296.56,0.02676475352070156
5,2300.94,0.026059715542687628
5,2305.31,0.025472710876856583
5,2309.6899999999996,0.025014324178046082
5,2314.06,0.0246435553401534
5,2318.44,0.024276677776506404
5,2322.81,0.023864841068862008
5,2327.19,0.023423413982127387
5,2331.56,0.022961941898547594
5,2335.94,0.022489437046242528
5,2340.31,0.022032489557386726
5,2344.69,0.021647930612671187
5,2349.06,0.021357981213441235
5,2353.44,0.02112088609224884
5,2357.8100000000004,0.02092925734592427
5,2362.19,0.020754391235896036
5,2366.5600000000004,0.02054967007394225
5,2370.94,0.020289821033200327
5,2375.31,0.020012964477573406
5,2379.69,0.019710638811811804
5,2384.06,0.019300316702720012
5,2388.44,0.018819952217589274
5,2392.81,0.018375578044942813
5,2397.19,0.017975960676233173
5,2401.56,0.01759628452204197
5,2405.94,0.01718433394067688
5,2410.31,0.01673504683111787
5,2414.6899999999996,0.016209828068513163
5,2419.06,0.015572065517635564
5,2423.4399999999996,0.015097058713363367
5,2427.81,0.014757341649565206
5,2432.19,0.014356155811838108
5,2436.56,0.013789783292643278
5,2440.94,0.013314523290368925
5,2445.31,0.012796233320623287
5,2449.69,0.011749650237784409
5,2454.06,0.011086741368067123
5,2458.44,0.011020746630938447
5,2462.81,0.01078106660656431
5,2467.19,0.010243759476425111
5,2471.5600000000004,0.00928922611782582
7,402.188,-0.00044607899834772977
7,406.56199999999995,-0.000325172326251959
7,410.93800000000005,-9.339546542832977e-05
7,415.313,0.00025556009941510635
7,419.68699999999995,0.0007129797782272362
7,424.06300000000005,0.0012798472123336068
7,428.438,0.001968115507841048
7,432.813,0.002735752540802423
7,437.18800000000005,0.003482788851043779
7,441.563,0.004186085649641882
7,445.938,0.004843734692104818
7,450.31300000000005,0.005430355254047754
7,454.688,0.005934775239497867
7,459.063,0.006355902200741142
7,463.438,0.006690596785656453
7,467.813,0.006954901017916199
7,472.187,0.007177323088144476
7,476.562,0.007380065259130788
7,480.938,0.007592971094609311
7,485.313,0.007878838939977867
7,489.688,0.008305216148623912
7,494.063,0.008919503893821457
7,498.438,0.009822475917603697
7,502.812,0.011155402364229303
7,507.188,0.01300099532780223
7,511.563,0.015462924266230402
7,515.937,0.018706839156911882
7,520.313,0.022565514520247233
7,524.687,0.02651166119860136
7,529.062,0.030186965576722288
7,533.438,0.03332572516665096
7,537.813,0.03582948887895327
7,542.188,0.03780013525509276
7,546.563,0.039324142980622125
7,550.938,0.04034755839267746
7,555.312,0.040699697446543726
7,559.688,0.04024561520782299
7,564.063,0.03902528361300938
7,568.438,0.037199783201213
7,572.813,0.035042995976400565
7,577.187,0.03297398480615812
7,581.562,0.03129019042564323
7,585.938,0.03002861442376343
7,590.313,0.029104060486206437
7,594.688,0.028443210546538467
7,599.063,0.027897995392122538
7,603.438,0.02723675263885525
7,607.812,0.026317971830808348
7,612.188,0.02519672003632877
7,616.563,0.024091341341991212
7,620.937,0.023239379682472645
7,625.312,0.02271843930840987
7,629.687,0.0223854566400405
7,634.063,0.021953161724104574
7,638.437,0.021188834981439867
7,642.813,0.020093934407902338
7,647.188,0.018870891798569572
7,651.563,0.017729018305562932
7,655.938,0.016672221979715688
7,660.313,0.015623256545841286
7,664.687,0.01468010859327478
7,669.063,0.014034751305825922
7,673.438,0.013841067714047313
7,677.813,0.014231686892017023
7,682.187,0.015542952238974976
7,686.562,0.01869942047907898
7,690.937,0.025116271135775605
7,695.312,0.035622063609189354
7,699.688,0.05020495783770457
7,704.063,0.0680737322056666
7,708.438,0.08736291640438139
7,712.813,0.10709168445318937
7,717.187,0.12885237514972686
7,721.563,0.1534612561855465
7,725.938,0.17778823128901422
7,730.313,0.19929230373352766
7,734.687,0.21657313618808985
7,739.063,0.22995028330013156
7,743.437,0.24025687927380204
7,747.812,0.24785975323989987
7,752.188,0.25316181614995004
7,756.563,0.2569126997515559
7,760.938,0.2602869133092463
7,765.313,0.26331673169508574
7,769.688,0.2650818763300776
7,774.063,0.2661656231433153
7,778.438,0.2670381668768823
7,782.813,0.2677675600349903
7,787.188,0.268405792824924
7,791.563,0.2689972223900259
7,795.937,0.2695506285689771
7,800.312,0.2700715812109411
7,804.688,0.27056080505251884
7,809.063,0.271034122183919
7,813.438,0.27153538387268783
7,817.813,0.27205238165333867
7,822.188,0.27247637243941425
7,826.5630000000001,0.2727775512076914
7,830.937,0.27302137672901156
7,835.313,0.27327796464785936
7,839.688,0.27358822567388413
7,844.063,0.2739500493183732
7,848.437,0.2743472103588283
7,852.812,0.27476692633703353
7,857.187,0.27517596412450074
7,861.563,0.27555089179426434
7,865.938,0.27590976402163503
7,870.313,0.2762536955066025
7,874.687,0.27656504994258285
7,879.063,0.2768446615897119
7,883.437,0.27709234261885285
7,887.813,0.2773099358566105
7,892.188,0.2775178410299122
7,896.562,0.2777350980974734
7,900.938,0.2779295940697193
7,905.312,0.2780549853295088
7,909.6880000000001,0.27811944236978886
7,914.062,0.27808937909081577
7,918.438,0.27791840994730593
7,922.813,0.2776432322524488
7,927.188,0.27728311095386743
7,931.563,0.2766336633823812
7,935.937,0.2750188587978482
7,940.312,0.27271386571228506
7,944.688,0.270244763456285
7,949.063,0.2669736841134727
7,953.438,0.2632266283594072
7,957.812,0.25983728708699344
7,962.187,0.25751204814761874
7,966.562,0.25630854880437254
7,970.938,0.2558316323533654
7,975.313,0.25581051079556344
7,979.688,0.25622309727594256
7,984.063,0.2570830422267318
7,988.438,0.25840219266712666
7,992.812,0.2600729296915233
7,997.188,0.2618393068760633
7,1001.5600000000001,0.2636036195605993
7,1005.94,0.2654391271807253
7,1010.3100000000001,0.2673548069223762
7,1014.69,0.2692857368849218
7,1019.0600000000001,0.27119536366313696
7,1023.4399999999999,0.2730651516467333
7,1027.81,0.274858182054013
7,1032.19,0.2765426633320749
7,1036.56,0.2781097311899066
7,1040.94,0.27954520367085933
7,1045.31,0.2808353173546493
7,1049.69,0.28198427766561507
7,1054.06,0.2829849173687398
7,1058.44,0.28382581474259494
7,1062.81,0.2845118760690093
7,1067.19,0.2850569799169898
7,1071.5600000000002,0.28546450873836876
7,1075.9399999999998,0.285726335067302
7,1080.3100000000002,0.2858385911770165
7,1084.6899999999998,0.2857992840185761
7,1089.06,0.2856196292489767
7,1093.44,0.2853217177838087
7,1097.81,0.2849060091376305
7,1102.19,0.28436315204948187
7,1106.56,0.2837335746176541
7,1110.94,0.28310383517295123
7,1115.31,0.2824381151981652
7,1119.69,0.2813040508329868
7,1124.06,0.278353397808969
7,1128.44,0.27286321414634584
7,1132.8100000000002,0.2664382042735815
7,1137.1899999999998,0.2602868035063148
7,1141.56,0.2542127716355026
7,1145.94,0.2457593133300543
7,1150.31,0.2367007882334292
7,1154.69,0.2312163840420544
7,1159.06,0.22842828573659063
7,1163.44,0.22691377202048899
7,1167.81,0.22601704543456436
7,1172.19,0.2254445323161781
7,1176.56,0.2250301345810294
7,1180.94,0.22465791480615735
7,1185.3100000000002,0.22429645970463752
7,1189.6899999999998,0.22402954714372755
7,1194.06,0.22397066863253712
7,1198.44,0.2242059293948114
7,1202.81,0.2247619682364166
7,1207.19,0.22558231579139829
7,1211.56,0.22663647191599012
7,1215.94,0.22789716869592666
7,1220.31,0.2292823297716677
7,1224.69,0.23073032949119807
7,1229.06,0.23217282673344017
7,1233.44,0.23353860046714545
7,1237.8100000000002,0.23480282686650752
7,1242.1899999999998,0.23597541267052294
7,1246.56,0.2370619881339371
7,1250.94,0.23803478423506022
7,1255.31,0.238855901658535
7,1259.69,0.23951000977307557
7,1264.06,0.23996711760759354
7,1268.44,0.24013063862919806
7,1272.81,0.23993256699293852
7,1277.19,0.23940634788945317
7,1281.56,0.23856952510774135
7,1285.94,0.23742110399529337
7,1290.3100000000002,0.23593685165047645
7,1294.6899999999998,0.2340274046175182
7,1299.0600000000002,0.2316301843523979
7,1303.4399999999998,0.2287311527132988
7,1307.81,0.225289510730654
7,1312.19,0.221216045524925
7,1316.56,0.21653861304745078
7,1320.94,0.21161253621801734
7,1325.31,0.20671238781884313
7,1329.69,0.2012869904190302
7,1334.06,0.19486204780638217
7,1338.44,0.1893011925369501
7,1342.81,0.18558327386155724
7,1347.19,0.18304837374016641
7,1500.31,0.06680012984899804
7,1504.69,0.0687992751179263
7,1509.0600000000002,0.07089501257985831
7,1513.4399999999998,0.07300454786978662
7,1517.8100000000002,0.07520926165394486
7,1522.1899999999998,0.07741250416729599
7,1526.56,0.07959672065451741
7,1530.94,0.08181196379009634
7,1535.31,0.08401599877513945
7,1539.69,0.08620917732361705
7,1544.06,0.08840940468013286
7,1548.44,0.0905761226452887
7,1552.81,0.09268628022633493
7,1557.19,0.09475558065343648
7,1561.56,0.09674916317686438
7,1565.94,0.09868250302039087
7,1570.3100000000002,0.1006466646399349
7,1574.6899999999998,0.10262572069652379
7,1579.06,0.10452280034311116
7,1583.44,0.10634412567131221
7,1587.81,0.10814012217335403
7,1592.19,0.10990959323942662
7,1596.56,0.11162147719413042
7,1600.94,0.11330887171439827
7,1605.31,0.11496707717888058
7,1609.69,0.11655695544555783
7,1614.06,0.1180516323633492
7,1618.44,0.11942782053723931
7,1622.8100000000002,0.12071806318126618
7,1627.1899999999998,0.12192509512417019
7,1631.56,0.1230180918239057
7,1635.94,0.12398911341093481
7,1640.31,0.12484450546093286
7,1644.69,0.1255542425625026
7,1649.06,0.12606798944994807
7,1653.44,0.12638121828436852
7,1657.81,0.12653732378967106
7,1662.19,0.1266054226923734
7,1666.56,0.12663436733186245
7,1670.94,0.126605108352378
7,1675.3100000000002,0.12644216946326195
7,1679.6899999999998,0.12608833174221218
7,1684.06,0.1255486410949379
7,1688.44,0.1248531502764672
7,1692.81,0.12401165653951467
7,1697.19,0.12303079017437994
7,1701.56,0.1219371220562607
7,1705.94,0.12076029676012695
7,1710.31,0.11953093010000884
7,1714.69,0.11833681836724282
7,1719.06,0.1172315810713917
7,1723.44,0.11618459680117667
7,1727.8100000000002,0.11521665390580893
7,1732.1899999999998,0.11431657324545086
7,1736.5600000000002,0.11334035811945796
7,1740.9399999999998,0.11220526645891368
7,1745.31,0.11089967090636492
7,1749.69,0.10947654027491809
7,1754.06,0.10805512711405754
7,1758.44,0.10669907931238413
7,1762.81,0.10547871538437903
7,1767.19,0.10440051208250224
7,1771.56,0.10352908907458186
7,1775.94,0.10283904738724231
7,1780.31,0.10224903296679258
7,1784.69,0.10178633686155081
7,1789.0600000000002,0.1014811159670353
7,1999.06,0.03344900852724095
7,2003.4399999999998,0.0343322508080746
7,2007.8100000000002,0.03556492955291105
7,2012.1899999999998,0.03674272527940047
7,2016.5600000000002,0.03813111067254795
7,2020.94,0.03925276465772185
7,2025.3100000000002,0.040013836917351
7,2029.69,0.040691118321265096
7,2034.0600000000002,0.041323834977811204
7,2038.44,0.041908210322144444
7,2042.8099999999997,0.04247615329280961
7,2047.19,0.04302996833517682
7,2051.56,0.043643424334586595
7,2055.94,0.04436930145020597
7,2060.31,0.04507727187359706
7,2064.69,0.045760673227487135
7,2069.06,0.04646878468804062
7,2073.44,0.04714747870806604
7,2077.81,0.047786102833924815
7,2082.19,0.048431298341602085
7,2086.56,0.049108234285376966
7,2090.9399999999996,0.04977864830638282
7,2095.31,0.050420987042598425
7,2099.69,0.05107290132786147
7,2104.06,0.05173329686047509
7,2108.44,0.052367723069619385
7,2112.81,0.0529881155770272
7,2117.19,0.05361252795904875
7,2121.56,0.054241845870856197
7,2125.94,0.054836813814472404
7,2130.31,0.055365045743528754
7,2134.69,0.05585106971440837
7,2139.0600000000004,0.05632679665694013
7,2143.44,0.05678505553631112
7,2147.8100000000004,0.05723670575302094
7,2152.19,0.057706447835080325
7,2156.56,0.05815767794847489
7,2160.94,0.05856682946672663
7,2165.31,0.05896054252050817
7,2169.69,0.05933662652038038
7,2174.06,0.05969193345168605
7,2178.44,0.06003714564722031
7,2182.81,0.06038408867781982
7,2187.19,0.06071622891351581
7,2191.56,0.060983410752378404
7,2195.9399999999996,0.06120387889211997
7,2200.31,0.06143315617693588
7,2204.6899999999996,0.061681420006789264
7,2209.06,0.061904288432560864
7,2213.44,0.062056271431501955
7,2217.81,0.06213870986830443
7,2222.19,0.062142871762625874
7,2226.56,0.06198131172917783
7,2230.94,0.06155258938204497
7,2235.31,0.060856732353568074
7,2239.69,0.05998650074237957
7,2244.06,0.05901827315799892
7,2248.44,0.0579855916951783
7,2252.8100000000004,0.0569189110933803
7,2257.19,0.05582833029795438
7,2261.56,0.05473468225914985
7,2265.94,0.05368628372438252
7,2270.31,0.05271280223270878
7,2274.69,0.05179845849750563
7,2279.06,0.050913247077260165
7,2283.44,0.05003983768867329
7,2287.81,0.049164365467149765
7,2292.19,0.048240698472363876
7,2296.56,0.04726206322899088
7,2300.94,0.04633001411450095
7,2305.31,0.0455403128452599
7,2309.6899999999996,0.044922032749745995
7,2314.06,0.04442534134024754
7,2318.44,0.04394425694947131
7,2322.81,0.04342296252492815
7,2327.19,0.042871640138328074
7,2331.56,0.04229311158997007
7,2335.94,0.041714201145805416
7,2340.31,0.041187963789561764
7,2344.69,0.0407803464808967
7,2349.06,0.04051278018683661
7,2353.44,0.04033945760806091
7,2357.8100000000004,0.04022377349669114
7,2362.19,0.04011052048474085
7,2366.5600000000004,0.03995051327510737
7,2370.94,0.03972006206749938
7,2375.31,0.03945412294473499
7,2379.69,0.03912818462529685
7,2384.06,0.038630896484246474
7,2388.44,0.03801172284613131
7,2392.81,0.037426442664000206
7,2397.19,0.03689905162202194
7,2401.56,0.036390403406694534
7,2405.94,0.03583260143248481
7,2410.31,0.0352416806279507
7,2414.6899999999996,0.03454788495753746
7,2419.06,0.03364301825662551
7,2423.4399999999996,0.032943519562104485
7,2427.81,0.0324547839697334
7,2432.19,0.03189104061035323
7,2436.56,0.031096429024364623
7,2440.94,0.030455534978900686
7,2445.31,0.02987222699339327
7,2449.69,0.028694381932382385
7,2454.06,0.02767356200402901
7,2458.44,0.02737651773923062
7,2462.81,0.02706203483920035
7,2467.19,0.02654890511304984
7,2471.5600000000004,0.02570956827928967
10,402.188,0.00021494345061455532
10,406.56199999999995,0.00032283265073374424
10,410.93800000000005,0.0005527084227901469
10,415.313,0.0009151591916543112
10,419.68699999999995,0.0013817799125695274
10,424.06300000000005,0.0019322164823631738
10,428.438,0.0025696165708905027
10,432.813,0.0032619633706599416
10,437.18800000000005,0.003939540535979518
10,441.563,0.004603790891762855
10,445.938,0.005267288764379145
10,450.31300000000005,0.0059006672353780236
10,454.688,0.006470311776506605
10,459.063,0.006951573384212679
10,463.438,0.007329190787513653
10,467.813,0.0076251456569661966
10,472.187,0.00787997125482434
10,476.562,0.008119443991063235
10,480.938,0.008380511873733667
10,485.313,0.00875655121198406
10,489.688,0.009361926705537371
10,494.063,0.010292960369915817
10,498.438,0.011725765739683994
10,502.812,0.013889148246162221
10,507.188,0.01689974913446349
10,511.563,0.020884155093008304
10,515.937,0.026052052573431864
10,520.313,0.03209530778520275
10,524.687,0.038180538424057886
10,529.062,0.04377571857068688
10,533.438,0.048498099552234636
10,537.813,0.05220516661880538
10,542.188,0.05505005142884329
10,546.563,0.0571758273546584
10,550.938,0.05853653256548569
10,555.312,0.05891526783118024
10,559.688,0.05813103411113843
10,564.063,0.05624362718313933
10,568.438,0.053477470027282835
10,572.813,0.050214661231730136
10,577.187,0.04705903319641948
10,581.562,0.044454845676664266
10,585.938,0.042465368107659746
10,590.313,0.04096621673204936
10,594.688,0.03985655250726268
10,599.063,0.038921580793103205
10,603.438,0.037803455578396095
10,607.812,0.03627251368947327
10,612.188,0.034404825337114746
10,616.563,0.032541909794090315
10,620.937,0.03106880546081811
10,625.312,0.03012414570141118
10,629.687,0.02949909062073857
10,634.063,0.028747734403987125
10,638.437,0.027477652006564313
10,642.813,0.025636575411954254
10,647.188,0.02350108345053741
10,651.563,0.021406151561686782
10,655.938,0.019378446585542407
10,660.313,0.0172994561039377
10,664.687,0.015347247541867545
10,669.063,0.013880618117891572
10,673.438,0.013200487227404665
10,677.813,0.013552804206137808
10,682.187,0.015493747407272168
10,686.562,0.020427988480794
10,690.937,0.030256043548870366
10,695.312,0.04563312664045952
10,699.688,0.06591744945384562
10,704.063,0.08964888083748519
10,708.438,0.1142537283571437
10,712.813,0.1384967827331275
10,717.187,0.16428725593723356
10,721.563,0.1925169661734253
10,725.938,0.2195688737835735
10,730.313,0.24279777054674923
10,734.687,0.261029437687248
10,739.063,0.27489131055772303
10,743.437,0.2854569882713258
10,747.812,0.2932254520989954
10,752.188,0.29866037964820863
10,756.563,0.3025349509716034
10,760.938,0.3060364620760083
10,765.313,0.30916147081181405
10,769.688,0.3109693627618253
10,774.063,0.31207989225164057
10,778.438,0.3129699405282736
10,782.813,0.31370516447350383
10,787.188,0.3143404217250645
10,791.563,0.31492018179968
10,795.937,0.3154566955193877
10,800.312,0.3159613230638206
10,804.688,0.3164350578561425
10,809.063,0.3168965820968151
10,813.438,0.3173860689252615
10,817.813,0.3178750203549862
10,822.188,0.3182507971860468
10,826.5630000000001,0.31849536603316664
10,830.937,0.31867732943966987
10,835.313,0.3188721711747348
10,839.688,0.3191300856880844
10,844.063,0.31944888236001134
10,848.437,0.31980964219197633
10,852.812,0.32019604535773394
10,857.187,0.32057113468647
10,861.563,0.32091087954118847
10,865.938,0.3212301481887698
10,870.313,0.32152748957276345
10,874.687,0.32178844368085263
10,879.063,0.3220161575824022
10,883.437,0.32221233466640115
10,887.813,0.32238495495170355
10,892.188,0.3225595239922404
10,896.562,0.3227467049099505
10,900.938,0.3228960885666311
10,905.312,0.3229620857164264
10,909.6880000000001,0.32295539462938905
10,914.062,0.322829450443387
10,918.438,0.3225498388148844
10,922.813,0.32218883946537974
10,927.188,0.32177776996046303
10,931.563,0.32108849443495274
10,935.937,0.3193607099726796
10,940.312,0.31686147101223466
10,944.688,0.3141906320489943
10,949.063,0.31065823052078484
10,953.438,0.30661143591627477
10,957.812,0.302941007502377
10,962.187,0.3003889081627131
10,966.562,0.2990325249917805
10,970.938,0.2984725424274802
10,975.313,0.2984069105796516
10,979.688,0.29878178752958773
10,984.063,0.29954660730436444
10,988.438,0.3006246459670365
10,992.812,0.30197496665641665
10,997.188,0.3035388286598027
10,1001.5600000000001,0.3052622566185892
10,1005.94,0.30713579393923285
10,1010.3100000000001,0.30911639750003816
10,1014.69,0.3111215561255813
10,1019.0600000000001,0.31310283958911894
10,1023.4399999999999,0.31502932200208306
10,1027.81,0.3168631019257009
10,1032.19,0.3185830036364496
10,1036.56,0.3201853523217142
10,1040.94,0.32165765201672913
10,1045.31,0.3229907010495663
10,1049.69,0.3241841280087829
10,1054.06,0.325220253970474
10,1058.44,0.3260849370621145
10,1062.81,0.3267803961411119
10,1067.19,0.3273136821202934
10,1071.5600000000002,0.3276860898733139
10,1075.9399999999998,0.32789449105039237
10,1080.3100000000002,0.3279422129318118
10,1084.6899999999998,0.3278319025598466
10,1089.06,0.3275769777968526
10,1093.44,0.32720472652465105
10,1097.81,0.32672358782961963
10,1102.19,0.3261293797381222
10,1106.56,0.325463706497103
10,1110.94,0.3248077479377389
10,1115.31,0.32410406213253734
10,1119.69,0.32285508658736944
10,1124.06,0.31955162826925515
10,1128.44,0.31345431685447694
10,1132.8100000000002,0.3064156215824187
10,1137.1899999999998,0.299740166477859
10,1141.56,0.29318397706374527
10,1145.94,0.28405951265245677
10,1150.31,0.2742589294351637
10,1154.69,0.26830357789993287
10,1159.06,0.26524861259385946
10,1163.44,0.2635466520115733
10,1167.81,0.26247900681570174
10,1172.19,0.26172682344913484
10,1176.56,0.26111569453030825
10,1180.94,0.26053149688988925
10,1185.3100000000002,0.25995907336473467
10,1189.6899999999998,0.2595164245925844
10,1194.06,0.2593389885686338
10,1198.44,0.2595073552057147
10,1202.81,0.2600423124805093
10,1207.19,0.2608909338898957
10,1211.56,0.2620238282345235
10,1215.94,0.2634025193937123
10,1220.31,0.2649215258844197
10,1224.69,0.2664992841333151
10,1229.06,0.2680569831468165
10,1233.44,0.2695235991291702
10,1237.8100000000002,0.2708770851045847
10,1242.1899999999998,0.27212598502635954
10,1246.56,0.2732741706259549
10,1250.94,0.27429177800193427
10,1255.31,0.2751363159716129
10,1259.69,0.2757891346886754
10,1264.06,0.2762200390920043
10,1268.44,0.276331917475909
10,1272.81,0.2760577478446066
10,1277.19,0.27542960399761796
10,1281.56,0.2744550398737192
10,1285.94,0.27312632454559205
10,1290.3100000000002,0.27141768669709565
10,1294.6899999999998,0.26923434775322674
10,1299.0600000000002,0.2665073341317475
10,1303.4399999999998,0.26322075210511686
10,1307.81,0.25932720586657526
10,1312.19,0.2547164766676724
10,1316.56,0.24940897434949874
10,1320.94,0.24380090165883303
10,1325.31,0.2381993755698204
10,1329.69,0.23196979342028498
10,1334.06,0.22457817191258073
10,1338.44,0.21819149911403657
10,1342.81,0.21394207203760743
10,1347.19,0.21106390684843063
10,1500.31,0.06621454031905159
10,1504.69,0.06880913031753152
10,1509.0600000000002,0.07152768582105637
10,1513.4399999999998,0.07426456852816045
10,1517.8100000000002,0.0771255144616589
10,1522.1899999999998,0.07998471959028393
10,1526.56,0.08281858840491622
10,1530.94,0.08569260800722986
10,1535.31,0.08855317906010896
10,1539.69,0.09140001109801232
10,1544.06,0.09425455944612622
10,1548.44,0.09706370196770876
10,1552.81,0.09979800023604185
10,1557.19,0.10247747010085732
10,1561.56,0.10505363597068935
10,1565.94,0.10754282217938453
10,1570.3100000000002,0.1100632568448782
10,1574.6899999999998,0.1126007298566401
10,1579.06,0.1150334144104272
10,1583.44,0.1173635683953762
10,1587.81,0.11964986418373882
10,1592.19,0.12188887115567923
10,1596.56,0.12404046822339296
10,1600.94,0.12614627104252576
10,1605.31,0.12820504603907465
10,1609.69,0.13017662803642452
10,1614.06,0.13203311287797986
10,1618.44,0.13374311041086911
10,1622.8100000000002,0.13534318204969167
10,1627.1899999999998,0.13683973592706025
10,1631.56,0.13819877987727522
10,1635.94,0.1394106426369399
10,1640.31,0.1404870798625052
10,1644.69,0.14140115431509911
10,1649.06,0.14210004365071655
10,1653.44,0.14257911915890872
10,1657.81,0.1428764431551099
10,1662.19,0.14305171527899802
10,1666.56,0.14314421146176756
10,1670.94,0.14311947961337865
10,1675.3100000000002,0.14288294710218907
10,1679.6899999999998,0.14236529204994441
10,1684.06,0.1415771630126983
10,1688.44,0.14056258868426086
10,1692.81,0.13933974119834602
10,1697.19,0.13793211413547396
10,1701.56,0.1364016302023083
10,1705.94,0.1348158253543079
10,1710.31,0.13322994366288185
10,1714.69,0.13175113524310292
10,1719.06,0.1304259719979018
10,1723.44,0.12919351739808918
10,1727.8100000000002,0.12805402521044015
10,1732.1899999999998,0.1269707059394568
10,1736.5600000000002,0.1257520401198417
10,1740.9399999999998,0.12429044373333455
10,1745.31,0.12258041969500483
10,1749.69,0.12070972223766148
10,1754.06,0.1188497365731746
10,1758.44,0.11708696883171797
10,1762.81,0.11550726104527712
10,1767.19,0.11411395820789039
10,1771.56,0.11298814077861608
10,1775.94,0.1120984680019319
10,1780.31,0.11134553547017276
10,1784.69,0.11076810909435153
10,1789.0600000000002,0.11040179137140513
10,1999.06,0.023571719771789502
10,2003.4399999999998,0.024704316936258693
10,2007.8100000000002,0.026105324343079703
10,2012.1899999999998,0.027261477956781164
10,2016.5600000000002,0.02859382447670214
10,2020.94,0.029741979280952364
10,2025.3100000000002,0.0305834569723811
10,2029.69,0.03137490406807046
10,2034.0600000000002,0.03215306891768705
10,2038.44,0.03291207004513126
10,2042.8099999999997,0.03368025813542772
10,2047.19,0.03443649044958875
10,2051.56,0.03526167318224907
10,2055.94,0.03621971195214428
10,2060.31,0.0371415899542626
10,2064.69,0.03803373402450234
10,2069.06,0.038978973717894404
10,2073.44,0.03990819590631872
10,2077.81,0.04078321311273612
10,2082.19,0.04164476140169427
10,2086.56,0.04253356187022291
10,2090.9399999999996,0.04342964509152807
10,2095.31,0.044319630024256186
10,2099.69,0.04523333224351518
10,2104.06,0.046149081552866844
10,2108.44,0.047023236751556396
10,2112.81,0.04788000007160008
10,2117.19,0.04874004149110988
10,2121.56,0.04960002390434966
10,2125.94,0.050432204008102416
10,2130.31,0.05121154131600633
10,2134.69,0.05194403602275997
10,2139.0600000000004,0.052653961409814654
10,2143.44,0.05334154368843883
10,2147.8100000000004,0.05402587820310146
10,2152.19,0.05473580112913624
10,2156.56,0.05541908433660865
10,2160.94,0.05604250865755603
10,2165.31,0.05664432445075363
10,2169.69,0.05721763310953975
10,2174.06,0.05775872861035168
10,2178.44,0.05828588744159788
10,2182.81,0.05881492962595075
10,2187.19,0.05933578785741702
10,2191.56,0.05978484972147271
10,2195.9399999999996,0.06016902735689655
10,2200.31,0.06052512913243845
10,2204.6899999999996,0.060836787067819385
10,2209.06,0.06107197616714984
10,2213.44,0.0612057090154849
10,2217.81,0.06122675252845511
10,2222.19,0.061115746253635736
10,2226.56,0.06082287949277088
10,2230.94,0.060300529866945
10,2235.31,0.059545882411766796
10,2239.69,0.05860285269562155
10,2244.06,0.05751843241741881
10,2248.44,0.056329490677453575
10,2252.8100000000004,0.05507738560438156
10,2257.19,0.0537791591626592
10,2261.56,0.05246720998315141
10,2265.94,0.0511939040874131
10,2270.31,0.04998974057147279
10,2274.69,0.04885026353877038
10,2279.06,0.04774434492457658
10,2283.44,0.04663412165828049
10,2287.81,0.045500468024984
10,2292.19,0.04431601478834637
10,2296.56,0.043101098970510066
10,2300.94,0.041984995177481325
10,2305.31,0.04106199221452698
10,2309.6899999999996,0.0403503122436814
10,2314.06,0.03978929149801843
10,2318.44,0.03923920447588898
10,2322.81,0.0386108244326897
10,2327.19,0.03793066616985016
10,2331.56,0.03721868711290881
10,2335.94,0.03647231470327825
10,2340.31,0.03570353649090976
10,2344.69,0.03499694933765568
10,2349.06,0.03439719019923359
10,2353.44,0.03383984089945443
10,2357.8100000000004,0.03335768147837371
10,2362.19,0.03293852560338564
10,2366.5600000000004,0.032493868967867455
10,2370.94,0.03196283839584794
10,2375.31,0.03142078592674807
10,2379.69,0.030879164503421635
10,2384.06,0.030218209971790203
10,2388.44,0.029487172371009365
10,2392.81,0.028822822549263948
10,2397.19,0.028221253623487427
10,2401.56,0.027649534971569665
10,2405.94,0.02703897018713178
10,2410.31,0.02637602786096977
10,2414.6899999999996,0.025602058633812704
10,2419.06,0.024642345822649077
10,2423.4399999999996,0.023908180401849676
10,2427.81,0.02338603464741027
10,2432.19,0.02279005403710471
10,2436.56,0.021976561819465133
10,2440.94,0.02133598720851296
10,2445.31,0.020769758175847527
10,2449.69,0.019675303557033886
10,2454.06,0.018739924922265346
10,2458.44,0.01843997440089879
10,2462.81,0.01811112935849451
10,2467.19,0.01760939914791379
10,2471.5600000000004,0.016833779672160744
12,402.188,-0.0007828407136844362
12,406.56199999999995,-0.0006636222623137655
12,410.93800000000005,-0.00043683326422069515
12,415.313,-0.00010211019656253484
12,419.68699999999995,0.0003146296355635059
12,424.06300000000005,0.0007956220450091678
12,428.438,0.0013400996668019615
12,432.813,0.0019182768504811066
12,437.18800000000005,0.002471693397105241
12,441.563,0.003004252735256614
12,445.938,0.0035300117546557884
12,450.31300000000005,0.004029504544523661
12,454.688,0.004480159883228225
12,459.063,0.004866392509629804
12,463.438,0.005177998017061327
12,467.813,0.0054308750523250635
12,472.187,0.005654471962261595
12,476.562,0.005867502160217555
12,480.938,0.006096621966780731
12,485.313,0.006410305305080328
12,489.688,0.006891062943204815
12,494.063,0.0076063222563152524
12,498.438,0.00868613919755262
12,502.812,0.010302250192635256
12,507.188,0.012544127047074766
12,511.563,0.015512165727868706
12,515.937,0.019372758532263105
12,520.313,0.02390427437843755
12,524.687,0.028484929433834624
12,529.062,0.03271164370933548
12,533.438,0.03629094199393876
12,537.813,0.039112882881890985
12,542.188,0.04129203830147162
12,546.563,0.04293287813081406
12,550.938,0.04399626642349176
12,555.312,0.04432008003583178
12,559.688,0.04377660338417627
12,564.063,0.04241591332247481
12,568.438,0.040401896181283516
12,572.813,0.038016333663836124
12,577.187,0.03571412247430999
12,581.562,0.033832470790366644
12,585.938,0.0324206800191314
12,590.313,0.031382845604384785
12,594.688,0.030634434479434276
12,599.063,0.03001015444053337
12,603.438,0.02924709436694684
12,607.812,0.02818055944138905
12,612.188,0.026872079307058813
12,616.563,0.02557513390071108
12,620.937,0.02457017676847272
12,625.312,0.023956174473205465
12,629.687,0.023577776809106582
12,634.063,0.023106556150596588
12,638.437,0.02225784522797767
12,642.813,0.02099844751166529
12,647.188,0.01953086024132972
12,651.563,0.018092741746622776
12,655.938,0.016701955432672548
12,660.313,0.015282939189562512
12,664.687,0.013972686490460547
12,669.063,0.013024621749045763
12,673.438,0.012643900391319676
12,677.813,0.013002898578270106
12,682.187,0.014508030006404625
12,686.562,0.018201988571345282
12,690.937,0.02552145724282127
12,695.312,0.03702961096540094
12,699.688,0.0523715923842974
12,704.063,0.07058081238064914
12,708.438,0.08979141616728156
12,712.813,0.10911353079602122
12,717.187,0.13015741415321827
12,721.563,0.15373234114609657
12,725.938,0.17685964964330197
12,730.313,0.19717908468097448
12,734.687,0.21344745820388197
12,739.063,0.226039180457592
12,743.437,0.23579841323196887
12,747.812,0.24309568546712398
12,752.188,0.24828473860397934
12,756.563,0.25204470578581095
12,760.938,0.2555172235146165
12,765.313,0.2586910155788064
12,769.688,0.26057207271456717
12,774.063,0.2617550067603588
12,778.438,0.26272298976778985
12,782.813,0.26353824922814967
12,787.188,0.264253992177546
12,791.563,0.2649191024154425
12,795.937,0.2655447777733207
12,800.312,0.2661368322558701
12,804.688,0.2666916867159307
12,809.063,0.267224593590945
12,813.438,0.2677850881591439
12,817.813,0.2683577379025519
12,822.188,0.26881799593567846
12,826.5630000000001,0.26913442559540274
12,830.937,0.2693840971402824
12,835.313,0.2696518424525857
12,839.688,0.2699874250032008
12,844.063,0.2703860186971724
12,848.437,0.27082736195996404
12,852.812,0.27129864756017924
12,857.187,0.2717646859958768
12,861.563,0.27219651779159904
12,865.938,0.2726071902178228
12,870.313,0.27299412259832023
12,874.687,0.27334267236292364
12,879.063,0.27366021621972325
12,883.437,0.27394802812486885
12,887.813,0.2742061380110681
12,892.188,0.27445679740980267
12,896.562,0.2747259157523513
12,900.938,0.2749765928462148
12,905.312,0.2751425914093852
12,909.6880000000001,0.27522701760753987
12,914.062,0.2751895333826542
12,918.438,0.27497444143518807
12,922.813,0.2746313661709428
12,927.188,0.27419000992551446
12,931.563,0.2734038480371237
12,935.937,0.2714522420242429
12,940.312,0.2686943012103438
12,944.688,0.2658146511018276
12,949.063,0.26208085199818015
12,953.438,0.25789791900664566
12,957.812,0.25421974789351226
12,962.187,0.25178387518972156
12,966.562,0.25058339651674033
12,970.938,0.25015454573556783
12,975.313,0.25020631605759264
12,979.688,0.2507112531736493
12,984.063,0.25167089346796273
12,988.438,0.25309717712923885
12,992.812,0.25489371808245775
12,997.188,0.256805506516248
12,1001.5600000000001,0.25873403223231434
12,1005.94,0.2607619296759367
12,1010.3100000000001,0.26289993423968555
12,1014.69,0.2650774248503149
12,1019.0600000000001,0.2672539972141385
12,1023.4399999999999,0.2694009454548359
12,1027.81,0.2714669262804091
12,1032.19,0.27341501584276556
12,1036.56,0.2752376720868051
12,1040.94,0.2769191870838404
12,1045.31,0.2784417541325092
12,1049.69,0.2798019859939814
12,1054.06,0.28098401572555304
12,1058.44,0.28197537422180174
12,1062.81,0.28278315084055067
12,1067.19,0.2834211673028767
12,1071.5600000000002,0.2838918035849929
12,1075.9399999999998,0.28418590323999526
12,1080.3100000000002,0.2843011002615094
12,1084.6899999999998,0.2842369980365038
12,1089.06,0.2840063953772187
12,1093.44,0.28363656751811506
12,1097.81,0.2831350949220359
12,1102.19,0.2825027166865766
12,1106.56,0.2817934318818152
12,1110.94,0.2811018396914005
12,1115.31,0.2803828508779407
12,1119.69,0.27915927274152635
12,1124.06,0.2759404392726719
12,1128.44,0.2699387573823333
12,1132.8100000000002,0.26299227759242055
12,1137.1899999999998,0.2564464343339205
12,1141.56,0.25011470409110187
12,1145.94,0.2414580492116511
12,1150.31,0.23229486001655458
12,1154.69,0.2268289701640606
12,1159.06,0.2240991499647498
12,1163.44,0.22264455636963248
12,1167.81,0.22180247904732822
12,1172.19,0.221278670206666
12,1176.56,0.2209100028127432
12,1180.94,0.22058179369196296
12,1185.3100000000002,0.2202584293484688
12,1189.6899999999998,0.22002020422369242
12,1194.06,0.21998538890853525
12,1198.44,0.22024617969989777
12,1202.81,0.22082601889967918
12,1207.19,0.22166109897196293
12,1211.56,0.22271928945556282
12,1215.94,0.2239748352020979
12,1220.31,0.22534902228042483
12,1224.69,0.22678604478016495
12,1229.06,0.2282245098054409
12,1233.44,0.22959725430235267
12,1237.8100000000002,0.23087892072275282
12,1242.1899999999998,0.23207821236923337
12,1246.56,0.23319923816248775
12,1250.94,0.23420957531780004
12,1255.31,0.23506642624735832
12,1259.69,0.23575408620759844
12,1264.06,0.23624306704849005
12,1268.44,0.2364312307536602
12,1272.81,0.2362428866326809
12,1277.19,0.23571104323491454
12,1281.56,0.23485678499564527
12,1285.94,0.2336831944435835
12,1290.3100000000002,0.2321695676073432
12,1294.6899999999998,0.2302274035848677
12,1299.0600000000002,0.22779545111581684
12,1303.4399999999998,0.22486426681280136
12,1307.81,0.22139953568577767
12,1312.19,0.2173181203007698
12,1316.56,0.21265343023464084
12,1320.94,0.20776486137881875
12,1325.31,0.20292586715891958
12,1329.69,0.19759254571050405
12,1334.06,0.1912997047137469
12,1338.44,0.185872505242005
12,1342.81,0.1822590240649879
12,1347.19,0.1798032722901553
12,1500.31,0.06700482772430405
12,1504.69,0.06901319572236389
12,1509.0600000000002,0.07112118849530816
12,1513.4399999999998,0.07324636239325627
12,1517.8100000000002,0.07546997855650261
12,1522.1899999999998,0.07769381741527467
12,1526.56,0.07990064854267985
12,1530.94,0.08214178374037147
12,1535.31,0.08437510921619833
12,1539.69,0.08660154431127012
12,1544.06,0.08883939410094172
12,1548.44,0.09104685839265585
12,1552.81,0.09320007035508752
12,1557.19,0.09531482119113206
12,1561.56,0.09735480844974517
12,1565.94,0.0993355955183506
12,1570.3100000000002,0.10135095675475896
12,1574.6899999999998,0.10338420649524778
12,1579.06,0.10533409004565328
12,1583.44,0.10720469856169075
12,1587.81,0.10904588794335723
12,1592.19,0.1108554409770295
12,1596.56,0.1126015126844868
12,1600.94,0.11431841023266315
12,1605.31,0.11600246629677713
12,1609.69,0.11761606440879405
12,1614.06,0.11913486484438181
12,1618.44,0.12053728729486465
12,1622.8100000000002,0.12185694550164045
12,1627.1899999999998,0.12309699721634387
12,1631.56,0.1242274122312665
12,1635.94,0.12524317871779203
12,1640.31,0.1261571787856519
12,1644.69,0.1269463048223406
12,1649.06,0.12756201855838298
12,1653.44,0.1279937866795808
12,1657.81,0.12826780039817096
12,1662.19,0.1284343115799129
12,1666.56,0.1285327805764973
12,1670.94,0.12854309778660536
12,1675.3100000000002,0.12839500688016414
12,1679.6899999999998,0.12803966946899892
12,1684.06,0.12748974034562707
12,1688.44,0.12677876925095916
12,1692.81,0.12591495295986532
12,1697.19,0.12490337084978818
12,1701.56,0.12377763549797237
12,1705.94,0.12258150254376232
12,1710.31,0.12135450394824147
12,1714.69,0.12018064738251269
12,1719.06,0.11910104133188724
12,1723.44,0.11807407775893808
12,1727.8100000000002,0.1171136396098882
12,1732.1899999999998,0.11620623282622546
12,1736.5600000000002,0.11520771288778633
12,1740.9399999999998,0.1140364927612245
12,1745.31,0.11268284210469574
12,1749.69,0.11120421402156352
12,1754.06,0.10972800242714584
12,1758.44,0.1083233456965536
12,1762.81,0.10706404051743448
12,1767.19,0.10595618159975856
12,1771.56,0.10506515544373542
12,1775.94,0.10436434883158655
12,1780.31,0.10377044232096523
12,1784.69,0.10331077181734144
12,1789.0600000000002,0.10301321891602129
12,1999.06,0.03339514304002478
12,2003.4399999999998,0.03431393080816633
12,2007.8100000000002,0.03558466549366131
12,2012.1899999999998,0.03679001101005269
12,2016.5600000000002,0.03821300072580925
12,2020.94,0.039367752252292124
12,2025.3100000000002,0.04015431173320394
12,2029.69,0.04085796118797589
12,2034.0600000000002,0.04152039746806622
12,2038.44,0.042137602263974255
12,2042.8099999999997,0.042742051990062466
12,2047.19,0.04333468589393306
12,2051.56,0.0439934979766258
12,2055.94,0.04477520616084803
12,2060.31,0.04553985156147974
12,2064.69,0.046280324578983706
12,2069.06,0.047050984041998166
12,2073.44,0.04779309525794815
12,2077.81,0.04849178337608464
12,2082.19,0.04919566531665623
12,2086.56,0.04993380957690533
12,2090.9399999999996,0.05066799920517951
12,2095.31,0.05137653621612117
12,2099.69,0.05209977488964796
12,2104.06,0.052834741658298295
12,2108.44,0.05354331549140625
12,2112.81,0.054240013970993456
12,2117.19,0.05494385098456405
12,2121.56,0.05565342212212272
12,2125.94,0.056325886402046305
12,2130.31,0.05692469472065568
12,2134.69,0.05747129786061123
12,2139.0600000000004,0.05799722446827218
12,2143.44,0.05849554793443531
12,2147.8100000000004,0.05897957465378568
12,2152.19,0.05947674146387726
12,2156.56,0.05994941251818091
12,2160.94,0.06037355925887823
12,2165.31,0.06077787799760699
12,2169.69,0.061161717916838824
12,2174.06,0.061523412081878635
12,2178.44,0.06187432410428301
12,2182.81,0.062225832203403116
12,2187.19,0.06256045906804503
12,2191.56,0.06282648707507178
12,2195.9399999999996,0.06304066143929958
12,2200.31,0.06325766656547785
12,2204.6899999999996,0.06348944674711675
12,2209.06,0.06369348931591957
12,2213.44,0.06382377705769614
12,2217.81,0.0638827261980623
12,2222.19,0.06386535313911736
12,2226.56,0.06368786691920832
12,2230.94,0.06325417361687868
12,2235.31,0.06256691256770865
12,2239.69,0.06171388137154281
12,2244.06,0.06076305126072839
12,2248.44,0.059739383857231584
12,2252.8100000000004,0.058664559463504705
12,2257.19,0.05754475304391235
12,2261.56,0.056405425147386265
12,2265.94,0.055302234240807595
12,2270.31,0.05426815378363244
12,2274.69,0.05328772641951218
12,2279.06,0.05233072529314086
12,2283.44,0.05138212729478255
12,2287.81,0.05043529810965992
12,2292.19,0.049449387161293996
12,2296.56,0.048419507016660646
12,2300.94,0.047449452769942585
12,2305.31,0.04663301415857859
12,2309.6899999999996,0.04599398926075082
12,2314.06,0.04547495326260105
12,2318.44,0.04496157497982495
12,2322.81,0.04439816728583537
12,2327.19,0.04380350907449611
12,2331.56,0.04318275315163191
12,2335.94,0.04255933138018008
12,2340.31,0.04198321576142917
12,2344.69,0.04152492043707753
12,2349.06,0.041209367292030945
12,2353.44,0.04098559945181478
12,2357.8100000000004,0.04082282263872912
12,2362.19,0.04067059785389574
12,2366.5600000000004,0.04047427290242922
12,2370.94,0.04020433231511561
12,2375.31,0.03990081519166779
12,2379.69,0.0395409222413582
12,2384.06,0.03900674655429612
12,2388.44,0.03835029562658747
12,2392.81,0.037733424686448414
12,2397.19,0.037177111994424195
12,2401.56,0.03663819697367217
12,2405.94,0.03604523422553029
12,2410.31,0.03541343223216245
12,2414.6899999999996,0.03467227213466686
12,2419.06,0.033713851862048616
12,2423.4399999999996,0.032974228975617734
12,2427.81,0.03245751401533198
12,2432.19,0.03186448148864656
12,2436.56,0.031030198042171834
12,2440.94,0.03035756109533395
12,2445.31,0.02974408956913976
12,2449.69,0.02849432170312298
12,2454.06,0.027405619260807725
12,2458.44,0.027088935717210917
12,2462.81,0.02675223877746248
12,2467.19,0.02619686463078324
12,2471.5600000000004,0.025304395097459745
15,402.188,2.7700243060451156e-05
15,406.56199999999995,0.00021272218677154342
15,410.93800000000005,0.0005086702168591728
15,415.313,0.0008884119016681779
15,419.68699999999995,0.0013094897025018781
15,424.06300000000005,0.001744599790170014
15,428.438,0.002179591226729798
15,432.813,0.0025889524831018205
15,437.18800000000005,0.002942835190914366
15,441.563,0.0032610340678002102
15,445.938,0.003570195877691731
15,450.31300000000005,0.003869419573693449
15,454.688,0.0041471418345872734
15,459.063,0.004391816504773942
15,463.438,0.004594244520508255
15,467.813,0.004762397942454299
15,472.187,0.004914484512910349
15,476.562,0.005063628891642366
15,480.938,0.005229997160037101
15,485.313,0.005460956474857994
15,489.688,0.005810739033013306
15,494.063,0.006324806013386563
15,498.438,0.00709815696741316
15,502.812,0.0082602447923
15,507.188,0.009884865696072893
15,511.563,0.012045389690858882
15,515.937,0.014843579010912435
15,520.313,0.018087910765716517
15,524.687,0.021308355625787954
15,529.062,0.024220612581138994
15,533.438,0.026645150665181062
15,537.813,0.028541093237095083
15,542.188,0.030017081546066037
15,546.563,0.031160463546818847
15,550.938,0.031950005544313174
15,555.312,0.03227537789727648
15,559.688,0.0320391211309834
15,564.063,0.03125185144662851
15,568.438,0.03000918681082112
15,572.813,0.028500378219250708
15,577.187,0.027030494651662594
15,581.562,0.025822947194828885
15,585.938,0.024914806755723475
15,590.313,0.024256895154915126
15,594.688,0.023807328931407027
15,599.063,0.0234514553230656
15,603.438,0.022996919926717964
15,607.812,0.022319792113376025
15,612.188,0.0214577251974697
15,616.563,0.02059108305900736
15,620.937,0.019924913554618798
15,625.312,0.019532137133755897
15,629.687,0.019289640639271965
15,634.063,0.018933493795184404
15,638.437,0.018240405339893188
15,642.813,0.017210493755919744
15,647.188,0.0160489499209325
15,651.563,0.0149712892743446
15,655.938,0.01398039196859827
15,660.313,0.012983806929159982
15,664.687,0.012059440355342304
15,669.063,0.011394237932126999
15,673.438,0.011151039925981649
15,677.813,0.011479185189036798
15,682.187,0.01273262710939889
15,686.562,0.01579689030653526
15,690.937,0.02184537123201153
15,695.312,0.031192293085441632
15,699.688,0.04325600459327689
15,704.063,0.05699242185917683
15,708.438,0.07083884315565228
15,712.813,0.08409145543351769
15,717.187,0.09774382511794101
15,721.563,0.11215749810056877
15,725.938,0.12539041460549924
15,730.313,0.13626209700130856
15,734.687,0.1445096132927574
15,739.063,0.1506641319207847
15,743.437,0.1553545493655838
15,747.812,0.15886627089232205
15,752.188,0.1614116925583221
15,756.563,0.1633301601721905
15,760.938,0.1652026901487261
15,765.313,0.16698612417792902
15,769.688,0.16809725669911132
15,774.063,0.16886358472751453
15,778.438,0.16955423130420968
15,782.813,0.17018954425118862
15,787.188,0.17078512920299546
15,791.563,0.17135934971738606
15,795.937,0.17190990925999358
15,800.312,0.17243582805385813
15,804.688,0.17293292626040058
15,809.063,0.1734123664163053
15,813.438,0.1739183582412079
15,817.813,0.17444750803289935
15,822.188,0.17490457706386223
15,826.5630000000001,0.17526414295192808
15,830.937,0.17557759615359828
15,835.313,0.17588827531086282
15,839.688,0.17622019530972466
15,844.063,0.17657648414606228
15,848.437,0.17695353884017095
15,852.812,0.17734906716505067
15,857.187,0.1777385499700904
15,861.563,0.17810157052706926
15,865.938,0.17845394345466048
15,870.313,0.17879991789115593
15,874.687,0.17913061594357715
15,879.063,0.1794486629846506
15,883.437,0.1797475028480403
15,887.813,0.18001980836503206
15,892.188,0.1802825976978056
15,896.562,0.18056507364846766
15,900.938,0.1808432089583948
15,905.312,0.18105921785812826
15,909.6880000000001,0.1812292421143502
15,914.062,0.18134980220347643
15,918.438,0.18137858740519733
15,922.813,0.18132907047634944
15,927.188,0.1812265734677203
15,931.563,0.18099516389891504
15,935.937,0.1803400130593218
15,940.312,0.17933296599658205
15,944.688,0.17818007841240616
15,949.063,0.1766086811781861
15,953.438,0.17479189194506034
15,957.812,0.1731507644848898
15,962.187,0.17204097218578682
15,966.562,0.17148871278390287
15,970.938,0.17130623791832478
15,975.313,0.17137298728339373
15,979.688,0.1716692931181751
15,984.063,0.1721901157265529
15,988.438,0.1729534588032402
15,992.812,0.17392218073364346
15,997.188,0.17497053287224845
15,1001.5600000000001,0.17603819956537337
15,1005.94,0.17715260897530244
15,1010.3100000000001,0.17831007302971558
15,1014.69,0.17947642812505366
15,1019.0600000000001,0.18063875612337144
15,1023.4399999999999,0.18178582249442116
15,1027.81,0.18289025528589264
15,1032.19,0.18393127874238416
15,1036.56,0.18490372810745612
15,1040.94,0.18580152334645392
15,1045.31,0.18662202906794845
15,1049.69,0.18737087247893214
15,1054.06,0.18804479671642185
15,1058.44,0.18864116178825496
15,1062.81,0.1891658508544788
15,1067.19,0.18962352329865098
15,1071.5600000000002,0.1900094689335674
15,1075.9399999999998,0.19031500542070717
15,1080.3100000000002,0.19053747080732136
15,1084.6899999999998,0.19067475907038897
15,1089.06,0.19072925435379148
15,1093.44,0.19071220781188458
15,1097.81,0.19062729630619288
15,1102.19,0.1904690525960177
15,1106.56,0.190251838627737
15,1110.94,0.1900153415906243
15,1115.31,0.18975041729630904
15,1119.69,0.18925174581352622
15,1124.06,0.18780305572319775
15,1128.44,0.18494835866848006
15,1132.8100000000002,0.1815391753753647
15,1137.1899999999998,0.17827894451096654
15,1141.56,0.17507588593522086
15,1145.94,0.1705910152499564
15,1150.31,0.1657133375434205
15,1154.69,0.162688650037162
15,1159.06,0.1611009518522769
15,1163.44,0.16020678149187007
15,1167.81,0.1596563929959666
15,1172.19,0.1592908490123227
15,1176.56,0.1590143533574883
15,1180.94,0.1587577599310316
15,1185.3100000000002,0.1585032543167472
15,1189.6899999999998,0.1583062759542372
15,1194.06,0.15824584919959306
15,1198.44,0.1583850649022497
15,1202.81,0.15875390214379878
15,1207.19,0.1593310639029369
15,1211.56,0.16010337635176256
15,1215.94,0.16104710028041155
15,1220.31,0.16209475935669615
15,1224.69,0.16319315436528994
15,1229.06,0.16427745242603123
15,1233.44,0.16528579991543665
15,1237.8100000000002,0.16620452467817814
15,1242.1899999999998,0.16704562125494704
15,1246.56,0.16781666290713473
15,1250.94,0.16850758828688414
15,1255.31,0.16910190865397454
15,1259.69,0.16959313346073032
15,1264.06,0.16996706718578936
15,1268.44,0.17017069161636755
15,1272.81,0.17016174643300475
15,1277.19,0.1699603165872395
15,1281.56,0.16958354675443843
15,1285.94,0.16902968779206276
15,1290.3100000000002,0.16828135658521204
15,1294.6899999999998,0.1672880511567928
15,1299.0600000000002,0.1660062305838801
15,1303.4399999999998,0.16441418236354366
15,1307.81,0.16247593846172095
15,1312.19,0.16012070228811354
15,1316.56,0.1573483377485536
15,1320.94,0.15436773487715982
15,1325.31,0.15134709128644316
15,1329.69,0.1479372384538874
15,1334.06,0.14383473126450552
15,1338.44,0.14024317679926754
15,1342.81,0.13782119399053044
15,1347.19,0.1361636478896253
15,1500.31,0.052354640266858044
15,1504.69,0.053967395520885475
15,1509.0600000000002,0.05564759157248773
15,1513.4399999999998,0.057325818171666466
15,1517.8100000000002,0.059066024986386766
15,1522.1899999999998,0.060790791155886835
15,1526.56,0.062484705353854225
15,1530.94,0.06418802479689475
15,1535.31,0.0658700554900861
15,1539.69,0.06753218912694138
15,1544.06,0.06918958953698166
15,1548.44,0.0708141335433902
15,1552.81,0.07238975767260854
15,1557.19,0.073927583637535
15,1561.56,0.07540131949481292
15,1565.94,0.07682491228115396
15,1570.3100000000002,0.07826844985938805
15,1574.6899999999998,0.07972165527011384
15,1579.06,0.08111519335347112
15,1583.44,0.0824561331543373
15,1587.81,0.083784076821903
15,1592.19,0.0850994712713873
15,1596.56,0.08637815756985219
15,1600.94,0.08764182120241458
15,1605.31,0.08888649565313245
15,1609.69,0.09008383134932955
15,1614.06,0.09121143420925364
15,1618.44,0.09224722752085654
15,1622.8100000000002,0.0932133450731635
15,1627.1899999999998,0.09411524865485262
15,1631.56,0.09493542951531708
15,1635.94,0.09567010203842073
15,1640.31,0.09631927164329682
15,1644.69,0.09685152682010084
15,1649.06,0.09722167347848881
15,1653.44,0.09742042879632208
15,1657.81,0.09747438882186543
15,1662.19,0.09743274146574549
15,1666.56,0.09734169108094648
15,1670.94,0.0972065021545859
15,1675.3100000000002,0.09697200338996481
15,1679.6899999999998,0.09658113653364125
15,1684.06,0.09603355258703232
15,1688.44,0.09535258361080196
15,1692.81,0.09454202729801181
15,1697.19,0.09360989293258172
15,1701.56,0.09259423764131497
15,1705.94,0.09154357548686676
15,1710.31,0.09050367884279695
15,1714.69,0.08955685166467447
15,1719.06,0.08874590444931528
15,1723.44,0.08804613736050669
15,1727.8100000000002,0.08746482040325645
15,1732.1899999999998,0.08697755409404635
15,1736.5600000000002,0.08645658555673436
15,1740.9399999999998,0.0857998489154852
15,1745.31,0.08497683792811586
15,1749.69,0.08404103131470038
15,1754.06,0.08310454234480857
15,1758.44,0.08223278513294645
15,1762.81,0.08148136520321714
15,1767.19,0.08085320820071501
15,1771.56,0.08037187146226643
15,1775.94,0.08000575899437536
15,1780.31,0.07969457072918885
15,1784.69,0.07944552999455481
15,1789.0600000000002,0.07928255119782988
15,1999.06,0.02469280114873982
15,2003.4399999999998,0.02549232211065828
15,2007.8100000000002,0.026542298681961257
15,2012.1899999999998,0.027486483715165377
15,2016.5600000000002,0.02859357658007866
15,2020.94,0.02950221886444524
15,2025.3100000000002,0.03011103489316156
15,2029.69,0.030639895749009157
15,2034.0600000000002,0.031131019618624124
15,2038.44,0.03158620656911808
15,2042.8099999999997,0.03202801754108805
15,2047.19,0.03245080587097618
15,2051.56,0.032905745623547776
15,2055.94,0.03344085532526151
15,2060.31,0.03397025523292541
15,2064.69,0.03449085859130719
15,2069.06,0.03503858385272906
15,2073.44,0.03556465264235158
15,2077.81,0.03605424158566166
15,2082.19,0.03654380228719674
15,2086.56,0.03705597743013641
15,2090.9399999999996,0.03756566611351445
15,2095.31,0.03805910974537255
15,2099.69,0.03856389104330447
15,2104.06,0.039077816217322835
15,2108.44,0.03957473608024884
15,2112.81,0.040065027498931156
15,2117.19,0.040562198828411056
15,2121.56,0.04106596591635025
15,2125.94,0.04154916973653599
15,2130.31,0.041989308470438115
15,2134.69,0.04240077900816686
15,2139.0600000000004,0.04280670477557578
15,2143.44,0.04320562228851486
15,2147.8100000000004,0.043609273932743234
15,2152.19,0.044038251644960835
15,2156.56,0.044459713593721514
15,2160.94,0.04485108497438887
15,2165.31,0.04523399675501423
15,2169.69,0.04560170633569214
15,2174.06,0.045949975093135434
15,2178.44,0.046290359661870756
15,2182.81,0.046634269284841136
15,2187.19,0.046970858331624184
15,2191.56,0.04725561374092649
15,2195.9399999999996,0.04750078952187323
15,2200.31,0.047745940314489414
15,2204.6899999999996,0.04798877892288147
15,2209.06,0.04819564089964842
15,2213.44,0.048335916775104126
15,2217.81,0.04840535597832059
15,2222.19,0.048389112236181975
15,2226.56,0.04822467905774829
15,2230.94,0.047844310253713045
15,2235.31,0.04724389669907396
15,2239.69,0.04647902610900928
15,2244.06,0.04559928487162324
15,2248.44,0.044635589168410664
15,2252.8100000000004,0.04362388966037543
15,2257.19,0.04258110922921333
15,2261.56,0.041534152265667215
15,2265.94,0.040530685483536215
15,2270.31,0.0396015995068592
15,2274.69,0.03874285271158442
15,2279.06,0.03792953567724908
15,2283.44,0.03713518386910437
15,2287.81,0.03633946567570092
15,2292.19,0.03550877933535958
15,2296.56,0.03465341442642966
15,2300.94,0.03387690754578216
15,2305.31,0.033263054148555966
15,2309.6899999999996,0.03282572403084487
15,2314.06,0.03251139301704825
15,2318.44,0.032220510803963404
15,2322.81,0.031878754417721214
15,2327.19,0.03147335652334732
15,2331.56,0.031015202508497167
15,2335.94,0.030533887654087266
15,2340.31,0.030073912373195524
15,2344.69,0.029701798230562418
15,2349.06,0.029448058446814685
15,2353.44,0.02927499607923892
15,2357.8100000000004,0.029154772882793622
15,2362.19,0.029041562524853362
15,2366.5600000000004,0.02888909705416154
15,2370.94,0.028674753863742807
15,2375.31,0.028434641782696418
15,2379.69,0.028158799841876317
15,2384.06,0.027761630433233223
15,2388.44,0.02727883995491197
15,2392.81,0.02682399411165079
15,2397.19,0.026410776295651885
15,2401.56,0.026011298636549326
15,2405.94,0.02557111655764402
15,2410.31,0.02509075748574105
15,2414.6899999999996,0.024517098454380173
15,2419.06,0.023784466690267438
15,2423.4399999999996,0.023217534580071517
15,2427.81,0.02280586960048822
15,2432.19,0.022319576877271173
15,2436.56,0.021637525641781393
15,2440.94,0.02108203706698987
15,2445.31,0.020538049403112383
15,2449.69,0.01944991689444578
15,2454.06,0.018617347170511493
15,2458.44,0.01841983349907423
15,2462.81,0.018129536041682853
15,2467.19,0.017600214225039962
15,2471.5600000000004,0.016724611770441697
17,402.188,0.0001620463812844264
17,406.56199999999995,0.00029346083032805837
17,410.93800000000005,0.000536475226872426
17,415.313,0.0008872332163497276
17,419.68699999999995,0.0013172080426375032
17,424.06300000000005,0.0018088234899573763
17,428.438,0.0023609927965298995
17,432.813,0.002943598628194195
17,437.18800000000005,0.0034997420515628617
17,441.563,0.004035897819521779
17,445.938,0.004568333326588814
17,450.31300000000005,0.0050779858054647775
17,454.688,0.005541452873931121
17,459.063,0.005942363069616477
17,463.438,0.0062696911742978045
17,467.813,0.00653878984197263
17,472.187,0.006778897805021416
17,476.562,0.007008884101546755
17,480.938,0.007255897332688619
17,485.313,0.007589269647824039
17,489.688,0.008091868207195603
17,494.063,0.008830075422280289
17,498.438,0.00993428689987809
17,502.812,0.011577407744296124
17,507.188,0.013848464587845229
17,511.563,0.016848070238966104
17,515.937,0.020744322229584212
17,520.313,0.02531482072903103
17,524.687,0.029935207877460925
17,529.062,0.03420237659156555
17,533.438,0.0378230809251545
17,537.813,0.04068791505385889
17,542.188,0.0429114906398172
17,546.563,0.04459526399048627
17,550.938,0.04569694613750471
17,555.312,0.04605515865630878
17,559.688,0.04554513455565029
17,564.063,0.04421628169664473
17,568.438,0.04222796207322972
17,572.813,0.03986052741034655
17,577.187,0.037573589044041
17,581.562,0.03570892566582188
17,585.938,0.03431701253459323
17,590.313,0.033302991620148534
17,594.688,0.032581582132552286
17,599.063,0.03198410756071098
17,603.438,0.031245277261477897
17,607.812,0.030200062986186823
17,612.188,0.028911384072889634
17,616.563,0.027634714092964714
17,620.937,0.026652020660740162
17,625.312,0.026062544269225326
17,629.687,0.02570902195625422
17,634.063,0.025259953085660525
17,638.437,0.024429753229705965
17,642.813,0.023187192104378484
17,647.188,0.021737276655621827
17,651.563,0.02031762020302267
17,655.938,0.018944609554109773
17,660.313,0.017544396792382032
17,664.687,0.01625718063890531
17,669.063,0.015336034989277323
17,673.438,0.014985082176899596
17,677.813,0.015380668276534379
17,682.187,0.016937759913193986
17,686.562,0.0207128782381551
17,690.937,0.028153951274580324
17,695.312,0.03981628600507975
17,699.688,0.05532707096543163
17,704.063,0.07369888449320569
17,708.438,0.09303986168466509
17,712.813,0.11244407606776803
17,717.187,0.13351362830027938
17,721.563,0.15704374321736395
17,725.938,0.18005342750810086
17,730.313,0.2002106401324272
17,734.687,0.21631520081311464
17,739.063,0.2287618905492127
17,743.437,0.23839629204943777
17,747.812,0.24559572828933596
17,752.188,0.2507249258644879
17,756.563,0.25445969264954327
17,760.938,0.2579394115693867
17,765.313,0.26115908617153766
17,769.688,0.26308881724253297
17,774.063,0.2643041311390698
17,778.438,0.2652972272410989
17,782.813,0.2661373691260815
17,787.188,0.26688058270141485
17,791.563,0.26757824486121534
17,795.937,0.2682404390349984
17,800.312,0.2688700019009411
17,804.688,0.26946214597672224
17,809.063,0.2700297987647355
17,813.438,0.2706266403570771
17,817.813,0.2712481177225709
17,822.188,0.27176921665668485
17,826.5630000000001,0.2721512989141047
17,830.937,0.27246999157592655
17,835.313,0.272805643491447
17,839.688,0.27320235008373855
17,844.063,0.27365605043247343
17,848.437,0.2741497882269323
17,852.812,0.27467400636523964
17,857.187,0.2751936692558229
17,861.563,0.27567829642444847
17,865.938,0.27614360991865394
17,870.313,0.2765876695886254
17,874.687,0.27699328964576125
17,879.063,0.27736886905506253
17,883.437,0.2777163462154567
17,887.813,0.2780316298268735
17,892.188,0.27833333212882283
17,896.562,0.278655176050961
17,900.938,0.2789693283289671
17,905.312,0.27919804530218245
17,909.6880000000001,0.27934192607179287
17,914.062,0.2793711745552719
17,918.438,0.27922340389341116
17,922.813,0.27893170569092035
17,927.188,0.2785231783054769
17,931.563,0.2777689775452018
17,935.937,0.2759041720815003
17,940.312,0.27328202294185755
17,944.688,0.27053219214081764
17,949.063,0.266957122720778
17,953.438,0.26295187974348666
17,957.812,0.2594397476315498
17,962.187,0.2571386957913637
17,966.562,0.25603290589526295
17,970.938,0.2556643284857273
17,975.313,0.2557617048174143
17,979.688,0.2563133235089481
17,984.063,0.25734025264158844
17,988.438,0.25888506105169656
17,992.812,0.2608306217379868
17,997.188,0.2628495685383678
17,1001.5600000000001,0.26482527028769254
17,1005.94,0.2668726135417819
17,1010.3100000000001,0.2690221047028899
17,1014.69,0.27120697559788826
17,1019.0600000000001,0.27338843083009123
17,1023.4399999999999,0.275541981253773
17,1027.81,0.27761922558769586
17,1032.19,0.27958090448752043
17,1036.56,0.2814180009067059
17,1040.94,0.28311900947242974
17,1045.31,0.28466971855610607
17,1049.69,0.28606490850448607
17,1054.06,0.28728471728041766
17,1058.44,0.2883161164261401
17,1062.81,0.28916872875764965
17,1067.19,0.28985841039568183
17,1071.5600000000002,0.2903871247917414
17,1075.9399999999998,0.2907418645359576
17,1080.3100000000002,0.2909161921776831
17,1084.6899999999998,0.2909085208363831
17,1089.06,0.29073302520439026
17,1093.44,0.2904173306562006
17,1097.81,0.28996700132265685
17,1102.19,0.2893816461600363
17,1106.56,0.28871617453172804
17,1110.94,0.2880664747580886
17,1115.31,0.2873965815268457
17,1119.69,0.2862644319981337
17,1124.06,0.2832553732953966
17,1128.44,0.2775494731590152
17,1132.8100000000002,0.27084041755646465
17,1137.1899999999998,0.2644625007547438
17,1141.56,0.2582612826675177
17,1145.94,0.2497613569535315
17,1150.31,0.24075781231746077
17,1154.69,0.23538845846429468
17,1159.06,0.2327159650065005
17,1163.44,0.2313094099983573
17,1167.81,0.23052047837525605
17,1172.19,0.23005859922617675
17,1176.56,0.22975834751501678
17,1180.94,0.22950162544846534
17,1185.3100000000002,0.22924860989674925
17,1189.6899999999998,0.2290727426111698
17,1194.06,0.22909024493768812
17,1198.44,0.22939928391948342
17,1202.81,0.23002607448026538
17,1207.19,0.23090224165469408
17,1211.56,0.23199435887858272
17,1215.94,0.23328019229695202
17,1220.31,0.23468588698655368
17,1224.69,0.23616008890792728
17,1229.06,0.23763979714363814
17,1233.44,0.2390519129857421
17,1237.8100000000002,0.24036907976493238
17,1242.1899999999998,0.241601526979357
17,1246.56,0.2427549121528864
17,1250.94,0.2437985455058515
17,1255.31,0.24469141582027076
17,1259.69,0.24541837899014354
17,1264.06,0.24594982830807566
17,1268.44,0.24618294572457672
17,1272.81,0.24603897731751204
17,1277.19,0.24555021865293383
17,1281.56,0.244741748906672
17,1285.94,0.2436180879175663
17,1290.3100000000002,0.24215747421607375
17,1294.6899999999998,0.24027184523642064
17,1299.0600000000002,0.2379003044217825
17,1303.4399999999998,0.23503204895183444
17,1307.81,0.23163114355877043
17,1312.19,0.22761419171467423
17,1316.56,0.22301433952525257
17,1320.94,0.21818794675171374
17,1325.31,0.2134066773019731
17,1329.69,0.2081303917989135
17,1334.06,0.20189131386578082
17,1338.44,0.19649371604435145
17,1342.81,0.1928848601039499
17,1347.19,0.19042137356474995
17,1500.31,0.07664885212201625
17,1504.69,0.07874181815655902
17,1509.0600000000002,0.08093816600274295
17,1513.4399999999998,0.08315116137964651
17,1517.8100000000002,0.08546489782165737
17,1522.1899999999998,0.08777680400758982
17,1526.56,0.09006883575813845
17,1530.94,0.09239430003101007
17,1535.31,0.0947094580065459
17,1539.69,0.0970154746971093
17,1544.06,0.0993315111566335
17,1548.44,0.10161400288110599
17,1552.81,0.10383785096928477
17,1557.19,0.10601937061641366
17,1561.56,0.10812216283753515
17,1565.94,0.11016416235826909
17,1570.3100000000002,0.11224298733752221
17,1574.6899999999998,0.11434024635702372
17,1579.06,0.11635029274970293
17,1583.44,0.11827793058007956
17,1587.81,0.12017535662278533
17,1592.19,0.1220407643634826
17,1596.56,0.12384193437173963
17,1600.94,0.1256145829986781
17,1605.31,0.1273539739754051
17,1609.69,0.1290194802545011
17,1614.06,0.13058551198337226
17,1618.44,0.132031253259629
17,1622.8100000000002,0.13339259910862894
17,1627.1899999999998,0.13467229897156358
17,1631.56,0.13583894007839262
17,1635.94,0.13688811626285313
17,1640.31,0.13783319656271487
17,1644.69,0.13864948373753577
17,1649.06,0.13928632265422494
17,1653.44,0.1397322474140674
17,1657.81,0.1400141043914482
17,1662.19,0.140184794254601
17,1666.56,0.14028695337474345
17,1670.94,0.14030114158056675
17,1675.3100000000002,0.14015402320306747
17,1679.6899999999998,0.13979480386245996
17,1684.06,0.13923815028741957
17,1688.44,0.1385200992738828
17,1692.81,0.1376492384308949
17,1697.19,0.13662916055880486
17,1701.56,0.13549209518823774
17,1705.94,0.13428168706595897
17,1710.31,0.1330378271266818
17,1714.69,0.13184563479851932
17,1719.06,0.13074742254801094
17,1723.44,0.12970262467861177
17,1727.8100000000002,0.1287286808202043
17,1732.1899999999998,0.12781489160843193
17,1736.5600000000002,0.1268146155728027
17,1740.9399999999998,0.12564081052783876
17,1745.31,0.12427892414852977
17,1749.69,0.12278515452519059
17,1754.06,0.12128962361719459
17,1758.44,0.11986568341497332
17,1762.81,0.11859166713431478
17,1767.19,0.11747545251157135
17,1771.56,0.11658239956013858
17,1775.94,0.11588354961946606
17,1780.31,0.11529172237962484
17,1784.69,0.11483144604600966
17,1789.0600000000002,0.11453109243419021
17,1999.06,0.041358361885345404
17,2003.4399999999998,0.04233452384560223
17,2007.8100000000002,0.043729577742014955
17,2012.1899999999998,0.04509911429242948
17,2016.5600000000002,0.04672584081898094
17,2020.94,0.04803098477117601
17,2025.3100000000002,0.048904782450408676
17,2029.69,0.04967483693471877
17,2034.0600000000002,0.05039154675236204
17,2038.44,0.05105291626619873
17,2042.8099999999997,0.05169613775797188
17,2047.19,0.05232608805032214
17,2051.56,0.053029784604441375
17,2055.94,0.053871031647140626
17,2060.31,0.05469967443845235
17,2064.69,0.055503364067672575
17,2069.06,0.05633519923514541
17,2073.44,0.057129659869970054
17,2077.81,0.057876180243911224
17,2082.19,0.058633228748658436
17,2086.56,0.0594305527897086
17,2090.9399999999996,0.06021964135201415
17,2095.31,0.06097395739750937
17,2099.69,0.061741827545629346
17,2104.06,0.06252516751555959
17,2108.44,0.06328267685486935
17,2112.81,0.06402771749475505
17,2117.19,0.06478157033212482
17,2121.56,0.0655436932889279
17,2125.94,0.06626150802068878
17,2130.31,0.06689011643175036
17,2134.69,0.06745649284683168
17,2139.0600000000004,0.06799754174542613
17,2143.44,0.06850494961603544
17,2147.8100000000004,0.06899359563481994
17,2152.19,0.06949420555902179
17,2156.56,0.06996802113950253
17,2160.94,0.07038978077936918
17,2165.31,0.07078860730282031
17,2169.69,0.07116620434098878
17,2174.06,0.07152224219869822
17,2178.44,0.07186718752374872
17,2182.81,0.07221208638395182
17,2187.19,0.07253580565331504
17,2191.56,0.07278380359988659
17,2195.9399999999996,0.07297699772752822
17,2200.31,0.07318123311386443
17,2204.6899999999996,0.07341776504996232
17,2209.06,0.07363719999208115
17,2213.44,0.07378358144429513
17,2217.81,0.0738626086723525
17,2222.19,0.07387124057277106
17,2226.56,0.07370643066242337
17,2230.94,0.07324673903058283
17,2235.31,0.07249603364034556
17,2239.69,0.07156551746767946
17,2244.06,0.07053773466264829
17,2248.44,0.06943751085200348
17,2252.8100000000004,0.068283980350825
17,2257.19,0.06708015093056019
17,2261.56,0.06585105541395024
17,2265.94,0.06466005494410637
17,2270.31,0.06354524232563563
17,2274.69,0.062486132408375854
17,2279.06,0.06144954386923928
17,2283.44,0.06042529398400802
17,2287.81,0.059409188585705125
17,2292.19,0.05835223030531779
17,2296.56,0.057243591055012075
17,2300.94,0.05619402877317043
17,2305.31,0.05530809168245469
17,2309.6899999999996,0.05461189647252468
17,2314.06,0.05404084969757605
17,2318.44,0.05347423548986626
17,2322.81,0.0528589548027594
17,2327.19,0.05221413120292709
17,2331.56,0.05154116846184479
17,2335.94,0.05087223212554818
17,2340.31,0.050274987231678094
17,2344.69,0.04982759881444508
17,2349.06,0.049552204591454936
17,2353.44,0.04939263109961758
17,2357.8100000000004,0.04929536438925425
17,2362.19,0.049192978104692885
17,2366.5600000000004,0.049034465689619534
17,2370.94,0.04879684486018959
17,2375.31,0.04851634307880886
17,2379.69,0.04815839547925862
17,2384.06,0.04759066750091733
17,2388.44,0.046870194108923895
17,2392.81,0.046185095678665675
17,2397.19,0.045568122740951365
17,2401.56,0.044969385609874735
17,2405.94,0.0443066746686236
17,2410.31,0.043606637860648334
17,2414.6899999999996,0.04278969376127861
17,2419.06,0.04171388940537099
17,2423.4399999999996,0.04087348960743839
17,2427.81,0.04029197492127423
17,2432.19,0.03962992699875031
17,2436.56,0.03868836912100051
17,2440.94,0.037926645516217834
17,2445.31,0.03725559340031395
17,2449.69,0.03587953579524765
17,2454.06,0.03460974383409848
17,2458.44,0.03421428239000761
17,2462.81,0.03383911220567825
17,2467.19,0.03324277105843066
17,2471.5600000000004,0.03229132823516011
20,402.188,-0.0008470452886103886
20,406.56199999999995,-0.0006833167005288487
20,410.93800000000005,-0.00041799025162617907
20,415.313,-7.342275070186588e-05
20,419.68699999999995,0.0003104977570001211
20,424.06300000000005,0.0007069395865718775
20,428.438,0.0011037628219810359
20,432.813,0.001478310283805513
20,437.18800000000005,0.0018033666138228455
20,441.563,0.0020976588967300813
20,445.938,0.0023847444927446305
20,450.31300000000005,0.00266158114154166
20,454.688,0.0029140525590128164
20,459.063,0.0031282071059558804
20,463.438,0.0032957461534624598
20,467.813,0.0034275433385664656
20,472.187,0.003544347124898195
20,476.562,0.003661297635826486
20,480.938,0.0037965082046321186
20,485.313,0.003991235156817084
20,489.688,0.0042952513502768856
20,494.063,0.004752695273309655
20,498.438,0.005450994375369191
20,502.812,0.006508267048623111
20,507.188,0.007993740187130243
20,511.563,0.009976254397149659
20,515.937,0.012549055916151701
20,520.313,0.015533479726182122
20,524.687,0.01848787943175921
20,529.062,0.021136238421922825
20,533.438,0.02330397554378578
20,537.813,0.02495491726169348
20,542.188,0.0262002589151507
20,546.563,0.027136437148947153
20,550.938,0.027749059555280838
20,555.312,0.02792707287997473
20,559.688,0.027573844878425006
20,564.063,0.02670724475683528
20,568.438,0.025427083032827796
20,572.813,0.0239173836773989
20,577.187,0.022466741393727716
20,581.562,0.021278897281208627
20,585.938,0.02037924348671311
20,590.313,0.019717048393722507
20,594.688,0.01925531312563976
20,599.063,0.01888817739892602
20,603.438,0.018434592445437374
20,607.812,0.017779404299994896
20,612.188,0.016958624329308804
20,616.563,0.016137320247858043
20,620.937,0.015499056697371998
20,625.312,0.01510692912565446
20,629.687,0.014853052692260463
20,634.063,0.014509591326605004
20,638.437,0.013882075926071593
20,642.813,0.012967605723638372
20,647.188,0.011941669768366409
20,651.563,0.010991836616178717
20,655.938,0.010121980656917913
20,660.313,0.009253552764489541
20,664.687,0.008453876752955693
20,669.063,0.007881745731322099
20,673.438,0.0076740133234488896
20,677.813,0.007953582546849702
20,682.187,0.009011025935869839
20,686.562,0.011591731644168135
20,690.937,0.01672929813988958
20,695.312,0.024794641801327087
20,699.688,0.03540418933465844
20,704.063,0.047707221473174286
20,708.438,0.06030839924789689
20,712.813,0.07254531602056886
20,717.187,0.0853448154439684
20,721.563,0.09909364103921689
20,725.938,0.11196109504438936
20,730.313,0.12271598659222946
20,734.687,0.13097468645777555
20,739.063,0.13719205831876025
20,743.437,0.14195567902410403
20,747.812,0.14551791892154142
20,752.188,0.14806933232815936
20,756.563,0.14993776730028913
20,760.938,0.15168166300980374
20,765.313,0.15329627629136666
20,769.688,0.15427912957966328
20,774.063,0.1549255221360363
20,778.438,0.15548090994358063
20,782.813,0.1559726900421083
20,787.188,0.15642171709798278
20,791.563,0.15684931217925624
20,795.937,0.15725704552372918
20,800.312,0.1576447067433037
20,804.688,0.15800931515404953
20,809.063,0.15835843924432993
20,813.438,0.15872358464170247
20,817.813,0.15910221551079304
20,822.188,0.15942439003381878
20,826.5630000000001,0.1596692258445546
20,830.937,0.15987619872670622
20,835.313,0.1600862233713269
20,839.688,0.16032325932756067
20,844.063,0.1605871236650273
20,848.437,0.16086920341011138
20,852.812,0.16116358534432948
20,857.187,0.16145110271405427
20,861.563,0.16171610948164017
20,865.938,0.16196876800153404
20,870.313,0.16221251166425646
20,874.687,0.16244222629349678
20,879.063,0.16265869465190919
20,883.437,0.1628548347670585
20,887.813,0.16302574797999114
20,892.188,0.16318594160024077
20,896.562,0.16335452031809836
20,900.938,0.16351255310699345
20,905.312,0.16362463745754213
20,909.6880000000001,0.1636983635649085
20,914.062,0.1637210179353133
20,918.438,0.16366417363751679
20,922.813,0.16354681917466224
20,927.188,0.16338620491791517
20,931.563,0.16308614950627087
20,935.937,0.16229921356774868
20,940.312,0.16113816283177584
20,944.688,0.15987276663072408
20,949.063,0.15818168283440173
20,953.438,0.1562369662243873
20,957.812,0.15447632959578186
20,962.187,0.1532640768494457
20,966.562,0.15263274856377393
20,970.938,0.15238700854592024
20,975.313,0.15238872611429544
20,979.688,0.15261643768288194
20,984.063,0.15305967650841923
20,988.438,0.15371076787356286
20,992.812,0.15453386162407695
20,997.188,0.155439865286462
20,1001.5600000000001,0.15638512418605388
20,1005.94,0.1573902139533311
20,1010.3100000000001,0.158448996222578
20,1014.69,0.1595255723455921
20,1019.0600000000001,0.16060212241020053
20,1023.4399999999999,0.16166469666641206
20,1027.81,0.16268203577026724
20,1032.19,0.1636275285668671
20,1036.56,0.16449455918278544
20,1040.94,0.16528073302470148
20,1045.31,0.1659875455033034
20,1049.69,0.1666222207667306
20,1054.06,0.1671830616472289
20,1058.44,0.16766905983909963
20,1062.81,0.1680852295551449
20,1067.19,0.16843437903095038
20,1071.5600000000002,0.16871117074973882
20,1075.9399999999998,0.16890784570015968
20,1080.3100000000002,0.16902254787273704
20,1084.6899999999998,0.16905392903834582
20,1089.06,0.16900540835224093
20,1093.44,0.16888677421025933
20,1097.81,0.16870064091868697
20,1102.19,0.1684464410506189
20,1106.56,0.16814664603676646
20,1110.94,0.16784331210888923
20,1115.31,0.16751430943142623
20,1119.69,0.16692240202799438
20,1124.06,0.16531012063380332
20,1128.44,0.16228629259392618
20,1132.8100000000002,0.15880671535618604
20,1137.1899999999998,0.1555401983205229
20,1141.56,0.15236351896543054
20,1145.94,0.14794205121695994
20,1150.31,0.14314224521629512
20,1154.69,0.14016775659285485
20,1159.06,0.1386033031810075
20,1163.44,0.13771041985601187
20,1167.81,0.13714129401370884
20,1172.19,0.1367407025396824
20,1176.56,0.13641858532093465
20,1180.94,0.1361121439607814
20,1185.3100000000002,0.13581021397840232
20,1189.6899999999998,0.13557267129886896
20,1194.06,0.13547385388053954
20,1198.44,0.13556533426512032
20,1202.81,0.13587163550779224
20,1207.19,0.13637299051042645
20,1211.56,0.13705348087474703
20,1215.94,0.13788653204683216
20,1220.31,0.1388053751923144
20,1224.69,0.13976032144855707
20,1229.06,0.1406997188180685
20,1233.44,0.1415747230919078
20,1237.8100000000002,0.1423731382424012
20,1242.1899999999998,0.1431038914155215
20,1246.56,0.14377187461592256
20,1250.94,0.14436431599780916
20,1255.31,0.14486260342411697
20,1259.69,0.1452587792975828
20,1264.06,0.1455390246398747
20,1268.44,0.14565687565132976
20,1272.81,0.14557839196175337
20,1277.19,0.14532063879538326
20,1281.56,0.14489324284251778
20,1285.94,0.14429472631774842
20,1290.3100000000002,0.14351133604999633
20,1294.6899999999998,0.1424955000029877
20,1299.0600000000002,0.14120709157548844
20,1303.4399999999998,0.13962714487221092
20,1307.81,0.13772457661572843
20,1312.19,0.13544335273560137
20,1316.56,0.13279476790688932
20,1320.94,0.12997629696968943
20,1325.31,0.1271412460692227
20,1329.69,0.12396450628060847
20,1334.06,0.1201698813540861
20,1338.44,0.11687168880132959
20,1342.81,0.1146649903152138
20,1347.19,0.1131654823734425
20,1500.31,0.03885226221831545
20,1504.69,0.04022360941038641
20,1509.0600000000002,0.04165164116202504
20,1513.4399999999998,0.04307732451638003
20,1517.8100000000002,0.04455597786276485
20,1522.1899999999998,0.04602245076574036
20,1526.56,0.04746380298383883
20,1530.94,0.04891472606032039
20,1535.31,0.05034924830782984
20,1539.69,0.05176813279089401
20,1544.06,0.05318372975831153
20,1548.44,0.05457206261140527
20,1552.81,0.05592000469332561
20,1557.19,0.0572376334836008
20,1561.56,0.05850189157004934
20,1565.94,0.05972302975307684
20,1570.3100000000002,0.06096037070150487
20,1574.6899999999998,0.062206842793384565
20,1579.06,0.06340363756404259
20,1583.44,0.06455460493685677
20,1587.81,0.06569150904659182
20,1592.19,0.06681397052947431
20,1596.56,0.06790163569734432
20,1600.94,0.06897398888249881
20,1605.31,0.07002970279892906
20,1609.69,0.0710466946172528
20,1614.06,0.07200620094081386
20,1618.44,0.07288794319378213
20,1622.8100000000002,0.07370968941831961
20,1627.1899999999998,0.07447666742140427
20,1631.56,0.07517470135586336
20,1635.94,0.07580102246021853
20,1640.31,0.07635629245545715
20,1644.69,0.07681418901076541
20,1649.06,0.0771352798724547
20,1653.44,0.07730879445327446
20,1657.81,0.07735415970906616
20,1662.19,0.07731214076047763
20,1666.56,0.07722275328589603
20,1670.94,0.0770932240667753
20,1675.3100000000002,0.07688249526545406
20,1679.6899999999998,0.07654658764367923
20,1684.06,0.07608502059709281
20,1688.44,0.07551600832957775
20,1692.81,0.07484228297602386
20,1697.19,0.07406877039000392
20,1701.56,0.07322215428343043
20,1705.94,0.07233812094898895
20,1710.31,0.07145494838245213
20,1714.69,0.07064490443095565
20,1719.06,0.06994357126881369
20,1723.44,0.06932384663959965
20,1727.8100000000002,0.06878798395511694
20,1732.1899999999998,0.06831782781053335
20,1736.5600000000002,0.06781150159891695
20,1740.9399999999998,0.06719581530895084
20,1745.31,0.06645399145898409
20,1749.69,0.0656293414067477
20,1754.06,0.06481048157438636
20,1758.44,0.06404554112814367
20,1762.81,0.06337686037877574
20,1767.19,0.06280484198126941
20,1771.56,0.06235416440642439
20,1775.94,0.062002895162440834
20,1780.31,0.06170374719309621
20,1784.69,0.06146788298268802
20,1789.0600000000002,0.06131465359125286
20,1999.06,0.015614620725191557
20,2003.4399999999998,0.016267381201869283
20,2007.8100000000002,0.017107697879199576
20,2012.1899999999998,0.0178422292024743
20,2016.5600000000002,0.018699296774721007
20,2020.94,0.01941475083836849
20,2025.3100000000002,0.019900855161376966
20,2029.69,0.02032534602418309
20,2034.0600000000002,0.020723597222131504
20,2038.44,0.021099642390086045
20,2042.8099999999997,0.021470993304283183
20,2047.19,0.021827378178750224
20,2051.56,0.02220721225326997
20,2055.94,0.02265073555337949
20,2060.31,0.023088750068209266
20,2064.69,0.023521682202008377
20,2069.06,0.023981028446996788
20,2073.44,0.024423637975605744
20,2077.81,0.024833842862644815
20,2082.19,0.025239905880516743
20,2086.56,0.025660964243506897
20,2090.9399999999996,0.026080930675161654
20,2095.31,0.026491625443850354
20,2099.69,0.0269119604010848
20,2104.06,0.02733730878856477
20,2108.44,0.0277478632214752
20,2112.81,0.028152340158776497
20,2117.19,0.02856062247461523
20,2121.56,0.028972923993133008
20,2125.94,0.029371966519538547
20,2130.31,0.029742036521274714
20,2134.69,0.03008884612499969
20,2139.0600000000004,0.030427937435597414
20,2143.44,0.03076171460987098
20,2147.8100000000004,0.031102183399780187
20,2152.19,0.03146623979646392
20,2156.56,0.031827123420789576
20,2160.94,0.03216683406595621
20,2165.31,0.03250369485453348
20,2169.69,0.03282903757627992
20,2174.06,0.03313667329613054
20,2178.44,0.03343529797902192
20,2182.81,0.0337340928431513
20,2187.19,0.03402714023242879
20,2191.56,0.03427934458914024
20,2195.9399999999996,0.03449926574960955
20,2200.31,0.03471503316560756
20,2204.6899999999996,0.03491945035905928
20,2209.06,0.035088418652285326
20,2213.44,0.0352039572070862
20,2217.81,0.03526001306143371
20,2222.19,0.035241372667151154
20,2226.56,0.035105830495049305
20,2230.94,0.034806835753952325
20,2235.31,0.03433786764016986
20,2239.69,0.03373524242200801
20,2244.06,0.03303365381430922
20,2248.44,0.03225710369355511
20,2252.8100000000004,0.03143646137665201
20,2257.19,0.030585783480310057
20,2261.56,0.029725631676804767
20,2265.94,0.028893399106418655
20,2270.31,0.028114465566686703
20,2274.69,0.027391290199921058
20,2279.06,0.026709571930787206
20,2283.44,0.026047058432886842
20,2287.81,0.02538485769997351
20,2292.19,0.02469785112808495
20,2296.56,0.02399772126434982
20,2300.94,0.023368768243235537
20,2305.31,0.02287426217129905
20,2309.6899999999996,0.022521811426471458
20,2314.06,0.02227051484533831
20,2318.44,0.022040463322973665
20,2322.81,0.021765768693985593
20,2327.19,0.0214353730039511
20,2331.56,0.02106089608676484
20,2335.94,0.020661800973457503
20,2340.31,0.020269433269204454
20,2344.69,0.01994144338019396
20,2349.06,0.019702880165641545
20,2353.44,0.019518570590189483
20,2357.8100000000004,0.019375680856501275
20,2362.19,0.019243515590897004
20,2366.5600000000004,0.019082145625252452
20,2370.94,0.018873055667500013
20,2375.31,0.0186508056474122
20,2379.69,0.018408129641429696
20,2384.06,0.01807454894832972
20,2388.44,0.017681136480493933
20,2392.81,0.017315924299691688
20,2397.19,0.016985565919894724
20,2401.56,0.016668882482263142
20,2405.94,0.016320626279775752
20,2410.31,0.015933497153882856
20,2414.6899999999996,0.015474343660323485
20,2419.06,0.014916744641795958
20,2423.4399999999996,0.01449569445180714
20,2427.81,0.014182458974323709
20,2432.19,0.013800740159331326
20,2436.56,0.013259892011177783
20,2440.94,0.01280747698741834
20,2445.31,0.012312395839744568
20,2449.69,0.0113277339348042
20,2454.06,0.010716659987410821
20,2458.44,0.01064586403361318
20,2462.81,0.010391799579990675
20,2467.19,0.009847768629233542
20,2471.5600000000004,0.008937076280560632
22,402.188,-0.0013667735859417007
22,406.56199999999995,-0.0012291902516108166
22,410.93800000000005,-0.0010000286398098978
22,415.313,-0.0006953237893071673
22,419.68699999999995,-0.00035071631542450633
22,424.06300000000005,7.964948108565296e-06
22,428.438,0.0003706077668579155
22,432.813,0.0007174355429984303
22,437.18800000000005,0.0010225591844391603
22,441.563,0.0013019710276819295
22,445.938,0.0015763061208781436
22,450.31300000000005,0.001839713242955554
22,454.688,0.0020759574320072718
22,459.063,0.002271774421368491
22,463.438,0.0024215684052478537
22,467.813,0.0025377782157261206
22,472.187,0.002641293144215524
22,476.562,0.0027461594473788863
22,480.938,0.0028689946074564434
22,485.313,0.003050088532789914
22,489.688,0.0033401577677614116
22,494.063,0.0037858068720174744
22,498.438,0.004476126429487977
22,502.812,0.0055308130873754635
22,507.188,0.007020527886497803
22,511.563,0.009014447363651925
22,515.937,0.011606256076502177
22,520.313,0.014617719007765118
22,524.687,0.01760713171873249
22,529.062,0.020299996228743566
22,533.438,0.022520942957989974
22,537.813,0.024229018849848672
22,542.188,0.025528219116968103
22,546.563,0.02650724186494699
22,550.938,0.027148189168001408
22,555.312,0.027341563278096146
22,559.688,0.026995236773036595
22,564.063,0.026131372114123225
22,568.438,0.024850358486085043
22,572.813,0.023334288668993394
22,577.187,0.021871704633529346
22,581.562,0.020668353967885196
22,585.938,0.019750890563373105
22,590.313,0.01906973068215848
22,594.688,0.018590955314093664
22,599.063,0.01821009892214988
22,603.438,0.01774427962991467
22,607.812,0.017076898954910574
22,612.188,0.016243679060025898
22,616.563,0.0154103440515064
22,620.937,0.01476248512287384
22,625.312,0.014364923460321961
22,629.687,0.014109865204577545
22,634.063,0.013765358156647381
22,638.437,0.013129890444015474
22,642.813,0.012195859087023564
22,647.188,0.01114054120695073
22,651.563,0.010158168439361362
22,655.938,0.009255926034397817
22,660.313,0.008352057565007271
22,664.687,0.007514634431245213
22,669.063,0.0069079908703770345
22,673.438,0.0066736365872782245
22,677.813,0.006935705975220117
22,682.187,0.007991123766506689
22,686.562,0.010604009653415574
22,690.937,0.015820779223995485
22,695.312,0.023985766212599628
22,699.688,0.034671687977306645
22,704.063,0.04701094081014162
22,708.438,0.05962103321988252
22,712.813,0.0718654023946874
22,717.187,0.08470223496231483
22,721.563,0.09855792685222696
22,725.938,0.11163123044461827
22,730.313,0.12267853151337477
22,734.687,0.1312530996481655
22,739.063,0.1377605751430383
22,743.437,0.14277200412936508
22,747.812,0.1465343170776032
22,752.188,0.1492362289421726
22,756.563,0.15121376994648017
22,760.938,0.15305101922829636
22,765.313,0.15474523510900326
22,769.688,0.15577672918327154
22,774.063,0.1564579528872855
22,778.438,0.15704386525787414
22,782.813,0.15756137681542895
22,787.188,0.15803216639673337
22,791.563,0.15847894502454438
22,795.937,0.15890317081706598
22,800.312,0.15930443936027586
22,804.688,0.15968030123738572
22,809.063,0.16003927484620362
22,813.438,0.16041370751336217
22,817.813,0.16080063431174493
22,822.188,0.16112716711359099
22,826.5630000000001,0.1613717521133367
22,830.937,0.1615764092304744
22,835.313,0.16178584682755173
22,839.688,0.16202596545685083
22,844.063,0.1622952999069821
22,848.437,0.1625835263961926
22,852.812,0.16288402670179494
22,857.187,0.1631770718318876
22,861.563,0.1634465540025849
22,865.938,0.16370226035069207
22,870.313,0.16394680571800563
22,874.687,0.16417433241091203
22,879.063,0.16438632448669524
22,883.437,0.1645770772738615
22,887.813,0.16474306185671594
22,892.188,0.1648991598718567
22,896.562,0.1650628510612296
22,900.938,0.16521301135013344
22,905.312,0.16531561569718178
22,909.6880000000001,0.16537745390902273
22,914.062,0.1653809393220581
22,918.438,0.16529825232399162
22,922.813,0.16515418795286677
22,927.188,0.16496576489356812
22,931.563,0.16462249551492278
22,935.937,0.16373852825374344
22,940.312,0.16245196523494088
22,944.688,0.161068713379791
22,949.063,0.15923591748287436
22,953.438,0.1571420042135287
22,957.812,0.1552555400133133
22,962.187,0.1539614243246615
22,966.562,0.1532901632069843
22,970.938,0.15303064410050865
22,975.313,0.15303455842775293
22,979.688,0.1532779530494008
22,984.063,0.15374863239674597
22,988.438,0.154438596626278
22,992.812,0.15531186406384223
22,997.188,0.15627525105694076
22,1001.5600000000001,0.15728182660852327
22,1005.94,0.15835249168230803
22,1010.3100000000001,0.1594802809288376
22,1014.69,0.160627582237139
22,1019.0600000000001,0.16177638033186667
22,1023.4399999999999,0.16291179455398377
22,1027.81,0.1640013592987998
22,1032.19,0.16501835603692597
22,1036.56,0.1659558672433195
22,1040.94,0.1668094744066184
22,1045.31,0.16757762925102726
22,1049.69,0.16826530884529348
22,1054.06,0.1688689013425028
22,1058.44,0.16938695913602714
22,1062.81,0.1698265025402361
22,1067.19,0.17019212824438001
22,1071.5600000000002,0.17047957554517779
22,1075.9399999999998,0.1706815477029886
22,1080.3100000000002,0.17079627131810413
22,1084.6899999999998,0.17082198183226865
22,1089.06,0.17076304018264638
22,1093.44,0.17063063076988327
22,1097.81,0.17042734093876788
22,1102.19,0.1701524700562004
22,1106.56,0.16982921075017657
22,1110.94,0.1695018930407241
22,1115.31,0.1691469491191674
22,1119.69,0.16851173734467012
22,1124.06,0.16679102294903714
22,1128.44,0.1635693195910426
22,1132.8100000000002,0.15985852692101615
22,1137.1899999999998,0.15637164446816315
22,1141.56,0.1529847618183703
22,1145.94,0.14829462658410195
22,1150.31,0.1432440395455342
22,1154.69,0.1401473210833501
22,1159.06,0.13853176157397684
22,1163.44,0.13761252071344643
22,1167.81,0.13702823050611188
22,1172.19,0.13661933497234713
22,1176.56,0.13629273758182536
22,1180.94,0.13598260148108238
22,1185.3100000000002,0.13567523247213104
22,1189.6899999999998,0.13543058746057796
22,1194.06,0.13532638388336637
22,1198.44,0.13541882494435412
22,1202.81,0.13573538140277377
22,1207.19,0.13625517848617164
22,1211.56,0.13695992812339683
22,1215.94,0.13782210081350058
22,1220.31,0.13877412074652967
22,1224.69,0.13976541460608133
22,1229.06,0.1407416666118661
22,1233.44,0.14165100645739584
22,1237.8100000000002,0.1424800033820793
22,1242.1899999999998,0.14323816692398395
22,1246.56,0.14393137631821445
22,1250.94,0.1445474276295863
22,1255.31,0.14506718181772157
22,1259.69,0.145482016307069
22,1264.06,0.14577703319373542
22,1268.44,0.1459036349831149
22,1272.81,0.14582573597494047
22,1277.19,0.1455602795619052
22,1281.56,0.14511660214280708
22,1285.94,0.14449210641963872
22,1290.3100000000002,0.14367178403539582
22,1294.6899999999998,0.1426049715705449
22,1299.0600000000002,0.14124914727930446
22,1303.4399999999998,0.13958838407008442
22,1307.81,0.13759587773354723
22,1312.19,0.1352130359248258
22,1316.56,0.13244873612886296
22,1320.94,0.12950847256521228
22,1325.31,0.1265526143502211
22,1329.69,0.12324404511251487
22,1334.06,0.1192983094486408
22,1338.44,0.11587495139800012
22,1342.81,0.11358797834749566
22,1347.19,0.11203482316894224
22,1500.31,0.03663472418347737
22,1504.69,0.03798197601816355
22,1509.0600000000002,0.039388866054796384
22,1513.4399999999998,0.04079688721642014
22,1517.8100000000002,0.042261424015741796
22,1522.1899999999998,0.043718519414105685
22,1526.56,0.045155114357330606
22,1530.94,0.0466051947070082
22,1535.31,0.04804216164873651
22,1539.69,0.04946607720662314
22,1544.06,0.05088971239863895
22,1548.44,0.05228914573606744
22,1552.81,0.05365097006913857
22,1557.19,0.05498469304759055
22,1561.56,0.056266206488216994
22,1565.94,0.05750501726506627
22,1570.3100000000002,0.058761046359795725
22,1574.6899999999998,0.060027656159290926
22,1579.06,0.061245113905415566
22,1583.44,0.0624165784509114
22,1587.81,0.06357356555279693
22,1592.19,0.06471560151403537
22,1596.56,0.06582226052240003
22,1600.94,0.06691391089247191
22,1605.31,0.06798991474250216
22,1609.69,0.06902806801794213
22,1614.06,0.07000879975865246
22,1618.44,0.07091032906369947
22,1622.8100000000002,0.071750559560096
22,1627.1899999999998,0.07253536614771292
22,1631.56,0.07325103416525963
22,1635.94,0.07389431529947615
22,1640.31,0.0744653341812591
22,1644.69,0.07493818444016596
22,1649.06,0.07527519132378188
22,1653.44,0.07546767348389949
22,1657.81,0.07553550688082396
22,1662.19,0.07551812839705235
22,1666.56,0.07545311995418161
22,1670.94,0.07534467485460482
22,1675.3100000000002,0.07514983356595621
22,1679.6899999999998,0.07482344546333479
22,1684.06,0.07436400096339639
22,1688.44,0.07378924557495338
22,1692.81,0.0731031496853393
22,1697.19,0.0723138945120445
22,1701.56,0.07145212705421727
22,1705.94,0.07055616956422454
22,1710.31,0.06966434941190527
22,1714.69,0.06884667585138232
22,1719.06,0.06813609181845096
22,1723.44,0.06750380327219319
22,1727.8100000000002,0.06695226497380645
22,1732.1899999999998,0.06646323196189768
22,1736.5600000000002,0.06593260786372411
22,1740.9399999999998,0.06528611575246032
22,1745.31,0.06450829398349014
22,1749.69,0.06364535036131201
22,1754.06,0.06278999221372032
22,1758.44,0.06199165963960695
22,1762.81,0.06129331692231972
22,1767.19,0.06069483159014453
22,1771.56,0.06022212084049897
22,1775.94,0.059853612941842584
22,1780.31,0.05954222263695556
22,1784.69,0.059300089300159016
22,1789.0600000000002,0.059144814729952484
22,1999.06,0.014147693484337651
22,2003.4399999999998,0.014746296495941351
22,2007.8100000000002,0.015528386121964104
22,2012.1899999999998,0.016224847981427502
22,2016.5600000000002,0.017042470401993342
22,2020.94,0.01772443097951509
22,2025.3100000000002,0.018185243791594984
22,2029.69,0.018584875773503883
22,2034.0600000000002,0.018959064866003246
22,2038.44,0.019314142586990782
22,2042.8099999999997,0.019667283367962227
22,2047.19,0.020007109759499143
22,2051.56,0.020369687129509657
22,2055.94,0.020795178845855845
22,2060.31,0.021218647425093877
22,2064.69,0.021639896921151376
22,2069.06,0.02208826104680611
22,2073.44,0.02251972786562874
22,2077.81,0.022918966830820862
22,2082.19,0.02331493125631823
22,2086.56,0.02372627740038297
22,2090.9399999999996,0.02413709383853529
22,2095.31,0.024539488753844124
22,2099.69,0.02495175336306147
22,2104.06,0.025369450511425383
22,2108.44,0.025773889495249024
22,2112.81,0.026173237860493827
22,2117.19,0.026576644589767967
22,2121.56,0.026984672884364045
22,2125.94,0.02738044488409287
22,2130.31,0.02774747138722887
22,2134.69,0.028089659113065865
22,2139.0600000000004,0.028421588623325535
22,2143.44,0.028746344660926296
22,2147.8100000000004,0.02907592930123428
22,2152.19,0.029426285034569444
22,2156.56,0.02977091252025275
22,2160.94,0.030092367590659707
22,2165.31,0.03040923513315647
22,2169.69,0.030714961855992443
22,2174.06,0.031004327739556175
22,2178.44,0.031285010362189496
22,2182.81,0.03156557185428028
22,2187.19,0.03184163809598431
22,2191.56,0.03208034555444101
22,2195.9399999999996,0.03228938573423875
22,2200.31,0.03249533534708462
22,2204.6899999999996,0.03269054686290474
22,2209.06,0.03285151617628799
22,2213.44,0.032961828267411876
22,2217.81,0.03301580352282826
22,2222.19,0.032997870362673896
22,2226.56,0.032866085052055495
22,2230.94,0.0325739651532831
22,2235.31,0.03211612501565469
22,2239.69,0.03153158390065073
22,2244.06,0.03085671926204668
22,2248.44,0.030115069332005077
22,2252.8100000000004,0.02933658028906848
22,2257.19,0.02853403853783675
22,2261.56,0.02772547062807462
22,2265.94,0.026945907064127823
22,2270.31,0.026217462023050756
22,2274.69,0.02553944907559071
22,2279.06,0.02489690530976077
22,2283.44,0.024268721014264118
22,2287.81,0.023637440811471608
22,2292.19,0.02297919771848683
22,2296.56,0.022305457512579778
22,2300.94,0.02169709801701174
22,2305.31,0.021213938392565978
22,2309.6899999999996,0.020861480636485793
22,2314.06,0.020600427019558082
22,2318.44,0.02035619021185994
22,2322.81,0.020071190373055287
22,2327.19,0.019739937298436417
22,2331.56,0.019372514461556422
22,2335.94,0.018984998478490524
22,2340.31,0.01860718039853964
22,2344.69,0.018293862141622413
22,2349.06,0.01806646406306754
22,2353.44,0.017889926480888788
22,2357.8100000000004,0.017752698550725653
22,2362.19,0.017624833284312445
22,2366.5600000000004,0.017467499908199784
22,2370.94,0.017264089576688093
22,2375.31,0.01704995658511052
22,2379.69,0.016817800437038385
22,2384.06,0.01649851202103946
22,2388.44,0.016121444864343176
22,2392.81,0.01577047570137438
22,2397.19,0.015452909839975746
22,2401.56,0.01514934094140699
22,2405.94,0.014815956355968184
22,2410.31,0.01444631170114917
22,2414.6899999999996,0.014009407037974597
22,2419.06,0.013479732351042913
22,2423.4399999999996,0.013082005281407873
22,2427.81,0.012786258927738601
22,2432.19,0.012422974827368307
22,2436.56,0.011909306095676584
22,2440.94,0.011481823849722446
22,2445.31,0.0110115152723165
22,2449.69,0.010074329729900456
22,2454.06,0.009509238291880138
22,2458.44,0.009460618697039536
22,2462.81,0.009225124467749311
22,2467.19,0.008693581776868768
22,2471.5600000000004,0.007780071963170485
25,402.188,-0.001682532438430826
25,406.56199999999995,-0.0015468210998187714
25,410.93800000000005,-0.001322510111349402
25,415.313,-0.0010260339202704926
25,419.68699999999995,-0.0006907843142653292
25,424.06300000000005,-0.0003400301972965281
25,428.438,1.5746146521706804e-05
25,432.813,0.00035662144414345677
25,437.18800000000005,0.0006587004802315733
25,441.563,0.0009388894519724999
25,445.938,0.0012179073613242507
25,450.31300000000005,0.0014900287793886947
25,454.688,0.0017385168358850934
25,459.063,0.0019483843950706614
25,463.438,0.0021117952868371505
25,467.813,0.002240006524225464
25,472.187,0.002353203008817104
25,476.562,0.0024663009584674
25,480.938,0.0025987421032665735
25,485.313,0.002793528827451155
25,489.688,0.0031023886414186562
25,494.063,0.003569901571822811
25,498.438,0.004281393471689796
25,502.812,0.005350915360067248
25,507.188,0.006840493882319834
25,511.563,0.008810958703966207
25,515.937,0.011349570169149956
25,520.313,0.014281074359842024
25,524.687,0.017178816872637982
25,529.062,0.019782459965354063
25,533.438,0.02192851956368031
25,537.813,0.023581416913893916
25,542.188,0.024843321556982118
25,546.563,0.02579976361066656
25,550.938,0.026433441504341317
25,555.312,0.026639771125701373
25,559.688,0.026330038425930978
25,564.063,0.02552345028009313
25,568.438,0.02431455237906448
25,572.813,0.022877088590084894
25,577.187,0.021487995224015323
25,581.562,0.020346115738520895
25,585.938,0.019478181716349355
25,590.313,0.018836359658525908
25,594.688,0.018386511025754827
25,599.063,0.01802736645814548
25,603.438,0.017582727356975737
25,607.812,0.016939762303882163
25,612.188,0.016133103461006614
25,616.563,0.015324002523151421
25,620.937,0.014693875042084983
25,625.312,0.014306695304467211
25,629.687,0.014056436859145833
25,634.063,0.013714441084102873
25,638.437,0.013082691100764805
25,642.813,0.012154034442783086
25,647.188,0.011103039743497902
25,651.563,0.010119641449564369
25,655.938,0.009207439839592553
25,660.313,0.008282808528547321
25,664.687,0.007414997025798584
25,669.063,0.006774932681646533
25,673.438,0.006515246938106429
25,677.813,0.006773098723215298
25,682.187,0.007853074781136797
25,686.562,0.010501833934545174
25,690.937,0.015698888145197997
25,695.312,0.02369784602735308
25,699.688,0.03402366925181923
25,704.063,0.04582715528289555
25,708.438,0.05780535951658749
25,712.813,0.06938482661120361
25,717.187,0.0815007306705229
25,721.563,0.09457716836594045
25,725.938,0.10692174780066126
25,730.313,0.11734851564047859
25,734.687,0.12542129976674915
25,739.063,0.13152633459540083
25,743.437,0.13621652070491108
25,747.812,0.13973484211077447
25,752.188,0.14225994966633151
25,756.563,0.14410333232197445
25,760.938,0.14581541280436794
25,765.313,0.14740717500331812
25,769.688,0.14838576815847773
25,774.063,0.14903273904288653
25,778.438,0.1495892033627024
25,782.813,0.15008295216306577
25,787.188,0.15053443912125658
25,791.563,0.1509655906324042
25,795.937,0.15137724461004837
25,800.312,0.15176744220545516
25,804.688,0.15213262169796507
25,809.063,0.15247856665839207
25,813.438,0.15283679474756354
25,817.813,0.15321068714372812
25,822.188,0.1535337067398359
25,826.5630000000001,0.15378160519554512
25,830.937,0.15399275896852488
25,835.313,0.15420957691108925
25,839.688,0.15445589445880614
25,844.063,0.15472994190553435
25,848.437,0.15502124128775904
25,852.812,0.15532401139447757
25,857.187,0.1556199012876459
25,861.563,0.1558927323331227
25,865.938,0.1561520651928731
25,870.313,0.15640024293626736
25,874.687,0.15663100439376648
25,879.063,0.15684600152300845
25,883.437,0.15704001805097506
25,887.813,0.15720815089276585
25,892.188,0.1573625476180314
25,896.562,0.15752257513449877
25,900.938,0.15767405505022908
25,905.312,0.15778280162718147
25,909.6880000000001,0.15785157291946234
25,914.062,0.15786630638729549
25,918.438,0.15779983552143675
25,922.813,0.15766999080922686
25,927.188,0.15749075827887282
25,931.563,0.15716001518419945
25,935.937,0.15632308451778953
25,940.312,0.155122642924689
25,944.688,0.15383960642604508
25,949.063,0.15213743516011163
25,953.438,0.15018862962853746
25,957.812,0.14843044671222289
25,962.187,0.1472245820352691
25,966.562,0.14660063607900156
25,970.938,0.14636081279075142
25,975.313,0.14636877707136592
25,979.688,0.14660710288386325
25,984.063,0.14706788627416245
25,988.438,0.1477461575520283
25,992.812,0.14860302224726182
25,997.188,0.14953799212788
25,1001.5600000000001,0.15050363141635897
25,1005.94,0.15152411121875048
25,1010.3100000000001,0.15259474975435297
25,1014.69,0.15368084172572707
25,1019.0600000000001,0.15476643376168794
25,1023.4399999999999,0.15583953658642713
25,1027.81,0.1568723420717288
25,1032.19,0.15783923841663636
25,1036.56,0.1587310068466468
25,1040.94,0.159542481059907
25,1045.31,0.16027333201025612
25,1049.69,0.16092946071352343
25,1054.06,0.16150800863513723
25,1058.44,0.16200688132958022
25,1062.81,0.16243085435358806
25,1067.19,0.16278387559752447
25,1071.5600000000002,0.16306278539879712
25,1075.9399999999998,0.16326029328280128
25,1080.3100000000002,0.1633733627339825
25,1084.6899999999998,0.16339985342870933
25,1089.06,0.1633441143867094
25,1093.44,0.16321682652749586
25,1097.81,0.1630204228736693
25,1102.19,0.16275504222023301
25,1106.56,0.1624438220378943
25,1110.94,0.16212923415238037
25,1115.31,0.161788072953932
25,1119.69,0.16118109040660783
25,1124.06,0.15955450199660845
25,1128.44,0.15652105352608486
25,1132.8100000000002,0.15301340288773646
25,1137.1899999999998,0.14969956897897646
25,1141.56,0.14646749968582298
25,1145.94,0.141981922807754
25,1150.31,0.13714406564249657
25,1154.69,0.13417224843840814
25,1159.06,0.132621839097701
25,1163.44,0.13174358146556187
25,1167.81,0.13119101938675157
25,1172.19,0.13081015788484365
25,1176.56,0.1305095711062313
25,1180.94,0.13022451299999374
25,1185.3100000000002,0.1299415233414038
25,1189.6899999999998,0.12971778814768187
25,1194.06,0.12962705896352417
25,1198.44,0.1297237543220399
25,1202.81,0.13003468028968201
25,1207.19,0.13053884752298472
25,1211.56,0.13121813263685908
25,1215.94,0.13204661130614112
25,1220.31,0.13296013644547203
25,1224.69,0.1339119809679687
25,1229.06,0.1348518400255125
25,1233.44,0.13573011094820686
25,1237.8100000000002,0.13653347164043225
25,1242.1899999999998,0.13727065194572788
25,1246.56,0.13794671521987767
25,1250.94,0.1385487645829562
25,1255.31,0.13905780596425757
25,1259.69,0.1394651921285549
25,1264.06,0.13975677679642104
25,1268.44,0.1398864102800144
25,1272.81,0.1398189304128755
25,1277.19,0.13956933100358582
25,1281.56,0.13914615757996215
25,1285.94,0.13854722250951454
25,1290.3100000000002,0.13775852487306112
25,1294.6899999999998,0.13673184356011917
25,1299.0600000000002,0.13542630676703993
25,1303.4399999999998,0.13382545147265773
25,1307.81,0.13190391559212003
25,1312.19,0.12961122587672436
25,1316.56,0.12696255111135543
25,1320.94,0.12415507624100428
25,1325.31,0.12134018075070344
25,1329.69,0.11819935583916959
25,1334.06,0.11446375026134774
25,1338.44,0.1112262200814439
25,1342.81,0.10906286100507714
25,1347.19,0.10759275243122829
25,1500.31,0.036859317851995005
25,1504.69,0.03814527786238614
25,1509.0600000000002,0.03948556551102229
25,1513.4399999999998,0.04082446505504777
25,1517.8100000000002,0.04221455307968427
25,1522.1899999999998,0.04359504089385155
25,1526.56,0.04495382561304723
25,1530.94,0.046323407249365116
25,1535.31,0.04767895054854307
25,1539.69,0.04902098400438262
25,1544.06,0.050361558415243056
25,1548.44,0.051678224965944534
25,1552.81,0.05295866840140661
25,1557.19,0.054212518735439516
25,1561.56,0.055417670964816354
25,1565.94,0.05658299683884252
25,1570.3100000000002,0.057764486679516266
25,1574.6899999999998,0.05895540236058878
25,1579.06,0.06009929966268828
25,1583.44,0.06119917230622377
25,1587.81,0.06228459897596622
25,1592.19,0.06335492460464592
25,1596.56,0.06439120862109121
25,1600.94,0.06541324668098242
25,1605.31,0.06642075390205719
25,1609.69,0.06739284468349069
25,1614.06,0.06831108834419865
25,1618.44,0.06915522225783206
25,1622.8100000000002,0.06994240532745608
25,1627.1899999999998,0.07067824855213985
25,1631.56,0.07134949565515854
25,1635.94,0.0719525630865246
25,1640.31,0.07248783743183594
25,1644.69,0.07293214099190663
25,1649.06,0.07325176387792454
25,1653.44,0.07343976647767704
25,1657.81,0.07351483316568191
25,1662.19,0.07351303874980658
25,1666.56,0.07346720751840621
25,1670.94,0.07337883691070601
25,1675.3100000000002,0.07320981728844345
25,1679.6899999999998,0.07292139835306444
25,1684.06,0.07251127005205489
25,1688.44,0.07199371281894855
25,1692.81,0.07137144489213824
25,1697.19,0.07065165259875357
25,1701.56,0.06986170773161575
25,1705.94,0.06903593294264283
25,1710.31,0.06820979626150801
25,1714.69,0.06744910465204157
25,1719.06,0.06678479766647798
25,1723.44,0.06618912890320644
25,1727.8100000000002,0.06566337030439172
25,1732.1899999999998,0.0651908074284438
25,1736.5600000000002,0.06467602539225481
25,1740.9399999999998,0.06405439900234342
25,1745.31,0.06331439335539471
25,1749.69,0.062498411621782
25,1754.06,0.06169066494971048
25,1758.44,0.06093521046335809
25,1762.81,0.06027120586659294
25,1767.19,0.05969803768210113
25,1771.56,0.05924176038155565
25,1775.94,0.05888362170837354
25,1780.31,0.0585806655039778
25,1784.69,0.058346632673055863
25,1789.0600000000002,0.05819737111538416
25,1999.06,0.014875937093893298
25,2003.4399999999998,0.015490553792660648
25,2007.8100000000002,0.016290823937210916
25,2012.1899999999998,0.017002097092299665
25,2016.5600000000002,0.01783885906571413
25,2020.94,0.01853589778733294
25,2025.3100000000002,0.019004655823955545
25,2029.69,0.01941018857593008
25,2034.0600000000002,0.019789112356047554
25,2038.44,0.020146556619693
25,2042.8099999999997,0.020499897366335063
25,2047.19,0.020839423195628797
25,2051.56,0.021202035084843373
25,2055.94,0.021627739958903477
25,2060.31,0.022051103952397854
25,2064.69,0.022471629166830098
25,2069.06,0.022918592357455053
25,2073.44,0.023348633651912677
25,2077.81,0.023746205508541608
25,2082.19,0.02413973680457275
25,2086.56,0.024548364365909948
25,2090.9399999999996,0.02495580978383259
25,2095.31,0.025353542991051654
25,2099.69,0.025760554766593488
25,2104.06,0.026172898236200125
25,2108.44,0.026571332119165163
25,2112.81,0.026964195680775446
25,2117.19,0.02736115094212437
25,2121.56,0.02776242593594361
25,2125.94,0.02815022564958781
25,2130.31,0.02850779587413854
25,2134.69,0.02884058870627996
25,2139.0600000000004,0.029163695544789335
25,2143.44,0.029478993430257106
25,2147.8100000000004,0.02979752776089299
25,2152.19,0.030135246336976708
25,2156.56,0.030466858317722653
25,2160.94,0.030775842615948932
25,2165.31,0.03108041916093498
25,2169.69,0.031374375925934145
25,2174.06,0.03165256708023662
25,2178.44,0.0319227710213454
25,2182.81,0.03219353734610195
25,2187.19,0.032459189200526456
25,2191.56,0.03268686262315896
25,2195.9399999999996,0.03288467446473078
25,2200.31,0.03308015270471515
25,2204.6899999999996,0.03326797943474958
25,2209.06,0.033424413242173615
25,2213.44,0.033531384253001305
25,2217.81,0.03358429406303912
25,2222.19,0.03357001507494715
25,2226.56,0.03344623590222909
25,2230.94,0.03316557176876813
25,2235.31,0.032722936598729574
25,2239.69,0.03215692475598189
25,2244.06,0.03150308597840194
25,2248.44,0.0307838242266007
25,2252.8100000000004,0.030026834034360947
25,2257.19,0.0292441064047307
25,2261.56,0.028454176442373864
25,2265.94,0.027692214602593593
25,2270.31,0.026980596462399264
25,2274.69,0.026318534568345056
25,2279.06,0.02569085036164779
25,2283.44,0.025077521110797533
25,2287.81,0.02446258383240547
25,2292.19,0.023822100260254046
25,2296.56,0.023165005558694246
25,2300.94,0.022568059629575147
25,2305.31,0.022090009196217578
25,2309.6899999999996,0.021738841381375097
25,2314.06,0.021477246990377806
25,2318.44,0.02123148483400655
25,2322.81,0.020946033686122974
25,2327.19,0.020616579531179013
25,2331.56,0.02025275681149651
25,2335.94,0.019871108580828148
25,2340.31,0.019500553714615308
25,2344.69,0.019192762526945444
25,2349.06,0.018968601308406507
25,2353.44,0.018794736584022757
25,2357.8100000000004,0.018660250831708254
25,2362.19,0.018536179207731037
25,2366.5600000000004,0.018383634736164823
25,2370.94,0.01818470238835289
25,2375.31,0.017972885209619562
25,2379.69,0.01774032517656451
25,2384.06,0.01741775735270494
25,2388.44,0.017035798004317256
25,2392.81,0.01668064244006928
25,2397.19,0.016359014016006767
25,2401.56,0.016049423295953602
25,2405.94,0.01570720208698731
25,2410.31,0.015325272860745826
25,2414.6899999999996,0.014870501174264063
25,2419.06,0.014322028835813398
25,2423.4399999999996,0.013912196042861069
25,2427.81,0.0136069972698715
25,2432.19,0.013232876289695241
25,2436.56,0.01270463338229547
25,2440.94,0.012266243308822027
25,2445.31,0.011786295627737219
25,2449.69,0.010814622634970874
25,2454.06,0.010198780538808024
25,2458.44,0.0101296939361481
25,2462.81,0.009885628573329086
25,2467.19,0.00934934348609204
25,2471.5600000000004,0.008439033956892671
27,402.188,-0.00036215905483032883
27,406.56199999999995,-0.000214437528804865
27,410.93800000000005,2.849918176252686e-05
27,415.313,0.00034778098641254475
27,419.68699999999995,0.0007078013881914557
27,424.06300000000005,0.0010842729357136704
27,428.438,0.0014647375579261279
27,432.813,0.0018275264643443734
27,437.18800000000005,0.002148069637514709
27,441.563,0.0024455689512296887
27,445.938,0.0027426716320178455
27,450.31300000000005,0.0030332089747048484
27,454.688,0.0032996456525643224
27,459.063,0.0035267190185959405
27,463.438,0.0037065950108967627
27,467.813,0.003850473999862061
27,472.187,0.0039790613778041
27,476.562,0.0041078389292306386
27,480.938,0.004256677585769922
27,485.313,0.0044710891812519546
27,489.688,0.004805016320678987
27,494.063,0.0053035996892231195
27,498.438,0.006055340082407383
27,502.812,0.007178624906954383
27,507.188,0.008735792509216935
27,511.563,0.01078872794751078
27,515.937,0.013428635432046577
27,520.313,0.01647387901689058
27,524.687,0.019482565126672853
27,529.062,0.022186251477032782
27,533.438,0.024416272067154524
27,537.813,0.026136259519917077
27,542.188,0.027451851426885696
27,546.563,0.028450596973416394
27,550.938,0.02911486307042651
27,555.312,0.029340053063060624
27,559.688,0.029037401934474474
27,564.063,0.02822562805318739
27,568.438,0.02699867802024528
27,572.813,0.025533344896612107
27,577.187,0.024115471499310388
27,581.562,0.02295200810111055
27,585.938,0.022073051038132688
27,590.313,0.021430095001896916
27,594.688,0.02098448918557665
27,599.063,0.020629372999437692
27,603.438,0.020185044476766053
27,607.812,0.019537017152979386
27,612.188,0.018721408817564223
27,616.563,0.017904329461123324
27,620.937,0.01727273756215709
27,625.312,0.016892900448583534
27,629.687,0.016654883100736696
27,634.063,0.016322354191543126
27,638.437,0.015692235036149214
27,642.813,0.01475841462372074
27,647.188,0.013699571442489287
27,651.563,0.012708736527570182
27,655.938,0.01178894695116469
27,660.313,0.010856712749709913
27,664.687,0.009985669012043558
27,669.063,0.009351838210143341
27,673.438,0.009111148251922713
27,677.813,0.009404070023483655
27,682.187,0.010544383708584064
27,686.562,0.013303977384232439
27,690.937,0.018697223713206767
27,695.312,0.02699497578862065
27,699.688,0.037722925636335274
27,704.063,0.0500136749016383
27,708.438,0.06251364098359773
27,712.813,0.07461926581330772
27,717.187,0.08729845536508947
27,721.563,0.10099083855864592
27,725.938,0.11393954003404361
27,730.313,0.12491877139778808
27,734.687,0.13346665884761022
27,739.063,0.13996373638045043
27,743.437,0.14496090844902937
27,747.812,0.14870228273213798
27,752.188,0.1513848430520011
27,756.563,0.1533541221366977
27,760.938,0.15520402332476807
27,765.313,0.15692176689459303
27,769.688,0.15796813895627565
27,774.063,0.15866553453663074
27,778.438,0.1592756712785922
27,782.813,0.15982324908036388
27,787.188,0.1603275257938367
27,791.563,0.16080983994834241
27,795.937,0.1612708752301114
27,800.312,0.16171015971318412
27,804.688,0.16212456153436505
27,809.063,0.16252322094260307
27,813.438,0.16294325937458778
27,817.813,0.16338197999331897
27,822.188,0.16375778839787017
27,826.5630000000001,0.16404692721765968
27,830.937,0.16429522577267563
27,835.313,0.16454680460992677
27,839.688,0.16482631040744308
27,844.063,0.16513392652057518
27,848.437,0.16546207463150495
27,852.812,0.16580618626525392
27,857.187,0.16614439260054495
27,861.563,0.16645796267912374
27,865.938,0.1667585886310553
27,870.313,0.16704944933313526
27,874.687,0.16732321463437982
27,879.063,0.1675825494271703
27,883.437,0.16782212688442086
27,887.813,0.16803637813718525
27,892.188,0.16824029906681973
27,896.562,0.1684573143371381
27,900.938,0.16866729077184572
27,905.312,0.1688246134275687
27,909.6880000000001,0.1689387630013516
27,914.062,0.16899962131486973
27,918.438,0.16897174527228345
27,922.813,0.16887069031072316
27,927.188,0.1687147444518632
27,931.563,0.16840591278014472
27,935.937,0.16759518169827062
27,940.312,0.1664082455242169
27,944.688,0.16511383525503334
27,949.063,0.1633866210951237
27,953.438,0.1614077503568842
27,957.812,0.1596256092232943
27,962.187,0.1584141690576507
27,966.562,0.1578001743477944
27,970.938,0.15757810128605343
27,975.313,0.15761125894932776
27,979.688,0.1578823041690339
27,984.063,0.1583930428995518
27,988.438,0.15916126276220893
27,992.812,0.16014226242230506
27,997.188,0.16119600670353976
27,1001.5600000000001,0.16226000932627357
27,1005.94,0.1633690560166724
27,1010.3100000000001,0.16452280290191992
27,1014.69,0.1656868289131671
27,1019.0600000000001,0.1668480800499674
27,1023.4399999999999,0.16799425664183218
27,1027.81,0.16909517146938013
27,1032.19,0.17012651232129428
27,1036.56,0.17108223420858848
27,1040.94,0.17195711757522075
27,1045.31,0.1727491717878729
27,1049.69,0.17346403976378497
27,1054.06,0.17409845456131734
27,1058.44,0.17464961205550936
27,1062.81,0.17512378108978738
27,1067.19,0.1755273805820616
27,1071.5600000000002,0.17585744816926308
27,1075.9399999999998,0.17610461417236364
27,1080.3100000000002,0.17626454013050533
27,1084.6899999999998,0.17633450713241472
27,1089.06,0.17631823975825683
27,1093.44,0.17622737300407607
27,1097.81,0.17606427159334997
27,1102.19,0.1758262202248443
27,1106.56,0.17553516480897088
27,1110.94,0.1752374212961877
27,1115.31,0.1749178697366733
27,1119.69,0.1743485446460545
27,1124.06,0.17277064749097917
27,1128.44,0.16973259988764766
27,1132.8100000000002,0.1661478620528942
27,1137.1899999999998,0.16273809092002922
27,1141.56,0.15940385931055062
27,1145.94,0.15476012349070514
27,1150.31,0.14973755952261855
27,1154.69,0.14664961470582058
27,1159.06,0.1450465064868331
27,1163.44,0.14415211279294454
27,1167.81,0.1436053014875506
27,1172.19,0.1432444869124447
27,1176.56,0.14297408972663106
27,1180.94,0.1427247127617011
27,1185.3100000000002,0.14247720409795875
27,1189.6899999999998,0.14228447163273814
27,1194.06,0.1422232533467468
27,1198.44,0.1423553634050768
27,1202.81,0.14270898060232867
27,1207.19,0.1432578544691205
27,1211.56,0.1439817443062202
27,1215.94,0.14485524705960415
27,1220.31,0.1458166708040517
27,1224.69,0.14682165653503035
27,1229.06,0.14781726934539619
27,1233.44,0.14875054994714446
27,1237.8100000000002,0.14960855432611425
27,1242.1899999999998,0.1504007569584064
27,1246.56,0.15113123519346117
27,1250.94,0.15178604443499352
27,1255.31,0.15234581924276427
27,1259.69,0.15280191674712115
27,1264.06,0.15313784170255532
27,1268.44,0.15330045988084748
27,1272.81,0.15324945660540834
27,1277.19,0.15300387290015352
27,1281.56,0.15257802182459274
27,1285.94,0.15197112828493117
27,1290.3100000000002,0.15116846773598808
27,1294.6899999999998,0.15012178535747808
27,1299.0600000000002,0.14879237751360053
27,1303.4399999999998,0.14716410933353472
27,1307.81,0.14520696324761956
27,1312.19,0.14286205982323735
27,1316.56,0.14014095902675763
27,1320.94,0.1372510737524135
27,1325.31,0.1343539238444646
27,1329.69,0.13111690767662368
27,1334.06,0.12725127416080795
27,1338.44,0.12388539592735469
27,1342.81,0.12162653535124264
27,1347.19,0.12008578315100749
27,1500.31,0.04539936083601788
27,1504.69,0.046789730592863635
27,1509.0600000000002,0.04824036033183802
27,1513.4399999999998,0.04969151541794417
27,1517.8100000000002,0.051199067498237126
27,1522.1899999999998,0.05269641996914288
27,1526.56,0.054170697462104726
27,1530.94,0.05565675513338647
27,1535.31,0.057127270013224915
27,1539.69,0.05858308347102138
27,1544.06,0.06003756467467611
27,1548.44,0.06146572016181381
27,1552.81,0.06285348876161151
27,1557.19,0.06421114200995362
27,1561.56,0.06551533669051424
27,1565.94,0.06677716075741046
27,1570.3100000000002,0.06805770204373403
27,1574.6899999999998,0.06934792390369694
27,1579.06,0.0705856535003113
27,1583.44,0.07177540849836078
27,1587.81,0.07295064652164002
27,1592.19,0.07411120397839113
27,1596.56,0.07523677449775278
27,1600.94,0.07634822898631682
27,1605.31,0.07744337749143597
27,1609.69,0.07849757453484926
27,1614.06,0.07949117848736932
27,1618.44,0.08040488397993613
27,1622.8100000000002,0.08125880548963323
27,1627.1899999999998,0.0820581238582963
27,1631.56,0.08278749955905368
27,1635.94,0.08344374419539236
27,1640.31,0.084028233740828
27,1644.69,0.08451532608582056
27,1649.06,0.08486638880465762
27,1653.44,0.08507264924104675
27,1657.81,0.08515431145598995
27,1662.19,0.08515144945631618
27,1666.56,0.08510187089588726
27,1670.94,0.08500856377082527
27,1675.3100000000002,0.08482846169688855
27,1679.6899999999998,0.08451843034446938
27,1684.06,0.08407835897509358
27,1688.44,0.08352636941301171
27,1692.81,0.08286611822637496
27,1697.19,0.08210420102986973
27,1701.56,0.08126866120030173
27,1705.94,0.08039509392619948
27,1710.31,0.0795194526250998
27,1714.69,0.07871056087198668
27,1719.06,0.07800217982730828
27,1723.44,0.07736685189127457
27,1727.8100000000002,0.07680901395680849
27,1732.1899999999998,0.0763130218963488
27,1736.5600000000002,0.07577728772448608
27,1740.9399999999998,0.07512939121399541
27,1745.31,0.07435221730440389
27,1749.69,0.07348889102984685
27,1754.06,0.0726301918149693
27,1758.44,0.07182641425431939
27,1762.81,0.07112253291255911
27,1767.19,0.07051943298778497
27,1771.56,0.07004449289757758
27,1775.94,0.06967583241523244
27,1780.31,0.06936410310489009
27,1784.69,0.06912124476861209
27,1789.0600000000002,0.06896525735442992
27,1999.06,0.02154910674232269
27,2003.4399999999998,0.02222142197912035
27,2007.8100000000002,0.023131327412338577
27,2012.1899999999998,0.023977450175680134
27,2016.5600000000002,0.024976700336119394
27,2020.94,0.025791340033465532
27,2025.3100000000002,0.026332624052884057
27,2029.69,0.026800312962623137
27,2034.0600000000002,0.02723344550009642
27,2038.44,0.02763489942299202
27,2042.8099999999997,0.02802577481881599
27,2047.19,0.02840182459607604
27,2051.56,0.028809266769094392
27,2055.94,0.029291461255343165
27,2060.31,0.029770832846188568
27,2064.69,0.030242932057517463
27,2069.06,0.0307384862284016
27,2073.44,0.03121211834895803
27,2077.81,0.03165191231810468
27,2082.19,0.032092502073974176
27,2086.56,0.03255363777887396
27,2090.9399999999996,0.033010943503759334
27,2095.31,0.033451277796157225
27,2099.69,0.033900503421472196
27,2104.06,0.03435794253595304
27,2108.44,0.03480070448487822
27,2112.81,0.03523746063845465
27,2117.19,0.03567993545082573
27,2121.56,0.03612789561288082
27,2125.94,0.03655522762099281
27,2130.31,0.036939568570815026
27,2134.69,0.037293561467522524
27,2139.0600000000004,0.03763772665100987
27,2143.44,0.03797059766278835
27,2147.8100000000004,0.038302785955311267
27,2152.19,0.03865289639157709
27,2156.56,0.038994456132058986
27,2160.94,0.039310135311679914
27,2165.31,0.03961890864156885
27,2169.69,0.03991635568178026
27,2174.06,0.04019857361738104
27,2178.44,0.040473733494291085
27,2182.81,0.04075071655825013
27,2187.19,0.04101988665701356
27,2191.56,0.041244029072695414
27,2195.9399999999996,0.041434705608407965
27,2200.31,0.04162871273932978
27,2204.6899999999996,0.041827714669634586
27,2209.06,0.042001440936874135
27,2213.44,0.04212162518757395
27,2217.81,0.04218689050438115
27,2222.19,0.042187078345159536
27,2226.56,0.04206442355498439
27,2230.94,0.04175335217150859
27,2235.31,0.04125097319920314
27,2239.69,0.04061235459026648
27,2244.06,0.03988318451476516
27,2248.44,0.03908679609783576
27,2252.8100000000004,0.038249478138022826
27,2257.19,0.03738232614748995
27,2261.56,0.03650563403993146
27,2265.94,0.03566103336721426
27,2270.31,0.034875324949698555
27,2274.69,0.0341435577354423
27,2279.06,0.03344629401392012
27,2283.44,0.032766312728545015
27,2287.81,0.032089855238882595
27,2292.19,0.031385926885704976
27,2296.56,0.0306577345007463
27,2300.94,0.029988315161353966
27,2305.31,0.029446969270939007
27,2309.6899999999996,0.02904570437662187
27,2314.06,0.02874044507931103
27,2318.44,0.028449220188049365
27,2322.81,0.028117942226235756
27,2327.19,0.02774361270639929
27,2331.56,0.02733341424529499
27,2335.94,0.026911177670699546
27,2340.31,0.02651729432439197
27,2344.69,0.026206898722278993
27,2349.06,0.026000765991872187
27,2353.44,0.02586387194333838
27,2357.8100000000004,0.025770114481713336
27,2362.19,0.025679141518587585
27,2366.5600000000004,0.025553055680097712
27,2370.94,0.025374692299101297
27,2375.31,0.02517437269736547
27,2379.69,0.0249378356113084
27,2384.06,0.02458524558967838
27,2388.44,0.024149803734139823
27,2392.81,0.023738149797381994
27,2397.19,0.02336567000074865
27,2401.56,0.02300547419877432
27,2405.94,0.022605994102850673
27,2410.31,0.02216795672698936
27,2414.6899999999996,0.021647898173378054
27,2419.06,0.02099838814885061
27,2423.4399999999996,0.020501571940167197
27,2427.81,0.020137796038361556
27,2432.19,0.019703035745424133
27,2436.56,0.019088833159198657
27,2440.94,0.018580667658579842
27,2445.31,0.018050382737874314
27,2449.69,0.0169716246025564
27,2454.06,0.016213232357567903
27,2458.44,0.016078237795579754
27,2462.81,0.01579898542197043
27,2467.19,0.015235406935813671
27,2471.5600000000004,0.01429283877099806
30,402.188,-0.0015357962537291313
30,406.56199999999995,-0.0013846802245922162
30,410.93800000000005,-0.0011372786619176622
30,415.313,-0.000812180368375266
30,419.68699999999995,-0.00044526212848722935
30,424.06300000000005,-6.136988252364973e-05
30,428.438,0.0003281472817980102
30,432.813,0.0006996273686127097
30,437.18800000000005,0.001023298564223296
30,441.563,0.0013160166464282952
30,445.938,0.0016006390261236448
30,450.31300000000005,0.0018743395312867505
30,454.688,0.002123440437953832
30,459.063,0.0023340797086711974
30,463.438,0.0024983198164591157
30,467.813,0.0026270581242215487
30,472.187,0.0027406150031220023
30,476.562,0.0028540837200853276
30,480.938,0.0029864843502650728
30,485.313,0.00317975013272644
30,489.688,0.003484043616276722
30,494.063,0.003943633582192661
30,498.438,0.004646120939287357
30,502.812,0.005709833246855851
30,507.188,0.007203329367175684
30,511.563,0.009194174879903585
30,515.937,0.01177476947445939
30,520.313,0.014765389248150313
30,524.687,0.01772390627745153
30,529.062,0.020375066316173616
30,533.438,0.022545307732289074
30,537.813,0.024199133265719864
30,542.188,0.025448203473260947
30,546.563,0.026389355097453517
30,550.938,0.027008232228674843
30,555.312,0.027193064201035212
30,559.688,0.02684644955605563
30,564.063,0.02598593756905757
30,568.438,0.024711402109142
30,572.813,0.023206743716182244
30,577.187,0.021760291123500794
30,581.562,0.02057571167989522
30,585.938,0.01967870524571481
30,590.313,0.019018631223407283
30,594.688,0.018558365824828796
30,599.063,0.01819187304150546
30,603.438,0.0177376082542105
30,607.812,0.017080052992255953
30,612.188,0.016255298584364936
30,616.563,0.015429234112889389
30,620.937,0.01478686088557879
30,625.312,0.014392051809159057
30,629.687,0.014135801613738294
30,634.063,0.013787857869010623
30,638.437,0.013151772991532197
30,642.813,0.012224652181060235
30,647.188,0.011183355068201308
30,651.563,0.010217022358899612
30,655.938,0.009329449926610778
30,660.313,0.008441068506836019
30,664.687,0.007620716090573296
30,669.063,0.007030816086562482
30,673.438,0.00681154896958219
30,677.813,0.007088569803181599
30,682.187,0.008158460215022388
30,686.562,0.010778366225931677
30,690.937,0.015991166398914628
30,695.312,0.02416080800713644
30,699.688,0.03488967508208589
30,704.063,0.047317439857361025
30,708.438,0.06004183906588878
30,712.813,0.07240270520793274
30,717.187,0.0853457238827832
30,721.563,0.09927966752322391
30,725.938,0.11237065677647479
30,730.313,0.1233612813448417
30,734.687,0.1318316884993692
30,739.063,0.1382245872131898
30,743.437,0.14312670883547982
30,747.812,0.14679079508408904
30,752.188,0.1494141110376222
30,756.563,0.15133605746785178
30,760.938,0.15313740600831807
30,765.313,0.15482392803183756
30,769.688,0.15586587368394247
30,774.063,0.15655403933022172
30,778.438,0.15713962441659532
30,782.813,0.1576511691394262
30,787.188,0.15811273221857847
30,791.563,0.15854989830055274
30,795.937,0.15896508455392905
30,800.312,0.1593569551000837
30,804.688,0.15972245718818157
30,809.063,0.1600679671729449
30,813.438,0.16042423246544785
30,817.813,0.16079154687584377
30,822.188,0.16110204820288346
30,826.5630000000001,0.16133243842166847
30,830.937,0.16152324228780343
30,835.313,0.16172082718345338
30,839.688,0.1619509163184557
30,844.063,0.16221053543151356
30,848.437,0.16248802668065765
30,852.812,0.16277634651050904
30,857.187,0.1630569775251206
30,861.563,0.16331434958963656
30,865.938,0.16355724563123658
30,870.313,0.1637886169902049
30,874.687,0.16400400710175744
30,879.063,0.16420395324006676
30,883.437,0.1643814638722688
30,887.813,0.16453232508385554
30,892.188,0.164670260126004
30,896.562,0.16481207862030714
30,900.938,0.164941132835811
30,905.312,0.16502741390373557
30,909.6880000000001,0.1650737281923648
30,914.062,0.16506102604907938
30,918.438,0.16496318366960622
30,922.813,0.16480366154341028
30,927.188,0.16459815205656925
30,931.563,0.16423253454966472
30,935.937,0.16331047582207248
30,940.312,0.16198963851900772
30,944.688,0.16059840053319932
30,949.063,0.1587729722855147
30,953.438,0.15668934047804214
30,957.812,0.15480443848646247
30,962.187,0.15350065767299384
30,966.562,0.15281669220188632
30,970.938,0.15254538795212283
30,975.313,0.15253653445979581
30,979.688,0.1527676535618957
30,984.063,0.15322603143402375
30,988.438,0.15389688448281957
30,992.812,0.15474415053729898
30,997.188,0.15568374765338377
30,1001.5600000000001,0.1566703201632481
30,1005.94,0.15771964182378725
30,1010.3100000000001,0.15882272819057108
30,1014.69,0.15994219149812125
30,1019.0600000000001,0.16106063974206336
30,1023.4399999999999,0.1621654196199961
30,1027.81,0.16322621720726602
30,1032.19,0.16421607101685368
30,1036.56,0.16512639878550545
30,1040.94,0.16595219400478528
30,1045.31,0.16669337743660434
30,1049.69,0.1673573548614513
30,1054.06,0.16794220520881936
30,1058.44,0.16844575802679174
30,1062.81,0.16887219984200783
30,1067.19,0.1692237358330749
30,1071.5600000000002,0.16949477357091383
30,1075.9399999999998,0.16967789794900454
30,1080.3100000000002,0.16977140445611438
30,1084.6899999999998,0.1697738260636106
30,1089.06,0.16968910325900652
30,1093.44,0.16952742922701872
30,1097.81,0.16929279299336486
30,1102.19,0.16898881459026596
30,1106.56,0.16864247830584644
30,1110.94,0.16829785495996474
30,1115.31,0.16792736664880067
30,1119.69,0.16727356159011833
30,1124.06,0.16553916078875772
30,1128.44,0.16232679665088653
30,1132.8100000000002,0.15862472662469373
30,1137.1899999999998,0.15513561378931626
30,1141.56,0.15174609415000304
30,1145.94,0.14705780821153894
30,1150.31,0.14201137943658979
30,1154.69,0.13891921002301388
30,1159.06,0.13730884090531617
30,1163.44,0.13639334246516227
30,1167.81,0.13580923750414514
30,1172.19,0.1353968887834344
30,1176.56,0.1350655991875101
30,1180.94,0.13475226976210253
30,1185.3100000000002,0.134444689421216
30,1189.6899999999998,0.13420205280999653
30,1194.06,0.13409844460431486
30,1198.44,0.1341852153558284
30,1202.81,0.13448638075729832
30,1207.19,0.13498138800263404
30,1211.56,0.13565417950507253
30,1215.94,0.13647956716129556
30,1220.31,0.13739220160059631
30,1224.69,0.1383426233555656
30,1229.06,0.13927998789120466
30,1233.44,0.14015569999348373
30,1237.8100000000002,0.14095639238134028
30,1242.1899999999998,0.14169070165720768
30,1246.56,0.14236360678216442
30,1250.94,0.1429609517811332
30,1255.31,0.14346218949183823
30,1259.69,0.14385828836588188
30,1264.06,0.14413482536096126
30,1268.44,0.14424419285729528
30,1272.81,0.1441517760429997
30,1277.19,0.14387469696695918
30,1281.56,0.1434219895314891
30,1285.94,0.14279238028451802
30,1290.3100000000002,0.14197228825069033
30,1294.6899999999998,0.14091251431731508
30,1299.0600000000002,0.1395737238950096
30,1303.4399999999998,0.13794266423210502
30,1307.81,0.1359919875487685
30,1312.19,0.13366164663108066
30,1316.56,0.13095841644331813
30,1320.94,0.12808311531785876
30,1325.31,0.1251924380508717
30,1329.69,0.12195511715952306
30,1334.06,0.11809234205982648
30,1338.44,0.1147409662755672
30,1342.81,0.11250354087445885
30,1347.19,0.11098514499142766
30,1500.31,0.036810448232863564
30,1504.69,0.03815477695286972
30,1509.0600000000002,0.03955625114176655
30,1513.4399999999998,0.040957387046073566
30,1517.8100000000002,0.04241265578166349
30,1522.1899999999998,0.043857990248216086
30,1526.56,0.045280694921530085
30,1530.94,0.04671501583463396
30,1535.31,0.04813541911862558
30,1539.69,0.04954260916238127
30,1544.06,0.0509484459149644
30,1548.44,0.052328600133914736
30,1552.81,0.053669632215751335
30,1557.19,0.05498144657627563
30,1561.56,0.056241232058528115
30,1565.94,0.05745902565700817
30,1570.3100000000002,0.05869378670486185
30,1574.6899999999998,0.05993835545075171
30,1579.06,0.061133975585980806
30,1583.44,0.06228404012429564
30,1587.81,0.06341975163311872
30,1592.19,0.0645403865029948
30,1596.56,0.06562530406983569
30,1600.94,0.06669388134396285
30,1605.31,0.06774518785765395
30,1609.69,0.06875780352274888
30,1614.06,0.0697136254637735
30,1618.44,0.07059270275960444
30,1622.8100000000002,0.0714126159940497
30,1627.1899999999998,0.07217813812632812
30,1631.56,0.07287483250867809
30,1635.94,0.07350042285775998
30,1640.31,0.07405684910627315
30,1644.69,0.07451919622486457
30,1649.06,0.07484851577057271
30,1653.44,0.07503363868338056
30,1657.81,0.07509336857445305
30,1662.19,0.07506811837665736
30,1666.56,0.07499734463868662
30,1670.94,0.07488710978504969
30,1675.3100000000002,0.07469673722109292
30,1679.6899999999998,0.07438358831976075
30,1684.06,0.07394686076673679
30,1688.44,0.07340396128682186
30,1692.81,0.07275734841852682
30,1697.19,0.07201093581883469
30,1701.56,0.071189998195332
30,1705.94,0.0703291345902835
30,1710.31,0.06946496291406219
30,1714.69,0.06866651407763129
30,1719.06,0.06796740202902583
30,1723.44,0.06734103738941485
30,1727.8100000000002,0.06679214700998273
30,1732.1899999999998,0.06630550720466999
30,1736.5600000000002,0.06578128043212927
30,1740.9399999999998,0.06514914404804585
30,1745.31,0.06439365110622021
30,1749.69,0.06355677846222534
30,1754.06,0.06272527017383255
30,1758.44,0.06194603150652256
30,1762.81,0.06126179089580546
30,1767.19,0.06067358125532337
30,1771.56,0.06020822894242883
30,1775.94,0.0598445932471077
30,1780.31,0.05953503456807084
30,1784.69,0.05929134133528351
30,1789.0600000000002,0.059132510555803035
30,1999.06,0.014202659045722613
30,2003.4399999999998,0.014838721826672554
30,2007.8100000000002,0.0156532072672303
30,2012.1899999999998,0.016360087899265637
30,2016.5600000000002,0.017180695408194425
30,2020.94,0.01786625732362154
30,2025.3100000000002,0.01833485710543755
30,2029.69,0.018746269640491846
30,2034.0600000000002,0.019133328410129026
30,2038.44,0.019499721944912382
30,2042.8099999999997,0.019862481108484643
30,2047.19,0.020211195051124377
30,2051.56,0.02058307270623118
30,2055.94,0.02101701120231155
30,2060.31,0.021444959637410648
30,2064.69,0.02186799679507999
30,2069.06,0.022317542320561188
30,2073.44,0.02275153431328363
30,2077.81,0.02315425243851678
30,2082.19,0.02355247355763822
30,2086.56,0.023964936243246485
30,2090.9399999999996,0.024377099262419506
30,2095.31,0.024781758149547386
30,2099.69,0.025196637680492132
30,2104.06,0.025616270901300597
30,2108.44,0.02602141147151997
30,2112.81,0.026420842167681258
30,2117.19,0.02682414260072619
30,2121.56,0.027231661199730296
30,2125.94,0.02762721581813821
30,2130.31,0.027995453465628088
30,2134.69,0.028340446942602283
30,2139.0600000000004,0.028676701434524148
30,2143.44,0.029007232771546113
30,2147.8100000000004,0.029344164416834247
30,2152.19,0.029703804157470586
30,2156.56,0.030059650937619153
30,2160.94,0.030394176153495208
30,2165.31,0.030725803217937938
30,2169.69,0.031046023269882424
30,2174.06,0.03134885526087601
30,2178.44,0.03164298830670305
30,2182.81,0.0319372444608598
30,2187.19,0.03222601028275676
30,2191.56,0.03247484896448441
30,2195.9399999999996,0.032691786454233804
30,2200.31,0.032904107908834704
30,2204.6899999999996,0.03310444004338933
30,2209.06,0.03326983222126728
30,2213.44,0.033383524684468285
30,2217.81,0.03343913023389177
30,2222.19,0.03342138466075994
30,2226.56,0.03329063247598242
30,2230.94,0.03300308379664784
30,2235.31,0.03255222292704275
30,2239.69,0.03197214018233353
30,2244.06,0.03129600253887475
30,2248.44,0.030547343827493023
30,2252.8100000000004,0.029756483797682448
30,2257.19,0.028937125730881235
30,2261.56,0.028108938968653092
30,2265.94,0.027307505073695212
30,2270.31,0.02655655557053251
30,2274.69,0.025858657017806763
30,2279.06,0.02520069682323083
30,2283.44,0.024560569404347917
30,2287.81,0.02391905190545003
30,2292.19,0.023252203550746343
30,2296.56,0.022572055319542414
30,2300.94,0.02196013010085153
30,2305.31,0.021476373497607712
30,2309.6899999999996,0.021127403170976323
30,2314.06,0.02087457136557532
30,2318.44,0.020641173982611463
30,2322.81,0.020364465668224058
30,2327.19,0.020035904753199104
30,2331.56,0.019666718987609785
30,2335.94,0.01927359009448992
30,2340.31,0.018885176365220104
30,2344.69,0.018558275235263863
30,2349.06,0.018317773436592688
30,2353.44,0.018128546052685122
30,2357.8100000000004,0.017980134728568374
30,2362.19,0.017843874115242214
30,2366.5600000000004,0.017679552782356042
30,2370.94,0.017468361946885124
30,2375.31,0.0172452067226277
30,2379.69,0.017003076880232584
30,2384.06,0.016673202197271166
30,2388.44,0.016287200686269897
30,2392.81,0.015930214674162925
30,2397.19,0.015607793475974177
30,2401.56,0.015299629642177024
30,2405.94,0.014960819233128576
30,2410.31,0.014581530712330277
30,2414.6899999999996,0.014131077105466829
30,2419.06,0.013590649914667664
30,2423.4399999999996,0.013185475416757981
30,2427.81,0.01288174250149524
30,2432.19,0.012508770701176673
30,2436.56,0.011982058959065399
30,2440.94,0.011543175373376471
30,2445.31,0.011058597196079063
30,2449.69,0.010090855092093988
30,2454.06,0.009499335667901504
30,2458.44,0.009436584853597196
30,2462.81,0.009181162127561038
30,2467.19,0.008625394349343764
30,2471.5600000000004,0.007699225933829439
