species_richness,pixel_index,CHA_local,CHA_global,SAM_local_rad,SAM_global_rad,SAM_local_deg,SAM_global_deg,SID_local,SID_global
3,0,0.9330496047715262,0.8695401538168227,0.0829829872615544,0.037059385305713476,4.75457494147494,2.1233463693665224,0.025587311941605177,0.015304623408960525
3,1,0.7058941843876754,0.623332126592541,0.09218919754824073,0.023225389166468397,5.282051936211991,1.330716776787504,0.03205047328011263,0.002870541139568388
3,2,0.8247920332975986,0.7613614387376761,0.12230926883472767,0.20523566604125174,7.007804899560868,11.759137469720157,0.18590323573056086,0.32261225629047363
3,3,0.8020443079552406,0.7285797924541096,0.06926881411973727,0.02495013726251609,3.9688107009371505,1.4295375634142613,0.01507649037094453,0.0025893057788841612
3,4,0.7069066892012885,0.6270304882397227,0.035591810010615975,0.10792764052302792,2.039260498839769,6.183798294774617,0.009324378507703606,0.04665617166818305
3,5,0.938960658941142,0.8742089397559529,0.12097812332160753,0.04661960453952668,6.931535879741308,2.6711065826838127,0.06276494432376478,0.01660639327245729
3,6,0.8172417600941652,0.7559813897452774,0.10916317518481933,0.19285235010697188,6.254589216337388,11.049625730308819,0.1595121058808631,0.27131477144285465
3,7,0.6952185031449043,0.6175016508361436,0.06428457540395731,0.1444516716779645,3.683234858437253,8.276471130756812,0.14522086943150722,0.2502146815118098
3,8,0.8322024481857268,0.7621580493032187,0.06718562740374946,0.030406582530520275,3.849452894173331,1.7421688484150304,0.009769412619060048,0.0056475072391564685
3,9,0.8739353764921967,0.8081344281213267,0.07393710456529043,0.019830948281315344,4.2362840410085925,1.1362296402615828,0.017418819430911177,0.0019341687275287274
3,10,0.8043410889298298,0.7382962771365537,0.021433766058811494,0.10096500602125634,1.2280643342406508,5.784868723530932,0.002775900607480208,0.02467747143391657
3,11,0.7052869488171835,0.6245930434716614,0.05724319732719441,0.04944841506625614,3.2797936126827945,2.83318548690759,0.020296764014689373,0.014575984013212789
3,12,0.8153448514394981,0.7339408127673739,0.12516408695616593,0.06883907507444291,7.171373929196746,3.944188467349802,0.04940205206751401,0.03356809487600873
3,13,0.7553888068289987,0.6837896466485394,0.04458717963727188,0.0987032536386433,2.5546572136073236,5.655279857703547,0.039213077679104556,0.08511313271296962
3,14,0.8290904665749362,0.76278611931986,0.032684629313121084,0.08734488310663369,1.872691314591413,5.004493164073633,0.006183636007168649,0.02979610540086812
3,15,0.896899992823827,0.8412332132960518,0.018505289255362857,0.10092131761660543,1.0602749730010816,5.782365562330775,0.0023722930064812853,0.03148531070052828
3,16,0.8797795794484082,0.8195802944885596,0.04462675885493308,0.117031316188505,2.55692493573574,6.705400488462405,0.0214870446223956,0.051314037834983305
3,17,0.7951861815338079,0.7292795194813474,0.08732959334005372,0.1721691181185377,5.00361712497886,9.864563830681563,0.04780465255746461,0.12717408048228865
3,18,0.6747252300706293,0.5890042434313532,0.11505390909780387,0.04904296106502232,6.592103407785987,2.8099546838502,0.05632062831772711,0.014245949387315784
3,19,0.7748071233208573,0.7032414928169516,0.039520861769524934,0.08037356380154605,2.264378582113705,4.605065990254037,0.007749142776938137,0.026839723770831596
3,20,1.07381705026389,1.0215373819292464,0.09091256743561875,0.038949583935261746,5.20890641875944,2.2316467732810503,0.052221609020763046,0.01576304490078717
3,21,0.7321620827793361,0.6573591999618941,0.08188419017092667,0.16342125582773637,4.691618505640717,9.363348241657002,0.10378489578636668,0.2073253472931713
3,22,0.6167462115710066,0.5175785287554203,0.11247805031810731,0.1577770805718678,6.444517571087656,9.03996082066356,0.49820808599940014,0.6353811897187581
3,23,0.6676947372523029,0.5816610492681619,0.03805871755631269,0.07133023804001111,2.180603889657167,4.086921591356154,0.005977445470961466,0.023459722849678108
3,24,0.8048237171738933,0.7361169310940746,0.034846674412943465,0.08554824091252558,1.9965673739281762,4.901553149056114,0.012159226606612266,0.026569633067702533
3,25,1.079991068427935,1.033657286269476,0.03819513724026994,0.07805741989931922,2.188420161790426,4.472360719911479,0.011684642761866466,0.010092490891814056
3,26,0.8406796862338939,0.770057879528431,0.08581311564977062,0.026490663692609967,4.916729353599892,1.5178032260869958,0.030070348433937397,0.005532919911868154
3,27,0.6907452166244059,0.6091666984094318,0.04550166975834897,0.06494550097616424,2.607053637951448,3.721103104296979,0.006012426910533322,0.024123938931347774
3,28,0.723175059057204,0.6465364746109432,0.01515785986476047,0.08718809658603456,0.8684813967015158,4.995509958158761,0.0019276037443935004,0.028113878072660227
3,29,0.6923136192066212,0.6116864319854022,0.026136155979812066,0.06639816393913946,1.4974914303388402,3.804334561130428,0.0023025276852807527,0.016527825511761685
3,30,0.72035382803959,0.6391454931734093,0.11396513283578037,0.04792761792646926,6.52972112313801,2.7460502293022344,0.040815357213795915,0.006822171915756189
3,31,0.6870463635552186,0.6080150199139491,0.09020353354625744,0.17066252335094706,5.168281769367291,9.778242309062126,0.2602972773339732,0.40760996990259657
3,32,1.110817004515272,1.0646871750908606,0.035255357879066924,0.11144698826827577,2.019983211693828,6.385442067216201,0.009990318156677062,0.04848272150521976
3,33,0.8248882264845195,0.762456575872666,0.10762234027988056,0.19220887375968762,6.166305879357955,11.012757251392937,0.13426689450171564,0.2492741757910701
3,34,0.7559723670038091,0.6831591499313678,0.02356351565158787,0.1008851735483509,1.350089997326443,5.780294659765358,0.004420059533217866,0.03811486441942652
3,35,0.7855081206603336,0.7118693182919343,0.0542582945811188,0.03378181354914191,3.108771283075652,1.935555340663692,0.007885924075481353,0.0033566733266487438
3,36,0.6922632461037852,0.611516388040702,0.030336132051884353,0.10163304051343164,1.7381323333245156,5.823144280501742,0.033811518906302754,0.07844540252408963
3,37,0.7538294306732769,0.6805677152220605,0.03397841732682438,0.07947082781482942,1.9468199073612256,4.553343028200596,0.006600179080750002,0.03316346402398959
3,38,0.9264184899915986,0.8708823006906683,0.13574427259016017,0.22061969416714305,7.7775739124895615,12.640577353244282,0.1583893976277813,0.2846324391404941
3,39,0.7781250608460942,0.7099268718807975,0.08289356040007166,0.16460347774943654,4.749451159736878,9.431084568218267,0.16252148192848237,0.28415424683084956
3,40,0.8035895799650209,0.700385234415939,0.5353833725037266,0.45564325443642706,30.67520766594394,26.106435442812792,0.5460912792443431,0.35635360106277403
3,41,0.7336787321803214,0.6576680159192557,0.061682625564765184,0.04443342647116023,3.534154114146801,2.5458478061023517,0.02830163101588174,0.01388069503405126
3,42,1.0352639063465952,0.9862317426104914,0.04490566135932522,0.12965590127027518,2.5729048721330385,7.428735931751657,0.008182001772440491,0.052583816680912415
3,43,0.8276414999943423,0.7628631923052084,0.013857567973127611,0.08417146020112436,0.7939801591758707,4.822669424977805,0.0018096936189700703,0.022135054180021423
3,44,0.7732851649027883,0.691970183687426,0.12020615194012187,0.04354418165786794,6.8873051776772956,2.494897831346805,0.05054758496582278,0.010798883336179434
3,45,0.7025715588530329,0.6228358650002364,0.024128477087002317,0.09132040471516141,1.3824599031633436,5.232273773605331,0.012657381700052848,0.04245845544805512
3,46,0.8055308006465111,0.7396788252516744,0.01386625821389922,0.09643545114120475,0.7944780732950364,5.5253443458310905,0.0006207205855172371,0.024176148486975503
3,47,0.8327399052935228,0.7546152345967209,0.16864896396980553,0.09304519231207758,9.662873854723742,5.33109682346514,0.0808639784117313,0.026667465459279803
3,48,0.9268182368885074,0.8709443333703049,0.03992969068242129,0.12253886469899845,2.287802753365588,7.020959773577243,0.011343750148280554,0.05814467805222279
3,49,0.7318470443018837,0.6558133703016822,0.04735341677562214,0.12952459089887527,2.7131509267671396,7.421212401664147,0.02160045822491673,0.07649299822426159
3,50,0.7718431757704355,0.7005909239867044,0.04373627573117294,0.12481360132111627,2.505904011016658,7.1512925815284385,0.019199776634336585,0.0690643635969661
3,51,0.6442741215269449,0.5572983945600148,0.11086929874880587,0.19106599318982292,6.352342895881635,10.947275018252183,0.3660560546193754,0.5516810559848222
3,52,0.8844825682271273,0.8233500305705416,0.03426681677085454,0.06788149218709104,1.9633439783180733,3.8893230093705884,0.008357382513296378,0.014938051717726282
3,53,0.8595782927405402,0.7959749502808596,0.036263347835376984,0.08672217426943017,2.077736781981971,4.968814575836372,0.01851121710767957,0.031816999663481615
3,54,0.8992223592254386,0.8414685154056927,0.043437611470164325,0.1281384103926376,2.488791809369471,7.34179010901342,0.006407270818118434,0.0480366113598026
3,55,0.6877610442642275,0.6014747081264907,0.08714644128174928,0.0317802457167157,4.993123285028882,1.8208739514565215,0.0289482837187316,0.00443930137248807
3,56,0.7538378183868139,0.677728057458411,0.07257928429027408,0.052845084122564535,4.158486669912863,3.027800288236745,0.030578728379825518,0.016423953431827933
3,57,0.7169628690288927,0.6391308415748299,0.023948456407551166,0.09152903495548619,1.3721454780057152,5.244227405854741,0.029395401858685107,0.06512974560893718
3,58,0.7095599812947755,0.6314105688615548,0.07508955159775327,0.15620554396385203,4.302314392081089,8.949918405673953,0.14098590937298125,0.24983421082702578
3,59,0.9031681460075024,0.8478722121781342,0.031545646547553034,0.10800942710568742,1.8074324091862253,6.188484320781804,0.015935457254824637,0.043764788885284775
3,60,0.8010788179116501,0.7160096574551497,0.20885583808617927,0.12849668832177052,11.96655804900575,7.362317922245424,0.12794315705792228,0.048690882051186705
3,61,1.151381505622804,1.108738014338146,0.09189103365476402,0.15740880706110397,5.2649684035125865,9.018860302790328,0.029134637454764644,0.06044801904589442
3,62,0.8556472397371867,0.7943403678627858,0.029716995041214302,0.06326500791227319,1.7026583956727754,3.624817944235013,0.004550990296363236,0.012930517875740392
3,63,1.115188308567705,1.0739925422048944,0.10101079082708693,0.1856430944869788,5.787491999670851,10.636565809852247,0.04010049874721383,0.11325471260656675
3,64,0.7752174209135732,0.7044095107497079,0.019625126647607467,0.09781710074213956,1.124436929317634,5.60450703673059,0.00406547684716144,0.035568503160459064
3,65,0.7335175957697471,0.6610493521355261,0.09490652955783394,0.17897743605158392,5.437743591897483,10.254651713828343,0.09936465587694504,0.20167310165405994
3,66,0.6870457839339389,0.6043039062358135,0.02882299784158339,0.1046785132268865,1.6514361292374096,5.99763701360496,0.030303915529109923,0.07234110795743265
3,67,0.8177431995513463,0.7540976114114983,0.15764575750631843,0.24195649035416,9.032436563254864,13.863085723091181,0.44628754011680716,0.678646684061161
3,68,0.997795558666462,0.9467714929620321,0.06856531329332875,0.15224303226205294,3.928503072699977,8.722883208889664,0.027163890395071888,0.08433016465803717
3,69,0.878915999120501,0.8191143755411384,0.05325109591919963,0.13446094585492352,3.05106305061646,7.704044706824199,0.015268451480332124,0.05451503444999278
3,70,0.798660423012828,0.7320928827779581,0.03268203445286274,0.11196502184376748,1.8725426400501837,6.415123204737948,0.011344941928396118,0.05553713999967975
3,71,0.7309133468803753,0.6554446402791225,0.023235468195899375,0.09134574435254612,1.3312942626354873,5.233725627881867,0.004608781884281188,0.0315080168196127
3,72,0.8232893109710422,0.753773318928691,0.08451168619263004,0.07436784433241565,4.842162938371734,4.260963611733316,0.03589166591001447,0.01603320846291005
3,73,0.7022293073889836,0.6243994008057071,0.08648099944963854,0.16261461902426294,4.954996276537483,9.317131357218052,0.18363771206245677,0.31632511605933306
3,74,0.9274341426386683,0.871960625018994,0.030566372451139023,0.10443543337714409,1.7513241364752152,5.983709564130046,0.002824126672795332,0.02621150139680012
3,75,0.82321427645987,0.7582930117021417,0.047008453327711225,0.1302867753551253,2.6933859771155633,7.464882354217748,0.013638895890582335,0.0644907504344
3,76,0.6563892037722621,0.5702177711150077,0.04042183235347178,0.10635441591249048,2.3160003940392966,6.093659164364708,0.09851343317092653,0.16543071249596086
3,77,0.795723164364748,0.7275889100948427,0.029497377314216658,0.10912997273538978,1.690075226809554,6.252686856115578,0.006856413973532028,0.044283415838032206
3,78,1.1510987659469345,1.1083872708767295,0.03481570151905257,0.11741506887447659,1.9947927578289213,6.727387897745386,0.011608675849624894,0.04321831446612462
3,79,0.6452068968782416,0.5581549086991475,0.07797930050345954,0.15065356885360678,4.4678848082306075,8.63181366389522,0.2844136268434966,0.45297034032313876
3,80,1.1219880087478686,1.0771152029916815,0.03663892595658077,0.11754331861520684,2.0992558232044005,6.734736066612876,0.013477850871406745,0.04838265469807494
3,81,0.7566662068014427,0.6850431299895194,0.04503110164847576,0.1287353848572225,2.580092071282265,7.375994226311217,0.01019657941564012,0.05620728760417944
3,82,0.8044665728592997,0.7359142081157181,0.045515581962970494,0.058097210478482895,2.607850748559984,3.328724961900292,0.012085982282144133,0.008939614063104569
3,83,0.9679958025621128,0.9157112028651947,0.06670000344926148,0.1519366562267069,3.8216286911507162,8.705329155120385,0.016975531655831266,0.07325570164015498
3,84,0.7065542156133903,0.6178762343894478,0.1015674947006792,0.041209498486918135,5.819388782066273,2.361130339151161,0.017537707686099024,0.006777665974527454
3,85,0.7472291827628312,0.6630448854586171,0.14623086834028154,0.06845420529512919,8.378411590431341,3.9221370533329947,0.07695055100763955,0.0215218254520527
3,86,0.6970178567855376,0.61768733919434,0.021894519714615965,0.09747835511794788,1.2544635741134704,5.585098342135882,0.03354029736836283,0.06895578813330616
3,87,0.704690867830113,0.6250217735608592,0.055628415947005565,0.050339653716886895,3.1872734547616632,2.8842497001276666,0.009826117158060291,0.012869737001943299
3,88,0.7354531288656199,0.6630436963555566,0.11673000813238621,0.1997536490827637,6.688136808513507,11.445041034779647,0.2449912617706276,0.4040226912616106
3,89,1.472955172760119,1.4461695974828415,0.13280067991983988,0.2175608623831247,7.608918475874565,12.465319201779558,0.08304179127071998,0.18054741066118032
3,90,0.8480499287110678,0.7876772667368228,0.04882482457630893,0.12915715732037683,2.7974563836891195,7.400160008364797,0.027515394493586372,0.08701215799583696
3,91,0.7167004689889587,0.6310138699367182,0.12365132343555105,0.053964516454066684,7.084698964064162,3.091939036282308,0.0546376161281894,0.011790943117928804
3,92,0.6677919457820942,0.5837809500669074,0.03570658453001547,0.10896004220907626,2.0458365943970023,6.242950554147377,0.07071018916140626,0.13056987729627273
3,93,0.7128961387085233,0.6190719932218928,0.23043351914680946,0.1491438063997479,13.202868105459228,8.545310647221791,0.14571846417821174,0.05911154068260799
3,94,0.9252599295540671,0.8585570339356825,0.15070591682936083,0.09011458243737881,8.634812981971981,5.163185246245537,0.0906526477352167,0.03515900786742098
3,95,0.6784294061561267,0.5964448491748514,0.059737570619139375,0.13691512984824233,3.4227106748413942,7.8446590917899295,0.12558225501802447,0.22136045618059866
3,96,0.9026926485100797,0.8428520218105333,0.039646044726010854,0.061516607422703234,2.271551037187318,3.524641975284048,0.008629934304260076,0.013760485507905637
3,97,0.9108520463311255,0.8555344258971661,0.03963111964001078,0.12247068322388317,2.270695892750644,7.01705326281216,0.010171840187115432,0.0567205507596928
3,98,0.9604017454393553,0.9090884412559967,0.08332513624847245,0.1681971559261987,4.7741786343900205,9.636987160675007,0.033505755014829844,0.10046273440742527
3,99,0.8239117964314814,0.7548215701808928,0.06149738100710623,0.10395371731985861,3.5235403828151752,5.956109267123906,0.03233240992934734,0.07676766942515836
3,100,0.6957349498335018,0.6034466992939099,0.15524914138998436,0.07188780879469253,8.895120574675886,4.118868042379323,0.057264338288630756,0.012621175670966524
3,101,0.8218455533020826,0.7561293032434836,0.029225322505195817,0.10329034932818353,1.6744876344564223,5.918101080936854,0.007361177669323303,0.0354601021823443
3,102,0.740014403532281,0.6659391212875977,0.04766476011137822,0.12802886011642955,2.730989585885488,7.335513340542207,0.027147547976726437,0.08642055118213826
3,103,0.9529128235140727,0.9006128916169969,0.09597670946288969,0.18066274650055522,5.499060383776889,10.351212889723698,0.07698447457989659,0.1634209945858186
3,104,0.6528398138607423,0.5687436821610581,0.15935292811687507,0.24101852115559866,9.13025023414853,13.809344046700348,0.6031883602943898,0.891108243452854
3,105,0.9303107676041833,0.8804741990808406,0.06444786760715272,0.1481845774022988,3.692590812507743,8.490350874081393,0.03425042357493121,0.08478215054162208
3,106,0.9051018641446525,0.8495641215266047,0.05286408464859415,0.13793249328160231,3.0288889381867703,7.902949722752395,0.01651472214744791,0.06943040831864927
3,107,0.6840074473056084,0.6021955310729868,0.02564602368374071,0.08952253287353244,1.469408918370895,5.129263304974579,0.01425528869346159,0.04821918487631306
3,108,1.0271622844232036,0.9837042769715264,0.12030297187217191,0.2050497385452859,6.892852551156507,11.74848460890588,0.06691963433309815,0.16060292216194028
3,109,1.1210946142767464,1.0823949004710933,0.0892026577006626,0.1738479505382487,5.1109358075981195,9.960753842840738,0.029871200324480797,0.0960256382355128
3,110,1.0753789744653628,1.0295631966299277,0.050194349675530915,0.13487612248439323,2.8759243918117745,7.72783257544528,0.012127816828632045,0.06084183586671331
3,111,1.176520279446364,1.139595771395546,0.07052923622991407,0.15504718807342024,4.041027568255254,8.883549501978093,0.02844847755831411,0.09500724672903375
3,112,0.9113394169381167,0.8572526819540472,0.09870155400009431,0.18077446910730072,5.655182475587992,10.357614123566414,0.15146983864712454,0.27278606661508886
3,113,0.8578362521442103,0.7975524396398673,0.1047141795187595,0.18912336466316856,5.999680541600165,10.835970602513171,0.08245077871791133,0.16919228473215714
3,114,0.8269219324903535,0.762639330256523,0.04636855006075042,0.13105057756256755,2.656722220622076,7.5086449970869635,0.009589272491889712,0.056327288876983295
3,115,0.7034502275946647,0.6240232862464646,0.03676882801113829,0.11288504390407778,2.106698662680625,6.467836585852658,0.013360983845447622,0.058412896194881436
3,116,0.7335844380780866,0.6564711665369642,0.06367221874441108,0.047834312555882275,3.6481494062885242,2.740704225361696,0.038423436010995266,0.02237193915977646
3,117,0.9556171205902813,0.9018436909739922,0.016187902721252256,0.09135363402266905,0.9274985050960947,5.234177672681661,0.0076344523594974924,0.027600337249501485
3,118,0.742312577150652,0.6683796796597938,0.019291242228994015,0.10050057266388705,1.1053067612859038,5.758258652288581,0.004109996002062733,0.036952073370238966
3,119,0.7720763043210068,0.6843545738907199,0.22864129438508624,0.151345796654023,13.100181190673649,8.671475395320694,0.1379087125400557,0.0596400075974587
3,120,0.6856185586167497,0.6044679101349626,0.03266689927383441,0.0802827400060064,1.8716754581696855,4.5998621700902556,0.015011940062114454,0.04687979577106376
3,121,0.933715948433712,0.870906823852741,0.11006476771502928,0.04361170994793576,6.306246663158939,2.4987669173654266,0.07157088956591726,0.025214869798365742
3,122,0.741320921815384,0.6693674741590872,0.0657934939015818,0.14927262609436834,3.7696895199803575,8.552691472041706,0.08749879181440708,0.16829238730937074
3,123,0.7785186236978938,0.7091520742932075,0.026888548641067368,0.09757588391167184,1.5406003543653852,5.590686330397267,0.015114315732977933,0.055686269010840825
3,124,0.8478348695822139,0.7872070538704181,0.08365230283035698,0.16865959463936017,4.792923898729725,9.663482947222622,0.037817670472116066,0.11136819955378802
3,125,0.7851392437605139,0.7156776419553956,0.0596782232871675,0.1393004351717669,3.4193103231940443,7.981327019677974,0.03372165476769486,0.0981035164561068
3,126,0.8315638699827423,0.7661502345371428,0.05853077776339236,0.05993456039626523,3.3535665374605506,3.4339973576779284,0.03946880154030463,0.031060500132612
3,127,0.70424311033362,0.6268603210076827,0.10206148710534357,0.1845282969938749,5.84769246196506,10.572692618485629,0.2900705383486293,0.4728816095874224
3,128,0.9209231050982711,0.8644931103199407,0.059626005166659314,0.1426066160047788,3.4163184452748196,8.170757227716603,0.01767403539806823,0.07020865930564994
3,129,0.7720513170218255,0.7012399747309088,0.09536782870434209,0.17927385908263768,5.464174086085388,10.2716355024582,0.16024539251527264,0.2830934319689098
3,130,0.8808405401591675,0.822400844899083,0.029275984688828242,0.11316973637300869,1.677390363759477,6.4841482627815585,0.004539407664959472,0.04172524255549604
3,131,1.327911512186727,1.293299088364778,0.06392859846629324,0.14813470835147607,3.6628388823051106,8.487493587940929,0.02156108894490659,0.06791588499360211
3,132,0.7635478096799431,0.6935863663941086,0.10342970774678625,0.18859783313159997,5.9260857301624075,10.805859863753245,0.09151402891591265,0.18819036129713854
3,133,0.7601497848346765,0.6890318792352387,0.0460880463189182,0.12968484244738307,2.6406505400774622,7.43039413905408,0.0223919625931769,0.07660916778298725
3,134,0.7210835927212093,0.6449245014754392,0.02259735336584472,0.0917406210215298,1.2947329760286477,5.2563503944428165,0.004326233767495228,0.03591306784174673
3,135,0.820391927860189,0.7306347688686488,0.31936247234337267,0.24004188401981733,18.29812180013873,13.753386860704332,0.25320187830983354,0.13285655207702163
3,136,0.6606746504148632,0.556120144541678,0.2730711411701713,0.1923864457586661,15.64582389587191,11.022931377494103,0.19293197224778297,0.11642181479276625
3,137,0.7842199119032761,0.7148994542062892,0.03340612191115932,0.11419892123448601,1.9140297954089325,6.543116211682966,0.00576439057141357,0.042077741250334075
3,138,0.7485491398582135,0.676787465029964,0.0408928769129781,0.12223348457390788,2.3429892592616075,7.0034627812623755,0.02566434027442616,0.08214750146586641
3,139,0.8388904785363487,0.7776721070084449,0.04880608067440251,0.1293935061774298,2.7963824372182744,7.413701800366674,0.01926366292882526,0.06946923225609664
3,140,0.7650174672203556,0.6860294281774793,0.08429338478604902,0.043968038798894736,4.829655189112873,2.519183056644122,0.029991479763781498,0.00817039321630182
3,141,0.7614038987455708,0.6887413274534566,0.03663748208925818,0.11857325335982896,2.0991730957006394,6.793746980653608,0.012336308059316025,0.05674884302402609
3,142,0.6332130085094838,0.5429923435063407,0.07288503294937378,0.14958360441217688,4.17600477767106,8.570509217172216,0.23647425788724624,0.37207982667023215
3,143,0.7685489539737772,0.6993482528834266,0.04173611530793572,0.12410857023425094,2.391303260416065,7.1108972758255335,0.029682637367014684,0.08465541477549209
3,144,0.8697353329259101,0.8115262209685463,0.08480064430123604,0.16967705464507668,4.858719018450941,9.721779111373534,0.08397529883994533,0.1754198293177121
3,145,0.8528257807685112,0.7916194908717596,0.05716363125579137,0.13999388464199028,3.2752348125989634,8.021058747627357,0.018086449942924653,0.07288867980875828
3,146,0.8700661973490638,0.8122859880882725,0.04254578376231811,0.12601277696325805,2.4376938456570563,7.220000284718052,0.01574194039838765,0.05759298258169954
3,147,1.0481257178224073,0.999730803034103,0.05691604273241521,0.14162650155445006,3.2610490351536336,8.114600806272982,0.015264836294171434,0.06922503384281786
3,148,0.7167569889296416,0.6439938056350862,0.1760221956189381,0.2554122187886711,10.085328909591322,14.634042172662841,1.4830576000853044,2.0768610223288113
3,149,1.2497125945493885,1.2136747865688235,0.08366565281333131,0.16854076618460695,4.793688796410726,9.656674578279201,0.036419991569319896,0.09669840690546312
3,150,0.7483105794901851,0.6735513450823912,0.04569822872683574,0.06249218518531652,2.618315637271185,3.5805384636686046,0.012739384485584766,0.016889596324462013
3,151,0.8701368975314804,0.8099685798116537,0.025830641108799304,0.10206439311624493,1.4799867176513253,5.847858964124927,0.004723726875545682,0.023884913303956215
3,152,0.8189561876718574,0.7542039704465119,0.040001143682417466,0.10805201589002063,2.291896708698917,6.190924478378689,0.021677922765003323,0.0384726804191991
3,153,0.7978513493952479,0.7321673711645386,0.0814724819882472,0.16535017769098562,4.668029364382183,9.473867323431696,0.08789792722839798,0.19093299280638157
3,154,0.7580227647275986,0.685231791988858,0.05180947418380843,0.1321962197129037,2.9684642095242184,7.574285457133518,0.04335512272195016,0.11086118026080605
3,155,0.6469563257535488,0.5588217886622339,0.05848473389638827,0.12856804327841045,3.3509284182087544,7.366406260108231,0.1661712949356384,0.26810587956124743
3,156,0.679280859317384,0.596664912784594,0.022071143867490754,0.07483369973052102,1.2645833926332692,4.287655159908141,0.01714823872921898,0.040425902732934074
3,157,0.7252275732001225,0.6497680118339567,0.0722536748524106,0.15501930066154618,4.139830623353659,8.881951670976166,0.12524864757257465,0.23150922123137213
3,158,0.7901209424750519,0.7179826792893046,0.048099312459044044,0.06332050317178499,2.755887601384241,3.6279975883880224,0.01229113831379629,0.012832545540987957
3,159,0.7623096996953272,0.679153617647356,0.1457697880461297,0.06550904124432623,8.35199363555979,3.7533915832483316,0.08539427058505174,0.02770539554393568
3,160,1.080459202648085,1.0253306198095826,0.06859099874099212,0.05472810332621164,3.9299747404459913,3.1356893413478093,0.020147120392263067,0.014808919953777429
3,161,0.8484969245262831,0.783736413685422,0.03789178094467278,0.06979927280428969,2.171039126363986,3.999203744768065,0.01411509633367027,0.01977865347071829
3,162,0.8189392896795452,0.7551275514458863,0.051945372797125834,0.13624538242787249,2.9762506265089863,7.806285391262962,0.01129733154612033,0.06008129411815451
3,163,0.782208143379804,0.7143513400875002,0.025251546664784488,0.08958483424632784,1.4468070500698014,5.132832910693626,0.006378338657567308,0.036434574249555776
3,164,0.7967957836542137,0.7317027702545451,0.04683932541358177,0.13122068593284894,2.6836956614380942,7.518391488763936,0.026862383751377002,0.07782912938979453
3,165,0.8077399398407515,0.7439910614332396,0.05497557075344499,0.13778440912613268,3.149868180495241,7.894465125631226,0.025516696140779282,0.08668645109211846
3,166,1.208249514828872,1.1692981118910133,0.04796035660987757,0.13128970002755944,2.7479260176883455,7.522345705117764,0.02620969862326796,0.06231209244594335
3,167,0.68726127143574,0.6059125401827288,0.026008445345114782,0.10891951796076818,1.490174149971749,6.240628685751384,0.008813835022931751,0.04451278377679108
3,168,0.9791748608790701,0.929437461513374,0.12024027292731874,0.2049186835553568,6.889260166236497,11.740975711098812,0.15866304527984657,0.2911097477239694
3,169,0.7592548695139836,0.6871870959158055,0.028414741643923245,0.08052313844890431,1.6280447721514246,4.6136359862698235,0.010354746740013548,0.025168626595677084
3,170,1.077725702863918,1.032861471581525,0.09794779406052245,0.1807978047772896,5.611995212284489,10.358951158968887,0.03383167963745117,0.09684328147265887
3,171,0.8755322595080862,0.8135894870588949,0.040784825611135014,0.08156088316730277,2.3367983756951047,4.673094378846047,0.022865605887058243,0.02943510070270998
3,172,0.9718935665194813,0.9224511964104374,0.08147201333811958,0.1658605079115582,4.668002512707802,9.503107091228486,0.039398557233502066,0.11273792480536952
3,173,0.7615031980607714,0.6900567894056983,0.019681289804148985,0.08850737357103472,1.1276548411515954,5.071098961408015,0.003248023369184472,0.03234598339038119
3,174,0.9143327205694001,0.8581389720864341,0.041934551741174275,0.1265697554369193,2.4026728305422638,7.251912800538482,0.010231825587011814,0.05372042366740154
3,175,0.7353000450041952,0.6621909653521615,0.11416542939935972,0.19740041404576616,6.541197270882082,11.310210598957378,0.25258599371547963,0.41015044583863836
3,176,0.8305862750317443,0.745415114545697,0.2809283920295243,0.20075989666491617,16.096011208688378,11.502694774382228,0.2122014808009804,0.10271040039596628
3,177,0.8894155464737211,0.8313230191337471,0.016717795023892174,0.08900661359552584,0.9578590976338308,5.099703307775363,0.0019223853872913318,0.026956159925867466
3,178,0.7335526482093632,0.6564214182275118,0.02712650626400775,0.08571831978387237,1.5542343218628347,4.911297950568634,0.003913747406986321,0.029372376878046967
3,179,0.8303513107587142,0.7575721530586355,0.08239187720316121,0.12804275486288422,4.720706829901279,7.336309450871464,0.19154827239005728,0.2813632403839815
3,180,0.6949327187026096,0.60458471892937,0.13334849215705305,0.05382451825886356,7.640305805032499,3.08391773055772,0.046784357631106,0.00790771893515482
3,181,0.7273457791613877,0.6519893566844173,0.03684910056110558,0.06288107379488832,2.1112979410045036,3.60282013969778,0.02856141070883315,0.048464912926694755
3,182,1.0003177905102656,0.9520790836100925,0.059273815379360294,0.13929809200866453,3.3961394568749754,7.981192766321497,0.007092750897905176,0.040736330349126715
3,183,0.7159607675439759,0.6371935417406469,0.03807532138232878,0.07381718539144509,2.181555218811659,4.22941317846456,0.005227772772976695,0.020115708039195004
3,184,0.9035308013422649,0.8468515401111181,0.08891876046686274,0.17370464609309533,5.094669694285948,9.952543102947986,0.07056929389332117,0.15978358112375257
3,185,0.731017174789158,0.6363965507926738,0.26650955996214426,0.18655163120918888,15.26987298571961,10.688621129567533,0.19874531931060851,0.09508113471711968
3,186,0.7483825128575237,0.6762241848815413,0.0748582439961208,0.15415780055443407,4.289061442738256,8.832591350788574,0.14396601598898928,0.24190259456455315
3,187,0.9157841579865851,0.8597099732702712,0.08394407790838541,0.167383436857588,4.809641379267855,9.590364492334299,0.08158119049647383,0.17034688368335954
3,188,0.6946225483187588,0.6029511732100996,0.16394611089977876,0.08063546121420612,9.393420222141065,4.6200716066648555,0.06129963272987654,0.012390941931427084
3,189,0.7267717156388248,0.6491720670221093,0.042279173041234124,0.05561942210834534,2.4224181765660044,3.186758145764811,0.007254275299525933,0.008560947042655292
3,190,0.7121210526144904,0.6334836443886073,0.027282294843217772,0.1022187008116596,1.5631603499479083,5.8567001438185775,0.005412766976691821,0.038951403208946515
3,191,0.7829308127436971,0.7146264274043701,0.02546552239756124,0.10157819934797009,1.4590669564761285,5.820002113177217,0.011087156724032108,0.049157766333906956
3,192,0.7954350423058908,0.7297480259627102,0.07954788113072919,0.16200510930764403,4.557757857999142,9.282209022883572,0.16717525831782248,0.2896036660055421
3,193,0.7734336907264886,0.703936049457534,0.019594017232902015,0.10027790391218479,1.1226544911518892,5.745500672586595,0.007314612159281602,0.0428020432119596
3,194,0.7527768912282783,0.6794803355479481,0.03314077137536273,0.10278277482337445,1.898826329616253,5.889019204022851,0.010752633098373938,0.0433815900777445
3,195,0.6478556691746599,0.5408910442571232,0.32521746549168323,0.24423170722029114,18.63358819661494,13.993446046997477,0.25138827614473985,0.15553920077263866
3,196,0.9721615749808179,0.9202911698686564,0.038866609441078594,0.1210752456403808,2.226892684957123,6.93710057870354,0.010235399490690304,0.05548982766886937
3,197,0.815912175215763,0.7506482121867855,0.04157251753803562,0.12656706248999675,2.381929798663037,7.251758506045365,0.006043009805121135,0.04771896935451565
3,198,0.7577761511749834,0.6889018229558747,0.04861914948688915,0.1295858411530179,2.78567206911439,7.424721782720624,0.013893483289816318,0.06240696269210627
3,199,0.7523809875531642,0.6556932628935093,0.31734167215384224,0.2343176150107829,18.1823384780394,13.425410405689126,0.220636868123708,0.10845408970058543
3,200,0.8791324738193097,0.8186466913965985,0.034685938175812905,0.11577518829066914,1.9873578659257811,6.63342966138777,0.009824111885149683,0.05386154754080442
3,201,0.8306117293553936,0.7687424334370615,0.03463863532644224,0.10946796377966693,1.984647612297899,6.272052316465878,0.009876415881088892,0.05221473059423111
3,202,0.8175499617638119,0.7499953379635116,0.03764405004523544,0.08933069650035008,2.1568451913712465,5.118271890434133,0.012326234810219635,0.03349286140486995
3,203,0.769206409814747,0.6995286163771299,0.03885860148889151,0.12210208043667992,2.2264338630942606,6.995933878788655,0.012027157394767087,0.05903915784853435
3,204,0.6673965277618646,0.5842036596472369,0.07768144706724718,0.16111846756478232,4.45081906342217,9.231408193077474,0.12941589992459396,0.2284776723998117
3,205,0.8063788873217419,0.7423827238576595,0.01957156631730425,0.0978774254195097,1.1213681484419329,5.6079633861443865,0.0025078117254730727,0.03211287643176127
3,206,1.3563191196802689,1.321178681778287,0.07160256988862856,0.15449990145725975,4.10252505690893,8.852192288688101,0.03274902683464029,0.07344181153412482
3,207,0.7326013845583541,0.6600927343632259,0.11629317521717325,0.19888385353007018,6.663108126119408,11.395205420571061,0.3798078821450581,0.5869081270035659
3,208,0.7839443221015067,0.7168973643338702,0.028583101127938937,0.10717347831631852,1.637691060026524,6.140587983261895,0.0075833259074587125,0.04807268062287302
3,209,1.040717843069039,0.9935326420678361,0.07509865413226716,0.1597269374671195,4.302835928891608,9.151679391415966,0.050157019484911275,0.12221083396131942
3,210,0.7571686490651369,0.6780598972693482,0.07311088010929571,0.024012080451125486,4.188944866749603,1.37579086717808,0.019089833613164214,0.0016135097963098366
3,211,0.6901007530711313,0.5907008540988233,0.22141153932854013,0.14571190443667775,12.68594673902019,8.348677149035211,0.16332239779132396,0.10574592124649612
3,212,0.682727272539936,0.5995625831990342,0.04681401371761412,0.12288502394896146,2.68224540808683,7.040793237639536,0.054227119142857494,0.11245394726809955
3,213,0.7518716152247044,0.6785695851430205,0.03773246586961705,0.055261441584829506,2.161911044950483,3.1662473726194698,0.0034569984680948122,0.011478414409358942
3,214,0.853088582963073,0.7916117424414143,0.05024013845870791,0.1349236791289304,2.878547895836856,7.730557370465064,0.022364191671254044,0.07742723670656473
3,215,0.8012710792752701,0.7322437404151128,0.019236657755251185,0.09121021731984288,1.102179301313497,5.22596050089804,0.0016223162914922014,0.025828311690733775
3,216,0.6966929529129192,0.6165761489745234,0.019592958602958125,0.07766287873624315,1.1225938361240382,4.449755176423038,0.00452630122171583,0.02797971700953547
3,217,0.6171037487757102,0.5237424831782217,0.08416243851597607,0.15381588193886056,4.822152520494712,8.813000857179256,0.29997284614486686,0.44258062843990226
3,218,0.8510296917372594,0.7858773753003623,0.04307468273693254,0.0872514343068428,2.46799752469126,4.999138942245052,0.015344663785596489,0.031176570207422996
3,219,0.7710797761365116,0.6974879116771825,0.07515260841089016,0.025988794138885468,4.305927281343379,1.4890482187924678,0.024445875693530208,0.004049352877003061
3,220,0.8495000993267529,0.7800606523208959,0.06697011656415212,0.08569541511515703,3.8371050326250824,4.9099856097201,0.018752413443822558,0.051821132096087394
3,221,0.9513688395783787,0.8979463690422674,0.03370739658705599,0.10973696761283443,1.9312915628119836,6.287465100779217,0.023152949554778594,0.04420463194073748
3,222,0.8204877550094809,0.733914612428671,0.26981255015016486,0.19172386546642858,15.459120383266313,10.98496832316035,0.1765528422800975,0.08361977369200137
3,223,0.7682592960596359,0.7012944227125605,0.09614059620242033,0.17968398703392402,5.508450402270155,10.295134103127253,0.17992162192148609,0.31214874314680296
3,224,0.7636868799028246,0.6926545472706962,0.05117903314051326,0.13041897355084106,2.932342598511581,7.472456752891505,0.0375848959578229,0.10314106754860192
3,225,0.6671280725427186,0.5833845524809469,0.06187499035647039,0.13923811132135266,3.5451758048384225,7.977756126086234,0.16711463462358353,0.2730294927077114
3,226,0.8475854346394329,0.784475541877952,0.029247931090081357,0.10724671474868532,1.675783010951127,6.144784121743108,0.006338456940846605,0.038603821671098076
3,227,0.8393841311468665,0.7758387269000357,0.03233782065634611,0.11620843318715207,1.8528206422596059,6.658252765451824,0.006690674322751479,0.047766511743897164
3,228,0.9516327511485276,0.887465532683363,0.13055842215909635,0.06538463854424952,7.480446569603506,3.746263833573904,0.0810556245954297,0.02718176544364656
3,229,1.0100360729010636,0.9659088589550545,0.12108443317020098,0.2058850160896824,6.9376269853863874,11.79634248692185,0.06635507425391687,0.16017203998417073
3,230,0.7468630848328204,0.6725357485193678,0.033255987161009845,0.07174388869529746,1.9054277078671167,4.110622028096883,0.006800104722567711,0.01838310698802543
3,231,0.7032421740069733,0.6268867229693766,0.07066678062625645,0.15154747208679314,4.048908281661347,8.683030546449897,0.08173900576891707,0.17823461221611625
3,232,1.0093657131753493,0.9610826555985478,0.07354523947981155,0.15865908944130608,4.21383182547212,9.09049620637548,0.02723958090974722,0.09366175515585405
3,233,0.8909183361594452,0.831001867052397,0.03293232876195931,0.10216789549374623,1.88688344759756,5.853789213525321,0.011010116918668333,0.035494746875843156
3,234,0.8197818836347458,0.7494346659875988,0.04923064362262574,0.042053831145284694,2.820708102289097,2.409507036980626,0.010002177072809506,0.004571206148469328
3,235,0.7113475031517283,0.6327770357197621,0.03836865184599272,0.06182622261485955,2.1983618163822176,3.542381619067737,0.0054640924599482,0.014694599736475793
3,236,0.872817204963424,0.8132484395060976,0.06977153375574548,0.153589932910269,3.9976144143587735,8.800054931455879,0.02841486015000389,0.09477957242779544
3,237,0.9043496209829474,0.8472422605176206,0.03983602769575745,0.12344819773655491,2.2824362595331595,7.073060718801038,0.00455014599016736,0.040568603474019096
3,238,0.8283257028101715,0.7634176333655397,0.05409430729076838,0.13368277787157065,3.099375503444787,7.6594589656258725,0.02018909611787563,0.07318952057131842
3,239,0.6627963812606122,0.5746007544828496,0.0758847871258312,0.02306024199116234,4.347878031558812,1.3212545406439598,0.02037950679932582,0.007748081299582843
3,240,0.9339720637193741,0.8708999494610281,0.07120094754169562,0.07544013149339468,4.079513791471533,4.322401140483479,0.025835383640021886,0.016959127182021964
3,241,0.7458780812734961,0.6736855877493436,0.09824966007701683,0.18200307388240253,5.629290861008043,10.428007991869368,0.2035075752163058,0.35243976513802366
3,242,0.7658838468198808,0.6950206488835485,0.0691897597675758,0.15162884483273745,3.964281220206157,8.687692861359897,0.08245130831814856,0.17940898939387295
3,243,1.0549474385276632,1.006042293299482,0.03407960033310542,0.08660930908139178,1.9526172665795751,4.962347876907822,0.031697956103695385,0.036996956015078436
3,244,0.8840950897088441,0.8238925548832299,0.02126753611917503,0.1044386907964491,1.218540060270767,5.983896200508328,0.0021677697004300455,0.032444789736202545
3,245,0.6352862899002477,0.5431001064520439,0.04954103972740603,0.08284219204507597,2.8384924890703083,4.746507969795095,0.026236247857187554,0.06206917317559438
3,246,1.0549244253962513,1.0073954576767954,0.04537560918818927,0.12967808196427685,2.5998308993182846,7.430006791904624,0.00983760929735858,0.053584993210362176
3,247,0.7082227508659682,0.6283122948325108,0.024069228155079867,0.09234713228873181,1.3790651894235293,5.291100930280623,0.0069382845167,0.03522890738577028
3,248,0.7663403063728544,0.6953528637186795,0.05926762975303259,0.14373421053879779,3.395785046592753,8.235363635517912,0.02805835187516693,0.08842199285659982
3,249,0.6759215989421753,0.5942771977764285,0.03797607792628334,0.12237702321632123,2.1758689876359627,7.011686939669698,0.009289644969073935,0.05267256214784023
3,250,0.9797664136396885,0.9304991795156556,0.04328463978130954,0.12755801282114904,2.480027177213103,7.308535777727483,0.010970496138293241,0.058295715348195415
3,251,0.7954884589631044,0.7233809574206018,0.04620144345931623,0.08189757073549886,2.6471477176311224,4.692385155518206,0.04429683157854823,0.06013801872544547
3,252,0.9294327549835373,0.8673978111568904,0.06507924755593106,0.052998621730399396,3.7287662188419275,3.0365973451622175,0.019974395520833417,0.007620037799110324
3,253,0.818256831843641,0.7543120461103002,0.10189655767549428,0.18662128786934418,5.8382427017171965,10.692612162209409,0.09467229773371985,0.19063068894781623
3,254,0.9466724535616413,0.8913287176307174,0.04210131673036842,0.10372380923322999,2.412227760593633,5.942936504084158,0.023724688799787834,0.044304135747331386
3,255,0.7953233762898035,0.7255415837205237,0.06132183775954339,0.03262395868477739,3.5134824956078043,1.8692151436469124,0.02330792458868103,0.005737561592718028
3,256,0.7882040031252063,0.7214125701639822,0.010490398788792555,0.08569210713882153,0.6010555760069641,4.909796076637346,0.010864220688987026,0.02365035545769449
3,257,0.9116621976681406,0.8532052696246653,0.02070741100404593,0.09686214519213708,1.1864472551745902,5.5497921140928534,0.0029565493347981885,0.03239543969253183
3,258,0.7509718268921989,0.676598057788478,0.0367328051252708,0.10736956897046343,2.1046347033545363,6.151823150146358,0.011772712262997077,0.04981466880494794
3,259,1.0567227057572857,1.0109129789317999,0.015347825495802579,0.09482022551001544,0.8793656256127679,5.4327987342025885,0.0016017899370903213,0.025525309996167395
3,260,0.9096306859480354,0.8468821886968606,0.0481004007912892,0.0768448621643471,2.7559499582285967,4.402886279281634,0.008841379295835727,0.02991999793466446
3,261,0.7965227255921417,0.7293271275520008,0.07415189545191397,0.15904945636700837,4.2485906522899946,9.11286258367972,0.026801624071070583,0.09185739880697925
3,262,0.6559426218114308,0.5719804772329679,0.13802792360655167,0.22106332933625297,7.908417477609555,12.665995776077853,0.6200930033282678,0.9393733858194137
3,263,0.6169678431050353,0.5216779502804026,0.05729488572509286,0.0802277711561372,3.2827551397321684,4.596712686988063,0.04645830856196945,0.08333845591119844
3,264,0.7459464360917747,0.6709332494074427,0.03708233482069051,0.07187217666024232,2.1246612797165785,4.117972387050545,0.006095713018895027,0.02077456163372423
3,265,0.7887145284040465,0.725007926338719,0.13821450458957701,0.22153897482151677,7.9191077804743095,12.693248254927921,0.3379729424025125,0.5330946400333004
3,266,0.8506096841370792,0.7910947327638072,0.02762952437671516,0.10540201660744364,1.5830551367396053,6.039090703774332,0.009965469658993807,0.044814585401926635
3,267,0.9589188967833522,0.9054345155572125,0.08226490330067958,0.16717261168505962,4.713431761180775,9.578285099733305,0.049021291898371504,0.12544216798498353
3,268,0.7656201511163122,0.6934458734096186,0.04073564552534987,0.10800028557734706,2.3339805643435247,6.187960549789602,0.012351343972364079,0.04890226208024545
3,269,0.8053518615772502,0.7389012298005562,0.02297875790067553,0.07307110101690538,1.3165858461616036,4.1866656926427765,0.009520649248693844,0.020363020275359786
3,270,1.0923085412246492,1.0482083391533474,0.04167504519159113,0.12455548538905437,2.387804200495147,7.1365036279962055,0.01742345041806412,0.05714599309103385
3,271,0.7337581379799957,0.6593632780526988,0.02542218053554554,0.10472815026295322,1.4565836507063905,6.000481006279122,0.01777715699833962,0.056884288215056596
3,272,0.7876053543179382,0.7203988636613678,0.0346686683754621,0.11071120306954231,1.9863683792526463,6.343284680700579,0.014514991962541485,0.06066922904337676
3,273,0.8572707404346155,0.7970691527177823,0.03864056168939776,0.12327542841118724,2.21394110281739,7.0631617656281485,0.005456598431564222,0.04539920565065674
3,274,0.7121780286086573,0.6338657058685906,0.029723944974989893,0.09884617294393308,1.7030565975460121,5.663468530707593,0.007782305120232223,0.0410895743234054
3,275,0.8204983686160194,0.7572239710115111,0.05337227764085789,0.13823883033998313,3.0580062518216073,7.920501543306068,0.009480985436170895,0.05620332749421707
3,276,0.9236622886871368,0.868980165616298,0.09668294363568576,0.1812431755324897,5.539524621226017,10.384469023560406,0.06260085256232903,0.15031243657227095
3,277,0.8960753086801336,0.8301170161772305,0.0913276865706017,0.03109532616767401,5.232690993189085,1.7816309519904292,0.051291030244921314,0.014893667881699284
3,278,0.8385188677041022,0.771852205668564,0.0650453463795786,0.04561304959890726,3.7268238245164027,2.6134352327382784,0.02671788450368369,0.013703962922864361
3,279,0.8048855048888073,0.7388881365045936,0.034832185846784526,0.06430786184388311,1.995737240236073,3.6845690731648864,0.02031218016364341,0.02053860729810275
3,280,0.8412970242369137,0.7807625168205528,0.05993635477287666,0.1406445744539111,3.434100167884621,8.058340527622581,0.05610350958873925,0.12513328694350698
3,281,0.8606745348827342,0.8007397153096183,0.03938861971685234,0.12112370360129343,2.2568016706214187,6.939877015347644,0.008937418257757162,0.048571769558996794
3,282,0.6869519316346637,0.6058341969789831,0.029349418572749204,0.10724810770136532,1.6815978153814017,6.144863932052734,0.01925691919129828,0.061794237458162475
3,283,0.7742295816653064,0.7044404150280362,0.05363506497950348,0.13786513421187488,3.073062857235475,7.899090332345086,0.018742235999117653,0.07489150731707736
3,284,0.8573789826968757,0.7954186318513002,0.03493751217640658,0.06293234869117038,2.0017719943950203,3.605757974849713,0.01439366229914858,0.01123547781460977
3,285,1.0740491137228496,1.0240054254436766,0.05705522995610581,0.052405961008840214,3.2690238756332484,3.002640387133698,0.03385929955765146,0.02368689376091887
3,286,1.0303372355538216,0.9842128905876973,0.07567764870265037,0.15849162895382302,4.336009874135556,9.080901427207499,0.034024933234199126,0.10378599782283827
3,287,0.6585785758176791,0.5738682304862868,0.048327834839890886,0.12904679630081042,2.7689809693310465,7.393836787720882,0.07397442688442286,0.14962440216774292
3,288,0.7358837554630842,0.6625650965323581,0.02942576494006097,0.11172527402207211,1.6859721400095213,6.4013866664073475,0.03297026139585888,0.07396791740215747
3,289,1.4738833702235563,1.4432754868599398,0.20131867193794023,0.28526315372573946,11.534710239222777,16.344374759076477,0.6135482055125538,0.9243738446534608
3,290,0.7053264975039726,0.6258447630703872,0.04128549580279959,0.12259802901348363,2.365484664605491,7.0243496390950275,0.022005680593676368,0.07361254662754403
3,291,0.8277702000652346,0.7619258138381891,0.020540891469794875,0.07811060216313737,1.1769063886555207,4.47540783917321,0.0038372018834608827,0.018792625080641258
3,292,0.743800069903496,0.6712060479450166,0.017971884224362036,0.08652371233388999,1.0297131159536899,4.957443544535923,0.003000438426411001,0.030323367292349364
3,293,0.7093533822391528,0.6301776137549956,0.02822865308350961,0.06980582844805719,1.6173826830240579,3.9995793554879344,0.006259608294591094,0.02629141564608134
3,294,1.0982257115412297,1.053324627391085,0.03799137742944202,0.057967572899853256,2.1767455845956025,3.321297275778518,0.02039060571163077,0.013007872912964197
3,295,0.9447112052404761,0.8916177372330276,0.06749558146917473,0.15132228647284707,3.86721195396512,8.670128361163725,0.03409784086273213,0.10304625466863351
3,296,0.6522662918317741,0.5662341038924292,0.0661303545634893,0.1443429127987874,3.7889902141916405,8.27023970599539,0.13914889557755317,0.22410118106202875
3,297,0.7740681484644145,0.7038186180422041,0.016770676449946988,0.09068218087555924,0.9608889801614048,5.195706241211493,0.002284083549314521,0.02481263272604943
3,298,0.7401377788527106,0.6661931127254119,0.018381625700920848,0.09640554814321578,1.0531895732519683,5.523631030251535,0.0034496270970523664,0.03500521569793773
3,299,0.800299139205172,0.732957843603851,0.01831911765766055,0.09806495835891171,1.049608126187532,5.618708232091805,0.0017494138914284103,0.0241663802503653
3,300,0.7900106566119911,0.7181409036782737,0.04753502144402137,0.08480225260464755,2.7235561078062887,4.858811167448597,0.013313906729172374,0.03207526526780742
3,301,0.8039355944816121,0.7375912047899802,0.03950422742109441,0.11657803002794288,2.263425504153686,6.679429104550506,0.01931344333864243,0.06999718674658423
3,302,0.6801910156289969,0.5974668092665111,0.03352821000176404,0.10848405947653086,1.921024927729394,6.215678752451422,0.011614483439151365,0.053139968357925456
3,303,0.6984089011073706,0.6174294174057047,0.03864054198212374,0.1109337705522073,2.213939973673763,6.356036858114134,0.020667189530940776,0.06905615557741071
3,304,0.7785961886051361,0.7131706240863319,0.05055979489926884,0.1348044177988933,2.8968628607751716,7.7237241995948205,0.010574022023082906,0.05802660276127887
3,305,0.6728216831786913,0.5902818312673264,0.03262460051227732,0.11365774062852504,1.869251917653834,6.512108847007069,0.03378136909050823,0.07860487176806069
3,306,0.7710789157934025,0.7036149016129926,0.06671809726141728,0.14613595458852416,3.822665390222546,8.372973433037892,0.06557020799865315,0.14182545347702838
3,307,0.7431479708332891,0.6712136712142527,0.04541161457984311,0.12808689599839054,2.6018938562997653,7.338838551638891,0.04751887186784432,0.10835220473190507
3,308,0.8248171858183572,0.7600455490759153,0.09644526372056274,0.17948709335514648,5.525906565214441,10.283852926320495,0.05767059602743017,0.13082769435045244
3,309,0.6428571918663543,0.5549639075186313,0.07173143109687662,0.145543883083572,4.1099082602845,8.339050234634174,0.21077068665232068,0.34257162668575897
3,310,0.7364169586318641,0.6630757279340417,0.03411697650384734,0.11569218446505454,1.9547587634174473,6.628673892496613,0.014731306350359888,0.06165854130453616
3,311,0.7402061156053056,0.6672570303193939,0.07618373662098925,0.15899106083207273,4.365006575918935,9.109516765985498,0.10801051116902151,0.2107559900670135
3,312,0.7499959169203427,0.6782936866551472,0.03648382723893122,0.12102290696784769,2.09036932127519,6.934101793662076,0.006442043144978132,0.04802944636514257
3,313,0.7795334934963011,0.7101224878090405,0.05355896634312999,0.13462248079626904,3.068702726544573,7.71329997720719,0.029546532640391296,0.09136621228131728
3,314,0.8764993193178336,0.8078839754825841,0.10986254908445701,0.053250586990478625,6.294660389088233,3.0510338911486734,0.046652379902874026,0.01410867780904159
3,315,0.8535255308318188,0.780230222931702,0.11272252173171488,0.030443782440574448,6.458524751298966,1.7443002462594008,0.039965213659206765,0.0051283580105164605
3,316,0.7545892301634028,0.6825728144390628,0.03631220017938558,0.0728371312930788,2.0805358151129845,4.173260214933672,0.005637657354307384,0.0291276652315759
3,317,0.7277998206500005,0.6500582869269459,0.04460944755969809,0.11983071660397215,2.55593307158087,6.865794317435841,0.014649808038950399,0.05685378119581784
3,318,0.7810475608940336,0.7127686226975468,0.04385146441327799,0.12678302018717527,2.5125038363489516,7.2641319706470595,0.01291605033538206,0.06187057757311101
3,319,0.7407551467093448,0.6474455973343659,0.26829931185842526,0.1894971216888224,15.372418215752047,10.857385302646499,0.1856300877108163,0.08756670568222073
3,320,0.7884475184279534,0.7199907465095127,0.01809994005856038,0.08286881172074381,1.0370501747952818,4.7480331648628695,0.004692483291154982,0.02014194936446527
3,321,0.6705400632312224,0.5854204569973851,0.03782715695041765,0.10359318529944146,2.1673364442378893,5.935452303974679,0.024766411740751115,0.07171013685254127
3,322,0.8253114185120075,0.7617760574952643,0.043212251731043455,0.12077625924036445,2.4758796474456757,6.919969919850793,0.023636040097498444,0.05570359064248382
3,323,0.7984863561282555,0.733216155186881,0.054447853666955426,0.1384300161704664,3.1196322186624488,7.931455684495464,0.016538504821804825,0.07072886762896775
3,324,0.7027752124785015,0.6226337590465784,0.02422305694716696,0.07749382466590499,1.387878929977715,4.440069091683153,0.003855796640491149,0.028449396604610995
3,325,0.683490747534929,0.5850966589911635,0.24483019835188713,0.16470850934988576,14.027737062913936,9.437102435639513,0.151124043824439,0.06506455601396874
3,326,0.7573696200851621,0.6832735558575607,0.041874025001987475,0.11855581824844545,2.3992049038391707,6.792748022355992,0.02321613047647105,0.07522462032602674
3,327,0.7134023741583675,0.6340211863645159,0.028194845962686045,0.07802167155984878,1.615445677683379,4.470312490935221,0.005750628032114225,0.026895776048952914
3,328,0.8195772633513083,0.7549951184418321,0.03855549087482266,0.11493151587898526,2.2090669041824964,6.5850907929066596,0.016206087430357643,0.04939590991574862
3,329,0.675261864634438,0.5806637361868258,0.16109000989075775,0.08590794921770331,9.229777688461107,4.922162916798602,0.07699402483151514,0.02761756584767979
3,330,0.8175675256041931,0.752182950103728,0.0793126657101361,0.16164627258571193,4.544281007122763,9.261649193182555,0.06632637804214803,0.143391043034528
3,331,0.9525263074345477,0.8978936198513523,0.022977760928129087,0.1017347556161888,1.316528723842402,5.828972126602467,0.007058057002624397,0.0325172419154942
3,332,0.6402847599141418,0.5513665632463423,0.030685194337276192,0.10940160025289657,1.758132129064659,6.268249966468333,0.03706104820738038,0.08126490604442071
3,333,0.9022873277476787,0.8436899314262036,0.03229510979732028,0.08781286605941474,1.8503734902980475,5.031306612152057,0.021477501787290465,0.036198350580260434
3,334,0.6869518413069708,0.5901452950933433,0.2383613567435412,0.15608174028572333,13.657099740417095,8.942824977428982,0.1506124861712254,0.06167399284021563
3,335,0.7201799021629702,0.6149693132021954,0.449326244988576,0.3699108444907468,25.74449746230666,21.19433018543991,0.40553765696973676,0.24707142951305353
3,336,0.8851180958591051,0.8279123900054802,0.0858794453179042,0.17058907164706835,4.920529763640449,9.774033836431832,0.027577179283646086,0.09406305628487999
3,337,1.0018652643171013,0.9524020513345021,0.09477293617854529,0.1787693066952997,5.430089255093354,10.242726780120483,0.06375934561849536,0.14317997235807284
3,338,0.9200968481583911,0.8641792933334345,0.04961574939134247,0.12990953157674523,2.842773037502707,7.443267877869,0.017250271252899987,0.07031545147047463
3,339,0.6694949021673655,0.5849179333203213,0.052831647307154166,0.07743705166563261,3.0270304154236345,4.436816238377251,0.09301735534419538,0.14168280719453777
3,340,1.251150481312831,1.21281057259339,0.036958215300280234,0.10224931944963796,2.117549755041882,5.858454462549177,0.027213243175572367,0.03123699830057839
3,341,0.8985952579814167,0.8412452461913019,0.052962976416004226,0.13815170405340943,3.034555019087957,7.9155095748007485,0.013562212223236347,0.06577663692724486
3,342,0.7338209357306035,0.6586013468917054,0.026031263365366823,0.0845586858417931,1.4914815262290348,4.844855819907374,0.010183061886045053,0.04007253970410088
3,343,0.9260461405023748,0.8699233158586277,0.027831884822381955,0.11124920089080309,1.5946495362166988,6.374109685246055,0.003518075781967691,0.03386775185257121
3,344,0.7487611778738742,0.6753713289221983,0.02845418702827605,0.0945196351542771,1.6303048261961117,5.4155761754564455,0.010066323786869532,0.04670839648083771
3,345,0.7119529319002655,0.6344896211264931,0.0449701681503563,0.12766417482571554,2.5766008390090516,7.314618412533792,0.038438940385103426,0.09747951558660459
3,346,1.1801084945716414,1.138283979679328,0.033857506337192395,0.11104862132363234,1.939892217958563,6.36261732259061,0.022266156407953555,0.04954189634268208
3,347,0.917096337505296,0.8620468369182538,0.16057026507444122,0.24561646655939354,9.199998504062368,14.07278691276937,0.2082334368059933,0.36755728708217106
3,348,0.6780209923280932,0.5947935784224341,0.05637863343233668,0.13273209159826513,3.230257750388054,7.604988654524446,0.12035449424039003,0.22085620844049292
3,349,0.8243771761736998,0.7584932629879094,0.02950136318355512,0.08711409205221257,1.6903036003003387,4.991269810705929,0.006993601671218744,0.019984977321346707
3,350,0.7703596877284734,0.6964549899091662,0.06989314376329556,0.03386823907011484,4.004582154537947,1.94050715825766,0.022689882891277227,0.0021315181871716955
3,351,0.7584044313452315,0.6876326318540664,0.08506020938632776,0.1690113201813452,4.873591002335651,9.683635336325315,0.13531007174148318,0.24512612563817934
3,352,0.7039552552848756,0.6231514178951083,0.03310157484908397,0.09733628130271474,1.8965805340889066,5.576958112143701,0.06455664911826817,0.10994631011082662
3,353,0.6633680181191762,0.5766802329159046,0.04990561931763586,0.06371495694172806,2.859381360887086,3.650598124618785,0.007632392099587028,0.01931058322959691
3,354,0.7125068376267485,0.6350096481909713,0.04065786654365856,0.12058496590011115,2.3295241569577874,6.909009618805319,0.022981349710608407,0.07704534329588933
3,355,0.9277742019934818,0.8713577350610461,0.04057486205021359,0.061785800192831794,2.3247683498027696,3.54006558488785,0.01838193236664593,0.02108975297636502
3,356,0.6836788419850937,0.6028801801135322,0.057615945151023244,0.13849957173124422,3.3011504898108726,7.935440924569698,0.07785975714262215,0.15085040838604752
3,357,0.6850428262692788,0.5823666467694205,0.33094843292486736,0.2507165255366999,18.961948443063314,14.36499876743683,0.23908274902133694,0.12774671842915808
3,358,0.6519097116499519,0.5638807859423468,0.03466784781274248,0.08887786618273863,1.9863213644719864,5.092326624399428,0.058585122709093086,0.1012012361224127
3,359,0.8290135197646357,0.7448462016579682,0.25117796937095216,0.17174305225442246,14.39143755162182,9.840152054873165,0.16572349546966353,0.0744086080951511
3,360,0.7495252229101823,0.6739326189185925,0.08462781541741687,0.04082362148507767,4.848816652830146,2.3390212155345407,0.050834198518920064,0.019726003076687558
3,361,0.6742985352704557,0.5904405585297241,0.033184667391815366,0.07172897467254344,1.901341386096426,4.109767517537515,0.02583302324161032,0.04872380845551924
3,362,0.734363908997666,0.6621529617321085,0.044201756687709516,0.12785524204232,2.5325741052699167,7.32556575764854,0.03307342688005356,0.0861751680777169
3,363,0.8077457962007693,0.7429023355606723,0.05423411865330212,0.1321852547231338,3.1073861044459434,7.5736572094972985,0.004153621652138437,0.03723076104349441
3,364,0.7546189530344211,0.6844660903798436,0.09209563322795798,0.17633120267883337,5.276691095546779,10.103033709963068,0.10337784722079031,0.20760372108409503
3,365,0.7853285290522309,0.7162971333318338,0.033497352460024415,0.08475929827163597,1.9192569208215646,4.856350065455234,0.012581911115129567,0.025063682242346105
3,366,0.8653167804222835,0.8036438102720503,0.04893795850213031,0.12857278931990165,2.803938480158431,7.3666781882550705,0.016844324937645212,0.06311126596855503
3,367,0.6957617392483354,0.6167885439020508,0.06596576613027996,0.14811069043824365,3.7795599916120746,8.48611746288,0.12850639614450748,0.22321337732972296
3,368,0.7327709124844557,0.6567960661171492,0.04219388543865404,0.12174982577442986,2.4175315568933766,6.975751173327921,0.01256696614369631,0.05676141082165807
3,369,0.7010494398989255,0.6192489240544848,0.05507111036283611,0.099810187234451,3.1553421968896807,5.718702480944568,0.031446566583426,0.07796335814350315
3,370,0.6216974933105662,0.5286672139840384,0.03152556805848046,0.07920453893734362,1.8062819965033672,4.538085799389384,0.03149804392780831,0.06078112524968257
3,371,0.745975239415061,0.6733185983734381,0.15546701092698717,0.2395012891807457,8.907603579630617,13.722413057998974,0.54194092690518,0.815242716505655
3,372,1.276983946029323,1.2432454634789893,0.07077334457278311,0.1530023155439236,4.055013946045583,8.766386936395694,0.030572089188819603,0.08787980374322633
3,373,0.746679838411557,0.6754253503463289,0.09652653785379134,0.178961270840938,5.5305632300320235,10.253725515483392,0.19915127397321303,0.33341791736859183
3,374,0.6398498749271673,0.54982695215899,0.062059834651273044,0.1294099245280907,3.5557666027976866,7.4146425025661085,0.21970393329064572,0.3392339351140755
3,375,0.8555814631011239,0.7925160206830963,0.07647476797624872,0.04881888080165456,4.381681444281275,2.797115830487047,0.07740654998891375,0.03910918360938633
3,376,0.7915192532252796,0.7246202753354006,0.040840013530390705,0.11537101978659173,2.3399604105485645,6.610272511892018,0.03737585721272023,0.08880287510782855
3,377,0.6886818830936569,0.6099725002052668,0.06824426082210945,0.1516902889963092,3.910108121096865,8.69121335260827,0.10891209352107245,0.20627522301330675
3,378,0.7970041737532462,0.7263434877015845,0.0999065611491475,0.04315678242252481,5.724224299511832,2.4727014901750484,0.0475430215811517,0.010470169619708241
3,379,0.898794868758404,0.8373690360611095,0.031137026839996685,0.08484988753990218,1.7840202245173764,4.861540448196066,0.005069571200269192,0.020389065670020613
3,380,0.8698718466272319,0.7958074960212312,0.27015354485149135,0.19731105690330888,15.478657940488644,11.305090811825226,0.33998544282993015,0.19918711345892826
3,381,0.8160634860051386,0.7232963396124596,0.33257955358947466,0.2507469701186934,19.055404773021888,14.366743113494099,0.2602731611970788,0.13676324979111143
3,382,0.7597214851738765,0.6755611835332213,0.1391533547018718,0.05565789769981478,7.972899929504184,3.1889626347702795,0.0566513612498855,0.00952222908347541
3,383,0.8539458256653268,0.781689011843511,0.14104504684557392,0.09083342846362134,8.08128590547637,5.2043720896689845,0.08219466120983399,0.030742354531959896
3,384,1.0841972953984993,1.0388434588872406,0.066538324446177,0.15149992842343035,3.8123651666380924,8.68030649519662,0.01941313122961611,0.07651867758204749
3,385,0.8820590478046234,0.8161225505814091,0.05584066713374157,0.03806470421867443,3.1994345519582796,2.180946900143865,0.009441593941075823,0.00590386492081311
3,386,0.7446486272809055,0.6703923904378631,0.03672419271395321,0.05149683006255956,2.1041412485346074,2.950551020887082,0.005287672830222866,0.00614319721395817
3,387,0.9305273484751638,0.8731264210925438,0.02394718695839195,0.08394002936971388,1.3720727439265858,4.809409415088782,0.012085841224366244,0.02117014551919521
3,388,1.0027842120731105,0.9305134921502599,0.22140304848094822,0.13794443212476007,12.685460249288685,7.903633768077603,0.1374065110823822,0.05424694614558484
3,389,0.9641136450791294,0.9121039266462729,0.05827987038664514,0.13634748222009607,3.339190603724236,7.8121352784465365,0.02686940835406653,0.08925014707445582
3,390,0.8196233464807157,0.7554256961111806,0.11758255743370863,0.20114916068593303,6.736984285306108,11.524997959902786,0.3633091149297496,0.5676667153373847
3,391,0.7515060261330136,0.6793550025077129,0.0382801034898501,0.11672693756182077,2.1932883692924245,6.68796087777941,0.01735121797166954,0.06632551452522403
3,392,1.0802781642070913,1.025413819745897,0.10613364319811135,0.0408388769933514,6.081009819599137,2.339895291772952,0.054670457403133164,0.014892775386687707
3,393,0.7721186679633892,0.6997177580090783,0.09262725305631929,0.037229489512133916,5.307150668017351,2.133092622471836,0.05435878085759353,0.021031447878402987
3,394,1.1387582068381268,1.0787015291474882,0.2294387011590138,0.15794421952843501,13.14586923337484,9.049537177467084,0.18441843252651474,0.08942595679668483
3,395,0.9337998238603302,0.8591135380255532,0.2712914972208477,0.19887705797380353,15.543857808539677,11.394816063877538,0.21262406485361068,0.10994810087303565
3,396,0.9256532440240022,0.8545143558066103,0.18544829197921645,0.10848128359307538,10.625404448318898,6.215519706045002,0.1288108591620589,0.05178097282138496
3,397,1.0647297334617012,0.990595712218411,0.3289503728521858,0.2483914672926285,18.84746803368506,14.231782742929443,0.28573211662044656,0.15474538783944541
3,398,0.7376505296001244,0.6525257591603522,0.1415556589597271,0.05955477755387885,8.110541824585601,3.4122374036777066,0.052166182753273435,0.008577493060022392
3,399,0.9875742210287274,0.9242166556630889,0.09305647406591569,0.043605699962928436,5.331743220345569,2.4984225705895695,0.02084278370540469,0.006482057920519464
5,0,0.756356784545392,0.713971571567315,0.14088159583659435,0.072678289783258,8.071920852504686,4.164159266809453,0.055118157285281105,0.0115607903606545
5,1,0.5658577319305839,0.5179514809519713,0.05530942190778827,0.10785810293508985,3.1689964426246817,6.179814084468245,0.10561594112394519,0.21966025359334937
5,2,0.751652421383778,0.7196561740933247,0.02485374422574241,0.08893008981975159,1.4240146492326802,5.095318818391094,0.005269183656586771,0.023081502961459
5,3,0.6568035690872017,0.6141665446301801,0.09935716372489012,0.0373055151405285,5.692746145826526,2.1374485701136754,0.03121404079804492,0.006508664717519035
5,4,0.6264725209245168,0.5855232598193587,0.04219806227165223,0.10118860782088197,2.417770871795904,5.7976801629410115,0.09873769214563116,0.21926587938735628
5,5,0.7399789997091509,0.7036677079893876,0.050349244925369914,0.03500600747192202,2.8847992358941736,2.0056964857445565,0.047351265081263624,0.015010859351889654
5,6,0.7694799585982198,0.7357133639678328,0.04590912663696926,0.05525338190493801,2.630399197429965,3.165785586977461,0.022167503033433268,0.05821217047431183
5,7,1.04641642066873,1.0241294659409175,0.09768808991820158,0.16575029132676644,5.5971152610074375,9.496792146087571,0.04074720477380116,0.09858840076031963
5,8,0.7888545733755995,0.7581998011009288,0.04172229076134473,0.10026986071601157,2.3905111722427193,5.745039831392074,0.025580680580457295,0.04061467832596319
5,9,0.6360463591008594,0.5934167345604048,0.09655788901135923,0.1517797189671795,5.532359519043513,8.696337312501116,0.38338892461500085,0.6484254405133835
5,10,0.713037855470318,0.6800309000291213,0.08684163562685071,0.15443355428947458,4.975659207431473,8.848390875991365,0.12215995946938638,0.26313792118187107
5,11,0.623872603649501,0.5803088874601628,0.05254254740238839,0.05933033258045543,3.0104662110229214,3.399377653967619,0.022534253544359353,0.015444321184858674
5,12,0.6434942859080185,0.6041846575243334,0.020518829688458473,0.09019678768786522,1.1756423416964044,5.167895260152224,0.004876522808936495,0.04860521946222686
5,13,0.8087605166052739,0.7742821798689613,0.06795061879176562,0.028146143871536886,3.893283672070511,1.6126552534070706,0.017325983121317542,0.006005421708906981
5,14,0.7208732167891129,0.6745992660744434,0.15348396792571575,0.09306369894676053,8.79398358506481,5.332157175525463,0.04983143765227667,0.057800026431338906
5,15,0.7779806471101074,0.7287522579752761,0.3525650319237801,0.2861280942075145,20.200488333127733,16.393932198212198,0.286583083849138,0.16441612233542774
5,16,0.6480973130751448,0.6035040761964252,0.10792415227589591,0.043987897868904,6.183598432936054,2.5203208975407074,0.04142510133306267,0.010700758593226754
5,17,0.6768798301120624,0.6286016359251353,0.18730153151824633,0.12006125570617249,10.731587252332082,6.879003235004656,0.08438557518461326,0.04565620794221164
5,18,0.573717467864763,0.5264136831531596,0.0427546293735468,0.07771973653244506,2.4496598177502906,4.453012888177821,0.06832588941348085,0.15977240323743586
5,19,0.6569075213126809,0.6151066781142387,0.04376215478844191,0.07832248751319155,2.507386771775947,4.4875479754719665,0.06291911593904864,0.15310786204626498
5,20,0.6421908239556703,0.6020801299584684,0.027129400131030264,0.0908574615396175,1.5544001282296966,5.2057490834922815,0.018879999596705062,0.0787246949075767
5,21,0.7101535756241456,0.6760520988588838,0.05982348558990309,0.12963949039683803,3.427633240063145,7.427795657965585,0.027286513137902257,0.10259776315693285
5,22,0.7074226351877674,0.6719911646230514,0.01930300224907836,0.0727846612679476,1.1059805608037259,4.170253903942708,0.007840727872622735,0.052879427007935624
5,23,0.6898140825547766,0.6530650259331577,0.029444698332387394,0.062450324995835485,1.6870569434816909,3.5781400514817236,0.009047892916157898,0.007968935336523184
5,24,0.7277348044090207,0.6920610446313072,0.043973694005150055,0.054414970107552696,2.5195070760948273,3.1177481294933047,0.02272107655031881,0.01149211650247826
5,25,0.7014246464310394,0.6598709153438572,0.1168397380065472,0.05013442046078146,6.694423867189434,2.8724907007370977,0.031712477333209095,0.012537118685585616
5,26,0.821588198553966,0.7950840249495927,0.07096790860172254,0.14288862063637833,4.066161643748873,8.186914902910397,0.027992690946947105,0.10673945257206564
5,27,0.8070868792016814,0.7776698328523021,0.03355953979363091,0.09687590075435844,1.922819992576389,5.550580249752967,0.010921492844966053,0.0370792940129906
5,28,0.6822581413745442,0.6454818512133669,0.07303940309951353,0.14332463311989976,4.184849535756869,8.211896578031194,0.03595717114365853,0.1205857111306562
5,29,0.9301055967023102,0.9091737181017169,0.10421735405304224,0.17629154373330969,5.971214539259944,10.100761419764622,0.05875396085210267,0.1606803838927703
5,30,0.826104960052898,0.7981375533373892,0.04682763142465489,0.11067851396109073,2.6830256452269117,6.341411732750258,0.01999717830106247,0.03465943748587398
5,31,0.7739886108500366,0.7445221224114957,0.10284916804565271,0.1751208379532419,5.892823255447669,10.033684919515167,0.10474911129447143,0.24082956857124788
5,32,0.6104360945952626,0.5670732053593452,0.023979965367029097,0.06958227836232088,1.3739508084006493,3.986770879065456,0.01009826186910223,0.056909075131591214
5,33,0.8171106479359107,0.7843642974855835,0.07262511111475463,0.029320931944026303,4.161112353544086,1.6799656517830233,0.04604785257206744,0.0061872672051242
5,34,0.6618607976333766,0.6236469468013809,0.032876975971227206,0.09549097911030476,1.8837119663043396,5.471230084592372,0.05702640870821129,0.15154280348667404
5,35,0.6167113369534878,0.575715766562951,0.09357221582279839,0.16085408848559332,5.36129304633361,9.216260387648388,0.3916677902728034,0.6631789775125237
5,36,0.8361430248278623,0.8084844378157366,0.03177622294260395,0.09644762725121374,1.820643463477984,5.5260419855454925,0.016939719961715203,0.02982326983128332
5,37,0.6544615015479675,0.6156772601960325,0.058524873606716384,0.12969296554448792,3.353228254201433,7.430859558234762,0.0616922045526342,0.16688211170899378
5,38,1.058414291479025,1.038915305737362,0.10952913721400576,0.18124243223121816,6.275557296071813,10.38442643553464,0.07502715920422563,0.16864143784522154
5,39,0.7361966442781175,0.7035829228436331,0.024573813836872606,0.09476491887081191,1.4079758193929843,5.429629897197174,0.002961356246686208,0.033014464537686375
5,40,0.8924770949431661,0.8567537999957604,0.11875509878509975,0.05186893819888214,6.804165956045386,2.971871246620845,0.06027274936769486,0.014195722989356518
5,41,0.6837004556208459,0.6400876785465485,0.1037861355236953,0.05239486373110395,5.946507537480526,3.0020045599553256,0.046617548507668485,0.06373204906464607
5,42,0.6264951060320192,0.584643236732094,0.029130766922968322,0.08745340385131971,1.6690699986653845,5.010710944733758,0.030976783253692998,0.10309269221582898
5,43,0.7629505070971484,0.7329387805104894,0.1622144354253956,0.23357878859397596,9.294202525972597,13.383078770213315,0.28593998114181335,0.5152675938651583
5,44,0.6053607376088748,0.5616186433486353,0.048660605748509535,0.1083967095509991,2.7880473379396284,6.21067397037767,0.10677555119233031,0.23459496608941344
5,45,0.7380037874307843,0.7052300079150499,0.04380854526445139,0.11532982508297532,2.5100447502608936,6.607912229236505,0.022413580330895327,0.09536387935824005
5,46,0.7523828301514608,0.7219569314066051,0.06172444073454329,0.13397033742989417,3.5365499468947097,7.675934914676456,0.05102961932657262,0.15043825971803385
5,47,0.7637400740871514,0.7292701347614211,0.030231443405720818,0.08889295040196307,1.7321341157364065,5.093190886498239,0.006873208130811902,0.04352836741323784
5,48,0.6752770603329487,0.6383253473947519,0.04256633188171186,0.10888144491748164,2.4388711661752493,6.238447261057846,0.028643068501773762,0.0991243950304734
5,49,0.8938133407019097,0.8679906787641963,0.056727728365249946,0.1252209141856348,3.2502594166933867,7.174629889606734,0.017265686659733742,0.04594393668993526
5,50,0.6436006067972382,0.6042507413531704,0.04322259963382179,0.11208842120794173,2.4764725386016857,6.42219346749973,0.013963813357287209,0.07133814523105514
5,51,0.6134349473317762,0.5628363910019767,0.1717689155971676,0.10925474725255557,9.841633915256562,6.2598359093399605,0.08866507463068578,0.07012172503868645
5,52,0.7866489093877388,0.7559207421146393,0.037998726706226595,0.10207413750998107,2.177166667137832,5.848417276759921,0.015590340532774263,0.03705941547082829
5,53,0.6961072146502443,0.6608002755473064,0.06145684510641732,0.1333638714337722,3.5212178467869393,7.641186972680471,0.03609951614246207,0.12229698790333433
5,54,0.6437283451809657,0.6054744874526066,0.0959864950890247,0.16764564245518113,5.499621058854318,9.60538776644109,0.2140097076994368,0.40750105858930635
5,55,0.8016395959628548,0.7744615811494261,0.08285739222072343,0.15380548211395761,4.747378875707552,8.812404991104643,0.041475160008853935,0.12019675580265402
5,56,0.6162359924903859,0.5748001445053773,0.07988157296068017,0.14728720411929275,4.57687699151333,8.438935172317347,0.24456092821626665,0.44898423890255135
5,57,0.6496600690205543,0.6117077464631961,0.07787641926394884,0.14957120066107107,4.46199014741557,8.569798534583722,0.13777773444679664,0.2918100911096336
5,58,0.6955523811146256,0.6584927129268745,0.037441487458668314,0.09661949011417903,2.145239210073697,5.535889002248439,0.022128221207124567,0.0880470438835926
5,59,0.7352221756017683,0.7008996944012209,0.03448921997849166,0.09871987320858441,1.9760867434658518,5.656232088918495,0.018986318024729512,0.08392637209431257
5,60,0.8397812531640695,0.7993707933261387,0.1822047456270783,0.12173216503565136,10.439562931686329,6.974739287532829,0.07445924085639538,0.04784197323905515
5,61,0.6920646107422945,0.6558829406125469,0.04742623203511905,0.11769994089565376,2.717322933820463,6.743709862260199,0.025413127492441324,0.10000738687646567
5,62,0.9633641346977968,0.9287345700066105,0.26258336998640847,0.19853240096224245,15.044918870543379,11.375068671735496,0.246995380645115,0.11913760392038875
5,63,0.7493792782388352,0.7184008200674415,0.11159006319423963,0.18403367494660958,6.393639656628077,10.544352862723205,0.13763546144020888,0.29415618886532363
5,64,0.6292072804391746,0.5880375962408586,0.02637138784848866,0.09517525298133725,1.5109692236209846,5.4531403099205304,0.012070367510965525,0.06838909467206986
5,65,0.963347628889463,0.941339271327899,0.06995119315913796,0.14126289820941287,4.007908139923001,8.09376786918551,0.01993541264140672,0.06918825006013148
5,66,0.5933874143804038,0.5472504878545023,0.04245869878174699,0.057741142234212645,2.4327042438113526,3.3083237542849733,0.013617564327295694,0.05615698748366458
5,67,0.6129895111771952,0.5715502033778976,0.07223732368315447,0.13829259900588797,4.138893770365178,7.923582260932465,0.25573747845855566,0.45792344542588687
5,68,0.7183991238162813,0.6843695865093902,0.06515579722826167,0.13702914841499791,3.733152191989581,7.851191874451154,0.03880810425496224,0.1281550072126089
5,69,0.6931652418143275,0.653830438003929,0.052869963518496446,0.10728203237988375,3.0292257726204785,6.1468076729531775,0.12250717023935284,0.2541655478381327
5,70,0.6682938555504749,0.6306735844696731,0.06503156134868,0.13564936666420324,3.726034000425456,7.772136203481448,0.031641786263458586,0.10729461524974682
5,71,0.6150942309419787,0.5719909223828029,0.04584826396892227,0.11201234316839347,2.626912023420967,6.417834516919985,0.06911127534801896,0.17079335576121601
5,72,1.0450567996160278,1.0249821983534098,0.09652702799303833,0.16776523066080767,5.530591312942249,9.612239665903035,0.04316579445260782,0.10815194435838721
5,73,0.6881109902717792,0.6529780717947972,0.1198528569232027,0.19163259897181423,6.867062864284824,10.979739138207995,0.13603637393987067,0.27816496710242644
5,74,0.6621665267813386,0.6224296127457021,0.039563014691664754,0.060233129951159634,2.2667937666464604,3.451104133064477,0.0041559936143337525,0.02425137144846863
5,75,0.768793805970832,0.7370904617511835,0.02356728427491421,0.07962565038135452,1.3503059235376167,4.562213707835868,0.005413824456842959,0.03455456859780444
5,76,0.6020336856975399,0.5566380757590726,0.07028619652950943,0.06151233489213587,4.027102419167944,3.524397177314697,0.03438581672666387,0.09037971532905428
5,77,0.6323677580564481,0.5870366486800627,0.12955703711242017,0.06110561699874319,7.42307143276145,3.501093958570845,0.06651684226243162,0.011068224872980325
5,78,0.8622260757186954,0.8362572040275693,0.05121182740435904,0.12212364423124356,2.9342215714221824,6.997169393207439,0.017681020647842386,0.0823193806431306
5,79,0.815913310990697,0.777102513864113,0.17726011268873434,0.1118646929658538,10.156256333077849,6.40937478347021,0.13993142687874122,0.04954361547991812
5,80,0.8933051073217966,0.8637450503617233,0.022639140015478103,0.06015903284497036,1.2971271746926325,3.446858681605699,0.009250280635212379,0.008842425183542568
5,81,0.7871686139996394,0.7519621436831002,0.09965474962634063,0.036423162052918935,5.709796562022236,2.08689346215331,0.0546909350146098,0.008435060435403988
5,82,0.7430463533445416,0.6909148561000507,0.38793688340520344,0.32063112517232517,22.22714613657686,18.37081025290504,0.34343671408759546,0.19978185242694774
5,83,0.5955306655959247,0.5521457584751911,0.06323631310650424,0.13307117785519015,3.623173852970505,7.624416865937138,0.09195689556486075,0.21358479820828352
5,84,0.6941947701838748,0.6565343284207507,0.044508144797541074,0.05501138189264793,2.5501288508562556,3.151920007631125,0.0107629347822095,0.015859898177492202
5,85,0.9229592422600216,0.8998602012516874,0.09653624005084878,0.16779736296008277,5.531119124975419,9.614080711037548,0.04379016937650439,0.1193994652890192
5,86,0.7221590792931799,0.6866993528880119,0.03891686059057522,0.05848563499086062,2.2297718637389603,3.3509800471189624,0.012296730660461346,0.05609746492466633
5,87,0.8141901494285283,0.781648034180051,0.05571800843150415,0.04160676420638507,3.1924067259995237,2.3838919882218446,0.01895118360959391,0.004315890649813061
5,88,0.9025086655157094,0.878360672434444,0.1211270018229723,0.19324412766875812,6.940065989529741,11.072072931107096,0.20329395347023244,0.3844626088031476
5,89,0.6494654177158686,0.6068091018691655,0.1297668898874556,0.06452410988312773,7.435095111090089,3.6969591731415825,0.14268940542500577,0.04712182916099574
5,90,1.0173789345453002,0.995358916227676,0.018123657304306415,0.0813141277939076,1.0384090728782043,4.65895633737833,0.005730230058345623,0.02750785111548598
5,91,0.7861168424828847,0.7543498175802604,0.03147639730917564,0.07043487656498335,1.8034647200927052,4.035621157698455,0.02109012535726373,0.014472430739311454
5,92,0.7533180598255428,0.720472781058114,0.02795823009979611,0.0815631118094197,1.6018885873739395,4.6732220706333925,0.0029366434719961514,0.016128920615975435
5,93,0.7700664162314925,0.736273527361721,0.03334568150012472,0.06912545646099398,1.9105668149446142,3.960596912130283,0.0017989168503099997,0.02271826044541103
5,94,0.586919635190902,0.5413905887011847,0.030393307522500586,0.0799277349386966,1.7414082464824998,4.579521878027648,0.05922272966834966,0.14426093753988023
5,95,0.8591000710840957,0.8338854976934956,0.13017835758562707,0.2025262483804669,7.458670473601276,11.603899272818978,0.18822261795417272,0.3704279821795025
5,96,0.6875703019164311,0.6511548338657674,0.029735374727675623,0.09288954000667562,1.7037114741357828,5.322178603294126,0.006639645968832271,0.03556110804509124
5,97,0.7596425706152983,0.7293059491112873,0.11221495975338708,0.18435905222296678,6.429443592099473,10.562995607407935,0.09548244500486701,0.2219133040555828
5,98,0.677249047962651,0.6355697688158577,0.07630459318188872,0.03796249436246855,4.371931146784941,2.1750907067586285,0.02838397999651801,0.04708593330946582
5,99,0.8164568443892126,0.7792067704814105,0.15257616762680667,0.08820623776520523,8.741970459296605,5.053845150673713,0.1017233188344164,0.033152807262461566
5,100,0.7734326036336195,0.7335427149792375,0.17429020902907635,0.11495530953245937,9.986093387818988,6.586454068829923,0.09112880482795814,0.04427268290117508
5,101,0.5942835403308808,0.5499585111289214,0.04845343726526179,0.11664378120714258,2.776177458201406,6.683196369616657,0.06023271039328337,0.15933381640219127
5,102,0.627977422465861,0.5864152545205941,0.027481215767264693,0.0846824999392467,1.5745576793526392,4.851949845135686,0.04286901116994088,0.12276507995416815
5,103,0.6973586745113252,0.6573392466428054,0.10883620058216652,0.045711987501128114,6.235854951597415,2.6191039569694112,0.027272118210258503,0.007458944290549337
5,104,0.8030788949517728,0.7706312193187196,0.059360806976902505,0.02896149895691274,3.401123708267245,1.659371658603636,0.0086099243695383,0.009035205430359397
5,105,0.8318642883832691,0.8036033712090983,0.11600445626987878,0.1857811681036463,6.646565748973975,10.644476845349402,0.10787304062726141,0.24071034785204065
5,106,0.6242546760826616,0.5845389107148857,0.13857447652343688,0.20986816430191782,7.939732653027642,12.024560068658017,0.4472694767983212,0.7449905158378879
5,107,0.676990604474444,0.6396139100367377,0.08471174838853554,0.15498216852049188,4.853625657837239,8.879824156009471,0.06871133023336262,0.16818553961878208
5,108,0.8732586383951046,0.8475059856957157,0.027933008447379767,0.09814213729134677,1.600443493138137,5.623130259187659,0.009233736625412277,0.06334569047797294
5,109,0.8092710431854544,0.7807536266180672,0.047627457152082185,0.11656029662539039,2.7288522837544766,6.678413055427841,0.012766076115791045,0.05724310399775671
5,110,0.6371708656358532,0.5869079239623837,0.1831711450635553,0.12084301776201672,10.494933540720282,6.923794901388001,0.09524119450745519,0.08138795188566775
5,111,0.7891344794789537,0.7604268028224352,0.07314978615990284,0.140590718060978,4.191174019246914,8.055254783607717,0.009865019881906956,0.054983807489783924
5,112,0.7515939213825619,0.720387905308684,0.09051133540170268,0.16287649148853894,5.1859175166105995,9.332135544191758,0.0664022568557606,0.17545534904684346
5,113,0.5709197331189942,0.5238437534175129,0.07867358175805794,0.14249740887896023,4.5076641939141435,8.164500120314445,0.20275908302384563,0.3800513190169189
5,114,0.8894757124140311,0.8632985239530777,0.07314919630111759,0.13509432329660484,4.19114022282801,7.740334561071331,0.050526497111999774,0.054438507180603224
5,115,0.6533938938074028,0.6135497563899656,0.027537129252845953,0.06595198136171404,1.577761286094311,3.7787701825516824,0.009299544019415813,0.05260764122326265
5,116,0.6536896756120846,0.6121689811220051,0.022416642738716214,0.07663772247313697,1.284379019781022,4.39101804920565,0.025600617968900646,0.08931454062867814
5,117,0.6615652178058512,0.6225718432325799,0.05894857079313641,0.12557990174551076,3.377504314774868,7.195198361685327,0.06190369790134409,0.16648229218198413
5,118,0.8413068144610345,0.8106321221359571,0.04795549710210785,0.10856616519566609,2.7476475884026295,6.220383063631756,0.05932181304715653,0.15603917290429403
5,119,0.748927117718205,0.7027486260592701,0.1728417106510426,0.11681393055746356,9.903100544126108,6.6929452092769415,0.07887697573337975,0.10696536298662139
5,120,0.762623098516233,0.7275360370608382,0.07576219772749465,0.02473541707450992,4.34085417642108,1.4172350028652523,0.04647110648820926,0.0057198168704025425
5,121,0.7876341665818287,0.7511094004870618,0.04063729122929542,0.07302779944088257,2.3283452782826246,4.184184695090404,0.013903844360021296,0.06438284361887084
5,122,0.8144315379684572,0.7865307852614418,0.07860165170726549,0.14912100173235932,4.503542905583575,8.544004036027227,0.02820006570093924,0.09020837334628831
5,123,0.6539737166901564,0.6134893082395757,0.019327907127697077,0.061421457157389156,1.107407505237864,3.5191902666620014,0.0059727291603674255,0.041518373029065844
5,124,0.7222196802832366,0.6880302880337663,0.038862063134358305,0.10874340954709209,2.226632200769678,6.230538416911,0.015543551206959265,0.07909971992479123
5,125,0.78821462689233,0.7576314389596615,0.029507045933797584,0.09069328831155525,1.6906291979052586,5.196342650415276,0.011596483721948866,0.028397656630581337
5,126,0.6323739440009251,0.588122051876119,0.07049639068947659,0.03487298282113027,4.0391456574123605,1.9980747346829877,0.014368282173346125,0.036806728221408236
5,127,0.6877626447442104,0.6505996390099457,0.03815968706798009,0.10326946400276411,2.1863890165352062,5.916904439936564,0.007199984975182611,0.05069417837028798
5,128,0.7068194700597179,0.6734976977914914,0.17085475482543833,0.243126383599128,9.789256361240053,13.930115668508712,0.9413775450673448,1.4168682540533706
5,129,0.613037588439736,0.5714218940696393,0.08411141294379103,0.15523196762064687,4.819228970561269,8.894136590174517,0.16090895498406171,0.3279569988597437
5,130,0.8067247271943425,0.7788610973960762,0.05971040192129164,0.1281187714194393,3.421154023119853,7.340664878735188,0.018407218634568026,0.05361339286138647
5,131,0.7392314373914219,0.7044635679940241,0.04197032128801838,0.0587792229358752,2.4047222746115264,3.367801397284217,0.024197608854250784,0.013033448160795824
5,132,0.809354347222264,0.780137648991839,0.04017698949291969,0.10751238449767228,2.3019719314857516,6.160005877104361,0.0117315368339917,0.03400810527587489
5,133,0.9048837803569318,0.8792901924366008,0.04728960917134833,0.09791793324884063,2.7094950203414094,5.6102843138022855,0.054468844098849674,0.036583981469732164
5,134,0.8190278500209005,0.7905237888714385,0.06971377078454506,0.13876180400206398,3.994304839896854,7.950465726939802,0.026163491534022643,0.07219153302954259
5,135,0.7128869348562887,0.6776550935916866,0.051851521023389614,0.11898822790516589,2.970873315974084,6.817523270706774,0.05784161362059024,0.1592347455727375
5,136,0.7186688707423476,0.6847094741562929,0.032782760557021416,0.1005812964638768,1.878313820705271,5.762883785334251,0.028125888053712834,0.10350491071178505
5,137,0.5970663983201876,0.5483243722123896,0.11209465404943743,0.06402812663043894,6.422550583011807,3.6685414260533444,0.05624890309757784,0.05980108594663999
5,138,0.652768611685081,0.6154669139055974,0.08644530624420688,0.15770438092661232,4.952951206508955,9.035795437818324,0.07054969221098684,0.1829240321663133
5,139,0.7257127807719276,0.6912635659418948,0.018223743606782025,0.06258221956670736,1.0441435955971266,3.585697053733371,0.00411391447935487,0.01410949998699846
5,140,0.7092686883089264,0.6525864447243193,0.5342917805789781,0.4683639868347469,30.612664055705288,26.83527972155185,0.5459652970686232,0.3661064408634579
5,141,0.8301453218549703,0.80062820169941,0.025445918749497833,0.07340475021382015,1.4579437501790353,4.205782383463921,0.00961697733848783,0.018180731144590963
5,142,0.6616286306284144,0.6227714943055629,0.03181357237003286,0.07204969785768017,1.8227834280368904,4.128143602437843,0.017219843833550776,0.021243601629528187
5,143,0.6854784204988369,0.6490519342706569,0.04740235701688742,0.10908526919721633,2.7159549960399922,6.250125532048937,0.04084867469394719,0.12576813806257575
5,144,0.6626678327505976,0.6243075979839668,0.050086995470353154,0.11530577197764107,2.8697734489421074,6.6065340878166685,0.03878672209661081,0.11605822537915031
5,145,0.7918714534317703,0.7627273620151497,0.09579055416004653,0.16664798476085008,5.488394470589997,9.54822619115717,0.03886146856287026,0.09903633280883008
5,146,0.904578242236739,0.8815513407217684,0.08162388650867396,0.15339689663910036,4.676704204401838,8.788994767824972,0.03409250687422065,0.11632728975892818
5,147,0.7108856158748966,0.6765201408513545,0.06636649658230022,0.13778977712717883,3.802520155235205,7.894772689435592,0.03583914689013161,0.12210159082918293
5,148,0.6522168189740651,0.6140023921955732,0.08168706338654448,0.15265800884528616,4.680323972866632,8.746659615705687,0.1497875302239596,0.3103092635858566
5,149,0.7224290775043886,0.6882038837631879,0.03153414220294849,0.09818548981118567,1.8067732587943208,5.625614175605685,0.005429450335429367,0.031536738449443276
5,150,0.626512453955261,0.5836763288596132,0.033479934536371894,0.07917897275344668,1.9182589473083942,4.536620964953833,0.007289398177967801,0.03810085372360647
5,151,0.7697153950968176,0.738064172247988,0.06502222919115094,0.1332414613946121,3.7254993071852898,7.634173394066565,0.025207455460452367,0.07242197569434687
5,152,0.7308457956140808,0.6980252913971204,0.057510130813729826,0.12813899323348035,3.295087774871986,7.341823503333838,0.017434714046557068,0.06605342045165802
5,153,0.6849683252174129,0.6501660470431686,0.08977462218790815,0.16123415535151264,5.143706958748654,9.23803661499833,0.12819041898225472,0.2786494511547297
5,154,0.6272974858674951,0.5864827169985455,0.059730806044316895,0.13086705762071255,3.4223230932538655,7.498130078962186,0.026325040423522517,0.10138463744742533
5,155,0.7490395416987634,0.7171560513627769,0.07308496116831306,0.145128994261874,4.187459820821848,8.315278856183722,0.049851346870650626,0.14462019707066373
5,156,0.6426758333316848,0.5997792716048298,0.08676179038719813,0.03556893761182051,4.971084412185169,2.037950006921449,0.02789068871226533,0.005315437030184842
5,157,0.6462307503895164,0.6075338892834978,0.06262470680478689,0.1328444338866218,3.588131393158496,7.6114253935081235,0.04981364470273041,0.14247296676371363
5,158,0.9643849209716775,0.9425983847880944,0.04510658077496001,0.11632230385606804,2.584416706671147,6.66477707419104,0.007481263606094558,0.040837693236382304
5,159,0.91164185727954,0.8765389131671479,0.16246415493750008,0.09292552365401134,9.30851040007825,5.32424031441795,0.12116465783824268,0.03729209528073783
5,160,0.8180572709074949,0.782944595527233,0.0878573411377681,0.12921446742965728,5.033854846435218,7.40344363575,0.0871189784647575,0.2032844234312755
5,161,0.778738981628659,0.747124776509328,0.049930641836059275,0.10949247685533009,2.8608150455855363,6.273456812244262,0.024506488855343785,0.04738129699447366
5,162,0.8089971715031243,0.7827470536380763,0.11338794229552306,0.1849219874942797,6.496650541206391,10.595249422593216,0.09592549582084263,0.22661556546358974
5,163,1.2883369164703957,1.274165152646807,0.09281793934461517,0.16414546627180834,5.31807618754772,9.404842443581622,0.033462893126782106,0.09440626174155982
5,164,0.5927764613640749,0.5488542187839047,0.09797602340832286,0.16303291680296284,5.613612634771859,9.341098054517254,0.46878624355744813,0.7701295736116669
5,165,0.7396940318359714,0.7066517948966556,0.04930445562555099,0.10975293127350048,2.824937218534121,6.288379751160961,0.08397785456749145,0.1966514612650223
5,166,0.8472746349931356,0.8224673982556738,0.11948106039813455,0.1911061968387322,6.84576049256079,10.949578517655711,0.09608164612328815,0.225668627764242
5,167,0.8279110602734967,0.7972859568116134,0.042584659093965194,0.07430011523814582,2.4399212380876056,4.257083020481411,0.04748634343341048,0.024196280060980943
5,168,0.8114480177521136,0.7833465804707151,0.03883341351159206,0.10897840576970935,2.2249906983005303,6.244002708668486,0.00933092927026126,0.06017728636812721
5,169,0.6441541293686368,0.6050727206562944,0.0586537948211646,0.12937196088341077,3.3606148956790167,7.412467345951014,0.0694024296732392,0.17947459818957118
5,170,0.6087857423838682,0.5663868945114424,0.06764119638673029,0.13764021557788816,3.875555074175199,7.886203443883799,0.10644841780224075,0.23951045573521063
5,171,0.6019816124191527,0.5585202805731085,0.06502503105857686,0.13145761611526385,3.72565984236355,7.5319665882555755,0.13743092239889274,0.28766843708125267
5,172,0.8301972762346479,0.8011847233480758,0.06912988557206454,0.13795358155510018,3.9608506815016207,7.90415799182104,0.09606575372934552,0.22356719967243113
5,173,0.8065493190803552,0.776447878943616,0.05302576519279828,0.11713097813369505,3.0381525509990452,6.711110697299858,0.023970811617126397,0.053626538804566956
5,174,0.6942775807036653,0.65173805751363,0.13483649958389024,0.06454020299060519,7.725562350474392,3.697881240279291,0.0648771777911736,0.010765679168173378
5,175,0.631007883769415,0.5901695421066506,0.03617865676719502,0.10222975810046146,2.0728843412126894,5.8573336797997815,0.056974306308040075,0.15305909583200988
5,176,0.8089140659465541,0.7809401349493882,0.07503685264112825,0.14648564531385963,4.299294964281733,8.393009235734482,0.028115737772958213,0.10714298136623533
5,177,0.7824817853394128,0.7490384983552251,0.04511637139375618,0.10123489680192492,2.5849776678069887,5.800332326192733,0.03581277436051787,0.11530410274143035
5,178,0.6267100454841024,0.573279124495346,0.3075611607786859,0.2439946305564193,17.62195645476325,13.97986255473658,0.22301501440819377,0.15627886933739588
5,179,0.8396643118976206,0.7935114797275655,0.2791994689697953,0.21048366685852626,15.996951214263062,12.059825767431194,0.19164532405949436,0.08991358452856327
5,180,0.779333800808705,0.7480613216522304,0.045368847099873,0.11048009884116093,2.599443460197068,6.330043383786698,0.01418708348637187,0.04158199174941272
5,181,0.6343129459764361,0.5937733608231118,0.04767328756274301,0.11244841420305841,2.731478172858693,6.4428195467741896,0.029328814801393863,0.08717795474866641
5,182,0.8193889730847482,0.7898151807041773,0.054255619352806386,0.12047360919113302,3.108618003784117,6.902629349360406,0.05731228895221321,0.15851657639492073
5,183,0.7292039013617717,0.6966562536916155,0.034947650311408666,0.10234647815662329,2.0023528667427737,5.864021246402384,0.0058594000919427805,0.04058817705681425
5,184,0.6841723758092945,0.6415409301801125,0.12573175754824592,0.06331339932392564,7.2038990582766225,3.627590567887379,0.06464785905088902,0.01402557232373695
5,185,0.7016655598426875,0.6652516965114614,0.03199182012400482,0.09377900376842063,1.83299627204717,5.373141122871945,0.007023232484339077,0.03548990080092201
5,186,0.7592834138883798,0.7272379133023578,0.056411566891352696,0.12585982285686073,3.232144698594439,7.2112366599622915,0.019980206949313392,0.07937716190724182
5,187,0.654377644803117,0.6168120126198726,0.09943469370791878,0.1713805414310763,5.697188286639789,9.819381714667617,0.18845446043190917,0.37184163389448527
5,188,1.0960446008495484,1.0777995650977648,0.14264615954461687,0.21297773812717333,8.173022905656332,12.202725524929509,0.07495131300093609,0.18193669171746513
5,189,0.7044243132488683,0.6707077521393185,0.07840776266402302,0.1489175686920262,4.492433881711952,8.532348181402623,0.06889109536646365,0.177316998354014
5,190,0.7161041914119697,0.6826394109970502,0.045182812405451724,0.11664333593220116,2.588784457363723,6.683170857241791,0.0156399780514269,0.07970480538018647
5,191,0.7181547962477176,0.6824758172386428,0.0325877346561984,0.06872327871059128,1.8671396596923753,3.9375538244181425,0.012778157187594124,0.019324161318984574
5,192,0.8809188283230412,0.856157218731207,0.0872684949011727,0.15665833830120288,5.0001164422961395,8.97586161019158,0.039704580330201314,0.10239565076045232
5,193,0.6685569753900388,0.6307554204042504,0.04156284704671769,0.11064600179855277,2.3813757203247015,6.339548923053989,0.02490684065040233,0.09738671945105938
5,194,0.7547403664610626,0.7197264455257842,0.05470886070597497,0.06495152526250796,3.1345868204214753,3.721448270479052,0.028726676523458707,0.01995135316644773
5,195,0.6833437585037967,0.646874250853555,0.08106254865106348,0.15032276267562508,4.644541914279842,8.612859866060015,0.08493297124445512,0.20123088288108243
5,196,1.1805556181189012,1.163838834537573,0.09267374754129751,0.1632437510721159,5.309814605777237,9.353177968316448,0.0413660134258772,0.09730013895205052
5,197,0.5497778427440219,0.4992417632053273,0.10137134467072487,0.15010715341617029,5.808150213198525,8.600506365469315,0.41173032161691003,0.6675380711285606
5,198,1.019993709838661,0.9995838613929717,0.13473872894102,0.20599415483887257,7.719960505277645,11.802595676631782,0.08265336901270388,0.19409857795013782
5,199,0.8495395916934074,0.812029108773771,0.09798158493670256,0.06177089897670368,5.613931286875658,3.5392118080940964,0.025945812341666097,0.05781510658562859
5,200,1.0122939073565171,0.9905215824789578,0.037152515216182666,0.09154819678506905,2.128682320182838,5.245325297817589,0.01909295531415715,0.03667400277001025
5,201,0.7760720319276084,0.745406058634802,0.024787739580794086,0.08326819631329321,1.4202328616488815,4.770916216418502,0.027026500445236815,0.024081032549151477
5,202,0.6729472945334355,0.633481601313378,0.03996571729233501,0.06968111015574656,2.2898669260638083,3.9924335237104565,0.015069428153440707,0.0189961268436023
5,203,0.6968153726694146,0.6616783023750388,0.05853591136622586,0.13026092230661224,3.3538606712366064,7.4634010836504014,0.02857570022909208,0.10592064999318714
5,204,0.6692885293093958,0.6260143055501695,0.0900786963945241,0.023761455784553076,5.161129127446536,1.3614311315416077,0.03848386339935041,0.0032943580578028587
5,205,0.9159670651138276,0.8835003453908503,0.11435725425151397,0.04809340475600216,6.552188025316241,2.755549114933325,0.047670229316655294,0.008481685095338788
5,206,0.7364927881403569,0.6999200273719282,0.06878375103571091,0.05938806757363952,3.9410186334248403,3.4026856254072837,0.07314553402314897,0.028976775357706906
5,207,0.8260787969886748,0.798983549539235,0.05742798657789297,0.1281134144667932,3.2903812568472066,7.340357947957514,0.03347635561890892,0.11630567996815926
5,208,0.7854297032800935,0.7533499613809197,0.07627267274293624,0.14602538596921802,4.370102240352758,8.36663831780506,0.05805998732539473,0.16253330929650933
5,209,0.7502630236452653,0.717774331842998,0.04053669001348672,0.10395030889726961,2.3225812532029013,5.95591397889476,0.016608116457110692,0.04193789803664161
5,210,0.6547686392139384,0.6130535662825676,0.053679053574795105,0.06074105431341139,3.075583218092394,3.480206055333377,0.022889732469398173,0.014956044875231483
5,211,0.7747423886400506,0.7431688112646858,0.02544306585016836,0.077687637793186,1.4577802910880808,4.451173765890587,0.012218376106488281,0.020206540383728773
5,212,1.055354632101777,1.036310167257955,0.11780469601334254,0.18847187701573356,6.749711888386162,10.798643109910238,0.05136306404070083,0.14505936457016672
5,213,0.775902565005037,0.7452909914797781,0.06992433179603137,0.14090333124867707,4.006369097185025,8.073166199883005,0.03681712003944755,0.10861428064511332
5,214,0.7292716000127746,0.6961147843464169,0.05548409766569447,0.11481499012447383,3.179004626335956,6.578414358968577,0.0702456329441504,0.1786804927498184
5,215,0.5875315603463347,0.5407942659766484,0.06441476956747026,0.02547981397514688,3.690694434523781,1.4598858035543694,0.011985748716763278,0.020020804969831385
5,216,0.6163775104870888,0.5745161786609615,0.07174128037110361,0.13832829841272393,4.110472582128973,7.925627686275286,0.08557265359205397,0.18552982992419842
5,217,0.5883454180997669,0.5437328453326602,0.06885871969582157,0.12872239780634234,3.9453140212449314,7.375250123107462,0.2519305240893278,0.4563753478159146
5,218,0.6476613510370178,0.6088240813514147,0.09251665225661707,0.163008899999527,5.300813708983641,9.339721993042984,0.119469034129116,0.24842494416673044
5,219,0.7349424528469946,0.7004679806070429,0.029126842743994463,0.09271098180068495,1.6688451597721286,5.311947971693432,0.013302454635037767,0.02752583511763617
5,220,0.924743510385303,0.8987897151150401,0.015605087424471139,0.08391560601251925,0.894105648354872,4.808010059799988,0.0023644368074030595,0.02208530989014445
5,221,0.6719924542883862,0.6358831533953635,0.07310925210572347,0.1445634839183006,4.188851589015882,8.282877500225974,0.05985878728478743,0.1646072009604106
5,222,0.6665174860999427,0.622720756076754,0.09036569101034596,0.027639761888497753,5.1775727076761076,1.5836417029574632,0.023558294526144705,0.005237290742071746
5,223,0.7009617425485946,0.6626113066005238,0.044448740939214415,0.04908250504522225,2.546725260487345,2.8122203870208047,0.0041103800517535705,0.02002882265053239
5,224,0.5924638724771311,0.5477260244757094,0.05650713612591607,0.1189948763057712,3.237620412386216,6.817904196001971,0.1306114039265761,0.2741521614603597
5,225,0.7536079677632929,0.7082999236210823,0.23967957288071132,0.17192467068322456,13.732627961562981,9.850558024325323,0.18829315025397192,0.0805309894411228
5,226,0.8553706630622802,0.8311082747331341,0.08947408479819752,0.16034980268594165,5.126487434732356,9.187366939659968,0.03684990380922529,0.09917324373911475
5,227,0.8481057087613799,0.8205534836898051,0.0508727866826536,0.11897344911452974,2.9147959689853913,6.816676508377015,0.021556331511092777,0.04685247292772773
5,228,0.8080620227220142,0.7727752000152889,0.12491136586593089,0.05586994764330176,7.156894077332334,3.2011122015780713,0.1108883362406172,0.03155524463982109
5,229,0.6436852357862572,0.6052081896737419,0.08828650117395168,0.15933325899830528,5.058443905244219,9.12912327666774,0.11206565766066348,0.2505976519504172
5,230,0.6584724362963413,0.6199235995913264,0.053031676765641855,0.12201840005537053,3.0384912591732665,6.991139346111582,0.09083415802182193,0.2146471015970126
5,231,0.7845430425945008,0.7551293439328449,0.09512758595245213,0.1652704316277942,5.450409190343485,9.469298210578044,0.027494951164625026,0.09284364028379058
5,232,0.686524040676696,0.65085830079913,0.09619224271329467,0.1654244314882033,5.511409529369831,9.47812175262509,0.2764858241617191,0.47791977705165245
5,233,0.6607144452743325,0.6226456708394028,0.04286117150444389,0.11342397174396208,2.455764232191024,6.498714876540131,0.0400400518285578,0.12713732643357062
5,234,0.8918205697634134,0.865664917982504,0.06200954708587998,0.13162274286201125,3.552885337538676,7.541427653928927,0.036435165065601766,0.12234830809932792
5,235,0.6130687659927674,0.569498372780452,0.03308585285841402,0.07771255220335192,1.8956797303779742,4.4526012564421515,0.0077183224286123155,0.03629593931997076
5,236,0.7474144540930353,0.7113034846016574,0.045479989269349236,0.05844586738698213,2.605811437433984,3.348701531255377,0.02518156200269376,0.0816048186533018
5,237,0.551802132854034,0.5032157765355584,0.1212592055719688,0.18827680358229046,6.947640706383048,10.787466225478822,0.5418620551453053,0.8741517620860091
5,238,0.8513245465654525,0.8261649130723323,0.08456170256853571,0.15607096016864375,4.845028665617669,8.942207322217666,0.030812784969178053,0.09564521267430491
5,239,0.7861746588128096,0.7532061522588926,0.02129512662847424,0.05849800976489742,1.2201208800082282,3.351689069443699,0.015555539488182809,0.00926311857094668
5,240,0.8764282664656553,0.850046245123524,0.022722489898240664,0.08490603776680279,1.3019027711978375,4.8647576192161734,0.015597366475046904,0.019932215934482772
5,241,0.8363260310473277,0.8100089136009843,0.11053508594234117,0.1826497757013188,6.333193912611985,10.465061276696703,0.14931705425351227,0.30919431374515516
5,242,0.7226219203224222,0.6829866593439784,0.09939308353877802,0.03697253292992713,5.6948041995631975,2.1183700947932804,0.03441188043699168,0.0058478351794777235
5,243,0.8241906611033227,0.7921252252562542,0.046854288424634266,0.10039644705309274,2.6845529788202103,5.752292694250845,0.04322360486114703,0.12810726228633523
5,244,0.6791815811057731,0.6438636886408898,0.07832764155388452,0.1489386678736871,4.487843280251113,8.533557075462973,0.05476358726591746,0.14984940974889865
5,245,0.9316387202457774,0.8983482945079458,0.14093390830703995,0.0720057281571495,8.074918136277121,4.125624324170982,0.08782506607507451,0.022552361033406274
5,246,0.9388695955439356,0.9186814806797154,0.1151342158382032,0.18711907308607653,6.596704645077321,10.721133154232177,0.10726291300910973,0.24145269365914607
5,247,0.7215661556559616,0.6776196539436721,0.1438678084327357,0.07733021417699182,8.24301823099239,4.430694901184356,0.05348786236931144,0.023670817406963703
5,248,0.6426174439864742,0.5986237244401674,0.04732485877299326,0.032879280640738105,2.711514673745181,1.8838440141404866,0.008693023962091602,0.024828291084305752
5,249,0.7878168986701096,0.7591401728545931,0.0697481232606392,0.14136644594009526,3.996273091792872,8.09970071713177,0.03568209339208117,0.12085202133959679
5,250,0.7095075692403192,0.6738773736590721,0.022090042544286544,0.07520565758714681,1.26566620705205,4.30896677524953,0.0017911056408828185,0.02678424029511589
5,251,0.660568157232881,0.6232546441168311,0.08041563014779163,0.15200243032186303,4.6074762143534445,8.709097733174124,0.07595392013855023,0.1910548940182985
5,252,0.7044201062833577,0.6675468883786425,0.04191787834306888,0.04540407148375171,2.401717515200683,2.6014616687292667,0.00994412170546849,0.00655439538458889
5,253,0.8041300341175153,0.776027276626814,0.06667265363658392,0.13847055692913363,3.820061662313819,7.933778498865354,0.02392575473266772,0.08593569904053207
5,254,0.695881630348144,0.6591267603660467,0.038786080099927865,0.06195743715250822,2.2222786935822167,3.549899658285766,0.023101391551277408,0.017631810213702866
5,255,0.6477221952098984,0.6075383784910765,0.07028146225656345,0.1391873316140457,4.026831165309077,7.974846663172635,0.05813914249173385,0.14834806402817924
5,256,0.7276999913862262,0.6925658805966429,0.032250846515676126,0.056520807532309925,1.8478373910724386,3.238403726272592,0.008403722652282803,0.009737996946673395
5,257,0.6734874068962022,0.6307978625834405,0.08468942280083518,0.04160046678100576,4.852346495886859,2.383531172325812,0.02453611703851378,0.021663466056541007
5,258,0.6036579943884168,0.5614662277695495,0.09426777853195613,0.1649565867141472,5.401145853955033,9.451316221604422,0.1445343131509285,0.3014000714271123
5,259,0.7831758987486117,0.7528983061017169,0.03167064504822395,0.10018922527161955,1.814594295720132,5.7404197607492495,0.013321395616160036,0.07296088237536372
5,260,0.7307697730428924,0.6983545366492045,0.05804451550004048,0.12876348747860858,3.3257057620340085,7.377604387909893,0.010951556883040378,0.05994018006665144
5,261,0.7148644754803422,0.6812631941080645,0.059464838746252975,0.1294630475733684,3.407084289586305,7.417686228855404,0.04406061151200049,0.13124526641670703
5,262,0.8803269644945445,0.8417387845854115,0.1425018390521059,0.08343520754266823,8.164753950538204,4.780485254992982,0.036368494280347816,0.013165358099612508
5,263,0.6366949151404937,0.5933898851207722,0.09302502658304386,0.04261283306233184,5.329941412300703,2.4415354875671493,0.018732131337667803,0.01645046282527402
5,264,0.8620360162666615,0.8370659082636343,0.09761981532511384,0.1693908641186642,5.593203414975537,9.705381602073471,0.07924680093567374,0.19528264670439494
5,265,0.6227432307465905,0.5766936374011903,0.07313754958571633,0.05285105229688992,4.190472915190329,3.028142239436988,0.05427344216838953,0.1156296197818841
5,266,0.733097942643343,0.7011002572507107,0.10531914666959565,0.1775473267693708,6.03434260608713,10.172712487715048,0.1253865646119098,0.27318404248261624
5,267,0.5740068721441967,0.5208604849885575,0.1842347643880933,0.12143719013891414,10.555874439024866,6.95783847088748,0.10122731959508822,0.08698656939844113
5,268,0.7223813472125088,0.6851381307851923,0.08132566913912921,0.05184796878279521,4.659617607749431,2.9706697875802095,0.08523560039281826,0.030308958548746632
5,269,0.7347690402309281,0.6993871666476824,0.04150451572882973,0.05645096400952047,2.3780335819962857,3.2344019871904304,0.01745416430645,0.013067051313433678
5,270,0.8164763938824356,0.788494890117736,0.04635653201621878,0.11577909796490284,2.656033637392413,6.633653669220631,0.010386960024235985,0.05255265268533644
5,271,0.5585432052996366,0.5096300001758183,0.07155166946309885,0.11955885688083112,4.099608677350657,6.850217902680265,0.25486013889553116,0.45200567164799615
5,272,0.7479700906575923,0.7143250195178994,0.040200773827658166,0.08432613437716206,2.303334673484793,4.8315316024644295,0.018621744704986468,0.0201535417360445
5,273,0.6870767717752028,0.6517712750768738,0.05313767608854244,0.12451154126805408,3.0445645730067143,7.133985815328478,0.02134574789764989,0.09150787672815391
5,274,0.6252789237764979,0.5847686707419493,0.0865359371463509,0.15731702574751882,4.958143974695271,9.013601620883733,0.16866044672280525,0.3369737758002799
5,275,0.8115453238664362,0.7826921392054205,0.06661081182233305,0.13615719812525073,3.816518387359812,7.8012328029034315,0.026737899808805143,0.07124348386038085
5,276,0.6835194471295892,0.6460829926564727,0.04969019327912908,0.11160223141868562,2.847038358083425,6.394336844533,0.026247252165749777,0.057672258138107266
5,277,0.8799715155042062,0.8540674331043112,0.04099882240066903,0.11000722223454144,2.349059488564753,6.302949549996934,0.0127285340388711,0.04035633754827697
5,278,0.6486062885572698,0.6089016174966385,0.03155849106347586,0.09564584882937335,1.8081683457384916,5.480103465869378,0.05581078373002266,0.14964786465397772
5,279,0.6824406590804288,0.6450497364134146,0.04633534725541285,0.11234687133008739,2.654819840008239,6.437001568713317,0.011706177391753211,0.047986299705435276
5,280,0.7077932803885659,0.6697237514042655,0.04808581921402968,0.05305882884609628,2.755114495392982,3.0400469587883046,0.005672639393565281,0.023406122853268964
5,281,0.8274075495180693,0.7937151016580982,0.10990496902944358,0.05020413191590444,6.297090872903141,2.87648487289936,0.06919534573428454,0.014290988984343018
5,282,0.6687032871283084,0.6282154789227564,0.07783272965124229,0.023089761251801955,4.459486916998923,1.3229458696929566,0.03646353479944833,0.0019984125416185414
5,283,0.6129385187434571,0.5695513880766324,0.03877686328742382,0.10151664517398215,2.2217506091251717,5.816475318796294,0.014441995713773331,0.07210420400655537
5,284,0.7544267524367775,0.7224774839680447,0.03812622361287119,0.10604406166424667,2.1844717017895405,6.075877175786383,0.016827627166205013,0.07942779701902565
5,285,0.6427122881682311,0.6033673141553447,0.06647159249176825,0.13714412428792988,3.8085417072918117,7.857779506715989,0.10127745155605705,0.2313612160905673
5,286,0.9285807850348468,0.8989414940851407,0.06608912719920632,0.0342573326896348,3.786628060217777,1.962800580491623,0.02071915153713726,0.0027030458987899525
5,287,0.7046852276607907,0.6698578776248514,0.05734474592993822,0.12642944361866584,3.2856119190354653,7.243873525536751,0.09560107550313465,0.2210660798119689
5,288,0.592897470111351,0.5474671829723239,0.05748145599635101,0.12169878784014768,3.2934448288578713,6.972826915098485,0.052392814087090844,0.1391519924640281
5,289,0.7770026363901381,0.7466506563834336,0.04445950907781188,0.11132835628329932,2.5473422293821915,6.378644955161791,0.015970822804586976,0.04091619650469318
5,290,0.7047074441387824,0.6686130664576065,0.044735065170711484,0.09497263178340569,2.5631304305244536,5.441530970439167,0.034910250670625406,0.03619684329372492
5,291,0.9110346838714523,0.8873049076061478,0.09990587759775775,0.17104673699121595,5.724185134902119,9.800256129080891,0.046169583091901285,0.11507401540282927
5,292,0.6110800702593948,0.5689099737612147,0.07638742560556666,0.1457398387723792,4.376677095068526,8.350277668574405,0.1518059762268319,0.31248341193643137
5,293,0.7550558007362586,0.7237404613310605,0.07323021335314696,0.14506922789429302,4.195782157977885,8.311854495564505,0.06270520284209072,0.17064375361408357
5,294,0.708618091508711,0.6695573487132043,0.037914126093300166,0.07181659367712007,2.1723194090729274,4.114787716704893,0.012236523667176848,0.061895247302054104
5,295,0.7930810001247305,0.7625102968532371,0.05902665414276716,0.12764644251805282,3.3819781611589543,7.313602426143691,0.017818326996980778,0.06905851140378225
5,296,0.6317649021169903,0.5909505357441972,0.032959746273173815,0.08665575522793285,1.8884543552749038,4.965009045079271,0.05571888231764232,0.14648094305611833
5,297,0.8946203883527516,0.8685804767643871,0.03872880576274646,0.10668789327912406,2.2189971157873134,6.1127660100359495,0.009127701989414025,0.053127433700311345
5,298,0.711556151001797,0.6784422655798095,0.06693575759188533,0.13851363837164907,3.835136408525788,7.936246883696824,0.02871556699533826,0.1074995847948194
5,299,0.7840198786841438,0.754216879520775,0.05428027982345572,0.12437581299935066,3.11003094467313,7.126209158371154,0.007430678433532775,0.045122012058092055
5,300,0.8560752549664179,0.8313142499791083,0.07136887514168347,0.14106263275426045,4.089135334214598,8.082293503823012,0.033424770704002765,0.08189187548978294
5,301,0.8767964234085732,0.8500226519504701,0.009702169662447134,0.07417100575534076,0.5558933737780873,4.249685592021565,0.003077803593035391,0.016528944998670983
5,302,0.8143559283263317,0.7860521508221218,0.039937283364422045,0.1084198702200595,2.288237781999416,6.21200097896553,0.015698034465613995,0.037811932062304765
5,303,0.7984437816484251,0.7675115780478128,0.03244934927056832,0.0736848916140652,1.8592107611494813,4.221833303364849,0.03419157516315843,0.0212168763728064
5,304,0.9063233730584628,0.8815330146703264,0.0765099963469734,0.1472921473784541,4.383699881242922,8.439218400204334,0.024415010905473516,0.08826588512312347
5,305,0.7592336881596706,0.7280732937410822,0.04235795619281205,0.1141556506248772,2.426932118648159,6.5406369883754225,0.025884093152825523,0.10201745600519313
5,306,0.9733293642697635,0.9491740947408716,0.10590451077777632,0.17699974516489117,6.067881498964323,10.141338372839364,0.0543174556151188,0.1428825614705299
5,307,0.8760193320304859,0.8465023042584446,0.04022539024593237,0.058554067438518126,2.3047450903586335,3.3549009375514878,0.004136471327413779,0.029702420750280057
5,308,0.8237893506583963,0.7938819853014928,0.029515173096670535,0.058625105238080726,1.6910948500372942,3.358971103652321,0.02049560502220781,0.012235743846207736
5,309,0.6010724830946184,0.5559970301197774,0.049895234156162774,0.040658152201895066,2.8587863349651164,2.3295405239691225,0.02450552294943025,0.06549081842188868
5,310,0.7302472348598757,0.6993593754281491,0.11942668148381863,0.19068511988332515,6.842644810275983,10.925452585260668,0.12927952615303398,0.2798020250155735
5,311,0.7012676614829075,0.6644557704485408,0.039967929284868364,0.09980361444930286,2.289993663900284,5.718325888095934,0.009512082806477931,0.04024837565029203
5,312,0.7950377947119767,0.7680366474337235,0.17209344112129915,0.241894301816875,9.860227858133571,13.859522582370658,0.17791020313685357,0.34418454772680074
5,313,0.7944677479761697,0.7650639000903166,0.0528916461730743,0.12141786896870507,3.0304680972164295,6.956731449379246,0.014252756710849392,0.063287361990586
5,314,0.8878621974847586,0.8640122607351619,0.11163971418555169,0.1834940937174451,6.3964844488788986,10.5134371355876,0.060901817650875927,0.16132853015718357
5,315,0.8469387059984296,0.8201809450149774,0.05625251133514606,0.12659126606486412,3.223031486515693,7.253145268734396,0.04263431349549045,0.13116155261092682
5,316,0.8198509190327917,0.791797442259714,0.035392262720536645,0.09415765863090303,2.0278272813049507,5.394836448384293,0.02537867637566551,0.023435534463983207
5,317,0.7301255092001047,0.6963231719959483,0.02518489744366181,0.09245127463300927,1.4429883309916376,5.29706784707632,0.004508830728334525,0.04192571692278098
5,318,0.7156022244057303,0.6786569379577975,0.05874626060924108,0.10185076852272548,3.3659127950851504,5.835619176516064,0.033173202555031506,0.044140217125479816
5,319,0.6521176545648381,0.6079499996417431,0.07982896670563637,0.029508618692244803,4.573862875123331,1.690719310326478,0.018314784905332282,0.02080157502066221
5,320,0.7642703381258684,0.7107591176888505,0.4560856703178994,0.38820603265591375,26.131784005610722,22.24256725270167,0.4127029992781398,0.2591399700327439
5,321,0.8112282089453191,0.7840116635288603,0.056640058451093926,0.1284047491148702,3.245236300621973,7.357050193718256,0.014817539618017673,0.07167423151541644
5,322,0.7918563418596557,0.7620536322486543,0.057125306137999494,0.12886699824660702,3.273038945100147,7.3835351180503626,0.020840699019278302,0.09176974782226748
5,323,0.6127490389934409,0.5652788818931893,0.14530384030509816,0.09097386906725992,8.325296796525029,5.212418743529745,0.07495397929300204,0.059380136854543956
5,324,0.6903550226923725,0.6503871524816478,0.02557412542852565,0.057945895201833734,1.4652894517927175,3.3200552351724406,0.007452976348323762,0.03998099051271812
5,325,0.7330379577599648,0.7009155228664392,0.08312649201404862,0.1546467685198636,4.762797158132928,8.860607151524784,0.033521312041993816,0.11542345275578791
5,326,0.7135003476463696,0.6769769533990745,0.0352293285782804,0.06469225865808068,2.0184918426150835,3.7065933882766813,0.014832831746348118,0.012959596581871409
5,327,0.5853697160733062,0.5415376262929396,0.16049734707336036,0.23101597224590295,9.195820610349903,13.2362402098016,1.0049693652270626,1.4986022177773677
5,328,0.7086491186663512,0.6737477472148499,0.0543098604882258,0.12573085073806786,3.111725791919647,7.2038471018806,0.05762076778665456,0.1604689267056385
5,329,0.6618510419144907,0.6219876606442843,0.0424887216815727,0.06653572355355947,2.43442442926011,3.8122161464681414,0.04424242283659886,0.11691119753673754
5,330,0.6785791638681947,0.6405801803442749,0.05712179218872379,0.11639069180562973,3.2728376106372266,6.668695415070479,0.05773373155185152,0.1579220832724603
5,331,0.6585529819453457,0.6205327140076786,0.06998259349075611,0.13939615410984987,4.0097072464000325,7.986811310849602,0.08751744012099433,0.20956740092654325
5,332,0.8590981472268591,0.8283645850942097,0.04819152474323013,0.10819180585504831,2.7611709760873646,6.198933853393057,0.05906879305416464,0.15703731076261362
5,333,0.5714762327494151,0.5260485298234453,0.1690866517363879,0.2389217627048227,9.687951516493419,13.689208636812497,1.1050026004717197,1.6244107508561942
5,334,0.7840711970362472,0.7521622690953103,0.027987107818533544,0.07212244758809808,1.6035431587795603,4.132311854951503,0.01088979162908212,0.012094626468712281
5,335,0.6803497667294425,0.6454227117530182,0.08396039801675287,0.15594799159157152,4.810576452598506,8.935161741738698,0.11038318733440301,0.2503506707432987
5,336,0.7197988013797958,0.6840526023151154,0.061804587305234034,0.04019258326227654,3.541142007137736,2.3028653886565995,0.0419540714816503,0.015090996005604856
5,337,0.6798437381214315,0.6440525648470928,0.0734357541588739,0.14468716466061096,4.207558778663757,8.289963884767403,0.03283278714572901,0.11385160222987106
5,338,0.7893453485428498,0.7560440539213836,0.03688448057327703,0.04990796825845722,2.1133250663810488,2.859515945282476,0.009285620223653788,0.007522475530186411
5,339,0.6248120494277353,0.5751317654726391,0.181280560267518,0.11363316980875425,10.386611011095743,6.510701042735026,0.09011235668395959,0.03216175275153166
5,340,1.2248926545309247,1.2119540164431029,0.1157876463937988,0.18662996866231454,6.634143458117837,10.693109535009437,0.05705254241987971,0.15481627389397984
5,341,0.7090448375415688,0.6696346797767989,0.09655438934892446,0.030852562137579982,5.532159003156281,1.7677215976484546,0.04955338982211091,0.004511450143418914
5,342,0.6539942606010307,0.6168501617053328,0.12354007771000071,0.1947521529968314,7.078325053501257,11.158476417804527,0.38583179392947003,0.6597665894921426
5,343,0.679196468666379,0.637813809892102,0.10967384960294717,0.04803203015054093,6.283848705201412,2.7520326090711156,0.0663161464734994,0.010517474327493934
5,344,0.6660881850040862,0.6290524558970993,0.09528912478437934,0.16747232287649988,5.459664683640387,9.59545728607567,0.15453906548045332,0.31925569862026837
5,345,0.8496466534852416,0.8234580557633857,0.04434087691376017,0.1115824487848585,2.540545107067525,6.393203383107053,0.014835140173861464,0.03882282787631247
5,346,0.7555276560697676,0.7257836869958272,0.08170564141577696,0.15364295833414265,4.681388415533324,8.803093064450731,0.03710284129635428,0.12387185180463464
5,347,0.8925035056083777,0.8649077824826141,0.035549052497869556,0.04393490769349185,2.0368106738169223,2.5172847841339334,0.017940645836261704,0.0034135959631380643
5,348,0.6821733926292501,0.6410537289990985,0.046279695852408174,0.042606191122283824,2.6516312494920893,2.4411549324346193,0.015792426586519782,0.05183938232249401
5,349,0.715258096903065,0.6803681991220972,0.1133727085992205,0.1736661459477305,6.49577771470187,9.950337207107943,0.399708029660763,0.6593409819846029
5,350,0.7678503795792418,0.7354312685206261,0.035539274204216736,0.09728714285526809,2.0362504188597765,5.5741426864931825,0.01205295043130878,0.03077855803091796
5,351,1.1090678550268358,1.0944693676322834,0.2343768088785848,0.30421947287771545,13.428801964487231,17.430491841587713,0.5386039659413182,0.8618750774562652
5,352,0.6853513280635266,0.6494183137934897,0.031131330252052156,0.0972140580510277,1.78369383407053,5.569955235663668,0.01708968966876411,0.08014450590316884
5,353,0.7481475978108239,0.717055819598405,0.08456240931102485,0.15054711725409695,4.845069158979499,8.62571443652089,0.12912215349909248,0.2770768048271753
5,354,0.675782877090712,0.635097580877224,0.05455524649204391,0.04296402675385907,3.1257853742900057,2.461657403883279,0.011195397459423325,0.04209510759632039
5,355,0.6711008963636829,0.6337181322569009,0.0577182347962959,0.12823363163706705,3.3070112547728856,7.347245884439212,0.03427641959833628,0.11848611607493059
5,356,0.7288186666697223,0.6976247885490607,0.14095952085381513,0.2116960749272007,8.076385627109921,12.129291632813846,0.4269389187701403,0.713832081609543
5,357,0.9637089684025856,0.940665578370415,0.03745379316251461,0.09735614689083893,2.1459442749680275,5.578096326500763,0.021585379310609124,0.03367901968249791
5,358,0.7629884648797326,0.7305326524469421,0.04428735268494431,0.054876697831871254,2.5374783946546837,3.144203179380938,0.03972337963715833,0.017404515516620027
5,359,0.58917537181394,0.5394008705761469,0.16166060818710618,0.09508864019570035,9.262470562639226,5.448177762851664,0.06941491031532478,0.03503162878588499
5,360,0.8154462667149324,0.7676188788930429,0.3244963555823052,0.2569297598262912,18.59227164224252,14.720990869356376,0.23061256517504022,0.12794571444815983
5,361,0.8868378120671541,0.8543623858484511,0.07518817763628716,0.02530073148487709,4.307965247839176,1.4496251326772176,0.062137070022091206,0.013453918626256167
5,362,0.6693392375417877,0.6322065688720625,0.0776507615682857,0.14857235354028284,4.449060913839424,8.512568810183762,0.07913016670766485,0.18809908033047099
5,363,0.7398771237261296,0.6997976168964802,0.07342794486168243,0.05458408597001287,4.207111338893722,3.127437754660988,0.023384147116979722,0.06400777687601618
5,364,0.8072341685926665,0.7648149642926588,0.21861283253260744,0.1484939840195386,12.525592651518666,8.508078567402652,0.17525819078390073,0.06946391130500343
5,365,0.6380108399646525,0.5982289547726848,0.08234578597233529,0.14731651873026833,4.71806599690239,8.440614775804317,0.17612484395546402,0.3499899943687249
5,366,0.5710647850491828,0.5234821575609209,0.08505221487771586,0.12536712753984103,4.8731329507329075,7.183007297711202,0.3249441386217373,0.5548304519480777
5,367,0.7785803293014529,0.7419235572930616,0.10686822080113313,0.03843497000291786,6.1230980159771216,2.2021615668791146,0.08503342946267398,0.020452218641627697
5,368,0.7360340594098413,0.7041562747860659,0.12365328754114187,0.1941297104656073,7.084811499025034,11.122813087775947,0.2624123578304871,0.4783548011227975
5,369,0.7541581267118918,0.7184029639381205,0.02984268918179404,0.06458972366720998,1.7098601394375184,3.700718566047378,0.008622257555922518,0.05302471003871481
5,370,0.6009715597997678,0.5564636235779606,0.05527555907016465,0.11620572420792098,3.167056244946511,6.658097552375094,0.062374379151968695,0.14563423036779205
5,371,0.6903497411380298,0.6536304896525554,0.013380731091261384,0.06864001861193342,0.7666594183287576,3.932783372163204,0.007632896281521928,0.047382681973915465
5,372,0.6855371923457776,0.6487932986544024,0.022386306539656915,0.07185248558490218,1.2826408836084555,4.116844171539481,0.016075575527485394,0.01720430526723893
5,373,0.6464571270602137,0.607498453846765,0.0608483121809206,0.13242544885459434,3.486351478461228,7.587419319493797,0.04540954016237915,0.13777497969016794
5,374,0.7012623766239704,0.6669076580120817,0.0952076151691684,0.16080802872191502,5.454994526699064,9.213621357584252,0.378637031200902,0.6442595558138502
5,375,0.723726309322102,0.6899678558744589,0.035918500838828506,0.10062233631261516,2.0579785045019805,5.765235195458815,0.0076089493752014604,0.03639852450225764
5,376,0.7310948619202478,0.699099075656592,0.09049838742616231,0.16233646904355653,5.185175652258898,9.301194537251929,0.16460550917338068,0.3324731057785919
5,377,0.6482591181928439,0.6098843480396112,0.12259993277452841,0.1944418007149621,7.024458716568095,11.140694541891161,0.37451614818953777,0.6448768322239966
5,378,0.6212986072706116,0.5801496121072222,0.0650769569039918,0.13330458208882573,3.728634974153475,7.637789943444942,0.14732323515134538,0.3015451826792201
5,379,0.6610045027949156,0.6201354164438884,0.06461459495040514,0.05083744478910589,3.7021435856055356,2.912771027645107,0.04693092791457561,0.014505036425647492
5,380,0.8228534696905365,0.793735013838471,0.14496890098955706,0.1050555171595616,8.306106187351523,6.019237747807078,0.3120126005799714,0.1419106655845936
5,381,0.8596604959121034,0.8224577437741788,0.14010007401506058,0.07249488108586731,8.027142950533426,4.1536507225229755,0.06799852962223735,0.01590139135201578
5,382,0.6712017596144284,0.6233556540313434,0.20012633092628468,0.13343298134631137,11.466394131514555,7.645146678991483,0.12060755567898655,0.046173199879841496
5,383,0.8254513094274857,0.7796043366759565,0.307668680314822,0.23909012853180436,17.62811687039905,13.698855288112776,0.2919837795623881,0.14556667321967104
5,384,0.878319423112831,0.8253402383292748,0.5325211520491859,0.46586214754736116,30.511214513862743,26.69193488936463,0.5747302631938088,0.37611615288278066
5,385,0.8054030276345777,0.7509237744384041,0.5296936387845272,0.46314190635104163,30.349209937280545,26.536076549557905,0.5504784550165989,0.3636149500594913
5,386,0.7583785080923512,0.7145707493610829,0.22517440634871377,0.16060981775323202,12.901543138145108,9.202264705625517,0.13666835124684035,0.061208767921668475
5,387,0.8219145050397095,0.7845411145718956,0.11140424009442859,0.048933006495403754,6.382992777272866,2.8036547510728784,0.045070008251593734,0.008410055604503149
5,388,0.8206994320871279,0.7801662427332899,0.19251721858333695,0.12593825307243203,11.030424108422748,7.215730380300828,0.11745907037404005,0.04421388971681658
5,389,0.6898945453440952,0.6483861652773258,0.06480601883423241,0.04000125293663056,3.7131113662468405,2.291902968504221,0.016498402638531053,0.009227764469856944
5,390,0.7676308740509296,0.7288444491649559,0.08232711274503983,0.11852425255209967,4.716996099788472,6.790939441177987,0.03681665597564068,0.10155388152406915
5,391,0.7360338655187114,0.70047377347445,0.04010899458499714,0.07161986367650622,2.298076110233409,4.103515917966114,0.013096315910105088,0.03397762024919661
5,392,0.9647969141524673,0.94283952502938,0.09510051069465149,0.16371961397969348,5.4488578923422795,9.380442904547468,0.044269902138968996,0.09259791618398885
5,393,0.6882000152241229,0.6446673987066667,0.10392897134786601,0.03906230307487524,5.954691427368781,2.2381051042512494,0.02848691339619174,0.011312225263476052
5,394,0.9103857372325577,0.8805029697523999,0.050744035526422475,0.029943110548451866,2.9074190711259185,1.7156138599199475,0.03401298575308431,0.0067226198232771105
5,395,0.818959621950125,0.7897755580113411,0.07183694624643401,0.1400899633245841,4.11595383302883,8.02656365064116,0.030807904697349994,0.0935296544661526
5,396,0.7834875716023676,0.7367075435942201,0.3016641778752853,0.23471355246113068,17.284084222537594,13.448095950545225,0.24025874326766225,0.12369051310093974
5,397,0.7310378488007476,0.6817714799654764,0.31424867001675927,0.2452231122468105,18.0051225095596,14.050249370805092,0.27656117479853654,0.13941322768348846
5,398,0.8533187239043428,0.8263612648497345,0.029140343193022125,0.08937252948821854,1.669618678522945,5.120668744083417,0.018807476785496324,0.03162791395680801
5,399,0.7339815566123344,0.6884549344105197,0.16900713944504875,0.1017519800387572,9.683395797780271,5.829959013320186,0.07978198899306958,0.020680632506273236
7,0,0.7500169845690791,0.6690389101719284,0.048102405121437125,0.04818738109922365,2.7560647978868236,2.760933562773989,0.0060719730432713965,0.005684053218236911
7,1,0.724663513216016,0.6416055949519632,0.030246243049761014,0.02295546106336172,1.7329820728782057,1.3152510357075193,0.007058944750893725,0.0035466203927508088
7,2,0.8466624255207783,0.7775427388573062,0.02771871363228476,0.038407932533705065,1.5881653046616568,2.2006124340045066,0.004713037129510181,0.007232236522662333
7,3,0.8141181791776684,0.7413475423785342,0.011779986438935647,0.027370436501252354,0.6749435056723566,1.5682104949525753,0.005170469250255986,0.011377848311499508
7,4,0.7987685157738805,0.7248765291173067,0.07963389821090854,0.09610243061455698,4.562686273659456,5.506263675162949,0.021016092269204235,0.035708919283096656
7,5,0.793482391481102,0.7176650271777056,0.023024875142244078,0.015167787290180482,1.3192281694662666,0.8690501962795133,0.0022711877069286554,0.0019998472872393316
7,6,0.667349389474111,0.5765617521595445,0.04110080611532805,0.05752794122743729,2.3549027249937815,3.2961082364088052,0.008588972952616559,0.013666563049998762
7,7,1.0709141021870447,1.0170289064917355,0.04021213878019114,0.05769525185768986,2.3039858372992987,3.3056944293899515,0.012696872921933042,0.024978866840417738
7,8,0.8497373772312946,0.7787412815905612,0.13465286394678935,0.1498331736181273,7.715040803500314,8.584808479369606,0.04244561930887092,0.060768764006794276
7,9,0.6522061012608401,0.557488357668979,0.05423317274252082,0.038947428130765877,3.107331907750379,2.2315232547819814,0.060183956751266546,0.04130972108379791
7,10,0.7028769140621667,0.615395497413935,0.135118519690112,0.14699174800814366,7.741720912298729,8.422006784117157,0.032665984264499306,0.04171152287496098
7,11,0.7314273328546068,0.6491894984625878,0.06622300413077029,0.07821801836708593,3.794298643370554,4.481562334310779,0.022935595747837018,0.036195539200415135
7,12,0.7211902689382356,0.6363085409753942,0.10018183115521016,0.08588764637055472,5.739996109085763,4.920999649344889,0.04237822639770564,0.028059842185064424
7,13,1.2263348831064524,1.1759444540017674,0.07631551223980014,0.07620397586702038,4.372556762719524,4.366166199297046,0.010815235886043911,0.011982580691926085
7,14,0.8668323330922655,0.7891188527306869,0.3771050871268402,0.392169838015563,21.606529925281137,22.46967657062091,0.2588588993099969,0.30659283218305455
7,15,0.9048891392440939,0.8400844944791731,0.05704455011865614,0.061391559628481626,3.268411966021496,3.5174772644377295,0.01707732675906616,0.016917474755818344
7,16,0.7993887779335898,0.7249422906629617,0.048239364535735615,0.05988810618896751,2.7639119942907104,3.4313357276591434,0.013379704050942957,0.014164528284938943
7,17,0.7013767507428061,0.6141891799897593,0.11262650468805036,0.1259021186394872,6.453023379935666,7.213660029797991,0.027398805603165488,0.03685830117235516
7,18,0.7161120604314997,0.6308527727975324,0.05511903348423625,0.03875071449354798,3.158087989487002,2.2202523935967284,0.016529577553891533,0.0077675462563460244
7,19,0.7729753510406987,0.6933239981277455,0.050672622733074796,0.03951726391171801,2.9033274194638565,2.2641724400460803,0.013583946976004535,0.00976160716155398
7,20,0.7225295254366798,0.6376645299156309,0.09082773936566031,0.07506199994370205,5.204046128366581,4.30073579858535,0.04225306881640561,0.028376994339452552
7,21,0.6306681356652516,0.5330967240590505,0.10706778250911053,0.09650593561591418,6.1345320595966495,5.529382808753137,0.35393935635683743,0.3275714838126995
7,22,0.832010680037228,0.7590016621504272,0.08588607788134964,0.0721104943366507,4.920909781533226,4.131626984092111,0.02896492888575302,0.017676556169924224
7,23,0.7131090597301624,0.6271739570124474,0.08781110737949531,0.07361435508800232,5.031205847215159,4.217791858119931,0.05148211002040633,0.03404323428323451
7,24,0.7063389030553165,0.6211088908346034,0.06289039631579706,0.07445654181805206,3.6033542808002728,4.266045603313704,0.01127081772927713,0.014796236263487736
7,25,1.2922048595198503,1.24284352385334,0.13482597014211328,0.12300397424931772,7.724959057899943,7.047608587821764,0.06790280887452811,0.05462791776524552
7,26,0.6967081733681368,0.6093979786568677,0.030973815992092882,0.018417279640995207,1.774668931761737,1.0552323935412413,0.017542449277505312,0.009569997444514354
7,27,0.8862000624393296,0.8181318952321748,0.04239817483907482,0.027123462705803222,2.4292364773367456,1.5540599388230127,0.008359833525580923,0.0034157568971580603
7,28,0.6765686175052269,0.5857544779691402,0.1094538195109693,0.09506125681884588,6.271241909565205,5.446608810929087,0.06717146632650337,0.04669555795884871
7,29,1.0440146711022062,0.9854013483441226,0.12909605822653578,0.11750373612504135,7.3966592881556315,6.732468156983775,0.05454500431832866,0.04098935164914862
7,30,0.7059729877922221,0.615720737147898,0.360593905542517,0.375960400575036,20.66050890572529,21.54094421699737,0.220856459773642,0.25924022714031186
7,31,0.8838589770166907,0.8142243819293092,0.10593759523133092,0.09222845909092124,6.069777098520498,5.284301456904756,0.049664378268766685,0.03724882274586622
7,32,0.7496644639710607,0.6684711951191374,0.10912070456141487,0.0953000044584528,6.252155828863023,5.4602880430472736,0.1020353819560969,0.07634414568946671
7,33,0.8875239247284221,0.8186780961934338,0.12162606216334777,0.1088349778395191,6.968660040755618,6.235784893604287,0.07481784470465086,0.055389724148688056
7,34,0.7841552724265966,0.7067283652852568,0.03852641095276006,0.025339138070865873,2.2074007473797406,1.451825667959881,0.005629275547350959,0.0016434326456525108
7,35,0.8462645567037708,0.7748349393172691,0.07226696531619492,0.058960994584324966,4.1405921108362715,3.378216145575524,0.020923433199331334,0.012953668855306747
7,36,1.0018868398587446,0.9407285378819606,0.09357654266996916,0.08130998811769427,5.361540956415093,4.658719151402755,0.02975707674995401,0.021889815411346242
7,37,0.9369570810347357,0.8743969054058983,0.029361822291972407,0.04305440922052374,1.6823084961431565,2.466835937765147,0.009362508296431125,0.01802638531635125
7,38,0.8817091243119315,0.8144562274680118,0.022355847308931944,0.013432294550661304,1.2808956982406994,0.7696137869294672,0.001414493568378774,0.0007848195163193761
7,39,0.7463309248601834,0.6666167107149293,0.06891152722150755,0.08578415066891211,3.948339669593267,4.915069782443021,0.02206441940838574,0.03764198073781448
7,40,0.8657406125651712,0.7964194968024043,0.06009709340031121,0.04469283185865869,3.443309812841346,2.560710639988969,0.02083027413731096,0.01098401222118986
7,41,0.880295953380825,0.8109778099120765,0.07828542502462998,0.06369744366784826,4.485424451299137,3.649594687940015,0.03162643773449048,0.019334224898843486
7,42,0.6854972489783406,0.5968120965804575,0.11382732631794754,0.12711189646130455,6.521825391276795,7.282975193136655,0.06589786109871526,0.06625513965170031
7,43,0.8878929215009917,0.8186934375582938,0.13970553308448488,0.12656440517086526,8.004537420366274,7.251606252874312,0.09919910077806675,0.07606803087332746
7,44,0.8188146633440132,0.74460131104562,0.08982851612812785,0.07611418861580095,5.146794854064573,4.361021768748092,0.029232303581416763,0.017987752095531606
7,45,0.6767172804894533,0.5858564004098408,0.13012240127293023,0.11691278647118226,7.455464413046633,6.698609235912933,0.33886900894001515,0.28642672691566096
7,46,0.7680805324111774,0.6883488631287388,0.09723876468315715,0.0835732711103945,5.571370821410668,4.788395714728217,0.035385244073759654,0.025840113716475994
7,47,1.1017887654867742,1.0476679382385021,0.06180815801993065,0.05178338630236847,3.5413465940196973,2.9669694840212713,0.011365644388571891,0.008136171820453605
7,48,0.7931284484356627,0.7166031596934861,0.1070247090869496,0.09415436820817552,6.132064134297642,5.394647921049192,0.06460605265387294,0.04604116154590571
7,49,0.6406933543743354,0.5444110774307416,0.09261415485191204,0.07816911706462672,5.306400196185616,4.478760496067173,0.07978802515478986,0.05699118486206601
7,50,0.938468260713067,0.8725300799942693,0.13951884140256762,0.12642997422229743,7.993840774922216,7.2439039268854355,0.07236198837839705,0.05584480529693687
7,51,0.8103516433171922,0.7373576805660438,0.02823716387822318,0.04349198493333307,1.617870315641448,2.49190717932655,0.0026003400257999174,0.006754948503569742
7,52,0.8946834257223493,0.8275016732164346,0.05736748648463555,0.043669034789113145,3.2869148568434086,2.502051388826148,0.028582927105959232,0.016887624784096444
7,53,0.8178139550839666,0.7427632322850515,0.08852229885731755,0.07307854597805181,5.071954117320046,4.187092257495106,0.035682283237277714,0.025301331590001537
7,54,0.7868011485656495,0.7117536885641363,0.061658712126520555,0.07834613548165245,3.532783975061737,4.488902904258834,0.0153137512174031,0.027757830687232726
7,55,0.7215506411987972,0.6380839297954722,0.13782543344778714,0.15450892498061392,7.896815646119413,8.852709298492632,0.04994074257145517,0.07037642179240687
7,56,0.6601237860402184,0.5670013242281481,0.14248887682546113,0.13070139232975725,8.164011269658367,7.488638156978641,0.2501958182632762,0.21441640762319641
7,57,0.7366278506966681,0.653535497476623,0.09695097546244048,0.08275025991062833,5.554881713674244,4.741240646489616,0.06018789092418234,0.04067495167837948
7,58,0.7421135100361475,0.6573023662323499,0.2987051779153204,0.3148518973206598,17.114546013252227,18.03968488816016,0.1640515383514124,0.19620141342453762
7,59,0.9539837622355529,0.8912255995004531,0.1556051126250843,0.17176352985739662,8.915516224075173,9.84132533509813,0.059311381698428284,0.08173348893522218
7,60,0.9664440681006374,0.9050733960451329,0.032572139766748255,0.030682800497055025,1.8662461383449087,1.7579949721231574,0.007575965293531946,0.01205393696089354
7,61,0.7108557728035805,0.6259658155204179,0.03138903508514388,0.035747507828095305,1.798459233366809,2.048181326660733,0.02981516989844707,0.0224362670430459
7,62,0.8694916977528925,0.8002737250139916,0.15204920529522647,0.16678609195895142,8.711777741734686,9.556139150728752,0.05659913526893999,0.07751666252322031
7,63,0.7810422035241948,0.7032585872039548,0.1256221483707181,0.11327987468654374,7.197618915008379,6.490458723309806,0.07913605077924524,0.057812724101491214
7,64,0.7211819698418244,0.638416929844956,0.0395807739990198,0.055718785545546094,2.26781130000498,3.1924512513543273,0.017740660680066432,0.019386419429068307
7,65,0.677094322961929,0.5872507301605852,0.06213764333404246,0.06304993241558877,3.5602247119298465,3.6124950259983164,0.10047694904485717,0.087763612277929
7,66,0.752840659276516,0.671520450570919,0.15790646804118694,0.14488497861069483,9.047374176577428,8.301297789236019,0.2398899507423598,0.1919067308556127
7,67,0.8108271096600722,0.7353168983314744,0.1559344759078814,0.14346959952159094,8.93438735010602,8.220202541019296,0.1190037190795533,0.09291510565691165
7,68,0.7561217297046925,0.6754950671274855,0.06705818198580808,0.052722660845476076,3.8421508096070087,3.020785951145416,0.01795031812835316,0.009570372191924692
7,69,0.7458341548310682,0.6628912133712788,0.06905524926430631,0.05378446400515949,3.956574336068635,3.0816227908689307,0.024263105501351342,0.0181275027917641
7,70,0.8697212312843793,0.7993169565293807,0.07940966783383537,0.06373796160817582,4.5498388194145365,3.6519161949153482,0.03509411079391215,0.02173701790109149
7,71,0.8487395351738203,0.7777552738368181,0.12214164595127715,0.1103741855434011,6.99820081578934,6.323974998830748,0.21467615402341725,0.18419867509178722
7,72,0.9780935028631419,0.9151202838191133,0.13874246050755748,0.1264101763332169,7.949357426343545,7.242769591397853,0.07387550483669,0.05708849080634322
7,73,0.7173224868664637,0.6321391237391708,0.08999354290237083,0.07565191687004538,5.156250191735354,4.334535548728153,0.07607935345894662,0.05377368010534427
7,74,0.8519417920955924,0.7830298336147798,0.0830144996644229,0.10040320005009175,4.756380469161621,5.7526796124779525,0.020790716389410636,0.03439234508163857
7,75,0.7585884461839473,0.6799737109842806,0.043085169798451665,0.056099371482683964,2.4685983890558,3.2142572192943586,0.012624423844039351,0.014324836856948294
7,76,0.8167997373084037,0.7428964067329625,0.06229805155606537,0.04844133189179913,3.5694154260509565,2.775483871392566,0.014379470228336085,0.00961626855580542
7,77,0.7769367259925951,0.698453529832974,0.11107823912676776,0.09788086864818722,6.364314297708719,5.608160668615508,0.050716291502830135,0.03460173756002971
7,78,0.8515868706738913,0.779465902972565,0.1124534484945075,0.09903099698573743,6.443107990427061,5.674058168255532,0.06553523683082033,0.04705475781565985
7,79,0.9408956937545915,0.877862798636971,0.045636457714242,0.05879013494336897,2.6147764189533143,3.368426609259625,0.018388465296993346,0.03172905058295533
7,80,0.8306772463655495,0.7571556906524877,0.04858952947684373,0.03212887453896563,2.7839749675496526,1.8408489115880593,0.011437706133357612,0.005146289771515183
7,81,0.8420005226347748,0.7677116473279378,0.08456938852087303,0.07138119925193268,4.845469038248137,4.089841453718131,0.039391231794097384,0.036386614862840255
7,82,0.7177922814373587,0.6326426820404627,0.04282765728379206,0.02719678557883487,2.453844008794004,1.5582610299894997,0.0118561402348797,0.004608591445755194
7,83,0.7579091234219322,0.6772311385356353,0.1310498198867147,0.11769437052906866,7.508601585458357,6.743390703764532,0.15288267515157605,0.11909588449951992
7,84,0.9498740610985054,0.886676385221119,0.0797733682269491,0.06953913372247172,4.570677316947203,3.9842988732934876,0.01576995002468263,0.010561165682607739
7,85,0.8304418725325617,0.758043807833901,0.10781085728831363,0.09730883094230608,6.177107108307602,5.575385322346172,0.09445054961490854,0.07322949037875026
7,86,0.7897557866575372,0.7128885405354768,0.028699494573744554,0.0228553768924865,1.6443599132341706,1.3095166351203031,0.014504307216872611,0.019279511342655112
7,87,0.9110930174678534,0.8447857662205738,0.05088968943456622,0.03583755310271067,2.915764425332141,2.05334054086129,0.011599021917098225,0.007459754124627651
7,88,0.8169668488434046,0.7422740145504989,0.09775464825256695,0.08312377358581897,5.600928772657994,4.762641403668461,0.06558065720864367,0.04553264085317279
7,89,0.8387336178643721,0.7657244724883798,0.05868723892384573,0.043694015695400386,3.3625311016122477,2.503482689324819,0.017290955340115256,0.012188998874627696
7,90,0.974214901879493,0.9143166632258849,0.023974109882811616,0.028736838254288365,1.3736153138679823,1.6464995485208158,0.004850982015364358,0.004492178377072621
7,91,0.7875861547118123,0.7102662643752758,0.08524618623416638,0.07090276966177479,4.88424669080395,4.062429457407911,0.09749083899308517,0.0729720704545
7,92,0.6414875324819516,0.5454866438117734,0.08097868100293946,0.0665897767438054,4.639736652004648,3.8153131661384507,0.07762075810266195,0.055816797014630916
7,93,0.7485022424411619,0.6677400299273446,0.1786490286127539,0.1934046014165199,10.235835353622683,11.081267399576493,0.07822762983635774,0.10457592441793939
7,94,0.8220391941036049,0.748899068676187,0.040384779606874845,0.0488124848233461,2.3138774280399246,2.7967493679241153,0.014078964762021485,0.023279916146255145
7,95,0.7840727637975059,0.7083484765879876,0.0759733103778496,0.06647299336811383,4.35295004028824,3.8086219715940333,0.07367483384641926,0.0565542574206834
7,96,0.7195355138802142,0.6346355334662592,0.17094165017638016,0.18550313248648126,9.794235098108327,10.628546577931528,0.06025948614710719,0.08095478084464772
7,97,0.7553254995662282,0.6760741888403369,0.10893769454991714,0.12222424842586219,6.241670127595563,7.002933588960399,0.03136484599307568,0.04603388458259491
7,98,0.7807258033275635,0.7029568748425765,0.08414463305686758,0.068758640875674,4.821132342835503,3.939579927231827,0.05152693157257039,0.0340992375898929
7,99,0.9962475477853315,0.9339151659136191,0.12504471437825046,0.11041314998938198,7.164534384292593,6.326207497136518,0.06825716924092218,0.05040270154748516
7,100,0.8429177943761389,0.7710274572798191,0.041912456128371196,0.02663534396214957,2.401406845182892,1.5260927949104304,0.01061357027064978,0.008872083461855935
7,101,0.730024235546141,0.6480493545168612,0.033579296847930276,0.04955069948738837,1.9239519884033534,2.839045952548405,0.00355238754960039,0.009136688620236803
7,102,1.0308819397403868,0.9708139008416099,0.12591252213067478,0.11317299942907555,7.214256105935241,6.484335222122504,0.057205442410937925,0.04349065626100536
7,103,0.7811276206153165,0.7032999849137426,0.08678686284156227,0.07193546969348714,4.972520958002269,4.121598810728055,0.07694956633110385,0.05464910584130981
7,104,0.9079524648939219,0.8421800509685317,0.0556717434707144,0.04906575276124853,3.1897559390069326,2.811260551851906,0.008122340048512519,0.00892364564145066
7,105,0.7262918575022055,0.6425172062319984,0.10268967244047497,0.08836103195347365,5.8836848304201,5.0627142043546485,0.07041619825334725,0.049111538926210674
7,106,0.7884159394616687,0.7116701804523946,0.0561279344621053,0.048518472025005824,3.2158937574655204,2.7799036754563864,0.05196230262027894,0.03640741489743253
7,107,0.7738775492830764,0.6954563051203363,0.061091144588037806,0.047205416205756794,3.5002647505180464,2.7046711187483243,0.07572300014379273,0.05526472139887711
7,108,1.3876515024813023,1.3415059524954056,0.10789924896669553,0.0937220520394337,6.182171578422963,5.369878029165021,0.05481129904144106,0.04192117019715479
7,109,0.7580068779123873,0.6794102074017186,0.10161759939567695,0.11571741680362906,5.8222595696234345,6.6301195990041775,0.03851307057428192,0.056939387588531204
7,110,0.6573099013039972,0.562856509709657,0.06168455103644858,0.04604730107224658,3.5342644355478314,2.6383160094079594,0.01817294820302964,0.008790200570173722
7,111,0.7287625372654881,0.6450613915802476,0.15677703070904817,0.17022045608811337,8.98266218422136,9.752913720640855,0.050287464941377966,0.06177688324516767
7,112,0.7943402203717765,0.7189269159405175,0.07340101557576119,0.06653145139977935,4.205568404465135,3.81197137008711,0.016218946937026187,0.011634215551043693
7,113,1.0013683336273604,0.94106132277568,0.08814450797236242,0.07721305137240267,5.050308294073605,4.423981966965481,0.02245506547667487,0.018974689538860674
7,114,0.7722708411579846,0.6944524210272977,0.11743249315279605,0.1323656013545363,6.728386235354153,7.583990310326062,0.030856408240061396,0.04402649704857807
7,115,0.7838763162010212,0.7062577083185362,0.09910056061803535,0.08504612102816506,5.678043870793803,4.872783798872659,0.03916653580246665,0.024949227582077994
7,116,0.8430014885454749,0.7714602638907365,0.16330900675498,0.178685138979119,9.356916843533806,10.237904325212074,0.05938462186276909,0.08054764831819404
7,117,0.7574363271163784,0.6780846863321606,0.15182182686164802,0.1409915587356067,8.698749917138345,8.078221262521117,0.3257442500524224,0.29207565358779325
7,118,0.7997289196169372,0.7245716518608649,0.07255054484896048,0.06244233255218369,4.15684002122003,3.5776821181924796,0.014528473089284517,0.008540947512188271
7,119,0.7111321170883571,0.6269248606834522,0.06748715054935964,0.08305236203175344,3.8667288978423024,4.758549823012035,0.03080255240504705,0.03421379066992835
7,120,0.6901773061817746,0.601328039657245,0.1390519405150028,0.12500286328838514,7.9670893246138395,7.162136493475288,0.282340473551421,0.2291396589412479
7,121,0.9146119063921915,0.8488741953136872,0.11137363934990256,0.1026286504678843,6.381239483761567,5.880188528933092,0.03453070364202402,0.026517616707647573
7,122,0.78424648710788,0.7066022395836933,0.07569278842159391,0.06041225484476114,4.336877316134035,3.461367233473574,0.030755446678780232,0.01788834624389411
7,123,0.8621976056764293,0.7911997475418241,0.10893015000329506,0.0951431901865711,6.241237856915777,5.451303247101035,0.044454589756799584,0.03226011272291218
7,124,0.8143180587386324,0.739012716464641,0.0759806840179196,0.06182754446225469,4.3533725187439,3.542457355344639,0.02468226074573964,0.01829244785407303
7,125,0.7945690856603923,0.7179264529802106,0.09054476479799481,0.07559842689910938,5.187832879929808,4.331470799147243,0.03583786085529966,0.022279996351916014
7,126,0.8243322916664285,0.7526310976271922,0.028890601456018454,0.04254177157692349,1.6553095310243684,2.437463964367321,0.004483797331402034,0.010843296665658277
7,127,0.9187683417870511,0.8551388120094056,0.06568308322308875,0.08097771127584134,3.7633634540895295,4.639681090734646,0.020007186678546736,0.033950690801910224
7,128,0.9042329870385877,0.8390663491667059,0.011402489874914027,0.015835905893640315,0.6533145457732277,0.9073305724719364,0.0017400101244524962,0.004040996620841892
7,129,0.837801070661146,0.7644918104620559,0.07376450406600822,0.05848698491497128,4.226394760857872,3.3510573920731663,0.025983635665985785,0.01902450490928195
7,130,0.8780426785829271,0.8082813450862577,0.07883474751837835,0.06464545588658821,4.51689831178252,3.703911787000648,0.023790603121639345,0.014831676428522123
7,131,0.7493445264892211,0.6679835978393872,0.05504309475950227,0.03857694864766758,3.153737021058139,2.210296344004261,0.019654690068445353,0.00964506869718166
7,132,0.8729328610910478,0.804305948381767,0.06400509050698693,0.07215759269447715,3.6672215534032016,4.134325521217563,0.02038564740401326,0.030863170390005527
7,133,0.9913119828021534,0.930405386231023,0.06341788993507919,0.05559930580808117,3.6335774389052196,3.1856055666602563,0.022636530175463104,0.028200552520421
7,134,0.9376467148302075,0.874424441771542,0.08088074824060151,0.09234699368437524,4.634125518046625,5.2910929888359695,0.05838890439380615,0.08350412056825132
7,135,0.6260189855584651,0.5276503970660711,0.09294150576288346,0.08624147838816412,5.325156021804041,4.941272730610506,0.3736661039821798,0.36343757488584033
7,136,0.8773907352488548,0.8086636137766436,0.16540890386649604,0.18130148193148019,9.477232085435388,10.387809734141168,0.06155806829327842,0.08292678096396314
7,137,0.8276151622130307,0.7533667575455018,0.08217607794921174,0.06602069643679577,4.7083424434279015,3.7827072663427903,0.03587293026054442,0.021495626979241664
7,138,0.65177490688993,0.5580236701806565,0.030838789165121675,0.026780983292460783,1.7669324644552435,1.5344373138683745,0.05339228290087456,0.04093340268881499
7,139,0.8570843236827753,0.7868685014858943,0.06417183730932056,0.051318697609807264,3.676775441424221,2.9403447831500618,0.013363510036542459,0.0075707928870191
7,140,0.6944707010198153,0.6073699482342085,0.02703651788380289,0.0207130057755993,1.5490783674718775,1.1867678119719383,0.017300422017820328,0.011229846384194282
7,141,0.7870941669798124,0.7092549248973788,0.08512096701150429,0.06981867541482983,4.8770721578315035,4.000315432463552,0.02985061967658823,0.018945645628462945
7,142,0.822005621611933,0.7471732808357111,0.09307460460815742,0.07900401844780962,5.3327820238963035,4.526596821633188,0.03939806184753698,0.03347348289856799
7,143,0.8055616766211009,0.729983598695669,0.11004710756499213,0.09637709803422506,6.305234811096243,5.522000959079679,0.14446095567658182,0.11383987392734683
7,144,0.8161473034387715,0.7412633720715748,0.15235437675433622,0.14214119307750914,8.729262778369522,8.144090458295427,0.08433461323013867,0.06609311089067595
7,145,0.7489760482790279,0.6668865039418408,0.20234253641695815,0.21690731689474646,11.593373352663864,12.42787380357567,0.07665743658932589,0.09814174056749476
7,146,0.7763725809215649,0.6993745823548411,0.1259355344705951,0.14278950923287193,7.215574615889396,8.181236237787862,0.040873186209493234,0.057892476724760875
7,147,0.8946543510683738,0.8244236078923787,0.24861032905898067,0.2635924315128393,14.244322598438199,15.102733837276892,0.12475195527274574,0.15613776651243355
7,148,0.8233429811563177,0.7493300214862443,0.10209579141884212,0.08919287455476173,5.84965795434762,5.110375274627638,0.05411067185480237,0.03705900597534169
7,149,0.7511551323591664,0.6688599265816814,0.09230749224535387,0.07652125257006101,5.288829723095351,4.3843448153191,0.0419873922871435,0.029615233738841958
7,150,1.1278975474037407,1.0703547221046454,0.19931831739202296,0.18867927421019387,11.42009836621191,10.810526093835668,0.13525471412909473,0.11482669425628797
7,151,0.8849352411099807,0.8163136665543943,0.09049933837896174,0.07771347586429263,5.18523013784082,4.452654178315755,0.03099891777374511,0.019973927129971578
7,152,0.7174646801083949,0.633845823208983,0.05068329806524651,0.06586662862787193,2.903939070942196,3.7738798311326263,0.007875125630206873,0.01354274276534062
7,153,0.8085727560216786,0.7345077085537032,0.08739319359323088,0.09916533080317602,5.007261151061875,5.681754929040644,0.030252452271901712,0.04427897223529653
7,154,0.7543457397085357,0.6735226036565872,0.06984884221026191,0.056191751224000296,4.002043862523244,3.2195501885842948,0.016523855696492964,0.008256984453703917
7,155,0.9203370740570099,0.8565517293272117,0.08149374369357579,0.09764574976416372,4.669247570362761,5.594689348877135,0.019229572565964977,0.03210847573213237
7,156,0.7683207436695045,0.6837028913229867,0.3574177366069719,0.3726742897969736,20.478527830697995,21.352663938401943,0.21320941901426277,0.24976611202030455
7,157,0.6337367892474903,0.5372484873515684,0.12842140702046786,0.1438133491543862,7.358004621404529,8.239897944187636,0.12674764949070888,0.13177602305387232
7,158,0.795510256742823,0.7194831080862663,0.0718008403982374,0.0578859020279745,4.113885120311425,3.3166178795107117,0.021156197761838573,0.010976646750374325
7,159,0.7716016065688651,0.6848549030888499,0.4517457346367951,0.46716014433783076,25.88312400772521,26.766304627280064,0.3223656383050675,0.3693750863979709
7,160,0.7276264207469311,0.6433481244103162,0.06891946614327536,0.05368631966960477,3.9487945363044474,3.0759995346585294,0.023360687675790203,0.014381701194578985
7,161,0.810404803947754,0.7357914185998691,0.07308337761728764,0.05882866536294867,4.187369090031448,3.3706342396844104,0.029868892335920327,0.017132200769705175
7,162,0.6870170032265056,0.5986508768328468,0.018800164191803765,0.015323927856206671,1.077170062343334,0.8779963917235977,0.008083326154724686,0.004732797721508621
7,163,0.9651666976381218,0.9028719816972404,0.06907227349505765,0.05696890474418728,3.9575497526401433,3.264077805324744,0.018606153308041697,0.01348152011739049
7,164,0.86253871461788,0.7919183590158296,0.1017113994013315,0.08823171346694389,5.827633914065744,5.055304800863474,0.03652350717221209,0.024333668467718193
7,165,0.7132336304437777,0.6273517828694881,0.146140498703657,0.13322737256789852,8.373233791656624,7.633366163757586,0.26669056419082077,0.2149506984523453
7,166,0.879412017153631,0.8112951618988227,0.07686148311031697,0.06746713578280228,4.403838589337222,3.865582136190626,0.0172511969649543,0.010741493558254954
7,167,0.7557333840151297,0.6765970754268743,0.06718694953642068,0.08204157699865391,3.849528646795348,4.700636106620441,0.010956280934046346,0.02086007461899523
7,168,0.8911348858041991,0.8220754412307864,0.12120931745297563,0.10762038324753376,6.944782327716893,6.166193749664113,0.06531241594675793,0.047662171805747694
7,169,0.7966319949962964,0.7215870237666525,0.043603840097506306,0.040464917151240835,2.4983160081504194,2.318468971112638,0.005240396733168579,0.007346210419518004
7,170,0.9659990944649796,0.9016943791293673,0.0691132776093642,0.054840101092291066,3.9598991153325804,3.142106340659054,0.03182623077768693,0.029632241721228476
7,171,0.8204939144634471,0.7462862709349738,0.03801137089032102,0.027476378992131668,2.1778911255218287,1.574280552551063,0.017266369900412186,0.019553609513658556
7,172,1.1273860108435183,1.0758045180796982,0.055367886423166805,0.05989994342999702,3.1723462126071493,3.4320139516112134,0.008951327803881151,0.01465741070497847
7,173,0.7570176078542953,0.6765206801211098,0.10695740022324364,0.09349997176329011,6.12820762048347,5.357153766628893,0.10057404839013884,0.0756863935371184
7,174,0.9264133933131067,0.8618291300850268,0.06787655803181156,0.05464140042502995,3.889040303097612,3.1307216310385586,0.032654516276246257,0.020438404797174212
7,175,0.6733998477806625,0.5820906903394778,0.1658204731845003,0.15336689478393234,9.50081327033411,8.787275788146284,0.6038501003041279,0.531644785830824
7,176,0.783784864927879,0.7073221320935817,0.1200484635615236,0.13471115082662397,6.8782702991053535,7.718380395715824,0.036888731323270724,0.05500761863397127
7,177,0.7624415027966973,0.6832937649157831,0.02937469939005949,0.020021827805705068,1.6830462995159223,1.1471662314045785,0.00457341109242841,0.005212714353687347
7,178,0.7547017602254268,0.6740387159338632,0.11727919725373265,0.1044252174503283,6.719603027321155,5.983124234639687,0.06552927785993831,0.046694341182563236
7,179,0.8754187539884809,0.8077726973831593,0.015505319138602333,0.025648030374544013,0.8883893466453348,1.469523893284712,0.003718597945782707,0.00831973724782942
7,180,0.6726946843769203,0.581406370002198,0.06161340503867108,0.04971835726393355,3.530188070145934,2.848652035546992,0.12467728068564324,0.10047535858201075
7,181,0.9179591807422511,0.8521173332370111,0.08980132834484672,0.07825064329171273,5.145237108828248,4.483431604798827,0.022117079013099582,0.015825782579816407
7,182,0.7184874907073022,0.6347188169416663,0.031336064552561715,0.03588055081320068,1.7954242454112908,2.0558041282010926,0.05003956163701711,0.039620228825594093
7,183,0.7526180200634751,0.669486280917894,0.25990981429179766,0.2751180772312131,14.89173541294901,15.763104693102742,0.1312943857295267,0.16306005326719225
7,184,1.0063684059623001,0.9452538914657316,0.11220211508321797,0.09844101275891114,6.428707646709545,5.640254562079097,0.04887273633558296,0.035947464519634695
7,185,0.8638224772189428,0.7936140512083281,0.06240916619222395,0.04724946133555251,3.5757818257449747,2.707194718793725,0.017673009929170036,0.012583714785420353
7,186,0.7605534578984186,0.6804655820459701,0.05058968527920195,0.03700470474387909,2.898575453393381,2.120213403952008,0.03263059814409812,0.01991037756457969
7,187,0.8610234341990953,0.7901677050928335,0.10925574641822056,0.09635663850086133,6.259893157315599,5.52082871416713,0.07135060884869165,0.051574488614204744
7,188,1.3103835583206878,1.261463577848624,0.13372944657567148,0.12056119913028682,7.662132885406195,6.907647883201726,0.07015083276465625,0.05337848648107052
7,189,0.8359114013351997,0.7629567448480808,0.14002933096849554,0.12824931759950872,8.02308967253535,7.34814462388472,0.12359015693863323,0.0969972539099607
7,190,0.8137440388630478,0.7404475132846472,0.11311645760439552,0.12780422143813427,6.481095614202371,7.32264249236049,0.026867217177002363,0.03919079234250494
7,191,0.8808252386543455,0.8145063332173027,0.04619027847031781,0.06179529974354042,2.6465080108832026,3.5406098690507246,0.0061292247666264,0.01413197317794105
7,192,0.7474310918880435,0.6649517788831723,0.10818875637982829,0.0929057363925987,6.198759131333221,5.323106587850884,0.0557247708982048,0.038277661268796524
7,193,0.7446447326728276,0.6616574961145145,0.2032867762844377,0.217214283230834,11.647474311918435,12.44546167908608,0.07434711304879575,0.09478359875546066
7,194,0.7936489016594004,0.7169138561786756,0.0977176756774035,0.08330444908943158,5.598810400143398,4.772993347486863,0.05927760946025758,0.040475793334519936
7,195,0.7593801847478086,0.6795528834838019,0.049152457189800644,0.05782712844224151,2.8162283496730356,3.3132504011013615,0.011902443164747683,0.01876484515313501
7,196,0.9282845745039815,0.8632516528676675,0.07404465909209479,0.06077158757806065,4.242446461462009,3.4819554825325354,0.027821459166642304,0.01722576098346448
7,197,0.9219950201867293,0.854805979575586,0.1183372640801877,0.10469144176721325,6.780225790919832,5.9983777644009475,0.06100667094781209,0.05112472133305772
7,198,0.6474230104222513,0.553111669165184,0.1405027433980717,0.15585012079257968,8.0502142067191,8.929554158018892,0.08435094939294123,0.09017648812841782
7,199,0.9989082964827132,0.9399060456594388,0.05648969532929775,0.05772135841301138,3.23662112834864,3.3071902248274996,0.01009952568168004,0.016290228215990486
7,200,0.9079856210103873,0.842384045264382,0.02989927448251677,0.02353770209203911,1.7131022383514094,1.3486109893100893,0.005481714920456919,0.007572420169669442
7,201,0.7948806654475719,0.7202612728944886,0.08362186397258224,0.09769576364203157,4.791179880646034,5.5975549329960455,0.026932013158529857,0.04174044327136915
7,202,0.7385255226005935,0.6560936248781819,0.11145357995836976,0.10043913798398779,6.385819743238445,5.754738704414616,0.0993042459261789,0.07668532937565975
7,203,0.7733658494737367,0.6954314067755356,0.07413279977102585,0.06477782790791145,4.247496550368177,3.711496145148085,0.02603099103719351,0.016505216903355033
7,204,0.9947663814286959,0.9328170176274823,0.13233332815277346,0.11870839474466623,7.582141192073678,6.801490011642336,0.07488304645968252,0.0558552206170662
7,205,0.8265942164828153,0.755592805061518,0.08339192665640519,0.10083414701291768,4.778005442876524,5.7773710546418595,0.02095234757662772,0.03364151980239633
7,206,0.6209169069538125,0.5206876087513094,0.08665225351748872,0.06986149879934801,4.964808411849746,4.002769031660909,0.09099291947378779,0.06367833354301512
7,207,0.8294214933913142,0.7557488227030653,0.042683636420750265,0.03199740304240931,2.4455922211798775,1.8333161497091135,0.012124055027762698,0.012227867574606286
7,208,0.723471607106839,0.6389042821209431,0.10239153743146834,0.08769687755659135,5.866602952678925,5.0246609604682355,0.09361860475440667,0.06819463591859173
7,209,1.0603725629818341,1.0017990426761298,0.1361547011882727,0.12394152534304397,7.8010897389528795,7.101326308570152,0.07834025496458918,0.06069585216065969
7,210,0.8719226808187954,0.8029796644180053,0.061464664967492644,0.04661146542189815,3.5216658918229338,2.670640245594737,0.029152727574179874,0.017070707868165974
7,211,0.8451112741930487,0.7732852557075994,0.07901205167558119,0.06447340053749943,4.5270570916803665,3.694053741655211,0.0236367900510049,0.013828113707596595
7,212,0.7854956726577976,0.7079829314812416,0.11290017928136545,0.0996000608832845,6.468703779092579,5.706663127858245,0.06481965883283758,0.045873140488278126
7,213,0.944373810803447,0.8812973060896213,0.03320086024998764,0.018739240870291628,1.9022691685279511,1.07367941314677,0.008111821057269143,0.002608425712799286
7,214,0.7197892268831276,0.6353588256524468,0.14264050052510133,0.15664407631514773,8.172698667721908,8.975044458583145,0.03966519337542622,0.055553914276953026
7,215,0.737385738300629,0.6559237672114682,0.07902877911004327,0.09074797353295085,4.528015503077126,5.199475882802982,0.010985481746512753,0.017722808710869398
7,216,0.672927620963811,0.5828742776442714,0.03526258547891867,0.049816582534451,2.0203973226613425,2.8542799289891723,0.024002576740573277,0.022288091717532127
7,217,0.8534997797273498,0.7829803013156967,0.06520506103938978,0.05327822720678223,3.7359748004499513,3.0526175588876985,0.01354314768268533,0.009494864584468164
7,218,0.9294217170180336,0.8634060811658077,0.2216928340273222,0.23640862339066673,12.702063738059808,13.545216360782957,0.12330319752159995,0.1573416526974465
7,219,1.0708920336070444,0.9980330744370434,0.49000245532250947,0.5053194035626604,28.075072641027475,28.952669130208456,0.3818159016840209,0.43651262997633133
7,220,0.9967721069045036,0.9373914078473452,0.10781832789958651,0.12165353003522174,6.1775351428039205,6.970233833886203,0.031046041989407573,0.04656396448067904
7,221,0.8740259923858072,0.8040702649267059,0.06047496016109909,0.04554397304478809,3.4649599834527707,2.609477437723943,0.015599281733143237,0.010868905250279455
7,222,0.7683600185346374,0.6909851240175164,0.04118528710992797,0.04316783574901811,2.3597431294334243,2.4733347991326946,0.011412872049386706,0.009892496655123971
7,223,0.6864588017437038,0.5987069009591267,0.03265485401004565,0.048313442435267945,1.8709853153914677,2.7681563452891074,0.010943581993451431,0.013534216976949495
7,224,0.8956236095211579,0.8286412129030337,0.07620711430061489,0.0640436424231897,4.366346018296293,3.6694304154937627,0.01821956788339312,0.012092397366654663
7,225,0.8423455690337063,0.7703647149777914,0.040125632716162755,0.02576584275637598,2.299029404928184,1.4762740455380674,0.008186243455544705,0.005527180089505798
7,226,0.9501162645009139,0.8858114626431479,0.0713490507715427,0.05671928449116308,4.087999481474027,3.2497756183454696,0.02462277883762446,0.01971554717090488
7,227,0.8331689422588293,0.7597141722397385,0.05391519332718923,0.04062521553742882,3.0891130292798414,2.327653392103968,0.01164010445742843,0.007466760120718903
7,228,0.9533844518703203,0.8868005041642658,0.24738606905061325,0.23761933811916977,14.174177666932096,13.614585204920509,0.37434641332900076,0.322373532076614
7,229,0.643035158287597,0.5461802087049351,0.06510618688863477,0.049167167060002175,3.730309728908749,2.8170711631527685,0.023138045913861604,0.012566493382707235
7,230,0.6982162395741807,0.610636033430213,0.05218072708395283,0.04107225710368707,2.9897354338344844,2.3532669871174834,0.06605452513758246,0.04777440491690638
7,231,0.9480860140214546,0.8830498174083614,0.1221535651396188,0.10932977491108495,6.998883734976538,6.264134677520443,0.053606132365998704,0.04267203167080434
7,232,0.8309027530483598,0.7605198425738533,0.05898477070823103,0.07574799867025475,3.3795784171285215,4.340040630368169,0.02498722178022237,0.03030487271063302
7,233,0.7481035674209223,0.6667503572192964,0.10841111857763266,0.09636355428601935,6.211499546790664,5.521224959468704,0.0944555015170026,0.07095722431255536
7,234,0.7191072785571304,0.6327378859375877,0.06179770762964584,0.054253312718852365,3.5407478307621134,3.10848584339367,0.025566084881706655,0.026986368425632967
7,235,0.6957638776299157,0.6053331072700402,0.3198704991402382,0.3350648763972691,18.327229591478677,19.197803280636112,0.17750660724863226,0.2112606782030379
7,236,0.7613020852629507,0.6811599940469035,0.12142098503328302,0.10879695385760722,6.9569099867282524,6.233606279920455,0.07262535354395688,0.05285848030268637
7,237,0.7156183809899974,0.6298053315098465,0.09955391473444868,0.08547594451478967,5.704019148289169,4.897410870591847,0.040260680550723106,0.02960051020177286
7,238,0.8770396116769806,0.8075396939275499,0.10049532650173623,0.08814802240454812,5.757958069338698,5.05050965620523,0.04453386946647608,0.030848736471866374
7,239,0.8063753603803656,0.7261393860876999,0.3087532314613348,0.3234075094258954,17.69025707376031,18.529885352941196,0.16465720835107378,0.19755221277488025
7,240,0.9763253635504311,0.9136835897220842,0.12776460479816115,0.1153112407625394,7.320372626091541,6.606847426110408,0.06466466333002313,0.04740133755936157
7,241,1.0274104319992943,0.9693177794410879,0.10896727074798206,0.0998045998097696,6.243364718918725,5.718382345091977,0.07208317157622596,0.054494014656029974
7,242,0.8922698430858892,0.8241528213651887,0.07279756754467538,0.057966481665614154,4.170993379128438,3.3212347526621575,0.023513547834080252,0.01670606814675981
7,243,0.874881552273718,0.8043220153696177,0.13845954221508763,0.12550723524936488,7.933147402237975,7.191034878144164,0.08125804572182196,0.06301308318470314
7,244,0.7915317115653202,0.714422231748828,0.12110004266841827,0.10864637667106346,6.938521343754554,6.224978842640543,0.06250061223822787,0.044520895995884484
7,245,0.7301124000745314,0.6465170683145567,0.11182449647447247,0.0988531177214163,6.407071694162826,5.663866437147039,0.07880299521821599,0.057783379227265494
7,246,1.0835957127095635,1.0261281249827856,0.15734962301404604,0.1461691561645266,9.015469306679405,8.374875743216014,0.08089863911627425,0.06460523033317216
7,247,0.6739129444671991,0.5833618926179563,0.09957882771624858,0.10896562309739183,5.70544655700139,6.243270315493793,0.09516178397462421,0.0896891255607513
7,248,0.8264115121039276,0.7527060368013677,0.09317372665804159,0.07903964701295506,5.338461299011351,4.528638188046129,0.04426947709776448,0.029426712762027026
7,249,0.9185482499551859,0.8541814038578498,0.040997219818139405,0.029645023202074742,2.348967667349484,1.6985347130462842,0.009389976552946568,0.004377677837784439
7,250,0.8131485186250448,0.7376353355558556,0.1369397608094336,0.12351594190132385,7.846070341911539,7.076942173528938,0.09337148755294186,0.07067817560844704
7,251,0.930709877243748,0.867819961438463,0.07365220867923947,0.08898831844223964,4.219960709137233,5.09865507270652,0.01641137303456345,0.028493097284143336
7,252,0.7831440669087065,0.7056851554857941,0.13134153525880574,0.14396003590181525,7.525315645098261,8.248302475725822,0.029515047812331843,0.04102942647772606
7,253,0.7629963633609941,0.6828712852828095,0.07681306670650193,0.06343240126549728,4.401064533739419,3.634408876893296,0.02396317895274111,0.019390919228901474
7,254,0.7250558563979285,0.6407061175537699,0.1154338917591435,0.10092188044994901,6.6138748105688965,5.782397810305932,0.1132142236172838,0.08451713963589863
7,255,0.8997379989254585,0.8340453459025734,0.11313081841874797,0.12950196921699528,6.4819184282551365,7.419916274766936,0.038987292762926465,0.058627188623144734
7,256,0.743934838089137,0.6630431600948755,0.05105185273129874,0.059904647862395875,2.925055697826842,3.432283495732672,0.007241530832889677,0.012765873237991554
7,257,0.760475378554933,0.6812869528816723,0.05238545310787286,0.04229691376251271,3.0014653709615966,2.4234346450207855,0.006637485441591318,0.003947088115730527
7,258,0.8509042461950012,0.7788785931237188,0.19971449653785242,0.21547513407267424,11.442797759199035,12.345815772379796,0.0876919015206312,0.1141638436466916
7,259,0.823506846789913,0.7513234456037865,0.1249732542084612,0.14117980903358382,7.16044001816038,8.089007210087287,0.04494757862007634,0.06495915607246638
7,260,0.8187274125824713,0.745123644399923,0.04072904511969062,0.03306682817922711,2.333602388956175,1.894589696553974,0.006571382219033992,0.0021317725005795445
7,261,0.7336473891301026,0.6509560582798863,0.043509935712273975,0.03210700886562921,2.4929356831988363,1.8395961007896704,0.02081265276581381,0.011949463446224336
7,262,0.8197659752906855,0.7455026121405125,0.09390668863925436,0.0795055250276451,5.380456927078391,4.555331032055802,0.04591578795581561,0.03030334699963224
7,263,0.8434366203718673,0.7713950529598101,0.07546023585365182,0.06176495788599825,4.323553035476024,3.538871408670971,0.024941084769059894,0.019611824264278502
7,264,0.6551512596526198,0.5618590503997766,0.061271358715266955,0.07350079042227649,3.5105902594169103,4.211285082072027,0.01015483111128948,0.015277766375562545
7,265,0.9002395772840027,0.8319689913060738,0.16519116343177537,0.1532810656678259,9.464756477496548,8.782358142034045,0.21868127363575213,0.1796262735155455
7,266,0.8307331208490311,0.7572007025208597,0.1592986168037915,0.14680582624243274,9.12713842512903,8.411354251622301,0.17067630571828338,0.13699092146956537
7,267,0.8020238297405854,0.7252326909673422,0.1247261787614055,0.1101137961063243,7.146283637822781,6.3090557830564595,0.07610892964650791,0.05653475806599206
7,268,0.725652059382168,0.6419547205913252,0.03273579420988606,0.01852526770295189,1.8756228472352685,1.0614196537291565,0.009014945145273335,0.003170667164368049
7,269,0.7053839187097355,0.6185735018669003,0.032616805385874685,0.020466943383086328,1.868805289810192,1.1726694753840534,0.012187629767791551,0.005304721893859702
7,270,0.7867496360141176,0.7105553643792125,0.04270106602059332,0.04950108406087456,2.4465908636894866,2.8362031980104225,0.006588182033501422,0.0062051114664986515
7,271,0.6915739043158254,0.6023607647766039,0.0547578875384576,0.04141324132468363,3.137395851005625,2.372803943861143,0.015129731865472486,0.009925145230630901
7,272,0.9004953650348433,0.8327992110237112,0.09256617125847415,0.0788755032122138,5.3036509387957524,4.519233441030418,0.07060135811554333,0.05068568655159035
7,273,0.8423074796955013,0.7696811806359334,0.1322648029338446,0.11887306504301916,7.578214986238844,6.81092492474912,0.0723669580148244,0.05383173593003464
7,274,0.7231233219705756,0.6383478237640875,0.15602784131712236,0.14341672057941968,8.939736794008038,8.217172800807766,0.1739778641583775,0.13622715971916924
7,275,0.817592722293025,0.7439055843494914,0.11177503958707138,0.10356393829344153,6.40423802324689,5.9337765739674895,0.05510575598668033,0.042200635275241295
7,276,0.7876225988173369,0.7092894444563554,0.10511462974294551,0.09085804326242833,6.0226246493510915,5.205782413754188,0.04929065032582704,0.03871193042073159
7,277,1.0248250199845583,0.9653380465661375,0.08388003361418489,0.07019438525347246,4.805971911508271,4.0218420205393155,0.02478183321436253,0.014983600608449048
7,278,0.7979968784028515,0.7218393743359708,0.04549974763524915,0.052358583134881856,2.606943508410124,2.9999258349135816,0.011339884469869511,0.017927018294753905
7,279,0.7771591974933286,0.7009367994902188,0.07075636164430654,0.08718035772484815,4.054040895920103,4.995066554074543,0.02224059376258815,0.028893041099323467
7,280,0.6735693932803084,0.582094471910763,0.07744074997203952,0.061875464862523384,4.437028135725712,3.5452029920326122,0.026645646938035256,0.01536133626106468
7,281,0.8556596034337788,0.7848924151214228,0.07532617217431664,0.06130619606464292,4.3158717524641235,3.512586292505576,0.042578444926583386,0.027494663544485425
7,282,0.9117577464358917,0.8444645190137235,0.15588536779806297,0.14447489782103357,8.931573662673559,8.277801890729037,0.16087763459936077,0.13084501542893032
7,283,0.7169876779234144,0.631892964241367,0.08330500805787397,0.06903199015717605,4.773025374019493,3.955241687394828,0.061917991467683245,0.0422428667813021
7,284,0.7488302447016587,0.6679285674913359,0.0620021544071433,0.07098851380288478,3.552461768247768,4.067342234811488,0.010653072852149604,0.011800184608224365
7,285,1.1337555116571079,1.0791119613828362,0.12287554834358762,0.10944848086953027,7.040250325443284,6.2709360279424144,0.05705658662939377,0.044495981373104336
7,286,0.7095966910188756,0.6234705254483276,0.12496041002035682,0.11176059311562998,7.159704100390727,6.403410301404442,0.1874595088895016,0.1545594420293763
7,287,1.0250592493808441,0.9641439326797594,0.15656272069280971,0.14542904790084782,8.970383124783517,8.332470663324465,0.08599580101995699,0.06855217781172304
7,288,0.7896352451178669,0.7131950342185421,0.06156616451920773,0.04897274263334357,3.5274813877586784,2.80593146407098,0.036076334575219825,0.023454690543777062
7,289,0.7297241788819581,0.6466337815728098,0.08265461827598379,0.09087531393115793,4.735760784478752,5.206771950181763,0.05478572151226057,0.04716974023911428
7,290,0.7677143536815363,0.6876661265971841,0.07032650319827345,0.07302967614230221,4.029411821174355,4.184292222161156,0.02978928212569443,0.03953232199038566
7,291,0.9120229271220881,0.8447021098414152,0.07763073408645803,0.06335405281288857,4.4479134236564235,3.6299198412274363,0.029634500106828977,0.024561701013407107
7,292,0.8831183865031301,0.8160340980159448,0.06477174204852974,0.056837876562814735,3.7111474510908034,3.2565704435348226,0.0849830221901967,0.0666849920752725
7,293,0.8953434157990232,0.8272165581020755,0.08690439362296938,0.07195868656352687,4.979254975739771,4.122929039394835,0.030653176685804577,0.020622275950254593
7,294,1.1552711802155513,1.1009953938318593,0.14874385231957804,0.13631110316979358,8.522394966429022,7.81005091240151,0.08336111296094012,0.06595600586443297
7,295,0.8725167657910179,0.8024797161672194,0.10087774875403753,0.08706706605584007,5.779869250387449,4.988575419586387,0.038429693552540306,0.026869014231959677
7,296,0.992087032728992,0.9295335104878452,0.09787686850065239,0.0825583650279875,5.607931477044332,4.730245879604138,0.04349101581645445,0.030700796211459637
7,297,0.9695548482493966,0.9074841395670667,0.07209953476074639,0.05916122631805438,4.13099904664754,3.3896885788428066,0.021741076759427762,0.013502870325179443
7,298,0.8538214091334551,0.784722130887812,0.056129445547837206,0.04860008342772013,3.215980336300441,2.784579664392059,0.01710672176777296,0.011294582340691183
7,299,0.744937523462168,0.6589024738383507,0.3234295843748108,0.3376189900500391,18.531150154347014,19.344143213336576,0.19138210901789612,0.22880825955287298
7,300,0.7801611060096553,0.702535201269527,0.02867420534432038,0.02306107154370308,1.6429109471210273,1.3213020705034288,0.004466315395102874,0.005037365193437291
7,301,0.706271771648434,0.6201501935784859,0.1767443180430395,0.1917629363081586,10.126703476784089,10.987206917493504,0.06458015465275183,0.0852459219549091
7,302,0.7824720980900293,0.7042001783589852,0.057013355211376106,0.06252187131119481,3.2666246294920485,3.5822393533915253,0.006946681600812042,0.008126511074694854
7,303,0.8753382521166817,0.8064969671752182,0.060326617208698065,0.04435441952548673,3.456460558359682,2.541321041563041,0.022754491791210304,0.012031454839932124
7,304,0.7876780928734292,0.71142249848601,0.0743373228230644,0.08683778740608544,4.25921485806312,4.975438720622988,0.019120651512156275,0.030573499734529164
7,305,0.703334736774598,0.6138493841049362,0.2936187251365298,0.3090410783439612,16.823113736334935,17.706749485280803,0.15217037380405202,0.18136329123783018
7,306,0.9276083246782849,0.8631968461264353,0.06697055545059005,0.05473135351415159,3.837130178965661,3.135875563399393,0.013315204059617648,0.00810574562701584
7,307,0.8476928852711931,0.7772216731771772,0.029096505450680408,0.028585362614496523,1.6671069609033826,1.6378206336616992,0.0139717889392524,0.019798954000333827
7,308,0.7786874223074433,0.7003595949286122,0.07141768485703648,0.05655115400685782,4.091931924903561,3.2401424511872876,0.025675244969995556,0.014280053540473712
7,309,0.9689032889396777,0.9060123364165735,0.06351999765446475,0.04800244313481152,3.6394277802817188,2.750337397941433,0.018597614304262947,0.011387061073638665
7,310,0.856852597684063,0.7873107868359243,0.03040415263195899,0.019953349671693918,1.7420296254828238,1.1432427233368083,0.0033339305681101723,0.002629998993560898
7,311,0.683062794803123,0.592883857939234,0.06294636246147989,0.04800916418752313,3.6065609047435134,2.750722485895693,0.02905063438830666,0.01609830685832432
7,312,0.7567571733242211,0.6760988141730088,0.1418490462548707,0.1291200655115383,8.127351678360087,7.398034804263843,0.12975840154988974,0.10140796618929687
7,313,0.9193799936830482,0.8555733559606317,0.036979120620862053,0.041374859720586,2.1187475416805883,2.3706048399354063,0.0052183584631193165,0.009523396307669053
7,314,0.8806678586602633,0.8105604328511666,0.1871946475565872,0.1747911867657877,10.725463252431375,10.014797297762565,0.29891242232931886,0.24418786002918735
7,315,0.9979209325960231,0.9382734299557115,0.07089190892488595,0.06353327221517445,4.061807183021778,3.6401883565852744,0.012375365623852538,0.00870797067527294
7,316,0.8877065645192797,0.821671965895176,0.06360918533906794,0.08026633979076873,3.6445378581940253,4.598922506974032,0.013861397230129042,0.025791421559076558
7,317,0.7296783173109507,0.6453672648627213,0.14575997453403597,0.13175597652313994,8.351431362734619,7.549061380400677,0.14947821137996586,0.11711431577584822
7,318,0.9356530728905236,0.869864708694125,0.12141808167451978,0.10796011038176104,6.956743636524707,6.18565868064141,0.05607777073336569,0.041607860811243846
7,319,0.9732974714514263,0.8930945588149801,0.5501516722960998,0.5653929198148885,31.52136891463086,32.39462807197168,0.45647311476495006,0.5141293026995133
7,320,0.7190124191761866,0.6313924600519393,0.23904029778987887,0.2520539400285343,13.69600019691044,14.441626973278577,0.09350235678333246,0.11192438568915247
7,321,0.6323153333508745,0.534586798423713,0.0856896162606419,0.0744792816820158,4.909653359830371,4.267348501545529,0.18259660028342906,0.152499389402282
7,322,0.7435114775149863,0.6609268026681583,0.1093396278966492,0.09438806362882926,6.264699212008877,5.408037682344187,0.08113019237794661,0.058805148972747266
7,323,0.7925885757731708,0.7104672907390324,0.33158434171315126,0.3462898555926694,18.99838333278726,19.840947213654704,0.1816468458278621,0.2134180598309665
7,324,0.8540579579037709,0.7747047873513363,0.3707774899194005,0.3859125133467303,21.243985310836077,22.1111582760537,0.23552307670583603,0.2774490378183428
7,325,0.7219646831114029,0.6383011398882918,0.11603204668253406,0.1298487418518387,6.648146563174146,7.439784883194095,0.026673837286560385,0.03806480325406243
7,326,0.8541039799891175,0.7746645304993076,0.3791656647555693,0.3943516130354735,21.724592326766388,22.59468307110885,0.24259584068052795,0.28430725420716363
7,327,0.8388529516134257,0.7679604207749394,0.02045072439303438,0.0188322033598503,1.1717401957061122,1.0790057714515109,0.002042773110016139,0.002162047600828228
7,328,0.6708714301097958,0.5795199006618539,0.0420209243167893,0.02884751983441099,2.407621614590679,1.6528411359316812,0.05370912741920968,0.03782510689987127
7,329,0.7919877206726028,0.7146309988879566,0.07209195156711468,0.05526367670911566,4.130564561657212,3.166375435807754,0.027567429977970827,0.01598827699237596
7,330,0.7180990825347436,0.6343582725987227,0.07378519315413007,0.08705343172160634,4.227580158289228,4.9877942297783235,0.010815450451369862,0.019207142302775482
7,331,0.77837859044364,0.7000486432066033,0.11605470113240682,0.10180521989419154,6.649444567539047,5.833009432338461,0.1151843780039575,0.08730912524844242
7,332,0.7430208919556044,0.6619387655393446,0.03475533310023184,0.041681581820322805,1.9913339022146155,2.388178721733716,0.0018838404460568142,0.004014205340192395
7,333,0.9217940169133997,0.8562424355831675,0.0433024435787534,0.02753941880710347,2.4810472596659423,1.577892467890233,0.013245173713134602,0.01206575811929635
7,334,0.9505989115680968,0.8884255057752627,0.04688659987814813,0.059889318884731146,2.686404288736488,3.4314052100082333,0.019356945651207706,0.03284285027686681
7,335,0.7346932699749185,0.652187545374954,0.16713417156512125,0.1840173143165371,9.57608264309686,10.543415467669876,0.06684176290612905,0.08886517490372595
7,336,0.8098220692175955,0.7346182936330332,0.09919916855225393,0.08644354426584254,5.683693689251031,4.952850252585086,0.03270989269968142,0.022054610502106074
7,337,1.1599533861672038,1.1055901441483926,0.12222561309855819,0.10934350028230046,7.003011778946297,6.264921083363341,0.06120218832870406,0.051707388717616876
7,338,0.8373218055194119,0.7649027900167384,0.07136639368362897,0.057098342727411475,4.0889931571410365,3.2714940554721754,0.01830853527494218,0.009855482135305363
7,339,0.9245278815615358,0.8608860991678791,0.04528776092055441,0.057826269786339375,2.594797564345271,3.313201203742115,0.010931899809841116,0.020108519868240728
7,340,0.7796820620703365,0.7024226409722572,0.11791392659544171,0.10560419110344604,6.755970339734202,6.0506744491204545,0.20145699591732122,0.1719494127361484
7,341,0.7515430678352472,0.6716370698589902,0.1188766495791134,0.10771958677994369,6.811130303538832,6.1718776933839905,0.17884546070856874,0.15133289485021853
7,342,0.9611769283309511,0.8966883339181395,0.10369636088609371,0.08933726952513617,5.9413638296386395,5.118648497013011,0.04954610385766603,0.03546638053098262
7,343,0.7823198340936344,0.7053391035924217,0.02452421390246808,0.03169465541216436,1.4051339524874793,1.8159699882384905,0.004836408176825405,0.00946237497328849
7,344,0.8433741718353538,0.7589115872772848,0.49817530687925954,0.5132705850711498,28.543342541816177,29.408238272787358,0.38644787349800264,0.44011253098308095
7,345,0.7067550033134773,0.6187370420166397,0.21602716903268948,0.230209408928563,12.377445045732342,13.190027535807952,0.09249632852671556,0.10888994285223327
7,346,0.861701090108572,0.7915892629014883,0.05489099556335502,0.03973209176257001,3.1450223790515692,2.276481169221766,0.02452872425407435,0.013318366661405122
7,347,0.8574480691456062,0.7862365357836633,0.1258585118723486,0.1120217405213626,7.211161546082739,6.4183729455837115,0.10822936369958908,0.081958739844083
7,348,0.8537266930580274,0.784290440862009,0.03338462121812644,0.04140912188517044,1.9127978964415422,2.372567917363077,0.005030908225691439,0.009848404642477477
7,349,0.7663956540981686,0.6890471967572499,0.026526852028097563,0.039009933394327186,1.5198766649780386,2.2351045425813973,0.02816487692793234,0.024108701879674226
7,350,0.8482195937375642,0.7779096152497849,0.026262522132779072,0.028827262771775213,1.5047316775771542,1.651680491737319,0.007254054842890455,0.012291698819445904
7,351,0.8312499583362473,0.7582782289131675,0.03668421187448211,0.027467238068338087,2.1018505151715234,1.5737568161968403,0.008608717678313435,0.008797459510350962
7,352,0.7000645233463935,0.6124348428729943,0.1624336975535131,0.14930188150734172,9.306765320520787,8.554367683732995,0.3849454894197971,0.3215352649884993
7,353,0.764692844954911,0.6845240581121828,0.0557587426248973,0.040569594864622444,3.194740623362821,2.3244665622984844,0.013277985347284034,0.006218279399218665
7,354,0.7217290035114604,0.6363360782709983,0.04770477097224908,0.04297299654284972,2.7332820393480732,2.4621713349355665,0.012828418555241897,0.014306897817659954
7,355,0.7100785259514076,0.6233949405255698,0.20033526448724162,0.21541148573070792,11.478365142756028,12.34216899101212,0.07888371209152752,0.0985674022821187
7,356,0.839596161782034,0.7656006855746621,0.2311617803196655,0.2466620465542916,13.244594397047127,14.13269423362034,0.1117888862449858,0.1413534734248034
7,357,0.9023666961044693,0.8187145847583,0.544241990198361,0.5592691184021377,31.1827690721664,32.043760096444814,0.44075206001662537,0.4949487295458224
7,358,0.9294727330453298,0.8559350232943844,0.36783786734626883,0.3824941005725128,21.075557344034245,21.91529765145743,0.23767678309831125,0.2809013470109638
7,359,0.7103910635849469,0.6239432071020254,0.13554781098313196,0.14734281158087226,7.766317491570487,8.44212124517529,0.08568479582733292,0.08625609792390278
7,360,0.8629480217610235,0.7920290718957934,0.10686738588630955,0.0932996374510591,6.123050178881478,5.3456754560464,0.046939672779107294,0.03233292319952475
7,361,1.1338236031995625,1.081434755254245,0.05717797633106635,0.052223288999715574,3.2760567248690173,2.992174051975681,0.018607372098519162,0.02514754711297101
7,362,0.7582124470370785,0.6778852516307713,0.06020218942642393,0.06455020138837779,3.4493313715812013,3.6984541062735543,0.007918919383629937,0.009769601138451638
7,363,0.8553773556885326,0.7844033256432292,0.049679602261108353,0.036530708742625366,2.84643153745009,2.093055433574092,0.015969012187357013,0.014279962928376414
7,364,0.8051936988871178,0.7300318255072505,0.0742336036938264,0.06211022428133424,4.253272189703011,3.5586537159314187,0.015962201815761447,0.010315338789137152
7,365,0.6978550515497032,0.6100961594785439,0.09835774578120736,0.08458931015788727,5.6354837156838595,4.846610463970044,0.04766011537394484,0.032380646317074775
7,366,0.7326816186973593,0.651462008682108,0.0760463955957226,0.09326592444021174,4.357137514817157,5.343743842810168,0.021834836610412543,0.030935695266587578
7,367,0.828469303407711,0.7550846505061033,0.13330088076693497,0.12099409103925843,7.637577873321982,6.93245076257116,0.16889318128712474,0.1380959721810143
7,368,0.7208452524017451,0.6356161255651384,0.12322562259815219,0.10851669884740545,7.060308102746022,6.217548850648497,0.07267941371512004,0.05237895480196161
7,369,0.9447726812448537,0.8789013082031237,0.18129620008967096,0.1694796046456908,10.387507106897443,9.710466059743863,0.27005478696755747,0.22471967636333062
7,370,0.6460934179445361,0.5505906443919492,0.08292432273289747,0.0675658824349308,4.751213711575774,3.8712399025986364,0.07140029752078858,0.049492807341790124
7,371,0.6978270597293628,0.6099505446575901,0.06441295893602104,0.048379676816811955,3.6905906929834873,2.771951295810238,0.03481129837165623,0.020299996554714622
7,372,0.9267721703358214,0.8627678077618505,0.04317004439573534,0.031332944793986114,2.473461345268027,1.795245496411809,0.010280254578979468,0.00970714862929262
7,373,0.9363508649043625,0.8553527446600303,0.5260513008457375,0.5407748783724847,30.14051934582751,30.984118197443795,0.4207467412271392,0.47549621448192975
7,374,0.7297950999601368,0.6470877774956818,0.016268741401549217,0.011128416616614893,0.9321302202985179,0.6376113047952885,0.0015679999543246476,0.0009721145914035633
7,375,0.7076951588573374,0.6224250619012901,0.10346793301024017,0.11662577699802024,5.928275876429093,6.682164804420475,0.026176187471514414,0.03914069662987051
7,376,1.0191441062170585,0.9608221081189049,0.13008428612040993,0.1457360985648832,7.453280575671722,8.350063370470382,0.041405090825487156,0.05989574714144323
7,377,0.6480841542454618,0.5529283683018158,0.07176815756613185,0.05728542910994989,4.112012531969241,3.2822133155959965,0.10743633977492507,0.08289663250645214
7,378,0.7698483590625523,0.6895326769345942,0.22835257530453973,0.2430200158877117,13.083638805893436,13.924021247568092,0.09352816454173764,0.1162010116358536
7,379,0.8744194949003874,0.8011834978428786,0.24901740778810896,0.26335276329224194,14.2676464915468,15.089001859753255,0.11442492605658854,0.14281902465466895
7,380,0.7542413354979969,0.6750755843124434,0.16716790867575926,0.18041256088011848,9.578015637149385,10.33687830957781,0.15539693911084884,0.2051239137119703
7,381,0.8286691569230545,0.7528341458593597,0.24713944706716248,0.26178213508213677,14.160047268145222,14.999011492130041,0.12006795043057182,0.14937685989942795
7,382,0.8100702943139516,0.7369081398586286,0.050165257704199995,0.06363163448201087,2.874257544636797,3.645824099338341,0.008877638251351946,0.01701535557386482
7,383,1.4321267643877071,1.3903191208906849,0.10777219984415494,0.09912571070933625,6.174892199910547,5.679484864879713,0.030584341811799448,0.02658491874656211
7,384,1.093255206262418,1.037390697565404,0.12415103906986304,0.11698001952155716,7.113330560866942,6.702461405943205,0.03759225916910145,0.03660552588343228
7,385,0.8992620254874705,0.8263322587999142,0.3119951150350464,0.3266157967019785,17.876003320206774,18.71370667332628,0.1725988439799669,0.20671185741211806
7,386,0.9415800681619203,0.8779399566138403,0.1270979085763832,0.13896740644029745,7.282173746366347,7.962245878908179,0.047902354936601055,0.06748804603296178
7,387,0.7101335889977837,0.6222012133520124,0.2520554673557161,0.26573200161237903,14.441714482680029,15.225322173952906,0.10665957952625905,0.1283682793885736
7,388,0.8126789852897474,0.7368741463978511,0.23921186290916174,0.2536659653914098,13.705830154157006,14.533989223039386,0.12833978825142828,0.16208128546107065
7,389,0.7993987260293247,0.7244454089770817,0.03946682947450732,0.032637315475639986,2.26128275965179,1.869980431391178,0.006277810571503874,0.007264782487869563
7,390,0.9382450200873339,0.8696013851043974,0.27340148738042913,0.2888619162480037,15.664751339497826,16.550568663072074,0.14464537157813748,0.17800533518251105
7,391,1.0795893133289431,1.0201633499226048,0.2144728218146438,0.22781714011596416,12.288387510240424,13.052960629385264,0.09500077644876993,0.12337203165621037
7,392,0.9331084075983033,0.8522554007008405,0.5283871328517079,0.5432778499749159,30.274352661421194,31.1275279065042,0.43449859758415854,0.49287860615846835
7,393,0.8116785015416811,0.7305906712178541,0.33052291672788425,0.34435810046061344,18.937568160861726,19.73026579753516,0.17457785267256992,0.2059407652301949
7,394,0.8922032161609078,0.8252756819373009,0.03324453662949464,0.0330534251085254,1.904771640738114,1.8938217571702505,0.01073235997454912,0.015533740232025658
7,395,0.8701019016616731,0.800870041202786,0.03194720266048917,0.020961284582760947,1.8304398796951444,1.200993139764843,0.005919947806891692,0.005831442488485919
7,396,0.9928874056630754,0.9340765758774511,0.09701454183558944,0.11313482986526982,5.558523798574633,6.48214826721058,0.03203591327486321,0.04954663900520697
7,397,0.9808469056939533,0.9187978132315848,0.1094808337050193,0.12450673198471121,6.272789708871218,7.133710263690448,0.03011435560764069,0.04622717676469739
7,398,0.7381643498027188,0.6552518515752336,0.16075011331273453,0.14831721008288085,9.210303049069438,8.497950166904252,0.3173400428785102,0.2658391921979003
7,399,0.8490131090845673,0.7749507956894717,0.22678236459767634,0.24104201781801007,12.99367235944391,13.810690306289166,0.09673738454312335,0.12192940341196548
10,0,0.9429660334083598,0.8219697239408061,0.022191469814402415,0.027592529547389142,1.2714775615572227,1.5809354891554175,0.004113373644692474,0.017861602945915246
10,1,0.7808051747294504,0.6289169321595914,0.052995750915375284,0.052377251035518116,3.036432859577573,3.0009954268324086,0.007400897076625022,0.008875564062603557
10,2,0.8582255386997658,0.723170065389018,0.020319814806709,0.038741367136135296,1.1642396289118644,2.2197168294673815,0.0014817231600928165,0.006142781018471294
10,3,0.9822733162000006,0.8628492556682971,0.07281833875759326,0.05867046728356083,4.172183481964001,3.3615701574084116,0.011699774324949418,0.01574069342177134
10,4,0.8604264455775268,0.7258002919294566,0.025221042148705984,0.043925001975882956,1.445059270042414,2.516717228321895,0.02677561834498255,0.026782136555853514
10,5,0.8023086249176097,0.6561762835768729,0.06180739665294049,0.08070547207916891,3.5413029709045003,4.6240829337472835,0.04862644854353117,0.05410570835323489
10,6,0.8470653205375405,0.6984448645278782,0.15026913985640844,0.12714795559496375,8.609787504833308,7.285041229308225,0.0688553972359081,0.046237686976409294
10,7,1.110856582805275,1.0083329870566442,0.03195125623763955,0.045250771619076986,1.830672132557792,2.592678233483478,0.0028313219983137836,0.011025171479744193
10,8,0.995245493950457,0.8836289246634216,0.029698828161833682,0.05398771889411888,1.7016175101573425,3.093268438171704,0.005405381904982579,0.022656571974911423
10,9,0.8826837660630164,0.7523990822736228,0.016448685237724688,0.03178709120693155,0.9424402426607659,1.821266169154588,0.0008541353635562947,0.007546213580840075
10,10,0.9157455302483989,0.7906522332745762,0.02695698922395422,0.04714201888177642,1.5445217109122171,2.7010387196518253,0.006341161337984233,0.012524778506671757
10,11,0.8727613223398489,0.7396349862103346,0.026542885023212837,0.04108139324483467,1.5207952879310978,2.3537904494462767,0.012162116861027467,0.011820250577423037
10,12,0.8587974546645213,0.7195880413177794,0.09405989946209206,0.07866828189675881,5.389235260602717,4.507360534229699,0.019167985643056176,0.017730246616505806
10,13,0.8202169202197707,0.6654023743433868,0.12354714230334357,0.09943415075494605,7.078729824883779,5.697157177725977,0.14388380978299328,0.10253559517368097
10,14,0.8594152513221989,0.7222134400879409,0.05202248383643087,0.04637159826869718,2.980668763615032,2.6568968700725035,0.005700929263577851,0.01179495659366637
10,15,0.8538330375966905,0.7158980777885906,0.05178490593748265,0.03835788588409493,2.967056552699714,2.197744972203076,0.012084260548197768,0.019139603941049837
10,16,0.7421912304026506,0.5797898892288056,0.14957337983690486,0.1635413983979363,8.569923392161813,9.370231903869312,0.31164847612084073,0.3391296944147699
10,17,0.8972579814428702,0.7688236928350699,0.016375179739567154,0.02983935157795348,0.9382286878453325,1.7096689088237678,0.0007724419922221408,0.005679473198114649
10,18,1.003251883712647,0.8919753136600421,0.058189628440634245,0.08070539988101628,3.334020121082764,4.624078797097849,0.01794556978770111,0.031837818938559144
10,19,0.761602992521109,0.6046765560112936,0.05133561488219932,0.06857849243993976,2.941314071459,3.9292581821783714,0.030007266138662773,0.032812138790233814
10,20,0.9971122562145367,0.883049699406698,0.04903163153280431,0.0430287651048742,2.8093055494702504,2.465366638169083,0.00678934693212941,0.018811956447769212
10,21,0.8952359205016672,0.7679168403548745,0.029597915235138463,0.05235773785566296,1.6958356253593936,2.9998774039818286,0.003948590034874699,0.017283744424358767
10,22,0.8692720422281075,0.7369118791670645,0.04555940561003934,0.06822599036908565,2.6103616585799,3.9090613012488094,0.010555185879796682,0.026504522782725762
10,23,1.0696447521770993,0.9655920799030477,0.04285816737467497,0.063207215578612,2.455592108234155,3.6215066874280155,0.006848180574468121,0.024992742639536956
10,24,0.8557515804713566,0.7179527269764299,0.052242754371192884,0.04676522108401685,2.9932893356079853,2.679449796110378,0.008422153229674881,0.005975253090020827
10,25,0.9556111018548258,0.832219984545074,0.08365045826481382,0.09243860994511209,4.792818212909068,5.296342213910961,0.032114562480132273,0.03147417904654547
10,26,0.9668514031145693,0.8499607837315167,0.018508356003018287,0.03622415693522545,1.0604506846985695,2.0754913088079694,0.0014017072864611294,0.01252487880741164
10,27,0.8804789149563718,0.7499101678296471,0.008472584740196317,0.027088340401047205,0.4854433471801941,1.5520475789937207,0.001189452499167595,0.01341439365029026
10,28,0.7825404230671998,0.6216018991926205,0.16664998187981647,0.14574141221990752,9.54834061764513,8.350367820477063,0.07030421753990598,0.04702196921091048
10,29,0.9254405119927888,0.8020426396750947,0.03408889067763132,0.03757426817219054,1.9531495641111318,2.152846984559256,0.005047626691772835,0.014257687686130331
10,30,0.7239917354144073,0.5571926371317841,0.055310448611322276,0.07676133288642364,3.1690552684039917,4.398100404190844,0.06661275827099408,0.07832141145448249
10,31,1.0893907309002855,0.9825908775007446,0.03862658456305779,0.0171360240991953,2.2131402724683884,0.9818218585183591,0.007761853879442365,0.013542960025651364
10,32,1.0867798328002078,0.9822062450469728,0.020818158376320988,0.030051541083636706,1.1927926121981152,1.7218264719563838,0.003662940766135663,0.00397124857934947
10,33,1.0634898738219387,0.9587476815502691,0.050624971050964584,0.06727238108972634,2.9005971791922422,3.854423514237009,0.011331055708990734,0.01981252100948685
10,34,1.3253573055346466,1.2432733692922575,0.06847221443037893,0.08801286167812351,3.923168900775485,5.0427655170251775,0.01603764527226037,0.03139215540350942
10,35,0.940658408928073,0.8195920143971788,0.11496201845357902,0.1304400059052225,6.586838461695165,7.473661818030785,0.12617941590789974,0.13329809964590228
10,36,1.4213174444558094,1.3446759220187061,0.04307905924519962,0.04386952484563272,2.468248280143968,2.513538622899059,0.011677557823156172,0.02949668091350191
10,37,0.9017402898269353,0.774446465705258,0.04905575403424071,0.046564325516474554,2.810687666993854,2.667939327967319,0.010304916652932986,0.022517820907469562
10,38,0.9737769632371472,0.8577243565249745,0.05663597345023052,0.07418912044461975,3.245002247313192,4.250723487264441,0.01587790431015735,0.023482817046177648
10,39,1.0065041345833265,0.8831514353091738,0.13839219045064377,0.11661747207996648,7.929288430392583,6.681688967666793,0.05104330786013615,0.033614410680007534
10,40,0.9485090990064773,0.8285939898304076,0.06261293413509104,0.080814244049529,3.5874568688713224,4.630315108578238,0.02265034438367393,0.03257938878613805
10,41,0.8556745947552322,0.7200089163652615,0.03069939801134479,0.032614213130817554,1.758945939642369,1.8686567645359968,0.0018569593008109907,0.006284592730181526
10,42,0.842503632625237,0.7026863703779916,0.07617509560702423,0.08915671834995492,4.364511482288027,5.108303676688998,0.02556924154241342,0.028973220894198556
10,43,0.8406025791590649,0.7023490702226955,0.10220990086908263,0.11718687471891555,5.8561959442489595,6.714313335722187,0.1339964585627958,0.137579593768207
10,44,0.9775460574767703,0.8571598889079611,0.12711914136297875,0.1395525283940376,7.283390295425574,7.9957708973579384,0.16568732061676347,0.16812448346925934
10,45,0.7497795413353953,0.587694923423703,0.029693641164846917,0.029327209949041987,1.701320317121654,1.680325354974184,0.04167130634362685,0.031685016710972916
10,46,1.0988447010394493,0.99775503539444,0.031880119024534255,0.04318775670169939,1.8265962704805359,2.4744761856452113,0.006159392322576775,0.019713986635461075
10,47,0.9123847524071397,0.7868177360893406,0.0852839334799445,0.10212760567328409,4.88640944867528,5.8514807768555,0.040231605253376344,0.052412465861313165
10,48,1.0252150041246935,0.9164930211924398,0.054882623532697516,0.0735002945251749,3.1445426970289403,4.211256669261033,0.009215535879131456,0.02082529884056715
10,49,0.9502158890968682,0.8315741144919866,0.04997388014071818,0.06985482424271387,2.863292417955792,4.002386607735652,0.009639734775350132,0.020804284550974758
10,50,0.8984595892251175,0.7692545346254803,0.033556638280588254,0.02784101293050356,1.9226537481248425,1.595172538287006,0.0030050621681505865,0.009193284932306697
10,51,0.9036768221972102,0.777227136723794,0.02246563585552888,0.041851451845128715,1.2871861185995794,2.397911557220877,0.0071841767470728875,0.011743397731306775
10,52,0.9679352599270421,0.8438177342862382,0.04960717976789412,0.041878948682035906,2.8422820342471,2.3994870099256187,0.04583330962377628,0.03198394308901268
10,53,0.9949922764805514,0.8830191750406648,0.05029679035307695,0.07083201076435394,2.881793810285623,4.0583752712226975,0.009221197132567489,0.027218395085707614
10,54,0.8431521509794772,0.7032600315856403,0.04566159455064772,0.044334857038554144,2.616216653589673,2.540200193625024,0.0073266276078322486,0.006660753621260218
10,55,1.0969756135040942,0.9962405784867365,0.017527113796570366,0.03960490198307686,1.004229647588999,2.2691937316596085,0.0010277755964456844,0.011160254616969525
10,56,1.0248731537696736,0.9140446161903099,0.01573631042246854,0.024969547727699853,0.9016241723151768,1.4306497011476764,0.0024126960546749007,0.008312427597156825
10,57,1.1521306062207781,1.056009028597234,0.06051808646068431,0.057068333649328784,3.4674309384050206,3.269774661950959,0.009232734327553827,0.020958259371151842
10,58,0.9035383188004301,0.7769000192180611,0.0474900145340145,0.05053433096824796,2.72097740181397,2.8954038849978634,0.010873130301990597,0.02620946801345018
10,59,1.054338418177235,0.9394575437362138,0.11700857117164366,0.09970870356915065,6.704097294991296,5.71288789523334,0.029115529866024004,0.020204207467998052
10,60,1.001755500151787,0.8840036807579857,0.08071376615321303,0.0632201668717622,4.62455814918498,3.6222487418647584,0.017202294718531318,0.01148391675106624
10,61,0.7477092161245648,0.5873267871065782,0.08052674953948284,0.09630223140475294,4.6138428865194125,5.5177114171845565,0.13313662829622255,0.13882068517098012
10,62,1.023765227184548,0.9144512848647136,0.030361937227630618,0.0499592073010159,1.73961086098437,2.8624517261673796,0.004011739496900497,0.019960984193428483
10,63,1.0865083435914795,0.9821156004964285,0.1338414933723331,0.1494779626995771,7.668552693962866,8.564456392899714,0.07363978887652137,0.08759647670040185
10,64,0.7721376858121993,0.6183543924850274,0.10429418769333247,0.12064592209717287,5.975616782573201,6.912502151632123,0.11335905424313202,0.13955992821242183
10,65,0.9326731805173674,0.8106580395352525,0.022807769911807694,0.03685328050473062,1.3067889560520467,2.111537434132821,0.0022651400218987334,0.006751399363171319
10,66,0.7698552514547773,0.6145910957638426,0.07152760686342831,0.061028456712244585,4.098229991945423,3.4966729998084545,0.014451406970975307,0.014075089630377175
10,67,0.8319657187153883,0.6918189263276885,0.02796764111805049,0.03568204220017095,1.6024277990008362,2.0444304224774936,0.01508012315473867,0.013060842602867672
10,68,0.8787922912593373,0.746755061802782,0.06776015306420763,0.08302151086973053,3.8823707897395496,4.756782181635048,0.05161400133671347,0.05421865677872994
10,69,0.837662633353149,0.6958933811021596,0.02756223165450437,0.015204230712237301,1.5791995477649805,0.871138250554383,0.00724425673715085,0.0017131841597915615
10,70,0.7627788645875361,0.6063663425167073,0.09979578932296805,0.11353539005772881,5.7178775413827925,6.505098675679428,0.1218796108385426,0.12213858316289292
10,71,1.0676147857566558,0.9637637600096666,0.045191444836045314,0.06392502626074237,2.589279059203675,3.662634210003492,0.0054728402115797985,0.020235049813833554
10,72,0.9203791375974005,0.7954333749704898,0.11027192830359596,0.12548377483407688,6.3181160905652565,7.189690695362537,0.03951806760789916,0.051376269950176176
10,73,0.8910776203652584,0.7608785014237703,0.08350390704892133,0.07895661511826363,4.784421446755917,4.523880810915335,0.018964931022897057,0.024710009230970578
10,74,0.9113481391869287,0.7852363322775674,0.05394407927024946,0.05071071583925063,3.090768071904448,2.9055099936762754,0.005715260058073698,0.00823598763287686
10,75,0.8815885977688735,0.7513268320047254,0.038112749257415125,0.05359541167550527,2.183699678090249,3.070790890272628,0.006836768210431388,0.021577592111859882
10,76,0.8863349226086988,0.7575166037910862,0.02480871314855382,0.046602793700932656,1.421434558562846,2.670143392582299,0.0016791200597907202,0.009781862232562208
10,77,0.7801945276508454,0.6275102145048868,0.023463119312040443,0.029868768711480767,1.344337710791813,1.711354386420254,0.0053137967621489975,0.005246181440006834
10,78,0.9110035387621913,0.7859740180525184,0.04676107406961184,0.06636739291686998,2.679212189687391,3.802571511423084,0.008231488367231622,0.017623413194413046
10,79,1.0650559975981073,0.9590558044881959,0.02426099532123801,0.04330632506705688,1.3900526386935748,2.4812696525639613,0.0018319826424234818,0.012545869541363566
10,80,0.8862945434442077,0.7412184599746764,0.2254871762160951,0.20693877820939746,12.919463531504926,11.856718608992281,0.10906792629238507,0.09480556440188367
10,81,0.9668447580171017,0.8480060552435491,0.027511034557311003,0.04587354313110152,1.5762661701724796,2.628360412723465,0.0022382719159271553,0.012202777461677698
10,82,0.8384155659029617,0.7002722991131393,0.021078646053055174,0.0410775305613922,1.2077174566901523,2.353569133987428,0.00870269669321234,0.012349840183030385
10,83,1.0729189867095275,0.9695247112272379,0.029244976274780097,0.052405427254476916,1.675613712505124,3.0026098052613843,0.005207367925473945,0.013213004971230992
10,84,1.0487488431093916,0.939913357356835,0.15176180343121062,0.16727052923196006,8.695310827902384,9.583895361910976,0.12144114719636073,0.14247302679540214
10,85,0.9005990791576464,0.77258865575204,0.057037687145852466,0.07242689883469426,3.2680187466449326,4.149755626448961,0.045876529177412396,0.04515280561523182
10,86,1.2375567868376152,1.1499175613371322,0.021015291581475644,0.04301958130049735,1.2040875128553636,2.4648404449384156,0.002395582485647609,0.014681006637677158
10,87,1.0290330439952222,0.9182595661376112,0.06443057882726856,0.05942380192398811,3.6916002383874496,3.4047330528659,0.014418434861033134,0.030342036126662544
10,88,1.167528913786485,1.0715482437932229,0.11025748982150294,0.12681883491033336,6.317288826478751,7.266184003128447,0.0378865039431841,0.05430935181201148
10,89,0.857439058857597,0.7223267174405076,0.046204695973887176,0.062121240615767064,2.6473340729888424,3.559284905400124,0.04620766227440798,0.04508888917944617
10,90,1.119766130699568,1.0195626254225014,0.01623600106517514,0.03117921668812593,0.9302543372044445,1.78643752475348,0.00114609918874205,0.012155610960467687
10,91,1.0806316265745837,0.9771832173697297,0.022113822276224965,0.03481233655697715,1.2670286853300738,1.9945999597037782,0.005229463713105683,0.021809067750284974
10,92,0.7690408986090504,0.614411592888655,0.04502846348339079,0.05973526477047187,2.5799409155572377,3.4225785594445504,0.06333334485949997,0.059439744240498665
10,93,0.8993072600508031,0.7715377609996616,0.011500671884608845,0.03302190453802061,0.6589399605528533,1.8920157615124815,0.0020743696438368445,0.005354358257811193
10,94,1.0162481785445008,0.9009726117350457,0.06918244671388024,0.051884568762800475,3.963862213094049,2.9727668119647745,0.012198252068737515,0.009308360583164553
10,95,1.1267782061580378,1.0283048295666413,0.046601537830945304,0.06435685148353258,2.6700714365324068,3.687375972756668,0.03858867159914977,0.04095517193633876
10,96,0.8083826491887245,0.6638392005175051,0.021879186521716876,0.04550897793060807,1.2535850468738927,2.6074723653778493,0.006034035423232112,0.011638071006115792
10,97,0.9876979645527553,0.8727569959121498,0.03238634148825644,0.044983482591872626,1.8556006811465315,2.577363700314511,0.007237718966767533,0.007979553353912972
10,98,0.887425060330561,0.7571374919423429,0.030379445362840075,0.03963740794417906,1.7406140032390163,2.271056186039781,0.0037400886252102446,0.016737023674977945
10,99,0.926347614004683,0.7941537380439452,0.14670002344703603,0.1280471419916662,8.405292197985384,7.336560814834852,0.05200865096152338,0.04305087440877864
10,100,0.9584576935567211,0.8379731101517062,0.032070973922686735,0.03410201254619616,1.837531450644072,1.9539013917992223,0.008443389203985944,0.019220416372825
10,101,0.9492465702545784,0.8305943387725749,0.027660321155759716,0.03837508092437649,1.584819662201455,2.198730175439767,0.007957040094457059,0.027723219897582856
10,102,0.886859185951071,0.7545234724178197,0.04046916623528001,0.025466523973290002,2.3187124256948795,1.4591243425382492,0.004855959951389235,0.001817551843738609
10,103,0.949444004361249,0.8297619881473408,0.017003230141435177,0.040341636313837845,0.9742133251938655,2.311405499434608,0.004914901051478538,0.008993426998856992
10,104,1.071509170727041,0.9664033933952788,0.02201331263360897,0.02983926115994296,1.261269907007809,1.7096637282533729,0.003330491895672482,0.016497481706140182
10,105,0.843223633782026,0.7057416223470504,0.0618450397937421,0.08349426221992315,3.5434597640000494,4.783868838760196,0.01631551895182924,0.02936806208209767
10,106,0.9464957806517695,0.8251682223359242,0.13081206105235127,0.1467995014576061,7.494979007707382,8.410991868145405,0.06547089566084041,0.08145210890991257
10,107,0.7916267538789358,0.6398487630489442,0.03401139277303089,0.02014428230768648,1.9487092612564194,1.1541823575504897,0.014636361396194831,0.007246845283610549
10,108,1.1002810796960876,0.9998522891485178,0.06758841509449973,0.08647446337287515,3.8725309288931413,4.954621786924368,0.013140468760389518,0.027999366251952845
10,109,1.258347044086486,1.16983787974064,0.1009639736244444,0.11824194678155951,5.784809571550825,6.7747645119938475,0.02836454244092216,0.048627868261694324
10,110,1.1164117535739033,1.014313666230194,0.04178223807190676,0.033696904482230214,2.3939459001310834,1.9306904094872577,0.004575988111921767,0.00906529399897637
10,111,0.9215723785866045,0.7975635462533934,0.022705330886162337,0.0443151924716282,1.3009196322251353,2.539073496934215,0.0021390905095355697,0.007782209322089926
10,112,0.9243135313582178,0.8015090136100685,0.03388767253139287,0.0531094375111353,1.941620613570222,3.042946621701832,0.0028895651850226085,0.010309832956213624
10,113,1.0991367864887063,0.9976722207084665,0.016518473192047106,0.03106944320317812,0.9464387979042922,1.7801479673635277,0.0007144305490406721,0.005833580171273297
10,114,0.6859960170546044,0.5036096085320233,0.1107818230863032,0.10440808465443127,6.347330909610121,5.982142597743528,0.22939721836600907,0.2241362113953748
10,115,0.8635278306093748,0.7290579449440867,0.07181307415041933,0.07321988198745945,4.114586062679058,4.1951902143273845,0.015062328351336262,0.026944345295441277
10,116,0.8834889002109965,0.7500747248416257,0.05992873928715971,0.045835769783496585,3.433663832694097,2.6261961593276215,0.011160228359099383,0.005575285258427216
10,117,0.9384813566745195,0.8178693798799438,0.04960778251666255,0.06967524704568985,2.8423165692076373,3.992097592249386,0.007518177724069906,0.01907072627821496
10,118,0.8818667809726775,0.7513401560346116,0.0875272016384198,0.1070410288618351,5.014939246471998,6.132999188521185,0.03424843055027993,0.05008572282136063
10,119,0.8768567824879818,0.7358121253522035,0.1229622283603391,0.10073645195316262,7.045216724571267,5.771773540038617,0.04716070424139356,0.025770895821234818
10,120,0.9941742144263318,0.878723126049157,0.07788731973607273,0.06724821701872996,4.462614698462969,3.8530390149530622,0.01803294478349967,0.027460011818517215
10,121,0.9097175325579422,0.7822521553990579,0.04493522722422438,0.042116372681661816,2.5745988714094143,2.4130904030592992,0.0036669831788428107,0.00514423602889396
10,122,0.8282425285400282,0.6877824728489453,0.06330209645008847,0.08175022428282996,3.62694296092014,4.6839428256540545,0.020791560726374166,0.028763957801526817
10,123,0.9258835233346592,0.8027804186213476,0.032544766683470006,0.050684730627907064,1.8646777762008049,2.9040211507365337,0.005186575938051077,0.010061127644871604
10,124,0.8477508329140306,0.7113048046173669,0.040448401749434704,0.06190780822075253,2.317522708292184,3.5470561299544223,0.009083552130155936,0.01811321600125832
10,125,0.8197083404629885,0.6772772101489323,0.03810751379649006,0.054542418425324264,2.183399708275437,3.1250503802076577,0.05931711928450622,0.05475867019830161
10,126,1.0947365148646682,0.9942178876171289,0.07640099513181618,0.09372840217882317,4.377454571652616,5.370241865351357,0.02681195274119858,0.03909322315549728
10,127,0.8458795628680857,0.7085335478550049,0.014373018742468206,0.030126389119176675,0.8235133128058582,1.7261149484976692,0.003730539041822111,0.003719442453016218
10,128,0.966252826236013,0.8497699339624091,0.04203290508659248,0.05307686002924539,2.408308062135719,3.041080069482376,0.012368439836923262,0.034183697675758636
10,129,0.9051165357431644,0.7745499239055124,0.040106449330869376,0.03279881121254881,2.2979302779140998,1.8792334555254089,0.0026225682103929795,0.004395222535445613
10,130,0.8589540639579195,0.7229868242783641,0.051352469394856354,0.06454431495528008,2.9422797638999976,3.6981168385006695,0.08462618420681896,0.08065182809501706
10,131,0.9250655819249741,0.7990786429952768,0.05221594308508197,0.06785296775163795,2.9917531620705122,3.887688679606133,0.021137014483830777,0.027724300714658333
10,132,1.0879601536729209,0.9847900404024328,0.014550539331432676,0.030958614309552955,0.8336844933301989,1.7737979395107015,0.001076160077554384,0.011817912194526388
10,133,1.1367873544432052,1.039972695342597,0.028296712412194117,0.03199388166352827,1.621282195314174,1.8331143895611632,0.006730483755891029,0.02438363445296081
10,134,0.9677239835721956,0.8509374087533444,0.01680342196810063,0.03068807785712117,0.9627651601495775,1.7582973425819184,0.0009043175320264931,0.007171910235758165
10,135,1.1460731580034749,1.0500386139361944,0.06053826319402941,0.0632726566732845,3.468586980070056,3.6252561859594654,0.017073676564463975,0.038371085555176876
10,136,0.7612070305899552,0.6047475720231851,0.04039545909590888,0.06124461037448554,2.314489317688931,3.5090576923811576,0.010780379418793323,0.017006899505575605
10,137,0.9185534974681068,0.7939149372299176,0.07824428792531994,0.0942741956095017,4.483067469127261,5.401513525415203,0.04354784264292195,0.04686266769938583
10,138,0.8106708655083699,0.666440135077971,0.04199535926619247,0.04813355575899858,2.406156845088442,2.7578495979482365,0.006146799481874446,0.0166285706393446
10,139,0.8809355730016505,0.7444249863366056,0.08993072772420342,0.06921570176674686,5.152651147136999,3.965767587270791,0.029531196074830082,0.025933378386132157
10,140,0.9316947640616252,0.8101602218482546,0.014440790747383577,0.03741876294216939,0.8273963626566487,2.1439371911868332,0.0016657608982864882,0.012328893020817949
10,141,0.941509480995903,0.8206521104403799,0.044885153200112264,0.04310604798876706,2.571729841164554,2.4697946212447435,0.004727977875492707,0.010633511152938244
10,142,0.9363529232655451,0.8150522264993335,0.014766489132083373,0.03279950718890261,0.8460575054941752,1.8792733320331223,0.0038343639102387753,0.004892903720637153
10,143,0.9305032823639717,0.8078288209609975,0.02366267007396887,0.0366210941117198,1.3557711272489317,2.098234133752935,0.016723044731632216,0.014355563704913747
10,144,0.8357493565149771,0.6965121669808797,0.04479707304590522,0.0628128883194961,2.5666832200696286,3.5989133997337124,0.012037387723684815,0.01527786556740389
10,145,0.8421638731332568,0.7047542125062922,0.040641116973732225,0.06270255107632415,2.3285644772923493,3.5925915413768514,0.012254963891846445,0.02012938615922769
10,146,0.815690770808488,0.6691112735530371,0.05543273018847906,0.04495263946577535,3.1760614866872783,2.575596519362147,0.00822408763275247,0.005797263947729536
10,147,0.9405701785690143,0.8198978590348127,0.022290794652570615,0.028568001091876797,1.2771684555850804,1.636825891689668,0.008156401994577038,0.006243917349787799
10,148,0.8502592021092616,0.7144376716037291,0.044491394156175444,0.06458644957098164,2.5491691098018676,3.7005309741517745,0.015129312743956399,0.02030377191565043
10,149,1.0457226606007706,0.939617008032938,0.041648504408554214,0.06221466830876671,2.3862835256421593,3.5646379178986476,0.006726752440315013,0.027577809215336577
10,150,0.8699637834873789,0.7374833123812495,0.030011039780250475,0.04775799977430758,1.7195059182075738,2.7363318250545623,0.006850741955232871,0.009536449342660642
10,151,0.8725079441534913,0.7409666349490572,0.01827367702700152,0.040161434631432194,1.047004569832357,2.3010807035716074,0.004973789327224067,0.009303139510385864
10,152,0.7949112085247227,0.6455270180616547,0.06423873679922913,0.054125896044685415,3.68060849984756,3.1011854057243102,0.009777558155752531,0.008842973618447516
10,153,0.7398285296170019,0.5762439474418448,0.0223663650396292,0.038907723529574056,1.2814983198197074,2.2292483487064403,0.011123391449765232,0.010689180242831883
10,154,0.9116500783071249,0.7865642023664254,0.03747778797676512,0.058368588680331186,2.147319076554782,3.3442737875180484,0.007395106634969412,0.014583245646224326
10,155,0.9364196112106574,0.815346801116112,0.022593892764542923,0.04592101372165784,1.2945346981794774,2.6310802772133357,0.003049223424788347,0.017190018330258856
10,156,0.7742442013006908,0.6209431190788265,0.017169587246432205,0.03206865168875738,0.9837448852022098,1.837398396440878,0.0075829051040690685,0.00701943289313685
10,157,1.0103542806280406,0.8973566988401872,0.0362447167887658,0.026939246037113035,2.0766693016432383,1.5435051011911052,0.005286470790739937,0.010040098092422695
10,158,0.9130923139069929,0.788608352303766,0.020576466251770308,0.044928003969083925,1.178944673519811,2.57418500937552,0.0030801325409233627,0.01828358726251843
10,159,0.8966651717508062,0.7682083797985775,0.023447095092897722,0.023598475243451857,1.3434195906649424,1.3520930343937492,0.0017756021357530506,0.002365635670023504
10,160,0.9840438509123008,0.869967273093121,0.02713406727789876,0.04927023020946675,1.5546675360476292,2.8229762466404145,0.003603355747075123,0.012369066160344815
10,161,0.9225415214552234,0.79821508476687,0.11549051374883537,0.13126165745483995,6.617119011605874,7.5207389840542485,0.07838587334613925,0.08804241306523566
10,162,1.0772691013948,0.9732412737843068,0.048107454909141756,0.04566159011883056,2.756354129409736,2.6162163996652543,0.006254380991878146,0.013171119428262976
10,163,0.8326734166512572,0.6934165385240987,0.023421875248728664,0.04533708010230351,1.3419746000340778,2.5976233453085333,0.0048794187180119675,0.008719681266796137
10,164,0.8871603791657624,0.757761874756153,0.04015894182835517,0.060907880850181735,2.3009378764761372,3.4897645118011016,0.005229936233981148,0.012585471171389605
10,165,0.866138135639473,0.7296589265106177,0.0950755599570235,0.08239272919075888,5.447428320380458,4.7207556451948225,0.027109442672991757,0.02940435748934802
10,166,0.8862023314730032,0.7565850926388146,0.05054388239826701,0.05276448779745813,2.895951141626269,3.023182458963884,0.007590081961715031,0.01706734694149867
10,167,0.9610578336768498,0.8437670808351518,0.03615186616748537,0.05610244870356104,2.0713493529187024,3.2144335310632446,0.00690348355295645,0.022622036162105046
10,168,0.9801421336419706,0.8645970654124725,0.06950996015799642,0.08670522700697901,3.9826273511756995,4.9678435692236205,0.034054596598627376,0.041940161513403164
10,169,1.0283843829562052,0.919497756262829,0.030697123179331147,0.04268668150786066,1.758815601368886,2.445766691819553,0.004913916540042077,0.017737414952671456
10,170,0.8293479791286714,0.6862976922009968,0.06959656827176311,0.06070180833980774,3.98758963056612,3.4779574266830062,0.01022908650605471,0.012426811668669373
10,171,0.9351510906627264,0.8133218560605746,0.02182226281100252,0.02419723319882436,1.2503235584957364,1.386399338186476,0.0033821173957048903,0.014489844441888045
10,172,0.758092585782472,0.6001209932217404,0.02060639677366382,0.039711924164766,1.180659566102933,2.2753256509846786,0.0024953799785661073,0.007665142725429598
10,173,1.153514425624886,1.0574021234264719,0.0834134236805902,0.10104352194608004,4.7792371316344155,5.789367354647897,0.01820313513819817,0.03439695506916511
10,174,1.0314746581578285,0.9219749457032738,0.0885190321680298,0.10619512789087296,5.071766949810876,6.084532632999036,0.022024562855344744,0.04275212046812121
10,175,0.93334508746823,0.8115123088398388,0.018246199427104624,0.0331565276623191,1.0454302193271154,1.89972909835965,0.0023912837384410233,0.004845236052321362
10,176,1.0505256920202866,0.9447375805236286,0.0647796296747874,0.0813584600217444,3.7115993787857433,4.66149638692979,0.018777610944767553,0.026838055089195623
10,177,0.9224316835592884,0.7552930543872666,0.4934562688701984,0.4720983081965936,28.272961580535156,27.04924057493121,0.4191156699779375,0.37821390762046253
10,178,0.9351051203861908,0.8134169099554933,0.021706958532817656,0.043171125823073524,1.2437171099959414,2.473523306490355,0.0015610552999526517,0.007361236928033813
10,179,1.0679828357110557,0.9646397946729227,0.023900397509948473,0.03606022196026981,1.3693919060050295,2.066098526628428,0.002641943224685748,0.014705423411608598
10,180,1.0152789767914203,0.9054318960721106,0.049891475681659574,0.07201114153951522,2.8585709902386753,4.125934488133428,0.00983319129209198,0.024403245159386154
10,181,0.9331603834980425,0.8103279845514282,0.06719001766277655,0.061032454625991606,3.849704437486552,3.496902063393016,0.012593014852344143,0.020574049276065376
10,182,1.0816358306838194,0.9793923022249067,0.01680799449235461,0.04008109782145218,0.9630271464910519,2.2964777434202084,0.0024439568684148007,0.009881926243985747
10,183,1.0552235320547412,0.949306149648354,0.010220107550646536,0.027153512230036397,0.5855690288218318,1.5557816497379497,0.0010597296193868308,0.011931169906521131
10,184,0.7984424780466206,0.6514229847383799,0.05563568425162166,0.07687377998671231,3.187689897940381,4.404543148455869,0.02333647748054978,0.035305238169536714
10,185,1.038338340182955,0.9299062383793111,0.01592631816078378,0.03580661062862161,0.9125108137954663,2.051567667688294,0.00422411010029595,0.007545404865039729
10,186,1.2819364646930624,1.1958402510268347,0.09301491088788984,0.10887469876551262,5.329361825661536,6.238060735022067,0.0201496926448319,0.034399769129692975
10,187,0.9531353746423434,0.8345092410069939,0.026263283914534287,0.04903228164465408,1.5047753244566382,2.8093427981354533,0.0028825351851348158,0.013139784168709402
10,188,1.032117200513329,0.9209965032956824,0.03007059590969539,0.038480075707624926,1.7229182330689023,2.204745933390793,0.0074008360949477025,0.009135864526250231
10,189,0.9438782958128621,0.8203154119044457,0.03793289339535146,0.016734187424921727,2.173394696273314,0.9587983130289102,0.007241845641887068,0.0007477653045136288
10,190,0.9627745341827003,0.8437529164282456,0.03258829982442409,0.046731772735275304,1.8671720414464221,2.677533346895806,0.007271151535637581,0.010137501633957859
10,191,0.9817685010679699,0.864205429109703,0.03405006003528955,0.0371956181853281,1.950924732189166,2.1311519383993542,0.0031913072304566087,0.00556602868375599
10,192,1.2255207663992387,1.1371385781986028,0.06724542100717458,0.08691409095322285,3.852878815291469,4.9798105918358395,0.01814648172312302,0.04321532722028617
10,193,0.9578911547836713,0.8384180876221305,0.04124884387951569,0.058126774484205834,2.3633846640902862,3.330418854653717,0.030943792054423134,0.0320877442841927
10,194,1.0988114741498318,0.9977510400654287,0.03917080449897645,0.05809737314048376,2.2443217779234077,3.3287342817464283,0.0037709396824023404,0.016726364684487918
10,195,0.942147661954703,0.8207940130528389,0.011976718676285993,0.03231333873220106,0.6862154325666975,1.8514179313317352,0.004364914994610419,0.005976190372037992
10,196,0.8940987824610298,0.7639932161399052,0.06587906001729076,0.060757437729733015,3.7745920972798084,3.4811447559426116,0.00841252745720179,0.010799912018197064
10,197,0.9662155366667105,0.8492578456064895,0.008129681651364344,0.03048436800430994,0.4657964474081225,1.7466256277706036,0.0007252089214006981,0.010605605681528272
10,198,0.9114040469480942,0.786373948500767,0.05249475251554059,0.07343658295613277,3.007727765724237,4.207606265248763,0.027346818973409015,0.035200769330842076
10,199,1.0080424310394045,0.8921225589927135,0.05628416369339458,0.05551482127479271,3.224845033054969,3.1807649594686946,0.0031631314241598145,0.008774392961326299
10,200,0.8817606342815022,0.7437697842783794,0.13877469938504908,0.1225415079925747,7.951204577960053,7.021111223143175,0.05243906032836044,0.05440829703444533
10,201,0.9731010752508653,0.8562282438443252,0.0676609145619748,0.08832127050979263,3.876684842396409,5.060436041444379,0.016005324570410283,0.034468306666516395
10,202,0.8948937744065688,0.7661072232408275,0.01885718464355876,0.03490156568723688,1.0804370935748246,1.9997124122772838,0.016675429970118692,0.01604798172404167
10,203,0.8903806179549457,0.7614462902808903,0.04436482791469059,0.043101636777733224,2.541917398335952,2.469541877469963,0.007365192861732019,0.01894141057200603
10,204,0.9108509652445691,0.7855461118378182,0.032392308498585,0.03868443022999228,1.8559425656546689,2.216454585046854,0.0033367628320558444,0.0056501624337344444
10,205,0.8618677189009629,0.7277942936022301,0.011126258396637076,0.03185294956606775,0.6374876478992987,1.825039575178749,0.007753195084302472,0.008169454211403577
10,206,0.8419223268980336,0.7025619988645841,0.04867680277131886,0.043519298409119785,2.78897535898728,2.4934721262129615,0.016173471650133286,0.010730479766989395
10,207,0.9725850288675387,0.8570029515281519,0.04009300609681549,0.04668842820248091,2.2971600373398053,2.6750498881017206,0.004332607602028877,0.01553294748978181
10,208,0.8684717944967947,0.7358542123489313,0.01595069559267722,0.03900989666170509,0.913907537758328,2.235102437957181,0.0013216116349777669,0.007250878958776012
10,209,0.7589686375003519,0.6019912122992815,0.02054059934129539,0.044417876075440725,1.1768896509254247,2.5449568340578663,0.008329777886887683,0.012897916033286185
10,210,0.8950303937786224,0.7666694371029121,0.009761989855556284,0.02765673477682611,0.5593208183728993,1.5846141778248248,0.00016489424190130786,0.004718871947160154
10,211,0.8122300049523257,0.668110956917875,0.015389269702132542,0.030263790286940154,0.8817402037207442,1.7339874555106856,0.003905034345306878,0.0048284007791242305
10,212,0.820291629376522,0.678288123698839,0.050409834010955105,0.07172166200519446,2.888270734782762,4.109348532561436,0.011166011685190283,0.020520000709277182
10,213,1.0153087906506673,0.9053422697341892,0.03352114300820986,0.04073197597230391,1.9206200188248932,2.3337703144412916,0.0035539752361566507,0.013225945132880544
10,214,0.7387084185632077,0.5740615632011449,0.030351877636167656,0.03241835349215692,1.7390344888499163,1.8574348338637854,0.02225344703250872,0.01727756527967717
10,215,1.035709405896633,0.9275735347372881,0.0317441149894239,0.03535234318205875,1.8188038132719635,2.0255400602300573,0.005271964574106109,0.017926406313393723
10,216,0.9437149056003247,0.8246167024198297,0.042368896330620916,0.06459530707599603,2.4275589423718986,3.701038471806115,0.013225863401815363,0.024608235844725435
10,217,0.9151787233858271,0.7906629616083077,0.03472847582525771,0.0479242169469399,1.9897950937093756,2.745855367528992,0.009521916708704309,0.03562510375294983
10,218,0.963782944690524,0.8457937480705753,0.09122724614779484,0.10619896797957686,5.226936180869742,6.084752653874725,0.03287690354319597,0.042937477274510756
10,219,0.878917700576803,0.7467573232490763,0.06843022131119025,0.060730483998748336,3.920762872277384,3.479600420915059,0.013127566134872076,0.018200720613770406
10,220,1.2393388535948497,1.1411660136638755,0.13522840711892617,0.11499077172181404,7.748016998191326,6.5884859026122395,0.047907285332960514,0.04034596793289649
10,221,1.0388888847521833,0.9324291083151351,0.03544321340151338,0.05826311537067935,2.030746540288235,3.3382306120237217,0.007549110765199082,0.02801279934808762
10,222,1.0347929474054265,0.9268784534941307,0.052253893141031384,0.050778183652771626,2.993927540108699,2.9093756146440044,0.013081227130417794,0.02975476801780287
10,223,0.8624488806422671,0.7282559397907801,0.05071111559817884,0.04814982310237807,2.9055328981756845,2.7587816480677714,0.005986721158709872,0.010506078050088888
10,224,0.8908516432275067,0.7616856833753262,0.016320944711025815,0.037580648989722,0.9351212496081421,2.1532125784736516,0.0033490956895972862,0.0067139516211818795
10,225,0.8342169566573446,0.6922089315493787,0.039601656678586804,0.04470678664155329,2.2690077894090934,2.5615101901528514,0.026197493088053022,0.024042919072619195
10,226,0.8167100114559445,0.6727001223097303,0.05670614872979595,0.06994190522637321,3.249022994658442,4.00737598057518,0.08185379359228502,0.07703593510645916
10,227,0.998603031237842,0.8861477770257644,0.025508630826748514,0.0439140136315912,1.4615368875299977,2.516087642570141,0.003178876423560685,0.014998207172730371
10,228,0.8911612160788008,0.7625153585290632,0.04361407325329046,0.0621008961995364,2.4989023247879514,3.5581192562134496,0.011079811255869803,0.01574074873905923
10,229,0.792206793653264,0.6428524467726745,0.0392770251127326,0.055454979224997265,2.2504077707889243,3.177336262578004,0.04082074444460085,0.03672557241861853
10,230,0.8560072953794365,0.7199723765402174,0.09476960925129216,0.1091166297035536,5.429898636203002,6.251922356705456,0.07989211545022752,0.08190320977878415
10,231,0.885020144423446,0.7559779947917223,0.04968330783758439,0.0717528620612078,2.84664385134283,4.111136164091572,0.010472043753174662,0.022384687717463013
10,232,0.8910576151669956,0.7629717947901997,0.03852771198570116,0.06117013397029353,2.2074752910762725,3.5047905087476448,0.005945313305421241,0.017114242167102736
10,233,0.9814079871278394,0.8667835341909655,0.04246712687777201,0.05955181816379149,2.4331871381429173,3.412067843115768,0.02255357769346621,0.024592918982872185
10,234,1.051650258671822,0.945990577844548,0.04030243062546196,0.04972767222513162,2.309159178957765,2.8491857435099694,0.010139131467028037,0.027370261792977257
10,235,0.9642702861524921,0.8426684239580823,0.07504292309267303,0.059476753545833184,4.299642775534988,3.4077669573159954,0.015455532765079091,0.01828242396117913
10,236,0.8135583347582119,0.6699590074335253,0.026262373789096047,0.04425210711109787,1.5047231781101995,2.535458972026766,0.0017306746175852093,0.00894954970294887
10,237,0.9243827917451573,0.8002296461564242,0.07522061328441337,0.09012358558069157,4.30982367358258,5.163701088359709,0.020513021584707684,0.026661718992813978
10,238,0.8888601175744183,0.7589063941992696,0.01904421738784405,0.024335227079045094,1.0911532804531212,1.394305805121758,0.002167121984467335,0.00862291606151267
10,239,0.7654327727127291,0.6081769651699845,0.053928258561987956,0.06558337538819234,3.089861612092156,3.757650615965578,0.09069212055108639,0.0883840279914748
10,240,1.0131887190034394,0.9034797696717197,0.04645514210912726,0.06827741294973362,2.6616835795334617,3.912007598091609,0.009470628585527892,0.0330102753472171
10,241,0.8317880996019935,0.6922290313700853,0.0813346352790206,0.10052447524961629,4.660131329723732,5.759628169570316,0.030490675178597396,0.043905426441176634
10,242,0.785655419429307,0.635552324602471,0.05704153321964329,0.05452072768825153,3.2682391104408426,3.123807592518862,0.007763135956129402,0.012576887818892091
10,243,1.015432412606247,0.9053344498543033,0.039371581101804096,0.056995595798224684,2.255825429890406,3.2656070900718426,0.0035752690148137325,0.009752638492498897
10,244,0.8704017787110503,0.7298559448382091,0.11736094189251806,0.09681842786359281,6.724286650121381,5.547287295675679,0.039302316631739845,0.026370003125072067
10,245,1.1636400395459199,1.063810999486549,0.15181927568016154,0.1641702409205093,8.698603745206396,9.406261926391107,0.0638351543633594,0.07465107067619449
10,246,0.8274625971799802,0.68643523821241,0.020297125651502917,0.036752495709270035,1.1629396360778386,2.10576289071384,0.0059397145170494645,0.006184008802180467
10,247,0.9064463015887263,0.7793337218712867,0.07826707135285314,0.09354178127817699,4.4843728633677555,5.3595492753754,0.13319575405326725,0.14205129536700778
10,248,0.719419325283816,0.5503740268607681,0.08043886175301515,0.09387195991645411,4.608807287284066,5.378467117834057,0.22277584004190243,0.23174775262379627
10,249,0.8203899955788169,0.6778189627938868,0.0420804442078377,0.059110271799458776,2.411031853144831,3.386769099980158,0.02262709749353361,0.02542005913917715
10,250,0.9655988371182224,0.842208323297477,0.07032746000979695,0.05249717770000521,4.02946664243644,3.007866718558601,0.012173615200042703,0.0059310870863707
10,251,0.8140283258759309,0.6703737446483157,0.0174605231523644,0.03824089074017939,1.0004142847209399,2.1910416442331897,0.003976033525891782,0.0068119918879505185
10,252,1.144470431548636,1.047671414758372,0.05188987116411064,0.0706165971554177,2.9730706171811314,4.046032980580969,0.008293745228987508,0.01981150513302668
10,253,0.8467737506450018,0.7101398466537202,0.05754855841179869,0.07674128879812385,3.297289514058157,4.396951962527078,0.02138421847529004,0.029124491153538615
10,254,0.9359994583009407,0.8136941633346928,0.05975581916901871,0.07506342515813476,3.423756239731714,4.300817457357246,0.00956095539298131,0.016421616970671758
10,255,0.964368028253644,0.8479364343127498,0.03288423751023464,0.053203243008422545,1.8841280218422354,3.0483212807915168,0.007033691412225044,0.01680521560482655
10,256,0.9137723217222863,0.7872135126517443,0.13783455154727323,0.1518310356923245,7.897338074737147,8.699277544270357,0.11922045139441471,0.12671244018827854
10,257,0.8638894803324465,0.7303239854676815,0.035426385805608966,0.043238742242490254,2.0297823900635605,2.47739744194872,0.004781655335066625,0.012080803386838592
10,258,0.8830478495010691,0.746744897276525,0.05442418743711923,0.03406950253902838,3.118276243575848,1.9520387055965684,0.011224584793299745,0.0035894480629911837
10,259,1.0278395834583862,0.9181934372182704,0.0647205539985399,0.0550014972125292,3.708214591864881,3.151353657178485,0.017960163456360236,0.035330337101264646
10,260,0.8391337558614598,0.6921727778715611,0.0992656039362462,0.07750096118867575,5.687500156364119,4.440477984318316,0.032388101256751525,0.015253838032114525
10,261,0.8580409210629126,0.7231377102973744,0.022376312495368655,0.04366355866726215,1.2820682670504713,2.501737630155987,0.0013186377395233533,0.00890755034442713
10,262,0.8488032386953136,0.7088525009496479,0.03561527160525115,0.03080339238872977,2.0406047491930117,1.764904378559619,0.0028440205352345156,0.012350588324725813
10,263,0.8521255868405484,0.7174402241377721,0.038210679159450596,0.06129828124047696,2.1893106481650113,3.5121328064852784,0.010011741414447627,0.03538878148450524
10,264,1.0696204809484504,0.9638953296373803,0.02658787280160597,0.04450826356097168,1.5233728977626941,2.5501356554995898,0.0057044937271068285,0.011788083310867944
10,265,1.0217492634699177,0.9116471788540935,0.053510556549207174,0.05465838111313387,3.0659290496656975,3.131694552800141,0.011331272013119944,0.02621094916166554
10,266,1.0271348275458774,0.9176051157594007,0.04401081200535192,0.05913880525433635,2.52163378085036,3.38840394651957,0.0052365341651700315,0.010886216124954183
10,267,0.8718069618095001,0.739920894190017,0.04015804791074162,0.0530139205845435,2.3008866587696484,3.037473904936061,0.008972168896790483,0.02742113310658715
10,268,1.0073761219361146,0.8964937116761454,0.012415735089883011,0.03461502196518218,0.7113692202027764,1.9832946663575797,0.0015403797210363024,0.013122441076893903
10,269,0.8028308953071491,0.6564970631063293,0.06077430811603116,0.0792015676288074,3.482111357876251,4.537915555950627,0.01737427602090025,0.026189032674736032
10,270,0.9594549362283784,0.841620837174544,0.02807469295607642,0.0475174615823001,1.60856141750884,2.7225500018408266,0.009516301209994325,0.013121023519602017
10,271,0.9116715779350179,0.7851712810324818,0.09149832854746227,0.1058721431237852,5.242468058270965,6.066026968997892,0.08000272689491408,0.08099057366020436
10,272,0.7978531544426702,0.6496884025930715,0.05412895772900318,0.05456085835051368,3.1013608273139197,3.1261069100955483,0.012809399152145098,0.023055905026289448
10,273,0.9992448931338069,0.8817309997569907,0.06544233899377505,0.044511797978028546,3.749569825807725,2.5503381626799873,0.016265270890674588,0.010365796310179691
10,274,0.8713417640977676,0.7390639157591228,0.03699355592621172,0.03673143278636225,2.1195746237531066,2.1045560741270144,0.0029279737666119306,0.005425932448442672
10,275,1.1082630058236311,1.0083611952927936,0.01926061613397141,0.03260729756937439,1.103552015298142,1.86826053205234,0.002976371623427486,0.01570736436720094
10,276,1.0396445195886859,0.9329927594247783,0.027938209012654806,0.04936449629746201,1.6007414635794792,2.828377295633752,0.005265280662922043,0.011527533688966255
10,277,1.051402004929856,0.9460359162574052,0.02302796117594689,0.04185518604692899,1.319404986172873,2.398125511223883,0.0025847496436154885,0.013997198682994443
10,278,1.0309894755473277,0.9204688499652017,0.0354863539678414,0.026593385788373947,2.033218312664635,1.5236887686370106,0.007035069040417225,0.011713131105802771
10,279,0.8614638627569287,0.7218239675578685,0.11932944698302919,0.10376027887928423,6.837073683757687,5.945026060883402,0.03943262937656958,0.0351439236433699
10,280,1.1506267197162876,1.051976356616645,0.04924431003816526,0.05758940601133779,2.8214911302205836,3.2996299091149877,0.015040601385805714,0.017541391207707917
10,281,0.9015625284254277,0.7744588685934163,0.019627841441920754,0.03213954862860435,1.1245924755740313,1.8414604918745023,0.002291290233758983,0.004798739496943298
10,282,1.017783999393475,0.9068130815966369,0.045545876342594487,0.043590940714236914,2.609586488655406,2.4975769279307616,0.006015969194678016,0.015293713184917263
10,283,0.8543424070747863,0.7181789566208623,0.022672758504835674,0.043178956636133005,1.2990533722464268,2.4739719790288195,0.011681742678799404,0.014359122599321067
10,284,1.2101491514721567,1.1195929078913764,0.03888144733977533,0.05786710147733807,2.227742833929289,3.315540687306722,0.006039751958297687,0.02060565436407817
10,285,0.9227661856052894,0.7976327227878476,0.02763483964897647,0.03136414675338719,1.5833596794071412,1.797033236998029,0.004431848652812527,0.004681245753754062
10,286,0.8553488366526221,0.7181011387231495,0.05700721645629312,0.05164921076461424,3.2662729047343286,2.9592817919940555,0.006111794951916501,0.006177569502010623
10,287,1.0390701708085381,0.9259979373382334,0.06885984097386795,0.048189136779417795,3.94537826574465,2.761034155839288,0.015425677604075073,0.005176660426280826
10,288,0.9350191066408495,0.8112701116725597,0.029403983263697638,0.03212974251655221,1.6847241418831826,1.840898643040482,0.004790543122064606,0.004645254311201806
10,289,0.925787575096937,0.8028251753193463,0.03177938946856796,0.054388750933625885,1.8208248920514403,3.116245881484979,0.013288301478310397,0.019819642887835394
10,290,0.747093648536835,0.5854242984313244,0.037683797605160364,0.04232561882799485,2.1591225588008878,2.425079324123559,0.013499151119049788,0.013132114585431544
10,291,0.8542047463195821,0.7191724076982758,0.053831783315750656,0.07357054828198305,3.084333987655273,4.215281913021078,0.011500428137633127,0.02076124872609722
10,292,0.9664345471992557,0.8505552520098438,0.03400514561590539,0.050649489633748636,1.9483513255191731,2.9020019905054104,0.0326423092186516,0.03327530307584687
10,293,0.9388438189476155,0.816965225363152,0.01956055917469768,0.033257779029014826,1.120737485626078,1.9055303743412466,0.0034678995376285137,0.020842620292348298
10,294,0.8833545913343163,0.7472863226206737,0.10595614504950361,0.11566186901990136,6.070839924812528,6.626936945435276,0.15809974643602082,0.15252540656818153
10,295,1.104069212369611,1.003283389603738,0.044482863657897304,0.04554021163682199,2.5486803482533866,2.6092619249224587,0.00910339589531622,0.022707590926331834
10,296,0.9890835746594238,0.8756029537217865,0.02583527310077532,0.04781767199641921,1.4802521112422895,2.739750791535726,0.0029122914446169258,0.012449354006042766
10,297,0.8308395973515148,0.6899797314557119,0.028632524284060715,0.043916402138734545,1.6405227982825181,2.5162244939487914,0.017947738503592138,0.019446614806652017
10,298,1.0495637088970287,0.9430330375528151,0.048094623528549374,0.06464883592152335,2.755618945456466,3.704105448737038,0.0068722260423969145,0.01326885635984433
10,299,1.1441248534220627,1.0433522288938415,0.07794297514721961,0.06008806071850686,4.46580351862875,3.4427922782962717,0.023373620029430962,0.03351250752261546
10,300,0.9277895180254008,0.7980742009465968,0.1318239025830473,0.11505815973577649,7.552953256952321,6.592346951402056,0.051838040338439514,0.052839481378547076
10,301,1.0644036233574106,0.9599301303146834,0.022982383433663406,0.04046342046153608,1.3167935739002943,2.318383217109315,0.004286001587363833,0.02016519616995385
10,302,0.6968878284375215,0.520383479994709,0.07967507193779948,0.09410807107565908,4.565045354437132,5.391995290752442,0.2014615065771215,0.21308695146655887
10,303,0.8280447459916651,0.6867684028972723,0.010648943482846838,0.025958765699760328,0.6101395178404674,1.4873277159652318,0.005445277427603399,0.005318944425081157
10,304,0.8416581887890247,0.7041669137960171,0.021405311647379188,0.04014547907854936,1.2264340165570509,2.3001665177316233,0.002464326539574834,0.011447315343296382
10,305,0.9170168573009514,0.791052182693766,0.03209926585377453,0.027117796457572757,1.8391524588896777,1.5537352867137335,0.002378703298578564,0.007073472405687165
10,306,0.812968873202367,0.6697214863011639,0.024552675319606646,0.047998658145470365,1.4067646715684805,2.7501205340266828,0.0028778715889736014,0.015368603280961964
10,307,0.8385919314271192,0.698287170256855,0.024437051140357994,0.040597874555940695,1.4001398940878687,2.326086869256953,0.016147700586100697,0.015882658432500786
10,308,0.9409658927191404,0.8190550541478786,0.01906430679594709,0.03956602363691253,1.0923043187503414,2.2669661665099436,0.0017506748962254105,0.006848528664551469
10,309,0.9095994146859857,0.7849834626593233,0.04770274219430606,0.06927343286832342,2.7331657989343685,3.969075335737769,0.010936787484149696,0.01945821751224258
10,310,1.0257636118067301,0.9164966735448382,0.04152789432312689,0.037856100123338766,2.3793730767804613,2.1689947658919864,0.00533434641901008,0.012346396170223286
10,311,1.1522483166995898,1.0570904989973557,0.021360274845018238,0.031799337277712524,1.2238535978590037,1.8219678173259561,0.0013145206391617257,0.009552948792220524
10,312,0.9360327666640824,0.8149395051039499,0.015447650179144297,0.032165039533716834,0.8850851586594782,1.842921013153416,0.0008912822519496286,0.004536560335628022
10,313,0.9253217418885551,0.8023670903924386,0.05567686147300765,0.07552472701541812,3.190049178937874,4.327248106861129,0.01339021590154326,0.02173356579223431
10,314,1.2618603974246416,1.1750765555115046,0.04335976464525303,0.06457999197232601,2.4843315148535594,3.700160981003018,0.009217259478347922,0.023846946131275547
10,315,0.9702584406159435,0.8542259695895822,0.050211637392349,0.06961827588048115,2.876914905022868,3.988833384928985,0.017652401317178667,0.02768684792557444
10,316,1.1762107565309305,1.0828760409333231,0.023625462627438747,0.04715809217614089,1.353639297596297,2.701959651581781,0.0029013603721378626,0.016412143703986335
10,317,0.953861724921638,0.8356873956097215,0.020411716800437178,0.034426788498695925,1.1695052252813267,1.9725096831648001,0.0018629746163225636,0.014140871628392589
10,318,1.0541073475558642,0.948611437628346,0.0615763545322487,0.07860062428248503,3.528065232499109,4.503484038479887,0.03247788810335962,0.037839008070343565
10,319,0.839547952112728,0.6929233397656118,0.13446948085874566,0.11763157371975033,7.704533726521335,6.739792711623704,0.04049601252091045,0.027101514584711883
10,320,0.8975821202631153,0.7661634824670153,0.052118109548631074,0.029992204702541686,2.9861477133370364,1.7184267477480593,0.012675098881372113,0.005952348852898543
10,321,0.8871527845468639,0.7575386859176291,0.07991895688458105,0.09472407952127856,4.579018932574488,5.427289974830853,0.032231130931809085,0.03869293494952522
10,322,1.0970420936752683,0.9956787335197013,0.016060284245078577,0.03897936616356984,0.9201865050234519,2.233353169267599,0.0015944305823835684,0.011882011056270004
10,323,0.8073726792148316,0.6603070831253856,0.025897999596387545,0.03623629662597152,1.4838460747045157,2.076186861852313,0.012858362905717024,0.010827312014720479
10,324,0.8407488295830147,0.7033406677614725,0.02072644949747842,0.04426516880287977,1.1875380804965594,2.5362073518391695,0.003821646063504292,0.008843518108605314
10,325,0.9244665536036376,0.7984855195260243,0.028424616423610414,0.023150967258014948,1.628610555351121,1.3264527155298125,0.016910262597217833,0.010525198442562288
10,326,1.0655044862931444,0.9614142532215272,0.0183706173685344,0.026038590204298103,1.0525588422667476,1.4919013231769693,0.004670368187050154,0.022256175255591745
10,327,0.8452591593771385,0.7075701455837811,0.04492950635836046,0.06011804887652291,2.5742710899402512,3.444510473185963,0.023302169717753233,0.024534385030693096
10,328,0.813378371712009,0.6681981392355889,0.16425909531455354,0.17801327487660665,9.411352908161033,10.199409347731772,0.30609756520424175,0.32681825300473977
10,329,0.9424166635722514,0.8227270133645324,0.08266877095803021,0.09991984596426398,4.736571673428802,5.7249854633496176,0.03376381756453344,0.04578481295637395
10,330,1.1293832089179183,1.0321330046740624,0.024856498762250507,0.036893752992824255,1.4241724725491087,2.1138563368869794,0.003827773913406188,0.020968137571608987
10,331,0.9686177908726529,0.8514322317144962,0.022165971572721252,0.02660797955916526,1.2700166199238874,1.5245249301105341,0.0018185575584574384,0.012659694310227183
10,332,0.7946155432282852,0.6444712579073706,0.05105082144537789,0.044563861013916566,2.924996609496106,2.5533211549050088,0.020713976666435936,0.013671565537744656
10,333,1.1265364905644424,1.0291527105861447,0.019156315309247402,0.04210179425864689,1.0975760182417225,2.412255120948587,0.002247677425808836,0.01705290741803113
10,334,0.7887807614911946,0.6375698389613091,0.07023091210377634,0.064098686065929,4.0239348549006335,3.6725841839117503,0.012485446900398513,0.009552205548077303
10,335,0.8594100928104655,0.7238670163641326,0.04484247320087429,0.04595456737967751,2.5692844573385965,2.633002760205088,0.020317667888302644,0.016985025819119703
10,336,0.9502317606859054,0.8305420185323957,0.03478093615683696,0.050941047143416206,1.9928008493007232,2.918707005294707,0.0037393768716172046,0.011977286199452226
10,337,0.8652477496944686,0.7262017609038871,0.060274139030630225,0.06559394830985488,3.453453780239859,3.758256399753964,0.07667351547173504,0.06911091349199693
10,338,1.0630211197919874,0.9541282342563395,0.06289372786554258,0.07446402930815908,3.6035451645399292,4.266474604895983,0.05879846772395117,0.05572632369223669
10,339,0.8913924470347755,0.7623535118875628,0.038183901079058745,0.0596458043027757,2.187776377175096,3.417452852212293,0.006113554725958842,0.02019495179129984
10,340,0.9442704365439092,0.82196990673583,0.08216360419377582,0.07400960664397113,4.707627749886745,4.240438104122923,0.020783946558306576,0.03048707511288376
10,341,0.9959732304231043,0.8823530805330693,0.014485456255461333,0.017076389076238648,0.8299555077593116,0.9784050233917772,0.0007712771560021217,0.005102942444420381
10,342,0.9018188806498026,0.7740492909055721,0.10052834632736157,0.11469856019019731,5.7598499659872875,6.571743415125547,0.03539960436249974,0.043384578647789745
10,343,0.8130634735932506,0.666742343166447,0.01835590999264711,0.023828631016384775,1.0517161717006933,1.3652799888133769,0.01386292461285409,0.010892510107084426
10,344,0.77952651339209,0.6258827053331371,0.021684867305261344,0.034614649920803695,1.2424513758927016,1.9832733497849009,0.03273756783248976,0.028806231882494475
10,345,0.8630667114236446,0.7283751146376691,0.060756419308004586,0.07669162790927714,3.4810864046758083,4.394106603189294,0.01022228946397137,0.017173140297712365
10,346,1.0185994189280478,0.8976304833757001,0.07389015910658676,0.050403569099502284,4.233594264357567,2.887911781797492,0.025871164583436773,0.010236607750445891
10,347,1.0191133109479373,0.9092442228161827,0.01705029494877329,0.038464251296727696,0.9769099400179356,2.203839261433101,0.0016049708019646898,0.011371577167532104
10,348,0.9526697115303732,0.8346203084786477,0.022211476333419217,0.04415684125332916,1.2726238506596337,2.5300006404449253,0.0022900351964438466,0.013930213646231895
10,349,0.942183904857004,0.8161838779796213,0.0663196580587826,0.04695839907832521,3.799836505519021,2.6905180798790496,0.018232997235709886,0.01144502453822771
10,350,1.1122082517760388,1.0126258040249176,0.05772914726366661,0.0580337224323188,3.3076364930973017,3.3250873648055577,0.015414022833002087,0.03627616698396115
10,351,0.893140224997052,0.7600307526786677,0.047570524341498784,0.02790297834354554,2.7255902739922298,1.5987228949300964,0.007537037059446004,0.002785902074097601
10,352,0.8794684457812083,0.7489603848950197,0.04370477733712391,0.06132451918333775,2.504099285976209,3.513636129874307,0.04509681411683974,0.044532394529312985
10,353,1.0897380089332263,0.9892628508423127,0.03198583186525813,0.056202901503456054,1.8326531700943525,3.220189052537501,0.0052802020437929115,0.01868987370887327
10,354,1.0324040193099402,0.9231773748265476,0.049568963630112026,0.05024005657436093,2.8400924108428955,2.878543204209366,0.007037413494323207,0.02067327393642678
10,355,0.8468270905804947,0.7024481878715709,0.12434847442568546,0.10470566993857208,7.12464277348223,5.999192978569998,0.045104858291196086,0.033370339519118254
10,356,0.9753604452614242,0.8586403857889369,0.03536908413354109,0.028376859360895106,2.0264992460950286,1.625874277215592,0.0054557309772213115,0.010669241189721328
10,357,0.8070506624557511,0.6611890836266382,0.03296768004694443,0.050785865089042904,1.8889089270275714,2.9098157285229473,0.017552202450506822,0.021437433011668613
10,358,1.0023939069693968,0.8905807567651498,0.01916595534088126,0.04244918066338555,1.0981283513687152,2.432158895800336,0.002519059067893032,0.008765713431562735
10,359,1.116520860654989,1.0146427333064247,0.032511271177115636,0.044763508704816504,1.8627586250540458,2.5647601249831076,0.004655565741388642,0.0129570911325732
10,360,0.9149615911928071,0.7897772566893199,0.019320663249020077,0.019096583408235154,1.1069924615623672,1.0941536324114276,0.0029894742004620053,0.01481028381340493
10,361,0.9632496658635895,0.8466617697091374,0.05670635008292876,0.07381779525355948,3.2490345313431437,4.229448120989799,0.012625293435973219,0.02226034065035743
10,362,0.9058396067950628,0.7797150548666348,0.09842442534957248,0.11459633914387037,5.6393041735309355,6.5658865805936015,0.046678190963594025,0.058416334853925105
10,363,0.8729537333351465,0.7326371430153104,0.10786558595607404,0.09113410004532044,6.180242829988647,5.2215993023198655,0.03266004259495066,0.01722420212728113
10,364,0.9006018580107163,0.77331329694975,0.06293355672391684,0.07868876630113822,3.605827190027599,4.5085342041464775,0.07017554452731573,0.07033077294218364
10,365,0.8549502089866996,0.7204073673689386,0.042561331698169065,0.06502451290246977,2.4385846767614563,3.7256301542054846,0.010772836052931344,0.018495220852656334
10,366,0.7745968154760983,0.621678512423286,0.05215717864930265,0.06938326889339338,2.9883862079148895,3.9753684764127706,0.05840674640465145,0.05689869441249556
10,367,0.8969049330376753,0.7681031181527338,0.03850100452351291,0.041882775294029576,2.205945066211381,2.39970625864269,0.0033027489750626013,0.009606540644405012
10,368,0.793675512078772,0.645598342251787,0.04918613284484032,0.07009061035727991,2.8181578225791477,4.015896156968074,0.015286378873574192,0.02272669998756157
10,369,0.9860563306261726,0.8715980104394697,0.054045697506822955,0.07109136213654958,3.096590367981671,4.073235010260434,0.027636288611314196,0.03169367373445208
10,370,1.006155650301575,0.8917288632483644,0.06415898433734465,0.07723522803305481,3.6760390203758013,4.425252596024543,0.031061275971305178,0.033767641852840494
10,371,0.8499813153426329,0.7139364443245784,0.07024386834477767,0.086975129816325,4.0246771928283644,4.983307861077869,0.06911288216715478,0.07009238513804412
10,372,0.9115832576822884,0.7850970991035633,0.06933600050257051,0.0642701955209826,3.972660197114245,3.6824109518329107,0.012750897313782632,0.023055685263348953
10,373,0.9519425229324149,0.8307228960219842,0.038277679898400585,0.02851128929631092,2.1931495077311034,1.6335765451551345,0.005147815129443577,0.007744286690634725
10,374,1.0507899837619805,0.9442538409737355,0.028727562957275198,0.034641328782783226,1.6459681131482309,1.9848019359785403,0.0032287681070593214,0.015845717016324517
10,375,0.7730930323180737,0.6196675558518929,0.034308120932444695,0.04609244216759314,1.9657105324535156,2.640902403653915,0.03818298821811672,0.035425515763238546
10,376,0.8254995269810044,0.6836676499004447,0.04388638252599571,0.060757085619259875,2.514504496836239,3.4811245814985785,0.04858224788962778,0.047508615422010694
10,377,0.7993089671318278,0.6527580228047959,0.09368514987752251,0.11060707047400661,5.367763691032601,6.337318322466641,0.11371294272720538,0.12314518040361569
10,378,0.8722051445050653,0.7405869389427002,0.02083738095214137,0.03759409140275232,1.1938939846639933,2.153982772006761,0.0023252878865659085,0.006787948200157145
10,379,0.9161696751712403,0.7893749897239954,0.027648524660423477,0.017798552735820383,1.584143772805643,1.0197819532035328,0.004981723771299483,0.01182007780239911
10,380,0.9498403711604029,0.8266442981237961,0.16197515213994065,0.14753527988348014,9.280492603608003,8.453148866604767,0.10067683273373354,0.14657070956308987
10,381,1.1161432634027826,1.0149735575251309,0.019746724036554558,0.02594682433091831,1.131403946504113,1.4866435259289752,0.003845358874667807,0.01985902090518533
10,382,0.7945349932301136,0.6334697454585629,0.17846117300075193,0.15616427775181546,10.225072019897123,8.947554025887765,0.08762281288987134,0.06464268895770754
10,383,1.0192513225086102,0.901448786771691,0.07434373096528404,0.08041146488322712,4.259582017566825,4.607237562273343,0.06251977300659115,0.058462443698468036
10,384,0.8661236279561129,0.7311421367874043,0.03359239377395566,0.046400876552522764,1.924702386989203,2.658574392167096,0.00415032089761798,0.011134445292892238
10,385,0.9761638579694656,0.8599579436276797,0.0588017620781348,0.07359191340608848,3.3690927950095366,4.2165060444610925,0.01746715263453059,0.021237667598967634
10,386,0.7734705565712816,0.615379217203204,0.06587058848399628,0.04603719185208711,3.7741067141760305,2.637736793758653,0.02021044720894219,0.007896449670206855
10,387,1.1269467877352266,1.0196678585772343,0.13702982449514226,0.11831488510080321,7.851230610990038,6.77894356985129,0.050768619810137236,0.0509636090798479
10,388,1.2364573485831103,1.1413788166235097,0.08269616424665341,0.06728055872004327,4.738141193253895,3.854892057940587,0.013855295152549303,0.013117103387744852
10,389,0.8221587651063427,0.6803236795261847,0.02211809611240537,0.036059339893813554,1.2672735581055414,2.0660479879432345,0.0016289097262989199,0.00701426292329181
10,390,1.0440417932268358,0.9317859707215154,0.07335179685950516,0.053270168963696754,4.202748379750612,3.05215585556861,0.0187845600923824,0.01578262607877187
10,391,0.9189536888590982,0.7888433818199589,0.06979045366212419,0.07091532397116146,3.9986984451430563,4.063148766350468,0.028523483530150804,0.02021498998197449
10,392,0.9265060439663455,0.8009065386745062,0.05774165901599487,0.048053267363458406,3.308353363700024,2.7532494117399073,0.00818783047880204,0.013267330035510071
10,393,0.9418735246933096,0.8218369507474944,0.0340443821146602,0.05505039139355069,1.9505994113006944,3.154155087393765,0.0051068909441508645,0.012102542312582367
10,394,0.9088065022351212,0.7733878639098645,0.13683550300387498,0.11711334220714113,7.840096809671735,6.710100233140516,0.05377941863274655,0.05180263539406516
10,395,1.0738503298860325,0.9649051076931738,0.04657394491072585,0.04965426957009402,2.6684904786593906,2.84498008117126,0.053185176601372106,0.04254033226371632
10,396,0.8780035002906986,0.7440751213421416,0.029522172945546724,0.013318336524365993,1.6914959118351292,0.7630844729811052,0.010983070078285771,0.00360800945453504
10,397,1.160998770979314,1.0650426529196135,0.032557067896497295,0.034126459367660435,1.8653825837901599,1.955302091491635,0.004136218755685194,0.015426667262148537
10,398,0.8157087808893542,0.6649964910313901,0.06252722690083619,0.04008512215842383,3.58254620607478,2.296708320944022,0.05435834172659221,0.034272887101464075
10,399,1.031308941253777,0.9064849629859126,0.24894261112251145,0.23096699084966085,14.26336095828641,13.23343378252227,0.14101295334625666,0.1387155325021287
12,0,0.8561021010313309,0.7863046664847024,0.08021006701978317,0.06329980765582724,4.595698314695053,3.626811822668798,0.04299221731876697,0.028729397399273108
12,1,0.7203283610610944,0.6373230913423275,0.05435855087457942,0.03191101048648996,3.114515545560571,1.8283662208735867,0.013505789947425049,0.005243035280216704
12,2,0.7708094460501448,0.6920994128719656,0.11648992228391507,0.09596018464345873,6.674380902675293,5.49811358136628,0.05361580496500144,0.03614835024642049
12,3,0.7861860362844669,0.7108789845081807,0.0482736582923565,0.04724959160348734,2.765876881808736,2.707202182596596,0.009239358567568223,0.005852324834710784
12,4,0.8892532891435776,0.8185203674374897,0.33333164024615436,0.3553999297122095,19.098496164277737,20.36291601175571,0.20456074435159305,0.24861966385318185
12,5,0.8680842251341517,0.7992131150213385,0.12428669082508928,0.1037718174825354,7.121102833924947,5.94568717415117,0.06002562331675901,0.04010883480099703
12,6,0.6528391645720768,0.5609558059567166,0.09387432006095597,0.07479752589766385,5.378602344153054,4.285582551956613,0.10908339945759235,0.0923034461320441
12,7,0.8590471759019459,0.7924117097403495,0.07882442300617411,0.10053255490905616,4.5163067608076854,5.7600910999561235,0.014264196107788792,0.026601679993520852
12,8,0.7392241633294502,0.6589037681669236,0.052394404509838795,0.03174877195472691,3.0019782485149697,1.8190706377291648,0.01734021113177295,0.009521892794440772
12,9,0.9618255199972343,0.8999689929995935,0.04066537658015589,0.033040541890171984,2.329954450353074,1.8930836031320544,0.011839838249468328,0.010305540005281527
12,10,0.7342366840170557,0.6549681470995923,0.06354328572248359,0.08297458172371244,3.640762088292212,4.754093339632059,0.007602457590328876,0.016177045432178294
12,11,0.7638270993367284,0.6855233782742098,0.10519106890652885,0.08615962423823785,6.0270042908139265,4.936582833284099,0.03584495505917624,0.02138736719120697
12,12,0.6980855316346589,0.611824217176993,0.299854164226795,0.3219598728523436,17.180378079618023,18.4469418870079,0.1568963730672373,0.1950560988865021
12,13,0.8321852328466918,0.7549981383831381,0.40970503605545505,0.4318705129957367,23.474369411232797,24.744357690805483,0.282859149519768,0.3344174901691284
12,14,0.6913867910425252,0.6059122403661549,0.150838049357796,0.17231054884042757,8.642383618187708,9.87266721413934,0.05047574264286099,0.07266773516977079
12,15,0.703018258918852,0.619837349345402,0.10041973671561101,0.12070408880555943,5.753627093619426,6.915834858530841,0.01928691559504571,0.0325220166808319
12,16,0.9405502818668027,0.8758875460091089,0.2407293541792516,0.2626712869821235,13.792775999381101,15.04995614334532,0.11636658509580744,0.14957149930195873
12,17,0.8074742228614822,0.7359084355784937,0.1529743107104362,0.17553320715700302,8.764782377630901,10.05731193449185,0.048488279351340924,0.0703923044591331
12,18,0.742839829807048,0.6618491261529604,0.05690299497948383,0.038203989045510034,3.260301453978536,2.188927332871755,0.026900337158881245,0.021418680167059376
12,19,0.8878388456750941,0.8231899968735906,0.13164578153395862,0.15379015595929935,7.542747672597097,8.81152686712656,0.04471130093565603,0.06572356477964239
12,20,0.7494550767683411,0.6712410988217378,0.16420394009740696,0.18620548077965793,9.408192747000406,10.668788170878768,0.05507691952721132,0.07833158588645453
12,21,0.9523174272545814,0.8897687327712885,0.05304127250012801,0.03262215073290854,3.039041054260651,1.8691115556352647,0.019145213590184933,0.013044756465018776
12,22,0.8209888579267131,0.7477104294255595,0.07961630878250156,0.05729123501678586,4.561678473647689,3.282545969553944,0.06530067144554619,0.04984083133757166
12,23,0.7166926288011356,0.635068149796795,0.1753774682689589,0.19786799417204262,10.04838875350086,11.337000966777213,0.06077689300339774,0.08453245460592917
12,24,0.7656135581915782,0.6870150423437037,0.08750835892115115,0.06641020716602003,5.013859638297947,3.805024587202403,0.03038907449704866,0.01682189522314314
12,25,1.2821707190586717,1.2321907474649003,0.16506155391457825,0.14853998374748353,9.457330399176426,8.510714157672648,0.07507492232417781,0.055706078916892166
12,26,1.1757505418651117,1.1229725686849301,0.10343723716387822,0.08521597121578262,5.926517133983971,4.88251549777265,0.038824044621421624,0.028566475773635996
12,27,0.9378975090296153,0.8729327708476823,0.15331742063051498,0.13293341998020874,8.784441127960486,7.616523921106013,0.13727598077844796,0.11026898818770385
12,28,0.8338125228878815,0.7610418382409231,0.06572614152989133,0.04564517165814512,3.765830513342297,2.615275691161877,0.02849717834436457,0.021645182343388313
12,29,0.8085055249021438,0.7368014364305185,0.013424139238327148,0.028915638021671564,0.7691465219521091,1.6567440205697939,0.0010593541613879037,0.003457380921197229
12,30,0.9383790932282842,0.8738306332326113,0.17473504362823902,0.15635597640923504,10.011580532932403,8.958537549896231,0.11241829734469867,0.08604996569932347
12,31,0.8221589353400754,0.7521504879358674,0.0968573264130953,0.1175469896587384,5.549516018391353,6.734946401913644,0.03799291182917405,0.05455429082318152
12,32,0.8043806052293541,0.7300335271462379,0.10052071068120622,0.07866300898919729,5.75941247568873,4.507058418880661,0.07066891760298144,0.05297335003953878
12,33,0.7691541950179238,0.6926837387108249,0.04070814430134751,0.026712858382669683,2.3324048602767458,1.530534044057635,0.006990904223628677,0.002749354630454533
12,34,0.7274066974041724,0.6474694022656867,0.08515113355821166,0.10606302015632096,4.87880057364032,6.076963417368172,0.02200367800999064,0.03357345328399291
12,35,0.8477448147188414,0.7761251460264006,0.11597201895376606,0.09396199968222807,6.644707227661985,5.383626016401251,0.10178948422361506,0.0786407963720513
12,36,0.750223990764242,0.6725110142890592,0.04383715841103296,0.046179671782040646,2.511684162798607,2.6459002924103103,0.03968177098773457,0.03818038406666142
12,37,0.7395691822172147,0.6605650320767358,0.13326458198619875,0.15433241682231247,7.635498106384326,8.842596125972332,0.034125807435554045,0.05201406825227374
12,38,0.746947026715011,0.6682358481589189,0.022911096136235137,0.03779339321570161,1.3127091126247608,2.165401924738061,0.011418384821759945,0.013139649350432447
12,39,0.7868040183090815,0.7103760336021181,0.2424946016566484,0.26371659973397166,13.893917229632054,15.109848152297424,0.10020043732175611,0.12969034636638588
12,40,0.7672048096170021,0.691606869246591,0.0123516281858682,0.02621053672109239,0.7076961651650774,1.5017531328912572,0.000814475604907636,0.0024731580980100615
12,41,0.6355797119203298,0.5412342163387184,0.031674541649299594,0.031248767764314442,1.8148175545162124,1.7904225078796747,0.04302149310440502,0.04028592334371004
12,42,0.8141346691450434,0.7421838992379282,0.03779806778334502,0.046529572003670916,2.1656697577350763,2.665948098360417,0.004630460787257141,0.007018999305413231
12,43,0.9859786357034218,0.9226321279333103,0.121072423128248,0.09923577605982944,6.936938860670706,5.685791144933601,0.0659149740486784,0.045440662121802165
12,44,0.8169640789156758,0.742672075938535,0.09149892199874092,0.06962846541591466,5.242502060524577,3.9894172023045247,0.03864448577626475,0.02420429887561379
12,45,0.7581368978457246,0.6793038045405161,0.06935103522124153,0.046175576399174176,3.973521623040261,2.6456656442565714,0.029832885013785143,0.017201421835405323
12,46,0.722285634601755,0.6396960890961289,0.06624441065357431,0.044121356500966435,3.795525146781275,2.527967513897474,0.03959193563982284,0.027461234566992683
12,47,0.7402294452959467,0.6592806818950623,0.1092088497910849,0.08929577497895902,6.257206178507327,5.1162710346442495,0.04364474975574408,0.028310161679674928
12,48,0.8494890231165678,0.7803344884255344,0.17726217107403386,0.20039702322969785,10.156374269868124,11.481903658046804,0.07769175749487178,0.10575773436281759
12,49,0.7027002732929372,0.6168353483203225,0.08419850945374688,0.06341177080393771,4.824219232992059,3.633226838516526,0.03171014115031719,0.017871519504942222
12,50,0.9131734866249429,0.8466039513819898,0.13222171233311567,0.11244520433604356,7.575746076680393,6.44263563494144,0.07038521406383995,0.04892709446472144
12,51,0.7445670291779897,0.6633315773343446,0.05698584891459102,0.04909083237852778,3.2650486347762286,2.81269750807381,0.020918651674941665,0.01842748895357626
12,52,0.9997603023517609,0.9375726264348699,0.21990729995374145,0.20229350549485953,12.599760171466828,11.59056408776198,0.2321152516181591,0.19493531092204458
12,53,0.794223759785698,0.7190755846321538,0.09218434194719892,0.07595153365408798,5.281773730765296,4.351702325925077,0.02754815775427317,0.018814358363886667
12,54,0.7202965522509259,0.6397542056449542,0.05277910192175839,0.07369999710879241,3.024019786607568,4.222698784460174,0.029820197054912404,0.03759254899766528
12,55,0.6749266950947203,0.5861240717288345,0.07382622739635661,0.05650011146792555,4.229931247184326,3.2372179291308365,0.0891848559053785,0.07103316674910992
12,56,0.7595875840946796,0.6801966891299877,0.12643098971117922,0.10549929010596928,7.243962110112505,6.044664064698323,0.0643142815506477,0.04391754957153702
12,57,0.727976757411932,0.6462794995178791,0.0661265199803145,0.07902573719349015,3.7887705087595327,4.527841214097001,0.024835703661337614,0.032107246602695066
12,58,0.6916307897005755,0.6044800286348533,0.10588277999170959,0.08310379007689027,6.066636416637197,4.761496432946983,0.08797481757199631,0.06743294618122514
12,59,0.6915152318784414,0.6056040329316165,0.17422253748116676,0.1929656996124522,9.982216093730651,11.056120178582736,0.04997507137746668,0.06935788657432321
12,60,0.9989136240759756,0.9397487487587127,0.1754342146583108,0.1961457995972642,10.05164008211333,11.23832648614208,0.07041327742339208,0.09507990320836804
12,61,0.8482683659913695,0.7780868927051404,0.0607811542668053,0.040815082247151274,3.4825036134215193,2.3385319532411,0.015240666995600193,0.0067606165074711
12,62,0.8473916284892069,0.776871342132215,0.05261421115332408,0.03143608978013237,3.014572241495613,1.8011552687959247,0.012822094338710184,0.005372406151370485
12,63,0.7191121676023029,0.6360233609502725,0.09899278346459309,0.0769781252279423,5.671868694773627,4.410521690390622,0.08470884132625088,0.0663209099543766
12,64,0.786468391945013,0.7105671063179931,0.08535253384231545,0.0657941753478975,4.890339959912203,3.7697285639782114,0.025634022432681508,0.01364553254404105
12,65,0.9760172022190059,0.9130787334446245,0.10306967659557388,0.08115363311625845,5.9054574647047025,4.64976066971472,0.041675222179495736,0.026711533442170234
12,66,0.6454759906715954,0.5520804294600317,0.10644650758177673,0.0850643467767658,6.098935628343126,4.873828057345948,0.25775634859146535,0.2169113835130482
12,67,0.7000088560001051,0.6135349104779837,0.18873746044473014,0.1678995674693434,10.813859919500354,9.619936598065388,0.6885792347080899,0.5915324603639704
12,68,0.8768341695908082,0.8077510636780983,0.1587799140378747,0.14232224877103652,9.097418945820234,8.15446418539136,0.07209633219481405,0.051697970925042816
12,69,0.6649448671947426,0.5744270092852493,0.21944210958501348,0.2012800164838164,12.57310672666858,11.53249544484632,0.6294407522813111,0.5509729194812865
12,70,0.7116367465276688,0.6293333250470091,0.03350972060771226,0.054257702300367604,1.9199655634844728,3.108737347888322,0.003060984808934252,0.008816475657891246
12,71,0.6897384875488485,0.6022756916200747,0.08109100355553452,0.0651830378186684,4.64617226021248,3.734712962851331,0.02470377723692809,0.014985754320355961
12,72,0.7070078632100842,0.6221918085152337,0.15901186801230072,0.13919380775802387,9.11070892959613,7.975217718890104,0.3291687466716154,0.28106565750590745
12,73,0.8033620203529473,0.728942325219419,0.09166610227959558,0.07225417661573295,5.2520807850353615,4.139859372274344,0.039786345996772596,0.025535406751037354
12,74,0.9716352828938991,0.9085261985840647,0.11048503210241076,0.0907983673579899,6.330326038835549,5.202363236291241,0.04214561887733641,0.026611746891991105
12,75,0.6903193074840585,0.6038999400128708,0.026450842495293798,0.025719152283956437,1.5155216395456217,1.4735988785249556,0.004455995356038565,0.004040840493723426
12,76,0.8576918573351084,0.7887426674453304,0.15781876614414678,0.1768403879296947,9.042349228021735,10.132207875827731,0.04247054930925635,0.059289620791292796
12,77,0.6815851657099505,0.5942352286432165,0.04562164655999554,0.02728135197684821,2.613927802325275,1.5631063276842876,0.04452064551597418,0.03668856920192319
12,78,0.7661357448691167,0.6888167919419914,0.07056912124658493,0.04999778137769407,4.043312811376303,2.8646618579596526,0.017211565293718263,0.007738233873246236
12,79,0.9197217947369326,0.8555340652719015,0.19268625261914568,0.21340005321938865,11.040109045268652,12.226922397338125,0.090101238461007,0.11757604832249945
12,80,0.7880250472656004,0.7139607753527053,0.12145534256819157,0.14070056933633918,6.958878528472986,8.061548798060041,0.028514618304418295,0.04197762356072189
12,81,0.8680369296286842,0.7983503916780367,0.05413531116121535,0.040302778512199315,3.1017248521650993,2.309179111399564,0.015254048147909174,0.009874599691478022
12,82,1.1802095406187416,1.1277843353619024,0.12310165659182752,0.10261033206039291,7.053205373780527,5.879138961496435,0.05575534120025412,0.038294077379002534
12,83,0.7970664494838494,0.7222195564492018,0.09772993393899669,0.08146041440744638,5.599512746796855,4.667337942933362,0.02642722926240059,0.014813796710053853
12,84,0.7470096972501138,0.6688166490202403,0.011429170880263025,0.01705632446340027,0.6548432547728913,0.9772554057585741,0.003928120389378505,0.0035374549770139825
12,85,1.133717533031068,1.0797945495984922,0.07844502872546917,0.055801695216953974,4.494569069751891,3.1972016256068154,0.028448728052205968,0.016690678989310304
12,86,0.6957701219964362,0.6119862980326987,0.10644886619626528,0.12876603906926629,6.099070766998818,7.377750583285625,0.03411365330664886,0.048891149619128806
12,87,0.7583056413155553,0.6790740464227651,0.05383173708953316,0.03850106317799007,3.084331339088108,2.2059484268653717,0.012183972103035318,0.005527238516405034
12,88,0.8916551288018026,0.8241087401870233,0.13836382422063914,0.1189393563527038,7.9276631651326195,6.814723137012445,0.08550295114454508,0.06427601068957678
12,89,0.9120516426624128,0.845816277789091,0.1358181526762449,0.11634054451652892,7.781806929612279,6.6658221870509795,0.08298606152113558,0.061471670815722
12,90,1.2615640225500324,1.2126960686018233,0.18744731511435053,0.17429836675121219,10.739940037111092,9.986560790867813,0.08343044733633834,0.0671071929297427
12,91,0.8591839266841877,0.792295687908819,0.030440228439126867,0.04806895097531096,1.744096616976071,2.7541480165065804,0.0018130883996465806,0.005837236366647996
12,92,0.7922849647396385,0.7164637578369808,0.059280336826184686,0.042667033191629136,3.3965131082543323,2.444640926224948,0.023866717384568473,0.019315873651556424
12,93,0.9622270228593375,0.8986503261528993,0.11934984864835914,0.09826965927481406,6.838242613076131,5.630436730635472,0.055988667081529345,0.03637970082040692
12,94,0.847748013055106,0.7767366231113058,0.07169668830741074,0.048609476041494126,4.107917645079594,2.785117821519905,0.027532286568646813,0.014436439881093648
12,95,1.107130101447736,1.0506513899273164,0.13316010425434407,0.11321243427348471,7.629511973295953,6.486594672272904,0.06456685580314973,0.04622350161573225
12,96,0.6838562454976032,0.5936907950024777,0.4346678505616466,0.4572940319582409,24.90463332720552,26.201018027727795,0.2921535896773547,0.3435889548195823
12,97,0.8311103527857014,0.7622181819861225,0.030239989027089364,0.04085735167554708,1.732623743774141,2.34095381309061,0.004520515419824376,0.007510249028990772
12,98,0.6969272870071299,0.6122509257629163,0.051531354656076576,0.05430808749221583,2.9525291343850117,3.111624206731182,0.05204443939185545,0.04927750838849222
12,99,0.8129410834484687,0.7418393431972728,0.11895546018273329,0.14026691207476716,6.81564581850713,8.036702067216764,0.039869488140082184,0.058857774927708724
12,100,0.870871664477023,0.8040648812707935,0.018725573760690808,0.021649074073237743,1.0728963454485003,1.2404005747626168,0.0049976998908933,0.006524022971310168
12,101,0.9941951420921586,0.9336657595810504,0.05376156982558221,0.05057502095608674,3.0803110510037377,2.897735249569464,0.019258262775938256,0.0180677307392855
12,102,0.8517444864687269,0.780290225282768,0.07244135406060799,0.054983411793172746,4.150583849885726,3.150317438978636,0.026863721370450434,0.018828873242977984
12,103,0.7613763386637323,0.6823267021674054,0.16427106299091807,0.1451005505845828,9.412038605507298,8.313649153521103,0.15410349974435428,0.1261779765304213
12,104,0.7144693753740965,0.6332294177772282,0.09019438609156896,0.11277934991233794,5.167757658820354,6.461780766206075,0.04158105793297163,0.056574114992734445
12,105,1.242846360175352,1.192588831662937,0.16581931530539734,0.14822428086182965,9.500746928748322,8.49262571474458,0.09351393751181843,0.07179339824810406
12,106,0.843835971131435,0.7748676360171524,0.01591978417690913,0.03086476485462347,0.9121364440960422,1.7684207618336387,0.003725115361560451,0.007026520164652892
12,107,0.7063839757332666,0.6221606410475514,0.050693075190534446,0.05236318978221464,2.904499258956965,3.000189776363455,0.019220626524923783,0.01680564751564635
12,108,0.8321440602745755,0.759856535050884,0.10253570470473423,0.08123641886473827,5.87486312898097,4.6545039437064455,0.038855477214739115,0.023059291963709552
12,109,0.9458030237648982,0.8799469319213291,0.23746153982834267,0.22277710981677637,13.605544028841738,12.764188164623747,0.16636923702119535,0.13764702928679684
12,110,1.120095144381815,1.0638731509362465,0.22319687523955092,0.20904676673494585,12.788238951734254,11.97749745476821,0.19022393951639258,0.1654043805043725
12,111,0.6393938711037433,0.5471054371423414,0.08281367011385712,0.10375847224516269,4.744873783512693,5.944922548373113,0.059010005443460765,0.06974273356144652
12,112,0.8867382696469981,0.8194613566283203,0.09375074723309974,0.07216647618157397,5.3715221426543955,4.13483450753557,0.03393319442553605,0.019199083334698365
12,113,1.1392777538601226,1.0840687634535449,0.19587893991983754,0.18079868391453568,11.223036552903311,10.3590015298227,0.09551087556552236,0.07394267892291191
12,114,0.7372967805431623,0.6564998233173772,0.09577079162393712,0.07478514752249532,5.487262160678452,4.284873323302227,0.05770767145160141,0.04147021575632368
12,115,0.7410495567357759,0.6602049228997755,0.2897501429650303,0.3124619670669069,16.60146030520846,17.902751971289486,0.16669655354566285,0.2071648125335781
12,116,0.7215166115431769,0.6407164699780755,0.014544558615473874,0.02714036842915219,0.833341823547293,1.5550285654205245,0.00581199311397137,0.007727505696728681
12,117,0.7272718061022214,0.6465599728603827,0.10066985030029767,0.08383235874888956,5.76795754642086,4.803240342937994,0.10680979691427638,0.09341952846790419
12,118,0.7041017192967797,0.621295955660989,0.12170111028119501,0.14399672315273448,6.972959981168666,8.250404500365432,0.031952748100706176,0.0501867978395128
12,119,0.7943421077824333,0.7161243170979805,0.3341958386480506,0.35511098766752086,19.148011085368342,20.34636085207117,0.17261143423108277,0.21044073077833492
12,120,0.7115083866151011,0.6290716435866367,0.07258702310144163,0.05740596150004974,4.158930071131213,3.2891193128433427,0.053490060643511764,0.04579889334280585
12,121,0.7438321544201393,0.6630489366808775,0.08988699736488767,0.06691168636904875,5.150145582111616,3.833757229049533,0.037560620375731664,0.022189894334759624
12,122,0.7437097376916036,0.662766375942483,0.08078725939862737,0.061712354340643046,4.628769001969942,3.535857447534693,0.03403380408346269,0.02061181324118018
12,123,0.7332681975521467,0.6515276282831323,0.11094759233020501,0.09060351332508194,6.3568287876587695,5.191198922584511,0.04972477294300743,0.032434768792319095
12,124,0.7774084073578624,0.7007493080351807,0.08414228400614479,0.06405496873003472,4.820997752143225,3.670079365073452,0.030799091459253157,0.018366372913603234
12,125,0.8537193611595346,0.7833485555538032,0.11023356959240593,0.09030546659683161,6.3159182983065065,5.174122102958084,0.0476299153708538,0.030686799481522718
12,126,0.8541808596887748,0.7831531093897013,0.11475235310069677,0.09391552401736439,6.5748255218648906,5.380963156954498,0.05589261845696278,0.036462955495287476
12,127,0.7444004695985439,0.6636587294330151,0.07515163961167774,0.052469926282846496,4.305871773237311,3.006305327369656,0.04834660487497072,0.034401097887093515
12,128,0.7792600849183802,0.7045500731442474,0.07222905091795376,0.09227516798505246,4.138419775834275,5.286977679404199,0.021789460237558733,0.03420097247793254
12,129,0.6744714003238247,0.5855849433769491,0.09849597397905407,0.08004380876922147,5.643403608030176,4.586172418628639,0.051046231918606716,0.03679417779886281
12,130,0.7307301758863385,0.6498247214133105,0.03831932325969613,0.016481079367796202,2.1955354965780765,0.9442962895948614,0.00876884033910209,0.0029953928071523393
12,131,0.7842003149765855,0.7086618665573392,0.07669125265834927,0.055212755475404385,4.394085102894868,3.1634578640284983,0.05885583998807379,0.04512623607701064
12,132,0.861588001993967,0.7932255071498374,0.07343883710901114,0.05235527929466824,4.20773541869507,2.9997365388131554,0.021896613311881363,0.010551044103176421
12,133,0.9740959981837595,0.9107342126857433,0.15129153545401597,0.13196878625169498,8.668366457568975,7.561254479686205,0.08958264658424668,0.06530752337048742
12,134,0.6555834639197008,0.5644561140972081,0.0901265683336571,0.07095935366823063,5.163871987515964,4.065671482165771,0.0598930476141572,0.04666571333776252
12,135,0.7460327087417784,0.6674475937382832,0.04504293263155428,0.057887379921180156,2.580769936680155,3.316702556553967,0.002362424282128576,0.006005894351196729
12,136,0.8010207840574087,0.72807069372002,0.12375585391788702,0.1435311392646619,7.09068811953248,8.22372850856958,0.046676413827964884,0.061754723168032155
12,137,0.8245546063920212,0.7545336175970029,0.12128847426904152,0.1427273469432572,6.949317679197161,8.177674600948068,0.032628572708205066,0.0505069241956575
12,138,0.8170886646532247,0.7431770118047845,0.2081939598789357,0.22791355887886477,11.928635221179007,13.058485017565342,0.07803882274953014,0.10149517912018387
12,139,1.0526594073804718,0.981298064953343,0.5406930728394732,0.5630411642385813,30.979431085661417,32.259882403002926,0.4519341692326252,0.5174671942388469
12,140,0.9368868139716119,0.8730621411571997,0.06157765314593899,0.046481886097943736,3.5281396375827807,2.663215897219991,0.029666509892397587,0.02750193752662883
12,141,0.7494622167282311,0.6693537936743511,0.17468403010348266,0.15694603313103697,10.008657673265777,8.992345309728808,0.13246872398812365,0.10172430474305649
12,142,0.7569134755965384,0.6794943869717254,0.02419549748074411,0.01343666509515421,1.3862998888660534,0.7698642006830849,0.009481908249362328,0.006453381014513848
12,143,1.112262293597134,1.0556635235640581,0.12907132213835992,0.10805307416539059,7.395242014701491,6.190985113090951,0.06626173667533097,0.046432232468808746
12,144,0.7069432232900776,0.6223905688425326,0.13826837034834816,0.11907226088879008,7.922194061112165,6.822338006008333,0.14492621428753039,0.12082020104522026
12,145,0.7332665862953666,0.6508625253051253,0.1498976694886343,0.12976813158823927,8.588503820545679,7.435166255304411,0.08802987197161637,0.06378959751616207
12,146,1.0110125466343918,0.9514303272322782,0.1573666020161811,0.14062844252472656,9.016442131842089,8.057416236164903,0.07259424054391092,0.05476138613666108
12,147,0.8396417777120884,0.7679296744991976,0.1156490214223113,0.0932458041121264,6.626200832316482,5.342591032928459,0.06724472706089746,0.045660758150252646
12,148,0.7972762550123081,0.7240837665719937,0.06359297699837427,0.05325969009886516,3.643609188679368,3.0515554608396718,0.014278357358204048,0.010137514140083452
12,149,0.7711174716654785,0.6933096130815286,0.15598293226563142,0.13732910602147338,8.937163694895673,7.868378179335045,0.1258315316645271,0.10208213475953631
12,150,0.7468928586794839,0.6684260329676402,0.06462800098017321,0.052161142188340545,3.702911694531273,2.9886133019736962,0.021666551316791988,0.016144961912024157
12,151,0.8383886081641576,0.7693492700732731,0.12377017713995092,0.1445699076434083,7.09150877970577,8.283245552563397,0.03635125974468138,0.05432266583024136
12,152,0.7578532970557762,0.678456342068599,0.07680777427011563,0.057244009392594275,4.400761299471143,3.279840140602895,0.025255792069051618,0.013438723181788549
12,153,0.7136546366766146,0.629205648835787,0.07355639759843247,0.05002224561940363,4.214471138576404,2.8660635557585987,0.024175444995023984,0.011872509693556632
12,154,1.2020136438068292,1.1472811275059271,0.277265125188788,0.26186913016915553,15.886121479483965,15.003995943454589,0.3404920414177233,0.2976145308297371
12,155,1.0289800993143283,0.9678134863663153,0.2204942238105877,0.20286636603976016,12.63338843135966,11.62338657923435,0.2681092765291072,0.2323767422196524
12,156,0.7502958877275855,0.6711242001464592,0.04701357414117637,0.03247556093148216,2.69367937811479,1.8607125786938723,0.02635551183733552,0.018747538866532524
12,157,0.7826337267603801,0.7069036450099296,0.18826637435826857,0.20877035140464084,10.786868674958772,11.961660022949019,0.08317596983965854,0.1096345137411021
12,158,0.8246535971755719,0.7520955111168334,0.053894574854289334,0.032515868675065306,3.0879316778026724,1.863022042282882,0.01396435899037278,0.005560747212179813
12,159,0.7960756329788837,0.7162659103102497,0.38895694918469215,0.41128758696163725,22.285591600567287,23.56504289902164,0.2506846376932254,0.2991428734237376
12,160,1.0453213642804131,0.9874925991162969,0.1680133608446028,0.15012008564331705,9.6264564782043,8.60124732750453,0.1595710159479031,0.13155553992373753
12,161,0.8155372406348,0.7421815236986553,0.07960708882029964,0.05888115714243111,4.561150208726249,3.3736417971078856,0.02887846455556261,0.017951883054603095
12,162,0.8358268932653011,0.7635885441352952,0.059382410330367376,0.058248311049442246,3.402361489244111,3.33738238689828,0.020737817758952167,0.020816448984231264
12,163,0.7353170790999641,0.6537994189389763,0.10284407284073442,0.0828205737378645,5.892531321710098,4.74526933203166,0.04258479528941809,0.026358893092058557
12,164,0.962026953743018,0.8970522290174285,0.25125870127364563,0.23590647374805,14.396063148918216,13.516445305577015,0.25298214895816395,0.21612597090327101
12,165,0.6816554884709302,0.5931553875244705,0.10232631517357173,0.0792042717903997,5.862865992571136,4.5380704929969875,0.12196106410995096,0.09428168803047139
12,166,0.6631373550818511,0.5725223829661686,0.07346864867742323,0.05184271866491807,4.209443495745749,2.9703689779839033,0.07473186886987895,0.059761296027633
12,167,0.7257835330077486,0.6429388021380685,0.12241513987388178,0.10175620426600163,7.013870863277063,5.830201043712996,0.0669566059490992,0.045932352008357984
12,168,0.686792437562183,0.5989143323785617,0.20790861597483098,0.1888703268071436,11.912286219764022,10.821472601305901,0.45388295168186543,0.38908502550502966
12,169,0.8154922167602459,0.744925445717318,0.02980985411877168,0.04914702933382736,1.7079788289062912,2.8159173564339617,0.0021214669345090593,0.007527969986532927
12,170,0.9538029065373245,0.8916552099080162,0.08164425769947226,0.06092195932007568,4.677871387658236,3.490571148708027,0.01946079384187991,0.009800083793707046
12,171,0.9409517891494202,0.8792317454346416,0.023116675605527194,0.02693704771298346,1.324487948569735,1.5433791464964788,0.006416150483159099,0.008702771199379788
12,172,0.6416650288407441,0.5477885160990832,0.1052001770867326,0.0833826236328182,6.027526151098646,4.777472418888279,0.12918529197511958,0.10835768244165966
12,173,0.8512244063599198,0.7808701540198978,0.08426061751876568,0.06273066230750071,4.82777776299136,3.5942021962801847,0.02800047467692142,0.014914006122325386
12,174,0.8644848410854631,0.7977540704641922,0.01611053376292602,0.03529521160294329,0.9230655903186777,2.022266661869824,0.0019199746762957205,0.0046237079767626026
12,175,0.8353743482446994,0.7631359140975058,0.16588752074659638,0.14601423508953754,9.504654812668855,8.365999419461511,0.1860312273545186,0.15433458020426213
12,176,0.7590754463652041,0.6824256459724254,0.13260548971575953,0.153743520273446,7.597734900978463,8.808854839152465,0.06778119068134952,0.08394099157593099
12,177,1.001055105156099,0.9333991753269302,0.383343426498111,0.40491565672751945,21.963960442425247,23.199958189254883,0.2457445036610573,0.29301238451965017
12,178,1.214176582878098,1.166731895069956,0.16650179583656774,0.18885770156996803,9.539850182784233,10.82074922850039,0.07689625773344755,0.10390496390651711
12,179,0.9069207054434,0.8412424582983974,0.042858381547408175,0.026466387333077438,2.4556043794278546,1.5164122931438397,0.013717045846935231,0.009548889670748593
12,180,0.6649904348714171,0.5747812504175085,0.06285466386804313,0.04026635723163076,3.601306962352301,2.307092325738524,0.029247010341462615,0.01818712439366766
12,181,0.7159416177957237,0.632663093782268,0.0726598583758881,0.0538906981974409,4.163103224956672,3.0877095617266366,0.09910309201535966,0.08394485899858048
12,182,0.7959396984241347,0.7204075219143989,0.054360117472646116,0.041361207836924305,3.1146053050179856,2.3698226446191875,0.02143319717381591,0.018533431903944967
12,183,0.6993701843584008,0.6131999399767392,0.19594958699565188,0.17671348346940527,11.227084332182413,10.124936785851762,0.36539102681277463,0.3040136872921498
12,184,0.6636137087069399,0.5729721057097135,0.17480376665342193,0.1545258355930389,10.015518072230755,8.853678205213566,0.47093363955599676,0.39961223762833153
12,185,0.8427400653727783,0.7712336280350658,0.11734235680186227,0.09486939848315575,6.723221802864936,5.435616138029638,0.08672822936956803,0.0651921719997517
12,186,0.7634276226829577,0.6847846178137642,0.11168532192884509,0.0913583793024382,6.399097580082726,5.234449557185043,0.045233420379042225,0.02828889072153768
12,187,0.9094954199635018,0.844537837851364,0.05134938527643215,0.028624031999853996,2.9421030569307725,1.6400362262390473,0.013981771774712031,0.006528472980325755
12,188,0.9517862959767126,0.889987070768149,0.03976328727916149,0.03301105495414357,2.2782685406621876,1.8913941261468536,0.008058366734015098,0.005795808727083568
12,189,0.8676556302829758,0.7972486566562276,0.14639493560712746,0.12470725669141206,8.38781195237786,7.145199483072505,0.15896011318292752,0.12097259990719114
12,190,0.8380467990547965,0.7681483004870566,0.04159749943233933,0.02615610276563025,2.3833611557708814,1.4986342969810735,0.00853418260196451,0.0058763106380228525
12,191,1.291515128614401,1.2422277984286485,0.2021745538920025,0.18675909817956898,11.583748662951955,10.700508111358678,0.1356532878199194,0.11181513222651475
12,192,0.7921148750887771,0.7194723532337927,0.026073556480595454,0.034271103246439456,1.4939047432340957,1.963589575278075,0.0018447042861105948,0.004873176024843424
12,193,0.7016687426288881,0.616320390369882,0.11065397243647945,0.09124128422028605,6.340005606967216,5.227740503175987,0.08267104014844792,0.06409586094002873
12,194,0.7527001897173455,0.672881835987915,0.09106223205312593,0.07134363308445003,5.217481569685041,4.087689070868895,0.029079765043258654,0.016482482033713393
12,195,1.156896325199944,1.103435861427566,0.11806577880989183,0.0980866890565616,6.76467083073191,5.619953309353018,0.05004314128450921,0.03246188697982366
12,196,0.7836111972566883,0.7091430736414153,0.11108898807420903,0.13009722427976692,6.364930167031312,7.454021877597546,0.02083706666198218,0.034424318664053585
12,197,0.8730121334126953,0.8006890703078432,0.3171478731322273,0.33886407385068273,18.171234612027103,19.415481260253564,0.16888807025758662,0.2075997226001454
12,198,0.881995471496912,0.8120607624230327,0.27994711288051466,0.30178071700201686,16.039788054925936,17.290761422647453,0.15977363768230368,0.19859926185010773
12,199,0.8605932204130642,0.7922258447689152,0.19190632817882425,0.2132863499924752,10.995422666499131,12.220407682318967,0.084279436674027,0.11197363989126907
12,200,1.1213331774118007,1.0679598994979225,0.05332241066294375,0.04455125340715444,3.055149084450055,2.5525987922477786,0.02537309475224881,0.026389413513350665
12,201,0.7959858888983118,0.720417110102442,0.0619074395041819,0.03939056446014438,3.5470350040510885,2.256913096204289,0.021997208957280745,0.010697638105143785
12,202,0.8628779135583738,0.7930500701531932,0.05650957755921415,0.038299409834023246,3.237760296210159,2.1943945413313726,0.018095225830075907,0.008897577510995257
12,203,0.6355851722982325,0.5406021474690597,0.11871725424216774,0.09751392592728361,6.80199762345778,5.587136399384684,0.23461514646097975,0.19400087718064082
12,204,1.0561798532216014,1.0017479716617563,0.0276147277252694,0.04249270327441166,1.5822073510608368,2.4346525577255216,0.01225448722453544,0.01761133009419459
12,205,0.8692262354091391,0.7989784387019042,0.2033525378209435,0.1877667334670421,11.651242170414513,10.758241360619339,0.16541699909255614,0.1373781629374701
12,206,0.844810402518279,0.7768626894755776,0.09512872024680173,0.11701643730728653,5.450474180622442,6.704547991364709,0.04458491813582471,0.06322997628423548
12,207,0.9445962373370868,0.8791651161635848,0.22346626407819362,0.20503963964511732,12.80367379523641,11.747905984548495,0.3580816139008475,0.3037319625288019
12,208,0.6644142032040348,0.5737047081892859,0.0989440029133584,0.07657125758497428,5.669073775065558,4.387209891628119,0.047115808339628674,0.02965189209447769
12,209,0.987709088271772,0.929813625575803,0.05704483434242126,0.056493329834218745,3.268428250843675,3.2368293701412325,0.00657486606002013,0.00936993102586383
12,210,1.1723739703824232,1.1235257025597345,0.07752359311490674,0.06888809681482999,4.441774698173603,3.946997206178368,0.013355059715252686,0.012014771315943036
12,211,0.6410244586705897,0.548646236311709,0.10389250026565848,0.12251176073778877,5.9526017882840145,7.019406830991842,0.08099920835330533,0.0927249938166581
12,212,0.8206984095464395,0.7492653513107893,0.11290935747040269,0.0959661419837491,6.469229650587987,5.498454911822041,0.047615788821206755,0.0343493415252345
12,213,0.8323913926482484,0.7629009397124761,0.024584392485839997,0.02720910779220709,1.4085819313317662,1.5589670408099876,0.002198677599625694,0.0026727299542489884
12,214,0.7543993498241106,0.6755003568193808,0.11461165163619548,0.09461286962016562,6.566763921777657,5.420918116857014,0.08657192782359174,0.06809399175773964
12,215,0.9982215847615084,0.9383856489153362,0.08909963809575795,0.06716646242972404,5.105033219029978,3.8483548220471966,0.031303554337869376,0.017945204882341935
12,216,1.1027235948308276,1.0463450605883333,0.16039594391521836,0.1399818310454196,9.19001063735907,8.020368127415905,0.10946011170535846,0.08188177512638176
12,217,0.7585497686330136,0.6809873747440455,0.10726456855014918,0.12427705678568,6.145807069215252,7.120550844127133,0.01968468003273567,0.031206526864301858
12,218,1.018429855122463,0.9446708570771423,0.5866874640510479,0.6090723498390735,33.61471558335825,34.8972750638945,0.5165610961837502,0.5865308650320226
12,219,0.9051447868012209,0.8270879344752565,0.5375214368946659,0.5598767157764394,30.797709731871972,32.07857286163553,0.4511423769907509,0.5168690123210091
12,220,0.8987817476772321,0.8337638896557661,0.041119020961842445,0.03281225193120949,2.3559463588235348,1.8800035519782887,0.006524315001224117,0.005490562838063215
12,221,0.609415213166509,0.5105201283555458,0.09780718626141773,0.08129194036786117,5.603938978829165,4.657685091507609,0.1491659793584021,0.13335604286859748
12,222,0.8401632998772086,0.7680889980251189,0.08020571284471177,0.05814510767357531,4.5954488388402,3.331469269029602,0.02818905101785244,0.015417586555961298
12,223,0.9140896039357641,0.8473960559434093,0.10752344841755347,0.08607026805340223,6.160639793018424,4.931463101019627,0.04561644124360655,0.028754253926639627
12,224,0.7997241802162995,0.7255320011448156,0.08616174194350364,0.06674480511581589,4.936704168858082,3.8241956375594364,0.022513261952384046,0.011723073719008673
12,225,0.769647162191831,0.6918753509876588,0.07375377979700443,0.05088350437055215,4.225780305505591,2.9154100472681166,0.023370527047958348,0.011532055144382842
12,226,0.7473664958923971,0.6690625305303041,0.05349689921712176,0.03898245251215455,3.0651465421777946,2.233530004015609,0.05699130886117174,0.0488638022535858
12,227,0.8707727343325967,0.8054243818991373,0.04195267387366316,0.06465966788996375,2.4037111522496537,3.7047260748124917,0.009444605993163172,0.019167127211240947
12,228,0.8593894236904545,0.7930680969163031,0.05195985424507848,0.07429047217223296,2.9770803523579112,4.256530513503038,0.008426732232873414,0.01860970924296087
12,229,0.8823085836397176,0.8177863144960623,0.05703526367296337,0.07961759145948373,3.267879891876623,4.561751965625246,0.015290064189801823,0.027041186041605852
12,230,0.8826061633315984,0.8176373643734929,0.029993954356783432,0.04708776689330122,1.7185269955517184,2.697930309682004,0.011995824927965857,0.01903945090167457
12,231,1.0130712416018475,0.9530572503109048,0.13024439630397755,0.11321957582419967,7.462454213447212,6.4870038529880505,0.04366341326727624,0.0293797105626393
12,232,1.0342685910581115,0.9788485307352397,0.07063597510321744,0.060603771021102676,4.047143255205519,3.472340302086427,0.011051014144082223,0.008424043640948675
12,233,0.8289627757354991,0.7575552771367712,0.04027485483208324,0.034785330948487965,2.3075792023804396,1.9930526523141652,0.007151734381461949,0.0037084789874052403
12,234,0.7892950264325402,0.7123560726204241,0.11050974478959628,0.08851803027424729,6.331741971511707,5.071709545525619,0.055848381419871106,0.036281883344263244
12,235,0.7458914941022197,0.6650527867279264,0.21446328420196042,0.19581302934206563,12.287841045287037,11.219260154971712,0.44566860585407475,0.38496028802064647
12,236,0.8241992466104147,0.75088543972267,0.0851811903812804,0.06376120774456262,4.88052270274773,3.653248100420297,0.030596783164166474,0.017057447106518908
12,237,0.7803841359698527,0.7042901651069678,0.07028322474003812,0.04726895811470298,4.026932148173636,2.708311801953146,0.027700529787383108,0.01617007128329208
12,238,0.9070205805570091,0.8280842292637447,0.583978513614688,0.6064485181495615,33.45950415644471,34.746940581932776,0.5087871704136868,0.5781917308612339
12,239,0.710669674114676,0.6256296573637956,0.28984573763236204,0.3119587404241245,16.606937476190524,17.87391920851952,0.14833520773157424,0.1853795558111369
12,240,0.9291021219203689,0.866053507813365,0.0668983238528529,0.07764614024706869,3.8329916132678354,4.4487961316379145,0.008315813234233343,0.01410486929488848
12,241,0.8237844395098656,0.7510096796764886,0.0947254743309477,0.07207057773331937,5.4273698915381186,4.129339931188727,0.07352583243671627,0.05556384657108415
12,242,1.111398018011597,1.0567561427394794,0.10205200456934928,0.08019105214766806,5.847149152673506,4.594608842774876,0.04606152871410258,0.030368788836393372
12,243,1.0855357472556137,1.028759540437347,0.1326653894426305,0.11455289470914184,7.601166902522157,6.563397397840326,0.05161884340880128,0.034871815520526026
12,244,0.7018164665354305,0.61845084186574,0.027929556162730844,0.0505763737082789,1.600245691798076,2.8978127565608016,0.0074184388257081246,0.012861664146998103
12,245,0.7205011483531311,0.6370295193262303,0.05291296273272552,0.0395358361028439,3.0316894461181834,2.265236548213904,0.022041708375657085,0.018267391377868862
12,246,0.8457788870399984,0.7770726920100229,0.05161256039789333,0.06496794261386757,2.9571818806633408,3.7223889154227416,0.006406636295587383,0.010867306159268519
12,247,0.8021593563996428,0.730825095021655,0.04510773879895861,0.0682465299508497,2.5844830565588413,3.9102381325968536,0.006916386483598134,0.01638443113332948
12,248,0.8558106948957518,0.7847071555037355,0.10047445198187265,0.0774051890590176,5.7567620474511525,4.434990645493924,0.045108374471309255,0.027313569877680785
12,249,0.7063293507702629,0.6232586878361379,0.06850358846449703,0.060188722826955594,3.9249665005167516,3.4485597922672726,0.11756941727122895,0.11030760161595492
12,250,0.7376467480147391,0.654213365553113,0.34466129438233045,0.36587513362799234,19.747637529623564,20.96310098566898,0.19151991929284495,0.2298213903845896
12,251,0.7645400002047542,0.6892281094680056,0.07925375389471911,0.10258464398953876,4.540905608735915,5.877667143452658,0.017160249770764628,0.031614109380019774
12,252,0.7401048330623077,0.654345642883614,0.47773912628460646,0.4996757699262348,27.372435644375404,28.6293127417232,0.3339272413398935,0.3874358251172414
12,253,0.8960840446644271,0.8290625479852484,0.09262432461510416,0.07452664681464809,5.3069828806951715,4.270062323741436,0.029410707289879996,0.02099425327808334
12,254,0.9361391763925836,0.8714722766378061,0.09239783650971302,0.07030272382570797,5.294006068146345,4.0280493634868835,0.035458237510227426,0.02197070378307988
12,255,0.8299065000332811,0.7578934978894271,0.05807609466997692,0.045789187697845166,3.3275151151918934,2.6235272024188783,0.018532065613399762,0.015552163718805821
12,256,0.9122462817655578,0.8462989622340122,0.0721377323591044,0.05063941154869641,4.1331876078209895,2.9014245587663443,0.02484347404301831,0.016612570547965624
12,257,0.710384773667445,0.6276490279694852,0.0423058147880209,0.044004423743473846,2.4239446362157433,2.5212677604063223,0.032115732168994195,0.029813510050769605
12,258,0.7341601594794648,0.6552692979852577,0.11910078687716633,0.14176642133147382,6.823972424748731,8.122617618966855,0.03090609159131464,0.04799804954100378
12,259,0.7858598656960507,0.7061407084478722,0.3462112888066717,0.3684398331547678,19.836445668407126,21.110047444272414,0.20911079031949698,0.2534043357150016
12,260,0.8263536148820457,0.7568750163751886,0.034004032478762526,0.05372939956553535,1.948287547458868,3.078467830877215,0.010735201715963115,0.015293819932794973
12,261,0.8462947615389522,0.775943281614643,0.07732321699279292,0.05415933109540114,4.430293992061284,3.103101093018127,0.028584173437138163,0.015038840733120132
12,262,0.9678272666803,0.9060073099342862,0.06655604092311071,0.04503309248697272,3.813380245994235,2.5802061379258334,0.01645638669863716,0.00792351025489215
12,263,0.688953801353652,0.6033098107801569,0.026737444747997847,0.032533113766705854,1.5319427390245055,1.8640101132512017,0.033384001129070355,0.0322693474297159
12,264,0.6388615983634812,0.5442715473682952,0.09214067639924367,0.07163663083508548,5.279271879157333,4.104476605387132,0.0425716711870501,0.027312594254445037
12,265,0.6734817001049769,0.5841002005938801,0.12688860370449032,0.1055507688093542,7.270181460575358,6.047613577137085,0.19961714889658644,0.15853622881917878
12,266,0.6981137104117,0.6128470776677398,0.07650635911376796,0.05570936485994523,4.383491483131145,3.1919114858292783,0.10661711708191549,0.09170562048746446
12,267,0.8513431669941443,0.7831908104932651,0.1496976256007037,0.17082020690784994,8.577042150049868,9.787276911371272,0.05145123807868889,0.07281772389426866
12,268,0.7522524172961904,0.6737577441324796,0.1398219607569045,0.13472585527481948,8.01120823461445,7.719222898537496,0.10455807630068636,0.1014526319159976
12,269,0.7500304349845704,0.6731224490410669,0.09322414872675189,0.1163938483983886,5.341350270742771,6.668876274513203,0.024160317397310026,0.04080641724659154
12,270,0.6306588905501476,0.5356865858914318,0.07671510838565582,0.06064773298066988,4.395451935386748,3.4748591368287527,0.1420526257488191,0.12993542692206572
12,271,0.7979893948658546,0.7225557867415289,0.11266096678177086,0.09231763715926694,6.454997912459035,5.2894109838460945,0.04790351977799204,0.030563634170098296
12,272,0.9338037411312894,0.8693242468295601,0.13772249245834747,0.12331044962743465,7.89091756188562,7.06516833351254,0.04541655405664559,0.03063146243933794
12,273,0.6547520629586538,0.5632656650331687,0.32991130270528246,0.35148289618181716,18.902525258675624,20.138486522253,0.18155479251200762,0.21882800503365427
12,274,0.8455590350782676,0.7772888108699404,0.046234331368286,0.06136474905184044,2.6490320560121003,3.5159411315498774,0.003306623036349668,0.008229746238097812
12,275,0.9945791463354006,0.9340965208536776,0.06877730735760526,0.04509147936730149,3.940649437864846,2.583551459747607,0.024367634448718995,0.01341093328620489
12,276,0.9375600738724724,0.8745565499771334,0.06268887933191415,0.041300639761569675,3.591808208123577,2.366352349528137,0.013665035556585811,0.005905891521597581
12,277,0.7604362663812275,0.6840220194758329,0.06634815211809411,0.079602626284428,3.801469094858766,4.560894524254879,0.05837026711327896,0.06283689854293606
12,278,0.8175131472927507,0.7438416037281472,0.11546634700939355,0.09259111468362194,6.615734359431266,5.305080091783322,0.07067727875829408,0.048466653673520245
12,279,0.8190009942699498,0.7475981592505554,0.13893737665787412,0.15832867659597927,7.960525299115626,9.071564944841345,0.04145159195721211,0.05888673784432689
12,280,0.6839021300615683,0.5968271537443028,0.07236413215903158,0.056330348829785826,4.146159360839423,3.2274912464464234,0.04098285448462255,0.03281074059805233
12,281,0.8372671500113719,0.7651321947986578,0.16147938633148642,0.1416512037513902,9.252087315156686,8.116016137902353,0.15128785799469344,0.12378784202078014
12,282,0.7542645327687928,0.6760065553197044,0.04318656833724275,0.026551904919155007,2.474408097377323,1.5213120899002313,0.03063933125169508,0.02317796296886873
12,283,0.6238061563033975,0.5270394229537481,0.11591049843997163,0.0955859687432457,6.641182361868087,5.476672589657384,0.24557703498528186,0.2064112052558065
12,284,0.7661558343792781,0.6874422469786765,0.055439609104333216,0.05766175082666233,3.1764556195333475,3.303774961702737,0.01677305566158091,0.018016914553437267
12,285,0.7701103461458972,0.6946643442521669,0.04696891735378018,0.06673287241863433,2.691120732670375,3.8235119443727257,0.00761612656628196,0.0157054002974831
12,286,0.7160532741874029,0.6334698678945543,0.20876389560231323,0.23077680839264872,11.961290132722276,13.222537130398047,0.08193488206216218,0.10969729221942616
12,287,0.9195072656116174,0.8570305341351958,0.1396479361616688,0.16120931550212786,8.00123735977597,9.236613396464842,0.0569111327287971,0.07953940103279379
12,288,0.849348150236566,0.7805934993577074,0.1468132620096431,0.1677919172784342,8.411780289700896,9.613768696462515,0.042684956246196754,0.06271926903962632
12,289,0.7224495814406738,0.6402804196435882,0.05846452332073079,0.04122724250397097,3.3497704375220505,2.362146996439897,0.028735669509910574,0.01929336113562968
12,290,0.7806925184271938,0.7039245418374541,0.11321705405821762,0.09310627230705663,6.486859366440359,5.334596449390119,0.09362258744760636,0.07272370442441567
12,291,0.866232299076865,0.7963017749269914,0.1042424246298667,0.08497447899113744,5.972650977501945,4.868679012515257,0.03736953531396921,0.023591139664184683
12,292,0.7378399157578404,0.6563389074647102,0.07109785251873614,0.04958093496758377,4.073606881767151,2.840778317955153,0.02159889088501204,0.010848329322405356
12,293,0.6499880841335359,0.5582582535328839,0.22480221440365733,0.2436764042408519,12.88021811052461,13.961629529924569,0.11288310107345895,0.13423564196437138
12,294,0.6671388742864162,0.5791420371507774,0.12043200500816614,0.14262639287322443,6.9002456052663135,8.171890358810522,0.03341547606306203,0.050154773655749614
12,295,0.7655847749520093,0.6875259932748288,0.2548348447961321,0.27710735759131566,14.600961079689739,15.877082062004881,0.12869410221040967,0.1639720698084806
12,296,0.8130631557470205,0.7418485422278815,0.11360214968700942,0.13414357417046777,6.508923720679066,7.685860648767926,0.0238393502406109,0.03912884634357346
12,297,0.7289237571695675,0.6482348304226594,0.14517960122922854,0.16598261102131256,8.318178421827094,9.510103084082832,0.04508706506472064,0.06526412642263064
12,298,0.9492287753046911,0.8889390429994942,0.01919715269532713,0.03169859382060165,1.0999158281104373,1.8161956424199461,0.005750559121550411,0.009310357014581355
12,299,0.848957899795608,0.7803916898778569,0.0769988294658331,0.09348628840277269,4.411707955839799,5.356369767821689,0.023071908388051357,0.03355697651042432
12,300,0.8971046517609196,0.8286306646850409,0.20681212258810527,0.19253318492175261,11.849461776440632,11.031338912228243,0.12350502328151629,0.10096542262963284
12,301,0.7670014025504682,0.6891729597022958,0.0798495399990733,0.057344911339810484,4.575041638007951,3.2856213963230356,0.04335137173319244,0.02932716748236768
12,302,0.929513117568755,0.8653271322105764,0.08179936246654684,0.06640474289101926,4.6867582361939695,3.8047115073067603,0.019056533629225728,0.011136305940655157
12,303,0.6974397150507388,0.611718791527966,0.07175393537472967,0.04995463468972241,4.111197660426469,2.8621897348389087,0.022912878268466857,0.011783192709894592
12,304,0.9222691405759718,0.8561173792480803,0.07027559657354951,0.05426650816743088,4.026495086428416,3.1092418869060006,0.027923388453360558,0.021367305988345065
12,305,0.7921708840168555,0.7177934782044683,0.05040093380643191,0.02943626083689019,2.8877607906267797,1.6865735106000406,0.011426345398700646,0.00427665447106792
12,306,0.8978613694896719,0.831289041351979,0.07131567870308164,0.05386133256334196,4.086087402797586,3.086027034830042,0.020486020268094388,0.01395717095423192
12,307,0.7687852915190448,0.6919690591450787,0.09554777011759578,0.07670237114001084,5.474483969624444,4.39472214496867,0.03297722723503115,0.02038905206883477
12,308,0.984909051680526,0.9247095340504181,0.05385441611746332,0.03152810675123828,3.085630751671965,1.8064274528838706,0.013162127579077983,0.005528705106134471
12,309,0.6926296781505353,0.6081910982473576,0.03663658551148678,0.044183503575614784,2.099121725578333,2.531528278983909,0.050219578460790684,0.0510114718868369
12,310,0.9119647803987682,0.8465825949119224,0.14853250932853693,0.13187417043847488,8.510285905012696,7.555833392913495,0.06944286292738498,0.0517554955547509
12,311,0.7668910564003741,0.6896001530092284,0.07522816612347981,0.05437878781155978,4.310256419384428,3.115675036639818,0.06484010202606233,0.052070791567448406
12,312,0.6438821529437927,0.5504235118583121,0.11211062839141794,0.09116307197798099,6.423465845387789,5.223259271785652,0.17820383282101743,0.1490887368498123
12,313,0.8558467919906316,0.7864533933643226,0.03580546652450186,0.02733892185915923,2.0515021153509085,1.5664048389677738,0.00720645297900873,0.0029733751022232476
12,314,1.0804341810502074,1.0228259670230924,0.1578902127180535,0.13908016310767254,9.04644281516726,7.968706360060732,0.16678743547286923,0.1395676083112959
12,315,0.913309162918005,0.8484138946790495,0.05090523844449683,0.028702131042638176,2.916655317976772,1.6445109717745927,0.013558110875239102,0.007719221673402495
12,316,0.7533486567928506,0.6750153536738224,0.09688053815844147,0.07842199669129675,5.550845953434821,4.49324943140021,0.0581119528715664,0.04536518490429352
12,317,0.7389149215268108,0.656941514645823,0.30191214659173027,0.32397999958765444,17.298291783441165,18.56268662302275,0.15449931135700445,0.1920443485855297
12,318,0.9439127133989482,0.8802318152116851,0.07670785474558595,0.053281565948791194,4.395036332424638,3.052808854713695,0.028050049018902352,0.015336554204888199
12,319,0.7318374421345327,0.6440742000595092,0.5204545197672569,0.5430785258272633,29.819847411171896,31.116107474088665,0.40377017157885575,0.46464355549261993
12,320,1.252497296709331,1.2019369867139043,0.11799429982305282,0.09898918840742492,6.760575386462163,5.671662713170782,0.050444341786068894,0.03656729297354532
12,321,0.7762950882705879,0.6998219299919957,0.046244352924283895,0.03977307459454509,2.649606248874934,2.278829312526432,0.008904728165184974,0.005118610414706172
12,322,0.7374945835043879,0.6565419870071867,0.12856785737392387,0.11050128978849938,7.366395608565758,6.331257535633076,0.0877270945474341,0.068903749662201
12,323,0.8069988240320679,0.7349613691944993,0.02811351621985263,0.04793024547093965,1.61078582667014,2.7462007765108707,0.0029080459006825925,0.00865908564275817
12,324,0.7744958580942927,0.6974474992482025,0.10452557658100714,0.08149481482916097,5.988874389263186,4.669308941911079,0.11103812382323132,0.08572272570177514
12,325,0.7316822555482637,0.6500117511693214,0.12092349814933293,0.10323641770159471,6.928406087914798,5.915011026351039,0.05613473422500075,0.039863288911958644
12,326,0.8999314513644142,0.83584009847671,0.057696013721797744,0.06937388202980502,3.305738080987896,3.974830648746292,0.02099804697737562,0.025945310267661663
12,327,0.9236360453664006,0.8579485956195582,0.16046275741419244,0.14352475372878182,9.193838768864786,8.223362644313722,0.07532442529843014,0.054044532060818246
12,328,0.7179771307328626,0.6362409307372789,0.09560259700819651,0.11451465211793962,5.477625319059691,6.561206258766794,0.017929958670027904,0.030063661869955634
12,329,0.7267187097696252,0.6445097707026085,0.04665778727291934,0.04212556821943391,2.673294292157485,2.413617268563993,0.009383511161895411,0.006515551554303161
12,330,0.7348961033479008,0.6537158360949042,0.07280502713977655,0.05077657005534007,4.171420782444612,2.909283162321343,0.031227309337972214,0.018961227832231465
12,331,0.6842441049881454,0.5983870564721594,0.017758410283803542,0.03023701666678945,1.0174819601236613,1.7324534400737637,0.02633376447109448,0.02749535857659851
12,332,0.7602934175011993,0.6824685915106095,0.1256130809955625,0.10620485893271864,7.197099392680701,6.085090180627058,0.1663685947163668,0.14398982941491106
12,333,0.8302764913909638,0.7581921374267075,0.09491796308131838,0.07524966588062179,5.438398684538106,4.31148826472922,0.03211275500164543,0.01837760137016098
12,334,0.9511978886451476,0.8869147985631548,0.05937452894164872,0.04697941217472054,3.40190991893383,2.6917220416170036,0.025705379465611213,0.023198252872245452
12,335,0.6747015702732612,0.586417165810411,0.14252679656615644,0.1587980564383296,8.166183910760438,9.098458428796535,0.0335648437281241,0.04588962089075564
12,336,0.6281297801012441,0.5333462060364751,0.11601801270868824,0.13237245735803305,6.647342475702984,7.584383130390753,0.06527255504027532,0.07449402739964416
12,337,0.8614746682240627,0.7925477376842185,0.07624787407400745,0.053827804863827405,4.3686813812855965,3.084106039151075,0.02707969561748995,0.014257042315358473
12,338,0.7539852318021009,0.6748988567950817,0.05221811009815668,0.03258167012593282,2.991877322773843,1.866792187703428,0.015089990429228435,0.007449158498012216
12,339,0.8412379640588448,0.7710641095632725,0.041682460546964936,0.050390849791004055,2.388229069061656,2.8871830191022188,0.025530502906158124,0.031227630201394553
12,340,0.7808062912910675,0.7066869688495362,0.09375683966907619,0.11430670431157837,5.3718712135228,6.549291727103291,0.02904230812514145,0.044187767417004836
12,341,0.810197490839304,0.7366873873927864,0.08116437780111875,0.06184549015978109,4.650376294809413,3.5434855680733195,0.022037641929425374,0.010970071445806473
12,342,0.8767622147024846,0.8072150880992024,0.1837471424194363,0.16558952170364435,10.527935758222958,9.487580725208767,0.23578878897393968,0.19113142904709335
12,343,0.6941594849222401,0.6082047254469558,0.09188931164022815,0.07309576462543163,5.264869739347421,4.188078813318893,0.054611918836670076,0.041397567111436426
12,344,0.7060426098314556,0.6207477672300159,0.19765038420934886,0.17701790558641334,11.32453283433486,10.142378888346762,0.9379455643214764,0.8151270580283562
12,345,0.6825976692614799,0.5946098529982801,0.10484188887633522,0.0840634794974643,6.006997748793581,4.816482586389231,0.08315606163956325,0.0639240995492878
12,346,0.6825495852718713,0.5966415756568454,0.049340821152356905,0.06823836785931314,2.8270208097398695,3.909770479199809,0.011185219751753713,0.018712662406346232
12,347,0.6520236160330889,0.5603878273435767,0.12456905442253752,0.10779431104481396,7.137281076346862,6.176159078388276,0.13977855997697727,0.12146090158090009
12,348,0.7208020153288733,0.6374933126143534,0.2808870482555097,0.30256731383686203,16.0936423849282,17.335830101462427,0.13787499456722307,0.17322041604093855
12,349,0.8208516939801223,0.7502617697766408,0.1371402384633808,0.158780299220172,7.857556865369398,9.097441015140213,0.04063619325666125,0.060695025907371344
12,350,0.9047029751999335,0.8375024565036129,0.08784884522304288,0.06503072132340251,5.03336806637836,3.7259858705223716,0.03365273510409224,0.01981463292917293
12,351,0.8250004844901048,0.7524302857282703,0.08602130117779255,0.06500841833348389,4.928657505711251,3.7247080033295115,0.0629300175749127,0.04755292558246011
12,352,0.8169553751476348,0.7429984046409841,0.11878584029953178,0.09819861817510259,6.805927315078182,5.626366375450036,0.05167334924187871,0.033207609544414964
12,353,0.9259724011147534,0.861624726075025,0.07438795069093243,0.052821889752984456,4.2621156212177045,3.0264713487513397,0.019884146357286477,0.009329994068778859
12,354,0.7452767761925103,0.6669187820953552,0.05660408496693523,0.07319803954334028,3.243175171805299,4.193938734465106,0.005837391228542703,0.011510206088882438
12,355,0.966174113679417,0.9069419181467014,0.15077491199279766,0.17401268898577033,8.638766113643726,9.970192660607266,0.0645962018329782,0.09022109637840818
12,356,0.6944249822636035,0.6078739465280952,0.05940698082601237,0.042740665649357946,3.403769274945114,2.4488597552879843,0.052130013462164435,0.04177730037397365
12,357,0.8829871274410265,0.8156387487632841,0.20090611988411713,0.2224972732886029,11.51107274770926,12.748154712605812,0.08049009155837303,0.10798751161849388
12,358,1.018285991028487,0.9608619552890632,0.03918144143807635,0.019591814178629447,2.2449312296407697,1.1225282654400328,0.01017935495410301,0.008004242953766451
12,359,0.8179975065245991,0.7454834381353804,0.2276426458580843,0.24972184642838538,13.042962844859481,14.308007852560573,0.09870334389787093,0.12942907908013573
12,360,0.8081725543888184,0.7356785484633219,0.044982165349174874,0.024255290297283124,2.5772882278673355,1.389725764898939,0.011425745089636917,0.004595038655307313
12,361,0.7869851012693966,0.711489387662339,0.07059485808288309,0.04735347010010804,4.044787423474207,2.7131539820351267,0.02342629337912118,0.011453472085522925
12,362,0.8081077829973363,0.7331656973094158,0.13783429760580176,0.11694748481639829,7.897323524962588,6.700597304649899,0.08252026252618727,0.05901681592914902
12,363,0.7673342411532417,0.689564213697469,0.14310306034598394,0.12265356791813158,8.19920139323081,7.027531783930135,0.17111642766676857,0.14247383283613665
12,364,0.7750220553557414,0.6979857352087325,0.07293597310566352,0.05003897679667717,4.178923433634199,2.8670221816026573,0.0321353604632431,0.01941965950917512
12,365,0.8716359881879844,0.8019206365073971,0.09603402713488715,0.07751868201671658,5.502344444473859,4.441493312974533,0.03257563963567678,0.018983991980986416
12,366,0.8017323083488815,0.7272829707193923,0.056236403639801355,0.0371012444037427,3.2221085835547587,2.125744719017821,0.04274454358373293,0.03347420636012773
12,367,0.7281810959028726,0.6458733867053489,0.10397611675170472,0.08329787218183146,5.957392660032179,4.772616518439129,0.07688399783668616,0.058529353748170296
12,368,0.8385663404848271,0.7661890483100361,0.098607466782131,0.07657728162813171,5.649791675092567,4.387555043876644,0.05380886451752395,0.035299159301639425
12,369,0.9588494703098802,0.8954725119956742,0.13690423164267632,0.11626214931233839,7.844034670606731,6.661330472716796,0.08384295393685048,0.061433592395988404
12,370,0.8966380798628849,0.829645571848719,0.10465819414883266,0.08374583612218496,5.996472816188879,4.798282961595435,0.04419999546446565,0.027650721695338124
12,371,0.7266533624764752,0.6449329019528574,0.07270044026535803,0.05030438038027242,4.165428395947966,2.882228686810313,0.06047985635007129,0.047127787704079584
12,372,0.7337154405251296,0.6526224351767032,0.060737628106157016,0.037261199889964625,3.4800097481179644,2.1349094932883004,0.016177182533671994,0.006634743236606427
12,373,0.7194615670673077,0.6380462481056856,0.11623006006537508,0.13664439891096972,6.6594918942980454,7.829147351700587,0.03673470094229953,0.05375272093192017
12,374,0.9239685026929308,0.8619233937221336,0.05462168953856338,0.06359043995664485,3.1295922804335627,3.6434638268958235,0.05463816040489142,0.057382873663568666
12,375,0.8639240918179872,0.7867401633939425,0.435467287665656,0.4576320613715205,24.95043769925142,26.22038568646,0.3168559643792819,0.37158972862080886
12,376,0.7554421272260183,0.6775839659891759,0.14615391199635736,0.16586705160876022,8.374002316717728,9.503482017460572,0.04013371235607806,0.05860458248920475
12,377,0.7840177570291793,0.7064468707166108,0.28091071665562073,0.3030629708527859,16.09499848436239,17.364229156560913,0.15195701037932588,0.18997599272969445
12,378,0.7504574326278028,0.6700706790176028,0.07088619098311345,0.051878616364861116,4.061479569090713,2.972425764684867,0.020245377664438118,0.0106797474251417
12,379,0.7259678008265706,0.6458745069112516,0.12818186193282574,0.14998074561220562,7.344279698879544,8.593263731804623,0.03583638023593907,0.05461129704972917
12,380,0.9889302566607231,0.9317910218219834,0.14584436316422178,0.1659820551422092,8.356266475083157,9.51007123455629,0.12711934490150195,0.15782211639359617
12,381,0.8886785154342198,0.8225686117300416,0.1719147715128065,0.19409231577415284,9.849990843639688,11.120670529779412,0.06808399258765348,0.09398233670980902
12,382,0.8446928592337705,0.7754332003368413,0.03315704562583139,0.024743244715929934,1.899758775482846,1.4176834936821607,0.006896969044428759,0.00637701841102446
12,383,0.8758812419036394,0.809928731956065,0.07141203558538108,0.09134430272943968,4.091608245480383,5.23364302896222,0.022281006435826357,0.03492385612675019
12,384,0.8385428258393082,0.7666853486790545,0.2411429661291884,0.2623467094689079,13.816474218468658,15.031359221713215,0.1048196754860419,0.135388348548435
12,385,0.7567977036252279,0.6795897160801372,0.17759094738203085,0.20031276082637295,10.175211764720244,11.477075777964659,0.07080592934308962,0.09762205981375965
12,386,0.6730722557137029,0.5841362231442897,0.12388798994871474,0.10291344643559154,7.098258956420518,5.896506135905061,0.1266809690447193,0.10330261407164479
12,387,0.7836706132795203,0.7084116339262724,0.0551620450877105,0.03861983292764073,3.1605523728361664,2.2127534322541798,0.016472552548301836,0.00828547789368231
12,388,0.8800643174795764,0.8054325564404228,0.3990919032287506,0.42092549862339174,22.866281692850883,24.117254560560088,0.26070776352140346,0.3095367016782504
12,389,0.8256994454346472,0.7511150612791325,0.3167004414825542,0.3390590415039016,18.145598666880257,19.426652083924573,0.19009166955178897,0.23276499608869228
12,390,1.0225141640959252,0.9655116066883399,0.07869618646773355,0.05838648183353019,4.508959348375674,3.3452989896785326,0.017535663383262852,0.008760122659040633
12,391,1.1435647434814782,1.0926097760397973,0.05938773049765504,0.06908925904233722,3.402666312375998,3.9585229528119825,0.02203724472870404,0.02752364627921822
12,392,1.1541853332328795,1.098269616639131,0.32954803687388123,0.35252256471361126,18.88171165969502,20.198055141217367,0.20682498862161308,0.25215234591894936
12,393,0.8613827336055216,0.7937169974504307,0.09572722080603883,0.11376185194969489,5.484765736702948,6.518073986309632,0.01904744723588437,0.031193069037666436
12,394,1.00730123767043,0.947632943060614,0.1940991503683927,0.21564730324429623,11.12106212318404,12.355680339275999,0.09351157008291194,0.12313075518471271
12,395,0.88172746035277,0.814537014349229,0.2094264736330317,0.23142762010948098,11.999253057480534,13.259825895030199,0.08819374911904682,0.11727565683235024
12,396,0.8429860899933215,0.7730071514663517,0.06418081783394522,0.05092349808065722,3.677289987583027,2.917701518064207,0.011486494228736911,0.00531452107061048
12,397,0.8513347524211714,0.7761777163091277,0.3844155032221539,0.4067174157439398,22.025385914027115,23.303191376595414,0.25366226853369966,0.3026842641657289
12,398,0.8440529229654024,0.7748508516135326,0.11168238511684725,0.13017904612638498,6.398929313150027,7.458709924080727,0.020997639014073456,0.03404537623992756
12,399,0.766075201199782,0.689051111962746,0.04173396612341883,0.037159233757754505,2.391180121213852,2.1290672642593877,0.012471677569336316,0.012388102283029417
15,0,0.5668381933150857,0.6454395451369747,0.5568080424464183,0.6177202173721841,31.90275083112097,35.39276137532995,0.44150267635649565,0.5798765493213773
15,1,0.6064118448189383,0.6588218724101832,0.039948534788378384,0.0670162963924486,2.2888824411056268,3.8397509418851095,0.008791458544596014,0.03851001680086655
15,2,0.6804854287980047,0.7373641275062978,0.07353106438045764,0.13697513185861757,4.213019652104962,7.84809695374673,0.00832935120951131,0.035226576404641205
15,3,0.5119774716892889,0.5784845029119223,0.04998827071432805,0.11314876767498891,2.86411693708841,6.482946844883141,0.006402492518651954,0.03658672768551711
15,4,0.45830162454177203,0.5290787888757826,0.08097182981081326,0.061702997064832586,4.6393441076111825,3.5353213151230136,0.09319694986655216,0.06077048911119284
15,5,0.5056310683434894,0.5702371122901765,0.04016421200516522,0.044803422991510744,2.3012398353646404,2.567047045152963,0.00854586094874333,0.0033221387083954765
15,6,0.7056040744599162,0.7599372568446079,0.0459842161495951,0.10333758778523038,2.6347015095891204,5.920807645156349,0.003441109380300582,0.01858348141567212
15,7,0.4875391400156654,0.554724880213294,0.087058329243846,0.05718294742266623,4.988074837132728,3.2763415474372635,0.09518057714256367,0.06127700803576498
15,8,0.40956599101898844,0.4867983055356924,0.07572652507343014,0.07338364735772274,4.338810283899154,4.204573278873868,0.20345238417089223,0.15914901134403503
15,9,0.5401627828338055,0.6082802380441971,0.08915602943068134,0.14912646532282578,5.108264204522197,8.544317076701942,0.03292842273655718,0.04384444641709673
15,10,0.5888011279096063,0.6456503134697621,0.04251956558072272,0.049142871468036205,2.436191654505133,2.815679128272347,0.00901561792837699,0.017495084990272323
15,11,0.4720435648208611,0.5509088620412805,0.3361428037650342,0.3952866645121261,19.259563969430697,22.64825757434852,0.1882081909827758,0.28542708969438035
15,12,0.5111250107109693,0.573911809929198,0.11477521400446639,0.05875720017917092,6.576135355166745,3.366539586271818,0.08527759574123168,0.04515287300716667
15,13,0.5444894053531417,0.6116635228658313,0.17367018325589775,0.23913165460274258,9.950568527826519,13.701234556717296,0.04256020761503394,0.08403115209316217
15,14,0.5366352738026935,0.6101057481492834,0.24519223982085286,0.3060992030054642,14.04848051109439,17.538192444531305,0.10853982058482674,0.18523197437992914
15,15,0.6503842896140657,0.7034267000565149,0.04357193935784274,0.052179986941199824,2.4964882304043514,2.9896930267785002,0.02542743101931015,0.01273615362385485
15,16,0.45291680852780325,0.5290473333893939,0.12538388230982217,0.18921855236028265,7.183967275317834,10.841424455819377,0.06655731443226204,0.08178865558489931
15,17,0.4683996589796163,0.5420172723442164,0.06614738008125813,0.1254837688563921,3.7899657045038193,7.189690352866427,0.0493051020385514,0.04966400251941728
15,18,0.6896108566026276,0.7409623904814635,0.030882624041570432,0.06859051865165797,1.7694440178712347,3.9299472333533556,0.005877593484146865,0.025756651582471122
15,19,0.6042127957474634,0.6618541121694135,0.029245714863441866,0.07278521057637259,1.6756560305182395,4.1702853769971115,0.003710446390117901,0.012034663543999086
15,20,0.721377977550236,0.7813066558557707,0.24852523744737054,0.30718039426097093,14.239447208220973,17.600140140318288,0.11897989859587128,0.20572078890166257
15,21,0.5005207337258977,0.574796704543993,0.2121165266621715,0.273318995239125,12.153381742716627,15.660024887958103,0.12076845849047611,0.16102247402360487
15,22,0.5351266962670788,0.6013236741779338,0.041179054387166944,0.10256966038497296,2.3593860207243424,5.876808646149145,0.0024697304212893227,0.022260403616047572
15,23,0.6831977603675646,0.7366691276271781,0.027074832527696626,0.08439314576686947,1.5512736348605352,4.83537107227397,0.001925601311908446,0.01353262097679718
15,24,0.5110358011474774,0.5756113010828503,0.04256062199072296,0.08136817591119519,2.4385440135201057,4.662053066389536,0.013358005556634706,0.042406119678685246
15,25,0.586446996634492,0.6485469502469532,0.08906357473903276,0.1336034940306809,5.102966940894549,7.654916336159302,0.020447803908706857,0.04706388663891907
15,26,0.5225604222608703,0.5844268282559409,0.10868942123537244,0.05997181058831515,6.227445114506427,3.4361316364684407,0.11469475461470532,0.07089209247389588
15,27,0.5712613500063367,0.6379973025281349,0.1868106277869106,0.24765312857690663,10.70346054037932,14.189479050667469,0.06866521248250682,0.13748622205884814
15,28,0.941823585368567,0.9802258662435948,0.044343311001399766,0.10030487088600457,2.540684570016239,5.747045766372708,0.00937459758857687,0.044120158146905196
15,29,0.5851807110100835,0.6407721665757466,0.061826281448849586,0.05194674817453801,3.542384990007058,2.9763294298299416,0.014912721614892883,0.009397467358787444
15,30,0.6374544227269181,0.6893257108618458,0.1122790956606085,0.06719219716992744,6.433118308898503,3.849829314047717,0.04681829892616108,0.018825392515011315
15,31,0.6185087988546848,0.679616093306772,0.1642391620385934,0.2233737179948485,9.410210815576647,12.79837129525027,0.07080575640897904,0.15095397822718104
15,32,0.43168492968731187,0.5061547695223123,0.024415728816708934,0.05510116683056414,1.3989182149333654,3.157064305637568,0.009283946541453194,0.006570208802551526
15,33,0.5755009337849281,0.6327859723641764,0.06517313193676313,0.07065780800592432,3.7341453976258046,4.048394188385143,0.016896277368292925,0.03428042773514408
15,34,0.4799480535717923,0.5489258103577579,0.0377270007801356,0.06164554210333057,2.161597918388534,3.5320293883168614,0.06303160267723949,0.0469810202131997
15,35,0.41726115389133894,0.49533355404400264,0.08844349477324305,0.15001481875238618,5.0674389758941825,8.595215978931726,0.07440194731211991,0.08071744046160068
15,36,0.6969506716260094,0.7470378709685912,0.0447793647387927,0.07509035236859507,2.56566860880976,4.302360272870682,0.008439885875330495,0.028667714211050032
15,37,0.5125093223221299,0.5741509239249939,0.09779765275488635,0.07390299108905324,5.603392749140956,4.234329482795682,0.03593634270014297,0.05623665881779978
15,38,0.5297847689147315,0.6023915738953461,0.22350497499179514,0.287531086780121,12.805891767206873,16.474317751310753,0.08192667562879395,0.1495713568888285
15,39,0.5559096151130023,0.6149010833686036,0.07045291345455365,0.04617192659083657,4.036654595346377,2.645456525642795,0.07033674761059201,0.04204031854469982
15,40,0.6309136996064542,0.6957312204369523,0.24641543243776656,0.30450391995745857,14.118564285575106,17.446789458751812,0.11279448272406757,0.18679301313999572
15,41,0.3973918942301093,0.4791193539764383,0.28004800732800034,0.28540465800808873,16.04556888094317,16.352482357238117,1.1156706958499947,0.9559924414876309
15,42,0.7806721942926227,0.8227330189159567,0.07383593710393538,0.036761535899155366,4.2304875724488955,2.1062808554402666,0.01908958818368591,0.02196275477966051
15,43,0.5235223931375084,0.5906441490414576,0.06246532973792638,0.12506451889356954,3.5789997598762144,7.165669099435679,0.036648752577916485,0.043851753220278386
15,44,0.4956149893100855,0.563843543064606,0.07179157268033215,0.07812448537797738,4.113354119189736,4.476203288789616,0.09018328491463269,0.06425814461893471
15,45,0.44940960435556626,0.5207457281811584,0.11795337417862839,0.0959777486796528,6.75823051976279,5.499119926511415,0.1663913754135361,0.11510610622667364
15,46,0.4908094442637857,0.5558884639148031,0.08518239779892096,0.03271142175815914,4.880591882682644,1.8742264086149296,0.04141171693866899,0.015785830199687947
15,47,0.42371612082343085,0.4990747784346254,0.05928758927786104,0.11393366300042095,3.3969286431265098,6.527918034389944,0.023966772278740302,0.03463392241289744
15,48,0.40731872696279203,0.4878248119271626,0.17341517529821354,0.2351672609591241,9.935957648108964,13.474091532609467,0.05693947495408838,0.10070935335288285
15,49,0.4695082369843468,0.5477349889316034,0.3119721540852264,0.3711080655527099,17.874687754688477,21.26292589943457,0.17480417386998015,0.27193067542514615
15,50,0.4902205415122789,0.5541508265714415,0.10549990709949507,0.05940744798878227,6.044699415823338,3.403796041400175,0.02740735481133859,0.021146498352945835
15,51,0.5572888728529235,0.6260265973492888,0.25082643184279224,0.30802875211985,14.371295934917795,17.648747465148812,0.1317660395282615,0.22528496473841697
15,52,0.5201421863327632,0.5875243421530568,0.06839818225775957,0.1322146671040172,3.9189271697362114,7.575342414787348,0.01987321659665231,0.03524699264666509
15,53,0.5200022512217306,0.5809181995153789,0.09421357342464996,0.0418547139703543,5.3980401300783365,2.3980984632285463,0.0531355714175216,0.023550031014323364
15,54,0.7925480014730123,0.8355586854390774,0.04957072933260185,0.03457936064651968,2.840193578143438,1.9812514233063474,0.008226214626028981,0.006472369343672545
15,55,0.6408193013929574,0.6948703253176189,0.029480406692285306,0.053877266242971365,1.6891028817971754,3.0869399674249207,0.0039099351561906245,0.01584668746908731
15,56,0.6890509444558631,0.7374286422422603,0.10979019556259687,0.08373996818096145,6.290514837652739,4.797946753328897,0.0781694080520999,0.04376620205472592
15,57,0.4729712925545419,0.5446529680161439,0.1282872966532767,0.1797459804751739,7.350320663375526,10.298686065668363,0.0452096345068254,0.08653207486667336
15,58,0.43699329817424265,0.5095575010959075,0.08383920911321059,0.055007866937961766,4.8036328399017165,3.1517186155624284,0.0942469734634156,0.06897706916111189
15,59,0.656446607506878,0.7125179729947929,0.03367605710559854,0.08937443101713875,1.9294959427923433,5.120777693665167,0.002852660950237021,0.01209653773570827
15,60,0.5318962341456083,0.6022021820581199,0.15558795988588378,0.2198827483197819,8.914533444511894,12.598353466460797,0.04202020811697804,0.09427503163078621
15,61,0.6973075829837027,0.7560422100076216,0.1410336081827039,0.20466852284840367,8.080630518370647,11.726642558390388,0.03889186806509709,0.09299634288966764
15,62,0.47587519823446184,0.5487333990311576,0.15496523574741394,0.2167359289916686,8.878853979576652,12.418054000069711,0.04387169558082846,0.09718117315518987
15,63,0.5887161292911856,0.6481725150555117,0.055517780867357806,0.11579681055618939,3.180934531631753,6.634668525945591,0.012990171204910065,0.05212314426060529
15,64,0.5800399442229407,0.6368336009852792,0.04681062034349807,0.03167903219738217,2.6820509820716714,1.8150748439690445,0.006792183029044559,0.0033791784299055634
15,65,0.6580586497889487,0.7107793372972899,0.028150606477915417,0.05224817518298014,1.6129109419181886,2.9935999252449297,0.007707312115180087,0.004586655340619958
15,66,0.5482712336300337,0.6108043446751187,0.014216754493129764,0.0732041043561562,0.8145600308299854,4.194286222642995,0.0016961645299184182,0.009059291124342221
15,67,0.448593436113148,0.5232838712420622,0.09154994536999608,0.1514258967997651,5.245425484354027,8.676064795610099,0.0808405804471729,0.08763191506966876
15,68,0.4828785834721184,0.5540965818864138,0.062161473833800863,0.11188578282992438,3.5615900989896905,6.41058314367196,0.06759622517489114,0.059270513990772905
15,69,0.5279945805891566,0.5866776419042303,0.11025739367782705,0.0454505583619431,6.317283317851896,2.604125170652372,0.048099824004262215,0.017347120738035255
15,70,0.45759999894147213,0.5334171193058831,0.09526113709782912,0.15001646933816984,5.458061107322724,8.595310550530854,0.07625015787410351,0.07533465521976934
15,71,0.4785982713256508,0.5506766604039186,0.1455898561819474,0.20432357328208678,8.341684299142223,11.706878404095562,0.0487636689749001,0.1003532015517505
15,72,0.5439441416362221,0.6005380628497945,0.14600492289777733,0.08219233815715189,8.365465870175635,4.709274084716878,0.10955160719744107,0.06049703496217797
15,73,0.5114091598229736,0.5745900144561615,0.08637412030449809,0.04879434570124149,4.948872552602969,2.7957100727834487,0.026127549713940212,0.007116446243737796
15,74,0.5188834116763642,0.5812050840667579,0.05103195784837048,0.0361755197936875,2.9239158050011462,2.0727046058702645,0.025761243794037166,0.010729158785480461
15,75,0.5973288419783159,0.653123673655317,0.029214926774751793,0.044362846148090225,1.673892002977024,2.541803851473771,0.005280920136550706,0.0030145269819693635
15,76,0.641076341635654,0.6936891383728578,0.05006153419001861,0.05559719031980544,2.8683146250379385,3.1854843581104473,0.00515442128013672,0.01878750909505747
15,77,0.6172064571232685,0.6732536935561001,0.07900626337502287,0.06377509971425935,4.526725446487822,3.654044051653043,0.036579032228743036,0.014978308876252563
15,78,0.7030433380554819,0.7481127716897802,0.08906486251587967,0.03927553224363947,5.103040725072832,2.250322235690523,0.02488301683107206,0.018803961006020668
15,79,0.7666238652897804,0.8149376392517628,0.09362183817696845,0.07299953623150927,5.364136197797057,4.18256533247782,0.023549716611233437,0.01088884811862244
15,80,0.5703964437557792,0.6385284610348877,0.21613849160336274,0.2775018360673963,12.383823359196466,15.899684013793054,0.10250073023479042,0.19891154751317722
15,81,0.5092935906366974,0.5842924390110416,0.262446229602942,0.32125331214394315,15.037061305369944,18.40645894044678,0.14417872100494372,0.19768048068156416
15,82,0.4934574823060016,0.5652929410814381,0.20596792900488617,0.26123649984058905,11.801093047030152,14.967748895635756,0.08571141092111975,0.15426242224205194
15,83,0.7754525583076469,0.8208465287358389,0.03746561525185863,0.05318113215748128,2.1466216307924664,3.047054422351139,0.006195891036864236,0.012911073086380329
15,84,0.5663667210702563,0.6240979277244004,0.06619583786727624,0.04713383925871713,3.792742131127205,2.70057006177252,0.058184882682821695,0.034462781554369534
15,85,0.5215710739356838,0.5798373010460507,0.1612469236644635,0.09639422641607184,9.238768185441916,5.522982343069388,0.07361307573169838,0.031526902019456786
15,86,0.49698844663676744,0.5596714421294623,0.06309055117249648,0.03928482465053322,3.614822309338196,2.2508546513870527,0.010393777831049032,0.02743799043447186
15,87,0.6366210384837659,0.7055148158680973,0.28963816903619805,0.35066852017270433,16.59504467167087,20.09182621399413,0.14264257650623507,0.2311639229979744
15,88,0.5730432701347016,0.6339221092216942,0.019557779813954637,0.07739060526972809,1.1205782399857571,4.434155055918327,0.001856834359622131,0.011893380064288979
15,89,0.4397335419655955,0.5101061547515676,0.1438839372845176,0.08197679181530075,8.243942346127884,4.696924189039323,0.16314007258098204,0.10405536031806423
15,90,0.5836755919768706,0.6392618533326334,0.0421557349844859,0.04092421188863616,2.415345696883035,2.34478462111796,0.00782974222505771,0.025898488337891025
15,91,0.4442739600339495,0.5220594018381235,0.21847924407470068,0.28117453005670767,12.517938596688948,16.11011387882366,0.11699081117797469,0.15966499933313075
15,92,0.5791774162721942,0.6368433869481718,0.029322342947218194,0.07241013820396146,1.6800464963107982,4.148795313045994,0.006102067609867387,0.02849395138400583
15,93,0.5031532919430128,0.5702536518541711,0.15688948363238242,0.11445789279366433,8.98910526212232,6.5579541890378055,0.19221601479292272,0.12778037241189588
15,94,0.7857627859349331,0.8213405595701958,0.22448883578864362,0.1586539366138887,12.862262838494669,9.090200971111907,0.18820032796754366,0.11390963322204081
15,95,0.48187807947094685,0.5555100487088452,0.1950006339229896,0.2551779462412919,11.172713326162894,14.620619344442236,0.0767212956228491,0.1452698525201008
15,96,0.48170452019827525,0.5471037449977749,0.14318859877672716,0.09115902352579355,8.204102384298569,5.223027312561752,0.31329207946338555,0.23147059108345228
15,97,0.56076267477611,0.620527745358303,0.06280345227445384,0.10774493857271725,3.598372754177496,6.173330244113006,0.022934065857939383,0.061513127059951114
15,98,0.5131471104239881,0.5768854371988719,0.06719593523129033,0.0448602701061794,3.8500434891873714,2.570304144900973,0.07878285687260503,0.05054260339582389
15,99,0.5327922868184556,0.5944919833531875,0.05776283399414506,0.04527261930098099,3.3095666005793114,2.593930013448722,0.061459517539333264,0.03789981088590948
15,100,0.5628335786428373,0.6334362875131291,0.28759784250460274,0.34514242918506255,16.478142572581895,19.775204523196972,0.17598208076319666,0.28699267652746274
15,101,0.574957986263038,0.6361926088755477,0.06619455679891795,0.12901097576260037,3.7926687313170073,7.3917844220615585,0.010105836145546106,0.04456226608046291
15,102,0.5443378083949849,0.6109253270703557,0.15773137406609591,0.21579505603681937,9.037342030786542,12.364145950698846,0.05911071282095727,0.1287712025430296
15,103,0.5445462750854743,0.6154439267290417,0.18820259040009418,0.24938454364610785,10.78321412335474,14.28868182671805,0.06609669850902918,0.11748537006149633
15,104,0.5434247481174863,0.60152700252813,0.12497623196031056,0.06838267392865117,7.160610630773786,3.918038607931001,0.06625312475403633,0.029835290639044956
15,105,0.5729024262266936,0.6290664247427108,0.05945363589671982,0.029352532621500622,3.4064424135895353,1.681776237232056,0.016977340001636976,0.003842723978864508
15,106,0.66134972889524,0.7195685206587457,0.1266820361362024,0.1871877128882175,7.2583460107281805,10.725065925201468,0.033964594004121315,0.07602981182047144
15,107,0.779873370381047,0.8229221137790191,0.0429393175872426,0.047652391559574826,2.46024167292087,2.730280920068464,0.008292924257453482,0.026196014400705257
15,108,0.4623603042134956,0.5327360907690399,0.11022173328763392,0.08449591387178523,6.315240127998039,4.8412592509542005,0.3089682732107632,0.23859334512799785
15,109,0.674445664147974,0.7229858520325655,0.05823314583536853,0.034758473417047235,3.3365134841364434,1.9915138291144714,0.014160295842121542,0.025946772559595543
15,110,0.8094214623440606,0.8524189550749599,0.07909472444048694,0.09370907922341506,4.5317938921901435,5.369134741558753,0.037019529582611316,0.0773320996767102
15,111,0.6128027595873683,0.6709876945248804,0.10611277643798686,0.14018032205062905,6.079814242311892,8.031740824285714,0.019954320576400113,0.021600413580723045
15,112,0.46760303284125504,0.5384571865045434,0.050788011558083365,0.09785604816793275,2.9099387121398212,5.606738559851438,0.059948616171214206,0.05234536466407469
15,113,0.4506104937418589,0.5232257941226719,0.035313191278094166,0.06438999662162864,2.023296821372985,3.6892750492809503,0.06116731760987222,0.04757370845804097
15,114,0.4934429025721166,0.5560937776545097,0.11693583399616346,0.05334990891376336,6.6999297618225775,3.056724618166011,0.02809017176019564,0.012615177863924965
15,115,0.43562381518511817,0.5161268546391926,0.3371728662665398,0.39662435697664844,19.318582203401657,22.724901706852105,0.2913492799385825,0.34566946742618193
15,116,0.8854452750441951,0.9190658072856607,0.23212210268849678,0.1694033651747241,13.299616815753165,9.70609785982516,0.09776386799131291,0.05790699004404713
15,117,0.5510719589098767,0.6106938287905073,0.0759939832689131,0.04215410728635754,4.354134509696512,2.4152524366499586,0.02618429548487941,0.008233904262708718
15,118,0.5573326494114389,0.6141504287247024,0.08270159684600181,0.0288786018620659,4.738452458268345,1.6546220049350164,0.022495075436673777,0.004611196480659935
15,119,0.4640121176452475,0.5361161258572119,0.065083522891688,0.1288850546985386,3.729011177536802,7.384569676539022,0.007256581004074732,0.03457697032975994
15,120,0.6008492939727417,0.6680819235273581,0.23416139577120448,0.2945459619321039,13.41645970258254,16.876240491330567,0.10262072085894844,0.1807988586916075
15,121,0.5460039209735645,0.6072946675744361,0.08771295256702481,0.05813938546009059,5.025581990721702,3.331141410347455,0.0848359489108847,0.05084188138371932
15,122,0.505008298196285,0.5690253236689312,0.0896802506241521,0.04855558780632093,5.1382998664393815,2.7820302530790726,0.04009775030251164,0.01466201357296876
15,123,0.5969600179831919,0.6528709511505161,0.0447390763269207,0.07321511171116728,2.5633602528462096,4.194916897628731,0.012652008577584056,0.04279348717184391
15,124,0.622204369631117,0.6794625853915527,0.036149762781604595,0.08944823186907865,2.0712288377850463,5.1250061710057935,0.007368312784808323,0.033000981067181995
15,125,0.619226544181698,0.6726954901444628,0.06696417148089386,0.05864942676138298,3.8367644044455296,3.360364624288869,0.018247086469688045,0.030857648801408295
15,126,0.4970198675509968,0.5772748729473802,0.4943591118415192,0.5546073538929295,28.32469067235489,31.776660664983307,0.35353637713580516,0.4615555962579591
15,127,0.7252972825822941,0.780166270545355,0.1243397012929337,0.18666653550821566,7.124140110002447,10.695204660949676,0.040129113397381115,0.09743607959918765
15,128,0.47189652945526056,0.5503997566433981,0.2707628792922368,0.33088350958121876,15.513570232255324,18.958228609480372,0.20456548785811934,0.2489556855543163
15,129,0.6021352300763804,0.6645353085688105,0.11763693919329132,0.17972941713643759,6.740100130612692,10.297737056264127,0.027791436879813537,0.06634106617818748
15,130,0.47753096596098016,0.5463460425508622,0.0614279985781825,0.06704080720603481,3.519565062465479,3.841155308056031,0.014193304891162571,0.007137210444534931
15,131,0.4939419612987474,0.5598999700892411,0.06493580143165999,0.07127514846765279,3.720547361333686,4.083765191364842,0.020029418105369335,0.03148196494850658
15,132,0.7703303318985086,0.8163156683663101,0.09614686100311143,0.14679406314778481,5.508809348909246,8.410680275944962,0.04330998083408438,0.10914970937523055
15,133,0.49576092911186403,0.5622983519039596,0.04595865288661161,0.03485814475293187,2.6332368425095836,1.9972245759990919,0.0049563676320768385,0.0038791561970333756
15,134,0.43518561208383816,0.508342978049879,0.1360820272402128,0.10689154831788272,7.796925828448495,6.124434584233394,0.571698472109651,0.4671893474665477
15,135,0.753462858337909,0.7977236235893689,0.03689320632848049,0.0442913064466316,2.1138250153272717,2.537704928512566,0.005527650140224185,0.012363991169991661
15,136,0.543469859217938,0.6051304399764003,0.04924492243391104,0.08150105114234255,2.8215262179122083,4.669666256336105,0.06479091081724025,0.05067021705064606
15,137,0.4550521050857594,0.5257512248033126,0.0665176099478712,0.0550428020449422,3.8111783133104398,3.153720249749245,0.021872462910993953,0.011426094350132018
15,138,0.4405664867223015,0.5144446259933808,0.028678108373297227,0.06559644737055473,1.643134574208718,3.7583995853848124,0.036033753320822245,0.027373478945369196
15,139,0.56789346764358,0.6315113778745015,0.07651277926854436,0.11364558618738832,4.383859330903654,6.5114124488275955,0.056156172350500536,0.0436715582724867
15,140,0.6809148234347875,0.7402008760032777,0.16122193374793084,0.22273682702978506,9.237336368694212,12.761880130942119,0.05313103919177303,0.11272508277989585
15,141,0.6557309892456158,0.7092588560911485,0.032293406114723915,0.05838201655360815,1.850275876475646,3.3450431479846547,0.003953104951019016,0.010201754659089925
15,142,0.6221247989072471,0.6772488593161563,0.046671632683271076,0.05675087149945059,2.6740875757362663,3.251585420607789,0.01095777749613347,0.031298129888066385
15,143,0.558218466451033,0.6217939769229092,0.06447584437975214,0.1121931305839081,3.6941937635020867,6.428192872818052,0.06338227270269972,0.06084212930476681
15,144,0.6146102593062092,0.6647640049534995,0.10606988053698564,0.044651776075061315,6.077356488226111,2.5583583168642376,0.02426503608055229,0.012943883661786143
15,145,0.5242187545921971,0.5949844602284873,0.10743704332836355,0.17063393828478518,6.15568914607939,9.776604505413948,0.060770945268264126,0.07410947755281147
15,146,0.39401728490160576,0.4755621753001549,0.23548838606825556,0.29293164487396633,13.492490646058378,16.783746937103306,0.44453231797388276,0.43642125795084896
15,147,0.39771841446831413,0.47775202018845053,0.14464252533666658,0.20097020297886337,8.287406239905073,11.514744438576356,0.16345519791731866,0.16295778807117495
15,148,0.4794109522836481,0.5516682499726818,0.0970840109161569,0.15656395815700222,5.562504083697803,8.970454026259047,0.07047600174027396,0.08368848036578047
15,149,0.46479817322195055,0.5350880578201055,0.055387978469760825,0.11274162416040998,3.173497402078767,6.459619239841645,0.006977743471532908,0.03362785572375377
15,150,0.48417141549258075,0.548834566871351,0.15150297441786556,0.09562693596187746,8.680481017822176,5.479019838383374,0.29517678567051997,0.21131106657266785
15,151,0.818897621001443,0.8556979580613042,0.1054514850204985,0.05533691580029778,6.041925035061586,3.170571726627863,0.03303246089828864,0.04496588426716801
15,152,0.4525268123471848,0.5272017825634893,0.11521245564271049,0.1341648783134302,6.601187455665517,7.687081286245817,0.15602693604283813,0.12022437893167945
15,153,0.4940711409924768,0.5619444120004018,0.05417744025179355,0.07327962831813355,3.1041386712499546,4.1986134269164035,0.08036471818728304,0.059610408342059364
15,154,0.5028332538787098,0.570788971123225,0.05858619853724623,0.12003465037973751,3.356741913899726,6.877478862087364,0.011256055617479485,0.02945346428839611
15,155,0.5137876414228806,0.5780671899699354,0.03413482495044646,0.050901263424543576,1.9557814040784416,2.9164275661099706,0.016417207790776073,0.009914458196684916
15,156,0.5174423363628996,0.583535850353031,0.026760781059951475,0.09059001689683872,1.5332798112088493,5.190425634207673,0.003137607215259499,0.03014038889255042
15,157,0.6027413433221577,0.6583415896179854,0.07658813663084511,0.03549530732541539,4.388176989718725,2.033731302266096,0.017373005001888507,0.004677178187998218
15,158,0.5170966634117077,0.5777699796680128,0.08983290962630214,0.04331543010103708,5.147046582967258,2.48179133258335,0.023349158997858194,0.01753967803196426
15,159,0.4914260775596235,0.5637939267765228,0.15187303656885462,0.21232865615565866,8.701684017231383,12.165535867403689,0.04665851820188413,0.09261036293870288
15,160,0.5040501376109704,0.5800548674273308,0.3043146278448329,0.3671469116325113,17.435943819603246,21.035968497805484,0.14254516234052408,0.21680361355100408
15,161,0.4508131194976224,0.5215541923299053,0.05945478995498832,0.038589182027364326,3.406508536257632,2.2109972650300653,0.049331094768076886,0.0282839057566873
15,162,0.4120842816595144,0.4880856974509713,0.14012743490346335,0.09454698095226778,8.028710613962632,5.417142974268729,0.4060927063513131,0.3074171620299218
15,163,0.52137587424946,0.5835380086290741,0.09956358439267549,0.07266151685667742,5.704573178894899,4.163198248906304,0.029892349537388313,0.01712206665948337
15,164,0.40273500490779296,0.48090518814391287,0.2332303790533496,0.20096397872193544,13.363116373993332,11.514387814923781,1.5394982284900571,1.2849318323090633
15,165,0.5754039813248567,0.6351112461341497,0.026384503676362598,0.05694074131771774,1.5117207052029813,3.262464159851412,0.0029118496168798677,0.01216605871154122
15,166,0.4195102733720412,0.49713151728191574,0.10840251827420479,0.16124619383810962,6.211006785701715,9.238726369472062,0.1670425995245371,0.15515610263402652
15,167,0.5697948206197829,0.6289931854554828,0.037283669000469206,0.07185449326960519,2.136196878489626,4.116959203399556,0.007088161701144832,0.022393395831587407
15,168,0.5575177360059602,0.6163806737967557,0.05865986015539599,0.032397330124200666,3.3609624137318117,1.8562302836087412,0.010501186233568043,0.006638518993258705
15,169,0.44929621739528136,0.5202903154570738,0.14962861522567825,0.09943026456343716,8.573088146818293,5.696934515354139,0.29916132028185777,0.2180511395768686
15,170,0.63275084554254,0.6814343132718863,0.14205214251828954,0.07858191789101325,8.138988237088864,4.502412241198634,0.05262029536115091,0.020537424692076908
15,171,0.5394086390038477,0.6040017445214767,0.07724002601911238,0.11827803845931925,4.425527500375805,6.776832412805027,0.018803531285773816,0.04685895759102524
15,172,0.46554897665618294,0.5347766892998032,0.09985327497339923,0.07363815891907854,5.721171226535064,4.219155717176841,0.23876652258765432,0.1803602910159034
15,173,0.5254803259588053,0.5909182054822131,0.037594394137386786,0.08456002493774226,2.154000117423628,4.8449325444536235,0.05386841610653735,0.04890960229816215
15,174,0.5007090507615296,0.5636552971481779,0.11595843627010957,0.059956279769794917,6.643928997214006,3.435241786114848,0.10140362262788324,0.057702239285690016
15,175,0.4834513331710811,0.5519079967751583,0.04598259668631181,0.08870152329501955,2.6346087211779112,5.082222921185976,0.007432437944984137,0.01678398358680759
15,176,0.6140468772230387,0.6703891279755627,0.041915079410938735,0.0599178759102127,2.4015571482024822,3.4330414070437736,0.040265323653306186,0.02582863921632431
15,177,0.5169897805067779,0.578573096706277,0.08368479149477133,0.04524730682501107,4.794785362082685,2.5924797154066193,0.030929751532826788,0.010673246363559432
15,178,0.4711880062481217,0.5497110734013652,0.31461157543924445,0.3731076661618811,18.025915458630415,21.377494575051866,0.16770603852365218,0.24240594728073975
15,179,0.5652477679283755,0.6259536314882739,0.09153503423751155,0.05485486618156346,5.244571139394903,3.142952317958496,0.061188463714357315,0.034117540255430456
15,180,0.43150638488745496,0.5076178878038642,0.11068610660510385,0.12210555838499335,6.341846759207555,6.9961331505483795,0.32525936985543646,0.2590593347619881
15,181,0.7824257999155804,0.8223114441610254,0.09955066739736283,0.039721032598233175,5.7038330895794935,2.2758475257803235,0.020126317319510555,0.010239278975740423
15,182,0.7493184911656207,0.7910054102026816,0.09237976468675838,0.03522539587752008,5.292970628962936,2.0182665154594295,0.025524012234046003,0.0267717805191997
15,183,0.5426739845578833,0.6038867542919939,0.09904131720895519,0.0632372551334013,5.674649473489542,3.623227827135894,0.14642093464444916,0.09935646951182342
15,184,0.5705857606235325,0.6328169830445419,0.06302746025801105,0.12709206270224122,3.61120746621256,7.281838802450446,0.0081113062368427,0.041796758803656194
15,185,0.5242884501288676,0.5896062932413952,0.03484804292872624,0.07831635585526601,1.996645784106726,4.487196657351415,0.0044117785261727676,0.009068916610871159
15,186,0.45504557858963135,0.5260035655691679,0.040347381726762756,0.06142980311135451,2.3117346873467657,3.519668454600226,0.052619292712444615,0.04117230324928732
15,187,0.641574780103601,0.6869784710543805,0.18886861692238563,0.12306729628061647,10.821374632125815,7.051236672965377,0.112133137945847,0.05701396773997937
15,188,0.6219501018354822,0.6799729823157604,0.04475822844471111,0.08438423321620307,2.5644575883643372,4.834860420736089,0.048658737427039876,0.03821058301454654
15,189,0.53330693886864,0.5947149784565842,0.134054651917272,0.08611771156969283,7.680765778955015,4.934181414268339,0.24102958051342788,0.1714793700538336
15,190,0.5585970560212848,0.6170091837539879,0.03940343668425803,0.0336283928079893,2.2576506203189477,1.9267649797058783,0.0030466033833977044,0.007525342819307331
15,191,0.46722385560044993,0.5383509166344327,0.09475431201802782,0.0755217754892725,5.429022169298729,4.3270789968698615,0.1400587868830525,0.09742173927003757
15,192,0.6122740214946317,0.6690880902814287,0.07924653071850903,0.11648731325052245,4.5404917512243985,6.674231416073287,0.03247097381769361,0.08191875311082457
15,193,0.635740380028836,0.6910088726006334,0.026704329164272476,0.06300093070074421,1.5300453558409297,3.6096874345488192,0.0032105887141527668,0.011446649550218284
15,194,0.6154027419651315,0.6669188932783111,0.09884465620244984,0.07583307804697983,5.663381627821991,4.34491531957812,0.038751672039542766,0.06570556910343803
15,195,0.4893957355746337,0.5546570495055793,0.06336886067808732,0.06133511282188378,3.6307682694069237,3.5142431006526818,0.016223400285534748,0.03659196728552126
15,196,0.49531867604136104,0.5614324348150356,0.030219282075445712,0.07111628479192526,1.7314373228383784,4.07466297322772,0.006583591047336571,0.009255580694851755
15,197,0.662200693379439,0.7091470284252338,0.17736829754829883,0.11657711036104068,10.16245486893811,6.679376411518452,0.15561839974208236,0.09253261521015649
15,198,0.5713312112636576,0.6303682145597944,0.055014458027300435,0.04049186078300207,3.1520962571639277,2.3200127274973115,0.008928795376741135,0.00866472053155095
15,199,0.5937844516475669,0.6549134268082587,0.07916641356562441,0.0941389112490947,4.535901376497506,5.393762302529755,0.05903627215218274,0.03868756259754412
15,200,0.4147036192863124,0.48981348455318,0.12539688790429845,0.06543102571789779,7.184712440991384,3.7489216228474906,0.19014983476694175,0.12859066748100134
15,201,0.5418520125395094,0.6025975342071884,0.0574979314158695,0.05482255235507941,3.2943888008619884,3.141100872081042,0.01340354153892426,0.015083476324944592
15,202,0.736420433516654,0.7784440093197652,0.08428726473395008,0.03560525448950486,4.8293045359572035,2.0400308107378553,0.014999678429624387,0.031581672555996726
15,203,0.5244612310450449,0.5873581577168125,0.03374286252464112,0.061007290207209734,1.933323611352086,3.495460248402915,0.0032362837644808514,0.00971310216684051
15,204,0.5193726217005358,0.5797089466171098,0.12342925368455575,0.0721858914816683,7.07197530457461,4.135946922288954,0.1390907650929171,0.08805951273149201
15,205,0.5877829906305936,0.6453839698619137,0.02929772310148416,0.05484128649240366,1.6786358830579748,3.14217425908254,0.0048187415775705275,0.018976236841954715
15,206,0.557749220964307,0.6193490417561007,0.032032252876731,0.07653650760799405,1.8353128981324762,4.385218864608975,0.004465402528152834,0.010539853331155074
15,207,0.40144909148969493,0.47973177010299234,0.1632001776735092,0.1308109403380334,9.350681396477244,7.4949147955069275,0.6145574865589061,0.49996276857027233
15,208,0.4431659016956101,0.513275923864118,0.15395777823852147,0.09396548894718615,8.82113091627835,5.383825936556952,0.30027390134752124,0.2140587941735469
15,209,0.43359998443269426,0.5071186242167298,0.08803519762431303,0.04468182360756699,5.044045272473268,2.560079913661595,0.08009890370286388,0.04662353316514386
15,210,0.40831768501484667,0.4852310340678547,0.18644818187321427,0.14811094567405675,10.682693919222757,8.48613208681487,0.9784371167357867,0.8086567312920511
15,211,0.6926895354900304,0.7386195111633828,0.09367350757464635,0.04207102716279082,5.367096636213984,2.4104922962081603,0.028700968410493494,0.018750247175311714
15,212,0.5051566480000366,0.5694180300360556,0.10100083427556117,0.058232795690092286,5.786921531289921,3.336493422289898,0.17694655789904318,0.12511244187368684
15,213,0.5236046138634872,0.5893044836371071,0.05891284672082488,0.06871760743428387,3.375457476204397,3.9372288842212755,0.03731353688039561,0.021166895770194264
15,214,0.49013620458328916,0.5579273812056821,0.05783597545050433,0.05147460658271807,3.313757297336138,2.9492777092860702,0.07173240159558097,0.04783920110233679
15,215,0.4486113216383299,0.5189713494226034,0.05601416162960642,0.036701039885853944,3.2093750543400854,2.1028146892007276,0.06468884555978728,0.04617307891106841
15,216,0.6438030731035372,0.6936266860092264,0.06384175633560876,0.06821502874941394,3.657863194732966,3.9084332467049934,0.024215636300425104,0.06045597360486073
15,217,0.5199723463785919,0.5832345921779802,0.04373849152034147,0.09339846914725118,2.5060309663843054,5.351338095120326,0.008395892404111462,0.04057913017821746
15,218,0.41335931648988455,0.487882442637309,0.2537190236086861,0.19217610000840415,14.537029234957807,11.010879453765583,0.981615851027713,0.7820995202847009
15,219,0.4847836944675897,0.555525076183812,0.08965287203925171,0.12907715637842918,5.136731189075549,7.395576292034126,0.17481161956788446,0.15369030370961517
15,220,0.7530453125173504,0.7969901423607725,0.07538124325825245,0.04102018996219471,4.319027093146856,2.350283759658661,0.016921519620737395,0.02302705728386016
15,221,0.4852637841583326,0.5491648719718037,0.11996676359576462,0.06198579404996821,6.873589235881001,3.5515243888303085,0.1165961907018593,0.06885771823585471
15,222,0.4709875718504288,0.538576307870418,0.05409910905953974,0.04410548490797485,3.099650624529583,2.527058138604907,0.013734400066778424,0.004654027399422982
15,223,0.42634486182389253,0.5033426702555551,0.04752094916905007,0.10198242394320546,2.7227498258422855,5.843162476459588,0.00708076287376837,0.02219550880673021
15,224,0.555684004785352,0.6143599593896935,0.143336201600679,0.09068327281831798,8.212559403155222,5.195768804923039,0.20347778498541447,0.13888979304780572
15,225,0.6095843840063164,0.6593785037498275,0.15349881165251753,0.09462358767815866,8.794834067962796,5.421532216344592,0.06054895076766094,0.038591974549982755
15,226,0.47779728662400034,0.5492693982459593,0.07710871083810537,0.12513790580719478,4.418003694718107,7.169873859857896,0.0905288665929363,0.08832743460570214
15,227,0.42553790832018135,0.5003503529369168,0.04405012026068816,0.05103185489959363,2.523885977981149,2.9239099064707266,0.059607893976659276,0.04092850691784232
15,228,0.5678810101990547,0.629534993892846,0.04183243139789191,0.0741731290448282,2.396821765869757,4.249807247547879,0.039803970855971336,0.02826739511870344
15,229,0.5561572129690602,0.6138728046506262,0.07875547594714205,0.028260299170247544,4.512356385315309,1.6191958702322466,0.014894438917387093,0.00865863662118635
15,230,0.5352130702425509,0.5959750005446669,0.06640715407521669,0.030905112836790517,3.8048496579849016,1.7707325309236797,0.061320807588298665,0.03720303830366645
15,231,0.4287630761159154,0.5036642929296683,0.0783360356564532,0.07875688840084696,4.4883242269010974,4.512437312951358,0.17520602147731826,0.1315155715726227
15,232,0.4077375444267347,0.484897123868644,0.20207571335482094,0.15707537152680298,11.578085517326645,8.999755853935193,1.0068427478531032,0.8250509283814547
15,233,0.6530754452901479,0.7052504995894758,0.03428565621490418,0.08290835646019411,1.9644233989504907,4.750298911535316,0.009266701434369046,0.04069968215272246
15,234,0.5961192475478807,0.654064381960475,0.020746853169071943,0.0675195653988147,1.1887071247654393,3.868586131909629,0.004095269105770459,0.007160888783651273
15,235,0.4809965104383099,0.5473692156403643,0.11365322634355607,0.07152561098053435,6.511850197530828,4.098115636279196,0.12795072169058852,0.08127471693233973
15,236,0.46393094544357427,0.5335558654646803,0.027530648685928354,0.05290632471173253,1.5773899769610806,3.031309115530966,0.021078372642862154,0.014023755488666478
15,237,0.7908435794881676,0.8310738921519799,0.08914401630401635,0.042393240375962,5.107575903065537,2.428953753426218,0.024001146981362215,0.021743723024631498
15,238,0.5704154156138724,0.6291438590408984,0.03345429239422457,0.05507485894694443,1.916789760785678,3.1555569749382375,0.009729698788530479,0.006364934643753779
15,239,0.5957793270955766,0.6567417220658562,0.1280090746820933,0.19268843248654233,7.334379718658906,11.040233942470378,0.02931679144931809,0.07874558328218156
15,240,0.48478593195868375,0.5531556543713236,0.06791682074054069,0.05446761792051166,3.891347186379556,3.1207646269764475,0.052885270506141016,0.02926780869853802
15,241,0.5041870115359429,0.5677866373091963,0.08725305335822761,0.041449336342988745,4.999231707056216,2.3748720360714732,0.0842840016223923,0.050654940157461005
15,242,0.5116817751386264,0.574036553626789,0.0846319041921396,0.049660900368934675,4.849050922365138,2.84535999795963,0.01914446129581575,0.013657265717928687
15,243,0.4247245955386168,0.5012065081392505,0.07908094913736487,0.09007037151435943,4.531004625459735,5.1606521469481486,0.15103875985275464,0.11475317366512272
15,244,0.4025709806359042,0.48103953982528036,0.07061194132947386,0.0775875353521404,4.045766221404239,4.445438318499717,0.16303946676226694,0.12648222197080325
15,245,0.4951609389496525,0.5588139139107001,0.12424029895330638,0.07601261518906628,7.118444775468075,4.355202040085514,0.24821836638665326,0.17696242852392205
15,246,0.5505121670600063,0.6140907855032026,0.04573886217244406,0.08833885822420558,2.6206437622116163,5.061443743251521,0.03445137907019638,0.03051149161890985
15,247,0.6401594518102703,0.6926710619252842,0.07552539884002406,0.0558494355128399,4.327286599575622,3.1999369430737845,0.03260068419221451,0.013465732636134034
15,248,0.5519351028417023,0.6138109422164979,0.08205974191552677,0.0615959130624045,4.701676879692462,3.5291858537305156,0.08286738589572647,0.05265441480279676
15,249,0.6332803351386646,0.6880959566822918,0.0280941135564139,0.056035132051027364,1.609674135943788,3.2105765709821164,0.0050294641603488965,0.004446443935037597
15,250,0.6111419351525899,0.6668041523591782,0.14394283813021827,0.10154911427481299,8.247317115996285,5.818335661238486,0.18315521396673617,0.1220681428594077
15,251,0.6648809223318788,0.7152908723388491,0.0686142795365371,0.04772561523601769,3.9313086317744266,2.734476327689072,0.018441800018271337,0.018515788114268687
15,252,0.7254956581028584,0.7726143749473597,0.05736818711741106,0.03859956150391754,3.286955000144434,2.2115919652301197,0.010825258518410728,0.010202634601003242
15,253,0.4467468455045583,0.5192275002262265,0.03693502773480182,0.07629176400693902,2.1162212054027854,4.371196089205688,0.010164388538693708,0.012104431924118721
15,254,0.6290410766164267,0.6874369148696186,0.12638772110451227,0.18466057861519206,7.241483001565077,10.580271797094248,0.03642011902446425,0.08521034070298714
15,255,0.433172509806951,0.5055702670395308,0.24564120870092337,0.19346447331609484,14.074204533055145,11.084697806733569,1.5832697946172618,1.3108292499371899
15,256,0.5002642106199666,0.5684480548832285,0.05703256967190058,0.07539453318797822,3.2677255369857217,4.319788550030167,0.0307766967223047,0.01939435100648525
15,257,0.3860328538337643,0.46660686084887365,0.7406043423349135,0.6993625079056784,42.43350310485254,40.070520052680045,3.871827262923211,3.288669276818685
15,258,0.5624068822646303,0.6227477640566188,0.040943254565675206,0.0849908499065575,2.3458756861429277,4.8696169968755925,0.00986557548042842,0.03446393919501281
15,259,0.47629468964095223,0.5441975997389891,0.07027881242085159,0.055548592217903744,4.026679340906384,3.1826998919791336,0.08275449811995463,0.05381508001655087
15,260,0.5727878792077046,0.6362684649996706,0.0724252813560987,0.13809531838955208,4.149662951751983,7.912278914236679,0.010542750231954709,0.046179322458630614
15,261,0.5890642961865761,0.6437470285457453,0.07971359835514881,0.028288621373394468,4.567252755551008,1.6208186129390776,0.05654621686899573,0.02859294339858786
15,262,0.4589079824058435,0.527593301992224,0.21195374466308645,0.1572309574331244,12.14405502118835,9.008670269719127,0.809387376522226,0.6742984475593731
15,263,0.549176997653393,0.6105431224608296,0.024715281334590514,0.060696521646626866,1.4160813099504972,3.477654521476161,0.003106409122803539,0.012545396539662322
15,264,0.5097455530898208,0.5719993861730411,0.03778990899027967,0.04765710583160098,2.1652022933265114,2.7305510279590397,0.0038020856154349636,0.004707561076237137
15,265,0.5753497335490095,0.6326473428585067,0.10902482937548304,0.05919446637965432,6.246662585349097,3.3915930940832384,0.0618602524704083,0.02811395718311415
15,266,0.40307368664965,0.4807796932150923,0.2282382612158221,0.18268553539890955,13.077089091071032,10.467110156445317,1.3435827232881734,1.1163117209223796
15,267,0.5106686771694743,0.5719047595189484,0.08739176570087735,0.03641962725519005,5.007179338856419,2.086690933162013,0.022872087327106543,0.0266147180969538
15,268,0.6469408830865285,0.7017996002138198,0.024899599362256324,0.06338614695158869,1.4266419550239235,3.631758699922061,0.0022227006777996994,0.013419022639866503
15,269,0.6141056444056195,0.668267596910196,0.09690284430722983,0.055371407345954124,5.552124001617584,3.172547946622854,0.08404819295242108,0.0474919312570123
15,270,0.4396300323715528,0.5132266591062189,0.11326353145950728,0.08738885502585038,6.489522325376992,5.007012569461839,0.2814621475529912,0.21353558182075924
15,271,0.5813761093712015,0.6400749357419816,0.05852306745985235,0.07105630405748861,3.353124769608943,4.071226330292404,0.06725208484923584,0.04943058326310207
15,272,0.5929961430333315,0.6459486084447504,0.09394786321400972,0.0330602594842916,5.382816056435119,1.8942133380572603,0.027863256905146655,0.00606133550661548
15,273,0.46541469493355025,0.5354808793968259,0.0218548959268722,0.06382964575609075,1.2521932983074304,3.6571693096391265,0.006307774742656181,0.0351863208176035
15,274,0.6221981747055704,0.6703793712343157,0.10387351250429652,0.0414935373823819,5.951513869695574,2.3774045690787924,0.019967301983403754,0.011758361055171352
15,275,0.52104763003581,0.581144032242892,0.13540541055130514,0.07911244858796505,7.75815854782597,4.532809411036107,0.2216712716661537,0.15295734865892335
15,276,0.611471549857553,0.6620799112080594,0.13197994123458334,0.07095100022186614,7.561893613126249,4.065192864944697,0.09731137352258426,0.05233290362757835
15,277,0.4308781054916654,0.5075457376671945,0.10575762007126213,0.1484801789740487,6.059465281431365,8.507287596560095,0.2304583071056454,0.1989637876458228
15,278,0.6739575155065336,0.7282475820162704,0.0404204418976201,0.09162313626273398,2.315920726787396,5.249619013606703,0.005863023371867041,0.026525631380896114
15,279,0.666309907740151,0.721568463969479,0.12293934523567837,0.17749558585350664,7.043905618106136,10.16974795160789,0.042315350323923424,0.09967647921165049
15,280,0.5739482022520221,0.6437387319324613,0.31206747514333016,0.37572062151468866,17.880149249016544,21.527205888823858,0.15016613181241117,0.2267580704819736
15,281,0.4841899994883591,0.550953003155422,0.04431203650106651,0.04616194168307645,2.5388926731407624,2.6448844325693126,0.007243800892805782,0.0060126042220705386
15,282,0.5285446261219808,0.5905908742253136,0.02490646103764171,0.069321396176771,1.427035100063895,3.971823430883299,0.0042133807212682345,0.030459499153812547
15,283,0.5855447361175347,0.6465499570154921,0.04031216056440164,0.10154700519268497,2.309716663393929,5.818214819733904,0.004158122545145391,0.025444001886009884
15,284,0.6528476346469201,0.7035719330913915,0.03938589881016014,0.05146420511942735,2.256645774151507,2.948681749338752,0.04481542849052285,0.030294921245364204
15,285,0.4573350312844922,0.5256459558058193,0.13926182919185728,0.07745480468626599,7.979115059965187,4.437833411533152,0.05539778058725359,0.022065497648376564
15,286,0.659561549033959,0.7060178368636622,0.10315840276540077,0.04012773554305899,5.910541099768144,2.2991498880343846,0.03198530941425937,0.007955501003800443
15,287,0.42814078667294303,0.5035615345083285,0.14809230685636285,0.15246841939251846,8.485064161225896,8.735796940221903,0.6199197961323724,0.523182771249586
15,288,0.42081599000948544,0.49747472830751466,0.06515834075579646,0.08908150864034192,3.7332979253824,5.103994477749769,0.1260656902310699,0.09940062702212542
15,289,0.5350090027126337,0.5948373806007522,0.05513051893011165,0.0505658080194987,3.1587460570614883,2.8972073871860475,0.01815203530798041,0.04151173879470308
15,290,0.4971293237825987,0.5626155113536693,0.05480913168337109,0.044586354839195076,3.1403319242339247,2.554609956158572,0.02279895249831638,0.008654305277669763
15,291,0.439134822134312,0.5098433375162007,0.17384054051633485,0.11768148055885805,9.960329279858977,6.742652162873415,0.5374765459376531,0.4193829984639949
15,292,0.814371467045211,0.8541463750264321,0.08204495731510483,0.06319451824931417,4.700829784486497,3.620779184048162,0.02601295270274647,0.05100669285463092
15,293,0.44976612080396505,0.5233282710885448,0.05114872548425113,0.09716896249930507,2.9306060977208275,5.5673714508751475,0.07377680242563003,0.06291540504561527
15,294,0.4833509470569549,0.5491490726357162,0.13823513980944793,0.0880918925465718,7.920290091482237,5.047293652238518,0.27023945774957003,0.19185238603302426
15,295,0.518963785698341,0.5808868402318512,0.1200266889891926,0.11642168380812887,6.8770227080100845,6.670471126012338,0.06289448537957874,0.10582954146101571
15,296,0.8449505818166054,0.8780569543397853,0.23713713385133825,0.17159352410487866,13.586956935510567,9.831584722985905,0.12678262154576564,0.07869101203518516
15,297,0.648090249359878,0.6946248439261871,0.13509798546357066,0.07007992695498962,7.740544387782345,4.015284043106,0.05042320546953648,0.01693820722808309
15,298,0.5107865752918685,0.5731026840184859,0.0796459429756853,0.02633910570604095,4.563376387846392,1.5091195931050907,0.04003106682642682,0.015996281690959166
15,299,0.6466627861536145,0.7104415364630806,0.20368454682643056,0.26521330890646216,11.670264885189257,15.195603271039648,0.08653375389777299,0.16992370241510282
15,300,0.5307942780593988,0.5910207068857045,0.14313748905212992,0.09081531002579882,8.201174012787071,5.203333979650384,0.09891736602919464,0.051975255919866306
15,301,0.5508402458123547,0.6124110536894881,0.030282705408578952,0.08543344282090866,1.7350712121495653,4.894975702910308,0.005666892862212502,0.03135773245276005
15,302,0.43266153280131786,0.5049122729867694,0.12870195247253186,0.07539135465080135,7.374078691769386,4.319606433264908,0.220673651346881,0.15193101740583728
15,303,0.48171916547015353,0.5490853656417631,0.0323285556273274,0.06145884908746058,1.8522897951997674,3.5213326664429423,0.006959573731482141,0.021461854676537946
15,304,0.47020113331461005,0.5373915835890815,0.04538334900719597,0.04223376329735266,2.6002743582815637,2.4198163898928264,0.0053439141690295455,0.008641765203570026
15,305,0.40459127550481516,0.48314889750076057,0.0895271007188019,0.09450576927612923,5.129525023229988,5.41478171915933,0.2556814420832311,0.19895555474463866
15,306,0.5889311535585176,0.642840475290719,0.12557708782646695,0.08401598284362538,7.1950371360002245,4.813761228583267,0.0478897477894747,0.04905518465420709
15,307,0.710785778279358,0.760922130125187,0.021497694832898342,0.0780282327020125,1.2317271831852725,4.470688416689988,0.0019438496004256184,0.01609099679804317
15,308,0.43561818678802133,0.5091937731919052,0.20934101453907916,0.16300023621408816,11.994356612076041,9.339225594702732,1.0325185751626815,0.8592942891842805
15,309,0.5447023813537357,0.6087060029283426,0.10811247798906627,0.14711695761830348,6.194388701474507,8.429180766333793,0.05181079816898673,0.09698592890555863
15,310,0.4892907178692538,0.5545445238031083,0.11543624017205202,0.06386751101542362,6.614009364717109,3.6593388291890685,0.15737503224374583,0.10463084529468453
15,311,0.4545827814999204,0.527533530765505,0.0664532015943493,0.12805217744864175,3.807487986488248,7.336849325267471,0.029972726630014213,0.04196778243449778
15,312,0.570082487645503,0.6272641342093548,0.05478008385852435,0.025803943878463177,3.138667606466171,1.4784570790283764,0.00927805027848037,0.0016481789452655032
15,313,0.4936546038933272,0.5577093054386296,0.07825717180010067,0.027796470866802574,4.483805660775971,1.5926204660261365,0.031968955657373274,0.011656919465271084
15,314,0.5022037626716614,0.5660011827054076,0.14785064691975075,0.09485908585507621,8.471218066780622,5.435025267964993,0.15833437722986973,0.09952153726848353
15,315,0.6153901873907132,0.6764128231436303,0.07133570138442058,0.10984939771452927,4.087234617932843,6.293906871096558,0.0615294220360675,0.04908339925371763
15,316,0.4696500158712583,0.538591115070035,0.035934166184563604,0.05045664564740795,2.058876062697215,2.8909528439836105,0.00417786363390866,0.008516920510533366
15,317,0.534071759982791,0.5972874062012274,0.07791445616923523,0.13087194717350945,4.464169501554219,7.498410229701155,0.025685516305791627,0.0737253457437406
15,318,0.4415238836801054,0.5115615914089806,0.19048701283152092,0.13137795035726488,10.914101887300506,7.527402076550524,0.516026074396151,0.3899103010145248
15,319,0.4397684485681253,0.5211983136568935,0.4440238111596305,0.5052365362097507,25.440690382760693,28.94792118062731,0.3541759229704846,0.43288414181834944
15,320,0.6559832522049904,0.7143070989134086,0.08015010430319247,0.1461270133737562,4.5922627041062665,8.372461139167967,0.010111245738743807,0.04146228128421771
15,321,0.5882135135394292,0.6463932641440738,0.05455786827762104,0.0681532080493687,3.1259355915383633,3.9048911815058562,0.025651203757595283,0.013329959454152976
15,322,0.580224299564363,0.6325608462005852,0.10025930508397374,0.04472826433436385,5.744435038226213,2.562740771304575,0.022768559047163836,0.02012827376107727
15,323,0.5740237950235538,0.6301455046235978,0.0651993489684288,0.033524954429690015,3.735647522891608,1.9208383971896517,0.011427468780839743,0.017810165016246535
15,324,0.43503466512871936,0.511093502710058,0.07661060935459152,0.13845055412907015,4.389464581943558,7.932632422843272,0.06495440033931499,0.06964262894888695
15,325,0.46563320058332003,0.5360655847220848,0.042412327253995796,0.07019487309055614,2.4300473509816354,4.0218699715453,0.05148367325069039,0.03684934701835642
15,326,0.4508775059895817,0.5203124169812859,0.11965119681101903,0.0648649172858964,6.855508590960565,3.7164859989470425,0.1897906221041462,0.12982161567934172
15,327,0.46927751034530907,0.5411992813359403,0.07825177287821632,0.09944310439735951,4.483496325338077,5.697670183647538,0.14377480951962762,0.110587758440252
15,328,0.4520928734305218,0.5224591671364369,0.10623895741113831,0.06331559158294983,6.087043879528324,3.6277161750770643,0.18575569683555165,0.12901796710878596
15,329,0.5569464995077515,0.6124421619153849,0.1688837936838391,0.10864542016681643,9.67632860624213,6.224924038984102,0.17154944348899798,0.10645407954429675
15,330,0.5379037806927193,0.5980846664214231,0.1292244762352293,0.07724808885121386,7.4040170980672455,4.425989466626142,0.15854967916197327,0.10237599038969719
15,331,0.4028463550783803,0.483424199569548,0.2594783909462248,0.31033458999637664,14.867016676064274,17.780862243715198,0.48598511292697877,0.48292524745242116
15,332,0.6535696731299546,0.7026328930601156,0.10833331401594377,0.062306242404259846,6.207041673779026,3.5698847270831324,0.03510424847405264,0.033641985294567626
15,333,0.5019157295722633,0.5706197031450762,0.07039241757222986,0.12033159721717243,4.0331884366113036,6.894492662612142,0.07234834486774461,0.06510837902491029
15,334,0.598086927190825,0.6533226732320367,0.10142198651471356,0.06478207277840874,5.8110517771258365,3.711739358312159,0.0746699201798362,0.039454593386140546
15,335,0.4044982453987499,0.4831731298972902,0.13037914030893885,0.12052517478757563,7.470174476246184,6.905583840404642,0.5025491760407653,0.40760620701471
15,336,0.6179828293702774,0.6758483074280871,0.04105618317700368,0.07162306036099418,2.3523460189583223,4.103699074495709,0.00439129506344718,0.01603262609170915
15,337,0.6215410981548503,0.6872272694455912,0.21969659221288568,0.28007093880565304,12.587687507205057,16.04688275783067,0.09131323479673799,0.16269177726662268
15,338,0.561739320238425,0.6229602485850184,0.05281718500427583,0.10793612814636087,3.026201786506666,6.184284599769692,0.017181571113598377,0.06300012604157615
15,339,0.526214536475387,0.5893118869348732,0.04866513841035303,0.07895276281839567,2.788307040333221,4.523660090391482,0.013800187764183024,0.03780731375342643
15,340,0.9433857626134977,0.9862576892559438,0.050244868750174455,0.10449854487216884,2.878818921573756,5.987325586433725,0.010965602410036683,0.046280383550002066
15,341,0.5437191731846164,0.6050402435172356,0.04735908409726753,0.07866854268352197,2.713475640378564,4.50737547621058,0.012489570254126952,0.03608374327274534
15,342,0.5538232367998005,0.617383868460108,0.04483045668756354,0.10220767824233025,2.5685959618414276,5.856068597116615,0.023646506204200904,0.024755203221864933
15,343,0.6916827898630952,0.7389146216191534,0.0784286518754018,0.03387889587537138,4.493630745361312,1.9411177482219526,0.018652843546215374,0.010631693479787522
15,344,0.6933378608352372,0.7478054360401838,0.06764995356991932,0.1250441527724433,3.8760568238123536,7.164502206650092,0.013474744332206214,0.04833982178436102
15,345,0.5032748948488064,0.5714153474932151,0.045488941200476085,0.07350958572909784,2.606324345306044,4.211789016032412,0.0076536624978454345,0.015338607211402608
15,346,0.6264663284661541,0.67856438263126,0.03741809053759751,0.034270388315640526,2.1438986652427388,1.9635486127606523,0.004102268203777647,0.011499189591386873
15,347,0.5022438862750521,0.5676796049562877,0.07360114228369914,0.04870278202673248,4.217034820197826,2.790463860677373,0.06345334026189228,0.03681902911153653
15,348,0.7694449246764071,0.8125600504817233,0.04923789180314839,0.04645049123050261,2.8211233924421935,2.661417103817241,0.010708579121462124,0.02770785282213894
15,349,0.42705169959810085,0.5000561289620469,0.3284986911259745,0.27308163709064537,18.82158857708997,15.64642526781718,2.771169225299693,2.3202368660882335
15,350,0.4869285215035065,0.5491627094446587,0.21953033122544274,0.15606134950796197,12.5781614543269,8.941656671922267,0.49425350689743724,0.3646522914819922
15,351,0.5015641254598758,0.5658731390157102,0.10241429147103535,0.0551207053489899,5.867906663112989,3.1581837802813024,0.09622696192698699,0.05664510494111966
15,352,0.4919965285847908,0.5576528231022795,0.05313290982414521,0.07433470506029666,3.0442914861727095,4.259064871304762,0.021061262377980918,0.056690373142411
15,353,0.4876596226031652,0.5552338909342656,0.0732286147287514,0.06154192079644917,4.195690563546993,3.526092324764927,0.0224873743859393,0.00907601480945746
15,354,0.459563429144883,0.5288706010146836,0.09284396564386878,0.04948829544405631,5.319567384651296,2.8354704642409265,0.14173429814294874,0.09481786347185145
15,355,0.4925443536371056,0.5623230516277287,0.05215319206637328,0.10015933242369446,2.988157793538358,5.738707026725515,0.016771357187595627,0.01738095790913418
15,356,0.5470370226822083,0.6043334079134725,0.0973377820105087,0.03667492343103038,5.577044096366578,2.1013183265634936,0.03294157151237283,0.008385811500650757
15,357,0.5605332906113649,0.617201901628361,0.08810240495859382,0.0518571893616023,5.047895969079883,2.9711980878305235,0.02198586968285926,0.02758358127013981
15,358,0.5788258028215671,0.641181884577347,0.07025310982082889,0.10600480935992082,4.0252066904025705,6.073628184412349,0.09575759795584897,0.07643020969046069
15,359,0.4898650054867926,0.5618618072138817,0.15671637785931208,0.21627927519188309,8.979187031916041,12.391889664643388,0.058868297853403966,0.12237732523294853
15,360,0.47559624923853827,0.5538844735816412,0.32319608237285646,0.38225143233299086,18.517771475127176,21.90139378551095,0.17332564693636543,0.25786479174261956
15,361,0.43433660635975746,0.5084231299339722,0.04778816381386021,0.07909378691886433,2.7380600972139937,4.531740176157966,0.05573251567205182,0.041881034221671304
15,362,0.6201634389970714,0.6744710957990068,0.054615904164802734,0.04242690598092353,3.129260802934172,2.4308826505052683,0.01162244441319648,0.005082869297104605
15,363,0.5662149306944483,0.6218158864359171,0.11282078267943584,0.06770958476552699,6.464154688894332,3.879473439647992,0.03494116035802024,0.039367696152919296
15,364,0.8309580505726586,0.871549480840283,0.06812081772526062,0.09265399269055259,3.9030353526374024,5.308682736204642,0.026666002051228502,0.06638148773956225
15,365,0.6308793380525785,0.6785929463714452,0.21574981554537254,0.15041733863386658,12.361553861475846,8.618278669310659,0.11601798506940363,0.07267195613190797
15,366,0.44784773817699475,0.5178606144721691,0.0996401122141835,0.0582796389395336,5.7089579000826385,3.339177342781564,0.026303041234597542,0.019261781394091276
15,367,0.5969873928684907,0.6509139257033361,0.14176824178456401,0.09081160751133617,8.122721923245724,5.2031218411980875,0.21857537468412364,0.1500856072769327
15,368,0.587903977066246,0.6436494751880617,0.10893347502259894,0.0666967723100299,6.241428366488689,3.821443560509728,0.058446672473109154,0.02577253472204007
15,369,0.3975516812493301,0.47748099901644475,0.15478400216477065,0.1563516737842799,8.868470060185157,8.958291027645474,0.7097471544779974,0.605014473121602
15,370,0.45249801798014566,0.5238708300825006,0.04286812251892569,0.06863710841828842,2.4561624959841653,3.93261663034978,0.052917135258192714,0.03896822456338889
15,371,0.7940886197160025,0.8347922516273012,0.14222334172056547,0.08423861775735736,8.148797228835281,4.826517269512369,0.08679409977770244,0.0419330410257622
15,372,0.6618637641328073,0.7081336842885677,0.1397625706809272,0.08107999913731707,8.007805433915989,4.645541753492624,0.04972637421305333,0.031003033819003566
15,373,0.4664515044972384,0.5341779482114424,0.11126545557389132,0.056265476918072044,6.375041009984334,3.2237743596962787,0.04485391442365473,0.01680970732268017
15,374,0.6615204282798256,0.7141217510367757,0.049915537796661504,0.06539261600861072,2.8599496478744446,3.7467209086130175,0.01430721133301844,0.03479329668061131
15,375,0.5446757033937809,0.6075981530273187,0.06539816962487298,0.05854578357380736,3.7470391073858798,3.3544263070655034,0.059568130787009205,0.036498820319102926
15,376,0.4624697605451338,0.5332617327747887,0.1214666567674359,0.09449059931100229,6.959526784338256,5.413912544182195,0.333104858084134,0.2536886826733161
15,377,0.40444494399778563,0.48239275492219963,0.04308385816237166,0.07456992299343777,2.468523237844159,4.272541866139538,0.0547093958239994,0.042348177743175563
15,378,0.48223264363208496,0.5507294674723894,0.04043785893039889,0.06024695760292056,2.316918649257262,3.451896399150955,0.008354998262045249,0.01489646136887543
15,379,0.45330657874812197,0.5230705394970616,0.07192823827263332,0.03794843222277715,4.121184480833248,2.174285005503388,0.07713535233826359,0.050846690768663515
15,380,0.5596754452278779,0.6333336869991785,0.399515444478146,0.4552054146198472,22.890548818890938,26.081349069219986,0.2960409796466014,0.47138575993029563
15,381,0.7111479236927728,0.7786624740518894,0.4007550437093673,0.4607481484286189,22.96157262312758,26.398924323427075,0.25008742453440314,0.3650835574567569
15,382,0.783137818938615,0.8384398223188596,0.16577820401141602,0.23006502416076835,9.498391425112871,13.181754897987341,0.056066319359720576,0.12885960171985827
15,383,0.5771771187471223,0.6436438815520636,0.13415625906373768,0.19604301437920135,7.686587439615866,11.232437326950748,0.03745136860566357,0.08452423319431523
15,384,0.541004172971132,0.605939457772402,0.06327882375720865,0.11944108674855569,3.6256095338402226,6.843470171148185,0.015926791411935974,0.02469044024835379
15,385,0.8414969924494026,0.8935430439543822,0.21432094369939772,0.2735966161199859,12.279685535236421,15.675931392736139,0.096070584113564,0.181651944514638
15,386,0.6184704048313581,0.6730893119986409,0.037937361949039024,0.06558204439718861,2.173650725540139,3.757574355798494,0.006386349368142374,0.018180765055995692
15,387,0.6615317985131207,0.7184221082854187,0.18161955171845642,0.23752947825838508,10.40603379052553,13.609436614149914,0.07736772220034889,0.15297336209355833
15,388,0.655899415190419,0.7196562810845172,0.2551296461375364,0.3140206071190114,14.617851952347001,17.992055468055128,0.1231666896205239,0.2110408544202279
15,389,0.6705992148947845,0.7174253642663238,0.07487403999803231,0.055594486295828346,4.289966486980966,3.1853294289488576,0.015425138592180195,0.03472545487723822
15,390,0.702996958533596,0.7515374071282369,0.052171344173884214,0.07818440470370176,2.989197832688002,4.479636413264893,0.014640395106007153,0.04329770827796289
15,391,0.6843700330023059,0.7302961361849093,0.08028406908740608,0.03735053498256292,4.599938320845087,2.140028017056593,0.009862060471903598,0.017919396216828413
15,392,0.6643731425917044,0.7180228509225816,0.1319928948027757,0.1757696468273227,7.562635797913306,10.070858929710631,0.04611694004930956,0.09177640553779001
15,393,0.5681662094675299,0.6371751170325054,0.199997435260161,0.2633162853660076,11.45900895384814,15.086911828534637,0.07197685201126372,0.14596057517401967
15,394,0.5482136944267563,0.6157068500676786,0.20235545581805442,0.260673901210248,11.594113579820517,14.935514368557374,0.09616596905971375,0.18923172662592358
15,395,0.7035598730915115,0.7619087047104318,0.12178549283054811,0.1867514410961739,6.977794745111153,10.70006939279676,0.02743068986413911,0.07334037499897342
15,396,0.7653061480548857,0.8194745496135621,0.14551970235413123,0.20789746232876896,8.33766478089167,11.911647162918484,0.043904202768112424,0.10228351275900639
15,397,0.7411816205510638,0.7904081675391226,0.047113019548284216,0.11038173348690188,2.6993771802340296,6.324407464137345,0.005971873714011269,0.03815141042263592
15,398,0.666480456505711,0.7139672491811881,0.05932385697354817,0.033835657483371646,3.399006629022047,1.9386403708474358,0.006794803936421311,0.01765549466094172
15,399,0.7395495846174859,0.7946739842987557,0.13931706029432617,0.1997093720049471,7.982279569034508,11.442504145091585,0.048494540175049075,0.11517963947161862
17,0,0.8243447260107756,0.7472843947219859,0.12207376005761797,0.1732951002483945,6.994311240594195,9.92907785452951,0.027511996236289978,0.07526953418490104
17,1,0.9784178237586834,0.9037889406220765,0.11021551565482503,0.05670040896911344,6.314883883879528,3.2486941305959194,0.05286493947980637,0.02130630706452493
17,2,0.7635808215356449,0.6733170756030028,0.13928980761356943,0.08600830432932832,7.98071810544673,4.927912841147279,0.13437520336924536,0.07895288130960273
17,3,0.8218789050648807,0.742765428517709,0.07602025699846204,0.03870277309236475,4.355639883511735,2.217505553644986,0.019439614982177306,0.008381624749296504
17,4,0.7886121301821786,0.7080294371910728,0.05791115626530402,0.1039185558966395,3.318064840724515,5.954094665971778,0.03263145029131967,0.04189966618456969
17,5,0.9328201219970303,0.8571755659941029,0.1261598184100879,0.07089134753186459,7.2284251390349,4.061775017571006,0.0650985416147086,0.025964254023368834
17,6,0.670158659110364,0.5715070091005198,0.03180914342497519,0.071061584455394,1.8225296681773908,4.071528874806533,0.040062700381731965,0.0399678225207542
17,7,0.6916018613334916,0.5944585903063283,0.14914057243596116,0.10098793417706833,8.545125354745714,5.786182410090978,0.3409019139340175,0.24630367114730303
17,8,0.7316722452634812,0.6410864155583975,0.07651066685556075,0.054671799362002095,4.383738298555104,3.132463361828747,0.09464880551134425,0.06679891146970485
17,9,0.6700603337543638,0.5680745394489605,0.11218939095997535,0.06113076357112551,6.427978608149739,3.5025347510375724,0.14303201262929163,0.09528815237180191
17,10,0.8154045182237498,0.7290721056314313,0.12326898188162072,0.0716032913862367,7.0627924066914805,4.102566395676805,0.04868351115108309,0.022918056234775858
17,11,0.7873413747341976,0.7014274834329329,0.1025480409513461,0.05010972892420446,5.875569943846863,2.871075979901543,0.04045993267701834,0.010834002970602705
17,12,0.7769841476707533,0.690354594764255,0.4460183957221132,0.5015164266781437,25.554971660072898,28.734774605139837,0.2890147586057833,0.4237369041664022
17,13,1.4342285686099752,1.3859956218561147,0.14649426468694907,0.107233851520638,8.393503089434555,6.144047113065082,0.04763184266354573,0.027778006291647846
17,14,0.7888886637404965,0.7024286031514242,0.11228952778507,0.058647923169172306,6.433716025601502,3.3602784748010888,0.040778601310619694,0.010493715314981972
17,15,0.8648614891389755,0.7849787910330567,0.06933690153788007,0.039939118938119605,3.972711822634675,2.2883429526252717,0.015571492401569659,0.00911777482143532
17,16,0.8317554687821622,0.7560524556717332,0.09019758895910583,0.14218094558424668,5.167941169612556,8.146368109156553,0.01648393710414711,0.04198925957915178
17,17,0.7272450508690305,0.6382206085879143,0.07619608534768496,0.12824153547285652,4.3657141058409605,7.3476987408719125,0.011454034107300115,0.050205324255756176
17,18,0.830383921178676,0.7501043095402802,0.058240399615233876,0.012091316077780053,3.336929095108245,0.6927813800154733,0.011510410961574326,0.001125709880784445
17,19,0.7347346321420903,0.6445987946979337,0.06779289871877414,0.031775002898772525,3.8842469775436044,1.8205735601156223,0.044781567081860166,0.028050332605298208
17,20,0.9862308129101685,0.9221762186792323,0.20969380093666473,0.26475726575221076,12.014569783727318,15.16947392302521,0.0785953200258965,0.15761325106769686
17,21,0.8107217430931706,0.7309127180574514,0.025988224929395412,0.07134339225598216,1.4890156054910288,4.087675272414098,0.003280380478522824,0.017416772422583115
17,22,0.8549676029802901,0.7714116001158513,0.15182261825451046,0.09792203056917824,8.698795260609298,5.6105190729649435,0.08576925659987918,0.03740788483628936
17,23,1.0129412381761451,0.9387875093815519,0.23023130179896223,0.18110620485522255,13.191281904883253,10.37662118183595,0.1980258113626155,0.12297909578448628
17,24,0.8617458872497399,0.7891368846021037,0.0723194542841017,0.1262103562427869,4.143599507168328,7.231320743554291,0.009689891307112591,0.03600934535398869
17,25,0.8727809037650542,0.7942333061055429,0.1350409120774642,0.08195637584631216,7.737274323635924,4.695754440181607,0.11922147003950184,0.06592912809625633
17,26,1.0598187331730917,0.9891716098053633,0.21121117385185884,0.16106508334746172,12.101508847715403,9.228349502732394,0.2505931861929128,0.16919343043994942
17,27,0.7156456258700779,0.6205246903842728,0.06389906719581416,0.030609931226471956,3.6611468651429995,1.7538198704625507,0.014400245711429373,0.003122835957719738
17,28,0.7051732093406101,0.6070358908413553,0.18600761089683437,0.13246587242421434,10.65745106170023,7.589735419425876,0.39404430161176374,0.2688822301260791
17,29,0.8612175627026386,0.7799610511647863,0.1314485956203016,0.07680342026786594,7.531449751965119,4.4005118335182445,0.083261215164042,0.038232335809404126
17,30,0.7397379396873212,0.6471641695680028,0.07918172193551583,0.04724146322860393,4.536778481483509,2.7067364610214772,0.020295244225973445,0.010571758599382494
17,31,0.6850262012773184,0.5851697654484603,0.16324173453766586,0.1107427579490306,9.353062429403218,6.345092642118302,0.25455370295662183,0.17185887249776413
17,32,0.7772629966928746,0.6930788606439483,0.02939606007651596,0.04233148349003472,1.6842701766973802,2.425415344506714,0.0030448137857442357,0.004703437739891028
17,33,0.9318587466775655,0.8626100996815552,0.2394969512370533,0.294306550032658,13.722164512133634,16.862523199927104,0.0970208331169422,0.17307986107163179
17,34,0.9950959587447344,0.9234550306096299,0.09481816280690661,0.05152694543686814,5.432680550020064,2.9522765047334203,0.031135753238199226,0.023934707116957794
17,35,0.7383622536403895,0.6517946819472474,0.17153462204934472,0.22281294695446918,9.828209883799165,12.766241481363373,0.07481683209166995,0.11476960998549966
17,36,0.8358958106707898,0.7580966458646945,0.01879416381119952,0.06383890685605931,1.0768262658592387,3.6576999315809737,0.0020028333278814,0.012220502351248688
17,37,0.6882243838900405,0.5879854776389415,0.16465805438861614,0.1105747054268616,9.434211579303268,6.335463941861489,0.18753635201011915,0.11188364669376094
17,38,0.872728170487992,0.7882284228193164,0.2852699329369876,0.23809074974471256,16.34476317926942,13.641595101477511,0.7295376301923382,0.562003818165034
17,39,1.1781145551460492,1.1117170621386654,0.233870652149218,0.18535898310171545,13.399801320122368,10.62028742656504,0.2122559629864505,0.13714739136794396
17,40,0.8653538827636885,0.7891538248328843,0.06387900235444692,0.013265720567002905,3.6599972344160574,0.7600698006891599,0.012174627562125305,0.0005277975233867038
17,41,0.7129539325750297,0.6166141990088602,0.14677250464202748,0.09515323006965151,8.40944506455246,5.451878490028348,0.10960408103825911,0.061318294058365815
17,42,0.9879447448592061,0.9163658034893877,0.11236590574350275,0.06397234455366343,6.438092160267524,3.6653453484816327,0.03669265685805356,0.016451104345302087
17,43,0.8431815638126408,0.7625024507568833,0.12642295742122184,0.07999190929875057,7.243501893798121,4.583198798011692,0.08352549242071634,0.049508150448391595
17,44,0.8859584770819626,0.8080394768592111,0.07046010128450529,0.028649364764413262,4.037066427666463,1.6414876867316919,0.017049916038925778,0.005525508568108964
17,45,0.7509777443190784,0.6640595578306865,0.03130569343116955,0.02930267918946454,1.7936841083364399,1.6789198459821462,0.007961252033588297,0.004851119721101235
17,46,0.9086509665257586,0.8285005110387054,0.23314485465583823,0.18352717923996303,13.358216186970532,10.515332796390862,0.291559739005563,0.20300586811974902
17,47,1.0894798887973351,1.023403955262996,0.11224656621595482,0.061545330164120206,6.431254509009943,3.526287667143286,0.04203218341491928,0.02147085963987883
17,48,0.7080302028389288,0.6105856905790552,0.1945308300633829,0.14285135490655845,11.145795547808472,8.184779733871244,0.2715679712470198,0.182193246739495
17,49,0.7520562103404635,0.6592747477819725,0.1269858514852127,0.07999920185679808,7.275753347977764,4.583616630809669,0.051558288918923396,0.024871626905135585
17,50,0.697844448103433,0.5985962077375958,0.09075008615611022,0.05290991153103402,5.199596927193715,3.031514625138817,0.035986887252606334,0.020580018335545847
17,51,0.812565548417721,0.7268711689353948,0.12919815696550904,0.07456253491211415,7.402509114992407,4.272118560260996,0.05864546083614359,0.025685319320270607
17,52,0.7710407349549498,0.6811423602356266,0.16624535779272426,0.11243334069552667,9.525157365165411,6.441955898410162,0.17808157051954474,0.10835017225552931
17,53,0.8474108035678789,0.7675522502719853,0.40624907675967664,0.46151737161846423,23.276357529415687,26.442997565708804,0.24464028781657512,0.3719562479860431
17,54,0.9142291781294131,0.843970444365573,0.018423766927579962,0.06076135976540437,1.0556040876830397,3.4813694720336805,0.0023390484923533706,0.02012733609390991
17,55,0.6526534878166128,0.5478595416566964,0.1729243356720038,0.12891932034876527,9.907834609109367,7.386532953679282,0.20581362307563686,0.15037870859185515
17,56,0.7090276764061917,0.6155497694647489,0.14420845090324935,0.09854780040557859,8.262535606875732,5.646373043537276,0.3347152007149109,0.2695154687729654
17,57,0.7641298070648271,0.68151123467729,0.06617107099595348,0.11994117247590169,3.7913230939286677,6.872122972719842,0.022489258634255792,0.04547855618522977
17,58,0.8155314938124626,0.72919460687969,0.1372067522712905,0.08280386543829488,7.861367825841968,4.744312016983481,0.07471433003990291,0.029628244601203793
17,59,0.8183381672611522,0.7397738353380827,0.15479377685365164,0.20143776949567457,8.86903010860409,11.54153402663127,0.033549512239641185,0.06837256642238433
17,60,0.8426691823166172,0.76792345777069,0.23238024158232712,0.28797676089026747,13.31440708489782,16.499852996860394,0.09894052686887547,0.18796029244650436
17,61,0.8549891131924789,0.7818739823929592,0.13922316029116827,0.1936305242927114,7.976899495157295,11.094211826877723,0.042087902391153224,0.10361032939949645
17,62,0.8350522489178545,0.7602147145711028,0.10407758748721029,0.15843063965008555,5.963206504920736,9.0774069975079,0.023666472725768134,0.0686712835596754
17,63,0.827846708778861,0.7444911632914922,0.09864973836583316,0.044236890826140136,5.652213658432035,2.534587143118819,0.0415995554841062,0.010794308765540422
17,64,0.8126858592761598,0.735010498430398,0.08356259703586161,0.13712501604769914,4.787784135307273,7.8566846851968455,0.012409964489959652,0.0467203073349818
17,65,0.705679227917195,0.615292487327595,0.250115104536865,0.305430198352343,14.330539882435751,17.499861301432844,0.13087561228928962,0.19821287787867722
17,66,1.23084801802968,1.1749498835800272,0.07288929616140781,0.03017488487472303,4.17624904172778,1.7288935506147733,0.012421377186287517,0.012474501217517975
17,67,0.7671777286438709,0.6766033472179728,0.11246784978470682,0.060296439581145306,6.443933123575025,3.4547315076651914,0.049560961655905775,0.01635041352150997
17,68,1.004564051108416,0.9315722266493786,0.17631228472476024,0.12405628990854048,10.101949791037654,7.107901833810755,0.13806899298932432,0.07614463412184339
17,69,0.6356277015992323,0.5271686603753872,0.19092724978954895,0.13689404845446157,10.939325606981189,7.843451216900038,0.46656271244140246,0.3185721391186328
17,70,0.8631148033886579,0.787477206210455,0.03425001898093402,0.07625955480219736,1.9623815358504801,4.369350637712518,0.004364806525932335,0.023821616011318422
17,71,1.028802115096444,0.9590454986543848,0.09146795269374307,0.03868875731173808,5.240727650053747,2.2167025085684964,0.03077488623555512,0.014482930465404886
17,72,1.17494701939371,1.106229218084651,0.3350283612348301,0.28896535985811683,19.19571111594012,16.55649554534915,0.9080284816951071,0.6884445217810679
17,73,0.7877687635931706,0.7041928362413138,0.03353637409722025,0.06905349510167444,1.9214926959425769,3.9564738299532487,0.005190514803229957,0.016712290444726392
17,74,0.7282360646500784,0.6405688000590225,0.06890555168077259,0.12376736612483344,3.947997296328845,7.091347720403391,0.011346160674881072,0.04121361005166695
17,75,0.8742293160768517,0.8025327906230315,0.15955078022083044,0.21282260758482216,9.141586324672957,12.193837199579212,0.03987208091576762,0.08982101700985155
17,76,0.9767911998318803,0.9098404116471028,0.06757518129013824,0.07955442469402836,3.8717726877563265,4.558132776559161,0.011335160151303255,0.012375509112014203
17,77,0.8442963675955611,0.7612446364840474,0.10476009194581434,0.05431795274001649,6.00231112989761,3.1121894437940107,0.040937053733961094,0.01418124043941326
17,78,0.8416893984580067,0.76645147687255,0.029309541637784486,0.08054101345598336,1.6793130353080057,4.6146601487342185,0.004387557313768404,0.019419726490312476
17,79,0.8773067574860134,0.7962309422170505,0.1571339706984464,0.10355024036675627,9.003113339153323,5.932991740580344,0.12601121277149652,0.07040966126683926
17,80,0.7274967255657375,0.6373031445567303,0.38391757767531276,0.4394627649269117,21.996856881681378,25.17936168346186,0.2230825536882945,0.3342046875621738
17,81,0.7144845728627565,0.623797371389476,0.3714877833951403,0.42689339952939914,21.284682129211646,24.459190095026614,0.2106191607539425,0.3302155403297275
17,82,0.7881402902862649,0.7065116529353334,0.07083041352648177,0.11689007662343938,4.0582837562337435,6.697308057483881,0.012631720524263007,0.04913279981535715
17,83,0.8152192878562614,0.730231991970556,0.11257530570431337,0.05798812862309449,6.450089894252177,3.32247503196508,0.07739463821251015,0.03498210626705221
17,84,0.9594447526673288,0.8836232394532947,0.19096310769580838,0.13940295276747033,10.94138011367203,7.987200845237609,0.2182485251544286,0.1441923658275016
17,85,0.7799362792507576,0.6912512458130255,0.12517203496988444,0.07211086366700954,7.171829316838329,4.1316481451629175,0.05226000302928742,0.016676054815553343
17,86,0.7963673265793397,0.7106777476631351,0.10910765630720737,0.05963268421414687,6.251408218966919,3.416701126507024,0.14855915652045584,0.10021404532093266
17,87,0.792462774220056,0.7087808285040879,0.07544995466676968,0.11460038692481224,4.322963966859292,6.566118501357964,0.013611495713833507,0.03756078821034057
17,88,0.6392918457250205,0.5316680187486518,0.2647825821485028,0.2146724890035628,15.170924445685225,12.299827597472724,1.8180118854706178,1.4391594834175492
17,89,0.8264057293144018,0.7406050530887373,0.19156727185660236,0.13954346802815057,10.97599617021859,7.9952517766317674,0.13809854227837567,0.07472310709903568
17,90,0.7966210606820928,0.7108697741527382,0.06328559099193186,0.04240406885692492,3.625997267828837,2.429574179683931,0.016644895521508808,0.008971425246834155
17,91,0.813296287094533,0.7267511604190781,0.14744713123476508,0.0946127013036407,8.448098321063613,5.420908473030514,0.0733713580262729,0.0297613856399095
17,92,0.6857916384300692,0.5851593607756496,0.18237310541282692,0.1305402057937404,10.449209236849452,7.479402848750541,0.2679173203292332,0.1676174084123598
17,93,0.767845877852951,0.678940157083351,0.11817057127324657,0.06400351054847205,6.770674996606915,3.667131028448493,0.10182450360963016,0.054414236761086046
17,94,1.046795149920649,0.9768184330490303,0.20195335428854075,0.159986817116562,11.571074859243629,9.166569398510362,0.08413621325625989,0.04710859689859803
17,95,0.6605207759098625,0.558046470708563,0.09293634266440672,0.04791757439452515,5.324860198052113,2.745474777310432,0.07421162597623174,0.04701690708444729
17,96,0.7163911155077572,0.626864563716547,0.2914363122901218,0.34590955534761925,16.698070691080623,19.81915761466554,0.12885910169793238,0.21250070623690562
17,97,0.8709115729269378,0.7987526628246888,0.18024285999671916,0.23530242711044466,10.327155165179386,13.481835982613163,0.06074907448247152,0.12743726716601197
17,98,0.7218948160010674,0.6261106151118887,0.09818722312145335,0.04807165948823241,5.62571348696861,2.754303202865736,0.04273692755552077,0.013236839228608663
17,99,0.7938707006017185,0.7110969558879303,0.04021821153957207,0.03158383543660732,2.3043337807818247,1.809620471353329,0.006435281391393471,0.002769031659438108
17,100,0.9720184444680803,0.8997641965027668,0.10562567582163711,0.0507280642748504,6.05190543279683,2.906503985817297,0.0467695841425068,0.013773251350994154
17,101,0.84309000379639,0.7641041368008159,0.39248899673789095,0.44764320150290154,22.487963018405086,25.64806617384053,0.2293806309179197,0.35633313300476566
17,102,0.8893688876052939,0.8186779552182514,0.07445590013234611,0.12696236884970347,4.26600883743098,7.274407892071241,0.014859840786984532,0.0554732452919222
17,103,1.0356833558395575,0.9632621278897446,0.16078808752745247,0.1069792072753063,9.212478811303098,6.129457072530282,0.09411350605312434,0.044728255682318065
17,104,0.7596167576201385,0.6715206760070035,0.07219861034543287,0.024926915016870353,4.136675659502866,1.4282070267479445,0.019864860592198025,0.0033882753973077714
17,105,0.768802036325124,0.6825306725544102,0.04917443055486864,0.026853024869483013,2.8174873307531323,1.538564992181215,0.011185032480681135,0.004909520149007496
17,106,0.72066588459791,0.6256291270287551,0.15731509746822014,0.10395769455130204,9.013491138618196,5.956337145699761,0.2241983784365575,0.14853117818160427
17,107,0.6832556614327792,0.5897733112785217,0.1477735972581989,0.20294827457714543,8.46680344636079,11.628079592732615,0.05322930697336828,0.09786652435010015
17,108,0.761461048545151,0.6715990063277949,0.14161876805416734,0.08759057617266504,8.11415770934592,5.018570339812858,0.10437663060449277,0.05291100875630811
17,109,1.1110821427501871,1.0457773080272545,0.14461151645415823,0.09046481274143817,8.285629561809927,5.183251964525722,0.07849049385691587,0.032912736225491554
17,110,1.2078680545626717,1.1513051202024152,0.06347153197979029,0.02279775049148759,3.6366509016716178,1.306214885554537,0.015451979266610846,0.005940033935438554
17,111,0.6830522971058328,0.5824527060303769,0.14104958007474486,0.08674352958426297,8.081545640375431,4.970038145246464,0.19765866558261466,0.12395429278704283
17,112,1.1003880301564324,1.034037094422673,0.1579835875571765,0.1101321316187076,9.05179279936172,6.310106330531233,0.0631003177795761,0.03144900245964781
17,113,0.7578994819991649,0.6675987100265337,0.060863793402448796,0.04105164471705687,3.487238487116501,2.352085984357881,0.013247006316781745,0.006520789414804977
17,114,0.7601603716401213,0.6686297647344213,0.13561376320578625,0.08044435141676923,7.770096275578085,4.609121821848121,0.09044061864753092,0.041648243275321586
17,115,0.7222537078921931,0.6338760523574006,0.057794915905475565,0.11042162439981011,3.3114047586972624,6.326693045087912,0.023982408257688204,0.04337002491616834
17,116,0.9975115845676019,0.9208902636245214,0.5016819187922824,0.5567344634689957,28.744256604822684,31.89853506625376,0.35444698075851755,0.5003090279081265
17,117,0.7259983748888966,0.6317104147326207,0.11633009842606398,0.06320685265492326,6.665223670154927,3.6214858934323653,0.0637372567476367,0.027223652164472596
17,118,0.8371773469212821,0.7523240324614116,0.20404513426856352,0.15183811447733642,11.690925023768894,8.69968312877562,0.2908843117009955,0.20444835944523077
17,119,1.0260922330244695,0.9648680668290383,0.015310880165358046,0.0664259971706907,0.87724881410558,3.8059292878285245,0.002349232733011324,0.024264763707610423
17,120,0.7338970005861135,0.6389135668845031,0.1603391753185075,0.10592895737989332,9.186758036358658,6.069282186089062,0.11951837760374555,0.060284255437881504
17,121,0.9527488281193061,0.8798370367477654,0.4274255046022399,0.4824426000449627,24.48967746995789,27.641924839894344,0.2640844065189421,0.3959220899188185
17,122,0.942416792459413,0.8721816355752415,0.333108287903029,0.38833825256754273,19.085699017672297,22.250142895605602,0.17601743564803646,0.2910245077115343
17,123,0.8690238931725572,0.7967008929694853,0.028021567217910943,0.08109327350467872,1.6055175369284411,4.646302318718153,0.0019597364709645036,0.022312273045419377
17,124,0.7517424243976593,0.6652697167507641,0.017067051019962278,0.062073159261572204,0.9778699921782854,3.556530046731485,0.0028869843009573697,0.010485695181169537
17,125,1.2369982969739555,1.180417864699566,0.11557959212372478,0.07636856662900937,6.622222826532921,4.375596555305857,0.025132682045775102,0.019390305865107225
17,126,0.7824890344916766,0.6962851711702966,0.07658229508793737,0.026644887354816654,4.387842293964267,1.5266395910324904,0.019951496346819184,0.0019484459384984283
17,127,0.7778562050677181,0.6907383629850823,0.07121935923679405,0.02757787011036105,4.080568703894355,1.5800955652836701,0.015676803976456953,0.0027973915597778367
17,128,0.8452142024228292,0.7619782863924824,0.16132184624370885,0.10976146631661524,9.24306093302291,6.288868773109399,0.11177106703934354,0.06032543868172815
17,129,0.8042703752081183,0.7250136375706587,0.029933092644556916,0.08328264077713013,1.7150398763071992,4.771743823233687,0.003562338421304753,0.02682458423136281
17,130,0.9359662818696614,0.8668486306902868,0.03692540083001385,0.030734462858317182,2.115669624388661,1.7609550073831592,0.002784127412418815,0.004685315807502359
17,131,0.9463248256740148,0.8705740056796979,0.16267861965926206,0.11012051231593688,9.320798323489658,6.309440593521586,0.09583347581513449,0.04438959988335186
17,132,0.8747152657154321,0.7976760067920218,0.05263220079268468,0.035111257779221125,3.015602971905938,2.0117268841452502,0.012617549229963061,0.013517168170150367
17,133,1.0020548961548847,0.9375139567967139,0.043976793838184196,0.0256443482769047,2.519684683444879,1.4693129246302243,0.004117461307703064,0.0031559005497248972
17,134,0.7816588253778965,0.6932967818054661,0.0997438804147452,0.04565074764596002,5.714903380022491,2.615595171730287,0.045253203128745124,0.013885729583485645
17,135,1.2355565414686398,1.1739559111764521,0.24734252980477794,0.20513067523721845,14.17168305190255,11.753121939761364,0.17904215874085455,0.12063277055304507
17,136,0.6653888925124034,0.5683628579830066,0.10574608824706078,0.15974130014562354,6.0588045565745405,9.152502312276752,0.05373222824108428,0.08594082741082981
17,137,0.7745963643838315,0.6868824787794793,0.09081537470965668,0.03771108469103403,5.203337685762442,2.16068599365666,0.028523784833225006,0.010341461020447053
17,138,0.7961479322078144,0.7174354368436568,0.13149276371777419,0.1861427124873294,7.533980397539421,10.6651918126411,0.03491406413803548,0.07781160474578404
17,139,0.8336768236965663,0.7583974875587877,0.1967686908465559,0.25057707807764623,11.274015525822128,14.357009016569233,0.07180927507186369,0.1475417229924136
17,140,0.7883985837697186,0.7033609350201802,0.04330765259510694,0.050268428306668125,2.4813457143184148,2.8801687847280433,0.008308753311106285,0.005604951397569873
17,141,0.9163364977212516,0.8441943221402619,0.04188089853240464,0.03376836899396091,2.399598728122429,1.9347850243943896,0.008392634092706002,0.01601596037389095
17,142,0.850997669525423,0.777143924436955,0.04130065362991593,0.08706903931265464,2.3663531441258465,4.988688478873757,0.02337823771600708,0.03467506652534582
17,143,0.7254091440486072,0.6321614656882397,0.08911710166081013,0.03815690391933277,5.10603380760272,2.186229553863957,0.0661033648233433,0.036561045734397994
17,144,0.9958398724281331,0.9228834171435569,0.15006481015759476,0.09710712054208694,8.598080275462106,5.56382816772972,0.07179627600568947,0.029111981880856425
17,145,0.8058125138451018,0.7243749761521246,0.02513584415550425,0.048548358059012614,1.4401777846089705,2.78161601907136,0.006471726916799238,0.006712715768621959
17,146,0.7126706459039436,0.6155264823087047,0.2085731948727663,0.15621210473266867,11.95036378576917,8.950294310037508,0.6247354331178809,0.457081361906277
17,147,0.9590019635138519,0.8838615057717653,0.13517687049187332,0.08174920755383618,7.745064166970858,4.6838845713738015,0.05685733551328723,0.02297424418583424
17,148,1.1951009727814728,1.1364692888043553,0.09512808446160659,0.04005817922714607,5.450437752814084,2.295164604694096,0.03089370660487934,0.009226163792594822
17,149,0.9582077498281186,0.8806738823008614,0.21720374558142974,0.16660092357466982,12.444857916249227,9.545529783810162,0.2129975258575449,0.13529205968454894
17,150,0.7370744797508725,0.6494444697949363,0.3049201452925083,0.3595077820721111,17.470637413776583,20.59827861484093,0.14425048785855293,0.2418556194547191
17,151,0.9659264692941715,0.9001341256631407,0.20959487809296168,0.26390164489556117,12.0089019222857,15.120450459075819,0.07322463244330613,0.14503181727353148
17,152,0.8361577202186543,0.7512465373729116,0.1723495679272941,0.12198282767743747,9.874902843137248,6.989101198988773,0.10629037504266219,0.05326426258370746
17,153,0.908846505499439,0.828748413993232,0.5364085941550323,0.5917222940279135,30.73394853962919,33.9031900915986,0.39466065934428324,0.5461045834035128
17,154,0.7847748342362073,0.703881899203657,0.24207428240055415,0.2976748677482595,13.869834710209775,17.055513589090218,0.1035417865430284,0.1879500694489191
17,155,0.7729908132868388,0.6834311646888301,0.14575612686813028,0.09403775283203156,8.351210907717247,5.387966352169813,0.11383361700595448,0.06303754093140694
17,156,0.753901515685371,0.6620731818430095,0.12394383185077368,0.07620407113875796,7.101458461728479,4.366171657965516,0.03899009569480534,0.01881555937477896
17,157,1.0706441338786101,1.0055892112734355,0.06179542846755038,0.03744014624013556,3.5406172443932173,2.145162363912365,0.01763378722015625,0.012029351383823387
17,158,0.7544152319565667,0.6706780782291468,0.18211561075489843,0.23713987003526393,10.434455879702984,13.58711370730148,0.06128811351573657,0.12629026663505208
17,159,0.9793324612829811,0.9103785848687689,0.3322830121137211,0.3868354733113371,19.038414198010624,22.16403998668521,0.16645626984530237,0.27216692708782797
17,160,0.98348211833563,0.9091030752551249,0.4932543791576588,0.5485127157107297,28.26139415207953,31.427463619483973,0.34533525373816265,0.4978002082900224
17,161,1.0296205197522335,0.9556713921336535,0.5480022363636036,0.6031115824296667,31.398215307365053,34.55574824867636,0.409616783992045,0.5650845126431195
17,162,0.8875551456580645,0.8174895677257537,0.18107100164626494,0.2363796081562253,10.374604186537363,13.54355391030788,0.06472239449004122,0.13643134460531173
17,163,0.9136761526405205,0.8458892406914214,0.08404421023610964,0.1388124583105488,4.8153785390392745,7.9533680050301365,0.015856898649296063,0.04777298394491276
17,164,0.762284922947713,0.6723125881478925,0.06829222368031096,0.028008544664233786,3.912856190445196,1.6047713995642574,0.01798278930828774,0.0029658310858466895
17,165,0.81619693313438,0.7372804406108827,0.05632783503805674,0.032691139921987675,3.227347216789772,1.873064345001529,0.01749906126939802,0.008308175685376451
17,166,0.9546457133113605,0.8898192689553187,0.10528824050012266,0.1593195714084024,6.032571813015412,9.128339035534598,0.019611468640960042,0.060839399669234295
17,167,0.7555631159643906,0.6719446004950121,0.1267443463544958,0.18201085807068546,7.261916123256931,10.428453993004915,0.031494273227972026,0.08148960460779138
17,168,0.7821236974901005,0.6945596615648175,0.540101021076849,0.5952998686383556,30.94550901840977,34.10817001767009,0.3955663699314613,0.5442923536100333
17,169,0.8333874616966446,0.7494443529687976,0.09188187006922459,0.042116124819689425,5.26444336873597,2.413076201614379,0.03248827275600634,0.01755432407899847
17,170,0.8152050311636174,0.7380364145643116,0.09967571641488147,0.15304319894367796,5.71099787051557,8.768729382653765,0.029415310980925993,0.08471998993619334
17,171,0.9093725810389026,0.8308515052288145,0.21554958717190717,0.1723398140633886,12.35008162073751,9.874343987901518,0.19299596817497672,0.13860085846704115
17,172,0.7882628932809128,0.70200192599416,0.1330530814253226,0.08068810340912137,7.623380016881473,4.623087782257804,0.13590673400895292,0.08180280404776367
17,173,0.9659690540110192,0.8888053011084333,0.5350182547014262,0.5897362145917489,30.654287956847032,33.78939612212864,0.3916674229401298,0.5383872358415909
17,174,1.0303052648565578,0.9698035998876661,0.023765442749095398,0.07670585043950377,1.361659567782951,4.394921494145277,0.002050523534101987,0.02370333711750206
17,175,0.7809586880079877,0.6958180293432903,0.04114406756198584,0.01836304027381482,2.357381423302903,1.0521247067183448,0.005196229295728525,0.0021109759573763893
17,176,0.7283909316926458,0.6343204071160686,0.11897247185654244,0.06443305279012815,6.8166205156188475,3.691741986017976,0.09508443741305275,0.05156088194413212
17,177,0.750734060004669,0.6612446080186122,0.06560700563771407,0.023963233929372912,3.7590045295320142,1.3729921676377637,0.026790168126685835,0.006986907008389048
17,178,0.911108849697886,0.842925214313029,0.08693374691502792,0.1412214447935741,4.980936795489541,8.09139276341155,0.018818767360110948,0.06637490842615912
17,179,0.7653552935092788,0.6818487772973968,0.2367984426452357,0.29072977685966933,13.567551358842694,16.657589192839236,0.08661772618479721,0.15633602898514565
17,180,0.7380434385434124,0.6487320167608469,0.06815062188718848,0.04122098159008987,3.9047430053277936,2.3617882724986146,0.016294285147176547,0.002268791713545811
17,181,0.7153709753329873,0.6260902691983575,0.22075453287411725,0.2745021438672285,12.648303042068905,15.727814310885126,0.07510400227114354,0.1341923552221797
17,182,0.935426638781232,0.8677582872161708,0.086317895992264,0.13588428750931297,4.94565113680593,7.785596176425883,0.017140252639592145,0.061031778318674644
17,183,0.8293691425861088,0.7451457396335326,0.5264845783545196,0.5817660574540622,30.165344318438667,33.33273975608313,0.37919007701983776,0.5205097650176547
17,184,0.8258278814022089,0.7468384331881653,0.3026639448669439,0.3577770424026935,17.341366651656124,20.49911453634743,0.14529149384407064,0.24364600926953217
17,185,0.7220001039817303,0.6286853097710409,0.05257612495074876,0.06618267618700108,3.012390062830367,3.7919880223961377,0.012064003369259039,0.01961101679333242
17,186,0.8313933484643241,0.7543827733970169,0.03133281530750833,0.0406060018654062,1.795238077383128,2.326552529788123,0.014699736258609207,0.01149741280009385
17,187,0.6657774618500184,0.5683299557976879,0.3953176577522357,0.44961328931439704,22.650033356200236,25.760943890709385,0.24994673928458236,0.34199834868069023
17,188,1.0401791377704077,0.9718748230373621,0.09644199724135334,0.04428689643928292,5.525719409741875,2.537452253703865,0.02941052591899953,0.011505296991724208
17,189,0.7832060073994555,0.694909728394201,0.1676063152475507,0.11522583800784617,9.603134483423833,6.601954208707695,0.2516486138511049,0.17346444368375974
17,190,0.8818200959759002,0.8029076488186405,0.09846630891974048,0.04610291030006015,5.641703925332502,2.641502183463658,0.03747302583799708,0.010777027949597649
17,191,0.9091018130270669,0.8289596874211718,0.2014251123976587,0.14997627802699687,11.540808828334077,8.593007758027545,0.18249186512977306,0.1120966166054519
17,192,0.7390721173205302,0.6527862287293364,0.08237792549762743,0.13611595159374132,4.719907456057183,7.798869550728389,0.01770532444871281,0.044592934368280226
17,193,0.8876108481097751,0.817009998153236,0.1680912806466411,0.22278961483301302,9.63092095400159,12.764904649276849,0.053008944981397105,0.11816519890880832
17,194,1.0088160275392877,0.9348720209526643,0.5210206325802009,0.5763074656113116,29.852283286081867,33.01998548140899,0.3763348167541009,0.5301687478235195
17,195,1.1382883019166454,1.06621045958759,0.5847000173783276,0.6400768068212478,33.50084327700406,36.673699595068,0.468384480628747,0.6413509927693062
17,196,0.9012665912444732,0.8269050825272415,0.35437005653026193,0.40882316519106826,20.303908624996406,23.42384193262788,0.184674967476662,0.29121296987339096
17,197,0.8569693530982431,0.779147320361914,0.06943215874711361,0.0432800264529098,3.978169658691952,2.47976285296629,0.007350103336664422,0.004774360222335076
17,198,0.7811606853508992,0.6962817218192673,0.4150701652839354,0.47039188659099856,23.781768672567,26.95146981886068,0.2489001509509067,0.371528396855871
17,199,0.8125025517801626,0.7301085586482743,0.055598716441201235,0.022013740786940707,3.185571798425451,1.2612944383867022,0.01219164323317683,0.004627327024781781
17,200,0.9040205909560463,0.8268067637032125,0.08793926041048848,0.043650067987036474,5.0385484750228775,2.500964671116295,0.03492046434704866,0.03030968217433693
17,201,1.007859081623475,0.9372011232667546,0.14160924122136292,0.09337414783102845,8.113611862034098,5.34994458634856,0.04825409974763231,0.0193144837101518
17,202,0.8714331689164906,0.8001241511541685,0.14654038572456257,0.20110726530171244,8.396145630236573,11.522597531205868,0.04052422027458269,0.0959093039985514
17,203,0.867348452832322,0.7907563314704333,0.04692088714494962,0.07971767222367432,2.6883688044152523,4.567486171023811,0.011607737401514608,0.036904290618881716
17,204,0.7631909514945396,0.6717924689016148,0.18829414905758493,0.13705305047898292,10.788460048006844,7.852561361839147,0.2747036454236521,0.1955429743379296
17,205,0.8587956657996201,0.7768787358157453,0.1448058628421094,0.09072749092467011,8.29676478960314,5.198302315795076,0.10727091850232282,0.05543484152307106
17,206,0.757364267886955,0.6655873924143231,0.10154361326580823,0.05064953891526892,5.818020476639449,2.9020048141285306,0.04376768520681249,0.013371268694061259
17,207,0.7174648694627972,0.6257137934807223,0.4215014777502792,0.47681246467316013,24.15025573361837,27.319341845002736,0.25764781162859596,0.37848027585289407
17,208,0.8548298832320825,0.7815103268135519,0.14714463608478098,0.2004611167233493,8.430766625646347,11.48557594472728,0.04037062845686199,0.09551964133506849
17,209,1.0469679038838895,0.9744734077554122,0.24446423731162606,0.19502621036319573,14.00676903984076,11.174178748241673,0.24287522766582376,0.15899003880426682
17,210,0.8627796478848442,0.7803390383798307,0.22182258751727044,0.17064006456841435,12.709498065410934,9.77695551561,0.28314007699781607,0.1964729274787775
17,211,0.8859428735506384,0.8091601388633131,0.0927240827148419,0.04348428508466967,5.312698598782389,2.4914660104952477,0.02847327837736835,0.018031141185956695
17,212,0.9241083791559649,0.849380427300527,0.0966136115532503,0.04207881797259412,5.535552185517612,2.4109386767288785,0.04370836923762612,0.012484655900739269
17,213,0.8159234020747445,0.7294108994590587,0.1413520930184729,0.08963565549021583,8.098878355299126,5.135744753478013,0.06877244896819211,0.03282715593307974
17,214,0.7368720679953581,0.6506771677349417,0.21814139709917668,0.273385134535052,12.498581390870163,15.663814390474686,0.08266036267102272,0.15318063987243988
17,215,0.7572859564009938,0.6691911779112776,0.10406332428997403,0.06597528938126082,5.962389283916736,3.7801056337005217,0.09680232298945882,0.05740683642957835
17,216,0.8533987554924318,0.7778421477518394,0.044263463141316656,0.05416750678837791,2.5361096246303254,3.1035695257202907,0.007293020923083824,0.007649184574015137
17,217,0.819907125795248,0.7369109983586588,0.08753829148888806,0.032746641932301826,5.015574648099261,1.8762443759470215,0.03604539569286009,0.00878996998415287
17,218,0.7033967671453806,0.6087304995986665,0.040659236853595314,0.08596753905345832,2.329602669933788,4.925577162889241,0.004836181789153194,0.018589775997909126
17,219,0.8767911933025787,0.8037396836886375,0.044163950862536515,0.09110307574082742,2.530407991046494,5.219821740610087,0.008157762762404142,0.03837887051592962
17,220,0.8077492896719785,0.7287407261401689,0.16087424065827585,0.21284791091413444,9.217415022091117,12.195286973556435,0.05399664280276824,0.11666654981395927
17,221,0.7416763979389184,0.648559385383854,0.11750383182630195,0.06601709464901401,6.732473640262102,3.7825008991041935,0.04211568187626318,0.012074809046327566
17,222,0.8005583827437692,0.7128657924721562,0.12471960161555339,0.07176703728449353,7.145906795124213,4.1119483445595,0.06372323461762969,0.024072952593321442
17,223,0.7326357583885162,0.6448421817183493,0.09574769018634516,0.14707823817073454,5.485938545803748,8.426962305403014,0.01741400916636167,0.05021990079083379
17,224,0.8652722712496486,0.7844818331933042,0.0963808975452412,0.04595274205502724,5.522218655025117,2.632898176806386,0.031978493963693726,0.015279463825688268
17,225,0.9009325837803078,0.8311334040485764,0.05888239494977361,0.1104416950849007,3.373712718244461,6.327843010635538,0.010530123192720668,0.04586784091723901
17,226,0.6722866608408764,0.5761934409627951,0.10086530438704112,0.15031694053961575,5.779156240679844,8.61252628223893,0.07907697995578108,0.10041230969742963
17,227,0.7328112794832687,0.6382207213583163,0.1342873810129905,0.08263529096675969,7.694100173909582,4.734653411230866,0.058109788913882326,0.020549212008431614
17,228,0.7236440472956334,0.627236432936934,0.19522770372850098,0.14263816685760117,11.185723467673553,8.172564958423363,0.20723524715662056,0.127910068832564
17,229,0.7495012874730648,0.6574612699143569,0.10467986227070832,0.0513452700462201,5.997714308122329,2.9418672716078973,0.049259587573843994,0.015666409008923594
17,230,0.7402772070686582,0.6451597803687671,0.25869246021453923,0.20808168001922264,14.821986162149061,11.922202059093127,0.820572123387811,0.607802161349384
17,231,0.9434537217898915,0.8677840545910318,0.1469383065753817,0.09230547944841033,8.418944815568764,5.28871439832547,0.0882528505608649,0.038638971950821714
17,232,0.8360084937268569,0.7578558925069308,0.019088491960197913,0.043719832381803866,1.0936900265887441,2.504961876496751,0.0007807840183811782,0.009224825395773607
17,233,1.0508536168321163,0.9779364822862644,0.3120064847710218,0.27123825335242374,17.87665475809234,15.540807159594033,0.28986264602654566,0.20672160907833034
17,234,0.9326044534086507,0.8599161061268604,0.3697532394473389,0.4248084062938744,21.185300081622664,24.33972878231772,0.20509899473925972,0.3203246760280595
17,235,0.7206497878255024,0.6270922826373997,0.06832945577230021,0.019997449833059577,3.914989432178623,1.1457694764589064,0.016726824076763146,0.005413374188770987
17,236,0.9124505030454256,0.8322445527434554,0.20187181485861974,0.14944763220739915,11.566402994045253,8.562718583707362,0.15515752113048298,0.08643975387273288
17,237,0.7046616844034306,0.6067630897334442,0.14498703182434874,0.0909496349529061,8.307145007664136,5.211030231057033,0.12135406195547112,0.06738295815232549
17,238,0.8788434042120407,0.7977667945109139,0.1440422161811062,0.08975715084751992,8.253011058888399,5.142705924681971,0.07883536179035755,0.03269618659609284
17,239,0.9693607455138568,0.9034841413808016,0.03755810676213122,0.08188686392186628,2.151921003971877,4.6917717002850265,0.0037827358384076738,0.025210424500232545
17,240,0.9976264687696832,0.9315213529292247,0.2732276990101538,0.32780911027188536,15.654793999352593,18.782078504517635,0.11869412426422579,0.2075719928703414
17,241,0.7533742073187611,0.666930858741052,0.3293745633828784,0.38438650558041765,18.87177236080316,22.023724471539797,0.16502595781270765,0.26183474929247186
17,242,0.7291560892649644,0.634536361826155,0.10560270418384136,0.053139147720403054,6.050589254902631,3.0446488913013243,0.05052544179539757,0.017211444651631498
17,243,1.145331211790918,1.0818173040534724,0.15554811472500607,0.1028217359748904,8.912250484959582,5.891251513569685,0.08337951981801942,0.03608309238718562
17,244,0.8682608941816067,0.7877216619655019,0.13954389517498253,0.08763631884808921,7.995276250342471,5.0211912020583,0.05924440570337974,0.021124339614376944
17,245,0.7672499120192351,0.6849319828686006,0.16967060133033782,0.22440554607770075,9.721409363675129,12.857490689580777,0.05162619490314865,0.10635736556558542
17,246,0.7990720234690395,0.7189806908378383,0.01883819131050727,0.06508479157304527,1.0793488557520878,3.72908386762412,0.0014092384285952276,0.015255539156780702
17,247,0.7494759872116264,0.6603829794726994,0.0600759614059532,0.015564650603856643,3.4420990387519375,0.8917887891967339,0.02343181371853017,0.006573993733834844
17,248,0.8627796851733281,0.7812956963470726,0.1513181179953092,0.0963642258124649,8.66988952499381,5.521263435099865,0.12442625623417855,0.06693320317786823
17,249,0.9268787469389925,0.8486152316685042,0.21762538835792178,0.17091636106057023,12.469016267804399,9.792786138504802,0.13360389174196657,0.07314646614227362
17,250,0.9595908381473857,0.887094356017118,0.1289064001854337,0.07377767703826049,7.385792682849764,4.227149516571569,0.06445465232189627,0.023362205291272455
17,251,0.6737779320448543,0.574218770860115,0.0518815466264346,0.054599463430872686,2.972593656305897,3.1283188182678825,0.07140597914067744,0.054743873277476
17,252,1.1226067708573675,1.065190161158664,0.0824995032664222,0.06646202560924806,4.726873349091742,3.8079935653003076,0.015400550227980661,0.011404274538000213
17,253,0.7979926858206747,0.7113442363390193,0.10633893688647136,0.052152154050973704,6.09277228150284,2.9880983196368924,0.04039886260021109,0.015688595009656834
17,254,0.8475967440175417,0.7691432147441416,0.07224369634050536,0.0469366319587114,4.139258896735667,2.689270915793022,0.025873166768549206,0.006415357582192401
17,255,0.7693489483077556,0.6859289509718894,0.05101119885839284,0.10310349758686063,2.9227264024884727,5.907395264764382,0.00782052216702694,0.0374494805944773
17,256,1.0092093241709021,0.9393884484046814,0.09953317607550745,0.04594337218833558,5.702830910659075,2.632361322990354,0.03552061158173292,0.013246993615583048
17,257,1.1567157991535433,1.0949079243943356,0.10407095079792321,0.0521996794051973,5.962826250634647,2.9908213218537685,0.04295800674547113,0.027292331130789618
17,258,0.7686545026892111,0.678685810571562,0.1432590096788145,0.09058152512596711,8.208136631819881,5.189939091576138,0.07325481099099411,0.03040076750582349
17,259,0.8766305756411064,0.7958433829441685,0.16249312969841104,0.11196279985047951,9.310170531590847,6.41499589390044,0.07832437285907651,0.033891256190008476
17,260,0.8690353685865734,0.7898411013283618,0.4396664794747625,0.4947684084442539,25.19103366727913,28.34814164026063,0.2793217960209238,0.4142147320359035
17,261,0.7731259292627038,0.6917829882542351,0.12130901812861891,0.17637312738472735,6.950494755645855,10.10543581866812,0.032763895032243105,0.08021196494024108
17,262,0.7907316988627884,0.7050991980548019,0.07235130044561643,0.04183944462090694,4.145424157816813,2.397223593949302,0.008952358170172647,0.0071392821685997785
17,263,0.7003933614752433,0.60308080460226,0.0939075836217358,0.04312404873737553,5.380508205797315,2.4708259881680843,0.07958922114117908,0.04332557325309741
17,264,1.0499555549617139,0.9837573578499986,0.10725683052473725,0.055315781312944214,6.1453637130173835,3.169360809700331,0.08613629459814041,0.04475294434651784
17,265,0.9260347386462031,0.8512552200580873,0.0838500066081984,0.035618404516881974,4.804251490793831,2.040784251807045,0.026681623869780215,0.006377982563813743
17,266,0.8104801501646604,0.7243292333417712,0.16794116315970303,0.11418029560095765,9.622319855568929,6.542049041491032,0.2187787435119491,0.14099708759755367
17,267,1.1127546905855874,1.044485551530297,0.17849129452606227,0.1258831560217685,10.226797856169902,7.212573551834189,0.12630071897884582,0.06560593434169826
17,268,0.698367019146669,0.5996967577632117,0.11699676151047322,0.06279823964247183,6.70342065124875,3.598074092364772,0.0943838858340297,0.04973106655271093
17,269,0.6573032079905886,0.5528269660612699,0.16869783485201376,0.11599772905962993,9.665673950015355,6.646180308218819,0.3009895768996402,0.20419207986940663
17,270,0.6997432070973293,0.6023229811929319,0.06520603620673722,0.02830738907740779,3.7360306734232784,1.6218939231701917,0.021752669319625863,0.005221430224507513
17,271,0.8264595807702603,0.7415599771587108,0.13527578699010848,0.08205006659579948,7.750731664843945,4.701122524706649,0.05807761008358492,0.020047752852423252
17,272,0.7252019884973627,0.6369369677739571,0.098873762252837,0.15336900298630582,5.6650492816674705,8.787396579244643,0.02019121844611109,0.06217513840067301
17,273,0.9886734235661161,0.9241950483094857,0.15509317148296445,0.20525152138839348,8.886184157272599,11.760045914194093,0.035280472959371034,0.08308086362852572
17,274,0.7890282960630413,0.7013223402367157,0.06824823000122017,0.03342035869515944,3.910335538308041,1.914845503045979,0.019273988687529456,0.02190824547565235
17,275,0.9882200038149893,0.912665063663668,0.26195545641745344,0.21326840048710055,15.008942073143258,12.219379251416651,0.28582004833874913,0.19230197773617969
17,276,0.7054915479678033,0.6073425158815186,0.21857849337032179,0.16658755976665923,12.523625162447683,9.544764094012931,0.5935916511927355,0.4449139764652002
17,277,0.7241950941491597,0.6290450617189312,0.10380463110718532,0.05642674907622666,5.947567256354137,3.2330145737115044,0.0320579838880411,0.013542167062359202
17,278,0.6664559817348032,0.5689944038994177,0.1179653307602986,0.1609374184755961,6.758915581429896,9.221034844382414,0.10131909310227405,0.11625766317136053
17,279,0.8746917307763088,0.8007531911559836,0.055756307048713157,0.10122906839849627,3.1946010751267866,5.799998383274971,0.009867263358443438,0.043515633464659496
17,280,0.9038546862855092,0.8348478802099303,0.09820873119522429,0.1518985714499599,5.626945808821141,8.703147058149085,0.021479568182189865,0.06885040852062496
17,281,0.830490949321538,0.7502971440001621,0.38805248589470337,0.44313978456569003,22.233769671326414,25.390039389950577,0.21854669879555844,0.33233379092597237
17,282,0.8091992450810758,0.7234718322417859,0.16335458801685152,0.11120009293592148,9.359528457463924,6.37129600669082,0.14418883117202136,0.08606549962277138
17,283,0.7809401165140323,0.6924939057320735,0.1296770074422913,0.07636392904678374,7.429945226329858,4.375330841417184,0.14162584096762365,0.0868464500676822
17,284,0.8366020970788951,0.7602004478167953,0.03708009438905847,0.07723112973076714,2.1245329124397747,4.425017780600291,0.0028912931910384312,0.011423761550419138
17,285,0.8519007455925863,0.7706416180377164,0.09270869901802518,0.041142649334828287,5.311817177881482,2.3573001648723846,0.041185757499069366,0.01115754417330618
17,286,0.8012580052367856,0.7139067560610186,0.14971856661008523,0.09815730145525564,8.578241981506173,5.623999101779482,0.08366315064738357,0.036583776378578466
17,287,0.7724709859049803,0.6836564809006145,0.13572636969477037,0.08446669102417001,7.776548152142661,4.839584905120494,0.19464250660908308,0.1234381236633727
17,288,0.8893833487867037,0.8099212404362293,0.15765004082436032,0.10477695967091981,9.032681979300976,6.00327757935614,0.11782818278160696,0.06404184752151039
17,289,1.1259272835798213,1.0612852474718135,0.18403043175145645,0.1416926588169232,10.544167041328793,8.118391338196831,0.07111726155800722,0.035731809198211735
17,290,0.7062594135438903,0.6081582249843969,0.17687065730894014,0.12340709817156806,10.133942183506976,7.070705887187468,0.3206463861800597,0.21190438279171167
17,291,0.6907613357975423,0.5921651514848331,0.0641825152983437,0.02438123265097036,3.677387245128934,1.3969417302271614,0.023370408273669468,0.005664183093498951
17,292,0.8072723319847805,0.721180667117279,0.1362231430505501,0.08360191015459267,7.805011168803392,4.79003661109006,0.061404857341484806,0.022200934700630857
17,293,0.8087545870404392,0.7218116134985259,0.5459318532081489,0.6010679411560095,31.27959109058252,34.438656228857056,0.40894108277451097,0.5610191004490628
17,294,0.9256752793769333,0.8504608821036829,0.4359928963810371,0.49135645239711173,24.98055286031805,28.152650958875245,0.27698295415209306,0.41328740989479185
17,295,0.8626596218755344,0.7873212872710605,0.061107552254154554,0.03117075353021205,3.501204840538196,1.785952621523662,0.015279398621373848,0.007100386352155231
17,296,0.8520556192690434,0.7769529838530713,0.26855987150757926,0.32331622686241546,15.387347183959982,18.524655247310662,0.12053030700153365,0.21658620306924237
17,297,0.6971039030073661,0.5982071828371349,0.13232363894505594,0.07791859419371676,7.5815860413646385,4.464406592892532,0.09566295895988995,0.0464312741707543
17,298,0.9794054665245601,0.9075324769542777,0.12584063950821955,0.07767303775999278,7.210137535048224,4.450337245607864,0.05211377885505521,0.018970604782610576
17,299,0.7070666422414982,0.6166786838184457,0.1004677741287027,0.15536469359022312,5.756379434648307,8.901741228063019,0.030399602734019926,0.0629393099179467
17,300,0.978348431657599,0.9113791097088991,0.3039026916043584,0.3591766832817496,17.412341611595572,20.57930805155133,0.146113090492273,0.24517118897276122
17,301,0.8683668886727804,0.7937632056131326,0.04522583295611974,0.07242871893934846,2.591249353349329,4.14985991076392,0.005449248929921657,0.008465213023612334
17,302,0.7642440777943907,0.673625238993592,0.09946639353867441,0.0476248034528527,5.699004553153365,2.72870023798853,0.03694623728369339,0.009382258948153286
17,303,0.9337738981396175,0.8631513828294449,0.03589830030030239,0.050929343150453506,2.0568210989005427,2.9180364158944934,0.008411423453756972,0.027894692550345355
17,304,1.0533548224709424,0.9898722249447441,0.05723157588122306,0.02366689443341298,3.2791277528767964,1.3560131652162255,0.009794372464408625,0.011679358910272818
17,305,0.7529064348261821,0.6664050994957722,0.04528882480481324,0.04850404017732695,2.594858520423193,2.7790767914938113,0.0138286212405331,0.00813537830932546
17,306,0.8726324384392675,0.7933292605669666,0.1431462963990079,0.09439191306724976,8.201678636591886,5.408258238919176,0.09476983883853003,0.05399799288206178
17,307,0.9192806547294858,0.8415748878974243,0.13315129755855404,0.07949581404902537,7.629007386795728,4.554774633965949,0.05604770884020009,0.02107121213288448
17,308,0.6845996446958268,0.5849574523951971,0.19868727335573014,0.14779917696764974,11.38394220624543,8.468269055753495,0.5650462216461948,0.43029822557684266
17,309,0.6961069520114164,0.5969282935068252,0.18349508518311128,0.13090624002365192,10.513493942385804,7.500375065281793,0.3260823082040163,0.21788242426550514
17,310,0.6931381854390846,0.5962409761300519,0.08374766726290028,0.040441652471258006,4.798387878230117,2.3171360031378994,0.06451244592535277,0.041156048908519705
17,311,0.8933481502175347,0.8167349656791848,0.10015031260973646,0.04488237862236349,5.738190229453728,2.571570869569618,0.03984074269014418,0.009790346940901126
17,312,0.9729899544334044,0.9012952523101275,0.08181579766742658,0.032339892231262685,4.687699903839828,1.8529393347592706,0.02742691106515334,0.005604229839896868
17,313,1.0526409033471766,0.9823724458236793,0.16989360834217898,0.1158682963993303,9.73418672425545,6.638764363052499,0.1133388466332659,0.05562238592997877
17,314,0.8521395561935382,0.7780079274500481,0.12021304787072282,0.17156131170378255,6.887700285396545,9.829739088355115,0.02409128982751578,0.0699089033698909
17,315,0.7134973278720469,0.618934933730857,0.07450129507661302,0.033253712527878176,4.268609776148705,1.9052973809887315,0.038816596471924106,0.021616132006750104
17,316,0.7058959659710052,0.6151815695443934,0.23786796379058298,0.2931064234987914,13.628830406571092,16.793761014654883,0.10025380190073842,0.17168244227488078
17,317,0.7054771869253774,0.6083559646960636,0.1490236340951269,0.09696990961432733,8.538425281352648,5.555966560666021,0.19491963116531708,0.13427023982392194
17,318,0.8870795767405927,0.8057536021324646,0.2107305119725439,0.16164836400392035,12.073968950657829,9.261769022619093,0.18195171722977035,0.1120088231795301
17,319,0.7276750967282818,0.6399804160892723,0.2706211231717391,0.3261940839719763,15.505448204830657,18.689544313730213,0.12540076184184762,0.21393026131160514
17,320,1.0396531721942863,0.9724270111237818,0.12348367605003747,0.07890445581570751,7.075093476427831,4.520892303016524,0.03106980658283369,0.014090846590382247
17,321,0.7492748210681066,0.6577013398926598,0.09326492208184482,0.04073796789030786,5.343686411906184,2.3341136260541067,0.03524210917427071,0.008470722710307112
17,322,0.9894304174639404,0.9180093156757881,0.06245031225482355,0.04523649736589543,3.578139321475513,2.591860379020474,0.01863143167402239,0.025760426230607363
17,323,0.8001214966049426,0.7126359511540716,0.1484472584851104,0.09542947991766694,8.505401391484424,5.467706440410763,0.07681757944346142,0.03125766143069578
17,324,0.8722110956624209,0.7945839170609754,0.05340384863962852,0.07077571378469012,3.059815136806177,4.0551496918886265,0.011518995233329572,0.024369773718759674
17,325,0.8020667883536267,0.7145869079817266,0.14101758902192255,0.08756714136239489,8.079712688066532,5.017227624090689,0.07646766496993745,0.030825943673518146
17,326,0.7696149901282301,0.6816899074245818,0.049071392994555714,0.029184636226858577,2.8115837134158768,1.672156482423604,0.012035271247947989,0.0020338856047005336
17,327,0.8247591702317358,0.7486603976950998,0.17487627775169962,0.22923623753355332,10.019672652129925,13.134268922131037,0.05162194995645293,0.1108222962442557
17,328,0.8939836024543194,0.8242330161768064,0.05479386882293794,0.10973656451820399,3.139457426747808,6.287442005158149,0.0066912160302919285,0.035716631404223084
17,329,0.7415498980304792,0.6496014539093148,0.07763793206824975,0.02914927647386826,4.448325837634101,1.6701305178126336,0.03755007885350588,0.013516485152297841
17,330,0.8073284760164923,0.7204454042110865,0.13925454265390455,0.08701223956601473,7.978697572093233,4.985434093113878,0.07091713267307694,0.027774174296189037
17,331,0.7358506286914672,0.6447664690421994,0.07446542787366338,0.03353272323346858,4.266554736796752,1.9212835168580287,0.019297503078819816,0.005485805969816314
17,332,0.7761565656514319,0.6870852831401911,0.11556553135356726,0.06080359318022778,6.621417203746192,3.4837892684574867,0.07393969528137762,0.032854598046861305
17,333,0.7206207035616693,0.6309479376047517,0.05196908992197696,0.09958000496810993,2.9776095176651407,5.705514008564468,0.006788533551817855,0.02098993897889847
17,334,0.7981979086549071,0.7163179975208476,0.02286597376119856,0.047310050741172414,1.3101237909735584,2.7106662360189517,0.001597936180192371,0.010750837558807659
17,335,0.8746288212006182,0.7937303388070881,0.1713216420463294,0.11863612511419458,9.816007028505704,6.797349266829341,0.15412004390931144,0.09169401541004908
17,336,0.7271421275660979,0.633722561875524,0.10096286305715857,0.04793884597756278,5.784745940732482,2.7466935492420506,0.08534975575189069,0.04643200005497085
17,337,0.8847467924713658,0.8072071257372087,0.11158136404530078,0.06968064100632418,6.393141232108525,3.992406643428593,0.027302748863118204,0.00686773677009191
17,338,1.2117542306708908,1.148137629601254,0.21416349038927432,0.16202541221120537,12.270664125095987,9.2833722935695,0.2294945043064508,0.14605821790802737
17,339,0.7747046232744245,0.6919052193175699,0.06013861120336033,0.09714878312640758,3.445688607730716,5.566215257974902,0.024804518801734794,0.02957184113078458
17,340,0.7957208750825209,0.7158815991307657,0.2602020042319842,0.31480852370875506,14.90847666333788,18.037199763255778,0.11286250711592669,0.2044048701427451
17,341,0.7889526418552449,0.7068389865028054,0.02025259485043747,0.04373926116285035,1.1603882091184516,2.5060750636517986,0.0015370011201422205,0.00588569505723717
17,342,0.7131159180170696,0.6157494904320138,0.16012973471467828,0.10541142624384485,9.17475797370057,6.039629836226874,0.17646832107951158,0.10523067155806001
17,343,0.7227914089564312,0.6288638246029896,0.12780309512144955,0.07684505400890554,7.32257795916806,4.402897271165155,0.18229802936979972,0.12534686413219515
17,344,0.9015175268193215,0.8320688910793782,0.06113692442467782,0.1120901977350159,3.502887741944318,6.42229525500327,0.0057791147920113264,0.029309252176262186
17,345,0.7597245951518496,0.6713481661116057,0.11419883375718907,0.06374906590076085,6.5431111996030475,3.6525524240149485,0.07774718059907154,0.042935584154837766
17,346,0.8754033053935064,0.7961768570368655,0.1316057554627119,0.07951114913417003,7.54045434764417,4.555653269623212,0.10358573494275249,0.05776103766466007
17,347,0.6752563453352721,0.5793090315996462,0.057911014604810324,0.10123906246263913,3.3180567241761025,5.800571000970541,0.07189175573539165,0.08228699336814685
17,348,0.7221745393420085,0.6330811238891805,0.04935339095769546,0.10437128877101393,2.82774100653507,5.980034348920259,0.00686171956022457,0.028482419658372837
17,349,0.7870530157983997,0.7065103427959867,0.03555675518235072,0.08779838262847,2.037252005128614,5.030476772686055,0.0036277732800983134,0.024819577591418028
17,350,0.964660688802435,0.8900829103740342,0.15506210249972593,0.10651268223240103,8.88440403565927,6.10272715653465,0.06289680047837559,0.024961187938059418
17,351,0.6487404037489529,0.5460259172120033,0.08213752093732307,0.10824195413728818,4.706133289376045,6.201807138315233,0.05840793772490907,0.052717438345269985
17,352,0.8134790217652131,0.7300710813051785,0.07476603203897693,0.03390139243507511,4.283778086773271,1.9424067061465407,0.01982365531663114,0.014106630534400071
17,353,0.7797660390288347,0.6903964987455313,0.1641779610160668,0.11176654375833918,9.406704255283989,6.403751248117069,0.153146338511631,0.09136296278527692
17,354,0.7493007610216477,0.6581476235248995,0.08808061567595542,0.036042950938597,5.046647535146084,2.0651089699786973,0.03041664260968438,0.006174262758394649
17,355,0.7441760161363712,0.6506134408411461,0.1654853913125804,0.1131687860443393,9.481614493281755,6.484093812959652,0.10470452849398432,0.050131544291951005
17,356,0.9199046422482408,0.8425825276827127,0.13684726782750242,0.0824384472617345,7.840770884412303,4.723375097709205,0.07720908443315852,0.03220581629710608
17,357,0.7488109185519116,0.6564196628652798,0.15446351247700615,0.10306618722639287,8.850107353698785,5.905257538577468,0.14852794221056786,0.09189783254702824
17,358,1.0509984227719433,0.9810815205355761,0.11381818922990357,0.06395861489953196,6.521301874694836,3.664558697245725,0.045632896709011356,0.028005213763751334
17,359,0.7499809352935343,0.6656839019648312,0.0956164438385868,0.15021024377487996,5.4784186840006885,8.606413007931868,0.02519174066111278,0.058020904414923566
17,360,0.8422759247066747,0.7676425047041133,0.21005550892932287,0.2653018955234927,12.035294125122778,15.20067891031684,0.07683241075308023,0.15351740397385383
17,361,0.7042337559690449,0.6118664698331764,0.4125361179777005,0.4676438904130448,23.636578456833245,26.79402123574585,0.24063405532641557,0.34644581463989066
17,362,0.8216222300481014,0.7365502628798906,0.09176026182262569,0.04176417116556867,5.257475729451866,2.392910742649053,0.03446398641023007,0.01498045754646753
17,363,0.7528265809456187,0.664239886999543,0.04330504793269781,0.020222190651683434,2.481196478155315,1.1586461768503686,0.009420307316746507,0.0017339578905353533
17,364,0.7164574434050969,0.6214257183264777,0.08592420308387906,0.03383677619984442,4.9230941947312425,1.9387044685797974,0.06367099742418474,0.0327271677715937
17,365,0.6970656416222164,0.597759577196511,0.16549453865657168,0.1112563933567251,9.48213859748621,6.374521783187679,0.24590384002106863,0.15807082834425623
17,366,0.7672516315160773,0.6808462157211225,0.0676301553803398,0.02716968518677065,3.8749224711074475,1.55670829190107,0.03979450593732523,0.018735119389217868
17,367,0.823302399696668,0.742443944060336,0.06125648857484116,0.03149504810600232,3.5097382631297456,1.8045333320354302,0.018488598338516307,0.0032186233623668825
17,368,0.6797576977671003,0.5832749440107465,0.03474806092385735,0.0698311379356729,1.9909172372004824,4.001029482309953,0.03984350334725931,0.03882258152561726
17,369,0.783571308571864,0.702140001643228,0.04686483854612851,0.09915866828139827,2.6851574562551805,5.681373194661865,0.003637127774081008,0.025320006147476162
17,370,1.0386861380819064,0.971579932095808,0.11580414730498462,0.06110032360985747,6.635088890686905,3.5007906697283717,0.047480818533523914,0.01467356386655553
17,371,0.9810793385669516,0.9072192270660571,0.1381363319533966,0.08812326461359828,7.914628818347761,5.049091139273736,0.057307348432121055,0.02468845473809727
17,372,0.9499319674173871,0.8756882864148349,0.1244886401322905,0.06937629843656189,7.132673676903168,3.974969098655048,0.05461402301605177,0.01890630084528523
17,373,0.7602387044576343,0.6698827540028377,0.10151108137097554,0.0491988529942696,5.816156536365973,2.818886633456221,0.05882268926918514,0.022895063638168137
17,374,0.9897059196011964,0.9183606063971169,0.09926363082308347,0.045808143806603245,5.687387105307392,2.6246133074467073,0.04335276011736864,0.012064906158437982
17,375,0.9649331611466712,0.8913801500762357,0.10306125629841158,0.0492168307174825,5.904975017215056,2.819916681121575,0.03983922260413087,0.010150044537783419
17,376,0.9098670915355972,0.8346963402245429,0.07313379932696537,0.024197809238420125,4.190258041191816,1.3864323428241458,0.01418720352054502,0.0025812979682548875
17,377,0.8543495062223745,0.7718312019364217,0.15508035792263658,0.10370218266506644,8.885449994345274,5.941697393003034,0.07313489123092959,0.02973853721604825
17,378,0.8453410924854202,0.7704899425605567,0.06140353483833279,0.10647969194853867,3.5181633934209846,6.100836952504398,0.00669216278805743,0.02046942623570111
17,379,0.7622277130499799,0.6765424212357546,0.040161451439619696,0.06809467543144317,2.3010816666098126,3.9015375095348714,0.03462977316807751,0.030668085092493552
17,380,1.118811365597362,1.0569578699720394,0.0816403785639532,0.10909647753643885,4.677649129564835,6.250767722581739,0.04671969917828544,0.11721644984880486
17,381,1.0163447409996293,0.9527845571335078,0.02946456539049772,0.060332722922495446,1.6881952420627537,3.456810389991187,0.006201391056909713,0.02772359171390021
17,382,0.8893126951821326,0.8184762350993174,0.04292442266935511,0.09533779632105137,2.459388256989723,5.46245335727411,0.006269220853749105,0.03552607290542201
17,383,1.3202268871826595,1.270190968536181,0.0805023347621918,0.029847190609646728,4.612444022822884,1.7101180522552601,0.01748221243257339,0.004903507012503781
17,384,0.915061091027459,0.8431326570579233,0.06647892391155479,0.04475617476099012,3.808961766703419,2.56433992095467,0.05538899684244721,0.03244681415516805
17,385,0.7862083486360784,0.6976920189853969,0.13774224867044738,0.08506912045477748,7.89204950945811,4.874101568948772,0.18691131849995293,0.12605427986567447
17,386,0.782490579716214,0.6951023927751198,0.07553518208242348,0.022940637271822554,4.327847138075062,1.3144016950159434,0.023364963397213445,0.00309589262701891
17,387,1.0395932432065411,0.9761027287697669,0.07655541390074143,0.027803305474754646,4.386302115389638,1.5930120602164168,0.015039919908062346,0.002637022656259669
17,388,0.878429490089096,0.8071272618830732,0.19517804993303942,0.25005433358035506,11.182878514756798,14.32705796311076,0.06603942178060229,0.1365179086936057
17,389,0.8689448528509622,0.7947720302818186,0.2820555877283381,0.3371146326436907,16.160594764915707,19.315245662586644,0.1278862758622461,0.22014433636336272
17,390,0.8190999681470691,0.7401830679012212,0.019795602223036578,0.06973656080480264,1.134204460299786,3.995610611872631,0.0018362967659964263,0.022136022408880546
17,391,1.08260330315586,1.0246433813061004,0.1390756484551696,0.19180897259309548,7.968447689526345,10.98984460232485,0.03348529722769518,0.08955940483750344
17,392,0.8788328640062651,0.8036920427545381,0.33425599046950616,0.3879729035110379,19.15145753086777,22.22920993661879,0.15983039303813268,0.2579846311650623
17,393,0.8812720309751487,0.8083957574388889,0.28416392260845325,0.3389978517012808,16.281393455346524,19.42314616648516,0.12627868208040127,0.21683367656825148
17,394,0.9432393694697444,0.8753306262764071,0.22596364844929878,0.2792502746628019,12.94676337952267,15.999862166047576,0.08225754719106596,0.15938685404440942
17,395,0.937969096576993,0.8717843170553972,0.045634820827577485,0.10016259286630538,2.6146826322558967,5.738893836326466,0.004532091483702202,0.030603144970585243
17,396,0.8580716197388061,0.7839920443298546,0.1627219967930798,0.21298225884059918,9.32328365018479,12.2029845427292,0.038724248217490306,0.07860360448941556
17,397,0.835739111997742,0.7541115544630235,0.4580386034421051,0.513326008167324,26.243678831299004,29.411413782285692,0.3001533892469287,0.44089352822439154
17,398,0.9446595832960497,0.8786833640844856,0.15050494267645115,0.2040988703308283,8.623298011219038,11.694003873344318,0.04203664690509271,0.10237860287675196
17,399,0.897175487062675,0.818684827232362,0.1335789858642071,0.08280915541272714,7.6535121216567505,4.744615110192182,0.05354305093652739,0.01784395471024295
20,0,0.5669627175599081,0.6507696955041847,0.0702492951286494,0.08413874081082386,4.024988124640544,4.820794742005345,0.02088323383772791,0.025938626903303307
20,1,0.6706084616294128,0.743234352712697,0.0983985254080751,0.0914507749996463,5.6378202161935,5.239743440680235,0.01970418661143406,0.018805674259016268
20,2,0.38546651597915704,0.498165956285372,0.07164623080916933,0.08707525229732564,4.105026643385572,4.989044456673585,0.10281220356046676,0.10185031735781898
20,3,0.4790378486651146,0.5751903175597626,0.08795623154963227,0.09418765768989545,5.039520849669345,5.396555267853922,0.17842805276981538,0.16671588609325158
20,4,0.5626854979566718,0.646479850800037,0.04378202792531939,0.04984133660833041,2.508525418644713,2.8556982329482175,0.024512088492979082,0.03205266478242443
20,5,0.4168523098710372,0.524387090614759,0.4000964405665483,0.4043815518772189,22.92383744267,23.169356235515195,0.5024594696486668,0.5379944265470441
20,6,0.5480811550489135,0.6348392184574358,0.05922369361711365,0.07156679882536542,3.3932676914364848,4.100475525955256,0.01516115907794478,0.02092836198995337
20,7,0.5907645683540348,0.6711482965637835,0.04534581932498361,0.05994866247090567,2.5981240658843285,3.434805347037204,0.025222693167584537,0.03354203704352276
20,8,0.6622013977875547,0.7349387084830519,0.04395270342338564,0.05540010639583719,2.5183044043502023,3.174192281057189,0.020661989143880607,0.027785412066744113
20,9,0.6788033167243195,0.7508617036464251,0.06355469267050867,0.07896536027530851,3.641415658271174,4.524381871505186,0.022473802439518673,0.029228506706231894
20,10,0.47078786991682015,0.5677737928794522,0.06959538456107395,0.08266331113061029,3.9875218089394666,4.736258848360771,0.01314170232010884,0.01277572348592241
20,11,0.4792233428465018,0.5735435373306099,0.06474720542433993,0.06192143238786807,3.709741606081228,3.5478367372295234,0.05794655068187429,0.05393235417444227
20,12,0.49303889623100877,0.5844401692449288,0.0769637497854524,0.06661795215241095,4.409698038207317,3.816927498137606,0.021410825946842404,0.020725270440848563
20,13,0.4131553353791286,0.520583063880834,0.12277974437657366,0.12360183905371526,7.0347611624727735,7.081863717833158,0.46537781628680486,0.4495752039690058
20,14,0.4100016336416746,0.5181854880864392,0.12248279891555336,0.1332671507993762,7.017747440810744,7.635645288537751,0.24329379007021557,0.22875736871523697
20,15,0.4252632648909131,0.5296817760970086,0.0915654720670258,0.0884268292820753,5.246315098563608,5.066484113586759,0.12537419542221523,0.13051379327813287
20,16,0.3782619871102805,0.4921707537192359,0.09296936183676362,0.09381067582256088,5.326752057271179,5.3749557979026905,0.27438516558137543,0.27542996984480206
20,17,0.443175706101868,0.5455125242668473,0.0828438030411877,0.09148020039156575,4.746600273073109,5.241429391447738,0.11570461815247667,0.10784835463189496
20,18,0.3926714676929246,0.5035510965941145,0.12221467897219074,0.1212431444379375,7.002385299652779,6.94672047118886,0.4893856534084422,0.47500314624259155
20,19,0.6503518511111578,0.7219810406912474,0.08614091098307952,0.07460485879400178,4.9355106427425754,4.274543540065767,0.02484675539180594,0.021406223348037545
20,20,0.5360869052142718,0.6244739122118784,0.08320910268751543,0.09139072725108072,4.76753040106531,5.236302958118165,0.08343814458205961,0.08017939358229234
20,21,0.4536466942236869,0.555185977999784,0.1121909752795272,0.12643459589799627,6.42806938297346,7.244168729397257,0.05878714416586564,0.05714116310923303
20,22,0.3904334762364558,0.5021079994875176,0.04103085349626633,0.055975503001583875,2.350894735155659,3.2071600781126275,0.005417255402745477,0.0075487734677093105
20,23,0.4393661942722161,0.5406889084363581,0.0943890386961504,0.08924545117088341,5.408093549586429,5.11338769283249,0.09353056873226558,0.09471488168532761
20,24,0.4019455967577981,0.5114366945043705,0.04230908101827753,0.04578249573589633,2.424131777424366,2.6231437812425478,0.010843455635907575,0.0149001485044313
20,25,0.6524097460636775,0.7248608546063794,0.07658669607701031,0.06939904123405054,4.38809445206383,3.976272164965468,0.029825035666641235,0.02790544245260099
20,26,0.37688218197171297,0.49033855326610165,0.15888425354724459,0.15400667157357503,9.103397159343594,8.823932298023237,0.8208277285932658,0.7987255763637537
20,27,0.4926620325995787,0.5851152145295055,0.035158874611031184,0.03809304378058367,2.014455127641751,2.1825706374345137,0.0054289105615890135,0.007310851676366494
20,28,0.3593703076000936,0.4771102001166099,0.34310269825736384,0.33536748276647166,19.658336549697534,19.215141348445197,2.6232490723115767,2.634401667564966
20,29,0.6037513702695546,0.6808227431048788,0.051902559098166864,0.04373985837439832,2.9737975822532934,2.5061092813529733,0.012273878293992964,0.01501977541678395
20,30,0.6064481197625211,0.6865638470034421,0.05718573502556726,0.07543429304771443,3.276501265318451,4.3220666221870845,0.01018275679417374,0.015885221035185828
20,31,0.6011604703210724,0.6809424083006508,0.06703663866611399,0.08129936320621416,3.8409164683118364,4.658110388817244,0.008080429053192575,0.00970414675318542
20,32,0.3738742227510428,0.48883078139000297,0.1297199653870729,0.13454786546762207,7.432406535262399,7.709024833788737,0.5870057771941264,0.5714792986946234
20,33,0.530387455395827,0.6175666551473006,0.028734229795232706,0.03176155257140959,1.6463500948258938,1.819802913124657,0.008174685187773952,0.010363039249378144
20,34,0.38610539199730354,0.4985578253603022,0.07606346090770084,0.08185850818590798,4.358115285169585,4.690147036289628,0.166527723779912,0.15320550757222168
20,35,0.37995881489769223,0.4931274025094506,0.11629538750403749,0.11172470998034492,6.663234880819801,6.401354349196911,0.41893326834514566,0.4142494479671679
20,36,0.4051535692432753,0.5132754889367646,0.02981000248437933,0.040139993311717324,1.7079873296294343,2.299852206444755,0.004717840701645563,0.006033919080682852
20,37,0.6831767193046097,0.7530157063415303,0.038861450689019916,0.03550136496644036,2.2265971102366064,2.034078379530632,0.018729192377360995,0.024013804557660338
20,38,0.3727520015985859,0.48737850975280544,0.13188885659826696,0.12530708562080675,7.556674847886836,7.179567149156672,0.5364061489314949,0.5347736861833612
20,39,0.5140913092193222,0.6040850194218478,0.05710955622353355,0.05186056245169089,3.272136541473557,2.9713913516565174,0.010823041321599006,0.013497563299617467
20,40,0.4887894576459697,0.5822844691099608,0.030190306736301378,0.044467418034560106,1.7297771581954478,2.5477953792242163,0.011079129186314948,0.010412957105392322
20,41,0.5357509305171708,0.6227751538233456,0.04621580563848139,0.05787573633678328,2.6479706098818965,3.3160354283096214,0.030008286722523758,0.027277658565278105
20,42,0.5610842095136865,0.6450623828980271,0.0831060678139383,0.09397405138130437,4.761626937666676,5.384316527894284,0.039338536171110536,0.047429744149388324
20,43,0.4449960452946058,0.5461419418844863,0.025094329011298946,0.042105034645416345,1.4377991420601295,2.412440781434467,0.001432413604192456,0.003152962792911263
20,44,0.5337465740697194,0.6194885040955808,0.10904409757440717,0.09589446930235981,6.247766571826268,5.494348369672049,0.024313091437348375,0.021004371229179225
20,45,0.49434691559112276,0.5876698276995451,0.0494172826354775,0.05541541786902815,2.8314017300179906,3.175069563849159,0.015965508289150946,0.021632916427972677
20,46,0.4703585029626233,0.5671765780535617,0.038680092609214525,0.05092421173944442,2.2162060576831606,2.9177424077007257,0.0183757337404671,0.019920870743423053
20,47,0.4037838579029654,0.5127632276412178,0.07493728247412229,0.0885861773400975,4.293590013946879,5.075614084785036,0.05108400043289707,0.048281526230968375
20,48,0.35480398951871484,0.4738004417131753,0.23236717198825688,0.22500724449523613,13.313658252317644,12.891965469445255,1.331919843592644,1.337385042815871
20,49,0.4127234832406358,0.5201657365919435,0.08370507473536871,0.08386828916626562,4.795947506163763,4.805299004209786,0.04455123821367872,0.055117292954679376
20,50,0.41133782669190555,0.5180480755076764,0.01739971960300762,0.020283380598289484,0.996930497963381,1.162152102539526,0.0013396047798493026,0.0028320496041249208
20,51,0.4570036661868163,0.5557119582457418,0.04715406582670336,0.05066283248638406,2.701728958752166,2.9027664796480854,0.01706464678943388,0.02067580313842998
20,52,0.4356645494184504,0.5384558604186788,0.07861083379096062,0.08951044876423503,4.504069000226441,5.128570936512662,0.046348108764950546,0.05661409066622797
20,53,0.41426668058184757,0.5206164843900436,0.1059473565854485,0.10509943657757946,6.0703363829137675,6.021754145098172,0.1457844194151019,0.14244224431084654
20,54,0.34741838714218615,0.4685171409153368,0.3933689887098631,0.3919765326151834,22.538382844404484,22.45860098702207,1.843058838986747,1.8568263573062025
20,55,0.4170427011289781,0.5223218770944459,0.10387724625147053,0.09746826302449148,5.951727797650412,5.584520107774378,0.2530517502550455,0.24747836093526093
20,56,0.37201391373661313,0.48721190490917626,0.022618975944258077,0.029111227300190372,1.295971858513924,1.6679504607469304,0.002902367252480562,0.005649029488860366
20,57,0.3985121067946098,0.5074777694417875,0.10811546982529659,0.0984015366002659,6.194560121063498,5.6379927447973355,0.10323734902446856,0.10307518317704001
20,58,0.4804196733823297,0.5796470149166415,0.2602771864522395,0.2670032735547947,14.912784287252933,15.298160690866721,0.1495573499608115,0.15187488313118452
20,59,0.41981739808020313,0.5303069551852784,0.34055249703534285,0.35109809676486015,19.512220782766626,20.11643913970227,0.18491216898044693,0.1893403891903322
20,60,0.41577217208372164,0.521933637556324,0.04793783150060352,0.05550241263790399,2.7466354239938715,3.180053996945461,0.01309518456198299,0.017098075142668423
20,61,0.3695534750041235,0.48518517772704906,0.15493152647422107,0.15342773972511,8.876922580492247,8.790761946480485,0.8241587416390914,0.8235831370804408
20,62,0.37481506941883386,0.489138851380182,0.08048063912612054,0.07396714043071013,4.611200954442149,4.238004969331165,0.211864752875945,0.19439811133908863
20,63,0.5245268299514843,0.6173216967906519,0.10941535481419601,0.1246202006570088,6.269038044779845,7.1402115397200525,0.03260208453100066,0.04174712875130318
20,64,0.5085227653606573,0.5990010266046675,0.11223637742550321,0.10616179336206209,6.430670734318722,6.082622705186116,0.10774037465430347,0.10995841180180235
20,65,0.5195550294852792,0.6109722160265098,0.06984741685257805,0.07727104004970575,4.001962195543662,4.427304473434495,0.016543077837351913,0.021818284611053014
20,66,0.40138234028154296,0.5107697290691662,0.09473506290536869,0.10510496502673002,5.427919276383989,6.022070901901752,0.19917530678424072,0.20372341231959698
20,67,0.6338155070670849,0.7092671914345025,0.07659107805456937,0.08700135853515259,4.388345520883885,4.984810655968726,0.03455226353325526,0.042402559335387946
20,68,0.4150009495895151,0.5212310018405701,0.06330338670963437,0.07432798204598141,3.6270168873465964,4.258679670958893,0.10252451486773378,0.09668263812669309
20,69,0.41322068938990786,0.5193455677230298,0.0333881492153381,0.03537939738407254,1.9130000357919044,2.0270901518235416,0.05688363607482744,0.05212717379795727
20,70,0.4329977819214235,0.5359265982510257,0.052240658673078574,0.06559294425109184,2.9931692609509017,3.758198871424459,0.012805915397688019,0.013010889784232708
20,71,0.4607780311934771,0.5587270603552552,0.06061689852286068,0.059932489176971436,3.473092452532711,3.4338786855539483,0.035095392852342366,0.04352478147618169
20,72,0.5360083944698624,0.6213593517044776,0.09633713567053762,0.08734132486478963,5.519711284301021,5.004289291833481,0.07694166421110145,0.07062423198162125
20,73,0.38542624841672374,0.49768460704831974,0.038484966617124014,0.052508410838025585,2.205026161863071,3.008510329957856,0.030955332592638052,0.029648268547871913
20,74,0.42869016893437517,0.5325697567833122,0.02970885219754392,0.04724422103587971,1.7021918450972278,2.7068944717390897,0.0021640180894826715,0.0037138631623479124
20,75,0.5607407213957218,0.645747168331322,0.054828596077575405,0.06447748134199915,3.141447151872611,3.694287554530063,0.015943079014036653,0.018076204273667892
20,76,0.3589235135709413,0.47749769482805093,0.20167259992778214,0.2066971518949955,11.554988819292268,11.842874440957747,0.7245733139211386,0.7015768707499721
20,77,0.39647906294988483,0.5067709086602132,0.06633758246718369,0.07561709082441574,3.800863498470672,4.332540163296445,0.01372753820317155,0.013894748791307088
20,78,0.3720384728199251,0.4873469237020576,0.2681953887556494,0.2654600135973974,15.366463860569088,15.209738408616317,1.8120067121299073,1.825877140476094
20,79,0.4017768250605088,0.5112164116583556,0.034607551739749304,0.04500779327629417,1.9828666539682647,2.57875659992894,0.013584831981418632,0.014259821143478695
20,80,0.41887555860713227,0.5249373097183183,0.09041357631299228,0.10048768598322283,5.180316333418448,5.757520299874589,0.056738952062319166,0.06889282583397657
20,81,0.4794783647406428,0.5737690886165706,0.061663130710711264,0.056989952419962055,3.533037141287288,3.2652837483151984,0.032687571487912265,0.030137661511794343
20,82,0.4369014841181307,0.5391854361642044,0.027554239545909767,0.04345477762414037,1.5787416336730995,2.48977535754277,0.006747827617742867,0.009987954298189293
20,83,0.35977111718544375,0.4773597789466737,0.3134001953093968,0.3040118745552232,17.956508489804136,17.41859733387491,2.3697054299609155,2.386324909430189
20,84,0.3793294748118441,0.4938557223623847,0.3514018655725413,0.353715096282226,20.13384381033012,20.266382167035108,0.42854555301865194,0.4581574549550645
20,85,0.4360633200382852,0.5378861387126282,0.027719035595026986,0.03798787757954319,1.588183751767947,2.17654505796747,0.042290690638102514,0.03915641211480868
20,86,0.351752330830481,0.4718495305502489,0.1400134726231227,0.1462591860584002,8.022181056275425,8.38003407616498,0.4624164107589455,0.4496326830674151
20,87,0.4767401397759428,0.5718199759429454,0.023067673692554348,0.03790208887269339,1.3216803457683235,2.1716297271350915,0.009631250280921091,0.01404868519738863
20,88,0.4013973228722695,0.5106351014561957,0.10342888071985952,0.11495851917672871,5.926038345009962,6.586637967900294,0.029556385696848445,0.03504870636734605
20,89,0.5457714506291889,0.6329739022996673,0.14424643031642276,0.15419160177064714,8.264711666958952,8.834528017819993,0.08176824577006124,0.0930752106076263
20,90,0.46686088882567284,0.5633532297306038,0.05095213398092086,0.045724907534176004,2.919342234291871,2.619844220334225,0.04510012638872137,0.04045572268793413
20,91,0.5294678787085948,0.6176812269858389,0.08977899107304968,0.101196971037924,5.1439572774284406,5.79815933998067,0.025631154465968607,0.029572167120786613
20,92,0.48099087117015665,0.5750088661430725,0.041386288595647344,0.04454100217649246,2.3712596662410035,2.552011439996032,0.05716987396482484,0.05295256834387792
20,93,0.5028539575219699,0.5934183382964027,0.03525386353157236,0.03160514500541484,2.0198975918892637,1.810841419709244,0.025239242217861082,0.02304032710925538
20,94,0.3976326874495965,0.5069768405553736,0.12493853208210072,0.12299003905240344,7.1584505868642045,7.0468101598518915,0.5811430777077196,0.5692783867318331
20,95,0.36641233785666255,0.4825070580748798,0.24926970542058163,0.23971100941632423,14.282102081068627,13.734429142376113,1.4774053517875134,1.4932813321458698
20,96,0.5885350655904326,0.668101810809919,0.05917178085080171,0.05383703272192162,3.3902933090239613,3.0846347564738195,0.012617831366859966,0.012116232863725766
20,97,0.6123805320620488,0.6885124728487787,0.10418957053445972,0.09354942723257668,5.969622660905143,5.359987356292852,0.0713312588224527,0.06562472926517376
20,98,0.5191821065551003,0.607866774738198,0.01677309955782753,0.03097890839811899,0.9610278140162648,1.7749607051346,0.001821145165075277,0.0037311633581683787
20,99,0.41869490419300015,0.524798940064697,0.10474512158556146,0.11683147274009437,6.001453391437329,6.693950302305135,0.02343794975430529,0.025389369367520898
20,100,0.47628093062908083,0.5741696010241851,0.11394722144297836,0.1237016138514931,6.528694875925255,7.087580392647599,0.2665431234781676,0.24960937810648726
20,101,0.6413132367973841,0.7161625224377776,0.049157542064480884,0.06403140511354838,2.8165196915315662,3.6687292692987197,0.022605409376956813,0.02928704714890576
20,102,0.49818882811781634,0.5889049426222867,0.10105455925507538,0.08964161397560814,5.789999745870512,5.136086149543283,0.058357307549681284,0.05257385113152936
20,103,0.4801792890965463,0.5747916963400023,0.04761425434225547,0.05988358639447043,2.728095818473692,3.431076762510194,0.03492341169143279,0.03228655032224736
20,104,0.4238242504226179,0.528728709007371,0.055426571750614426,0.07188942244710674,3.1757086341892413,4.1189604978522585,0.008780744045285175,0.009564205931752081
20,105,0.4456294944079094,0.5461791160883689,0.04453669358217863,0.055065763333681794,2.551764575726215,3.1550358346862053,0.043107511766848995,0.04066015733039847
20,106,0.5247177386652992,0.6113059369345021,0.06895456625936773,0.0585320729051807,3.9508056248169594,3.353640743618893,0.037738060733782025,0.03342579762248376
20,107,0.49302610470004377,0.58596170127539,0.04464775411127519,0.05194034826320877,2.558127875313938,2.975962741921518,0.030917884835247413,0.039210768967275364
20,108,0.5320231155560831,0.6194660658725766,0.033478857899662574,0.037891669561269894,1.9181972605688813,2.1710327445650925,0.006693705921379037,0.009176319020291446
20,109,0.6640451171731122,0.7357761799642494,0.14983800838553213,0.13810583712350638,8.585085491136828,7.912881593298081,0.1114992128877821,0.10507889717082905
20,110,0.54611521433984,0.631215381483318,0.023124570200763975,0.03110524362804729,1.3249402755577666,1.7821991806133064,0.004231367018048351,0.007433796531940524
20,111,0.43774916182944373,0.5407663985796161,0.07916334159196585,0.08878568592296655,4.535725365372095,5.087045084560069,0.09243647166432797,0.0854701687295629
20,112,0.4871514657480073,0.5811719093179782,0.03899226423062794,0.04485610231991766,2.234092174073905,2.5700653483382627,0.0093765456638303,0.01336469463506967
20,113,0.4504871008180884,0.5495851219806372,0.04254807333134494,0.03673021350198062,2.437825028299198,2.104486214277921,0.011415539217395649,0.014521041964572264
20,114,0.47487257617291895,0.5704317937648519,0.051990367099326765,0.06455515960495213,2.978828610127236,3.698738191157176,0.012872749886218175,0.01726496755217156
20,115,0.3480055031617289,0.46895249489221075,0.4139944900340621,0.4130675722815897,23.720137020622577,23.667028545450158,1.828083557740633,1.8420203050974342
20,116,0.5287037515335865,0.615559428533573,0.0637712323537298,0.0591404204888449,3.6538224682168448,3.3884964926398338,0.01645521118339322,0.017774855878543057
20,117,0.588638572530778,0.6687115330189269,0.035649576613390306,0.043308149622640485,2.042570281375547,2.4813741918983885,0.03039239178940039,0.03890326380475845
20,118,0.5877250859531852,0.6702104272346763,0.08843673133166177,0.1035616872332529,5.067051459236592,5.933647597719251,0.02358799388601076,0.03147814206135252
20,119,0.7427634660727586,0.8086122209909257,0.08533342110616003,0.08412872619457884,4.889244880795551,4.820220946761062,0.03706425080417612,0.03534046270219559
20,120,0.4791929007443609,0.5739256265380291,0.034220853207956925,0.04743363530277014,1.960710460152656,2.7177471098114756,0.008970864111321602,0.013136328319557664
20,121,0.4955329356007927,0.5877486349012485,0.022921376424360713,0.03021074967349585,1.3132981297465347,1.730948452217542,0.011971350457451575,0.017055995195262613
20,122,0.5082063454004767,0.5982208476234898,0.013817143928220763,0.02685382649718249,0.791664032011861,1.5386109220651358,0.0009317410839526225,0.002399841491508501
20,123,0.47715993217633906,0.5709031606886809,0.04877073312599209,0.03383501896204971,2.794357171878223,1.9386037862705598,0.008311370197322558,0.00529823831470029
20,124,0.6350834196590726,0.7099088360629312,0.1167031330882439,0.10452776223856726,6.686596981909925,5.988999618216842,0.03921575566511716,0.042270097102956664
20,125,0.5576154311134727,0.6414336244066603,0.07267384136958081,0.0774696749593867,4.163904391480223,4.438685415423175,0.06550607485593998,0.07799478724760074
20,126,0.43434913824275806,0.5368300161335056,0.03935216044798317,0.045278619925171626,2.2547127083910827,2.5942738238892895,0.011147040122611597,0.015835557376645923
20,127,0.4482420284367343,0.5484940248351439,0.04539541163582898,0.04748933534134244,2.600965495992069,2.7209384869403848,0.007428676467534957,0.009664501568983415
20,128,0.44308166452711756,0.5446897301722334,0.06082307855329825,0.07170766517541612,3.4849056980966626,4.1085465732885735,0.06735423995732027,0.06325911352675884
20,129,0.4641790721558386,0.5622137003719511,0.15210395664119303,0.14324783088573417,8.714914762781229,8.20749613415633,0.25912041724071,0.2455287531746997
20,130,0.5035136123584396,0.5943802780925401,0.014507860485893084,0.02586314688258169,0.8312391756062895,1.481849161298863,0.0018284395876577162,0.004395111588765445
20,131,0.5182859533683501,0.6070533534296659,0.034480735626995225,0.04412831327798137,1.9756006259332008,2.5283661078594437,0.03284709813874562,0.03084662899975819
20,132,0.4968460306453786,0.5881247038048629,0.09562609904425898,0.08569934486272833,5.478971886536034,4.9102107676704865,0.0340834970556408,0.03259309226804046
20,133,0.5853078997352522,0.6653502755490286,0.018394829286568104,0.02983344803958074,1.0539460829839955,1.709330660990816,0.009294512366715201,0.013118509061457286
20,134,0.46630745559646697,0.5625015540161072,0.04787496628116077,0.04139577626121184,2.7430335122416385,2.3718032694352806,0.011478837884482753,0.010686522137330613
20,135,0.4205840230040927,0.5251344238755238,0.05499095331452889,0.05367171190435315,3.150749536323451,3.075162571361494,0.10060716182114718,0.09307327624434313
20,136,0.5320461066694905,0.6176925770427044,0.11951330758728561,0.10936811739984219,6.847608120400305,6.26633154030226,0.1073413757136651,0.10454846657626765
20,137,0.4238220756574977,0.52758759991817,0.08694402497973218,0.0801496697360617,4.9815256852186565,4.592237805243759,0.15253157061573064,0.14158665334904813
20,138,0.3975763527440999,0.506756857376767,0.05216641927737588,0.04990650618150022,2.9889156569035356,2.8594321744435165,0.11675931623884384,0.10831209760656152
20,139,0.4699433729538559,0.5671936664786158,0.05246452765475731,0.06617515970666552,3.005996008764985,3.791557359796117,0.04897945414486323,0.046600183325237424
20,140,0.4812052013728617,0.5782656685265511,0.1854328683089521,0.19435574168592193,10.62452073710815,11.135763722738165,0.08308979859555807,0.08647977896419604
20,141,0.4441323479091174,0.551596470020094,0.38344642184201594,0.3904793402690166,21.9698616409405,22.372818184467423,0.2552047076545012,0.2532980778786489
20,142,0.4271960850981468,0.5308133717291057,0.018977542114909277,0.030414567861530257,1.0873330687160758,1.7426263741799173,0.02895931209940219,0.02564396666923048
20,143,0.4817113728910912,0.5759217647301973,0.04292857383220044,0.05292572898722074,2.459626101100832,3.0324208986209493,0.05072361458443014,0.046376324930689806
20,144,0.4192913244531096,0.5249178847973245,0.04035938467926963,0.04408223103936641,2.3124224058671055,2.525725790076292,0.005454659523174248,0.0065166792913539055
20,145,0.5202964280318687,0.6080129588026889,0.02540468701087954,0.021963027595341366,1.4555813455742206,1.2583887865424215,0.004105445508734739,0.005891749107797304
20,146,0.358876520393593,0.47710988208496824,0.17786199199077327,0.1753270669048247,10.190741476860959,10.045500968054268,1.1037752093709152,1.1041021489953178
20,147,0.41068880754272724,0.5180035551005514,0.044597089318200105,0.060211775123324554,2.555224996500832,3.449880591557299,0.004839377527719846,0.006940149169640277
20,148,0.48237225768924596,0.576629012963018,0.015892690446677384,0.02655883753049646,0.9105840877024972,1.521709299271101,0.006079568007510484,0.00945342754515861
20,149,0.41677350829740817,0.5220718051246559,0.1018918283555833,0.08963775953719137,5.837971731646331,5.135865306489609,0.023504833053934866,0.02268106627870358
20,150,0.3714388350022251,0.4868866714024225,0.16841692012408535,0.1632784063157398,9.64957872170199,9.355163567514097,0.7608589354769939,0.7609611838506951
20,151,0.5012362823008923,0.5941135459254232,0.07178751774544792,0.08580053306494706,4.113121788534668,4.9160084245941365,0.010906601086040246,0.013076553756731883
20,152,0.3999507683332176,0.5088927548249207,0.064774083202094,0.058945444472937515,3.7112815893092277,3.377325189822065,0.04402454551947135,0.042644070916604826
20,153,0.4162594507980568,0.5217944487004137,0.03493993600947866,0.029190375833288793,2.0019108698002945,1.6724853376481215,0.04048767348513557,0.03595478426132775
20,154,0.47978647016095977,0.5735805483991686,0.03953738186150762,0.03642878030807138,2.265325113661481,2.0872153644617732,0.020072599950359895,0.01809017881643401
20,155,0.5117939525511588,0.6020261545902509,0.04019441549887192,0.046158468079778955,2.3029703680805844,2.6446854097606636,0.012545609801887202,0.01765659093194051
20,156,0.5452333432936927,0.6306748698451404,0.10413544837253601,0.10997009576191463,5.966521689448791,6.30082235980721,0.10279310839095183,0.11877110650740871
20,157,0.4976239279240917,0.5884070622498249,0.12129535569760311,0.1101099497748675,6.949711956010761,6.308835404497377,0.08289480566530913,0.07750706168646149
20,158,0.5128044654652573,0.6021053247441817,0.03742238968626381,0.03915971903195548,2.144144988316817,2.2436866274491747,0.045479097698982784,0.040562614801123616
20,159,0.4510631029476411,0.5533208079581965,0.11690982676012915,0.1255803193076058,6.698439656961011,7.195222286231057,0.2800571561316899,0.2645598852392759
20,160,0.35554522763648333,0.4746176335872749,0.06728098860056114,0.06187634723211906,3.8549166882799564,3.545253548086415,0.20020408947598525,0.18780101106532224
20,161,0.41936739147539104,0.5240018639069552,0.10162309437133817,0.09000270881479672,5.822574408537349,5.156775359832744,0.02699001866026233,0.02546512487586436
20,162,0.45238295587055416,0.5507829342744055,0.09202141486753249,0.08466930237386776,5.272438696732017,4.851193680339625,0.1800215494678047,0.17619806722312242
20,163,0.5464504708554193,0.630586008086535,0.07472690242864492,0.06593753251292156,4.281536125247255,3.7779423244970505,0.03250239124780704,0.02998311845073595
20,164,0.43824886650556666,0.539744004599677,0.059536259415523846,0.061261590753996384,3.4111763925055256,3.5100305964616596,0.11799787783836657,0.11056492695809499
20,165,0.506274825766419,0.5974618242385191,0.0406127360939885,0.05575457469641805,2.3269383726641655,3.194501818651647,0.0060863712250068935,0.010353301866797778
20,166,0.485058369044566,0.5773444353927955,0.05316975853281968,0.03872096646902091,3.046402761660264,2.2185479573424756,0.03953074356455259,0.034061086496281257
20,167,0.6301799278938331,0.7051886287337751,0.017850694779299507,0.028597532225506424,1.0227694722300742,1.6385179010108826,0.01305253539207951,0.018219017363588653
20,168,0.4055788873388609,0.5151790651664828,0.09653536391570157,0.11219584551158479,5.5310689261292,6.428348426715609,0.01644930480467568,0.019997282651804005
20,169,0.38121932260055985,0.49468380273590046,0.0965704965445106,0.10246307714666913,5.533081877483157,5.870701876427499,0.33606586396161414,0.3166916721634172
20,170,0.43700038348685416,0.5401772676542853,0.1114102376841933,0.11817401568495005,6.383336413853634,6.77087234686043,0.22946793067979107,0.22874635218688538
20,171,0.4757201223636683,0.5716166061560061,0.054482556614979145,0.0682314220348113,3.12162055112087,3.9093725127706156,0.014018230879773249,0.01923287417403059
20,172,0.5562215777908595,0.6404315301276996,0.025670359833030326,0.0425090741187047,1.4708032770147903,2.4355905380105787,0.007459114727003929,0.00811187179336841
20,173,0.593089344063615,0.6723480283092974,0.034029765867453585,0.035613309131060075,1.9497619620234352,2.0404923077044597,0.017072159526909245,0.02302404401093095
20,174,0.38715747534687683,0.4989480407161243,0.14366905880078287,0.1411182430819187,8.231630715901716,8.085479740895169,0.7239611477909786,0.704824431638337
20,175,0.6322049884493387,0.7076985064513394,0.0701239231957676,0.06800608073996814,4.01780484201702,3.896461407626089,0.06631180850837204,0.07796605508570319
20,176,0.558891435912039,0.6419700464102792,0.0237265525540185,0.034104045183005055,1.3594313237406042,1.9540178533096548,0.0038388701688662095,0.0044754486749099326
20,177,0.504961286196742,0.596305111375498,0.04203264866247118,0.05802538264571058,2.4082933701158034,3.324609530230867,0.007168718538827206,0.011388669387340851
20,178,0.5308041276704295,0.6170157262743952,0.05632610502910827,0.04471907315407128,3.227248094578505,2.562214155465067,0.0064280106330545685,0.006849595245733687
20,179,0.48575076164421926,0.5825015270425367,0.10512141879735352,0.11671845709690422,6.023013633515555,6.687474982931382,0.055665131754255415,0.06730505291903399
20,180,0.40668710957249926,0.5149265530768893,0.040802547274857784,0.04625903082444846,2.3378137522323694,2.6504472306064777,0.007529349107153867,0.010425954392686832
20,181,0.489161916430012,0.5834189411804822,0.0810208704046176,0.09339612265625666,4.642153926660987,5.351203651089674,0.06598054024707434,0.06228313797780517
20,182,0.45231597124199147,0.5518422185771669,0.029598600642033335,0.04551195073320042,1.695874896281719,2.6076426944197166,0.012491926271098639,0.0174435574625222
20,183,0.5370932722999365,0.6219582435875205,0.10639638046106038,0.09451960473397399,6.096063555886936,5.415574432501465,0.03088220003094598,0.028695185987158943
20,184,0.4317480810507929,0.5343702102609322,0.07563426954488915,0.06766013806622054,4.333524431477006,3.87664035246688,0.01712811511113136,0.017501864764280742
20,185,0.4276195187208041,0.5308325417074775,0.09858653453972865,0.08633847366468254,5.648592345947168,4.946830150587716,0.01969919652263017,0.02101493788390072
20,186,0.414158250429689,0.5197993232582088,0.10023991601444654,0.09305806203716512,5.7433241263736186,5.331834204396149,0.18144020318446263,0.1723640091457508
20,187,0.4194313645599289,0.5247980729144114,0.0400867251032225,0.04538815687335342,2.2968001629157784,2.6005498287208497,0.008141317661134375,0.01212334263106557
20,188,0.5267926907772456,0.614250954102886,0.08369825302038937,0.07740679400201986,4.795556650686406,4.435082601954313,0.023848651023113773,0.024790529951489164
20,189,0.377930219513169,0.4922837686654044,0.2596730816494719,0.2761375139449468,14.878171631670766,15.821514114280367,0.37140318696773345,0.39547118455962693
20,190,0.5340883268705192,0.6224614512340061,0.11872887404636334,0.13030613427063828,6.802663389196956,7.465991538372591,0.0394329694362793,0.04519016724134586
20,191,0.4978985221485978,0.5884568498505977,0.09777156306455163,0.08790986426569772,5.601897919995974,5.0368641999924115,0.11008689790183761,0.10312963439678674
20,192,0.4195141615050836,0.5245098781169226,0.07775728859106397,0.07546225742418157,4.455164462648713,4.323668862935367,0.1410705398988623,0.13803381808713697
20,193,0.6406604652351133,0.7147746874668796,0.05179717778941015,0.05131774875725647,2.967759678021969,2.940290417903521,0.031096404206141216,0.03850113954160176
20,194,0.5108505359986399,0.6008174977876284,0.025077591236104077,0.039094584735435964,1.4368401381830247,2.239954707157053,0.003354417981377705,0.005004727386306992
20,195,0.36034571857344216,0.4782474264474045,0.12333121370711311,0.11664373113624976,7.066358027643589,6.683193500765822,0.23131648517068526,0.24504538685583493
20,196,0.5026333723081087,0.5965636684173158,0.07516080260101593,0.08183433304942556,4.306396773854113,4.6887619030000325,0.035163169985141775,0.04460519058657607
20,197,0.5248436246918133,0.6132645568154617,0.06752466381377961,0.0676066518663871,3.8688782495693252,3.873575818954231,0.0452007829199312,0.05494311728237348
20,198,0.5390607185477284,0.6248337136624104,0.05643999857060751,0.050491381149264304,3.2337737138202094,2.8929430416392488,0.01952660630644897,0.025031083395378677
20,199,0.5371904842297537,0.6238423905994965,0.05995523847985957,0.07306502357896594,3.435182124596303,4.186317481098594,0.026153802896564524,0.03327528318611268
20,200,0.7881167677417746,0.8491752532067581,0.05722858323720571,0.048459791822973275,3.2789562870050175,2.7765415475389466,0.017559117119096843,0.020913478988868587
20,201,0.4039460833046495,0.5131191325554301,0.11640708329705034,0.12897293022560696,6.669634578348804,7.3896045733625275,0.05297718915864905,0.051199927333436555
20,202,0.5217816896894829,0.6096358108683778,0.017105169360629464,0.025515042099654474,0.9800540122205571,1.4619042264088158,0.01012248443969736,0.008454469820225057
20,203,0.45814534463470497,0.557309414036586,0.0788718773272565,0.09118926848666638,4.519025693125365,5.224760221171303,0.034632618531060075,0.04387724430033956
20,204,0.3805498488025167,0.4944718677821445,0.22402331950880638,0.22938999241370744,12.835590720365364,13.143078427843408,0.23941373696909424,0.2623204317753383
20,205,0.4749910181977026,0.5698747399824736,0.052950248094588585,0.04763464205554895,3.033825739990555,2.729263948399331,0.0444159249980846,0.040979035830239804
20,206,0.4002026034806924,0.5085250428546709,0.16169782590932372,0.15245664653918012,9.264602981045382,8.73512240541279,0.4881503104931614,0.48103917327295886
20,207,0.43869493944935084,0.5405407665984205,0.051830369997669226,0.055040844509083905,2.969661451467933,3.153608091206319,0.05326487937099401,0.05103696903789331
20,208,0.5121492973156505,0.6021036093010957,0.093585692500671,0.08686473684908572,5.3620652030975675,4.976982809967133,0.027896149352591347,0.028536203838112027
20,209,0.43326864086805816,0.5381602956563646,0.15011126394123064,0.15862454920871671,8.600741881206856,9.08851719682471,0.12437443481109062,0.14283610187417847
20,210,0.7227875971509571,0.7889937884306899,0.025697113866682414,0.038677681868098945,1.472336170228006,2.216067932391739,0.011700687406962867,0.015384736722823646
20,211,0.504225262271152,0.5950735084150524,0.09609936980314891,0.09404233359863375,5.506088303587381,5.388228810763053,0.16879990710635778,0.15919728506462721
20,212,0.5627784136664524,0.6446238374090887,0.10459404524808011,0.09319789089351002,5.9927973549153535,5.339845807718853,0.035883232575930846,0.03380673964856204
20,213,0.44560699206865967,0.5461885776820133,0.06741591650518929,0.07797653965228181,3.8626474877536925,4.467726623110259,0.11057730025223761,0.10466110235071671
20,214,0.5884274403228608,0.6670946495963712,0.14247417101051688,0.13196332701734625,8.16316868852776,7.560941688598651,0.20458430004239497,0.19333419906757696
20,215,0.3991376191742638,0.5083315697237897,0.08912493479001533,0.08564790838012824,5.106482612846558,4.907263674304503,0.1567872161769566,0.1502909685585605
20,216,0.5321654305437664,0.6182897486991396,0.04438859273440297,0.04793562209628336,2.5432790222063604,2.7465088344510886,0.034932263177316916,0.0421004157323245
20,217,0.43040510857908043,0.5327632369518949,0.292752632410585,0.2795821576346106,16.773490278471318,16.018877659624472,1.5006076909046422,1.4986284007088746
20,218,0.3893279680330659,0.4997410255988959,0.21468269166909845,0.2020564099644901,12.3004121671477,11.576979514530395,0.656192417384909,0.6476542327376359
20,219,0.5001273808496169,0.5927448064788435,0.15260926500663927,0.15839712167373993,8.743866799473953,9.075486558925476,0.10045661800926234,0.10883693075168357
20,220,0.6637159178098744,0.7373534997501493,0.06267088339566866,0.06683277135735748,3.5907771169283236,3.8292357319393977,0.02393933045673135,0.030477525316329555
20,221,0.43533153872699243,0.5385259012343725,0.09052514370049351,0.09861475673053595,5.18670867385357,5.650209358369039,0.19244885663616704,0.18151393737836435
20,222,0.5182034977963181,0.6067143376124632,0.031146663228110494,0.04484966828338542,1.7845723488860477,2.5696967051997324,0.015008869892409134,0.013852554613909895
20,223,0.4581772170614292,0.5560003122947714,0.08961008428868851,0.08603551068705309,5.13427963155342,4.929471650620831,0.06223893382301059,0.06105174530250935
20,224,0.43080749864047313,0.5352951218003777,0.1021512519990411,0.11590105525088401,5.8528356115223685,6.640641306988223,0.1127774326839567,0.11056560825358204
20,225,0.38454260865915546,0.49704566337752765,0.029685102650321475,0.04344111795694315,1.700831096276035,2.488992716262816,0.003856625720876328,0.0048287288781276565
20,226,0.357454808670021,0.476302591528233,0.3495595111184128,0.3469133121101515,20.02828467574143,19.87666864081635,1.993807426396775,2.0029439767115
20,227,0.5145002561750938,0.6032290887963663,0.0696377609112444,0.062145455627547835,3.989949794955402,3.560672323376022,0.020622030324601442,0.019894747371630918
20,228,0.5394950162216087,0.6252558900377359,0.022617924922829363,0.03422944906721548,1.2959116394218806,1.9612029666094595,0.00687505688013698,0.01065168028575668
20,229,0.423372548141478,0.5281960254299338,0.10357034992561645,0.09854057237746489,5.934143933430902,5.645958908032158,0.19494130380824626,0.19693807412557957
20,230,0.4514018323449026,0.5522075542224525,0.0719747303866817,0.0855040285328016,4.123848282748861,4.8990199662957,0.011887721204500535,0.015055357018812596
20,231,0.6181733561153921,0.6959442758186714,0.05159310496129031,0.0549633024223021,2.9560671662574034,3.1491652568990847,0.023026948678328562,0.02968628626885628
20,232,0.6352552082285046,0.7107115170354793,0.04984342991903257,0.048861111883482605,2.8558181708166606,2.799535493240066,0.020339032054252283,0.025222001643343914
20,233,0.42427172774540534,0.529256545397872,0.13538559523540342,0.13964809126837624,7.757023213855083,8.001246246735683,0.24714055518128933,0.2560223402552829
20,234,0.39044149089354147,0.5020390092851211,0.08777735928077603,0.09831594811225165,5.029272223591954,5.6330888856592125,0.04275991133261333,0.051786168969755686
20,235,0.4872991887685694,0.5805812271572851,0.031739621364877194,0.035642552357697324,1.8185463475507206,2.042167821170118,0.03869509587654295,0.03418190751600275
20,236,0.4826013542806038,0.5770252272312665,0.027900112143856425,0.03555093223224387,1.5985586737846682,2.0369183746631765,0.015258913230656389,0.0206928113991017
20,237,0.3448896100988338,0.46667907543209186,0.30992118902697513,0.3127653789925964,17.757176112921876,17.920136194085433,0.9346076703576887,0.9216883335048712
20,238,0.48436669638301433,0.5786111166767108,0.05556428581100791,0.06880581689095304,3.183599068629398,3.9422829138015607,0.0057850386517185395,0.008026972335876882
20,239,0.5922916228285781,0.6717527539759726,0.16573516071977604,0.16774336584031715,9.49592522616555,9.610986903969117,0.11640226156416629,0.12397771342624744
20,240,0.9546768601336365,1.009340428538748,0.24177304242192926,0.22749060431891086,13.852574930813958,13.03425150635417,0.21398364467230294,0.2039593576798333
20,241,0.40086060001866436,0.5099411391042915,0.08654632797568387,0.09288429900997995,4.958739325361692,5.321878316303022,0.27103772519229635,0.2589293570647392
20,242,0.39857659964077696,0.5074481202106396,0.14869233785146063,0.14023202363894333,8.519443404822033,8.034703107090245,0.3208299457205048,0.32483728602700784
20,243,0.6316000581752157,0.7068249367506826,0.21585807133991336,0.2026174973291364,12.36775646161087,11.609127452462745,0.3201341934662943,0.3142887068351963
20,244,0.45500956620660254,0.5528841345853021,0.13777565191414332,0.12522895093109412,7.893963374343934,7.1750903612025745,0.05121747537582469,0.051160998007236044
20,245,0.6378875071951577,0.7121238107464949,0.18146230030153995,0.16888932948501154,10.397023948013764,9.676645784285535,0.12994737475534196,0.12246759929086691
20,246,0.6747108830964368,0.7449881379662799,0.06751036635025431,0.06070450930304237,3.8680590652515834,3.4781121804769706,0.030472916455607207,0.03665280788934619
20,247,0.44681051106298797,0.5462844353048865,0.06744543284387261,0.06008805314180691,3.864338649386926,3.442791844183342,0.07073534631436205,0.0663254844137631
20,248,0.5817930813402311,0.6631209298724806,0.23400729979075252,0.21961209828397246,13.40763065326271,12.58284636168385,0.20067442559289494,0.20163250101339558
20,249,0.44451256426716973,0.5460404919655008,0.08957426498745659,0.09984178704341316,5.1322273367677225,5.72051301663152,0.13460777535536506,0.12765350116591445
20,250,0.6988992351112372,0.7693788485859004,0.0510226359772967,0.06510475048747909,2.9233817011314533,3.7302274291848407,0.02579133606353428,0.03413847521788396
20,251,0.6136098242028464,0.6898997819292267,0.07662855176448614,0.0708210937530213,4.3904926063048135,4.057749772548441,0.07027589013463284,0.06510578538902614
20,252,0.7071194885604825,0.7747632223479868,0.14072902196612272,0.1276135271106212,8.063179013662687,7.311716512216907,0.0822043251860656,0.07670797006148285
20,253,0.5720428550940634,0.6550635904207623,0.02766626890283277,0.041082029751535444,1.5851604430063524,2.353826918593863,0.02043411738561316,0.02801932188141197
20,254,0.48680911792940246,0.5815922677178746,0.042819329645698914,0.05986460766961022,2.4533668702779545,3.4299893616751644,0.017892456475215108,0.024934306926679202
20,255,0.4182229596935761,0.5245199724157809,0.06339986485133207,0.07836108642650738,3.6325446776811403,4.4897595302987545,0.04681467503075769,0.04472269275879706
20,256,0.5544224872376979,0.6382916796588863,0.026531473505162294,0.03913098503263988,1.5201414561089641,2.242040290559859,0.0068725759232754055,0.010635698028773188
20,257,0.35636708500318154,0.4752556276974916,0.12149791446726352,0.11713939277523677,6.961317718615666,6.711592820746315,0.33792101455169893,0.3361943510664575
20,258,0.490244228926795,0.5825723383270621,0.06449703818650382,0.055401373848537896,3.695408079180774,3.1742649007476724,0.012970422633715895,0.015768251300996537
20,259,0.47190765080411434,0.5670042342725703,0.14478431885180432,0.13558415062249013,8.295530409884789,7.768399599534738,0.16802020303789683,0.17471001083288074
20,260,0.43567566009743275,0.5387641139496201,0.04208531354696223,0.05726289992462956,2.4113108457256844,3.2809224883612735,0.023634763922278985,0.026159333021588044
20,261,0.6457269337765269,0.7190357461198217,0.028862212011885737,0.03396790275336227,1.6536829356928413,1.9462174666784666,0.004283331694163841,0.004958374680873386
20,262,0.40271571516507804,0.5116780790468946,0.04118851931915105,0.05227786800301781,2.3599283213804103,2.99530119851493,0.04870306988668037,0.04584145986385933
20,263,0.593452488668142,0.6714417730515853,0.0236666366790336,0.02020180972370043,1.3559983969781362,1.1574784356943824,0.004857101700628499,0.006486067567552992
20,264,0.6805048883731936,0.7510031392391902,0.15016671383142927,0.1362592408902261,8.603918925889701,7.807079422666365,0.05877545073351008,0.05987073931103848
20,265,0.47178888149738807,0.5672110125587915,0.11038698495825894,0.10035208752783098,6.3247083512823385,5.749751080672143,0.03388387909874188,0.03533958928962934
20,266,0.5541694575920139,0.6383884279223049,0.08021203849468277,0.0903379676504692,4.595811271886215,5.1759842761612465,0.05572391424252885,0.06719368962078978
20,267,0.3619397097240952,0.4793710968489168,0.04661768338009906,0.05451935578951349,2.670996508356838,3.123728988511253,0.06932615009339832,0.06412598379469125
20,268,0.43326294408153,0.5356378122830013,0.07382688374130983,0.0684383542724771,4.2299688529800505,3.921228856634064,0.028685147494109817,0.028742013359194775
20,269,0.4944173927900391,0.5861688750650212,0.12282569509930126,0.11496720170481786,7.037393944950641,6.587135440115306,0.22246599312897467,0.23121116015818916
20,270,0.3600710795054505,0.47800668748300335,0.100052467964148,0.10022480869176018,5.732584144213557,5.742458540543947,0.4103093479002413,0.4023513738054082
20,271,0.349261769891421,0.47007004456879464,0.3238029094314159,0.3282620996052394,18.552540104476968,18.808032881483264,0.712929135860102,0.6699141497976375
20,272,0.49936528515901296,0.589979136758243,0.08621425980942307,0.07838673351014691,4.9397132209242995,4.491228999948119,0.10257435436434251,0.0966334264684526
20,273,0.7104647311238897,0.7827731977428055,0.16655984486931286,0.17319597475632617,9.543176147365346,9.923398382191836,0.1597193351800531,0.18118699637332697
20,274,0.5730350540052691,0.6537793775438239,0.028612848179868276,0.02582622065024741,1.6393954405550317,1.4797334440327892,0.02009869650016306,0.025723504774154155
20,275,0.35673867170316187,0.47553600152827025,0.35000577524831694,0.3469885029741818,20.053853726933013,19.88097675998323,2.8260399552128477,2.8407990677268486
20,276,0.41551163738288716,0.5218179072481083,0.08327971900179541,0.08389603067695282,4.771576417838323,4.80688847568948,0.21507311465501683,0.21631234501117694
20,277,0.5429985851127459,0.6296155408193802,0.06541345432619053,0.07944331897300123,3.7479148562624935,4.551766887664549,0.021125755790880874,0.020454616188462685
20,278,0.5974072990245749,0.676372852851822,0.06828453494609751,0.07933800288887945,3.912415658424968,4.545732720529525,0.021659299133200638,0.02604708650906664
20,279,0.7016766376828466,0.7699614353864375,0.0719984227086643,0.07323354262716526,4.125205752805329,4.195972911327977,0.0414683225677178,0.04722496315030668
20,280,0.5702314367196903,0.6528703431225972,0.048209946533198544,0.06331166669842017,2.7622264669036314,3.6274912957584386,0.01912780580006069,0.025129577806699745
20,281,0.43349900765723154,0.5363617189045106,0.07984878929549477,0.0741092506235833,4.5749986258612365,4.246147283608587,0.02237020848072333,0.02142557821165348
20,282,0.45180645090495725,0.5507835315684715,0.03672587680512004,0.035563458742667906,2.104237739850782,2.0376360908425,0.013892442249346021,0.018009050561772242
20,283,0.4225903594912118,0.5276078565211909,0.04499677489348219,0.057474685887271955,2.5781252930967535,3.293056930180798,0.04679712686382606,0.04528195082249942
20,284,0.395152961660096,0.5051493391580292,0.09214727580055224,0.08900615250799207,5.279649996999627,5.099676889405693,0.18376584573729937,0.1864105121198577
20,285,0.5331193210943012,0.620955185804931,0.08874804663681705,0.09987542341470738,5.084888512319817,5.722440238744814,0.05597981625167785,0.06735388112890019
20,286,0.42261677174129536,0.527959939564892,0.07720891554790457,0.09156928598717354,4.423745001676934,5.246533620091474,0.09137757631226247,0.08681087635058876
20,287,0.3944586198455558,0.5041132988051987,0.11284818978004577,0.10474200811741885,6.465725000087972,6.001275002853109,0.1937776126275984,0.19299727256318383
20,288,0.7214751263221966,0.7879797231958218,0.11815755389347579,0.10658762940427803,6.76992915568573,6.1070213131696445,0.04075104559557082,0.04234630050202067
20,289,0.6898362859720063,0.7589135505932902,0.09909145600496129,0.0925194899780318,5.677522214890559,5.30097629844414,0.04276374244616675,0.042038743516758355
20,290,0.48826467635854076,0.5826718706071867,0.09620547226171444,0.10811978547327768,5.512167526659148,6.194807389478679,0.018353239660002435,0.020493156838069466
20,291,0.5562837907448303,0.6407182900728629,0.07062699960585168,0.07462550371284356,4.0466289970874305,4.27572640678379,0.038542896039596264,0.04624190639209035
20,292,0.44766690816605437,0.5477442866314501,0.11184723428917277,0.10551154012460953,6.408374474980504,6.045365939065366,0.19516681301948635,0.18848927097491852
20,293,0.4159215701652296,0.5217544258999913,0.026123858223779554,0.027553325164838712,1.4967868208206958,1.5786892434968616,0.014682368062702362,0.012601532000529965
20,294,0.40046453730685566,0.5085090474779175,0.2351431410336561,0.22447571119785276,13.47270956267798,12.861510854834517,1.2569140025577237,1.2527618537984027
20,295,0.509895476035309,0.5992057917635342,0.06941755826353983,0.054945107593877135,3.977333112604324,3.1481227700213696,0.04801420870728207,0.039936467000844036
20,296,0.5837107499482522,0.6650278256874995,0.0557460397121173,0.07114180871889475,3.194012800073004,4.076125386519672,0.05361669980167656,0.05112076754873938
20,297,0.34998136260381635,0.4706437620177552,0.3025809442034335,0.30804613110724294,17.33661106394019,17.64974320777864,0.716785814864821,0.6864690193766967
20,298,0.5182311843612177,0.6073296858455138,0.053162624543703456,0.06581666601603907,3.045994014192812,3.7710171843411526,0.019172556137182262,0.024101733012303915
20,299,0.4044399317496736,0.5132652246043952,0.10557218789579002,0.11591988597908741,6.048840800390884,6.641720228239435,0.028053292674714243,0.030668246522342124
20,300,0.5127101214413804,0.6027037985989901,0.06997179691534114,0.07874264057615593,4.00908864819556,4.51162097272932,0.02366546574340833,0.026367329735561662
20,301,0.5057677037955771,0.5982568726487915,0.0718834448885097,0.08751488883573273,4.118618008972857,5.014233774844052,0.008228832042744424,0.01129639177940496
20,302,0.5428281880612168,0.6279465897984187,0.2406143820069703,0.22753563527835996,13.786188579147932,13.036831590278029,0.639852865705149,0.640158977578491
20,303,0.38502193720686184,0.497641545709598,0.06569585043842674,0.08121293407547726,3.764094961644531,4.653158364399036,0.008185519890861151,0.010466591010718701
20,304,0.4511879642915325,0.5508909471276813,0.03805767778203287,0.0545130980490083,2.180544314979287,3.123370446391018,0.01268296615196039,0.012202273621001423
20,305,0.7285875712915642,0.7939769438348265,0.05200741060793321,0.046587198453785075,2.97980513123848,2.6692498507402793,0.04661660066154001,0.04169697741413218
20,306,0.7229223488474594,0.7879853659401128,0.044841939072296964,0.03551197872310661,2.569253854025398,2.034686502992387,0.00850104693752863,0.008694553223501425
20,307,0.4784978285173442,0.5749479448143602,0.062259181358063215,0.06781945235465937,3.567188327756595,3.8857683888105554,0.018895055386191448,0.02473147703610818
20,308,0.37611729626745133,0.4904337174704687,0.08537932815827055,0.07778401750281977,4.891875161131371,4.456695916483298,0.07360429742953137,0.07398201626255214
20,309,0.398316531077783,0.5080207853538471,0.03887055663852132,0.04797950917450753,2.227118842711496,2.7490233788084937,0.053904510252708725,0.05195011159268462
20,310,0.4290303704883693,0.5327134085719778,0.04233685700953283,0.04247861174094591,2.425723224495087,2.433845172331067,0.015349905937994986,0.015565445412599115
20,311,0.5005174302968132,0.5921357709092443,0.02583337758390546,0.042771334277554425,1.4801435061256505,2.4506169382470984,0.0033792678204997584,0.007018051269123672
20,312,0.4537642154256491,0.5516994020709856,0.35809882610266186,0.34498043389879796,20.517551384271723,19.765922876993,3.254454753887903,3.252231703716418
20,313,0.4657977546026512,0.5617256551914681,0.20334921097635889,0.19021274822735848,11.651051556260718,10.898387683012173,0.4606021215817375,0.4500196790493426
20,314,0.39506766710328256,0.5044313079043283,0.14068626771737353,0.1262576971535114,8.060729375653105,7.2340331779371105,0.08396853573479485,0.07523139711757078
20,315,0.5475437477117187,0.6331522037230811,0.22846748574301542,0.21590907762980766,13.090222689040091,12.370678906750435,0.2147988368042325,0.21971001383399713
20,316,0.497022212354186,0.58910194153722,0.047536825287830785,0.050666470102648166,2.7236594604434687,2.9029748997075067,0.014734167943554817,0.016365056791686435
20,317,0.4133824294963775,0.5206998111358324,0.07006843267162474,0.0820400460438142,4.014625469180665,4.7005483893695,0.06918354392263573,0.06562725007387346
20,318,0.39257782199404573,0.503294194275565,0.05098673096506166,0.061373520359412584,2.92132449546702,3.5164436904545724,0.10831731535417044,0.10151595268869996
20,319,0.4533014984090166,0.5603430789936363,0.36509630024484707,0.3709930334566519,20.91847711987086,21.256335045821903,0.24476274944617116,0.24175671364211315
20,320,0.6175186479222288,0.6959076234751858,0.03579678611425483,0.053371278501923435,2.0510047644793117,3.0579490053775156,0.009175742504152623,0.014673346245546627
20,321,0.5333905402947401,0.62131958455298,0.06144076877869961,0.07746970773757043,3.520296741058645,4.438687293474763,0.006873567798741802,0.011114294156693866
20,322,0.42896569078732494,0.5328417008213958,0.12782397336070445,0.14300987302676174,7.323774194161031,8.193862153135239,0.11590322460230376,0.11340663121638307
20,323,0.41281378922743583,0.5197904848456874,0.04958414978523549,0.0629874142696699,2.840962513438501,3.608913000094182,0.0625293579164031,0.060366386678850886
20,324,0.6171556921104338,0.6934797513970938,0.04172332243995719,0.048551286574933,2.390570283073027,2.781783810673835,0.030899434659315432,0.027977874238250225
20,325,0.40809619985819934,0.5167128470575593,0.12783625158004774,0.1406584706123023,7.324477684309337,8.059136718849842,0.048125247793803325,0.05587386716552048
20,326,0.389653859118009,0.5014538545666543,0.05892157333013525,0.06381204510125908,3.375957474087341,3.6561608664006053,0.08375667201112635,0.0862985179452019
20,327,0.5330275071880767,0.6195958402656212,0.07401619276860999,0.0690543965505706,4.240815461268077,3.956525479170445,0.018523243988558778,0.02028683647276555
20,328,0.6096043712082282,0.6884902798418844,0.0977907968309069,0.10283871699043114,5.602999933632272,5.892224454092015,0.0630571501850697,0.07276218176784312
20,329,0.5432887233011616,0.6292340626426999,0.027173957091690102,0.041259024002161,1.5569530540234358,2.363967942152788,0.00233152922026472,0.004399431296614213
20,330,0.47324975656945484,0.5707523087524701,0.07953516942154364,0.08509401281689663,4.557029530712412,4.875527796240311,0.07438549082388785,0.06987649379072529
20,331,0.41417456952277126,0.5210033596666723,0.05609676385859332,0.06337093163909956,3.214107813439408,3.630886926732461,0.07996561874669561,0.07655318467310429
20,332,0.43324340825044083,0.5352090347947068,0.07943480754898936,0.07136334074945692,4.551279218991022,4.088818236897847,0.10645823981344069,0.10268363609652015
20,333,0.40887784975948044,0.5166404775293402,0.04069350297255287,0.05349446605674255,2.3315659739303496,3.0650071323571875,0.008323832588265738,0.013717901748427958
20,334,0.5191816263420889,0.6089322455844268,0.09988166530125127,0.10952863147826329,5.722797872499978,6.275528319548221,0.032810209007292646,0.03559513035382847
20,335,0.41272970936507186,0.5194472879098554,0.03756074298993042,0.04955573399763655,2.1520720486986056,2.839334408737541,0.03996329259048497,0.037636954336132435
20,336,0.4498453520225434,0.549796548383055,0.03864921812927706,0.05195312510716047,2.2144370802880826,2.976694801155448,0.006186384842386476,0.0058317278743818465
20,337,0.47401125785505316,0.5694121554289006,0.06573187384727561,0.06448264232848738,3.7661589509352456,3.6945832572739623,0.09189252397765156,0.0854631398567933
20,338,0.7279630515794584,0.7951608255419148,0.036662883535257526,0.051635967232383034,2.1006284913499313,2.958522993491362,0.010758081132085828,0.015442819537468214
20,339,0.5109009327054689,0.6017515389040543,0.08324690457909385,0.08788276881095952,4.769696289910365,5.035311744791925,0.0319183439603531,0.026748249012253367
20,340,0.7329465963643982,0.8021267188406532,0.18459859318705618,0.1908915604406602,10.576720293670752,10.937280757916295,0.104699812727136,0.10941335305713089
20,341,0.5915109573689515,0.6703432143743685,0.037090082328926674,0.02856171817979829,2.1251051792402538,1.6364659073445178,0.013895488607952807,0.01711956896163513
20,342,0.5636929186137322,0.6488352983532538,0.10169698779928661,0.1020962412348799,5.826808190092549,5.849683726908142,0.06753837616128888,0.07952993624556862
20,343,0.5462738566516575,0.6328203330177488,0.040957551892833316,0.05458426115972308,2.3466948626474053,3.1274477922919965,0.014365548403361897,0.020769042912757576
20,344,0.5611524634724191,0.6441849252338511,0.028399662756210604,0.04417060281352068,1.6271808155257386,2.5307891197634143,0.007323340395766664,0.007026470439232709
20,345,0.5082636752695753,0.5986056465460439,0.03173993145063027,0.0328265150248911,1.818564114155659,1.8808207670490444,0.016837405742652682,0.022519270919934886
20,346,0.4252821139246297,0.5289736250751258,0.07835347896001135,0.0681838556059086,4.489323654575745,3.9066471571479813,0.011504016071416233,0.012073176295652445
20,347,0.3846141389093911,0.4967053918500989,0.14658487297711964,0.13912859662490792,8.398694562050226,7.971481396185294,0.6018381386131177,0.5923143362661994
20,348,0.3633687882922017,0.48103048124844755,0.1093709737515628,0.11940930166981759,6.266495197200656,6.8416490202850015,0.3099220923657599,0.2958422090052589
20,349,0.5087713187423688,0.5984553437295892,0.056901674807339035,0.057094326025092845,3.2602258136864086,3.2712639153817573,0.06963026050764584,0.06481798982899534
20,350,0.4432095757506456,0.5437125608036635,0.08730125621288662,0.0846055939627669,5.00199352718866,4.847543457264061,0.17799581364205552,0.16758275437296105
20,351,0.37773743444394087,0.491680636105594,0.07397724224681292,0.07337484837244594,4.238583760759272,4.20406913415351,0.17349421114533228,0.16111329763094998
20,352,0.4674161020028266,0.5644115571166497,0.04410828772771215,0.05414833338558694,2.52721872834659,3.1024709706614635,0.05133143936302724,0.0476751263911313
20,353,0.43467738561071434,0.5371173397558732,0.0721361658678023,0.06501292845897277,4.133097854480735,3.724966414485099,0.013762847826033271,0.01663659502448998
20,354,0.47339251993507625,0.568665635521623,0.06308479374487452,0.05892908150289177,3.6144924330346058,3.376387660698145,0.062766551831545,0.05898972215766485
20,355,0.584433112470386,0.664955231021018,0.03674953301949553,0.038987575802607866,2.1055931410937543,2.233823546935804,0.03546851333545716,0.033847180914979104
20,356,0.41275686806674194,0.5185931043843589,0.13109566208372764,0.12045160289367046,7.511228149870805,6.901368481393091,0.21368769933985005,0.21085400547290456
20,357,0.3912775431614588,0.5025345423407139,0.03221557776119277,0.044681834419018615,1.8458166402918592,2.5600805331121435,0.04558131711219677,0.04306182500751802
20,358,0.5384075847245255,0.6258946616298194,0.05160942665514246,0.06592522111531704,2.9570023304296362,3.7772369333744042,0.03346426648422444,0.04451805717165933
20,359,0.5350758210859327,0.6234315906240135,0.18591463588976911,0.1927062383696081,10.652123986195193,11.04125414442055,0.08751129041047415,0.09025748703997681
20,360,0.5702645214246431,0.659507626932352,0.28614755339242287,0.29258844806528983,16.395047127380213,16.764083208423784,0.17732522587377714,0.18015000679480428
20,361,0.4468770520411071,0.5461098775670565,0.13711602610343349,0.12728118867339072,7.8561695993323655,7.292674922393626,0.2708688206088485,0.2677901625491321
20,362,0.591369212092635,0.6710715908168678,0.13347705403603788,0.12430175274373535,7.6476718581046015,7.121965818294736,0.05161997200289922,0.05481924383162749
20,363,0.4517260272622203,0.5517053193529319,0.0639819283393745,0.07868435903193013,3.6658944589546345,4.508281686221677,0.008197046319275779,0.010908670296208692
20,364,0.40308463792501903,0.5122069949027596,0.0627681248958926,0.07010686265419487,3.596348644484676,4.016827344988695,0.1321234627053912,0.1296996135202018
20,365,0.3476187209079679,0.46874563250566376,0.21209195420703056,0.21764028759487064,12.151973844744775,12.469869931199534,0.8987796978317419,0.8910534770359494
20,366,0.366967524706041,0.4831321162231366,0.1937813944510116,0.18811090866830774,11.102856050202796,10.777961147064927,1.1842474177225883,1.2070998915844502
20,367,0.5843116801342954,0.6647924860024665,0.06072816787480798,0.058432617903339534,3.4794677167884474,3.3479423917619284,0.038066370611051545,0.046934883617481535
20,368,0.5015409223442032,0.5940155760854106,0.08135756318995899,0.08711944680957256,4.6614450022535525,4.991576615702973,0.04787026912084407,0.05679630418209293
20,369,0.44423921928286403,0.5465020949449891,0.14511856689827382,0.15414871192419724,8.314681412257984,8.83207061063445,0.048289009160233806,0.04858285313521718
20,370,0.4145255582029537,0.5205194312052915,0.062112030175738214,0.061939272164013084,3.5587571860590126,3.548858881110091,0.13366077017315803,0.12729025042095035
20,371,0.4692409938909318,0.5666141203265833,0.11211519157661957,0.11863875593946933,6.42372729664098,6.797500002014221,0.09474879144102885,0.10984903224302615
20,372,0.5012172141247483,0.5914737409146096,0.17221608664557578,0.15868856385923674,9.867254929050791,9.092184966126512,0.34512003710472033,0.32878206470768073
20,373,0.4823426892833359,0.5761356107159596,0.13448328550060618,0.12598989103845082,7.705324674237632,7.218689017816344,0.14559755148248582,0.14089600864743762
20,374,0.4574405659598219,0.5565305022854254,0.2007551654840257,0.2095532093023381,11.50242369768509,12.006514476445554,0.2067449069015462,0.2077075710865138
20,375,0.5204953131397057,0.607910879541526,0.13489063669044024,0.12442410072772075,7.728664178194757,7.1289758414090345,0.11379697358294315,0.1079515073536847
20,376,0.4969212568983989,0.5890363399673336,0.10739586962853798,0.10333808335112923,6.153330066852447,5.9208360389908234,0.21978889631887785,0.22155766674578958
20,377,0.5387829510638497,0.6247389689852685,0.099037091197737,0.09032351994198208,5.674407340882565,5.1751564834413,0.02912046159272684,0.02806606121835905
20,378,0.5720473202001365,0.6548286775431299,0.07126035506505767,0.07297234368360396,4.082917591831503,4.181007314248638,0.06503350618574343,0.06205394899861087
20,379,0.6183079437093452,0.7079793470563092,0.36953689049149957,0.3767669910502166,21.172904199551006,21.58715844702067,0.2570939314024421,0.2614717507150972
20,380,0.4894802898495175,0.58493954777273,0.31523153121550074,0.32016082466365176,18.06143630809466,18.3438640186552,0.32554823677129163,0.34766730783076727
20,381,0.7189868347108945,0.7859299095313991,0.09490715437363416,0.08535151726149527,5.437779391205809,4.890281714121673,0.029657013795277784,0.031180930647934424
20,382,0.5979115676205388,0.677111056528802,0.09246819072484559,0.09732513668604528,5.298037067744397,5.57631957264425,0.028775805894727897,0.025304037488377104
20,383,0.5888842922742455,0.668661204989563,0.025240958099606973,0.03887860822598981,1.4462003699740305,2.2275801646918207,0.006209302583534069,0.008513732688513773
20,384,0.6339394060353274,0.7092765809872191,0.12246633089923159,0.11529391660487943,7.016803892978554,6.605854824992873,0.04954779792811017,0.042284747743265114
20,385,0.5771513732296004,0.6565944747277435,0.12750350236135052,0.11061765662097248,7.305412558441711,6.33792486400909,0.08900954186616636,0.07584168805553868
20,386,0.6749921603827949,0.7508768475384316,0.1943144751397025,0.20075478331611327,11.133399323804712,11.502401801076644,0.15796318487799507,0.17321660813702078
20,387,0.6258481856940471,0.7042099973285242,0.16292445262126298,0.16915445494821307,9.33488351467751,9.691836354368434,0.07917248091233267,0.08160974332705218
20,388,0.43853073535768006,0.5411246393698702,0.07199869679893309,0.0807126147850115,4.1252214570209365,4.624492180646367,0.02211995233266278,0.023137108844867582
20,389,0.7161432787323635,0.7878402522710392,0.1614414751100879,0.1703650258133985,9.249915162174364,9.761196955745058,0.0640087865536233,0.0663813919827579
20,390,0.6555266047050898,0.7288415917500322,0.05821741946784018,0.06896961640675234,3.3356124296499976,3.951667934743147,0.016448357677085284,0.018842969768080052
20,391,0.755962587785019,0.8209456276620214,0.07364539119780228,0.08390974203993867,4.219570096223973,4.80767407891994,0.017884807949607395,0.019751665150113687
20,392,0.7277953723328612,0.7969478102746214,0.19201916693143842,0.19967511175206856,11.001887850789444,11.440541177196593,0.12350266935022136,0.13355103754141984
20,393,0.6752310905861283,0.7454744290358598,0.027600703765300088,0.03252222110817904,1.581403837342535,1.863386009889938,0.004523304870898748,0.004042077986540791
20,394,0.5723627003606913,0.6550986020296774,0.07369708884739312,0.08554949705508001,4.2225321533562745,4.90162512072295,0.021438088566918777,0.025256655689242524
20,395,0.6953332409130991,0.7723819719863609,0.2875075638777879,0.2930188641548664,16.47296998828517,16.788744233791046,0.18672576512039663,0.189468223433816
20,396,0.6948436508437157,0.7648528225691115,0.14350607052659464,0.15014378624347696,8.222292175680609,8.602605271865619,0.07825511514684592,0.08415915779011357
20,397,0.8521870889730614,0.9120322476983483,0.14912028594006943,0.15476738792736205,8.543963024150008,8.867518134501815,0.0702697541805486,0.07173851946401194
20,398,0.528712193606566,0.6210173134684497,0.24419673259744504,0.25312247706618324,13.991442148718333,14.502849635789271,0.14076185494940252,0.14851361835520122
20,399,0.7584889267701407,0.8270918439911402,0.20134068047737874,0.20912134316693742,11.535971235645851,11.981770369572471,0.11174999210086525,0.11765519524646911
22,0,0.5531997766208647,0.6383971341871286,0.11581212994190129,0.12171466812403785,6.635546262091616,6.973736788342862,0.01808006220384483,0.019936099612223576
22,1,0.3856495460817377,0.4947753569369219,0.13680767061408344,0.14665100461233932,7.838502131202917,8.402483625640613,0.5081809765603531,0.5690275538265743
22,2,0.7982151276339551,0.8584755102140168,0.1184513933867992,0.12086230317434578,6.786764918507425,6.924899874120626,0.0485653404886961,0.05730623803939704
22,3,0.568097403124021,0.6490570514227286,0.07303321627434155,0.07574084062387651,4.184495056785929,4.339630504521137,0.056383480098293866,0.05820786249923937
22,4,0.5558981309289597,0.6376057295349413,0.06303721459588836,0.07450028316937034,3.611766348604874,4.268551798134441,0.02055805569946469,0.030932651381195757
22,5,0.40905135861302827,0.5132992532568034,0.0585658130730602,0.06280340771052267,3.355573912838451,3.5983702008523215,0.0147972865191555,0.020660812792268335
22,6,0.5700644924017666,0.6487190204988228,0.03255789382855735,0.0315542703810477,1.8654299062113657,1.8079265184486932,0.0038723938076446265,0.00487596864699026
22,7,0.5834391798201672,0.6615490098809093,0.04818231545047997,0.050436235691622276,2.76064332248048,2.889783439657043,0.026560748300010813,0.027503957574801265
22,8,0.4810475288556368,0.5744217041595552,0.12894666681813213,0.12837165990780705,7.388099790958587,7.355154321806102,0.03747391430116296,0.03215469887196011
22,9,0.6055791343289414,0.6814230135685584,0.04998680912778531,0.0550797927304499,2.864033194348118,3.1558396599101317,0.005657109600957468,0.005922390557465778
22,10,0.4186359665814745,0.5209843990274984,0.09161570409106312,0.10005972050981207,5.249193181537347,5.732999684470833,0.10225956241331666,0.13644810990678
22,11,0.3942699139745748,0.5014379980286755,0.11662239159559247,0.1259532063864254,6.681970835149411,7.216587142082382,0.3213506657178704,0.38336851175096875
22,12,0.5097956209479636,0.5976883091007049,0.053313854021447026,0.05606230610158197,3.054658825005486,3.2121335293911706,0.03476495747204357,0.03657212942338775
22,13,0.4437134934681381,0.5419245389004006,0.05172956395788869,0.059818544726394286,2.9638856908390805,3.4273501494369403,0.029781119958115783,0.0383580905865013
22,14,0.5422524790536073,0.6261488885611448,0.06704968846367813,0.07719515110642658,3.841664166635762,4.4229563572728905,0.019337976395852448,0.029999470518075395
22,15,0.7293356510273373,0.7948951685477705,0.04367734384429873,0.0553706658790325,2.5025274626200233,3.1725054636975965,0.009327768739660345,0.011420492882386057
22,16,0.42518057992543123,0.5267082075852944,0.06075196491850693,0.0590733904230984,3.4808311869572854,3.384655952772075,0.01588605960678042,0.013551095212468342
22,17,0.5635243258505803,0.6478003790711523,0.078491993432504,0.0897717228670879,4.497259949251055,5.143540839902199,0.030866647158461852,0.03828879246472183
22,18,0.5282924662323204,0.6132730090605828,0.11437908555976109,0.12102706627859187,6.553438867140049,6.9343401046134,0.06492096527108801,0.08479079843345273
22,19,0.42266173222884856,0.524603710316304,0.18330180463608942,0.17756877762893103,10.502419782779471,10.173941531434776,0.10977261273896202,0.09625609464732732
22,20,0.5321313312928544,0.6175297238648413,0.06147433096090018,0.0657645711326336,3.5222197124499868,3.768032367387794,0.010093992569746923,0.011367438494124901
22,21,0.6634330587144472,0.7319662646395397,0.0755885457991,0.06487297104128528,4.330904653819759,3.716947445140056,0.02824408743620863,0.023381739050167962
22,22,0.5398083963991899,0.6237917686411519,0.06055758808714999,0.06541008933653403,3.4696942148854064,3.747722056557071,0.030617207741033825,0.035658812092413686
22,23,0.44515294933132926,0.5420160019635265,0.1495143801620267,0.15231993758055262,8.566542959798651,8.727289559061806,0.3988812111587531,0.43927495288547896
22,24,0.4976285532717996,0.5865136809537644,0.028042867395932158,0.03792524594032826,1.6067379472319339,2.1729565293764685,0.004500528591501077,0.010073354258019954
22,25,0.6195319740511853,0.6941689663774148,0.04721272472232635,0.06001614473863484,2.7050898659022615,3.4386717961700577,0.015365390097402374,0.022419853529193054
22,26,0.3535227209440141,0.46978951382261247,0.30719423284436753,0.3050244979270944,17.600933032741356,17.476616379319438,0.6964005069483884,0.6721007493301494
22,27,0.37809601259897,0.4884651101550193,0.04803710874489055,0.04757569719318174,2.7523235910932073,2.725886656561711,0.048103672586999914,0.05558751720169174
22,28,0.48650349073239346,0.5771613996705499,0.027493062699755665,0.04115315181397083,1.5752364585845484,2.3579019126016765,0.005055773596124875,0.011146591534079871
22,29,0.857384068809743,0.9122418167288819,0.06002857069352291,0.0624689699328968,3.439383750941564,3.5792083276846243,0.014754524326276094,0.019486541230481266
22,30,0.428562097381572,0.5294966247723556,0.05970106476536052,0.06932672338491984,3.4206190434923442,3.9721286574268153,0.0482307505919167,0.0593594264283412
22,31,0.47246307556728984,0.5655218118584218,0.03074629260871387,0.047424247448691954,1.7616328021535825,2.717209225394111,0.025068708645700002,0.03683305408065894
22,32,0.40698127169868975,0.5113573981398889,0.2253706333278523,0.22643959630248633,12.912786115876347,12.974033182778628,0.7412172120894966,0.8067672512311634
22,33,0.5435972614764079,0.626434638269688,0.06790313140640568,0.06511805976930005,3.8905628453092755,3.730989994861532,0.01964192600149638,0.015157241184761569
22,34,0.43451332165702083,0.5338885562981777,0.09130891804045685,0.10355492106095353,5.23161563562412,5.933259924603038,0.14012555472748134,0.1685650812768588
22,35,0.5118492054833648,0.5993459652765624,0.054703396313555114,0.06407347942428561,3.134273733798214,3.671139949729885,0.030322443459010424,0.03936013754097513
22,36,0.40954914633711065,0.5135240007464165,0.056211365855644006,0.056012798089657964,3.220674024194183,3.2092969292558413,0.03522950363121623,0.04046982318124917
22,37,0.36311485461829746,0.4774514067785341,0.22015161749463055,0.23061199340281954,12.61375853542079,13.213093927080344,1.4481786887365127,1.5780679149102381
22,38,0.42081210276031705,0.5228686757648466,0.04838997441153662,0.05567728689933932,2.7725413045270977,3.1900735540711724,0.054431219237009845,0.06529794224250181
22,39,0.5580761487091401,0.64198181532649,0.14111521566073934,0.13943147676936943,8.085306282438783,7.9888351501612505,0.03789317567722493,0.03082856429949528
22,40,0.6039543197375408,0.6802552597591067,0.05112314174970015,0.05517439965094791,2.9291402577068735,3.1612602371673977,0.03304823219357987,0.03335199149281415
22,41,0.3990434420947439,0.5052558721431292,0.07467279403550683,0.07812259347914287,4.278435942684208,4.476094890971132,0.04054542872556356,0.04964976177433904
22,42,0.41839795957471493,0.5208574983997178,0.0406691944557167,0.039970593482616515,2.330173198509414,2.290146311187041,0.023351254777546085,0.021892578148560677
22,43,0.4259187411842949,0.5269274155404026,0.039579283683482507,0.048344574100316326,2.2677259112145505,2.769940058305594,0.027960795673751683,0.039482568936127005
22,44,0.43690547025161175,0.5355916566756547,0.08904124293181687,0.09761561646316007,5.101687422592179,5.592962837906828,0.12363463435156098,0.14594083155862728
22,45,0.47245702217978197,0.5652174415626753,0.03529734642671212,0.03876649354632104,2.0223889782617817,2.2211564667253394,0.011126633905163533,0.014006196265202523
22,46,0.39453494377776294,0.5020909199774733,0.13580719188359955,0.14664313275031693,7.781178922453583,8.40203260116982,0.6051592243361671,0.6693434069175147
22,47,0.4062746739102835,0.511148136524733,0.04031708638001382,0.04908585615778573,2.3099988918391663,2.812412391627366,0.02493886550087422,0.032419651971477725
22,48,0.38363330477374585,0.49328830474281593,0.09974789284072237,0.10820117209883452,5.7151332750965915,6.1994704996318974,0.22994641816608785,0.2473168400198013
22,49,0.49891005817269835,0.5881516441618435,0.02316541941423885,0.03759297012878245,1.327280763086306,2.1539185277406094,0.012593795071947867,0.016833946892976508
22,50,0.45110890558537053,0.5478075277118842,0.06164314272210353,0.0656408219213509,3.531891913899109,3.760942059863222,0.030831449060627528,0.037260685884531394
22,51,0.4315183283168154,0.5323176660781567,0.13665198081364513,0.14279829177442824,7.829581762724567,8.181739440352437,0.12916609913964333,0.16139670765544537
22,52,0.4777957279299972,0.5697749190879707,0.027014196215036475,0.03619445905730311,1.547799430059873,2.0737897457425247,0.01484065222926543,0.02247456332465967
22,53,0.6262524939569281,0.7000848651980682,0.07724103468828289,0.07390484126209793,4.4255852928622,4.234435489902512,0.04595683664267418,0.03980506461068015
22,54,0.3623916654956945,0.476912267972359,0.2882341144078421,0.2846224594568831,16.514598267260265,16.307665681512784,0.6890481522746046,0.6625561503496511
22,55,0.4426381638326721,0.5412128519461659,0.04371272606925809,0.058122142482472314,2.5045547147799776,3.330153460503689,0.005640305778251981,0.00984772645338031
22,56,0.5013961403287063,0.5912675713100737,0.0895861764916908,0.09086157014511605,5.132909815687995,5.205984489247032,0.04374591712127707,0.040128155978504054
22,57,0.5997300514033924,0.677193797585517,0.09282283478098734,0.08852826461158689,5.31835667539072,5.072295929861291,0.1176789805700383,0.11021744073850293
22,58,0.6182360907560418,0.6921898424895765,0.04057157463159717,0.04254781118748327,2.3245799945905556,2.4378100085622987,0.01571548538101655,0.01806813744323327
22,59,0.5156468746992012,0.6034131696177859,0.09371906352845784,0.10253249035854359,5.369706800099076,5.874678960510352,0.033881094106304244,0.042320003931419
22,60,0.6094680633061682,0.6852937073005778,0.05051598496282743,0.05965304944352102,2.8943527363163426,3.4178679681989785,0.013102925770933034,0.019230818502943003
22,61,0.4794404624794783,0.5717523294114654,0.02771203250496727,0.03630056175722976,1.587782504263975,2.0798689826432644,0.01172660607870154,0.013240730847769572
22,62,0.44295981396065953,0.5436634806229108,0.29079860883424696,0.28190490723124073,16.66153297447809,16.151961408377094,0.1773146157553406,0.15394479572983905
22,63,0.5045102109027153,0.5927187513463663,0.038079351638694206,0.05102867858934677,2.181786135491753,2.923727917299157,0.006581979607473632,0.012006155129890842
22,64,0.37609603493472793,0.4871573523993015,0.054210568342928575,0.06680379937124767,3.106036771055316,3.827575759411194,0.13132370325106635,0.1630986913969939
22,65,0.7784042484783464,0.8391938594980382,0.12207252175460812,0.12475646588847658,6.994240291057972,7.14801896237753,0.05215006573897895,0.06310425808069617
22,66,0.4944148219103333,0.5835392220080077,0.024074756304122008,0.03304425070756186,1.3793819290321632,1.8932961027154789,0.02793112633937475,0.03691353142313814
22,67,0.5489278729323772,0.6310146996310005,0.02012009066949598,0.033212225349609686,1.1527962787826667,1.9029203407700401,0.008690262591512479,0.015480155370675173
22,68,0.591025299994757,0.6677107077694878,0.013784510776266754,0.021580328360079316,0.7897942901326872,1.236461735539022,0.015758404876533974,0.01642938843140669
22,69,0.4302521731308819,0.530380733146711,0.059370400221651284,0.07127420652422913,3.4016733607031857,4.083711221982125,0.11781639338109327,0.14855654670240573
22,70,0.49534764462110764,0.5842291796538093,0.032960072378630106,0.026408472219887076,1.8884730397412255,1.5130940015880097,0.02582640636485634,0.023347457192241707
22,71,0.6189224658456242,0.6937681222333528,0.0705791622418318,0.07175273941591048,4.04388811802606,4.111129137033658,0.05788613960485984,0.05891882145308217
22,72,0.41373152226494875,0.5171535926628953,0.06412499392786511,0.07589333428024415,3.674091513368702,4.348367747433521,0.12403172821383522,0.15912379992458017
22,73,0.41287637818837,0.5170303544472449,0.1474269004941911,0.15372602448322675,8.446939185012301,8.807852404213655,0.15575625186906333,0.1946072716935856
22,74,0.49788522350836983,0.5870654777558448,0.05146954944858682,0.05033184673369221,2.948987956843918,2.8838023929398817,0.015488636707755899,0.013176889941573792
22,75,0.5088396570360734,0.5965697063672664,0.02814928707213001,0.036694152316587,1.6128353455352196,2.1024200605506276,0.01925612113752501,0.019827108933778814
22,76,0.4394989079069673,0.5373510737585634,0.07954409302329458,0.08926446608209083,4.557540815430796,5.114477166992492,0.1835314505463222,0.21922253586278218
22,77,0.40982079449542413,0.5136721039578171,0.04776384361205661,0.05436821574075619,2.736666652293741,3.1150693016020585,0.045983330620201275,0.05778228602424402
22,78,0.4444501127265581,0.5419853044255089,0.05666531732454343,0.058557885712054954,3.2466835274658843,3.3551197085101743,0.005448204310038025,0.0053006004071556
22,79,0.3970951477742556,0.5035982175181027,0.14396725115285625,0.13471774921413954,8.248715879158599,7.7187584554720585,0.08286242731935396,0.07460960408290104
22,80,0.4322687393182239,0.5324004092133292,0.18443577005511314,0.1935928691715551,10.567391215403314,11.092054347358413,1.0088284652881123,1.1551280254642249
22,81,0.40568320165326666,0.5130226740165441,0.3386869094082077,0.3312270057769147,19.405330485419956,18.97790949177255,0.2695261051450321,0.25084455632267777
22,82,0.42541637739216953,0.5283612986493683,0.13768166686370037,0.13354874915912726,7.8885784276162285,7.651779686069294,0.08986517828958228,0.08039275852554262
22,83,0.41417950761048467,0.5179227196029151,0.17368680829298722,0.18213698854566887,9.951521072285994,10.435680736889443,0.902086250537805,1.0081389024284255
22,84,0.4325306077069537,0.5321015790946765,0.044008071617502746,0.05187926245564686,2.5214767681923735,2.9724627829600725,0.029510277829689506,0.04180057320861312
22,85,0.4757452133474877,0.5674596858018565,0.08239773186424885,0.08830801382433505,4.72104227727208,5.059676489317327,0.0845154292223911,0.10131763850551759
22,86,0.43472489366699535,0.5351684140392297,0.1158344516167916,0.1142757363704659,6.636825199854494,6.547517394777336,0.07071790649449491,0.06377054142190708
22,87,0.4117089707678532,0.5150476008918963,0.19168784896119248,0.19635424177370214,10.98290472941751,11.250269343124497,0.7448002858877143,0.8184683507763049
22,88,0.44819239022903246,0.5451727545370624,0.05700129662019702,0.06545893164572003,3.265933723110613,3.750520514735102,0.07951114417079497,0.09446004633810888
22,89,0.6668565469630542,0.7362399823936944,0.04497781565592247,0.0476969039463804,2.5770390088017963,2.732831291968478,0.02884578527558601,0.030926035587069696
22,90,0.4245116607289476,0.5257741124293356,0.11943630436446796,0.12676656159473146,6.843196160723949,7.263188962763303,0.24183486580513658,0.2872959458295813
22,91,0.5475106833469869,0.6306818649470629,0.03386898691436754,0.05053201978991237,1.9405500065770729,2.8952714642335318,0.006934461089370384,0.013840225944131652
22,92,0.5313732157117098,0.6174686232785318,0.131329276589457,0.12523055224423674,7.524613275082133,7.1751821096873245,0.12396843089238407,0.11228039856333163
22,93,0.43657489766581853,0.5357338277020517,0.03344837188124616,0.03875748201232166,1.9164505403794625,2.220640143860236,0.004832189211914962,0.008067004114493286
22,94,0.39127536570857246,0.4999239306377858,0.07242834605347252,0.08841423961285405,4.149838545976988,5.065762778674915,0.14641157334582222,0.18446086533416306
22,95,0.39447432078616956,0.5011521676979379,0.11697109436425131,0.1180467316842777,6.70195003209809,6.763579510822365,0.10092923097549689,0.12903097735772534
22,96,0.5325066817672595,0.6161684338224139,0.024366337941706142,0.02566747244769779,1.3960883262492472,1.470637842021408,0.011107453163258077,0.01158786479979542
22,97,0.560646740530015,0.6410955826443547,0.059425673422137934,0.06987041485303085,3.4048402818112513,4.003279883906847,0.05271551397746642,0.0671412636808727
22,98,0.397526139456693,0.5039684198163176,0.18577930020173286,0.19498547327521498,10.644369822453216,11.171844685030724,1.2545308069782477,1.3888753368775346
22,99,0.5047084046053649,0.59284523078004,0.14498239680667105,0.1484311305686588,8.306879440713235,8.504477329939409,0.10369649857283113,0.1216264280318379
22,100,0.5100252446327292,0.5972748889128958,0.0948157597086102,0.10279822985771998,5.432542862629925,5.88990471226308,0.07797888595560033,0.09749215387519015
22,101,0.4797168489624124,0.5714428542436293,0.07091480757271847,0.07684385817891143,4.063119178899138,4.402828755153477,0.019542373860315557,0.029409143298796597
22,102,0.518105598254211,0.6042669343853423,0.05783805426698549,0.05519371016305505,3.3138764047468907,3.162366648011373,0.014820059752070118,0.014499354717123167
22,103,0.6797277472107396,0.7489104537810071,0.051459419663903966,0.05276408960930455,2.9484075629342144,3.0231596444632314,0.03660451521376739,0.03479451251982714
22,104,0.4659357511017744,0.5600011606390188,0.1123257440841654,0.12112326571771646,6.435791066689252,6.9398519264667655,0.24548710248191052,0.2909391846979871
22,105,0.5860195960199526,0.6635894729693125,0.02179140161060986,0.03478173653742842,1.2485553419625295,1.9928467077306182,0.002208510285834415,0.005526780899806329
22,106,0.4579926517577741,0.5527840756073917,0.10546858411773712,0.11188433930510822,6.042904741166842,6.410500435792371,0.18155114507274023,0.21915448678732277
22,107,0.376638297129503,0.4874301996207401,0.08531061152191453,0.09478833469494788,4.887937987885835,5.430971525093985,0.19747951956939905,0.23245623796057702
22,108,0.43080514374802187,0.5306697879274079,0.05307998742737801,0.05886962900140094,3.0412592561962324,3.372981283281225,0.09412008576502137,0.10694532965341827
22,109,0.5614042258024752,0.642582116854367,0.04812369730315567,0.05871176068316194,2.7572847500359217,3.363936094927302,0.009528837572709701,0.015026142113680214
22,110,0.38634534584802427,0.4949779647367231,0.05836661720760559,0.06561200538582178,3.3441608304514463,3.7592909939972143,0.14067920985455493,0.15363367906367237
22,111,0.4743558772336559,0.5666469659838784,0.04176637286588815,0.05034141595652772,2.393036890785112,2.8843506690215763,0.01779228480982787,0.027017753113857162
22,112,0.4351300022595552,0.5340371578011074,0.25620319891468907,0.25901951772176324,14.679361995562397,14.840725176971066,1.32723487331356,1.4845731341862918
22,113,0.43720903171620795,0.536245574475701,0.024388421757312182,0.03658550289245702,1.3973536356790186,2.0961949071014527,0.013295656073554773,0.01618983373396981
22,114,0.37839800357887693,0.488965878700675,0.13674353421070135,0.1459799964431997,7.834827385975974,8.364037689530111,0.8030060917902968,0.8523033426069466
22,115,0.6247872445418157,0.6988631224476015,0.047857009029605956,0.051142151475650065,2.7420046375158926,2.930229434773504,0.014939304243603704,0.01451442383346671
22,116,0.6915349832868583,0.7605533039593241,0.0713627694569031,0.07368205799038388,4.088785504245646,4.221670948687181,0.05337904092073273,0.05033383087646326
22,117,0.48143646174562943,0.5736237803661274,0.09427920081507316,0.09406499680609423,5.4018003025700425,5.389527316900768,0.05881943945100216,0.05830975456246131
22,118,0.5546626848518521,0.6363758683577646,0.1766998319683053,0.1806997910841829,10.124154612454715,10.353335388019383,0.18525382414861225,0.2223380879421803
22,119,0.37221269831288634,0.48411450781054177,0.19426136835483557,0.18794564255504176,11.130356529168326,10.768492096278255,0.1282622612607476,0.12259719038415809
22,120,0.45371418674114056,0.5528834665914035,0.23586606401897714,0.23116192121096396,13.514129998649874,13.2446024695239,0.14453937391728333,0.13620309453850737
22,121,0.49075876320684986,0.5802103717834537,0.0808787791834042,0.08904772908999495,4.6340126993796,5.102059052081037,0.10684372278360943,0.1257305006036933
22,122,0.36533852552592616,0.47898776156700645,0.09534365123543885,0.10361045126745119,5.4627888191579235,5.936441571070844,0.16115902586767908,0.18866185785362072
22,123,0.4877544854852126,0.5790382725789021,0.2872246630125531,0.2788347560746719,16.456760962686616,15.976054704638493,0.42234361938878057,0.3934627236249655
22,124,0.5538646059183139,0.6377427218832492,0.14928277425337724,0.14925533360773588,8.553272918722746,8.55170068554038,0.043739014555894865,0.03552615593935354
22,125,0.5049141616114622,0.5936206806218418,0.0396187995372269,0.04674486775719224,2.2699900028579605,2.6782836363842777,0.004012244572817306,0.005127761758246949
22,126,0.6398189314176916,0.7129825671563069,0.049141860195311866,0.05970709435414204,2.8156211866133054,3.4209645134817244,0.007270126791518998,0.011663593004373795
22,127,0.5639395286954464,0.6456342076658631,0.05889474511277796,0.06872299008372207,3.3744203304609086,3.9375372873166827,0.007544996640422793,0.010241057996467795
22,128,0.49194241394540084,0.5811262552369018,0.11029108624705253,0.11435332803118602,6.319213759869467,6.55196306946201,0.12001049655870111,0.14321401639659395
22,129,0.5281958679059872,0.6135257945735922,0.03200445121542736,0.04551590313209504,1.8337199802763255,2.6078691501953304,0.0017243396149469884,0.004892866153405697
22,130,0.47494279369402015,0.5680419385773531,0.06384504998341022,0.06369470158556753,3.658051906851192,3.649437578198252,0.013164650928219754,0.010392444370215432
22,131,0.8498144007271584,0.9060774061020923,0.10083466092859336,0.09690384076583983,5.777400499841102,5.552181094490397,0.058645200561847986,0.050855319533569115
22,132,0.5907610877168468,0.6683295374392549,0.052611597817841776,0.0651096142167006,3.0144225084020255,3.7305061003419278,0.05731319060230053,0.07097336295352087
22,133,0.6484032676400041,0.7202473562599142,0.08008205502513771,0.07874490732464082,4.588363767674816,4.511750847850721,0.024175152007367112,0.019855435578513412
22,134,0.48561757995999477,0.5751944106848972,0.10657552406600009,0.10756329976374504,6.10632772837674,6.162923106963116,0.08245814593796451,0.09744706914508144
22,135,0.34765237177680436,0.4652808166057397,0.9484007270500019,0.9565693003745311,54.339358947103875,54.80738372324255,3.7151648133161888,3.884023509507644
22,136,0.4941395477597368,0.5834616739032467,0.13488315516274638,0.13768375873475514,7.728235518233588,7.888698282998953,0.06742959501428225,0.07882224181803044
22,137,0.3748967548882425,0.4859225644970557,0.239671208266101,0.24597251390707467,13.732148704448557,14.093186923098326,1.683705490165027,1.8635500709694632
22,138,0.41110247094561725,0.51458495960606,0.1268258728722753,0.13218226836136024,7.266587248644095,7.5734861035715735,0.22602216695108857,0.27948305802238677
22,139,0.47195840591368254,0.5648228756803655,0.08567380200058676,0.09064127200789722,4.90874726947309,5.1933623357498,0.029572127664912504,0.04177396459412231
22,140,0.6298470749224696,0.7030903669088475,0.04322468259497151,0.04377331359159519,2.476591883484455,2.5080261241010477,0.01215221799409931,0.009790669089182259
22,141,0.6610862872534445,0.7329480659190697,0.11957524540546326,0.1189104423187112,6.851156895974133,6.8130664848959706,0.042846317575665364,0.037606916157042786
22,142,0.46216384300262275,0.556869195615991,0.032992057192398415,0.04448716148680299,1.8903056345786613,2.5489265957107516,0.019461306794984118,0.029695272366702972
22,143,0.45687829401500085,0.552211028005718,0.16398818235985063,0.15751347121381554,9.395830739241138,9.024857117007015,0.24438196682954993,0.2296836316154063
22,144,0.3993847347237224,0.506893143190425,0.14711288185907928,0.14410416878940577,8.428947242531935,8.256560681873792,0.05055619328678793,0.04137026773023746
22,145,0.5541707236600479,0.6369959782839589,0.11322806161014877,0.1128748518045114,6.487490052708785,6.467252621563127,0.052588593875485305,0.0471410805897361
22,146,0.5451265019578307,0.6273042221999001,0.051637123754386956,0.056016733379003626,2.958589257321101,3.2095224047265107,0.007480458158881861,0.01309028911689222
22,147,0.531585414958294,0.6159663790023425,0.04130061027824828,0.045504697547485935,2.366350660258255,2.607227117490252,0.008179300916365987,0.00985891041754326
22,148,0.6307620557316245,0.7043639328569344,0.04183478918156827,0.046098447485498704,2.3969568569234174,2.641246483024538,0.021140674487608882,0.021009502251875048
22,149,0.3921158311733859,0.49903069150983453,0.16714181298206857,0.17172380614468036,9.576520464037442,9.839049334012897,0.7136988824044151,0.7656628858228622
22,150,0.3558427109859438,0.47151803340584286,0.2526250588304778,0.2611207983827504,14.474349670230508,14.961119690418089,1.618871068530308,1.7969700710354728
22,151,0.44124900725574534,0.5390132608701547,0.027763162280529562,0.03922100971591944,1.5907120246111457,2.24719832496378,0.0377166579360821,0.049195585819882134
22,152,0.4366027175202871,0.5359037435527718,0.050254991373214264,0.05417982166265295,2.8793989051515387,3.1042751160414848,0.03263756114339886,0.03855135517897783
22,153,0.5483256520310913,0.6308686858749932,0.05390835261608512,0.05518707495761242,3.088721085404708,3.1619864787433083,0.04288735151977638,0.041756095194455
22,154,0.5016954349683442,0.5906379962613063,0.03527045441160137,0.04816877885763854,2.020848179293334,2.759867732841679,0.014913185171482095,0.021978048134456293
22,155,0.6166696314288659,0.6913807066910436,0.10266983372297392,0.10685686081815228,5.8825481556363375,6.122447136896978,0.02974314491806638,0.03925365785967273
22,156,0.45291187479149986,0.5486126682815783,0.1794048892965989,0.17945537162898884,10.279142980706872,10.282035405292794,0.1816039298484279,0.21417712144516493
22,157,0.5963280092579497,0.6743227133515803,0.06821434805826948,0.081907532277277,3.9083942459752636,4.692955909819537,0.049365603922810156,0.06577509527506581
22,158,0.4439132637723143,0.540917899924232,0.14699306129816117,0.14964068562957517,8.422082030092437,8.573779730018606,0.34288348483909553,0.3827452727810107
22,159,0.4068139783609147,0.5112101316772649,0.07356703438240296,0.07951829553248906,4.215080581405506,4.556062728085612,0.1401403067774093,0.17275784970306668
22,160,0.5369059142046974,0.6207165927832573,0.03660408242869199,0.044333276151931604,2.0972594361130272,2.5401096154936638,0.01845925262530499,0.023425514270719677
22,161,0.3889367446213398,0.49708144558255385,0.07606202968694518,0.08493949479335752,4.358033282260734,4.866674565632817,0.1576286760306282,0.19502970550819843
22,162,0.41837116664002755,0.519881199717894,0.11616745586229398,0.12024076740463822,6.6559049376817185,6.889288497699967,0.31085099527530125,0.34566001917862443
22,163,0.4717407943281758,0.5653810414172783,0.09910292161459146,0.10999152163445708,5.678179145931913,6.302049971876277,0.4003299107172755,0.43338932030389854
22,164,0.4889891012610346,0.5793054034360471,0.12112029888470623,0.12943135943396758,6.939681939456759,7.415870632207114,0.21888188761613991,0.2621409927887879
22,165,0.44428160543137457,0.5425042602385147,0.0964197347706723,0.09386121348655356,5.524443864130317,5.377851392755922,0.02545697355233878,0.019821541391935343
22,166,0.4820404654926524,0.5733949585656687,0.022569927076779378,0.0323228499054356,1.293161565417498,1.851962881416292,0.0033271708210004976,0.00811002507402797
22,167,0.42431777877946986,0.5262793910538026,0.07900750738271146,0.07810373989623724,4.52679672287806,4.47501466024194,0.047848955085962354,0.04549179493137706
22,168,0.4797694453037603,0.5713636950666612,0.07104749415549738,0.07598935932736679,4.070721560090383,4.353869577361193,0.01627676777535761,0.022431770458451135
22,169,0.5158092451453815,0.60142153633594,0.0319552611882897,0.029782269856806976,1.8309015993272038,1.7063983671147303,0.012427031363445085,0.012794646319557353
22,170,0.43881916356250483,0.5372098191748251,0.04726243400247462,0.05178796509818732,2.7079379978573903,2.967231829696943,0.032014196813676496,0.040265906026969764
22,171,0.5068258554664056,0.5954021897148304,0.040900929737179514,0.046413014033988856,2.3434506521015095,2.659269818629021,0.01428292548652813,0.014978963273458028
22,172,0.5144894187036563,0.6009970710821387,0.06471793167980369,0.0762867162936105,3.7080643440687577,4.370906876535772,0.07474767930610887,0.09398526596053815
22,173,0.49378280489456494,0.583682868847948,0.059984075069222015,0.06342362928436328,3.436834339462323,3.6339062793963497,0.02801811032574348,0.03266486142099644
22,174,0.43700661810716596,0.5366260903669122,0.09445552572023247,0.09562866988542211,5.411902975458716,5.479119184884481,0.05108866362072009,0.055450460604125985
22,175,0.37591461798757314,0.48737769363877814,0.07982955499786451,0.0930921317571737,4.573896581785124,5.333786255561833,0.10065028279992919,0.11928366160708148
22,176,0.40753391455228727,0.5123981647748669,0.0556351605264056,0.055371845414890826,3.1876598906958766,3.172573046124063,0.019388134601932453,0.01877933877151195
22,177,0.39422746131543407,0.5008645584614289,0.22444484717962468,0.22841468008964838,12.859742476851233,13.087197147967728,1.2191295754280318,1.3486360831159012
22,178,0.384543540643126,0.49325652442548373,0.338445389624115,0.3411164397205811,19.391492421122535,19.54453231851805,2.688920398363921,2.8854257901403795
22,179,0.36279808395003604,0.47695095072495575,0.08638670593101094,0.09405349569686351,4.949593655884684,5.388868351882129,0.20729106990743762,0.24140996765922954
22,180,0.4816833996838596,0.5747263828493704,0.13916327315353033,0.1355916678458204,7.973468214923522,7.7688303047052205,0.03992534310003236,0.03134558130906842
22,181,0.4539627685308879,0.5496558316446936,0.02324842094513991,0.031518335984920376,1.3320364005000611,1.8058676292112463,0.02236667081196037,0.03028156952489044
22,182,0.4157898308858771,0.5190543578136997,0.08186963944870988,0.09276978926706676,4.690784810668828,5.315317391320968,0.20247475474735216,0.22535582130761325
22,183,0.34907065499386863,0.46657664459430376,0.30289696301922214,0.3120539618338056,17.3547176083316,17.879374993413535,1.351859014896784,1.4681801606661593
22,184,0.590811047425101,0.6690288855304116,0.047184982875833226,0.053665089471342624,2.7035003751823057,3.074783133899883,0.01062611338233384,0.01183497981361024
22,185,0.6670378793482282,0.7369631783589576,0.04127955842277065,0.044403521631994305,2.365144477788468,2.544134385031127,0.028093836930388867,0.026107879442884046
22,186,0.6539898669274458,0.7257210392153065,0.04399600029152995,0.05549005516166005,2.5207851321610057,3.1793459657112497,0.018093786128847107,0.02518447810093663
22,187,0.4875055974299043,0.5776243019117568,0.08314458908395055,0.09247036221799271,4.763834043859862,5.298161485136968,0.0909387346691318,0.11260326422234349
22,188,0.4491429150416845,0.5463753696771856,0.05994757533842807,0.07308928657060272,3.4347430589344663,4.187707648117742,0.04855547102813355,0.06845237207304955
22,189,0.5456428262690428,0.6282338561330937,0.03682176237022281,0.042042242667618204,2.109731578047398,2.4088430661193545,0.005569606256082285,0.006365009768669703
22,190,0.41904079947731704,0.5212138256131834,0.04827341137062208,0.05790084093825989,2.765862734235484,3.317473816020589,0.09760645104816779,0.11143253571446836
22,191,0.4030775856795176,0.5086431720007455,0.0760388361172535,0.08088050730392171,4.356704388605557,4.634111713391743,0.0643176395091442,0.07419099335787363
22,192,0.38603750961954986,0.4950778058517347,0.1601008073951698,0.16624807900678565,9.173100560380108,9.52531327924628,0.7658345817065902,0.8025398755820796
22,193,0.5724145071571336,0.6512627558951625,0.07199710298078892,0.07933031233983551,4.125130137967964,4.545292084527169,0.058532164009607486,0.07416298888236854
22,194,0.6236151763035619,0.6972404520960073,0.032740542502392146,0.03639108253597845,1.875894904355761,2.085055441223802,0.009158679094405757,0.00856786213440532
22,195,0.6756945630369894,0.7451663192113842,0.058682450161560124,0.06242870272851182,3.362256725744191,3.576901186820574,0.046040832164312394,0.04506735688472626
22,196,0.49309412718685847,0.5822371097302184,0.0383437903905548,0.04584536558116375,2.1969373599130724,2.6267459580350114,0.009019285883286432,0.015281723158701046
22,197,0.582485361808203,0.6611272058129744,0.07915789977089822,0.09024816942813699,4.535413571992055,5.1708392170138335,0.08537731293323833,0.1089028905263638
22,198,0.8822090914427466,0.9404968359992978,0.23944297924357974,0.24068910131514604,13.719072144695692,13.79046968015454,0.36739615770312317,0.41319762697925044
22,199,0.4832601503571033,0.5794123488949571,0.19152790112667015,0.19227048515117423,10.973740393557124,11.016287324095048,0.08831980690264747,0.08834700532900026
22,200,0.6159683393218097,0.690107233010686,0.013941075834425167,0.02728938503337334,0.7987648071843845,1.5635665879197678,0.004915114162872101,0.0069059549781812874
22,201,0.5554554238250783,0.6380924468498093,0.06917878211326246,0.0820098802795659,3.9636522469450495,4.698820018392286,0.060345012596338315,0.07597442359658742
22,202,0.473893335847494,0.567080975206228,0.02995606305639061,0.045776238883921405,1.7163559839589473,2.6227852900313464,0.027931178193440685,0.038774530801259144
22,203,0.37649393961692484,0.4881009691640499,0.1560197339034195,0.1601330135156267,8.939272273420098,9.174945835156779,0.5850654286592915,0.580297143027937
22,204,0.7470884259901168,0.812563391510416,0.2359924790094359,0.23667271887649854,13.521373044070348,13.560347917509578,0.337021234891487,0.38040907021137327
22,205,0.46346771873916814,0.5598357513352005,0.08580376466850913,0.10029076914922713,4.916193581839302,5.746237796371557,0.04487250854878867,0.06384977536991869
22,206,0.44485593739959967,0.5425137772799922,0.03947681412767003,0.052250531310976,2.2618548381379155,2.993734921435085,0.029858049901826264,0.04089815255587824
22,207,0.4671327042050459,0.5602463175280633,0.09006098987490209,0.09301729053660848,5.1601146186023295,5.329498169489838,0.023968589726335802,0.03341502661881668
22,208,0.47217880132873574,0.566151614752773,0.036146617222130493,0.05031673842328027,2.071048610502973,2.882936750517704,0.006540980247417987,0.011160472928871268
22,209,0.43203396148604395,0.5326177128598868,0.09474575933593031,0.09733593760541719,5.428532136711024,5.576938419739121,0.023491329618410432,0.025037465797470543
22,210,0.6287596429541658,0.7018815038367334,0.07836156376302314,0.08050556504474173,4.489786879666515,4.6126291043796295,0.028032746685804195,0.03359268798573282
22,211,0.6154357397123111,0.6900627363642966,0.13157269552637946,0.13222999940996824,7.538560152821351,7.576220891208546,0.04100655910446678,0.05094302864408781
22,212,0.5051341469314545,0.592944970251725,0.03687186640283664,0.04577380443571807,2.112602327652756,2.622645806423852,0.006086944575970938,0.01273398706955171
22,213,0.5046549847250665,0.5933585864552239,0.0691714017493159,0.06931413936560805,3.9632293832396406,3.971407646230939,0.02234504650541902,0.018881532858602817
22,214,0.5065266980288163,0.5948183401620527,0.05414050058955466,0.0671479798295957,3.1020221845070277,3.847295847065414,0.016113305519788686,0.026103021660579873
22,215,0.4703005670122027,0.563179760083028,0.10447281524890326,0.11060393825402719,5.985851387612145,6.337138859481313,0.09763356342608553,0.12617538304055856
22,216,0.4250199761979825,0.526452970916756,0.11209976953216028,0.1101807344171075,6.422843678581999,6.312891065752073,0.05068659822163941,0.045495911660891404
22,217,0.5407769219843045,0.6238541422231005,0.04704213500442774,0.050990898593266845,2.695315795038344,2.921563282973757,0.012894023269973912,0.016883183897618503
22,218,0.4594417640677865,0.5543075493973333,0.05112907374528744,0.05778207464024872,2.9294801360181153,3.310669008396156,0.06965830605291967,0.0815949625396037
22,219,0.47999502026227603,0.571429866155542,0.030356857900533368,0.042828691946724985,1.7393198369789309,2.453903290613279,0.03263086853432395,0.043356386801086534
22,220,0.4894885314604688,0.5820047088203645,0.12763265181107475,0.13135207331287363,7.312812276837346,7.5259194311206326,0.02316051367078189,0.024128049700913527
22,221,0.4410417954940557,0.5410298415093433,0.11662802081273738,0.12198000228329402,6.682293365533777,6.988939315828892,0.03735055206066797,0.03604143541127758
22,222,0.4786818930245072,0.571925507786103,0.06635094326269898,0.07030501885329886,3.801629015664636,4.028180858881707,0.025603041004021325,0.024899342493638694
22,223,0.348545659509422,0.4661489981551895,1.790343295781535,1.7982462086543038,102.57911472782396,103.03191828129322,13.45504758296142,13.597233786665193
22,224,0.4316819361891459,0.5320380655487905,0.052887298172410245,0.06010301005738307,3.030218975129059,3.4436488123203897,0.01092355665399334,0.01443441003804204
22,225,0.5566968616002648,0.6381886752852965,0.06703086112600865,0.06521271914044728,3.8405854396478323,3.736413577319631,0.04582778884789938,0.0417390882691205
22,226,0.37284062031029475,0.48474815019048917,0.07389230335112311,0.0827718634119227,4.233717120519744,4.742478435936489,0.13495539658527075,0.17311208510620463
22,227,0.4766743965952928,0.568904226752624,0.05893401182479691,0.0688930339930591,3.3766701473349503,3.9472800856535994,0.046865355746225634,0.06311832365741353
22,228,0.46950793411306546,0.5625536609288134,0.07650442901471627,0.08394660850798331,4.383380896601441,4.809786371944453,0.06678214706003563,0.08773932953198296
22,229,0.43319851219976535,0.5318534017689966,0.16904248992778761,0.1731509975902729,9.685421231244959,9.920821380402524,0.6272759088973829,0.6963909578690839
22,230,0.363352424169283,0.47736034060394583,0.15310863593768484,0.16050361462803306,8.772478646234383,9.196179714780516,0.5411267409413053,0.5652853210281625
22,231,0.487261530499061,0.577404545642493,0.04313552068314938,0.046538791775377786,2.471483282243729,2.6664763523672947,0.004853370912088189,0.007680094623547899
22,232,0.5649575831115772,0.643844835678507,0.11183623087829925,0.1133124052857245,6.407744025977203,6.4923225893478955,0.066473161313259,0.08030122605751285
22,233,0.38137425441501704,0.4914431564540499,0.11012485229776887,0.12291387226094903,6.309689256163723,7.042446124162502,0.4724044322247193,0.5400562442317666
22,234,0.4667826551614744,0.5594916327073167,0.09714742465154128,0.10042299895941295,5.566137423098487,5.75381400642102,0.1089690440916598,0.12609169953337857
22,235,0.5254948448225325,0.6108159952705142,0.08153855108390748,0.08784370872767593,4.671814844719763,5.033073766872345,0.026366512451267025,0.03680763323945042
22,236,0.5833624577632769,0.6614801852878724,0.0502330949778473,0.049162130566263985,2.8781443341104618,2.816782593318026,0.03958358689439904,0.037645141043271164
22,237,0.5590486128754967,0.639902326147024,0.03252233420150021,0.03545789437855029,1.8633924896599323,2.031587698311579,0.01753268921773484,0.016323104218695945
22,238,0.4162615937563414,0.5191831861573004,0.08555275790115986,0.09772287395330817,4.901811953440967,5.59910823941348,0.1677301646148954,0.2069951306284319
22,239,0.46698473242740585,0.5600652759075903,0.09438717825521248,0.08615249464739808,5.407986954172652,4.936174337819325,0.02675667130754643,0.018577955191872872
22,240,0.4138787778229281,0.5171346130002511,0.11960978668008271,0.13065672763237904,6.85313596522883,7.48607905832564,0.34023702720468285,0.38617953724798465
22,241,0.4991296110614799,0.5888093877119864,0.05434370865681234,0.06103165828418465,3.1136651491239027,3.496856436368428,0.01143818777612839,0.0156645418447129
22,242,0.8343412132046665,0.8965417417357329,0.3113478995326844,0.3109000897717988,17.83892060348599,17.813262994162482,1.3255862830904788,1.4905660429422782
22,243,0.40088469358135137,0.5062223624502326,0.06187030537968705,0.06920965574791846,3.5449073754416203,3.9654211759090665,0.14285807881884124,0.16612025726610985
22,244,0.40051469173033577,0.5055810565176808,0.1778084111050529,0.1845446916491148,10.18767151824661,10.573631963037446,1.2040355780714134,1.3026669004296478
22,245,0.4031599674252268,0.5081998811945241,0.14986786016362158,0.156844781289121,8.586795872032315,8.986544006519097,0.6354451819238512,0.7051247511447122
22,246,0.4685541733478464,0.5627324205442399,0.02582987590308407,0.03965599466805196,1.4799428745933831,2.2721211268726735,0.002974408980289448,0.006653002340956482
22,247,0.6035715324663382,0.6784747195173578,0.026660120392724525,0.033749289919032484,1.5275123798137742,1.9336918739239772,0.002531118903456267,0.006371480297141838
22,248,0.4118414681749666,0.5157799841878932,0.08368339052070307,0.08819763519106791,4.794705092181367,5.053352259482697,0.08762891209299511,0.09845702219884721
22,249,0.47751926011786844,0.5697166042306958,0.05264098346292915,0.05531404980919767,3.016106181843801,3.169261601843443,0.03270938716761234,0.03885022660458971
22,250,0.6052980378222891,0.680375730601434,0.02597239126728328,0.022921385514899122,1.4881084034777676,1.3132986505960191,0.0045447650305811115,0.0034259369366578425
22,251,0.5522014835249368,0.634686908896303,0.048579757138622524,0.06276833172959143,2.783415053813603,3.5963604951826795,0.02004857812825784,0.029366556560487117
22,252,0.4585325307573276,0.5546848779226787,0.07808476179869117,0.08860410549611253,4.4739272953493625,5.076641292459149,0.02451541653094013,0.035338811866940135
22,253,0.3923479970193051,0.4997289939761232,0.04404431629077227,0.0468848461542768,2.5235534350005477,2.686303807760229,0.028918632372780802,0.03560578309537897
22,254,0.5323715772603044,0.616414704071879,0.03614927753212416,0.04471464906891507,2.0712010350378063,2.5619606740574095,0.008377806236110435,0.012618322200164775
22,255,0.5159232097673083,0.602008235478596,0.09565122066528672,0.09657091360449307,5.480411249395452,5.533105773259957,0.020395808727017586,0.028239462617840425
22,256,0.4856487354719644,0.5771510104270479,0.058843007835309935,0.059931963482910806,3.3714560028184937,3.433848565502959,0.0391711199243565,0.03716560609055136
22,257,0.4524544292898485,0.5482407010767916,0.11958237472485118,0.12680697313103464,6.851565375885862,7.265504373237115,0.274926477090677,0.3113448717723579
22,258,0.6027183688163512,0.6789297742413959,0.05118118410106988,0.05578125854478613,2.9324658394733745,3.1960306905443057,0.03199523878147943,0.034497611507841724
22,259,0.4995612429749923,0.5889055030415645,0.08093328092571271,0.07969327123802737,4.6371354191899865,4.566088097530281,0.045235495607339825,0.040203161716071474
22,260,0.5597982258420517,0.6416004723879154,0.07781085809201341,0.0775932102423258,4.458233768963738,4.4457634657565395,0.03768192868324108,0.036841392538377704
22,261,0.5083324184215643,0.5964767984759776,0.03924401131282341,0.046076501777448896,2.2485162193884385,2.639989086574858,0.011043169762429757,0.01172090272525523
22,262,0.47808367146475295,0.5706081437337619,0.03570048221866504,0.051176897132102515,2.0454869577113484,2.9322202142446407,0.03219559149791533,0.04588214575663563
22,263,0.5473529256527261,0.6297348270317731,0.11078273912420611,0.11137265974708777,6.347383394715832,6.381183356654679,0.04345543287161914,0.049053899919963694
22,264,0.4205170720539768,0.5223283664183683,0.23662521280802798,0.2408631687187622,13.557626020284955,13.800443007732547,1.4798948398898089,1.6029909811341108
22,265,0.44547107204175734,0.5431214335376224,0.06877956612035138,0.07750562155430964,3.9407788554371197,4.440745003600126,0.049400120594550796,0.06393174488344244
22,266,0.3561180805300912,0.47179124115731497,0.1538568853758128,0.1629138084007371,8.81535018106215,9.334273645765172,0.8751045269039527,0.946270330625756
22,267,0.43442331643791027,0.5337661060367871,0.025651271751391973,0.0257603589928799,1.4697096104979115,1.475959849033894,0.006360136450724752,0.005554852478666699
22,268,0.4312773908039416,0.5310011317813199,0.06891060080409253,0.0686502319055071,3.948286589785319,3.9333685507799045,0.016755295219053286,0.021048803796222225
22,269,0.45408735469089095,0.5520114780477265,0.14020374519100262,0.14319134427094993,8.033082871372063,8.204259689530211,0.0718856164744945,0.0767061767931202
22,270,0.40566357195508834,0.5104648274841767,0.0285635340099637,0.0392461452175699,1.6365699467493084,2.2486384831242954,0.027163192994704776,0.03886465015810429
22,271,0.4675073626005051,0.5616746144160737,0.031777211436482135,0.0486467156274605,1.8207001000052785,2.787251492626593,0.011663959691555035,0.020342850340827855
22,272,0.5356787812012747,0.6204995608830587,0.07497789398542307,0.07775481613925313,4.295916882144061,4.455022801594902,0.03401102495194029,0.03596129413449438
22,273,0.6140673099501233,0.689624026726979,0.06702444426364906,0.06671333295132076,3.840217780516912,3.822392415361724,0.023568703795688227,0.019497787429057112
22,274,0.5300202027907452,0.6144331820297073,0.030858883700174977,0.041629309309792396,1.7680837965050755,2.3851837274957703,0.04413619286222309,0.054608668895333154
22,275,0.5002434820343732,0.5886336445844863,0.10485613751678148,0.10911630807747716,6.007814135754951,6.251903928888695,0.07359411223463663,0.09677793720142994
22,276,0.48925890603975514,0.5805413037396595,0.06741083374996565,0.07878388103539505,3.86235626733108,4.5139838769889025,0.09789651696590466,0.11231547256682012
22,277,0.3491396082666536,0.46642837287830713,0.42520094603482306,0.43303320901225634,24.362219652765237,24.810975265408732,1.709341083916564,1.853971310027148
22,278,0.6493728024776105,0.7203266531462932,0.04034741260765235,0.04126080711371012,2.311736456691407,2.3640701069189536,0.030886298603442445,0.030806141780861558
22,279,0.4109036496508098,0.5154054302268473,0.15183357756847693,0.14891569902171553,8.699423183045937,8.532241057184741,0.07513546725002561,0.07313161059544955
22,280,0.5987353475625816,0.682351888500539,0.3118103086316312,0.3030975346512122,17.86541469326409,17.366209516334685,0.21923031440608495,0.19200087970267865
22,281,0.47572992478007764,0.5677180093084647,0.0680198757098763,0.07324628067458626,3.8972518011803365,4.196702747684437,0.01642326770518645,0.025320647958389383
22,282,0.589087636506265,0.6661746719156896,0.02669315896566879,0.030937937809967803,1.5294053506046155,1.7726132633493683,0.0018795228680461,0.002093445954203595
22,283,0.402050730490377,0.5079954099934931,0.05244167805829752,0.06587071698247268,3.0046868233242616,3.774114076596402,0.05008098114966042,0.06437815888135591
22,284,0.7466506385540846,0.8153407428346667,0.16539478331354193,0.17566287312695048,9.476423037346725,10.064741247316308,0.3556124542634935,0.4175269584427902
22,285,0.41293025477417517,0.5166317775521001,0.08540697302076825,0.09751637658458985,4.8934590950777075,5.5872768117053635,0.14223559984850725,0.1819308719534806
22,286,0.4616483797772326,0.5567136899502388,0.08135769273061148,0.09159407222344726,4.661452424386216,5.247953766819972,0.15232484044264666,0.16963293018481312
22,287,0.486782324975567,0.5791913648573691,0.14009852788354984,0.13883010310682878,8.027054363723288,7.954378977387347,0.05529022479723189,0.05433592013281793
22,288,0.36141934251821844,0.47548081118848606,0.4203604311121167,0.4253447621069329,24.084878577024067,24.37045970672328,3.0017853079293992,3.1909440828654745
22,289,0.6475405791439979,0.721414979705736,0.07561819561639128,0.08120192577257873,4.332603463213883,4.652527635103348,0.05151349425758983,0.05605619483261464
22,290,0.4420909865167196,0.5419275094262579,0.21879834694749759,0.2135326777819551,12.53622184453071,12.234521225032951,0.14066798010517206,0.13246936691002875
22,291,0.3689379078426885,0.48154506446914486,0.06627661500947082,0.07256473194168117,3.797370320456083,4.157652881756486,0.08340826248384464,0.10091734435335502
22,292,0.5940837323930277,0.6721444066695819,0.09377719685451681,0.09583467186082453,5.373037594331312,5.490922228646397,0.04709830333972098,0.05180467246692573
22,293,0.4288881966034308,0.5295303693768737,0.03865221012327378,0.05129459221963134,2.214608508916423,2.9389636460294652,0.022752898972927746,0.03181438993800914
22,294,0.4997395577859481,0.5881926739567606,0.029473589646265747,0.031214539094514677,1.6887122938315082,1.7884613495618014,0.0020851432762022098,0.004035460222797809
22,295,0.40358227427624616,0.5085100311455214,0.06572177379232598,0.07539375147707908,3.7655802604137816,4.3197437612948475,0.12645411693684142,0.1477413594126709
22,296,0.47763319327926024,0.5695729394473773,0.04076982369940477,0.04395093042982328,2.3359388294683336,2.518202819301975,0.0029880563193877413,0.003229276305130672
22,297,0.46043054535003153,0.5547237322759705,0.03165810864058375,0.03342301179490816,1.813876012472093,1.914997514464208,0.03023574486709766,0.03759105860751189
22,298,0.43516038658013695,0.5345338287501591,0.04414008539408059,0.04346611517044556,2.529040600427867,2.4904249510960916,0.03237330679449922,0.03118170494849653
22,299,0.6007986835830155,0.6765421477451469,0.03919507088685038,0.05156436782097738,2.2457121395326114,2.954420649402197,0.028322854707396684,0.03852672885415846
22,300,0.6318409888356297,0.708534098005168,0.1608539509558433,0.1580874879998867,9.216252507774154,9.057745856218556,0.05236068182787906,0.04262681513711862
22,301,0.5561886235195145,0.6361262872368434,0.0598245315303025,0.04997997496106226,3.4276931680336533,2.8636416254383987,0.00845343060107101,0.005667518458629643
22,302,0.5380521491725172,0.6216452153221406,0.06798834565610536,0.06922846971271836,3.8954452621714406,3.9664991366880087,0.014168397022470934,0.012497905824560594
22,303,0.5942480019768468,0.6711172729480083,0.0925461727777734,0.09595798537322414,5.302505110254926,5.497987572463829,0.028193205119259233,0.036131371248714635
22,304,0.5320434053498488,0.6161754097871883,0.15317823230831537,0.15635199382877138,8.77646622454094,8.958309364844093,0.13618327472116215,0.1652450930632567
22,305,0.38818358212768317,0.49685672164360023,0.05731207038434992,0.06683906821035904,3.2837397481799684,3.8295965150406013,0.029203715489019857,0.043373846158859836
22,306,0.49129312378978357,0.5809900137106199,0.08975551744411757,0.09338153600430683,5.142612337560775,5.3503678974957225,0.02303622159891692,0.03145313699886711
22,307,0.5225523025288449,0.6073202074740035,0.11788668611195913,0.11532633172554287,6.754409574998754,6.607712074599295,0.026899682388066344,0.03109288265270317
22,308,0.3915498472106106,0.49900240597408546,0.22931673621031082,0.23540073140267212,13.13888115656563,13.487468403665815,1.6325284189828404,1.802411094562926
22,309,0.34974659528721735,0.46697058174089817,0.46969006607865754,0.4769373587277832,26.91125846552783,27.326497747218916,2.3854161870120953,2.5655985632238445
22,310,0.40158532261656915,0.5070993400479024,0.06712360694920701,0.07461058738063273,3.845899383884565,4.274871763902295,0.15290566334814362,0.18870275655664445
22,311,0.4132795972787367,0.5178896084668839,0.0845567935512687,0.0908811523873836,4.844747399646713,5.207106469082366,0.04157644390855677,0.050201763522139745
22,312,0.48206954497637833,0.5730800141130548,0.09098866792157413,0.09523603559958027,5.213266655423578,5.45662289741361,0.03155865538773168,0.043474108594250604
22,313,0.37767340637460395,0.48791371266724504,0.17485729556201388,0.1804667801725614,10.018585052775014,10.339984846202976,0.8473732849353868,0.9244259887813191
22,314,0.45221167679586993,0.5500398328403884,0.11123415901296091,0.1142988886829908,6.373247849129747,6.548843924570981,0.07574296417898962,0.08127280213879673
22,315,0.5277416512699048,0.6131521896141893,0.07039622400957304,0.08037738036853954,4.033406529406049,4.605284663434993,0.021668601784336758,0.031801650086099136
22,316,0.5533490481229119,0.6352663088702198,0.062461291806298926,0.06312612299642906,3.5787684034359986,3.616860424719115,0.013804328815082912,0.011702964850695136
22,317,0.43400298450989894,0.533016026808468,0.11268877796998411,0.1181299909776001,6.456591376166898,6.768349916934979,0.18734782755672374,0.22504502649241415
22,318,0.358249462357987,0.4732977142492879,0.28165972937890943,0.2904530155414766,16.13791375220843,16.641731937374317,2.187695741404935,2.3688474526472354
22,319,0.4006485040818173,0.5061693653320517,0.23719493347564782,0.23874219980891076,13.590268610040948,13.678920440719596,1.0768546391333358,1.1791305762113156
22,320,0.48879347059032724,0.5786238219566772,0.07960663995207552,0.08293804420681486,4.56112449047145,4.751999894119939,0.039362785098582,0.05055648467401431
22,321,0.5223760808112456,0.6112929080352651,0.2329119552113042,0.22481852280308567,13.34487203174779,12.881152512982467,0.13019808452063059,0.10996296771555758
22,322,0.39980391481086486,0.5073221338636639,0.2725531959633504,0.2657415537066517,15.616147821502045,15.22586946864024,0.18984144216827042,0.17649325982394976
22,323,0.47383389387342034,0.5664289469008704,0.022115729827321268,0.03541053296971482,1.2671379799570976,2.028874089473512,0.025333932245541126,0.03570089843109348
22,324,0.42259457546752616,0.5241768059390298,0.0286909881407235,0.042764970501481536,1.6438725305233535,2.4502523207363556,0.024247422761367595,0.03615114482431736
22,325,0.37347722144341855,0.4847223500590409,0.159039172535617,0.1644613350392804,9.11227336354377,9.42294039083777,0.7402105224986771,0.8065310999569277
22,326,0.3515656565977156,0.46818645663563985,0.6873115776107986,0.6943003497334268,39.380052607577085,39.780479754182366,3.675218030594411,3.8510090770424807
22,327,0.42126829670591026,0.5237993014568152,0.07201349503752472,0.08544910306093348,4.126069333636464,4.8958729685698925,0.1512005893713513,0.1818047750021721
22,328,0.5224992718065931,0.6080439610919031,0.11950835164654112,0.12444414431993235,6.847324165912129,7.13012425464904,0.056492768450558686,0.070143035651935
22,329,0.44088183275884696,0.5388956652635553,0.1371798585853498,0.14328699291699032,7.859826931142016,8.209739953264465,0.314164412853877,0.3655714030282682
22,330,0.4843897971883282,0.5747430624473557,0.12089847012115894,0.12370333831730924,6.926972087530894,7.087679197260779,0.111961820719166,0.13484179333487029
22,331,0.4971461744658454,0.5872959360124551,0.08326036698217529,0.08828708392889485,4.770467628789035,5.0584772946429535,0.0546949607457605,0.06300745530380394
22,332,0.45631396260707763,0.552361537282187,0.0638639583455233,0.0760673296561852,3.6591352761977767,4.358336948129736,0.05576502524933809,0.06978837907957088
22,333,0.6649898857457852,0.7352798600694843,0.07781245992193754,0.07578213720618691,4.458325547057888,4.341996624395838,0.05572507797765327,0.05111353484112521
22,334,0.5450383831626199,0.629909847174026,0.16794591374343754,0.16184550980429094,9.62259204396714,9.273064644929057,0.06892162101611758,0.0553372177832791
22,335,0.4504767477967374,0.5480833297351606,0.05371652370647019,0.06427933725347533,3.0777300984951754,3.6829347345221812,0.04776062906302111,0.05982430794197617
22,336,0.5689240451546336,0.6491631783155046,0.05666709375271985,0.0607342198471536,3.2467853093030015,3.4798144692615813,0.017962786333649387,0.021847501589640855
22,337,0.704974323693432,0.7721332813688081,0.1607665060858324,0.1726757497540501,9.211242285782461,9.893591685164234,0.032741941447191496,0.04028350850365535
22,338,0.43061778817362395,0.5307853199751236,0.028126905480781176,0.03842882182632497,1.611552974812145,2.201809302308641,0.011319222513052927,0.013415026982345108
22,339,0.41889078899557014,0.5211002879947373,0.05338219899438685,0.06101979157394841,3.0585747035058737,3.496176523955187,0.0766478144547578,0.08920024873045228
22,340,0.42728252288306245,0.5278635246397513,0.06621250673838157,0.06318882274274175,3.793697187090788,3.620452855559373,0.012045716882370189,0.012775115823424013
22,341,0.462050442029897,0.5561582039675705,0.043118270201545406,0.05139546745566823,2.4704949024532534,2.9447433713117652,0.05577777880066449,0.0700011942741542
22,342,0.501263326026556,0.5899545587781643,0.11857563758833034,0.12761582807327676,6.793883586884132,7.311848347665887,0.21782660411888313,0.2646695481641729
22,343,0.5337151729006444,0.6197631835341827,0.08976739832374236,0.08912253506220316,5.143293061820178,5.106345118570941,0.08153508589990902,0.07851549969055886
22,344,0.5760191906003327,0.6554363052745323,0.04858943254301691,0.050874332021056186,2.783969413650484,2.914884510353779,0.07143000947232069,0.07006456846118832
22,345,0.6924878030667739,0.7589998248435449,0.04240166505323077,0.05158930970994075,2.4294364518774785,2.9558497143728824,0.009567063961504557,0.014649332382664314
22,346,0.3964482494233746,0.5031981975564539,0.09175866365463123,0.10016404491090229,5.257384161170831,5.738977032353533,0.20226679715792148,0.23038328283514037
22,347,0.43887457398701707,0.537557934163252,0.045991102173056256,0.05662958834588576,2.6350960496710725,3.2446364077824867,0.04623727851389429,0.05721195750313429
22,348,0.5666622940961543,0.6466057196689339,0.14381733851131184,0.1494627398621179,8.240126517502446,8.563584188561087,0.1922792186189401,0.2314412507956649
22,349,0.6783262454703658,0.7466770982843153,0.09159528199995773,0.09434152157770188,5.248023081908176,5.405371019244705,0.028324042339772933,0.03609875766527609
22,350,0.4502105172176357,0.546235407464014,0.19021623373796195,0.192471643666827,10.8985873880592,11.027812858055068,0.49479179343557833,0.5396014405489916
22,351,0.5909523373799297,0.6677938732783357,0.11114206040989694,0.11245055768996941,6.367970987875131,6.442942359527631,0.028042563518602896,0.03651627552768773
22,352,0.8015179751965205,0.8626585548444077,0.08085620257865433,0.08196550137871747,4.6327191552116975,4.696277294674242,0.06919944118006943,0.06940433327844446
22,353,0.3759719087192166,0.4866677432470206,0.24856611855793354,0.2531514419345063,14.24178952331804,14.504509200498335,1.652343571621069,1.794756271488275
22,354,0.43299846166665396,0.5328904014733123,0.13806419793773267,0.14980544491947662,7.910495843690886,8.58321974196553,0.3552203457694252,0.39397068309759886
22,355,0.40920573550696593,0.5132998263391385,0.048146896536310484,0.05943073451465618,2.7586139681836324,3.405130261052272,0.045648894387943235,0.06335311981504627
22,356,0.5188797446342237,0.6043126431122939,0.11923791374154588,0.12310096896393388,6.831829215335541,7.053165975604346,0.061212717266556374,0.07763184316359066
22,357,0.40893922991081916,0.5134628509332178,0.042631366229445376,0.053210971375370245,2.442597359823766,3.0487640836001484,0.032829480821360724,0.04654789266181994
22,358,0.3841160519799533,0.4930380191763271,0.10460265202012665,0.10558612845411125,5.993290486628852,6.049639535546746,0.1446871302776051,0.17469036225775614
22,359,0.4813636322763731,0.5730762039100202,0.1155183374790854,0.11002385422141178,6.618713193919511,6.303902492649521,0.062283281303347586,0.05352895350891833
22,360,0.4121919941216004,0.5164900159206839,0.1744096330551959,0.17005505589569786,9.9929358804881,9.743436987684795,0.20593861860631174,0.20202161406756938
22,361,0.5366557184748918,0.6217190921381343,0.14545363149352497,0.13942579941427766,8.333879199430134,7.988509861675695,0.06193667400421335,0.04977656250387093
22,362,0.5250811208019155,0.610962946865915,0.05828455277805694,0.06822242048629655,3.3394588849901603,3.9088567620316375,0.06510090464828064,0.07730061083830969
22,363,0.5193978727620577,0.6053781706542833,0.055867696230234735,0.06819170269710802,3.20098320511139,3.9070967623551622,0.052119539774459156,0.07035008275148938
22,364,0.3895975788037278,0.49773727499474374,0.07069070970424182,0.08375219409739186,4.050279316837548,4.798647246741039,0.11517097349349667,0.14006401227967974
22,365,0.448433667132644,0.5457818904966619,0.07029145012060731,0.08085015414950794,4.02740342776514,4.632372605748925,0.10144829283349421,0.13476220920368168
22,366,0.6075954347537391,0.6822949356143602,0.05637068656067224,0.05079125832376631,3.2298024281813498,2.9101247381105217,0.030086107552791973,0.02532497125964954
22,367,0.825410456718272,0.8825280733205009,0.015978489648756165,0.02459330602358079,0.9155000198672014,1.4090926394248442,0.005505704719984856,0.0063304844296881106
22,368,0.4832786235289344,0.5750404873357136,0.04708573912161397,0.05290525307334527,2.6978141269225087,3.0312477151742114,0.008456968419577802,0.009376439674858775
22,369,0.37457839979989843,0.4861808698398504,0.15808634090969392,0.16911751305950315,9.05768013279179,9.689719740058113,0.7853843402134559,0.8329030776014594
22,370,0.5239534954848208,0.6098063450346892,0.06455928775608931,0.07844963528520651,3.6989747167945284,4.494833006182915,0.038560183989135535,0.05382589763521036
22,371,0.3673412398460531,0.4804649535401018,0.1533844910509754,0.161367477949075,8.788283979983035,9.245675437152375,0.6808361456744714,0.707418290007302
22,372,0.4769603766698068,0.5689573113533585,0.13193663565217148,0.1376733217953072,7.559412386024693,7.888100290417552,0.17204588268514942,0.21361542086900132
22,373,0.5214225137431008,0.6061066782572508,0.12972356112854683,0.1349880169580778,7.432612556073075,7.7342436565382435,0.514213312477781,0.5613790997223332
22,374,0.4143869375292643,0.5172026150296294,0.14870646463128961,0.15428261589304307,8.520252809684344,8.839742742909365,0.38076943192323487,0.41752287339182104
22,375,0.7138122333827568,0.7799971821763428,0.07361209578314848,0.07500893347083532,4.217662409487172,4.297695313656441,0.0271521866619992,0.024111971848881582
22,376,0.46968368748639716,0.5629011547024506,0.01455018836289391,0.023504799188495757,0.8336643843141857,1.3467257918033293,0.002546646380615562,0.003563168068093204
22,377,0.4142335450671568,0.517217416129863,0.07022218821000539,0.07856804143272446,4.023435012606638,4.501617178704097,0.0756482490885168,0.09821237770179747
22,378,0.5861037830693162,0.6635258577583174,0.05541563771267441,0.051068188847870566,3.1750821599622427,2.9259916883600416,0.054998587184769646,0.05141563680183876
22,379,0.4972644705902217,0.587348671174172,0.07100057677097302,0.07654432676688598,4.068033391971344,4.385666869412825,0.017955889188871782,0.024958058998689157
22,380,0.6231496981294911,0.7054914183765792,0.4194684315114258,0.410146603684092,24.033770764577127,23.499669372723293,0.4583539416382457,0.42177067325404394
22,381,0.5726385738770144,0.6539181302429701,0.23072380605730738,0.22174932470336067,13.219500320278652,12.705300415378652,0.1565707366799842,0.13522758359702625
22,382,0.6184633579187934,0.6975914838861005,0.2590529228019941,0.25052800121763336,14.84263914708259,14.35419711961874,0.16937963472840079,0.14635650787997834
22,383,0.7277747587341871,0.7921132398291375,0.12009880135731295,0.11403639286212086,6.881154442354075,6.533804021895311,0.07455185587224167,0.06361319011736105
22,384,0.6755512189063745,0.746238802307406,0.19276040422632856,0.18513531136223074,11.044357619404343,10.607471979896218,0.12644073858333843,0.10860277089055319
22,385,0.7804018826745962,0.840453104916579,0.1599089574653522,0.14964577383666922,9.162108369101679,8.574071262810383,0.10986183780628413,0.09262792291149952
22,386,0.5701592609519096,0.6496538987006987,0.15162343520989,0.15489410291988429,8.68738291280198,8.87477836877437,0.11186064708051166,0.1342985172670056
22,387,0.7524873396760718,0.81462037924703,0.12306509264935886,0.11378072396329601,7.051110414194714,6.519155273039891,0.06642680226769854,0.052960682453147764
22,388,0.7028537217785097,0.7773586970333557,0.3362123395586284,0.3297116997071195,19.26354807692874,18.89108884930273,0.24798077033757815,0.2225861508327055
22,389,1.3392398246353876,1.3769977772875766,0.09482437573689434,0.09567803116998874,5.433036524686771,5.481947378161493,0.03855381083994445,0.04264691814305283
22,390,0.7156717592466637,0.7915806779093735,0.37198941096611904,0.3630337449670929,21.313423271916125,20.800301407443115,0.293735749919495,0.2627981317202649
22,391,0.5644041754163341,0.6442647128960268,0.11384591529624173,0.10606112146337318,6.522890461278513,6.0768546302756725,0.06642523077058533,0.055543042181884765
22,392,0.7640905974025417,0.82571691778016,0.09769583564958949,0.09752701425870437,5.597559058725207,5.587886305535962,0.032286009502671915,0.03525045613627692
22,393,0.4716172453442234,0.5645187177162346,0.0699755913910628,0.07743147201838453,4.009306055639875,4.436496548138764,0.02098375720484264,0.031175541195583717
22,394,0.6338046991906142,0.705093827290074,0.04975882256236416,0.035195724648392185,2.850970526363803,2.0165664792574356,0.012575929718140085,0.008373334100948364
22,395,0.7395374973425246,0.8048114239426585,0.11268152414587519,0.1104595523489538,6.456175762660127,6.328866156499432,0.04345247340849817,0.036495833635105134
22,396,0.8439610686464581,0.9005755464965123,0.08926494858723295,0.08570779435219836,5.114504812500729,4.91069488775616,0.03088888784484102,0.024661477579289385
22,397,0.5698896799197016,0.6515266300553999,0.18627257555999885,0.17685724548658402,10.672632418619662,10.133173742690392,0.09684494380439168,0.07858666195822508
22,398,0.6276809276801839,0.7010476871562521,0.016732913215715454,0.027545553845538855,0.958725306219174,1.5782439796997312,0.01469182732863989,0.015557350241929703
22,399,0.4991941091607125,0.5904141660690756,0.0643148615299877,0.0736769096565056,3.684970125636595,4.221375970884431,0.0048229804217878765,0.007216397499020832
25,0,0.4022988480764773,0.5169622944939658,0.03493344555763634,0.027694484430257356,2.0015389943025967,1.5867770736445168,0.005853206147537697,0.004744402266691594
25,1,0.42944993615597493,0.5399575190621752,0.10766779646391661,0.11961617494973806,6.168910326855991,6.853501986118473,0.03527134129237834,0.04666239566845995
25,2,0.5820566287521177,0.6672489116356761,0.06371958201313663,0.06327649916923898,3.6508631216904424,3.6254763447604534,0.02081884915146319,0.020313958994144232
25,3,0.5029942940329184,0.599387518581767,0.017057962876156997,0.02781975301558187,0.9773492798946349,1.5939544348891859,0.01060610366096365,0.008194646872034531
25,4,0.4922864295019406,0.5928487314311903,0.12726307423071892,0.13800129907426598,7.2916370412803,7.906892004278075,0.023009124821439124,0.027140106927451307
25,5,0.46916599333909775,0.5726350956322778,0.0849592977374993,0.0863781886592474,4.867809190754074,4.949105652159667,0.06265447331603091,0.05573185405951756
25,6,0.5137646666059388,0.6082645281057544,0.09424021865027328,0.08997940423710195,5.399566789050726,5.155440105887498,0.03948639587036302,0.04786316594086865
25,7,0.6848232531902375,0.7618248902672565,0.0911393492347032,0.097547589020157,5.221900058717362,5.589065152531686,0.037327626427383194,0.03919974712724343
25,8,0.4149368923156911,0.5270438849436881,0.10094636320662342,0.09793083413473873,5.783800568934222,5.611023480116226,0.1374138144566441,0.16202818515835327
25,9,0.6064273074456815,0.6902165367658224,0.04455444852191496,0.05820767444066405,2.552781858838616,3.3350540807215645,0.008544523486894155,0.011469748464033404
25,10,0.4865674490624414,0.5852870886792181,0.03246376039613271,0.03399450239862708,1.8600364578223538,1.9477415140886853,0.017093237869270823,0.013455945801029497
25,11,0.4515931685233752,0.5568147888179792,0.046346898052592414,0.05680305319990642,2.6554816519366393,3.2545752118117233,0.04373723145297036,0.0565237729699588
25,12,0.5175401484559149,0.6116611492760383,0.029242241277811144,0.029709385481011118,1.675457008721822,1.7022223999891821,0.015897447457558778,0.01403331083426578
25,13,0.6219645895419988,0.703201844154634,0.10188057861147813,0.09170646401479295,5.8373271687885016,5.2543933421159945,0.032284409650147734,0.025757643591753587
25,14,0.55355347895441,0.6456828701182679,0.1209774039617647,0.12569719638651256,6.931494663458363,7.2019188495742315,0.11408150878260394,0.10172081191655334
25,15,0.4120864310668694,0.524580883217646,0.13114060529191052,0.12723280208846052,7.513803206017462,7.289902575292074,0.2720991907822667,0.29268836378093105
25,16,0.4375941275301419,0.5444400378756532,0.1627486177702513,0.15574644674189106,9.32480891982323,8.923614072469409,0.25537704826022545,0.2765502177088826
25,17,0.47354271887971944,0.5756244708200337,0.10130931320837606,0.10977943853153486,5.804596072208914,6.289898505172795,0.030384800859130055,0.02950993422023425
25,18,0.5516004191246434,0.6431013143304843,0.07155259536903795,0.07675687071427942,4.099661727853194,4.39784474055952,0.05852358807526729,0.051863510527510454
25,19,0.3582014826965977,0.48364850915201457,0.09538748530223261,0.09450374071738876,5.4653003261841,5.414665491305007,0.17160899464007862,0.20036740833185887
25,20,0.5562696630997069,0.64541771135569,0.03437122792112182,0.04028959954799302,1.9693262965624947,2.3084240123721895,0.017333802754370506,0.015499131188670865
25,21,0.626430304773691,0.7062227107057643,0.03615797982640769,0.035908838051150825,2.071699639772334,2.0574248675497184,0.01402691909126501,0.011485186828689114
25,22,0.39239667635144904,0.5096018808611507,0.03690113027367535,0.04524593519172039,2.11427902394403,2.592401126608024,0.014458822060067425,0.02230639050362894
25,23,0.4150305474335716,0.5265544661675465,0.04968925200539315,0.045605454023338425,2.8469844270709896,2.6130000383152114,0.04566232104097924,0.05630464709663108
25,24,0.3999503884045301,0.5152588428966975,0.04910712676217094,0.05423310001132531,2.8136311074863305,3.107327740559837,0.07535266286316888,0.08855106259916944
25,25,0.43710964898812693,0.5453709664746806,0.07394804871663092,0.07871359816363799,4.236911094690756,4.509956965065164,0.042937322556941444,0.0510495389669643
25,26,0.43896186431395745,0.5456987833008269,0.2692636316890543,0.2600001378030616,15.427669672147863,14.896910568935237,0.8905764356172201,0.8792773452549438
25,27,0.5055410918131509,0.6009944304117766,0.12139927820248846,0.11308019188811695,6.955666276937119,6.4790177417185895,0.03696426282017119,0.035043311233997176
25,28,0.46827745721933645,0.5700451875137027,0.027931833244689123,0.025924658794369244,1.6003761589838907,1.4853735342340708,0.006699919542542034,0.011528177857340968
25,29,0.5179109319622619,0.6119048092772076,0.07352463680799538,0.07498879048299922,4.21265137933036,4.296541205466649,0.02416452605800795,0.02856926291941961
25,30,0.40961575962801045,0.5231606802593759,0.040315208266427954,0.04661570999133528,2.30989128385725,2.670883441509335,0.01784793834919881,0.026054359154695044
25,31,0.5856215328802276,0.6733169478379318,0.05190692144753489,0.06296963484940843,2.974047526460843,3.60789431435101,0.01412539022735346,0.014942877241179089
25,32,0.4623552198578207,0.5663922352696196,0.08845601925427775,0.09580250066093358,5.068156575798063,5.489078954670775,0.022283370327383,0.020330861814762305
25,33,0.4785924739432533,0.5792670992762727,0.03269955712039578,0.03478503965904752,1.8735466149456377,1.9930359626586112,0.01808565198463397,0.013646318040433612
25,34,0.5819373868983165,0.6704364020043319,0.06742611046243152,0.0737628161688261,3.8632315584802095,4.226298051473084,0.022986231927483683,0.022792166676276416
25,35,0.40424317954972727,0.5187442774642769,0.07078760467734235,0.0736671631399037,4.055830989852242,4.2208175366181875,0.14676794668310125,0.16901456977096174
25,36,0.3482220440454785,0.4760666444177248,0.22786112878451978,0.23019057711808574,13.0554809944399,13.188948552547014,1.2992778350745502,1.334178936058152
25,37,0.4226184025733363,0.532573122897359,0.0684628831885874,0.06762064406268231,3.922634260003214,3.874377512748065,0.15729931382627188,0.16731162031934932
25,38,0.4656146039474763,0.5677978253032163,0.05473854868532674,0.050236449254986756,3.136287816340603,2.8783365200338697,0.02687064362710938,0.023855022664572567
25,39,0.4420461885215048,0.5532723165169544,0.11331468971534855,0.12466585952570106,6.492453477523948,7.142827600193462,0.019050342684587503,0.025575418056196605
25,40,0.4094837346512264,0.5237273170386485,0.060758548627379824,0.07304259130792722,3.481208405689245,4.185032206643181,0.028403424909069348,0.03952815851524742
25,41,0.47059412213945506,0.574564520147664,0.12738933803453675,0.13045300986612,7.29887142434433,7.474406890107164,0.1114454142623584,0.09853962917494953
25,42,0.4016531968689843,0.5160767919808994,0.11586344121152425,0.10836131791346658,6.638486181282469,6.208646178916999,0.112620789651451,0.12554413185168609
25,43,0.38316492305261796,0.502662167817015,0.032067063118864154,0.04403050716205829,1.8373073780905345,2.522762230206484,0.023995414579426978,0.03580313562307876
25,44,0.41547725630615023,0.5277163563689403,0.11767160098690105,0.11196701655808532,6.742086105096883,6.415237493449694,0.039974215617605655,0.04078327156370964
25,45,0.5010729528463999,0.5971226258008627,0.10964437055543728,0.10290519803571038,6.28215968019503,5.896033537404135,0.04426277934985776,0.04341202900680281
25,46,0.4889126789310648,0.5900843452369028,0.11720756335729868,0.12586777469754004,6.715498707385412,7.211692266872577,0.05571387109742584,0.05254937422546422
25,47,0.3945345925364413,0.5120467499463981,0.08412029425156965,0.09459781468678401,4.819737832013542,5.4200555327133975,0.03473122368496154,0.047835646805929465
25,48,0.4531816547010637,0.5573610678316276,0.07433973844159325,0.0669832757450709,4.259353262809737,3.8378589981535773,0.015932174132805205,0.019278007294447383
25,49,0.5701989221154864,0.6571744857867209,0.02110824841151041,0.03373401980747948,1.2094135468932705,1.9328169609792962,0.0027524512835540365,0.0035698602964927724
25,50,0.42247925216849236,0.5320607295753,0.043705227783143924,0.03690266417425705,2.504125094632054,2.114366909973554,0.0392107385395583,0.048016614378947664
25,51,0.5600218192482534,0.6486406622677086,0.05719360205755233,0.05946672578378035,3.2769520130484895,3.4071924088724064,0.053764853524614534,0.046349922229612386
25,52,0.4407125873317552,0.5474961576193325,0.012380953070331142,0.022953816911731217,0.7093763572795128,1.315156832758212,0.0021234833988383233,0.0052393458395231865
25,53,0.35306798851641874,0.4795876925551852,0.13228368157923012,0.13410554023975987,7.579296652942359,7.68368146506007,0.5944146482693838,0.6145806492756533
25,54,0.3405434785238778,0.4706347096099591,0.2909189932159027,0.2955196741814205,16.668430491466253,16.932030093676595,0.6647450085974476,0.648317505710687
25,55,0.48958260869663167,0.5893179674235284,0.08278890237383245,0.08238749191239551,4.743454696541201,4.720455571248467,0.05105036237814841,0.04606409508844597
25,56,0.4087353458723077,0.5226931399446488,0.04362719716287969,0.05642588406275827,2.499654269418125,3.2329650120905438,0.004277513241702655,0.006493677166257518
25,57,0.4251472840462616,0.5368530929558533,0.10177050001211548,0.1105819400391785,5.83102012963031,6.3358784546136615,0.04539383777265463,0.04243221220506762
25,58,0.6132665286385779,0.6940511524971131,0.022988306165379318,0.021947124670795185,1.3171329214308043,1.2574776160840104,0.009481151386888138,0.00803837750526997
25,59,0.6493449110736814,0.7318470388788855,0.12548595871457124,0.13493573514229612,7.189815822497826,7.731248129148672,0.03735032688801802,0.036569137430979344
25,60,0.5602945037084758,0.6481396221873756,0.03871506287217348,0.042430508025153545,2.2182097061591715,2.4310890324372676,0.017023381602901767,0.013691342308675268
25,61,0.5399164673870751,0.6303000562145733,0.07419250461858852,0.07347313817383277,4.25091738614999,4.209700724942155,0.04508611934309613,0.056500749282681846
25,62,0.3494090500120552,0.47730782774897657,0.1464721050461868,0.15592580452890997,8.392233435543352,8.933890516688399,0.10889603655212977,0.1219677084172981
25,63,0.3522482141537084,0.47905679019266983,0.07225998944663267,0.0764449394834669,4.140192422951921,4.37997239753564,0.1791978531565461,0.2090740992970269
25,64,0.3954110751605278,0.514378737258948,0.11162602764170655,0.1240420472211886,6.395700267680452,7.107085787936568,0.08162642664281838,0.09914196559627995
25,65,0.40600760022931626,0.5193928667302311,0.25186290350490737,0.24480693915315324,14.4306813867419,14.026404408991628,1.4629351567791442,1.5071330495514794
25,66,0.4413881094262373,0.5490205805237155,0.030776561782883637,0.03450517178654032,1.7633670980828566,1.977000714742643,0.02466967450089538,0.01959778521193494
25,67,0.3909464054175839,0.5082112219343979,0.08525139229552142,0.087280568127848,4.88454497614748,5.000808187229739,0.2977223593895623,0.30713197297826517
25,68,0.5673353335875992,0.6536437771119442,0.04631337936184634,0.040883293556020835,2.6535611724220853,2.342440173354389,0.006151184056519151,0.007376580682494461
25,69,0.5301906494063574,0.6228780395333274,0.05697046426696457,0.05564850869964784,3.264167159397937,3.1884246846868662,0.04008416182349067,0.03549201430712688
25,70,0.4348938156011594,0.5423852251631831,0.13905436418308897,0.13180152251000654,7.967228190566118,7.551670973221891,0.18042747230363226,0.203084367796261
25,71,0.4374385475702741,0.5451577198003185,0.02335133871556412,0.03161547805091939,1.3379331543822648,1.811433459606171,0.0019492806376171527,0.0043271061979164565
25,72,0.6347342781829215,0.7126058042512209,0.09174825021628266,0.08275240830763478,5.256787515103239,4.7413637405708045,0.022784239187500353,0.021777085288381
25,73,0.4796460018554285,0.5791698887800512,0.014928658876072294,0.016783274879702915,0.8553491473894576,0.9616108170149115,0.0018190680365638935,0.004602535456883484
25,74,0.40121655031167014,0.5171988692861283,0.06477614902862878,0.0776782705839933,3.7113999524508765,4.450637064338029,0.02269693723635266,0.03407715138792544
25,75,0.35823974033333184,0.48348663044146456,0.13173854471955254,0.13151856350904859,7.548062611625818,7.535458616691763,0.4839220850288435,0.5108386720383927
25,76,0.38443569927701965,0.5039596190348606,0.06655645153781269,0.07517858686263157,3.8134037724836647,4.307415736986446,0.09248352244101724,0.10506064459698587
25,77,0.5521250378773301,0.6420225427924627,0.029931562528248443,0.04371188945940473,1.7149522071005596,2.504506780566281,0.008151441109173015,0.00760494746036219
25,78,0.46257034232228844,0.564756580402807,0.058373999419667116,0.05192227718815653,3.3445838000460424,2.9749273455897605,0.05139090177194646,0.06187669619056142
25,79,0.42320704302297013,0.5364463709214431,0.0762706296156108,0.08968121043298667,4.369985177780004,5.138354859434743,0.016959492452338076,0.026214681961468374
25,80,0.7984869586024688,0.8646171687427131,0.17397532168083513,0.16641712453602098,9.9680516717427,9.53499887461702,0.11361986953764593,0.11805065771580277
25,81,0.44746543290733554,0.553502644545421,0.037525935341874206,0.049316599419269073,2.150077717370208,2.8256330066614446,0.03703178879737573,0.049086338238835445
25,82,0.33564189414771683,0.46697672496690007,1.4061418435907278,1.4069154388301992,80.56599303449343,80.61031677676655,5.703923665858126,5.749222368061184
25,83,0.34487150616392076,0.4732344081277456,0.4399962598420869,0.4346358276877594,25.20992869049309,24.9027985516839,3.1440451603585835,3.172763094101042
25,84,0.3948108318173504,0.5109411604562895,0.130834169040915,0.12932763542056197,7.496245702145607,7.409927684004814,0.5434702580429481,0.56101369111666
25,85,0.34246357109985937,0.4719614850399178,0.3240838258647899,0.32512835751034597,18.568635430505168,18.628482685363387,1.7017613248323002,1.7452260012947418
25,86,0.505985221648474,0.6009229697538425,0.07665400777523472,0.07037648502490133,4.391951128283947,4.032275568892486,0.0172709200829654,0.019300085338231174
25,87,0.39468906504080487,0.5115830900668262,0.05736640618972582,0.05736074200954227,3.2868529605044516,3.2865284268855324,0.03281344213261838,0.026641786774663955
25,88,0.48659208572519186,0.5847132822568384,0.02306132161760127,0.027233925026487287,1.3213163986823615,1.5603889635934303,0.002942986912357744,0.005155365657586991
25,89,0.5458161442140411,0.6350352184881192,0.06112091045800389,0.055213692336378566,3.5019702092406386,3.1635115422083095,0.0182965211761488,0.018186308979609045
25,90,0.4906432593313753,0.590257165192422,0.07637595178403617,0.08647448561575306,4.376019693519943,4.954623061347396,0.025064995649914944,0.021934739672083325
25,91,0.4090734482239439,0.5227463448038819,0.06400668286672534,0.07338754955026536,3.667312788895679,4.204796858037407,0.012993894964034955,0.019317133099072344
25,92,0.6320361047124589,0.7097418944248072,0.05686811727974121,0.04666955507473324,3.258303108984159,2.673968537535568,0.02300813659503574,0.017005199115990306
25,93,0.6296386165186282,0.7092213950953519,0.12843918111639024,0.12376029179444084,7.359023002085542,7.090942391129014,0.15666848802689654,0.1742996342529351
25,94,0.43714459034804415,0.5444191095116072,0.1232979578981275,0.11687991112271136,7.0644526101444205,6.696725617195528,0.151689237452256,0.16940172076434842
25,95,0.3525140773681678,0.4790752842856834,0.23215848549664014,0.22911584777792743,13.301701397106614,13.127371097237063,1.5875199568168044,1.6350535754958384
25,96,0.35346200399284167,0.4796913984404383,0.17601010888319787,0.17160822248672536,10.084636390645318,9.832426878231391,0.5036717939200223,0.541680646852453
25,97,0.4909984039561954,0.5894579040233096,0.05766517704490651,0.05769532946092822,3.3039712695478194,3.305698875727986,0.019297605328307637,0.026171973230983175
25,98,0.6205126083063933,0.704088990399599,0.09688137029784095,0.10666610432051445,5.550893631510378,6.1115175946676334,0.03773262978301278,0.034460756632217204
25,99,0.3914220662331198,0.5106575518317381,0.1069985101809182,0.11782740833882752,6.130563047554183,6.751013208779379,0.036712970554445286,0.047165624570090894
25,100,0.5499642544046819,0.6487023318324604,0.32432406737078495,0.3313806914224818,18.582400254862552,18.986715030635285,0.20382452732427053,0.19599097874642457
25,101,0.5374515553319577,0.6300855633509825,0.10945721687508826,0.11644557506095556,6.271436564190691,6.671839993966588,0.04403448968167633,0.040482000305721445
25,102,0.4662530171963033,0.5681252092373338,0.06661930466860472,0.06396544017933938,3.8170049916072317,3.664949756972686,0.041870634213426385,0.05341523009638812
25,103,0.6133712923324556,0.6951502874982998,0.17986772453681876,0.17393162350564395,10.305661486581394,9.965547950731823,0.19393134427304384,0.2112033134339425
25,104,0.5798219030551447,0.664379257804434,0.1261714841592853,0.125923005388111,7.22909353722877,7.214856752341885,0.16940462460948477,0.14894451012136578
25,105,0.47599081158259127,0.5761083792248881,0.1685052308011983,0.16122493281238315,9.654638550786506,9.237508202429817,0.20435301836608832,0.22308309770502371
25,106,0.4701501761228209,0.571088606889601,0.09036680507050221,0.08261142703983207,5.177636538621185,4.733286108935305,0.026311470490472263,0.030606523353677292
25,107,0.42156031750699136,0.532387876551258,0.06492769034817601,0.07045519614059752,3.720082630482776,4.036785383622644,0.14486770489602704,0.157239987278475
25,108,0.44225195669796685,0.5489708820214971,0.09940103598728248,0.09926260063240164,5.695259841299298,5.68732807972923,0.18991036419390733,0.19323272702307787
25,109,0.5136683531544198,0.6080553252350483,0.11713503345372883,0.10873405790174409,6.711343050022369,6.230002607101056,0.04608181972469218,0.042340122186289485
25,110,0.4384286784876001,0.547661048966565,0.07511635906235338,0.08477294307216174,4.303850346662123,4.857131854937658,0.018861989494819546,0.01977755973672625
25,111,0.4924027674292674,0.5898240553506157,0.07763614506782253,0.06939908512517412,4.448223450051633,3.9762746797416075,0.014148007605958815,0.01396399458766133
25,112,0.47326646083481244,0.57389817283125,0.062358347816548865,0.059866211231,3.572870147297082,3.4300812389749886,0.046173347116922156,0.05772534944119706
25,113,0.4430316657430814,0.5493342953677535,0.08112026450633217,0.08122685481404221,4.647848789197726,4.653955963966512,0.23352201596081443,0.24010568385772585
25,114,0.4581354384153664,0.561795880917081,0.07120484194636317,0.07083117356269751,4.0797369244227,4.058327303101183,0.07432466777740598,0.08845013182517479
25,115,0.3894929604530772,0.5065247450680956,0.2388473175982191,0.23307283129988376,13.684943246398708,13.354089552647972,1.4243589903853933,1.483024950868527
25,116,0.6036610275739388,0.68777910212818,0.06853524802219152,0.07767237520933598,3.9267804595538967,4.450299284251516,0.044630094201563573,0.03967761899426746
25,117,0.5039094750086471,0.6015983476419128,0.08132619645860867,0.0815644453456295,4.659647820930059,4.673298476630041,0.05143614526300639,0.046438790443499994
25,118,0.45881048035391325,0.565990108175017,0.10915775502382842,0.1219613313364156,6.254278663988328,6.9878695493732454,0.03725349881926311,0.05011635855531744
25,119,0.5313526264570412,0.6245298206330436,0.058880258682337004,0.06742579725791027,3.373590319136432,3.8632136131830177,0.008475503342152243,0.010871866478374733
25,120,0.43404832109280445,0.5421986571806385,0.05020637623723252,0.04858628249091117,2.8766134630393303,2.7837889289595785,0.015244284638511182,0.02202227977593038
25,121,0.5164849324255854,0.6110098812048216,0.05452222844251021,0.05670496461448084,3.123893579403971,3.2489551498484293,0.0057349407319960445,0.007089741150859499
25,122,0.3757037760558224,0.4965651764157502,0.1367157795309124,0.1342809803127184,7.833237159962331,7.693733440798062,0.5395156612315491,0.5421898855283113
25,123,0.46825365737768304,0.569572075746633,0.07615415206457159,0.06840096108797339,4.363311505697436,3.919086384979447,0.014315429605322921,0.012875827574390618
25,124,0.41586681008592413,0.5286034687524676,0.11184048801229629,0.1105341739488563,6.407987941788055,6.333141659234358,0.08021235157077067,0.08516621431521589
25,125,0.4443489561065981,0.5500211263017484,0.10149880644384345,0.0952375190564837,5.815453234847474,5.456707893233266,0.037964988564793634,0.04446841985708058
25,126,0.48068266289634703,0.5798338126119325,0.07928913181675477,0.07728007334921547,4.542932614356502,4.427822043371479,0.0668940011404711,0.07868064632699032
25,127,0.3770603889200343,0.49799481094691994,0.09199898920454722,0.09056294686652445,5.271153800890178,5.188874635719375,0.24441403255511543,0.24462328140913042
25,128,0.3524068269470371,0.4789230046246299,0.1164902231377937,0.11295574868878269,6.674398140332788,6.471887671607631,0.33443440537747704,0.34669451500499204
25,129,0.4561494612729698,0.5631272686443809,0.11566495724434991,0.1223629947458335,6.627113887662366,7.0108831675177266,0.10686665046415521,0.094433275165595
25,130,0.598560790370604,0.6810960762416678,0.04479172311690611,0.04135243029578569,2.5663766917172848,2.3693197285574423,0.026072522828037854,0.020138516210241077
25,131,0.5214675661728879,0.6146815516644835,0.029072625883117542,0.02586169509018606,1.665738762465433,1.481765979721864,0.00262773721573332,0.0026769924741461854
25,132,0.48675152669327804,0.5857785555918358,0.04614399341286196,0.051198037988914376,2.643856072436462,2.933431496115251,0.024680889968384172,0.01977215903204383
25,133,0.6560386110308094,0.7337158374623661,0.140793285663207,0.13278745079514617,8.066861052281523,7.608160502862963,0.06475539549498383,0.06094564035003078
25,134,0.4225619194459566,0.5323600081767622,0.1420870512165423,0.1339647547645566,8.140988358167043,7.67561505151418,0.10641900370341295,0.11982731772159337
25,135,0.5896533110797725,0.6734937815421608,0.08545434143173054,0.08268451400790124,4.896173105108089,4.737473683743076,0.03937408557727284,0.046929083475143143
25,136,0.463988006623416,0.5658216154338244,0.09252368339001438,0.08719983621032153,5.301216563252501,4.996182589083475,0.11359825000444598,0.1259529575354982
25,137,0.5009148498002844,0.5987584297622626,0.04218274621559308,0.052896717798776936,2.416893326424929,3.030758679964461,0.030608851839450307,0.0427736334964244
25,138,0.3623912820103802,0.4867192115407295,0.08549977200969175,0.09563415103962813,4.898776085486106,5.479433231887346,0.14737047483554908,0.15896814942837384
25,139,0.39324577901865737,0.514981247683267,0.34448508588910937,0.34885565088780246,19.737541526647636,19.98795645516035,0.2612417464061294,0.26587640911644944
25,140,0.41360569986501755,0.5261963948641086,0.02982199515011521,0.03803361600655654,1.7086744587612113,2.179165676796902,0.003995345037670966,0.007520597423620672
25,141,0.3905133942158936,0.5080615418150276,0.07229907207794055,0.07313861175286587,4.142431692778128,4.190533772885135,0.15684931715472902,0.16982216170079817
25,142,0.5168704548622541,0.6137337674100715,0.11916963833318239,0.12699345277997837,6.827917322591782,7.2761888700866715,0.03600989634025184,0.033698324351556404
25,143,0.4824928437869752,0.5862351713975062,0.15781308222629578,0.16635635326168233,9.042023563517773,9.531516937081784,0.05219726329798141,0.05802797707405173
25,144,0.6438804617507612,0.7223525232599378,0.03781657102932711,0.04827280842381149,2.1667299156371427,2.7658281879279665,0.013645462450457849,0.012653879398400646
25,145,0.37991725671121396,0.5036180840424661,0.3933699154052891,0.3971000626999763,22.53843594014129,22.752157637089006,0.3095792340787952,0.3135965580112209
25,146,0.4769017442492449,0.5768693122771409,0.01867011487059958,0.021393147745770624,1.0697187851097931,1.2257370763324678,0.0016772852046119152,0.004458408259892771
25,147,0.537260719316488,0.6289126257988594,0.07354293404874551,0.08035249039994921,4.213699734002078,4.603858573282554,0.011263168208372212,0.012648201759518002
25,148,0.48206093459545724,0.5838306665825946,0.09366898889080226,0.10508759017859372,5.366837734700764,6.0210753964338615,0.04043710561488199,0.052534525711067245
25,149,0.4043400822386463,0.5190104361080469,0.07756441011978497,0.07676317663258632,4.444113340285491,4.398206043064459,0.065560986676612,0.08261001103914464
25,150,0.39942778635440535,0.5146948536135095,0.11274373501271455,0.1101429343716837,6.459740182769872,6.310725282683886,0.18362624395773502,0.212217068136191
25,151,0.44970984644550943,0.5545218057222603,0.09945068564009969,0.09705713671980232,5.698104556860014,5.56096430566888,0.16943539266084212,0.1860728243486614
25,152,0.3890439626123028,0.5069516754668114,0.04659251309399856,0.05772298421064153,2.6695543571941425,3.3072833761700493,0.028761769309070637,0.04095364936955595
25,153,0.4280373673859395,0.5369108526144724,0.0646579920119264,0.056924673856170185,3.704630054073973,3.261543562117249,0.0319067339198877,0.04142877463580075
25,154,0.42764185001104715,0.5385714664721897,0.10431488347926664,0.1111729538052004,5.976802563760935,6.369741049040848,0.297257283484746,0.31393157493027607
25,155,0.42411329188255126,0.5388015207135871,0.2710265279296461,0.2752893892336923,15.52867618645325,15.772920147824731,0.16957335628726128,0.16043514837630612
25,156,0.5041732204303583,0.6015260048124209,0.05954098430873401,0.07052837066209147,3.411447108945118,4.040977974872137,0.012259938494377391,0.011778651973583618
25,157,0.4480575629492454,0.5554891734113659,0.08492047569340727,0.09500821191724514,4.865584851475529,5.443569561942677,0.024780527112006307,0.02398810172536415
25,158,0.5606632261427184,0.6491725982890657,0.036094141744136644,0.039916993232614315,2.068041987085994,2.287075243081069,0.014288720400757161,0.012560255583614347
25,159,0.5263064513440945,0.6207536334506052,0.0893514261357606,0.09754144246946328,5.119459611054,5.5887129811183724,0.03306469757538235,0.028587599230687467
25,160,0.6080690455663114,0.6894587123104993,0.07254631614027142,0.0678839688369054,4.156597734059357,3.889464910952283,0.021254713736424298,0.020788118877611284
25,161,0.4676262000125339,0.5706466816686989,0.07483121701588337,0.08154996778329625,4.287512910837668,4.672468973410709,0.062146475553530894,0.05398420081727144
25,162,0.5676441915037409,0.6541470305231607,0.03081668756470906,0.0344358125922108,1.765666136031116,1.9730267256371337,0.027844180736867202,0.03679307763322876
25,163,0.46475079819931,0.5671227937877803,0.05473075931410404,0.05159326597604114,3.1358415182444817,2.9560763917230655,0.017655572790085353,0.02463051918957545
25,164,0.43798185883515695,0.5460670582741407,0.04476205019813726,0.05130440163265158,2.564676558705995,2.9395256839950257,0.04720951570419406,0.06035277188552992
25,165,0.4161144003123941,0.5282839535749505,0.027980391094380646,0.0386869709596959,1.6031583188334457,2.2166001581357553,0.013757590119699249,0.021314920633463977
25,166,0.7127755470148848,0.783495290042041,0.09201685662691965,0.08676218881049662,5.272177528782896,4.9711072401586325,0.060597431555430445,0.07123310010692815
25,167,0.612763649324879,0.6932342107167231,0.06345239086868057,0.0631087398292936,3.63555419678984,3.6158644426076827,0.03202578214701883,0.025699227579201907
25,168,0.41302280828210264,0.5258945744048392,0.03401746833172051,0.04090646357808487,1.9490573651275185,2.3437677178298832,0.03400115530079921,0.04407261624945445
25,169,0.34709548818760316,0.47572795510506877,0.16630819621283552,0.16804362792318076,9.528757741429056,9.628190654065008,0.6372723581750338,0.6968679638947501
25,170,0.390369680249863,0.5078620738888603,0.051324080492870884,0.05045953124972896,2.9406531996312197,2.8911181768179577,0.04994712758089092,0.06482774221682415
25,171,0.47676561573000514,0.5764408979137917,0.07924828568407798,0.07916030798273843,4.54059230334469,4.535551552366671,0.12676149362120573,0.13984373377185416
25,172,0.4869450277635257,0.5849567577312266,0.1172555440040235,0.10908527325722817,6.7182477959410525,6.25012576467048,0.05318956277017053,0.061933639787095984
25,173,0.39450357115293405,0.5108598630329874,0.035062679637082095,0.036386673115467935,2.008943561624097,2.084802800038451,0.03422471006112282,0.04616808902253433
25,174,0.391115672430944,0.5088839583861061,0.10522621228997318,0.1125114107585431,6.029017858363097,6.446428983527324,0.053529021808916034,0.06385385757436204
25,175,0.3579736414060153,0.483794170171579,0.19037608067452802,0.19677647515224064,10.90774594289253,11.274461533684303,0.07391668250546723,0.07764627749997617
25,176,0.4547510654972593,0.5597951971423207,0.04960364072436935,0.051853406512300686,2.842079261989617,2.970981346531007,0.010249481481810355,0.01079425630585638
25,177,0.698539605702223,0.7721161736994366,0.047235062741839785,0.058319855590839804,2.706369740143062,3.341481587167559,0.009746873737535623,0.009719390913786385
25,178,0.4403924217447572,0.5483616617674704,0.12156327081357123,0.1266711782602937,6.9650623614234926,7.257723900264135,0.08693723557211183,0.07763100118201316
25,179,0.3875541043851991,0.5082348452330223,0.19829682304271617,0.2043871998994747,11.361571051200167,11.710523940736584,0.4527908045701079,0.4448539249347859
25,180,0.4566479211221731,0.5601824736479017,0.09020086112528082,0.086725864476697,5.168128650924249,4.96902600913829,0.12567574379446558,0.14585013224813953
25,181,0.5627407226964368,0.6495972275671017,0.04867757420098988,0.04120453442325735,2.7890195586516207,2.3608459192541638,0.007358607948365042,0.006873195811493808
25,182,0.3795318081976668,0.5000365316458305,0.08134780262359949,0.08459192321737277,4.660885762995496,4.84676018125018,0.24570886680573578,0.24912271368197747
25,183,0.5416815536363464,0.6318222911140505,0.0853924714309439,0.07966174015684849,4.892628215184543,4.564281499655247,0.0260782859678029,0.02605566632867607
25,184,0.6908022792175079,0.7651346055426497,0.13710287500840762,0.13244311070913414,7.855416097091408,7.588431269217302,0.07451836163902643,0.07450374186047048
25,185,0.488459151799303,0.5874652637765576,0.03394109812939982,0.043430413016766464,1.944681674853983,2.488379368370752,0.014498540206991588,0.021019152704073833
25,186,0.4157287945463085,0.5297956215871912,0.13275805819080508,0.14219034894883503,7.60647643068532,8.146906882260689,0.1244840063616386,0.1367607441375604
25,187,0.46155018926704233,0.564891901067084,0.07294903783313564,0.06813919810476828,4.17967198737884,3.90408847080904,0.039882687778503935,0.03265862680165645
25,188,0.493726908450818,0.5913846306873335,0.06883590998400937,0.06803711585377753,3.9440071210261833,3.898239588664075,0.049824325850258554,0.06305752799917892
25,189,0.4089391706791931,0.5224052654565904,0.019358261188394763,0.026474702722769475,1.1091466648069253,1.5168887298782001,0.028520873256203713,0.03910231119331617
25,190,0.4036029151948476,0.51826771316282,0.05961459938900236,0.05166923902029886,3.4156649423530117,2.960429326515793,0.018357954444134923,0.01470190085032267
25,191,0.49610031866386195,0.5928497208823259,0.05090918572668069,0.045283829087968006,2.9168814805864547,2.5945722869323187,0.006781594154167351,0.008203669011792817
25,192,0.5102743394423603,0.6046097672143976,0.09553400802766776,0.08863348276060454,5.473695459954289,5.078324485728181,0.04954631923567831,0.059873646451191566
25,193,0.5253578899068725,0.6176334400611737,0.059167788213474716,0.056578178515373626,3.3900645477559985,3.2416908414686585,0.03027298879241459,0.03906480071919609
25,194,0.5045779243298582,0.6011172872869834,0.029544992272081422,0.0382857155032579,1.6928033629368984,2.193609913975262,0.006492211556475695,0.0055335398301534795
25,195,0.5415927671517929,0.6337183028067891,0.06092645845328197,0.07195228739997393,3.4908289300522144,4.122562394330838,0.04264086616857902,0.056017657229445725
25,196,0.3753749569589151,0.49658230845734286,0.07507683421711055,0.08367003437843841,4.301585739843801,4.793939841599025,0.08169818641102697,0.09426157610068664
25,197,0.34084648935943107,0.470683384371321,0.37250889650259333,0.3748566231178624,21.34318760067419,21.47770242717964,1.8571978680286458,1.9011057663749893
25,198,0.39952677028681904,0.5155042606838395,0.08903815847214659,0.09459355457375579,5.101510696070994,5.419811446216632,0.024393415964936854,0.02331020101504215
25,199,0.4896997897007488,0.591341660173671,0.09224402042532186,0.10089105306479423,5.285193055689503,5.780631531243139,0.10746751790750662,0.13092548424431757
25,200,0.4830702322281031,0.5849829972936781,0.08089277855600768,0.09206351885300575,4.63481480434561,5.274851077400315,0.015399183427124073,0.018273715585054265
25,201,0.4527100975039389,0.5580670890467049,0.06094299901798611,0.07124131482498472,3.491776634600525,4.081826666434408,0.008096866910544183,0.011818783236420459
25,202,0.4263612110525208,0.5370336045814448,0.07799022345196895,0.08465113698209602,4.468510647080035,4.850152880057903,0.03940257102890108,0.03455333866196517
25,203,0.39972993904048776,0.5150513503842409,0.04116462161172406,0.04940797059783516,2.3585590836048054,2.8308681895624175,0.06939578829449025,0.08221947040255495
25,204,0.5594650233072743,0.6489659485256287,0.04736436909763723,0.05767869518216023,2.7137784485944727,3.3047458017593363,0.005151194695607979,0.007396304929977065
25,205,0.41313285503198904,0.5254091088635998,0.10635786952612303,0.10211451156262207,6.0938570418499225,5.850730539578089,0.060526174774997464,0.07204820653774993
25,206,0.5030828077393216,0.599496469036705,0.03196771199144457,0.04239960841810149,1.8316149777995259,2.429318615364572,0.007948955917177869,0.007301133351173305
25,207,0.42431203396891937,0.5346950510061291,0.02302182726843643,0.03196904705298878,1.3190535391606,1.8316914711913994,0.0017276809141766637,0.0035201201921843447
25,208,0.4155982043432216,0.5278566169049446,0.01875499279943301,0.02814679591141613,1.0745819322057604,1.6126926125402254,0.0012627787632450548,0.003008572556357679
25,209,0.46151273961225464,0.5640109390079305,0.07262857827570592,0.06762449666516995,4.161311007233487,3.8745982506107484,0.0487583735316409,0.060367462590622194
25,210,0.5525988986318506,0.642302452402082,0.05508109262639866,0.05840518377193996,3.155914138461802,3.346370531818126,0.014504729282576422,0.014213701666410727
25,211,0.5289389302168859,0.6211153209672244,0.02207130650290562,0.027782414243475155,1.2645927109561403,1.5918150808352702,0.00419892985835409,0.0043116693538505025
25,212,0.3963922100942749,0.5127051918300121,0.09214544703119801,0.09135671101326148,5.279545216233927,5.234353971256209,0.18496620204091363,0.20832461963222088
25,213,0.3821432917014178,0.5025059756192298,0.09413428435402822,0.10329977307634515,5.393497200970196,5.918641021933709,0.018302892244008273,0.020601165454644632
25,214,0.5281376290548797,0.6231045963855486,0.1279273084538566,0.13791284547118862,7.32969485887424,7.901823986139017,0.03180919748243216,0.030431539590288582
25,215,0.44476110707334365,0.5504811414006664,0.07359538441164397,0.06566510343704743,4.216704918430088,3.7623332882328135,0.036169309736023614,0.04590807901933369
25,216,0.3587712239827614,0.48399501732482275,0.14130293356141363,0.14440221296175557,8.096061725886475,8.273637355057906,0.5935707974367632,0.6167743036577527
25,217,0.648619478129037,0.7274814334946537,0.09683412732891464,0.09408271488809875,5.548186808779232,5.390542488220693,0.06200764983465145,0.056873451092011196
25,218,0.4699370224096238,0.5730685090283081,0.0615306270282496,0.06612251599049115,3.525445239512293,3.7885410970414415,0.02239042826332239,0.021506815995971595
25,219,0.3993310093949454,0.5151514928128051,0.06432139668001838,0.07325096442393358,3.685344562151838,4.196971106754336,0.012114448142770833,0.017243478879781875
25,220,0.5595361450783606,0.6546774949729562,0.2327149157844617,0.23620009453612803,13.333582504192039,13.533268537511193,0.14450599234835382,0.13494206527714364
25,221,0.4236301902823175,0.534702803110389,0.05312908521335004,0.05561754364238565,3.044072352115866,3.1866505175933617,0.02380120440980685,0.022101651643554147
25,222,0.4807047982677311,0.580013589496658,0.04492814839689359,0.04426643561468064,2.574193284479458,2.5362799348087965,0.03292576325900806,0.043543535864300875
25,223,0.44797575638271375,0.5529039200486645,0.032698179766599014,0.025908216701950936,1.8734676983861867,1.4844314717321376,0.01988045532370348,0.02880380121011718
25,224,0.43685035033253294,0.5472292524168598,0.09888028815501339,0.11066810386052722,5.665423188319693,6.340815277923662,0.04727441804542399,0.059563506764773365
25,225,0.46890568994129894,0.5800468137025113,0.3796908052718489,0.3840635740248944,21.75468066200053,22.00522185633672,0.26581023842120016,0.2568394524802723
25,226,0.37990362349380324,0.5000536388781394,0.06080180184260736,0.06676071066484153,3.483686632372154,3.8251069583894437,0.07086520828196924,0.08058197055737285
25,227,0.5693264564877334,0.6560581157791162,0.091299065814362,0.0818330365640154,5.231051144650077,4.688687619857831,0.07549317964868224,0.06258765709148638
25,228,0.5492596417749874,0.6376683156799828,0.09308426361777924,0.08395079165784618,5.33333544438191,4.810026048776665,0.01934427027600589,0.020088875545632295
25,229,0.3856598512656754,0.5035296373900826,0.1587352024119681,0.15427202473988275,9.094857158360616,8.839135914533102,0.7223742335732495,0.7173051934427971
25,230,0.39361268129015997,0.5097956415613405,0.16980957598062638,0.16417350098901223,9.72937202459597,9.406448714557248,0.5308868203020912,0.5592535553893366
25,231,0.34420821236278043,0.47347460697092736,0.14414024247932047,0.1503765880800521,8.258627552057368,8.61594383456427,0.5045285980265728,0.5095320212204647
25,232,0.4724360870780895,0.5732418388941098,0.08081323615319838,0.07488979287408225,4.630257360372307,4.29086906029382,0.020327815427887454,0.023624009546152888
25,233,0.4995282549990167,0.5966442380054525,0.032383937085924595,0.045143685536622076,1.8554629190406653,2.586542652914222,0.01802173484383883,0.027464276633621686
25,234,0.5499053711628076,0.6383653085210247,0.05131318012403924,0.04630836762267833,2.94002865450203,2.6532740209197376,0.04413576700212854,0.05376851650835478
25,235,0.37029638077676974,0.49249561875037046,0.12648850953794874,0.12657933734873586,7.247257753424721,7.252461803645236,0.5090106242801096,0.5196437038302539
25,236,0.40370640198537616,0.5182859102323943,0.03891615504886779,0.04591356649533868,2.2297314391768546,2.630653582576169,0.002718816130307941,0.005217129891526637
25,237,0.42022379330818743,0.5306544859076827,0.09288258332341787,0.08677766214422106,5.321780014704047,4.97199379687604,0.06683876132298372,0.08106341430941552
25,238,0.4692935217488539,0.5724191428512652,0.05483415484774769,0.06853463728565053,3.141765645942766,3.9267454669277035,0.036251364875186265,0.04948282397226332
25,239,0.4133986978222089,0.5248627723715025,0.14604750310047604,0.13875987414914592,8.367905536081082,7.950355154512517,0.41000832683028554,0.40858925224073206
25,240,0.685293341070481,0.7598297307090148,0.0547016169343573,0.05878524601829292,3.134171782880026,3.3681464944864117,0.012335671562970298,0.013633364096717556
25,241,0.5957339363576626,0.6789538774435437,0.036062613746023424,0.03588323041107234,2.06623556585761,2.0559576578499312,0.0181147582452511,0.013507686964440381
25,242,0.39649879739773763,0.5130623924395248,0.04134087970597859,0.052746076924824796,2.368657928510609,3.0221275936648406,0.036915029108435624,0.049695921170923446
25,243,0.57375295043504,0.660654226956637,0.060494675843826715,0.07066962829396915,3.4660896088632827,4.049071441002741,0.07186145816464921,0.08609024255625014
25,244,0.3565149843271584,0.48201913872258245,0.05933680381979908,0.06105462593806807,3.3997484286702293,3.498172386001265,0.12750307372096312,0.14538639172914142
25,245,0.5787631499606432,0.6646330454943891,0.030543445339365566,0.04109800468014641,1.7500105097341714,2.3547422145812944,0.022315743152675205,0.01839572433186528
25,246,0.3498378963490269,0.4772632673981592,0.18716867769675288,0.18911387968649657,10.723975289068322,10.835427153381085,0.8067679272977368,0.816203318635648
25,247,0.40946778779795256,0.5234884730824038,0.0894776736181134,0.09627864512188367,5.126693058966969,5.516360022721745,0.04172106865198064,0.0355808630953018
25,248,0.5084212251089723,0.6038586354561518,0.039108000593669756,0.039420511043271114,2.240723379212395,2.2586289090282885,0.009792354402134522,0.008909344623320539
25,249,0.435402433675762,0.5446249138693695,0.08428256025696192,0.09673528949232371,4.829034989280965,5.5425238178863685,0.010532065633766095,0.015445746174778882
25,250,0.37908341620151326,0.49995693785979256,0.10019267309619753,0.11136423213682915,5.740617306546069,6.38070049015548,0.05951898226567687,0.07842330967532248
25,251,0.36860052283954065,0.49158004050836285,0.07352232479143123,0.07787091298977554,4.21251891053907,4.461674661144597,0.17320609482734942,0.20131440513160773
25,252,0.42852210973932536,0.5396089639630116,0.10025191522334168,0.11239874580148816,5.744011630400806,6.439973756989053,0.029739073687514495,0.04098716733674441
25,253,0.3622812297251742,0.4871203280587922,0.13251012479566118,0.1428246383292515,7.592270893543226,8.18324898674852,0.08368589741024628,0.09755285318690057
25,254,0.7554611530089572,0.8222586876745528,0.047541072662004594,0.03733938419920021,2.723902817057641,2.139389124231645,0.019055440561632157,0.015294998959369914
25,255,0.6690913066763281,0.7475408352387174,0.20522531195958246,0.19961926935580837,11.758544224539774,11.437341643572987,0.4908677219015821,0.5115510745164225
25,256,0.40591519643764784,0.5197387722180414,0.14064843756223355,0.1359429402008102,8.05856186742526,7.788956728105756,0.3862125068653903,0.4008848460399821
25,257,0.40381658519679897,0.5177395748745642,0.06726951361165329,0.06167687939622489,3.8542592198455767,3.5338248829410714,0.0694908640915233,0.08199508501562831
25,258,0.4424639822256808,0.5505791009654802,0.10485652476793349,0.11401163245230338,6.007836323611572,6.532385354913756,0.01988429617381874,0.02301570094549698
25,259,0.5837053294197083,0.6681442472494336,0.052811420586855375,0.04985993175515235,3.0258715097171223,2.8567636563805405,0.03889710524818654,0.04561746140318947
25,260,0.8341152322428086,0.9021254038881797,0.18785139461252565,0.19372734367247843,10.76309208694429,11.099759168713447,0.10101506359666054,0.09356582031879929
25,261,0.5202279431102741,0.6136486418262457,0.045281954789592314,0.04193783833763198,2.5944648975458433,2.402861138648253,0.034696181642159415,0.029603336663632147
25,262,0.5205045656748272,0.6157363775587003,0.06403366995877985,0.0751577137238553,3.6688590353717334,4.306219794229374,0.01995599030426156,0.01762525007866153
25,263,0.5647585010550841,0.6518115507025615,0.16135757904922568,0.1556153242520897,9.245108271969187,8.916101307204544,0.2778178706241741,0.28870443063681284
25,264,0.4978939274663259,0.593687772524072,0.028684724511724873,0.02174964764761618,1.6435136510172963,1.2461630161050463,0.030335272279895197,0.024280019246913268
25,265,0.6847425928508494,0.7599194027603896,0.09620690037028592,0.09302302860887211,5.51224935125298,5.3298269368130855,0.08650282334888341,0.07573932702278509
25,266,0.3714519343142833,0.4929314833972292,0.16552489652251462,0.16232013764704414,9.483877975079764,9.300258817158214,0.828542919129759,0.8438574946958314
25,267,0.42812068703002015,0.5378235714777952,0.0663890738774286,0.06473194608356465,3.803813738958882,3.7088673102566534,0.029901956955404495,0.040072071848924855
25,268,0.3861011573494776,0.5042300517240778,0.0743243186424777,0.07025917293828671,4.258469773399476,4.0255540814435955,0.05605770318530131,0.07024643199054986
25,269,0.502383546319362,0.5987904236273122,0.030438539688565535,0.035638433993980846,1.7439998586962564,2.0419318563106645,0.011433261529737958,0.01013361433903667
25,270,0.6155395254217108,0.6980317738632467,0.25492728581757573,0.2467582416786922,14.606257560072338,14.13820580825823,1.044986152381328,1.1030232699672406
25,271,0.5288669887296351,0.6209143979583021,0.17034731727851357,0.16215302259873446,9.760182331434793,9.290683830196945,0.20015707305700622,0.22128497180361212
25,272,0.6618799520959209,0.7409012695176198,0.09453549704693215,0.10237439227459172,5.416484994960669,5.865620607550805,0.04928324127735345,0.04576853037442896
25,273,0.5644271856209923,0.6530376499868731,0.08530941343365143,0.09270816598024753,4.887869342484875,5.311786637066502,0.05916939635887107,0.05238506034147159
25,274,0.39884491451105336,0.5156332345645807,0.079377761538959,0.09063138956757848,4.548010723378221,5.192796113628246,0.011563884702619168,0.014510614785981
25,275,0.5240178455507184,0.6170584428234617,0.21147167688610904,0.20327220889761707,12.116434572128291,11.646639662135078,0.34180083389332533,0.3664698425219587
25,276,0.7291576666801743,0.7996644949923747,0.1835605973367949,0.17523500380643162,10.517247512298686,10.040226141067448,0.20653133631501241,0.21756843960560415
25,277,0.4876833993152961,0.5858439426712305,0.08857906177990763,0.08146247931787924,5.075206393217285,4.667456253586238,0.0239969641761891,0.028402382122716507
25,278,0.3737752258869969,0.4944844627302436,0.1371467302352812,0.13237255088937744,7.857928816500853,7.5843884893420395,0.5457272245439461,0.5568470400519431
25,279,0.4058096273360254,0.5282316544564237,0.5526555803982874,0.5554042090413474,31.664832281174817,31.822317101870922,0.49286116656971896,0.4802407498762812
25,280,0.4242297164147722,0.535889007849097,0.05670854077584861,0.06820401066573704,3.2491600488016603,3.907801957011985,0.031804155966875344,0.043030480171307714
25,281,0.7828329420515351,0.8496984767420191,0.12811314427298398,0.120715514435665,7.340342466992595,6.916489498914168,0.057658734675157704,0.05348142381811804
25,282,0.5468424948053973,0.6391227973472691,0.07408420031254119,0.07671149146163038,4.244712006510385,4.3952447009052715,0.05344965830928279,0.047364045230187196
25,283,0.4283067869328875,0.539150308654747,0.07531203057853823,0.08453181952937668,4.31506149871044,4.843316493594832,0.10649261289573698,0.12602971946792418
25,284,0.4946890512867316,0.5922160700954077,0.029735653155036557,0.03441462739115541,1.7037274268484652,1.9718129030285239,0.01394733093052851,0.012265784197686497
25,285,0.36024720483059136,0.4851844131830931,0.09040279547050145,0.09898110792958216,5.179698636644129,5.671199735893944,0.22998331354589047,0.24761816345133347
25,286,0.36734440662339546,0.49038452450143877,0.07729122484061043,0.07748199955436792,4.428460976763687,4.439391562699807,0.17678173706821756,0.1928985321429231
25,287,0.4351319899857266,0.5439537248538624,0.03722884908861268,0.04259881772466152,2.133055928906968,2.44073246787019,0.011452920579168514,0.012185902740982964
25,288,0.5488795822616601,0.6381151711745134,0.02114224415688712,0.0274142447423314,1.2113613596247574,1.5707205222742961,0.008895024140181406,0.00817028028738058
25,289,0.4986249690148811,0.594920227614434,0.0321650540680564,0.0330288861580668,1.842921845909731,1.8924157788752922,0.006941804799825644,0.0061063169059528185
25,290,0.5351047858410705,0.6260876085713436,0.0972743433989564,0.09064895114851468,5.57340933166646,5.193802318097467,0.027541954888558248,0.02978581513336654
25,291,0.46503997008525105,0.5674837498414468,0.023664849339430895,0.03481596571158766,1.3558959899623444,1.994807894946161,0.0013642789076818047,0.0030593444168207935
25,292,0.3927552771638143,0.5106401101241488,0.04541497548258422,0.05822060021806261,2.602086421842185,3.3357946732134276,0.033919271963151795,0.047863714340789204
25,293,0.3593309583361752,0.484229048123932,0.21007064521787946,0.21007784336946717,12.036161370574563,12.036573794280834,1.3112403069555805,1.3421181904217343
25,294,0.37283161783851915,0.49430910190357746,0.0704094966589179,0.06745365741144084,4.034166996196467,3.8648098823969055,0.13416275681581105,0.14626300389593244
25,295,0.42414645037278437,0.5351536392714439,0.029149305307941575,0.041211285934104135,1.6701321698833407,2.3612327523310213,0.013281553229762334,0.0208549756134186
25,296,0.45052508067054065,0.5566886010892189,0.050242219916958604,0.06269091946461107,2.8786671546098535,3.591925099116757,0.004081192769204687,0.007499055231831819
25,297,0.4789610962114024,0.580927479225531,0.09063331501211026,0.09913791522746888,5.1929064334736035,5.680184132259703,0.053662385597655814,0.04851339676460355
25,298,0.4241044034933344,0.5339358047538048,0.29431984338219425,0.28614305124282524,16.86328485275112,16.39478917320953,2.2651701802731035,2.315695880172608
25,299,0.42705261731486016,0.5368596863022755,0.08585528610923937,0.08587364696044103,4.919145542947579,4.920197542229701,0.028922466264173614,0.02557779475124545
25,300,0.5059801539837497,0.6020091965648647,0.057899088187965506,0.057057034133817915,3.3173733908261807,3.2691272474016433,0.05715356643003978,0.046945630981557386
25,301,0.40815526276626,0.5222178710772697,0.13438446869325638,0.1362660051551994,7.699662888231532,7.807466986500844,0.05762813394064939,0.05147995926920152
25,302,0.3928825824591989,0.5101780329906984,0.04819667441540597,0.05625963745040034,2.7614660305689163,3.223439782844087,0.04883174778006197,0.06111347625777334
25,303,0.5654298652316443,0.6523267953522736,0.02541699731363589,0.030212557844091013,1.4562866739666875,1.7310520527612845,0.025892429327050832,0.021464118937476215
25,304,0.4216751753763233,0.5319782989048196,0.09012205384691957,0.08267202581888523,5.163613326479236,4.736758163218697,0.024724289881816366,0.030428790118972912
25,305,0.4384014362315838,0.5475992685066936,0.08259449664741747,0.0951846537364849,4.732316068904448,5.453678933514726,0.013488963321494015,0.014273708901111768
25,306,0.5607508740836169,0.6516907504091757,0.06750731388571102,0.07832041991286437,3.867884171916139,4.487429510699499,0.018727668385740217,0.026230627943406592
25,307,0.42715427047586985,0.5361839254652853,0.08538579545737503,0.08058416334921778,4.8922457100749055,4.617132455502992,0.1257572092472498,0.13713230804527277
25,308,0.4689071844404091,0.5699840313739031,0.19029679894662196,0.183382535191918,10.903203434491008,10.507045302906192,0.5984597986781233,0.6216763911686329
25,309,0.5408528108792131,0.6315269323172219,0.0375221030421701,0.04609559128625411,2.1498581427713335,2.6410828348623743,0.03102506798564699,0.04251050594048302
25,310,0.4873375180029725,0.5861854992048829,0.042379751217376,0.04022168420398915,2.4281808815700576,2.3045327497965884,0.017557222269375193,0.014971759251835018
25,311,0.4068127618621003,0.5206093399885131,0.09845971207681033,0.09750412864155666,5.641325954074493,5.586575056261846,0.17820692316933096,0.2021832060628034
25,312,0.5603600503614293,0.6475778584956514,0.10601396445030582,0.0982259095378059,6.07415273245247,5.627930055350097,0.03086373358955516,0.03117107828610243
25,313,0.4450312687545087,0.5525926504841833,0.06621101589597178,0.07893326076593922,3.793611768112788,4.522542705093885,0.03673376930219333,0.04906575916454056
25,314,0.4471089230604757,0.5532795214754869,0.05052977652265298,0.05558743993179713,2.895142934487249,3.184925702028956,0.043829491980040915,0.05540520320720946
25,315,0.4106511177058738,0.5231569433783406,0.04493420802261295,0.040474861693080795,2.5745404754586065,2.319038751389259,0.030436130295014036,0.040639197541198886
25,316,0.36904595083411684,0.49285155232152633,0.1372368101623005,0.14165263061601077,7.863090016137905,8.116097891223047,0.11025257501051261,0.09930584439120703
25,317,0.3595451847097064,0.48394853680300975,0.2595591660041837,0.2547385298130323,14.871644745975242,14.595442637654246,1.6530641084723126,1.6909330953541015
25,318,0.3886164375555469,0.5060621932663089,0.17076753740047015,0.16710824215771627,9.784259170889378,9.57459699748728,0.7529585209728267,0.77373941343583
25,319,0.40166230226695077,0.5189662821408584,0.1347408956122639,0.13981734675863353,7.720084646395514,8.010943871986841,0.07623497814536115,0.08324324463254527
25,320,0.5664615377115542,0.6542443005210398,0.032214543954771906,0.04550354299605725,1.8457574075471102,2.6071609665661577,0.01132476970140793,0.010574071353173009
25,321,0.527887975773025,0.6214476067462725,0.052110337819008055,0.05920697403788188,2.985702426030121,3.3923097301112697,0.0329947406279228,0.028132089292522314
25,322,0.44919976655351945,0.5559405785294211,0.08278110839528927,0.0939567244306732,4.743008134465062,5.383323766751286,0.1045402347537163,0.11875317760451257
25,323,0.5813664542835553,0.6668562558612163,0.08104693616136234,0.08533071773592363,4.643647384512275,4.889089989090543,0.07536102761965055,0.06649714123730184
25,324,0.5199997222567415,0.6138865193961069,0.027904427760641563,0.0375429693503076,1.5988059404124524,2.151053694161632,0.004044204228279214,0.005225735496045385
25,325,0.41587198197449154,0.5276010971188725,0.01975456577446098,0.02207639002345884,1.1318532449901986,1.264883975228908,0.0054416170658797185,0.004769733216635963
25,326,0.48519387129780306,0.585834082325108,0.09792505907585292,0.09702164694441379,5.61069259361563,5.558930891323249,0.06805843416581708,0.08003533649187183
25,327,0.4510547607833221,0.55762262931688,0.08125266024548214,0.09422355435531884,4.655434506276534,5.398611995281276,0.010944356361425201,0.016785894128296903
25,328,0.43227608245613647,0.5411319339089126,0.05870464531898729,0.06125460240919443,3.363528414590396,3.509630193798725,0.058434375052901284,0.07551383790725431
25,329,0.5800827373822675,0.6648789051591272,0.1307068701617669,0.12551087197649136,7.488952013633676,7.191243247259751,0.10420296920564577,0.11660426302545887
25,330,0.34424668256457497,0.4732549778190587,0.14317146750374463,0.1484066715254346,8.203120834658982,8.503075929991734,0.4577454014279835,0.4672681543034894
25,331,0.34547697624000245,0.4740700142042127,0.12599048028350648,0.1328184150737166,7.2187227790711335,7.609934625340717,0.30069711596482435,0.312838405147979
25,332,0.4428713212255094,0.5495290242391533,0.041289502928883594,0.04965752671451897,2.365714256018081,2.8451667018000744,0.009247500220766711,0.008245116036270038
25,333,0.43578105010751594,0.5447582567576474,0.06753248902520956,0.07541797245032411,3.8693266011580585,4.321131520837487,0.10589937120550708,0.11935582541896958
25,334,0.5331776490227693,0.6252568083392124,0.04840396684413562,0.04849496027099574,2.773343011860142,2.778556551182659,0.017223710874227666,0.015508126477524335
25,335,0.6654928793170216,0.7439352826511456,0.15733845109717673,0.15194272380228055,9.014829202993724,8.705676801592631,0.08003159300296361,0.08061815429138111
25,336,0.4619280907162547,0.5667847023762018,0.07086985319304646,0.08340248540392227,4.060543482673303,4.778610414546197,0.04340382224689176,0.05626874488354961
25,337,0.4478691662049362,0.5530471200185519,0.06907918583030567,0.06687915149329164,3.9579458002764345,3.8318931179816684,0.07301372339571018,0.08584817271753739
25,338,0.3791960112684247,0.49929165940665976,0.0684884044429035,0.06787281304971986,3.924096520163406,3.8888257314294057,0.1090803693705435,0.13080752925425843
25,339,0.36938440822979607,0.4920744720634965,0.05312096187452685,0.05042353890564986,3.0436069190857427,2.8890559674074425,0.006590617356086651,0.0077596964159325306
25,340,0.3885671853700497,0.5091879327008643,0.3418777727153387,0.3455905306966077,19.58815348592172,19.800878848601943,0.41746193955452887,0.3864558381277868
25,341,0.3674963665033665,0.4906593745744825,0.05101066626808977,0.06046822468234963,2.9226958873118973,3.4645740689474267,0.025448658348081965,0.03617403892837936
25,342,0.4074941797567657,0.521876581150371,0.04519825000893537,0.05648428949408485,2.589668966889132,3.236311396806198,0.021108748433795763,0.030466423005099767
25,343,0.34334788185164133,0.47240953253284595,0.29573441910934617,0.29379760264878313,16.94433407171858,16.833362662836848,1.430114965416449,1.4600182006206248
25,344,0.43830750834234405,0.5455772184202736,0.046253355899868516,0.05174454489287008,2.650122081378992,2.964744035186674,0.055201622568626436,0.06655765192513656
25,345,0.5000542469251115,0.5967012232458504,0.04201052856851031,0.040837447089456386,2.4070259820894124,2.3398133643146584,0.03786155158963886,0.04801062871752221
25,346,0.47645190341092863,0.5784777063091586,0.07209550868628228,0.08045431940229326,4.130768369572741,4.609692945348896,0.01721955370902678,0.0180521715232308
25,347,0.6718980186577257,0.7492210504672189,0.048080615606609506,0.056553608940819934,2.754816350649563,3.2402831085423003,0.02206243643210034,0.021515561568355865
25,348,0.3709650650344875,0.49342702772717983,0.08371840440903214,0.09605444349291105,4.796711240206965,5.5035142156216565,0.1003740638837027,0.11995533204162302
25,349,0.4297456375658054,0.5387237122942883,0.119905950038261,0.11639126747383073,6.870104875698868,6.6687283984287955,0.15450344386588405,0.18091476846043644
25,350,0.7948348043221247,0.8656855618738604,0.3486884263034657,0.33840730574279826,19.978375192247025,19.389310375455608,2.3934537571567494,2.4371452695987905
25,351,0.3354879030601319,0.46669764341931946,0.5198741163261509,0.5193670459698316,29.786592743581654,29.757539752248363,2.6548394329744127,2.6937458897768285
25,352,0.4054258370232266,0.5188900418526927,0.05703200438390742,0.0498265284514507,3.2676931483695038,2.8548497880566424,0.0649783320006789,0.07631404917834536
25,353,0.4481549766114702,0.5536492809503647,0.022671131915772018,0.028940756881028894,1.298960175558077,1.6581832251971516,0.0045663869825163465,0.008692232471851524
25,354,0.40395041767706796,0.5181905275723427,0.11316315821296652,0.10692843386669766,6.48377136197418,6.126547970505514,0.06926710243171008,0.08215710033806622
25,355,0.5121157201029846,0.6069013731740679,0.20021569087884517,0.19205607183987305,11.47151407965376,11.004002346286065,0.2855645930431676,0.30527773816347537
25,356,0.4675839016418263,0.5696035535551143,0.06257968080653792,0.06144775224001114,3.5855515934904663,3.5206968639181886,0.04808041246140608,0.05989427357467543
25,357,0.550123163714181,0.6419713840360837,0.07445093523570084,0.08699926943671724,4.265724369807487,4.984690959445392,0.056751263015408365,0.07082037374275367
25,358,0.48930241050403855,0.5884410062693736,0.16739121529019724,0.16475998331989733,9.590810163694035,9.440051676875958,0.3689232700381229,0.408555383839864
25,359,0.7887876816029221,0.8597258037401585,0.12814635670006314,0.13166616144425788,7.342245398891617,7.5439153554441,0.06774154036065716,0.07394688228611551
25,360,0.5003031935819102,0.5966696917519605,0.060729259122505846,0.05720807189465649,3.4795302406759383,3.2777810736447996,0.02293677996734428,0.03045536931435897
25,361,0.6288984483397586,0.708064517963149,0.1035676678547809,0.09422663641200131,5.93399026209167,5.398788584121402,0.028723680844739204,0.027369397973435475
25,362,0.6151921395067788,0.6964207645301387,0.03838063273967783,0.03765050709722001,2.1990482710251698,2.157215153198059,0.038093197000095606,0.032988619309860426
25,363,0.5332098545600785,0.6257656806868113,0.04252498660309034,0.05191552903491114,2.436502256207444,2.974540704889292,0.021980066860743955,0.03099390769606669
25,364,0.4744408775618437,0.5754660724911685,0.04893420712354293,0.05182525607602389,2.803723541998018,2.9693684453408946,0.02434837656031107,0.03351170824325153
25,365,0.47537537709984834,0.5758101934869175,0.0670932847533986,0.0695187974184389,3.844162050039174,3.983133688901512,0.11340720923940037,0.12698292249466137
25,366,0.41899794565427595,0.5302058214420731,0.06505703751936873,0.06977458485366872,3.7274936774840746,3.9977892293926565,0.12822039783181324,0.14113538456276314
25,367,0.4581332284546381,0.563581646798856,0.12131137255788202,0.13037714587902124,6.950629654505794,7.47006020382937,0.04275932935526362,0.04115275991366891
25,368,0.3824816369540243,0.50319641599105,0.205626444691609,0.21011811298610444,11.781527437109448,12.03888107335676,0.10494559624479921,0.11097201563669264
25,369,0.7630388189535695,0.8320641925498088,0.17181664116265113,0.16558624331217264,9.844368388733644,9.487392887213845,0.11353017496873313,0.11502193645735367
25,370,0.585536918343628,0.6707791347238915,0.21137801659745892,0.2018463426175776,12.111068232880662,11.5649435421388,0.25711877788799825,0.27062777106975344
25,371,0.39717983951513885,0.5137073923786731,0.10382334445566799,0.10273787702633105,5.948639452242751,5.88644674974283,0.19276342830049575,0.21349664714997707
25,372,0.5687378355430387,0.6544289013329865,0.030355268193157675,0.031444907567992314,1.739228753455643,1.8016604908249414,0.01974566467284028,0.016093977593294763
25,373,0.45370382625141464,0.5587093894243569,0.04423867082831496,0.04965818379280493,2.534689129730961,2.8452043496126693,0.03730289939914619,0.04853011564504092
25,374,0.39785184134372864,0.5135558521281555,0.1599709255930275,0.15659880157938083,9.165658881281802,8.972450407305132,0.7695589874913837,0.7706005366865623
25,375,0.3760214204149494,0.49653364072048994,0.1706850660458771,0.1697527683671543,9.779533910340469,9.726117188099808,0.9918062104535432,1.01003536311516
25,376,0.3942472552151048,0.5112911475249031,0.03143687389714171,0.0423847808385285,1.8012001953912045,2.4284690576346453,0.005420009629071132,0.009005368533136271
25,377,0.4064368567073243,0.5207074577593415,0.0753666539718198,0.0769183661332581,4.318191188608157,4.407097746477695,0.16550329505514624,0.1890904097735518
25,378,0.49463788065553166,0.5927920924568585,0.0961657971769126,0.0911441698833512,5.509894311748179,5.222176261539408,0.04547922382752985,0.0416168576964451
25,379,0.5037183978809464,0.6017110404231628,0.08410485858105682,0.09358654491749811,4.818853433239202,5.362114042984147,0.017234811019242194,0.01650192597173495
25,380,0.4930431656819233,0.5907594599013811,0.16451527942531965,0.16610366233608723,9.426031176486244,9.51703881352393,0.22604533353315737,0.20094606889432792
25,381,0.5927028121409448,0.6780743861751722,0.1167671936620687,0.12115174229295046,6.690267382423272,6.941483514042661,0.05142425507150707,0.045609405379524084
25,382,0.6904887177153206,0.7646866582887737,0.0964479495321788,0.10063084829660536,5.526060450884608,5.765722896216737,0.06253849411869153,0.054309056884083315
25,383,0.7561845065556686,0.8233099718533339,0.0508903799221993,0.05145033335537272,2.9158039873593227,2.9478869558040204,0.0450258662596071,0.03719273662483455
25,384,0.5099977583958618,0.6099494731215559,0.23236079716255995,0.23748935355014889,13.313293001710079,13.607137637713786,0.14131501092751017,0.13258252387951108
25,385,0.4703952286813989,0.5803176056971503,0.3310461276921645,0.33450146090232247,18.967545940909954,19.165521950663397,0.2045053198833678,0.1987082576315793
25,386,0.619856566850365,0.7022393117630147,0.09589058051890414,0.09909081260301147,5.494125558792599,5.677485350674305,0.028634489731171497,0.025269618277281025
25,387,0.6906772169846531,0.7681564025747178,0.11953577322361983,0.12775454305908113,6.848895306546331,7.319796130907694,0.027866275536481,0.02716267413442342
25,388,0.7601845305308735,0.8317102967265296,0.10862619611426284,0.11764670304901996,6.223822581907644,6.740659558337717,0.02575180322971539,0.024402707379109802
25,389,0.6383598715561761,0.7160027974408583,0.05380886878453926,0.053140343715048666,3.0830210817273396,3.0447174167468383,0.045167461799367536,0.03783461009466505
25,390,0.652656398391661,0.7553418730277768,0.5729346161309703,0.5760420717900516,32.82673544125253,33.004779535541935,0.5349884032314909,0.5209320051885653
25,391,0.6400836596420547,0.7271407103523949,0.3077582882339544,0.31329864529055174,17.63325102597629,17.95069010231484,0.21659725376176717,0.20531201842644528
25,392,0.5412426668952011,0.6326595093084642,0.08563020257418856,0.09217024856701636,4.906249206351282,5.280966239561761,0.022588728162049786,0.020117015512325927
25,393,0.6518957468413304,0.7317185940092074,0.11967489036606385,0.12685988745558616,6.856866131666294,7.268536140709703,0.053873165953789916,0.049032308708942304
25,394,0.5406367816910377,0.6324170479424096,0.1115166280724192,0.11349294993912432,6.389432134079737,6.502667036001356,0.164427050664514,0.14392109351803756
25,395,0.8592183641946223,0.9204483045879862,0.12717669209949525,0.11906254828814505,7.286687709735839,6.821781514983276,0.17861934040489377,0.15440252207898317
25,396,0.590260982794891,0.6751712306317836,0.03765376364433838,0.050877879959581554,2.157401739603727,2.9150877922572547,0.005420911888326628,0.008315077367678841
25,397,0.4922244010681583,0.5981756158661458,0.290982279743971,0.29483574740964086,16.672056542424603,16.892843976157614,0.17052044900149488,0.1638233982930602
25,398,0.5115673679794329,0.6060013959145807,0.012018560016468451,0.01775004337403877,0.6886127647683234,1.0170025715065731,0.00030945209318363463,0.0013059647059260266
25,399,0.5940431452924136,0.6882522920554375,0.32556160766343556,0.32793547476682433,18.653306090608815,18.78931865675794,0.2375058696457679,0.22514879637019475
27,0,0.5652429594181865,0.6456515694681242,0.168812744181209,0.20863929412611806,9.672257769604922,11.954150994015192,0.0910023373751386,0.1457023681988642
27,1,0.5359974350518079,0.6146378522001608,0.06048275758213941,0.09680110514369246,3.465406742769468,5.546294776935702,0.023963448546878797,0.05220836787479637
27,2,0.5061008458740717,0.5866196392695227,0.10785832774560754,0.06762013547322783,6.179826965162099,3.8743483727188184,0.057123631888657087,0.0366800046899773
27,3,0.39677894184738616,0.5030546402407116,0.43318710186548376,0.4745880211877376,24.81979267639589,27.191890621522653,0.43414215221876107,0.4862789544137523
27,4,0.4930350235214625,0.5771576135202631,0.031291956021264535,0.044623613348636,1.7928970127274415,2.5567447115004853,0.013657109379281994,0.02505651580088227
27,5,0.49983126435209835,0.5812025617980755,0.047240669761236136,0.01484549980234865,2.706690998690121,0.8505844834368754,0.010940765205046,0.013776658180690404
27,6,0.43321971452498065,0.5285129514076613,0.11691248464872742,0.10840544890085804,6.698591942760108,6.211174698240275,0.43892751734432106,0.38309177692196766
27,7,0.4809417780221385,0.5721889902836574,0.32495516232318516,0.3620566763933538,18.618559332107093,20.744319501872997,0.32004137110469666,0.4538488601184774
27,8,0.3676899362985012,0.4751180976448162,0.16905361932976667,0.1857411351300542,9.686058899006863,10.642183124921214,0.6419472822189909,0.5951811879095015
27,9,0.4584125193373552,0.5462536171049712,0.15069529644595547,0.10973484654592187,8.634204478826042,6.287343572597063,0.07409514052321094,0.04412303469408589
27,10,0.4112195466052052,0.5097260826897012,0.11592625450833938,0.09794949695929071,6.642085118087278,5.612092781196848,0.3611625836551904,0.29952535138728587
27,11,0.5463451168738707,0.6209936981201765,0.1446710863195479,0.1028643375490293,8.289042663682917,5.8936924039684575,0.11705690593708669,0.07776475361603871
27,12,0.5911106918350919,0.662166211036421,0.048555476691312625,0.03533006806735054,2.782023886658056,2.024263790169107,0.02495711802855458,0.039886890369212225
27,13,0.46934806427946446,0.5594237636857716,0.08479805029531048,0.10973025857672128,4.858570392859375,6.2870807013253325,0.0131606979330415,0.016771829126883058
27,14,0.5006805894486757,0.5852321641415028,0.02747425681348179,0.052378359236161506,1.5741589606710524,3.001058922052129,0.00425806600213704,0.01027990033740719
27,15,0.4929941556999539,0.5798136094983815,0.05409215177492885,0.08496736454140802,3.099252001484508,4.8682713845722025,0.008710983492074338,0.010101794898818552
27,16,0.8258790351640695,0.8760646913401363,0.07481388381004452,0.03409041934639278,4.28651979129767,1.9532371503794366,0.022070738722395435,0.020562514891610588
27,17,0.3984140439999032,0.4980024656609205,0.11096951649934884,0.08293595922449899,6.358084950020042,4.751880433432881,0.3140149042546271,0.2571339719885152
27,18,0.48612137180843124,0.5704549353947186,0.08089177380792045,0.0443943408534767,4.634757236520738,2.543608365169424,0.06370121211889676,0.04181368227767632
27,19,0.3739854636995742,0.48037473549605475,0.22970582363736722,0.22581272575363925,13.161174223997566,12.93811614602864,0.7597904744854758,0.6810025128148142
27,20,0.5100183510976324,0.5930736212895132,0.07026490055989491,0.0645073702764733,4.025882249988394,3.6960000643295743,0.07321604728105546,0.05416899186664302
27,21,0.4671428831368174,0.5533883586198151,0.09164777422568797,0.051228884075277925,5.251030664899767,2.9351988466783783,0.04417062217723339,0.022508008852674056
27,22,0.5442929110166261,0.6193511741040016,0.1817629588794652,0.139615125854695,10.414250415603286,7.999357467661843,0.13961590880880137,0.09559759158350556
27,23,0.3924597471647297,0.49276955882290435,0.19055972843944619,0.15244667355272398,10.918268184739352,8.734550995379712,0.6595588747627861,0.54105556986342
27,24,0.48959445197185075,0.5721375953690003,0.11210183489514539,0.07176486375231744,6.422962015164208,4.111823810339174,0.028627000637257205,0.01748341851679873
27,25,0.682255208085374,0.7427327948841822,0.07834990191360147,0.04115670661401028,4.489118704913337,2.35810558764095,0.025067898472212725,0.015993094721362146
27,26,0.7556142260218873,0.8114437238470097,0.20383403602276,0.15994669482640983,11.678829985221737,9.164270560620242,0.11757722348940203,0.07540943911208635
27,27,0.6533312944741673,0.7162362173561161,0.2163639885007197,0.1728792445054855,12.396743379708315,9.905251075574546,0.44887434877462196,0.3633536356575971
27,28,0.4766306517158844,0.5632917768570828,0.09897280048639198,0.06795874178138193,5.670723754460602,3.893749085092555,0.1571774166290611,0.12064631039203372
27,29,0.5918154741995847,0.6627882675186215,0.10452621249148675,0.08165706422576598,5.988910824249816,4.67860514756509,0.05076853360119456,0.05944836408401362
27,30,0.5704691896249227,0.6443160620159025,0.08872701435068547,0.05887378273493827,5.083683451090966,3.373219274682136,0.0323287006461436,0.019481572129625847
27,31,0.6406346919386389,0.7071394513562433,0.06627920731930413,0.03909013051922525,3.7975188488687217,2.23969949936714,0.019382433307418227,0.013984990084529325
27,32,0.6621560087878101,0.7247577494420905,0.2805934698242912,0.23672197158067956,16.076821579863307,13.563169889588757,0.9139058206098463,0.7551199666251505
27,33,0.48046793291062756,0.5677559134496802,0.08201621598618045,0.08469993752701589,4.699183027641532,4.85294894531975,0.18566044645832833,0.15427186874573298
27,34,0.5375480522887476,0.6155701134556677,0.08109147673627776,0.09350479764522063,4.646199371472015,5.35743026929594,0.04460520107546151,0.07102511246139456
27,35,0.5059734447900535,0.5872858911324413,0.04251473918488765,0.022755421612532915,2.4359151223935243,1.303789619438914,0.015269800535065135,0.006242398745223499
27,36,0.5228839905467906,0.6011924122971398,0.12173218141101479,0.08360718371035622,6.974740225772042,4.790338763578338,0.21074418554004934,0.16361233952962692
27,37,0.35543014727608696,0.46468677155906774,1.3735421621089263,1.3617136914855448,78.69816887211542,78.02044742730118,4.020343030330107,3.6897369050611926
27,38,0.4196052020931332,0.5166767907388492,0.09277850938760984,0.11331421728606138,5.315817017424932,6.492426409319674,0.09519058809214304,0.08256359501047458
27,39,0.5349660785632987,0.6155210839857261,0.07195532071439456,0.07654306294427499,4.122736190445076,4.385594457711162,0.07196186027828305,0.055132974984959573
27,40,0.7744927055478138,0.8315157384590306,0.02957473669814547,0.05757580758214869,1.6945075930144071,3.2988507765144446,0.016586911525991545,0.037550876222695706
27,41,0.4445215790936099,0.5347786530144247,0.1282952548164849,0.08706189122852685,7.350776632540032,4.98827892382163,0.07215142070965724,0.04372142255648469
27,42,0.43056802472438294,0.5236620134038437,0.13077338756397877,0.09190801747216346,7.492763180044589,5.265941504569595,0.22419422876939477,0.17196490861305905
27,43,0.5903728189367137,0.6652194564325878,0.13907437259638136,0.1114279000001183,7.968374588202525,6.384348390012564,0.11483041439368816,0.08016623083761037
27,44,0.4069155848657936,0.5059078936329057,0.09803820799182411,0.08730222039042013,5.61717554895726,5.002048770492031,0.271048778763265,0.22618592270785812
27,45,0.4102370758147078,0.5070498883030142,0.25168161182316096,0.2131090643933969,14.420294138517002,12.210249965723332,1.7202512898351259,1.4679613131449845
27,46,0.45409746906350185,0.5422163819426224,0.12482890162231222,0.08157553919889837,7.152169224212245,4.673934107600886,0.046422298575745154,0.024742658385319825
27,47,0.46189699201055767,0.5505783354638862,0.15576304535665925,0.11924498903119253,8.92456510304139,6.8322345995711276,0.32293269151454834,0.2593190924214145
27,48,0.5633127791335555,0.6403625582644328,0.06141253587373868,0.10173230434541494,3.51867911476099,5.828831679132681,0.011953245836554051,0.030836766524203876
27,49,0.5005790093481233,0.5819013383124936,0.03982260081987376,0.03090729410858942,2.281666956212978,1.7708575085917277,0.013198359598234087,0.020532087984093186
27,50,0.724619894187281,0.7857008975816255,0.0705783747790369,0.10233485045212537,4.043842999731389,5.863355028009228,0.03313444570711606,0.06247963967228848
27,51,0.5922491826049537,0.6664036892154537,0.06467824438491188,0.10720022204857545,3.7057904295711657,6.142120286248645,0.007619931965955586,0.023686922658890372
27,52,0.6459153645713955,0.7094665174283717,0.17932774545336025,0.13578885350050415,10.274722964073879,7.7801282104991225,0.09656455975114214,0.0608218974039957
27,53,0.45112880796842253,0.5400323079300875,0.18374032319581715,0.14250933599205554,10.527545045490026,8.165183493556581,0.39333871470188486,0.32416434550401896
27,54,0.5030140039285534,0.584291872633849,0.05085495952505795,0.03883348454809515,2.913774548094446,2.224994768392349,0.01112095592076864,0.009592692228637813
27,55,0.3879482352868763,0.4899594556502678,0.1514215899347378,0.12343580483926864,8.675818030421103,7.0723506580905955,0.5770842596815607,0.49320918533951347
27,56,0.5460328485537813,0.6250592486225651,0.06357944318254637,0.07735553873056866,3.642833758151722,4.432145891222362,0.050921463762433145,0.039861352224819055
27,57,0.47741733867692265,0.5617097655570533,0.13224489484697385,0.09068045758679504,7.577074336882971,5.1956075040384215,0.18027337899186538,0.1345222221091396
27,58,0.5485473066827512,0.6225129931182674,0.16275567734322677,0.11868244205761305,9.32521340355989,6.800003032207166,0.12369756657617784,0.08280997954258604
27,59,0.4003522356268424,0.5073820575445999,0.5371474055268367,0.5787540169321647,30.77627931308985,33.16016254645602,0.43022760101282886,0.5102136534266953
27,60,0.6251507076757937,0.693866489596636,0.0404618654937642,0.07730437396045174,2.3182941240187076,4.4292143658349055,0.018207359662834995,0.04088496980111368
27,61,0.594266626756504,0.6633852202776571,0.22115000394742204,0.17739825158787925,12.67096186548878,10.164171108985435,0.13588034751036848,0.09259918139338719
27,62,0.45401171482891295,0.542927872862352,0.14966116233526566,0.11055049195181862,8.574952958833002,6.334076611934182,0.28570182691843027,0.22405629328493926
27,63,0.5270364551441653,0.6077244310334394,0.08785489938958005,0.11131384191717596,5.033714944569409,6.377813343240614,0.05224446087176554,0.08795348963332845
27,64,0.5003242558417025,0.5809960062808878,0.1678673044621865,0.12431142589065239,9.618088063920899,7.122520048787693,0.13574469785531562,0.09331864656821326
27,65,0.43058360318373134,0.523781492658098,0.08706409473713086,0.04940484840076149,4.988405175564761,2.830689300847288,0.0233348075165652,0.011500481344452439
27,66,0.41539336704688107,0.5139567268423629,0.04814846409343023,0.07112895883718509,2.7587037825907395,4.075389142530465,0.054252265358696886,0.05194175788875131
27,67,0.6302377157053279,0.7069326558305609,0.19226697410407564,0.23376997792150622,11.016086155914627,13.394033111768744,0.07516012319167754,0.11676767848987793
27,68,0.4739260544270286,0.562892603900913,0.12299661019811522,0.15872442140678772,7.0471866587677425,9.094239452264873,0.06541145286836991,0.10995337957599771
27,69,0.46589474378400564,0.555110690785192,0.05962001722313475,0.07015365438353825,3.415975361382899,4.019508313596189,0.013290467453055906,0.012411967871791605
27,70,0.3841561290160546,0.4870859667233164,0.21442000993286686,0.18139682090601777,12.285361612306462,10.393272255005277,1.0802483847192448,0.9338299764151492
27,71,0.4797760205368876,0.5652396475677394,0.06172644941276064,0.045818507286857074,3.5366650356789635,2.6252070911263186,0.017172556110209833,0.019168668938030934
27,72,0.5345476317853561,0.6107275922263411,0.10940092018251919,0.06576853237179622,6.268211001305938,3.7682593296734535,0.04502178781311938,0.02210799646859276
27,73,0.4764882997781157,0.5615244453071219,0.0765820078704156,0.04071662550502785,4.387825837612467,2.33289079745282,0.012888383225033655,0.005455449715461878
27,74,0.47763219365983,0.5626141739229206,0.05703699557279484,0.03415173174622933,3.267979122427506,1.9567500921218899,0.016464331371742403,0.006921195157158855
27,75,0.533049509702391,0.6102161938762917,0.05835907175101202,0.02730969693656073,3.343728507634136,1.5647303742462833,0.0226211465209254,0.00994027734624265
27,76,0.44874717694226485,0.5409704082319612,0.04103119534997511,0.05027458989332159,2.3509143219303827,2.8805218176383907,0.05103865126848958,0.04071427311854986
27,77,0.4755600107412643,0.5609864250843899,0.08092768877095059,0.03988920636069106,4.6368150123237335,2.2854831725939957,0.03602896328365078,0.019544670812703
27,78,0.4205166901866576,0.5166573282976991,0.1573511914038213,0.12664078954938904,9.01555916879416,7.255982755384454,0.565009927221883,0.47357814071202387
27,79,0.5993409099868765,0.6714884220639159,0.040531062071198894,0.06332833011046392,2.3222587958624654,3.628446038940833,0.006281783084758987,0.006918130068332293
27,80,0.3765317215241708,0.4816445330205826,0.08594631883985755,0.12052125269030063,4.924361334209552,6.905359120783944,0.1075552594470918,0.1016577881259105
27,81,0.4362063464442965,0.529885708797325,0.05562554486216125,0.06758115683154896,3.1871089537174604,3.8721150610594663,0.027946938224961138,0.01900168373458151
27,82,0.39679110869519674,0.4968774519263444,0.28956261643002135,0.2520779279131229,16.59071582620573,14.443001377824949,1.9491830285462535,1.6833421283513683
27,83,0.476022947961327,0.5639743592984148,0.05277646526797591,0.08959398581669012,3.023868717473795,5.133357257051302,0.008907447492013085,0.013516804437417144
27,84,0.40038970146586944,0.4992184992375789,0.09922651589470387,0.06485577231678083,5.685260576554311,3.7159620308129426,0.18743287607759526,0.1457190208731661
27,85,0.39162939915503375,0.4931267975850585,0.1225243427794935,0.09942256972008467,7.02012772887918,5.6964936333060265,0.45972592276453905,0.396411964315747
27,86,0.38055036136362663,0.48336303838436645,0.22515256790935878,0.18337240888853268,12.900291887738915,10.506465108460146,0.8657535489969809,0.7138828983124438
27,87,0.7525403280324462,0.8085425979500642,0.07253888311594468,0.04578692630165462,4.156171853136416,2.623397633961353,0.029007946263664847,0.03663283178397406
27,88,0.47089644559870264,0.5573388820910832,0.11201090555618191,0.07294409248997148,6.417752147807686,4.17938864008729,0.13585223510748667,0.09881475408413927
27,89,0.5564006253305662,0.630682189889544,0.22628156851210082,0.1848561190678727,12.96497885734376,10.591475439756927,0.8552553203287397,0.7190209249506522
27,90,0.3743139688359308,0.47932806741515904,0.08259684034214218,0.0763264860516801,4.732450352720641,4.3731855158254165,0.2194644930030502,0.1801468064700202
27,91,0.4802856582575826,0.5707614098008039,0.19035278735025948,0.2310510250605531,10.906411333721113,13.23824858814111,0.08645001258671756,0.1332043439172514
27,92,0.4327466982289922,0.5285981974899989,0.11330302705742368,0.15272762841110454,6.491785256446947,8.750648522998613,0.06369091397494778,0.0718746115439224
27,93,0.8140156921585775,0.8661690935438254,0.17698695044274682,0.1407969225421989,10.14060528926045,8.067069430098357,0.08470695855517565,0.061441553955492126
27,94,0.6294829299832833,0.7002443149774245,0.05239949935737582,0.09489924063699483,3.002270161776104,5.437325967496197,0.015143814084146712,0.03824083430893249
27,95,0.45363241382607095,0.5437450270002344,0.1119899687514633,0.08637933763216805,6.416552557260821,4.949171483458795,0.2819609885929089,0.22692607416833166
27,96,0.4178620021963854,0.5151471525243349,0.04038178584247044,0.07930093930559083,2.3137058979746956,4.543609133633456,0.004571264923113605,0.01630875668849681
27,97,0.5511007858088889,0.6290110070982219,0.05450889879398664,0.07212558873127954,3.1231298468011777,4.132491829198647,0.023673482879100614,0.041490454953309865
27,98,0.5705339177459657,0.6437923489571787,0.0640203672583353,0.044567495193942944,3.6680968467801343,2.553529378082511,0.018510354876651314,0.022928243726077806
27,99,0.4066554837918314,0.5074583964695228,0.08913187215124051,0.10888478700123545,5.106880094365719,6.238638748351718,0.16670102316006705,0.14747722442287364
27,100,0.4324846215889132,0.5283549599592807,0.07788638284846514,0.12006388107154552,4.462561018757175,6.87915365736021,0.014475864697503407,0.025676363746746998
27,101,0.4170919769150072,0.5130968864751899,0.06759043140310217,0.041201595047304376,3.872646454866257,2.360677505417656,0.01828144138141475,0.014399457043864082
27,102,0.38927572577503605,0.49079324887578163,0.1220990824040764,0.08263902560092917,6.995762104173631,4.734867390006803,0.039281017523958614,0.02661500053447686
27,103,0.41783165964229496,0.5134644183016043,0.07443302053118622,0.038174870680832876,4.264697932847575,2.187258973469431,0.08196418833578005,0.05951194972072585
27,104,0.4641000414118234,0.5508414704923912,0.10615872910846946,0.06778900075120296,6.082447136387901,3.884023640453097,0.12739912174806012,0.09169589938600466
27,105,0.484849461368869,0.5701076315497174,0.08237132676054368,0.06267083491039128,4.719529376272169,3.5907743389265616,0.08430816717971226,0.05960728526430288
27,106,0.38810321491428745,0.491465264826236,0.08635428835183563,0.1158891377200917,4.947736265415908,6.639958482771606,0.15919791641742376,0.1465575557653334
27,107,0.4154572169756776,0.5119160172339418,0.15339083242126797,0.12252725618588949,8.78864731373713,7.0202946547696765,0.5117061223840493,0.4195021298470734
27,108,0.47418424423318506,0.5609520545613562,0.0511372156396466,0.02084812382305503,2.9299466322021366,1.1945095058272,0.03599077965171282,0.024616683792165434
27,109,0.6414425770659842,0.7049642976158664,0.15880102362739495,0.11573125258606698,9.098628436206997,6.630912330944132,0.14105403768065133,0.09724512824530909
27,110,0.6517267065737972,0.7184995232983777,0.10401849294571817,0.06979440198209722,5.959820637100978,3.998924667213678,0.09113163469642349,0.06358979084071323
27,111,0.3659569785613392,0.474796767208358,0.5465828643303657,0.5825159180085246,31.316891280301625,33.37570360107717,1.0956126671409554,1.1145072552106672
27,112,0.4153541598557534,0.5130920093929002,0.058101076833064716,0.08025624254260452,3.3289464876999313,4.5983439772695265,0.06527723412427987,0.05626452699076159
27,113,0.4169135971170223,0.5138474405713828,0.061408715279145286,0.07015573755940437,3.518460210815558,4.019627670781301,0.17585903858147656,0.15180583643002468
27,114,0.5282585373385185,0.6075228614531802,0.05304116507704588,0.04123678367852857,3.0390348993714227,2.362693665473645,0.015845604477838202,0.008167842031627405
27,115,0.5251486067874361,0.6051063879984065,0.2564731788948594,0.2853819250581928,14.69483070897918,16.351179855153198,0.2570082140049025,0.36858430067335146
27,116,0.652793063766253,0.7195731082737691,0.060948688916372576,0.0868198922149351,3.4921026417639274,4.974413401696493,0.04378401661446234,0.07857400808240442
27,117,0.40230343838422195,0.5033122917950479,0.08266077353801979,0.11051120372827922,4.736113455015212,6.331825562540807,0.1454726728457423,0.1344158269222271
27,118,0.531940142361478,0.6082670909208001,0.13032326710602157,0.08968490394547242,7.4669731775311465,5.138566482111755,0.14396772705451738,0.10314812267602419
27,119,0.5828724568615378,0.6630349306716543,0.11743436613856265,0.15046346432373925,6.728493549533666,8.620921476667492,0.06883226576842902,0.07037823928331864
27,120,0.48796501738136244,0.5741539820249848,0.04459140127449688,0.07504637115239991,2.554899095602951,4.2998403348048475,0.056248163716865404,0.05126723453004631
27,121,0.6739376538439249,0.7348682288044394,0.15245519349910402,0.10997605974014339,8.735039152348966,6.301164070588825,0.09055328303238826,0.05768923333227418
27,122,0.3881779254344893,0.48978009773514036,0.16893810809936805,0.13448452959927693,9.679440593018658,7.705395955840764,0.5958695422058322,0.4976870298158502
27,123,0.5014087667573794,0.5823936024856111,0.1682402765277504,0.12756470918023502,9.639457789153985,7.3089194508412145,0.10093809275733728,0.07009868624276976
27,124,0.5692301476060454,0.6454647604072734,0.026858106704841376,0.052160500869718004,1.5388561598994295,2.9885765571233014,0.0035677321278797473,0.007958778479956519
27,125,0.4935752976679537,0.5808164186332888,0.08718631940087333,0.12977300260795915,4.99540813294961,7.435445344176285,0.013241347132421338,0.03267241250093278
27,126,0.46233227921270337,0.5538842087161495,0.06820214138213192,0.10173776589548779,3.907694854950698,5.829144602901454,0.05117773669224822,0.0489352859304411
27,127,0.5413622725891222,0.6182489448322123,0.10092667061572799,0.07362745183887855,5.782672266588236,4.218542246670473,0.03572031843648935,0.03615477392702433
27,128,0.3864532600528862,0.4884594462271582,0.10720580900462955,0.07369533619157263,6.14244039525087,4.222431733574822,0.1478709104602144,0.11265007663974742
27,129,0.4620164638067341,0.5511147601172635,0.03893319391279669,0.06218333070725736,2.2307076941676782,3.5628424055920993,0.01904071673146498,0.03726899085473702
27,130,0.44175503049894493,0.5352139770741831,0.05538864332438921,0.08221902658114182,3.1735354954429633,4.710803218773356,0.10058374080602424,0.08889383947688165
27,131,0.4737175851805631,0.5608151986948714,0.018618130107019563,0.04379976755717401,1.0667402775576726,2.5095418246800985,0.007652639920849079,0.00601461319184575
27,132,0.649343055794414,0.7161920845220654,0.03927419313869623,0.060272657529735096,2.2502455106289494,3.4533688964912232,0.013366183219933665,0.025630313293468855
27,133,0.5284418299225657,0.6054516238522151,0.12940535239410442,0.09435210367164441,7.414380538585326,5.405977328566023,0.03384080845595173,0.032907362994869196
27,134,0.4889343321520199,0.5733874528211074,0.1144612047810747,0.09152146476379615,6.55814395193822,5.243793665820797,0.04251995661795255,0.039277348631721845
27,135,0.36521730135781055,0.4728371951111159,0.33250556216110877,0.3684602823122316,19.051165376456378,21.111219094689687,0.4443523495100863,0.44179970273893177
27,136,0.6830929479297598,0.746973680607784,0.040339178726712326,0.04907609860650392,2.3112646900645304,2.8118533251205355,0.013240266769849266,0.007034895399217455
27,137,0.7729726336320775,0.8287459481626925,0.02926387250687143,0.040754462010397126,1.6766963868526572,2.3350586695220032,0.01768771594209895,0.03317992267180396
27,138,0.5974528535449265,0.6659578085003725,0.11736187171602168,0.07481415262719977,6.7243399250838305,4.286535193386126,0.043132897889306354,0.022108277882192426
27,139,0.4416647719652302,0.5382807007629717,0.1580608500738673,0.19825024892679124,9.056219615482663,11.358902550923117,0.10151784534226063,0.11490896390217402
27,140,0.6055035971184783,0.6738387640352219,0.10405753460877135,0.0713446455730759,5.962057559619096,4.087747082193962,0.03668079725668567,0.03537528909006405
27,141,0.5545788512775336,0.6278033650782021,0.18742594641775215,0.14323849838064195,10.73871570098231,8.20696142100226,0.20716134092349173,0.15165013216762124
27,142,0.5361625853699271,0.6122896198743482,0.13099709063151466,0.09167101669099481,7.505580421678526,5.252362360067329,0.06765039509038584,0.0501814275412109
27,143,0.5551254622669126,0.6341674794348336,0.06946966464747602,0.10847435646657522,3.9803185884895558,6.21512281093239,0.03430181053547951,0.03839897272841506
27,144,0.4704137496383602,0.5594540091193768,0.07665663762997052,0.07268584223351003,4.3921018078610405,4.164591990333878,0.09986599888053888,0.07917187812473088
27,145,0.4112718046651313,0.5081400519027902,0.11667399940338313,0.080273451005987,6.684927744725738,4.599329949593248,0.22265868833877106,0.17186509048872925
27,146,0.45036985881446845,0.5404509723207742,0.03312702882105202,0.056191787776236415,1.89803893925452,3.219552282873156,0.007187070233793294,0.015361790374465736
27,147,0.48162067667109415,0.5670638820757569,0.047540898320532377,0.03118309220944924,2.723892828027089,1.786659575768719,0.01566051482848883,0.006228801358543291
27,148,0.3743351499536878,0.4796097764455637,0.15351584420793885,0.16995609592106886,8.79580996150276,9.73776699879783,0.4488749686333038,0.3970474254573715
27,149,0.40365372807947464,0.5028614471528016,0.03963496843739727,0.03167473908507411,2.270916412597091,1.814828866752817,0.04452848050081755,0.03341623891978142
27,150,0.7969399766922838,0.8513077785728675,0.09050590804810447,0.08147022767222252,5.185606552155497,4.66790020158828,0.056821363111713125,0.0823386501656515
27,151,0.425874945165511,0.5189811160270142,0.18262207479504605,0.13879199681936247,10.463474131678588,7.952195647942615,0.16039704560807394,0.11315847377512439
27,152,0.3994860110218905,0.49873938228173254,0.07305397860354466,0.047788056859418254,4.185684650622129,2.7380539691758696,0.1327415941709246,0.10637834871745691
27,153,0.4378220831980729,0.5295884418221759,0.12326544049327995,0.08411357835893139,7.062589500085937,4.819353039709706,0.06557667827215455,0.037295738367493766
27,154,0.4524566861123948,0.541504629393771,0.10058318531106639,0.06059855989623001,5.762992008306361,3.4720417266247074,0.047666763276729786,0.025210097964657466
27,155,0.6314912762252478,0.7004514055250297,0.04847075013704691,0.04125632921657483,2.7771694126859443,2.3638135423120077,0.028155551485833246,0.0168524398476668
27,156,0.6533903693206352,0.7178908495926904,0.0374037396287938,0.0350787193422114,2.143076418736109,2.0098625690326406,0.012846508601544376,0.022715871197887896
27,157,0.4955416441589426,0.5788069695491452,0.03879469723482152,0.035538530053272226,2.2227724190431184,2.0362077821513354,0.006787753121262199,0.010147523734450674
27,158,0.39745402261065527,0.5010261714786055,0.1634249000640733,0.17963015763897888,9.363557041018657,10.292049905983154,0.4999424101519878,0.45057382433685567
27,159,0.420470742746809,0.518127242993718,0.12276069418516442,0.16176381561356853,7.033669666906108,9.268383912589927,0.08403968940281983,0.0968576635050172
27,160,0.5985826021534428,0.6677765063195693,0.1360207857172838,0.09493870581320342,7.793416947653709,5.43958715553069,0.0655170738571387,0.03673437832879627
27,161,0.46768554707797816,0.5570303245393942,0.0598507505929478,0.09930092305824371,3.4291954096660184,5.689523792990684,0.008489390522374306,0.024473274935535305
27,162,0.3733128115558189,0.478154179886007,0.18653567067554513,0.1574443718635443,10.68770665835097,9.020898015869376,1.0415911157337927,0.8818228546584265
27,163,0.7597780494772186,0.8164732606976205,0.07877042986503968,0.04801162772825847,4.5132131816980285,2.7508636363824865,0.024896893502641397,0.020854825338836706
27,164,0.5614434132888968,0.6395613479779161,0.054166814521070784,0.09455324309090808,3.1035298617252973,5.417501768383544,0.005405189339553369,0.01595021052654763
27,165,0.3563564883994218,0.46562007863105487,1.5526726297194828,1.5348538419825295,88.9615886484052,87.9406473150383,8.77865315592786,8.403432761464734
27,166,0.5844704725067966,0.655078263342001,0.06546290673259685,0.031274602959155275,3.750748270436341,1.7919027555069527,0.018585791064956905,0.008118017165958502
27,167,0.5563584491531558,0.6323225240274646,0.05562746151406464,0.04504585707743632,3.18721876978232,2.5809374950866104,0.01615125567735946,0.018983379632307243
27,168,0.49716029500295666,0.582163822415089,0.07099729994373816,0.11267817200992776,4.067845643600593,6.455983699417985,0.01595166120790007,0.0393967553484821
27,169,0.4690922459525409,0.5565603210183353,0.039011431890283534,0.031794282394130034,2.2351904000753136,1.8216781938307496,0.013440105678428649,0.005533409874241959
27,170,0.4585472075684392,0.5465570383627154,0.13332843944320155,0.09505688548780317,7.639156869161025,5.446358352109485,0.19789999466481994,0.14936988235636323
27,171,0.41243581362033294,0.5102368812155197,0.03440178445268221,0.07314072513508131,1.9710770568574634,4.1906548607665774,0.004940054384447891,0.009706036975093521
27,172,0.510063868583466,0.5908739425542997,0.06357457344749523,0.03411987079178722,3.642554742885945,1.9549245939010982,0.03430911504067244,0.020091980108484595
27,173,0.5030287493100489,0.5841013611217953,0.07347114860118902,0.04175405441991155,4.209586730826633,2.3923310958204924,0.01634294981689121,0.017906084559222553
27,174,0.37824572022216113,0.48305008278132555,0.2566495862683214,0.22818321971736275,14.704938106953543,13.073935445511236,0.8395707136376942,0.7334997400897131
27,175,0.44410725675867485,0.5380860470342316,0.06411974546243239,0.09976093302283802,3.673790798450487,5.715880422495901,0.015990792926140435,0.01845300563356197
27,176,0.525846961978247,0.6056400576550749,0.04355020656571673,0.037670659641462156,2.495243033138496,2.1583698089295846,0.01083821399642637,0.009719066834289834
27,177,0.518249244521486,0.5979996363089537,0.09069431310688805,0.05722888879969169,5.19640136686271,3.2789737944458417,0.030438499406620065,0.016189655519779706
27,178,0.5523753593198207,0.6261798805192011,0.10623818196771204,0.06485977547081434,6.0869994498927475,3.7161913946438037,0.08004238945440273,0.05140992560667609
27,179,0.5384349397857515,0.613988393704133,0.09740144910387735,0.053802210208730605,5.580691952110467,3.0826395734359355,0.02445719017305012,0.013215126452829115
27,180,0.5643898219939617,0.6384897181442555,0.054349058558666265,0.03439070666442178,3.113971675920942,1.9704423463438012,0.019215177139658354,0.02635141558187127
27,181,0.5866150942973629,0.6603796269091659,0.03805963024675116,0.0750558479772355,2.1806561829672932,4.300383316871111,0.003901680667219248,0.009161823056035676
27,182,0.37946862558473426,0.48365503839169144,0.05546113315792365,0.0651207686281343,3.1776888569620927,3.7311452010400314,0.09256733239416987,0.07734077098115187
27,183,0.3911534761236424,0.4932599500639916,0.08906013228139235,0.08868518095766631,5.102769702600602,5.081286574228256,0.06284340411421145,0.046905246520675695
27,184,0.37896297100864024,0.48323603750434935,0.08444715198198459,0.09472227613667143,4.838465400467542,5.427186648504025,0.12540655375513893,0.10362119208318296
27,185,0.5288776774845442,0.6068916810676661,0.06745901485831238,0.045257423464347135,3.86511684149161,2.593059356143432,0.0125561682466689,0.01611611081338544
27,186,0.5950495391202875,0.6651809060153446,0.04659820397942121,0.04077433087146736,2.6698804209105527,2.33619707140506,0.015132124931594711,0.02480808794184106
27,187,0.4853815225810753,0.5685050333293229,0.12438918110233493,0.08221959527954063,7.1269750942522485,4.710835802791424,0.09518264269339254,0.06222861384679062
27,188,0.4081204419077613,0.5052621521082362,0.14074395219779035,0.10218569630677121,8.064034452924394,5.854809124983554,0.30969062309787043,0.24569952034374154
27,189,0.5376848607230464,0.6140344172454941,0.13143884768723021,0.09770656478932306,7.5308912365411524,5.598173793149747,0.04992574792171124,0.04629921726467132
27,190,0.40327296077248687,0.5037712694774313,0.09824658699169926,0.13553408576347037,5.6291147861892625,7.765531094410988,0.1130505206475299,0.11087967838764169
27,191,0.4564890155562878,0.5465068097879215,0.06103948937197162,0.04571517924176795,3.497305124647618,2.619286830237374,0.051456970410944186,0.03599983935666416
27,192,0.37359945320101784,0.47842817750885924,0.10237427795559484,0.07238750199375503,5.865614057554766,4.147498353736995,0.1808123952238531,0.1407195813305619
27,193,0.5123003320449107,0.5939770073478342,0.03480435876679288,0.039758713306526264,1.9941428659963787,2.278006471334581,0.008302673129153535,0.003548169190393578
27,194,0.43570439530286187,0.5295229706019868,0.04081129560546064,0.055171998673269454,2.338314994653698,3.161122671279717,0.0553507504509937,0.045975923308261515
27,195,0.3914280671924167,0.49354695703370244,0.0567767948588453,0.07098185585131384,3.253070719691906,4.06696076228627,0.09749323556670625,0.08329883556236703
27,196,0.5423653528379876,0.6199330686763292,0.07729312094752727,0.04579365200152683,4.428569615687527,2.623782988178302,0.03495744137790061,0.01719917823682498
27,197,0.427093735008893,0.5199768393649336,0.30125612293850496,0.2582532164117817,17.260704396850603,14.796819346073779,1.5929990952408635,1.3447933988452758
27,198,0.4443660714353731,0.5350876119385383,0.21272042735082233,0.1768990553549254,12.187982703421364,10.13556927168835,1.0705606831493548,0.8982503335237648
27,199,0.38167801702857174,0.4895707510095363,0.4791152830711776,0.5194022294227937,27.451283620194218,29.759555615611788,0.914108167605202,0.9315791711508238
27,200,0.459838026492437,0.548351492614708,0.10099548145234977,0.06466954133744392,5.786614837111427,3.7052917816823494,0.03861166314276576,0.019585131480424463
27,201,0.45341894801198157,0.5448604769567745,0.07693909889093355,0.11653665386347253,4.408285645990166,6.677058424953915,0.019845729694739803,0.04449056633721498
27,202,0.4194103080992523,0.5158354373494506,0.06594815704085802,0.06553038425609416,3.778551065107129,3.754614447744732,0.0642911135610928,0.049034965764343255
27,203,0.5453359649492557,0.6348837902650175,0.2948621094028634,0.33710389212485486,16.894354407108818,19.31463027618757,0.15690353694528736,0.2210830307531596
27,204,0.503463463692344,0.5846517337708161,0.17109891325529997,0.1310686908241531,9.803245608803666,7.509682810529032,0.377528256093349,0.3005553636553365
27,205,0.4545326951643335,0.5461282543977702,0.08783335575678744,0.09403833158307831,5.032480585335013,5.387999512162181,0.02911222418642255,0.040178859418408486
27,206,0.42017730753151644,0.5147242445751906,0.11738893547886767,0.07548601368316324,6.725890564472649,4.325029996312036,0.15249670206822186,0.11281263080490958
27,207,0.5301879875121984,0.606901836650743,0.10159137139864748,0.0628672926104882,5.820756816088563,3.602030535994962,0.03059028875033737,0.023620890701802413
27,208,0.5484688691756816,0.6252386870206742,0.06772850734079106,0.045534115710807635,3.880557623348142,2.608912654089612,0.060241874150557456,0.04092241536470366
27,209,0.5400938822813646,0.6159112494440954,0.2177273324227545,0.17575910736789285,12.474857232465721,10.070255063166952,0.22356932410006147,0.1668079568975948
27,210,0.46178504277821036,0.5504193050208323,0.05583461733059569,0.034654969392333805,3.199087923771136,1.9855834853357741,0.05438698313644247,0.03831434988657098
27,211,0.4765605266659548,0.5644731253137847,0.04159091902850146,0.08261840933517349,2.3829841264034797,4.733686164989683,0.003799331492851407,0.012465750029589578
27,212,0.5886738283447817,0.6611975791371107,0.09992995348421137,0.06646300751286105,5.7255645815839475,3.808049824233221,0.07729745982230812,0.05099723419064807
27,213,0.4836810348273934,0.5706490609546322,0.07677071735366661,0.07793942017789977,4.398638094556845,4.465599833890425,0.1332609218010894,0.10735150010560943
27,214,0.4912927042962172,0.576707172419502,0.09013046987955936,0.06714840609612985,5.164095529629741,3.8473202703387686,0.10266179925809804,0.07569251172943157
27,215,0.6148652723441042,0.6873446002232585,0.04209195430928981,0.0748344250357067,2.4116913333798045,4.287696716834139,0.004361547594404821,0.010245425585573058
27,216,0.4992033857694371,0.5817945668079089,0.05644822782454553,0.03597993400295587,3.2342452153393997,2.061498365528613,0.029653480686756526,0.016886546145805106
27,217,0.6054857459768762,0.6728446573056966,0.10251709951692492,0.060286597502487535,5.8737971302424485,3.4541675980964652,0.031140099531515336,0.020428458252200854
27,218,0.5965875744764275,0.6678416801160971,0.03496171803996505,0.03251753105615612,2.00315888821639,1.863117289703328,0.006321100518618882,0.004267421368186658
27,219,0.43460382423953875,0.5322563196728427,0.1113514265317243,0.15220590473879334,6.379966783028861,8.720755958503116,0.056409361363024296,0.07166632856783016
27,220,0.6503235281755643,0.7155721832338321,0.061085060220778885,0.04423785114352953,3.499916141953103,2.5346421652522246,0.018846139511075395,0.025639219830872063
27,221,0.44706039762150873,0.5390018405667418,0.061119961786417744,0.052454382681810456,3.501915854362608,3.0054147446318558,0.11515461028283656,0.09216747647007353
27,222,0.6063631517685009,0.6741749382819651,0.06864813480328359,0.03602616509137327,3.9332483956732895,2.064147211777226,0.022491330107484206,0.026741943195626738
27,223,0.37030905926878344,0.4775289861186628,0.16523741577115678,0.19676600515122447,9.467406541335711,11.273861646814577,0.3724002596325479,0.3503936986392451
27,224,0.5474873716716275,0.62278805526593,0.045351485510916285,0.016693435529255042,2.598448714424207,0.9564634014000516,0.00387013145132737,0.004139224258784877
27,225,0.654529013227709,0.7185205835306792,0.07344715431506346,0.04770793199892581,4.208211959499209,2.733463152835578,0.025744944911208836,0.02969687591125835
27,226,0.525078013757659,0.6035285928219858,0.05365630006743712,0.025576651548596736,3.0742795381516617,1.4654341878113342,0.009363426763847112,0.0032527848787592918
27,227,0.563458693263713,0.6379822148322356,0.18406666097560145,0.14650204319845034,10.546242822967335,8.393948765314473,0.7832233728196564,0.6651974992132993
27,228,0.5061410191085398,0.5875720552290769,0.052777059039585024,0.03783876796497592,3.023902738080992,2.168001706367943,0.017567174085366104,0.020254539397091566
27,229,0.3652212135583707,0.4719511402104772,0.10205762468691716,0.0801173688927566,5.847471161690513,4.590387103247663,0.2830356176782861,0.2299146676592896
27,230,0.48442435056510014,0.5685898123907009,0.06496144429270405,0.02785581380797268,3.7220165890461514,1.5960205660990767,0.02380395110801572,0.010078000771775448
27,231,0.4213325670274151,0.5159340527632647,0.07292608611863978,0.03221547484637757,4.178356951005639,1.845810743707299,0.0468684046320889,0.02859502610353565
27,232,0.7152029314415106,0.7730488042083368,0.13172145517791853,0.09006142695430051,7.547083453016376,5.160139661407172,0.051991649900797965,0.029760994043977224
27,233,0.44954816438219725,0.5413464629070946,0.06877159133807244,0.06353158603601503,3.9403219340700004,3.6400917456359365,0.11551377344228884,0.09220652665954823
27,234,0.4187048197455838,0.5155520106024477,0.06741283344519268,0.10759196092499129,3.8624708414279016,6.1645652705384695,0.017856496273715015,0.04161268056196683
27,235,0.4321534234990602,0.5257951235296324,0.08289738672933378,0.051857528534794646,4.749670392254624,2.971217521022969,0.07556034239947074,0.05162266486966377
27,236,0.4310945679717668,0.5344887092288764,0.4089286321801926,0.4500191576118018,23.429884745982655,25.784198431188837,0.2612293141945099,0.3327239242222791
27,237,0.7239942043431429,0.7818710675867383,0.08639725537950442,0.04638804423294369,4.950198094759551,2.6578391544138515,0.024582015073585366,0.013457447417042408
27,238,0.4499389515353453,0.5420871024493351,0.058263650779032436,0.09856678457681212,3.3382612886626695,5.6474607564265105,0.009667724109615146,0.024687960759742493
27,239,0.6043093756913726,0.6838269419641436,0.19201550982247503,0.23510218596548882,11.001678313880623,13.470363010122325,0.07777761495591128,0.12595300125318465
27,240,0.9754786331082894,1.0185771000334776,0.1622286694997629,0.12192938235133773,9.295018078359117,6.986039007368557,0.06741018069917774,0.05764941259487322
27,241,0.37666206290426457,0.48087610898670513,0.1699546995514627,0.143006711882744,9.737686992712758,8.193681032924589,0.799659150012815,0.6834284922154802
27,242,0.49451623922389093,0.5776687605873104,0.15686582992159978,0.12678792499729752,8.987750004324653,7.264412995566377,0.08485725990702142,0.08072950229963681
27,243,0.43158518552203456,0.5269532439240434,0.07816807323695803,0.09122624837527718,4.478700689147218,5.226879012715566,0.06620881619631533,0.05369389690353134
27,244,0.4707747841957602,0.556864350825162,0.14221898851502635,0.10367040932469024,8.148547808530537,5.939876914698446,0.18714717858082225,0.1399960268482081
27,245,0.4624694746637324,0.550426000775946,0.10113391605240019,0.06292622058076398,5.794546555432898,3.605406859987036,0.048682131591808266,0.02551047079211036
27,246,0.5929987323038977,0.6643982241628076,0.03419122523086526,0.03445499436970572,1.9590129021097933,1.9741257605311517,0.0074124749348152,0.010221000211858719
27,247,0.6186702010063009,0.6856773211322221,0.06925496913527855,0.02839024241534349,3.9680174417602414,1.6266410697524782,0.01677460942396803,0.012051821894195153
27,248,0.5021817765892553,0.5854437277201431,0.04235247723853996,0.07587389438033694,2.426618197692223,4.347253923214681,0.007668574247769417,0.017089735791971095
27,249,0.5851432055361523,0.657497294797847,0.05651097923190679,0.033122148617944124,3.2378406061397054,1.8977593242132709,0.0053250469682898476,0.005405697454367746
27,250,0.4219950770451263,0.518445891948851,0.04641319409255782,0.08794073688725827,2.659280135225088,5.038633070910335,0.023999563659757292,0.028476421496341074
27,251,0.5693563393105855,0.6431056966473317,0.07539202117076219,0.043620969157719125,4.319644622045625,2.4992974310076392,0.044456749381527674,0.02507318869859318
27,252,0.4057423114523601,0.504310526973272,0.09114330387229655,0.07574685098382901,5.222126642760966,4.33997487277977,0.2730200598948917,0.22870177429823407
27,253,0.45966290222235123,0.54868374692774,0.08004777133311608,0.056355217261338596,4.586399456815851,3.2289161026175073,0.14468454589791693,0.11398301818649417
27,254,0.5359934263274546,0.6119561796286584,0.09421720126252488,0.052780060559969914,5.398247989877327,3.0240747125311684,0.04015731338150663,0.018736735298281303
27,255,0.6085133815150311,0.6761431859605938,0.042056786987569574,0.03675380074970073,2.409676394268456,2.1058376640226126,0.014581192633923431,0.020543395888254684
27,256,0.4193880605824041,0.5176946831759175,0.0999785394622132,0.12879841617238424,5.728348353066968,7.379605654647144,0.21603353476670045,0.20411121497571177
27,257,0.9454223867746473,0.9974105313733763,0.1326747576015397,0.17278027727570125,7.601703658489463,9.899580670997807,0.05273697617113273,0.09217131369128431
27,258,0.43081908118347556,0.5256448480299988,0.09845890993557528,0.12108716762208604,5.641279994767152,6.937783657938683,0.054658214460683065,0.04826646734169755
27,259,0.7203931489178225,0.7995642145688686,0.3711625039993592,0.4126398184437993,21.26604499267082,23.642520055874247,0.24255149493842798,0.32597419115597154
27,260,0.408665109983763,0.5054951298454657,0.11947873784512412,0.07681772350792936,6.845627420075597,4.401331348807241,0.08155681730546296,0.052280796635396226
27,261,0.5979200480785282,0.6678262543481828,0.05244178694065213,0.02403230429151656,3.0046930618236445,1.3769496078780348,0.010493085731477128,0.007791825621701009
27,262,0.7183564882604209,0.7759429612918253,0.09344937424158145,0.05708554719210983,5.3542547421811655,3.2707609253027803,0.028079786546355852,0.028508795266632705
27,263,0.48943881380154985,0.5762647453345106,0.041992565974578774,0.07538523334218254,2.4059968012680284,4.319255708115953,0.005270262445523505,0.012463530778808317
27,264,0.36965225702409515,0.47589247738357715,0.12423823392755423,0.13372862171816235,7.118326458207891,7.662085624552223,0.4166924830275081,0.3646296829035191
27,265,0.44839761353603663,0.5415804522832607,0.06872471810089036,0.11162044574137972,3.9376362954073514,6.395380448350061,0.014879009898246406,0.029189394742878114
27,266,0.447209062707815,0.5375079508335637,0.10083552000189605,0.06538208653075644,5.777449721115638,3.746117613971491,0.046150130548480835,0.024350949038765494
27,267,0.3815245329589179,0.48845480854076173,0.3395786459854267,0.3756744672871467,19.456423227732046,21.524561446379014,0.807177079633648,0.804758328163767
27,268,0.3804697897550228,0.4876016236203037,0.35418277938331444,0.3949339288633126,20.293178434877063,22.628047310387696,0.25173060883514237,0.3019446619736346
27,269,0.7642143161890039,0.8199682187769367,0.2610096426754639,0.21795239398199767,14.954750937521782,12.487752309940989,0.2453854222177268,0.1837382745433619
27,270,0.5214010584678873,0.6026114175005807,0.04019245155738391,0.05813174020309073,2.3028578425221107,3.33070336938807,0.022083946299087335,0.01581962409146078
27,271,0.5049665104305229,0.5871847355762301,0.07088198602933736,0.04449409540622015,4.061238642986295,2.549323880028839,0.06477958319163686,0.044037526230778036
27,272,0.542236512328025,0.6212305168404354,0.04833171957048605,0.056045088083231845,2.7692035479986945,3.2111470096081294,0.055860358877965505,0.043450158834150154
27,273,0.485904615298387,0.5723553590475338,0.029774619484730917,0.06411016045435691,1.7059600330830675,3.673241617941163,0.004945709633634117,0.008247943002645058
27,274,0.6243014892793967,0.6903320706481786,0.10602618052905988,0.06395963705145519,6.0748526622072765,3.664617262236947,0.030378271716937015,0.0168856098636773
27,275,0.684412839038687,0.7496119184793837,0.057610461370328735,0.056809881810486754,3.3008362923213017,3.254966462377915,0.014234986925347831,0.009027972371877819
27,276,0.4523583335520279,0.544872990589621,0.07628112099104381,0.09394390041200874,4.370586289313602,5.382589004605417,0.09202332314704839,0.07657456868187573
27,277,0.5338485979976356,0.6208170997870818,0.20690595078418383,0.25025392093585663,11.85483773607526,14.338493476225178,0.08759182225147005,0.13973433762931603
27,278,0.4096592314499449,0.5139679230687019,0.36942136949594834,0.41062368015579864,21.16628533406077,23.527003841057077,0.29650271693272845,0.3343178640696478
27,279,0.6773563774967175,0.7616546174309654,0.4106896527129359,0.45251151487602265,23.530783790144728,25.926999983467464,0.27258168370113256,0.35672443571156265
27,280,0.4025452577402465,0.5003019305801105,0.21533285490540044,0.17452844727113928,12.337663776582371,9.99974343360781,0.9964560365366193,0.838571400161779
27,281,0.46168145222840384,0.549990007250206,0.06050727246464673,0.030952795717092012,3.4668113420723965,1.7734645587199829,0.04271035007093674,0.026440442408094292
27,282,0.44529848646297004,0.5356371797199198,0.12942461988601653,0.08832060043817488,7.4154844845536925,5.06039764916871,0.13020962255307672,0.09246754359821557
27,283,0.38411876229243297,0.4869934280249661,0.07049529536936501,0.06222969799605894,4.039082900192751,3.565499055547894,0.17160591037570072,0.14101165387400907
27,284,0.5225943009148445,0.6008686948031936,0.04775675501557797,0.03727521788434261,2.7362605056328437,2.135712665203397,0.005971347064865367,0.005274971710807555
27,285,0.6630505339491335,0.7335369630851358,0.11110022917613643,0.1542382234996777,6.365574234728829,8.837199246127046,0.02896407346946131,0.0583523233107143
27,286,0.48353098863461397,0.5669501208389506,0.11574948604113688,0.07329744462136947,6.631957030965579,4.199634225898347,0.03597792673710809,0.016967665045347323
27,287,0.3834253717265163,0.48700449199765267,0.11963187272132193,0.1244022699687132,6.854401402177989,7.127725031054334,0.06765327915431374,0.09402978997157821
27,288,0.6597449211868656,0.7219943079684036,0.14345033200506999,0.10080814528179635,8.219098593640947,5.775881265188574,0.0626838777056768,0.03776998260742494
27,289,0.3843403057909393,0.4878525879722293,0.10635827112017654,0.13918745145273967,6.093880051494266,7.9748535294240215,0.022268468134016697,0.03421156283630787
27,290,0.5427549750928654,0.6183786770464702,0.09509586779143143,0.05998114780524773,5.448591873583083,3.4366666195910756,0.02938559354005798,0.020119794485298007
27,291,0.45558055250488944,0.5434856151280829,0.18197830928708472,0.13981860344533498,10.426589085076307,8.011015874831005,0.3421942856747349,0.2711072896289112
27,292,0.44576681240574384,0.5382375004317463,0.04926603954425841,0.06510372014555443,2.8227361392106243,3.7301683949411024,0.03874234922791397,0.029893500858986656
27,293,0.41831905740569075,0.5133217055326927,0.18693926846488684,0.15113326650117884,10.71083110830106,8.659298314543454,0.9349712228620595,0.7952204208356365
27,294,0.4583607730673778,0.5459295213003572,0.11498982057501336,0.07719408241017138,6.5884314059148625,4.422895125487885,0.1429293403455249,0.1050876762352977
27,295,0.5117804664022303,0.5957840825212392,0.044584334659198706,0.0864020533046578,2.5544942083709232,4.95047299562126,0.005332398605416245,0.018752163596640187
27,296,0.4180746302297295,0.5159624829448712,0.07022955932875831,0.09736846606586606,4.02385734660147,5.5788021632369,0.07639866282223676,0.06933111154595492
27,297,0.6415279197780963,0.7060967711392934,0.12384395286075434,0.08364062432519566,7.095735817138341,4.792254769672961,0.04392771762418679,0.02756479486494883
27,298,0.4523967072632747,0.5426724672677876,0.08692293957733883,0.08480378446762488,4.980317580652183,4.858898936731991,0.04348418588232594,0.06283436115917035
27,299,0.4201524806524409,0.5241349344941392,0.30927268167122635,0.3517602552066638,17.720019378454282,20.154378023786578,0.15654452304310715,0.21366806010726722
27,300,0.4637870553412163,0.5518994540188688,0.05899229581270677,0.030507508810739204,3.380009573855377,1.7479514983135298,0.031531956378226395,0.017279731526049887
27,301,0.4380758974626802,0.529440746192889,0.15975353613494087,0.1194334291596746,9.1532033828228,6.843031423624053,0.10252856358420506,0.06985716982262473
27,302,0.623803999715474,0.6918977207964736,0.06165617285290806,0.03270494505720213,3.532638485400712,1.873855320984925,0.015285552659538484,0.006055416842789809
27,303,0.47516660855860104,0.5593735318815679,0.21397319208895035,0.1711976970012985,12.259760835638911,9.808905500533873,0.7491870749230075,0.6106322228006074
27,304,0.6763615743006607,0.738249299523935,0.07693020005555301,0.06412587198341534,4.407775780280279,3.674141822245908,0.038478406904318446,0.057661893053437434
27,305,0.6372068487891946,0.712901717823573,0.17012299061121347,0.21179905018977893,9.747329360166262,12.135191680753831,0.05911963892161266,0.0940686671474282
27,306,0.8113110508019375,0.8637871125061621,0.17634803538867197,0.13935746485558004,10.103998153194588,7.984594579867433,0.08889916342944877,0.10014376410716803
27,307,0.6109070063371789,0.6786828192814406,0.05427806111004761,0.025822411488248986,3.1099038217588966,1.479515195126798,0.014514401319427793,0.013201489756397431
27,308,0.5366389584228283,0.6120685502152883,0.22648042969272436,0.18335149364919873,12.976372763702479,10.505266753518804,0.48534182166660733,0.39036253643048574
27,309,0.43787965765381054,0.5309426320061396,0.059029827435927724,0.04977511092681184,3.3821599774642124,2.851903780901826,0.10305954507690238,0.08187081665810741
27,310,0.5608994555566488,0.6355059732931135,0.06258280888873638,0.04163694283875749,3.585730819398408,2.385621096488261,0.04166134168084722,0.024945241736406748
27,311,0.3741141396612127,0.47978068622044917,0.31116950446933456,0.3454131720622961,17.828699319270076,19.790716947395683,0.2666423148623631,0.27291046154961046
27,312,0.3740467501506053,0.47906472701871927,0.12222493038714248,0.09606010148669801,7.002972662463551,5.50383839478616,0.2926299766587473,0.23399163270259923
27,313,0.4943702891312223,0.5801655876917049,0.0720569949886333,0.09901180036052844,4.128561697244011,5.672958282650162,0.021642705156501862,0.019209596296483413
27,314,0.5382154540496047,0.6168149847941362,0.026769636745492688,0.03921148800015561,1.5337872046150558,2.246652770836789,0.006201232692101074,0.012455882114155888
27,315,0.7271965413477031,0.7856703580052713,0.04077956677488659,0.020777159929941294,2.3364970665729197,1.1904435742539654,0.015770849788028528,0.024638473694322132
27,316,0.48889407036157134,0.5715362412732715,0.08792036438906985,0.04920160944357178,5.037465812746,2.8190445663676775,0.024876219258035133,0.01729230344612697
27,317,0.5646290873917241,0.640374119425595,0.05745173363525172,0.04449176246192311,3.291741863009718,2.549190212166779,0.031339291776481745,0.017957284218137186
27,318,0.47086577715399364,0.559000989444501,0.06532904185629347,0.06310929263545287,3.743078377999117,3.6158961160674976,0.0315010268924297,0.018555317333219967
27,319,0.5215925243350384,0.6057864037412004,0.12998186882534757,0.1728981599258223,7.447412496915503,9.90633484932756,0.040492883554938644,0.07753205710346711
27,320,0.4459807447993119,0.5376644621030074,0.03839300413626117,0.050370298899343226,2.1997570998360776,2.8860055397448225,0.0545765275517305,0.05019043751152525
27,321,0.4654519918633607,0.553366705159526,0.049706886048270976,0.06318911330936557,2.847994783303642,3.620469503800585,0.01464298599429573,0.02638939963484376
27,322,0.4153927280518802,0.5106456180848536,0.16565462248507185,0.12367779130872156,9.491310725227565,7.08621546148952,0.3053696780201712,0.23903877297275128
27,323,0.48508620518745343,0.5677425540077138,0.20465475715434578,0.16093560719713043,11.725853842218802,9.22093106577081,0.2637836098899108,0.1991161783258295
27,324,0.4961516519727553,0.577501420678283,0.18246137437909082,0.1397800029595175,10.454266676078356,8.00880422990651,0.3313694133487336,0.25906119129067645
27,325,0.6226559140221333,0.7182526855207912,0.5848837814945539,0.626399088160407,33.51137218528978,35.8900240424345,0.4911714461742532,0.5936896428893641
27,326,0.39011722761428724,0.49266416082047554,0.10601736474574563,0.10947009415581892,6.074347555030269,6.272174378028162,0.2449548746206225,0.20374597213213627
27,327,0.4939640452182747,0.5764580858158176,0.07163205941417969,0.03480229450400575,4.104214682262852,1.9940245924508702,0.017753084684719707,0.007108662990117906
27,328,0.5727443785851821,0.6448860380135314,0.07922327811958109,0.04963999623707665,4.5391594754431175,2.84416227942978,0.025189204485808872,0.02316216340576323
27,329,0.501307807180342,0.5843126641403245,0.07357411898678144,0.0533118289726135,4.215486499335913,3.054542798254017,0.1196760152975806,0.09220741208172786
27,330,0.5203021653320475,0.6007636994369171,0.07138746588733927,0.061892529261215024,4.090200505478676,3.546180710057572,0.0229026688409006,0.025879059525144993
27,331,0.423099483046682,0.519544244527036,0.16347571470732108,0.13525164184199032,9.366468505614218,7.749348249761057,0.4615684975293971,0.37933718862719706
27,332,0.4418050977425336,0.5332478712391586,0.11447803654707644,0.07692665813009072,6.559108341091872,4.40757284289994,0.07974049530620327,0.052724314566609955
27,333,0.45285817260300765,0.5421031234448006,0.11044682923118855,0.074128661699852,6.328137175549235,4.24725945635459,0.11094192734037775,0.07758014735438616
27,334,0.5793045702749812,0.650256952337589,0.1138666004112475,0.07419398160561398,6.524075631067086,4.251002011272944,0.03423355557742522,0.01995330826206531
27,335,0.5148003604395266,0.5968013980960658,0.034914612791998687,0.07373561710661909,2.0004599563150003,4.224739660001909,0.0025282185613392967,0.009637311756790709
27,336,0.8699716182507519,0.9204032811693454,0.032971780665656154,0.022715222068259704,1.8891438751731457,1.3014863552137097,0.008670678671976788,0.014638349952054378
27,337,0.860825821605401,0.9133973504069993,0.06353463695875838,0.10311243752292824,3.6402665506327514,5.907907485370173,0.023894764438789583,0.05241710599898456
27,338,0.45376849622264825,0.5417864219953761,0.17157547762997113,0.12772584638426912,9.830550736138614,7.3181519325549065,0.1477166107751807,0.10314109248067206
27,339,0.37300471400830654,0.4805278668484167,0.22899721958341032,0.2505678941557757,13.120574202359975,14.356482816606672,0.6876445005017038,0.6394550083813686
27,340,0.40092464452458726,0.49939699285973804,0.15105433241579358,0.11130295780353791,8.654775724591152,6.377189729465414,0.3511215616771046,0.2789583574161245
27,341,0.4744065431357159,0.5611066774310658,0.02389746116908775,0.02854989200715044,1.3692236660664983,1.635788317564003,0.0032406204203445903,0.0015007879800919624
27,342,0.4263514268802405,0.5199894658991496,0.10754444226930439,0.06758729143383979,6.161842652119475,3.872466547879722,0.0706788672857891,0.047159473501021884
27,343,0.6086962296670506,0.6768180805555583,0.10892455349669726,0.07063242992964786,6.240917200707706,4.04694013172234,0.043800994570834306,0.02616243335269569
27,344,0.5520755962613556,0.6282835011673803,0.03335277062105133,0.0364862777853797,1.910972991654167,2.0905097272441893,0.004402592965854041,0.011548210571630916
27,345,0.7712178961858964,0.8590231975899836,0.5694691063270981,0.6112021564498268,32.62817635562945,35.01930399386972,0.47788877145908093,0.5839721729356717
27,346,0.6518514871251717,0.7197710406805473,0.046067650203470985,0.07760598956765906,2.6394819287438755,4.446495667163161,0.007576303510724278,0.013978289620856732
27,347,0.6634560652246358,0.7286643470857973,0.025272773538988415,0.05292735000530504,1.4480232603739414,3.032513776115694,0.0026623690240455203,0.006807187196302043
27,348,0.48466120146815517,0.5693499371980816,0.09383793492008148,0.055228811690259616,5.376517629143957,3.1643778173746586,0.026293063248102634,0.010934072165650423
27,349,0.4063171810766927,0.5043346035664039,0.1425898740368495,0.11143445325107905,8.169797983613512,6.384723863634705,0.509569056045266,0.4312399225399675
27,350,0.4593008467765513,0.5473577783516125,0.054870159783391124,0.044847249924923456,3.143828576796775,2.5695581434665122,0.04937287253451053,0.03508047209412103
27,351,0.3979888133820135,0.4996283066804524,0.12826746468602232,0.14341877828851324,7.349184375352408,8.217290698854292,0.49554455704600925,0.4459765683080649
27,352,0.5413252224681999,0.6165267106718578,0.17526418449402142,0.13247668053875647,10.041898071309634,7.590354678773634,0.0761162433042962,0.045341024718061854
27,353,0.4533751799578752,0.5425024018325031,0.19499040072477838,0.1560704849611202,11.17212700709447,8.942180094832173,0.7191887596525735,0.6088659233521968
27,354,0.43298934770681335,0.5338820873138866,0.24137106996526694,0.2824128802731655,13.829543605566702,16.181066119785807,0.1585114591062089,0.1909172172181853
27,355,0.3703782098975385,0.47846730642365204,0.3365888607944433,0.3772393246063214,19.28512115463798,21.614221166307882,0.43312827244026564,0.45335100775614917
27,356,0.5023051888308804,0.5888732415739246,0.13191544158934726,0.173939047351182,7.55819805567413,9.96597330574891,0.03393795263908597,0.06180664489835487
27,357,0.5490604058175893,0.6437437268253948,0.4245139504223008,0.46539350079087105,24.322857703623704,26.665083408135253,0.2978718096203762,0.38588591696955565
27,358,0.4580082869689959,0.5455934331103588,0.13355084799597144,0.09093048528970699,7.651899940562352,5.209933036176627,0.139281518629739,0.09901810213704232
27,359,0.4911592621581997,0.5804779135480328,0.09559605477746393,0.1263030263697031,5.477250476850113,7.23663035071353,0.05323327487257899,0.05114276553241646
27,360,0.5140915047867354,0.593505511963695,0.15403821829995118,0.11241415236319544,8.825739792302045,6.440856487951688,0.20313795289168943,0.15125823248109696
27,361,0.459712130530832,0.5465883650427426,0.18408550237255417,0.1424486514880469,10.547322355492856,8.16170652759504,0.45397640342667106,0.3655369203330101
27,362,0.4332940586351166,0.5256315524197273,0.14251394225231181,0.10354788226893957,8.165447412828604,5.932856631527768,0.3172375232270138,0.2581369582066302
27,363,0.4496343186387036,0.5486390058309784,0.2689802312284697,0.31141893433191287,15.4114320218443,17.84299059768034,0.12915427248041123,0.17297553569184332
27,364,0.5450619787215806,0.6272035617986516,0.09423268980696325,0.136089067570295,5.399135418104446,7.797329209648585,0.01706623200284447,0.03320754102706909
27,365,0.6160206485322834,0.7032395760303298,0.36120042665808955,0.40290373978803584,20.695260005833163,23.084683839891596,0.2221784607597918,0.2972425908214974
27,366,0.5000524736936358,0.5826742984830636,0.02725370111381036,0.02928719932869097,1.5615220499323244,1.6780329152923705,0.00550014844732984,0.007864372385296452
27,367,0.767916821757574,0.825349111820571,0.048299128785718175,0.08061768873433382,2.767336233580476,4.619053318576691,0.02092461752949812,0.044348930368473344
27,368,0.838197184778076,0.8906281220992455,0.04735962159536051,0.03321772126457775,2.7135064367507877,1.9032352335022726,0.014252475352717956,0.017569860363806408
27,369,0.5975059389668355,0.6701288221823637,0.025782134166907122,0.050941527602950364,1.4772074746038169,2.9187345335982413,0.019976873242055587,0.016368001757471953
27,370,0.5135133156505771,0.6042183392946878,0.23226056442786808,0.2733447496247137,13.30755008904318,15.66150050555629,0.10408758904157282,0.14361760013501146
27,371,0.359924079390196,0.46814616133489334,0.4969874438105156,0.48184896514732856,28.47528300133769,27.607912065688225,2.085278296904875,1.8246858558001553
27,372,0.5012054322705191,0.5815582849094092,0.12492356103631334,0.08173253362557138,7.157592809125691,4.682929225656325,0.05482411063820511,0.02849698205928706
27,373,0.6136914054609541,0.6805152928946329,0.10488734066118638,0.06463195413637206,6.009601944236889,3.7031381936972223,0.03895787607999161,0.022390956130879415
27,374,0.44385376797024656,0.5360127265105187,0.04769102675484308,0.041853169796797055,2.732494553697999,2.3980099886008803,0.06534236749172066,0.05075275926980764
27,375,0.43148896723515323,0.5250139525848395,0.08446548702290092,0.05641577597420072,4.839515920929247,3.2323858612772516,0.0253652498818805,0.01410924605478318
27,376,0.472058842076285,0.5621791014467121,0.09878130809899323,0.14173020594154945,5.659752048853769,8.120542629970767,0.029548544010535655,0.06071281012684995
27,377,0.8483439239103167,0.9005357222665578,0.04647536932391185,0.08381859015433347,2.662842513571923,4.802451460580103,0.02025502955599959,0.04549501293068272
27,378,0.6878688140229353,0.761833535329709,0.2704508502150435,0.30960450589655064,15.495692283046786,17.73903150610556,0.1425100470300267,0.19810567908983617
27,379,0.6225079713951488,0.7042873814042839,0.27431881136855396,0.31734815431530783,15.717310132463489,18.1827098785335,0.1387780774356346,0.2018311049012687
27,380,0.5041313889012354,0.5924298067888117,0.2600912230686656,0.2995017389099755,14.902129370230176,17.160185596370706,0.21234618188337032,0.3153790015090844
27,381,0.6717233902253684,0.7369202406270301,0.0282874772600924,0.06008209294641023,1.6207530600755842,3.4424503501420394,0.006258287231544814,0.01880769114169853
27,382,0.6246821849232336,0.6965863820689331,0.06888301982618344,0.08273816253021897,3.946706316156285,4.740547517648996,0.06161904401259943,0.04905534326335336
27,383,0.5579067209586976,0.6420461979209473,0.19356586996635167,0.23523037754401938,11.09050740685005,13.477707846541245,0.07456306811092271,0.11253540535451781
27,384,0.567299245236802,0.6440185915056886,0.08902104814564525,0.13068429586901084,5.1005303465763765,7.48765860193326,0.02850453754817254,0.05962679535101578
27,385,0.560850454977334,0.6491995304716921,0.28132921630211344,0.3227605136510469,16.118976747834136,18.492815225679582,0.14069719725156915,0.19159048921976826
27,386,0.5643916571661325,0.6542373620742529,0.3319040883810658,0.37337060735999467,19.016703467372132,21.392559995963886,0.18912106551277033,0.254883402149387
27,387,0.9127791075672365,0.9686998226225569,0.15002738917387526,0.1918785942781281,8.59593621102975,10.993833631039806,0.06623189075862457,0.11240945281632857
27,388,0.7756674451261137,0.8451578224564473,0.2465527127453439,0.288909645389675,14.126429867809547,16.55330334144962,0.12169102716036653,0.1811815421170963
27,389,0.48016208957877315,0.5656704859305338,0.08907927603658265,0.12009673559040455,5.103866558977037,6.881036082628766,0.07562261708022897,0.13145627172739419
27,390,0.5001661918838683,0.589717493088833,0.14930350625669145,0.19023771485814503,8.554460775013501,10.899818165584902,0.03880130153630455,0.05914840701877054
27,391,0.6710301315574081,0.7338698105709273,0.04361811744106401,0.02723081194630994,2.499134039678934,1.5602105972379825,0.015652604115711188,0.025347183655482573
27,392,0.5133503845584301,0.6044139791660972,0.24056672357539302,0.28387533518628283,13.783457952160342,16.2648586140356,0.09404477141315043,0.1381594953860549
27,393,0.7713437672095826,0.8307340161871479,0.0968571409075727,0.13826994178836763,5.549505389707832,7.922284097993039,0.03418854010498354,0.06883283133712015
27,394,0.7570932800487506,0.819436773438842,0.09053538248438088,0.134220472095948,5.187295312957662,7.690266575351256,0.02256050365190207,0.05133400488279336
27,395,0.8906160350649284,0.9375464441590946,0.09246361814038317,0.06029398616852561,5.297775077953234,3.4545909374766786,0.03490194288855335,0.04041969645489237
27,396,0.6600730334619598,0.7329584583190131,0.2335049981978316,0.272673550008465,13.378850891945644,15.623043600334437,0.15138379635127436,0.22581663574452798
27,397,0.7696736847372275,0.850867891440717,0.44502605649578664,0.48711949093429896,25.49811481055911,27.909890949096496,0.3129641178223665,0.4029087132685084
27,398,0.8832210671387196,0.9669391476385821,0.6211611715900307,0.6626962522204017,35.5899135295103,37.96969835136613,0.5613615759152718,0.6823856420982721
27,399,0.9912978115405071,1.0632613808198637,0.5033480801531123,0.545310102635616,28.83972061878601,31.243967406866545,0.38786074452069697,0.4906277718202381
30,0,0.674244855865188,0.7451800730267716,0.12394950964926306,0.1170256243144202,7.101783775618846,6.705074368099826,0.08844069700801001,0.07351663627712728
30,1,0.49200388121072786,0.5830175928635641,0.053512237168363494,0.0543304175462915,3.0660253420503234,3.112903624586017,0.02902774132829638,0.023922557899955992
30,2,0.37423991542640045,0.4873597456271984,0.1680641469406794,0.1730529710206662,9.629366307167436,9.915204871683915,0.6842632781206224,0.698429349580894
30,3,0.6678452979488974,0.7425863083408448,0.10163934208660415,0.10710146340228753,5.82350533404882,6.136461832625922,0.05754436059381576,0.05974294252510468
30,4,0.4773502871329769,0.5704688161355927,0.13123303129193054,0.12170116364690037,7.519098825735885,6.972963038798353,0.09343433096773335,0.07523787114115453
30,5,0.3679905657931748,0.4819591695828079,0.18370229784716974,0.18894916699580555,10.525366353498015,10.825989811372246,0.945724297466389,1.038754857207106
30,6,0.6670019981524536,0.7376692493370796,0.10757632839768698,0.11151521160350317,6.16366959270081,6.389350976389037,0.04816058310051355,0.06038714585547712
30,7,0.5693352152549356,0.6494317411794729,0.053179143718077033,0.062484598408032895,3.0469404931654585,3.5801037733501473,0.07211491110354937,0.08560806410945963
30,8,0.5521460951490146,0.6357971840553747,0.14878580651617127,0.152444345694,8.524798764826675,8.734417618899524,0.08472793741472917,0.10372906049196191
30,9,0.38954501733234165,0.5000471526112258,0.14457789086745337,0.1501597736353446,8.283702957608087,8.603521281945056,0.26863720198204216,0.2852693849901169
30,10,0.4361288820237654,0.5368632453701901,0.08822349729976395,0.08996164659196615,5.054834049160289,5.154422667767126,0.012875068504902255,0.013405735597773263
30,11,0.5234374892954579,0.6109862231588714,0.04423855789530474,0.053380318728152465,2.5346826591461076,3.0584669721862827,0.020622900276745692,0.02364373784880958
30,12,0.40646275915768454,0.5120944874024335,0.04556750329487104,0.055214637710997945,2.6108256217445835,3.1635657081840587,0.09640695922685386,0.11034613661657551
30,13,0.52828456684502,0.6146042546986111,0.07120549368380381,0.07298844186819417,4.0797742662274,4.18192967228348,0.009268690532583994,0.008590655048797143
30,14,0.7677487530399487,0.8304219014625672,0.08096298820136641,0.08507560240107073,4.638837520705775,4.874472957114405,0.03632889246391925,0.03906537150721706
30,15,0.5472066874713446,0.6317637525770166,0.10568994572718311,0.10553622578003191,6.055587827134321,6.046780322935583,0.026921073172131896,0.022637165324568317
30,16,0.4509046186179119,0.548807257976211,0.11150667441396353,0.10964840223158949,6.388861831459512,6.2823906782229155,0.046777605919456955,0.048565804810394964
30,17,0.6871218472182533,0.7553392630209774,0.08075314054291827,0.08594808266636975,4.6268141355359935,4.924462394024494,0.02112720707346742,0.028503015191926093
30,18,0.5766425514007649,0.6576447235414757,0.07240649223753357,0.07374353078656494,4.14858641455743,4.225193080463223,0.06473694387904673,0.05882481210225146
30,19,0.39894774305045627,0.5059788318175586,0.1608184133272173,0.15313372382685628,9.214216351639982,8.773916076400798,0.07021703550981147,0.06002453760502688
30,20,0.5268931126661008,0.6121049789793027,0.025171418898197427,0.021660523160679422,1.4422160672225535,1.2410565591523013,0.011009072227207168,0.008710237576437168
30,21,0.4902970837987318,0.5813445521649215,0.04128102328271548,0.050924209910539135,2.3652284080808843,2.917742302912172,0.04720248402784676,0.05909636098867676
30,22,0.45633705884292214,0.552474098597393,0.05446275281067334,0.061451991836551034,3.120485876715844,3.520939774906763,0.08297095307718681,0.0945411656581299
30,23,0.512318845032565,0.6008239466518741,0.06108043840375406,0.06944066000688247,3.4996513313438986,3.9786567449972514,0.014699213945721948,0.022222268111476394
30,24,0.5346423295666215,0.6205825789239949,0.0635457448647064,0.06269640384829638,3.6409029867628013,3.592239331155155,0.037610944735855065,0.030838254592085942
30,25,0.6502299698091045,0.7216150746013709,0.0394719670854601,0.045498423502087104,2.2615771230761648,2.6068676411684257,0.006456199368055391,0.009156600640948913
30,26,0.44861539125696304,0.5482301405781029,0.08234137826831918,0.08967615080614169,4.717813454064924,5.1380649641706135,0.0325542156018105,0.040113584282630815
30,27,0.5330420992744002,0.6187819262759414,0.08743960591320878,0.08955852490767913,5.00992038111402,5.131325496627275,0.03600902162534819,0.036081584186243375
30,28,0.42834764182305046,0.5298661124602237,0.083959542570336,0.0911257918921088,4.8105274391292205,5.2211232802052905,0.128470089614079,0.15352180008374772
30,29,0.39862069223104424,0.5059119457220848,0.08965791490698692,0.09619579546544561,5.13702012411342,5.511613087073736,0.22129161283090387,0.2502072283960543
30,30,0.6552791999873456,0.7276834971625116,0.04458341673154121,0.04777491526014238,2.5544416149902505,2.73730101100131,0.03801512248917402,0.033857081633014485
30,31,0.5610215235829915,0.642393111521499,0.026140132774030586,0.03689110923195159,1.4977192838635534,2.113704860546934,0.004149303788927137,0.008348066277931127
30,32,0.4298231523801526,0.5314080565118582,0.07009824560573319,0.07579999130158528,4.016333624479981,4.343019588709188,0.0982435303560847,0.10740080201802596
30,33,0.5596380192256066,0.6426438474166303,0.0573413446375875,0.0627294060372065,3.2854170393388786,3.5941302172943987,0.026526353173870507,0.02481835942940643
30,34,0.440715101887366,0.5399094741694364,0.0838010159272611,0.07480448466965901,4.8014445315406515,4.285981260222529,0.026482063907257665,0.020132487276224117
30,35,0.4385148414988889,0.5383798709535188,0.0516836841698818,0.06318386689280588,2.9612569726213307,3.6201689062741473,0.09876059402295738,0.1165740773912751
30,36,0.4871871999229185,0.5820549796966022,0.08505114774558133,0.09385807722085271,4.873071808565417,5.377671697967831,0.04440472237321207,0.045082997639039876
30,37,0.35285443936594085,0.47041467437796697,0.2383388379929129,0.24475316158723157,13.655809511046185,14.023323181431829,1.4122078216660274,1.5210747817848056
30,38,0.5255079217753418,0.6117749473168286,0.042403198215913054,0.04902251893000223,2.42952429562848,2.808783435789312,0.015651225325416,0.017545348891045726
30,39,0.392040436090438,0.5012930736025861,0.1032800857251079,0.10943011490258404,5.917513019798023,6.26988373554972,0.3229229231574931,0.34170065845262215
30,40,0.42686534944878046,0.5284811679898906,0.15517412775538747,0.16033609881416763,8.890822610007548,9.186581765644329,0.3360689906805947,0.3812956942637983
30,41,0.459163547731805,0.556595479875595,0.08350590816445594,0.0922898023005877,4.784536102230368,5.28781616392043,0.07206448062920587,0.08575469044241742
30,42,0.5141821585962774,0.6017759322198585,0.1013561977548405,0.09544475181895845,5.807282358845711,5.468581455899907,0.12671822022109552,0.13127016392334118
30,43,0.35850199940577665,0.4744924286433738,0.30122579729487226,0.30407636001448457,17.25896686545943,17.42229207853055,1.5455832187860812,1.6504294403793773
30,44,0.3952153754839956,0.5032479136240342,0.02600909287031867,0.02685075892190025,1.4902112504330598,1.5384351629481248,0.004845427953981197,0.005801066011478586
30,45,0.3572681672456408,0.4739125226266875,0.23121263975897066,0.23980510846287711,13.247508428267714,13.739820620599799,1.1104263083937729,1.1912481812730158
30,46,0.4134398373440953,0.5177803203665234,0.08484683072147349,0.08994813112446112,4.861365305401365,5.153648288520942,0.18625991678672488,0.21577938854612538
30,47,0.5398453343397964,0.6240650497447569,0.14385736851242714,0.1435166969078054,8.242420067620257,8.222901022475483,0.07371761410621942,0.08623911215732201
30,48,0.3503711731173155,0.46862925890527024,0.2924604893301132,0.2958457749804772,16.756751712946333,16.950714293158388,0.8828667463815888,0.9176274428482071
30,49,0.37915580402336563,0.4906664838819018,0.14303464633001864,0.13370172937510827,8.195281558856458,7.660544806794006,0.23322108592841354,0.22455860945710496
30,50,0.43809685495956713,0.5379662408222864,0.023742631362145893,0.029218146530223546,1.3603525715859046,1.6740764813766196,0.03213968398035692,0.03925077269989931
30,51,0.4039615102533913,0.5108769244664645,0.04673766252176345,0.05251435528632236,2.67787080680381,3.008850921756795,0.007683125460765201,0.011608751797001372
30,52,0.36227998085254537,0.47778538195829173,0.1401285875773824,0.14802504853684742,8.028776657313347,8.481210543380518,0.5703183613093654,0.6384191287568692
30,53,0.569684509798082,0.650714941115742,0.08219279315136242,0.08698056929738893,4.709300153964844,4.983619520385574,0.032258950020018475,0.03871571553792692
30,54,0.3854659978218617,0.4954349824393017,0.055943346175556304,0.061526763981916255,3.205317627698711,3.525223903261329,0.12754601494844098,0.14162549921204914
30,55,0.46656325630757856,0.5622748945163198,0.13220663247245332,0.12933475511430756,7.574882064308795,7.410335612407862,0.03840031933739792,0.03413480275512412
30,56,0.44585253124072,0.5458717431837455,0.04927240756201105,0.06276606500630855,2.8231009997517154,3.5962306215052466,0.039055060765941604,0.055297574088012544
30,57,0.39503048774379496,0.5042152412229667,0.10645281796006424,0.10431531322980642,6.0992971863861305,5.976827186653108,0.06260711926936355,0.05536712056164722
30,58,0.6060541201051924,0.6828110605006817,0.05794087614930304,0.06003326716805349,3.319767664645277,3.4396528391107566,0.03895408343762381,0.0365660042751686
30,59,0.6477327071273296,0.7217610090772631,0.08394813236704704,0.089090884480976,4.8098736826373765,5.104531673847489,0.009568619190036858,0.009403243457416673
30,60,0.6686224489236294,0.7396381614800274,0.053489309953251164,0.058702988091510734,3.0647117093883987,3.3634334624502964,0.02142162123916117,0.018890178326846148
30,61,0.4422539119034494,0.5413396622774413,0.07213127192709887,0.07989200359586708,4.132817452333241,4.5774746228871805,0.07965229853427828,0.1034759260212719
30,62,0.3709535434090829,0.48445475375508007,0.19917751780050238,0.19583944703415498,11.412031143860615,11.220773777232909,0.11126368066331507,0.10860027521338411
30,63,0.5227107343878313,0.6103539741943906,0.05873913386934405,0.061202051195093615,3.3655044629673627,3.5066192310224604,0.043167143464737115,0.0378059816575079
30,64,0.42397669140195765,0.5267418345634912,0.10053196901170554,0.09973965095822722,5.760057530510705,5.714661050014377,0.018609936730847793,0.016197630990794118
30,65,0.47968764701454447,0.5727072611914558,0.026280765400262827,0.039974853818798624,1.5057769398085017,2.2903904104695827,0.023560420852017473,0.03324751099469133
30,66,0.3799803054221037,0.4914314428046252,0.08098347882857358,0.08861672309087419,4.640011547164322,5.077364227386599,0.24231187975153637,0.26875230163787794
30,67,0.3463742904887471,0.4654095648506465,1.1326092392494975,1.1367639257179318,64.89372924651911,65.13177524636052,3.4829801396171276,3.6095125401184465
30,68,0.4886057218700183,0.5797735883839444,0.01562912608587643,0.023306944656008802,0.8954829621985393,1.3353895621342926,0.0007385323295192945,0.002974549576407448
30,69,0.5744180158982962,0.6537775194693546,0.07017200239432851,0.07481065297121921,4.020559577176932,4.286334677868693,0.04498469526109801,0.055729258346966
30,70,0.3557377798316034,0.4726887614475785,0.18841991077747522,0.19531338794377362,10.795665663780865,11.190632811579565,1.0966666940662904,1.1757051668055931
30,71,0.8046412189380518,0.865791544786705,0.09464216422297086,0.10141480139341538,5.422596573960267,5.810640100000161,0.050851573877263155,0.057446937526864014
30,72,0.37832413902630624,0.49002802336594387,0.1795493795131844,0.18322438060004434,10.287421660298154,10.497983712281219,0.6898486720433455,0.7331152977503216
30,73,0.5128655746500778,0.6002975517979953,0.059311640456323415,0.05781551342010003,3.39830667414472,3.312584909353703,0.007369830674766601,0.007558532588859038
30,74,0.5906249635301898,0.6688638718936167,0.018843576959027934,0.03267369017309489,1.0796574306822628,1.8720645480364095,0.002941226387801562,0.007151550132909719
30,75,0.5267108852924979,0.6135297207189326,0.14424204525281198,0.14907020106919816,8.264460421321157,8.541093372431627,0.08504483237967689,0.10231683245350218
30,76,0.45668962040064703,0.5532581458171446,0.05513945962664958,0.060003386785682816,3.159258321239019,3.43794081931068,0.06369086651802922,0.07167454266808082
30,77,0.3692429910840975,0.4830447368909217,0.11081226409373328,0.11423841300955304,6.349075050859991,6.545378923719786,0.19883858604604498,0.21863230478185425
30,78,0.5112086396733619,0.5992647334737637,0.1467238040645351,0.1484054077101866,8.406654727002296,8.503003518711939,0.14569433008655425,0.1619322436879453
30,79,0.5568827017546931,0.6385393371643044,0.0958539120700961,0.09962550205727728,5.492024611434606,5.708120799753889,0.056770918819717485,0.07090527861867799
30,80,0.4738319571488871,0.5673995981404824,0.050702081589617455,0.054289247092396346,2.905015287613032,3.110544731337187,0.02847245034128644,0.034676066507954934
30,81,0.47621760978488675,0.570217513997319,0.04650109798470471,0.05411179464903583,2.664316657247878,3.1003774552683447,0.011301356330405566,0.013466181069854376
30,82,0.723397487189182,0.7896946245887885,0.06992318214629317,0.07179281693491703,4.006303227107108,4.113425409726089,0.04643289155585294,0.03995855537367458
30,83,0.361116984016716,0.47675099664693266,0.10104190712355135,0.10728156342745265,5.789274832132341,6.146780803958084,0.24153854402719904,0.2650957410627192
30,84,0.42567569364553587,0.5282851780829126,0.11598600101854198,0.12317467176085706,6.645508340962523,7.057388834806353,0.1740246990929973,0.20852569908626295
30,85,0.4915309949125665,0.5825954067676921,0.12996674552481993,0.1345211595211933,7.446545995622961,7.707494695770467,0.179824058047275,0.21738109098933608
30,86,0.42630987746910265,0.5285200660450777,0.06917900354987294,0.07529332076243261,3.9636649343282593,4.313989505212122,0.052916084268008805,0.0624713116991784
30,87,0.49437556202356603,0.5842960835587159,0.0376621097681363,0.04490418610840897,2.157879937272641,2.5728203464818145,0.03763648717278366,0.046775339269607044
30,88,0.48901062772396875,0.5803134460636351,0.015363209666876067,0.02271468745614791,0.8802470736865861,1.3014557241960274,0.00952699808712781,0.008194788662532383
30,89,0.44713728339929565,0.5451732484594822,0.16940254854246933,0.1733566053109532,9.706051070243548,9.932601835032811,0.40346228818245644,0.45941471742199436
30,90,0.5488155388094739,0.6316676806014377,0.1082670079425106,0.1124526367967427,6.20324261561522,6.443061483570897,0.08613629745187906,0.10160439642436891
30,91,0.5576711566025236,0.6397412660206099,0.02573050821342051,0.03736693416058288,1.4742495253556953,2.1409676207446204,0.006427849567756593,0.010155020776027661
30,92,0.4136041369023053,0.5181376466730409,0.06721535973383228,0.07400478867998128,3.8511564312021656,4.240162055120458,0.13119328253093393,0.14291845913462187
30,93,0.3815949311310685,0.49274063519141015,0.061767654323979244,0.06337038730005572,3.539025903187001,3.6308557384026248,0.007761239750270939,0.007081299117583532
30,94,0.5149862656054631,0.6017334358916733,0.07453038234120038,0.07650763652104589,4.270276353647141,4.38356467317689,0.04617716081212074,0.05659531635214081
30,95,0.5432042390300622,0.627422896565746,0.05628398963826219,0.05862465912989317,3.2248350604304807,3.3589455435359676,0.011918699857014804,0.009724731850918874
30,96,0.37437596061212164,0.48753830747408083,0.05370640811301954,0.0566876505894831,3.0771505176831835,3.247963129289675,0.010979964005099941,0.013696531467384369
30,97,0.39728395745783396,0.5057928683858054,0.08825700107554836,0.0972886835101703,5.056753674110488,5.574230959516766,0.04566765202246029,0.05840121421708083
30,98,0.47974396396392477,0.5724506319236634,0.07883390561547003,0.08829920698993535,4.516850074299113,5.0591718948753535,0.16533089651739394,0.19486725468724117
30,99,0.49149962691044125,0.582224302192674,0.05522557662256216,0.052169414865986224,3.1641924616491552,2.9890872914880657,0.010675618198785828,0.008952456876250306
30,100,0.6199595250836192,0.695014910144163,0.0935371551991923,0.10108138927262691,5.359284220573884,5.791536992640476,0.07774241227446708,0.09487737206015572
30,101,0.3832857824807505,0.49412419186037515,0.06113067311964601,0.07107134198896502,3.502529568549546,4.072087940298609,0.18156435394709855,0.21043306307025264
30,102,0.4928682239193398,0.5843558253692209,0.25079032159098863,0.2422136730149173,14.369226969892294,13.87782120411652,0.2616346607405782,0.22951240672727632
30,103,0.5484567251852459,0.6312421591667001,0.08372372930271134,0.08880167925331733,4.797016334141138,5.087961434889527,0.08141962826084395,0.09430833511723602
30,104,0.5120475958710008,0.6002988881280138,0.07811333961444138,0.08435591432273049,4.475564683579552,4.833237867659629,0.02383320471786087,0.032974439322220266
30,105,0.41834996392201296,0.5221442110394097,0.025874247349186585,0.039783375050106484,1.4824851711859495,2.2794194851571614,0.026880301962317728,0.03682742765762949
30,106,0.42451571713760666,0.5270361243660086,0.0834783850313256,0.08838401324782316,4.782959142863024,5.064030935528623,0.024322122745432162,0.03131729634725657
30,107,0.4521766046168672,0.5501204237943608,0.056129342601523434,0.06880932123159339,3.2159744379111452,3.942483697730229,0.0857068672151222,0.10976294216081395
30,108,0.5440877164477083,0.6276606729535041,0.06560035647768138,0.07467082343023111,3.758623560724834,4.278323035318823,0.06029716868352647,0.07562607838992438
30,109,0.6015730677608826,0.6782894558891217,0.035102932950190936,0.04317530887615893,2.0112499065766523,2.4737629777776284,0.007529145203422925,0.010760527104405691
30,110,0.3890790912226203,0.4987154752578752,0.0881012185474767,0.08817599998611668,5.047827992730104,5.0521126535500915,0.036894356983980546,0.03979191228588766
30,111,0.45664471721157995,0.5533365645348622,0.056883867823370425,0.06409652085969557,3.25920554865915,3.672460126732799,0.05354038675484253,0.06327677896134697
30,112,0.6016074820770831,0.6782501941357681,0.042123047805148556,0.04760874218466402,2.413472859462818,2.727779995107691,0.012241145197222691,0.016036807156595397
30,113,0.3515108696001954,0.46934173410636276,0.46572639704589575,0.4701855186494498,26.68415695856388,26.939645806783133,2.960991318481307,3.1149297551035366
30,114,0.3676156632666426,0.4815021534003496,0.21175226904411296,0.21557615374814912,12.132511318546383,12.351603773432288,1.1718965047953753,1.2543321081526753
30,115,0.5385805926197582,0.6226229822617295,0.023156766616742038,0.03160498729299826,1.326784994308757,1.8108323834533968,0.004542606250816051,0.005650365346785664
30,116,0.3747203423143722,0.4877863710910405,0.12392191026353468,0.12346987640378145,7.1002024472994565,7.074302814938587,0.03464506117380158,0.03440483323272983
30,117,0.4689649903297385,0.563037084582467,0.06433324478779204,0.06495237467305993,3.6860234087224852,3.7214969381187544,0.0071529141719903384,0.009358876563341632
30,118,0.45339159874025026,0.5501776491402869,0.12708399732819595,0.1309028464147917,7.281376690557458,7.500180625816784,0.10864482805508882,0.13137291719608896
30,119,0.5236228244476289,0.6106125015573314,0.11104176616327827,0.11436259201853076,6.362224550834437,6.552493856838327,0.035009642481463286,0.04210012942029822
30,120,0.5594297892764856,0.6414092892652496,0.0408060566690758,0.04098334316518602,2.3380148257097098,2.348172593701488,0.0213941889888939,0.016684842444574778
30,121,0.40855387679824506,0.5138816805648104,0.10986649526265183,0.11648449600820593,6.294886488444003,6.674069999978685,0.18231859470005907,0.220511603411574
30,122,0.4511760420921928,0.5501820381845781,0.08181219321869009,0.0848780284550013,4.687493384139756,4.8631528038628815,0.06353468007321883,0.05902769388018694
30,123,0.4854355729634133,0.5774526588248079,0.046036043104880256,0.05144390918929662,2.637670975391973,2.947518878200969,0.006505382688833779,0.009521896142212228
30,124,0.46476786556196414,0.5602517195513484,0.07518328640087013,0.07329275040041282,4.3076850006931755,4.199365266849429,0.05861789847633838,0.049355191278076124
30,125,0.39629436477379976,0.5043337704231214,0.07856747838025983,0.0792246395236121,4.501584918174229,4.539237478148306,0.03393034338834734,0.03750876957367663
30,126,0.4226958075049647,0.5256418541862772,0.022997857127754904,0.03104060319015757,1.3176801512652137,1.7784955563363478,0.0015715095178528427,0.0039849879568960266
30,127,0.6904125500352591,0.7597569535255131,0.14986413857417397,0.15436201270098418,8.586582640663886,8.844291844911202,0.09719378678985362,0.11752519210513325
30,128,0.44950274182091426,0.5487147525302664,0.08544039292393182,0.08626027336177619,4.895373914480717,4.942349603274537,0.03999094498367599,0.035306946163346994
30,129,0.5653830449714573,0.6467561110499265,0.05829449145543179,0.0595292155309372,3.3400283292576813,3.4107728076473336,0.037079074690936714,0.032054639311510605
30,130,0.4342364160227646,0.5347961847291417,0.07566823823051434,0.07361996414518412,4.3354706937989365,4.218113233423495,0.03237513635321036,0.025998069469720306
30,131,0.47595764391612544,0.5704309395407098,0.08975058648766614,0.09383995803810938,5.1423298145671446,5.376633545268412,0.16781087090812566,0.1746415765313693
30,132,0.4964692268670342,0.5862094079066703,0.08549246127922011,0.09163790217120993,4.898357211484924,5.2504650378430515,0.10210598486845307,0.11903855505635677
30,133,0.45697168376088604,0.553866992387309,0.04835472475987481,0.05735375359612979,2.77052164825757,3.286128020291505,0.01700835461416843,0.02161229949614597
30,134,0.35158655238332565,0.4696050969993847,0.19049378833009853,0.19725425520167156,10.9144900947731,11.301836314052245,0.9639532203741806,1.0482538034406814
30,135,0.39159130292408256,0.500733608291741,0.0799194442996423,0.08501790255331183,4.5790468594003695,4.871166999359273,0.1424669701089611,0.15171261651239332
30,136,0.5646500253043396,0.6445761534710631,0.0657289560178294,0.0680760060236515,3.7659917716226388,3.9004678312624006,0.051228426045567675,0.061417455437093885
30,137,0.39385643979403984,0.5020020439791767,0.08558224430596703,0.08852330609492483,4.903501399989432,5.07201182778391,0.0505313133035697,0.06516602872033621
30,138,0.5865609447949827,0.6664198070482427,0.21170405175370946,0.2124407791320116,12.129748671306706,12.171960040735156,0.30729899696609186,0.3418119478958144
30,139,0.3725125091260167,0.4863497606081437,0.4104241728794449,0.40237277386640496,23.515572916139856,23.05426173351687,0.8343553646064864,0.794094819349809
30,140,0.4905460827952833,0.5830198481744072,0.06532391312670682,0.071776837566004,3.7427845234395383,4.11250985932809,0.03019927185779471,0.032587947726968505
30,141,0.36163605424921275,0.47735299510401086,0.4654259392280271,0.4685158073325486,26.666941993678293,26.843978395319464,3.286247576575029,3.4567454074554913
30,142,0.4429557982363213,0.5437896646291365,0.13878782860735628,0.13921945279275108,7.951956826986544,7.976687071145439,0.11681931388538833,0.1204227041255402
30,143,0.4068510039974678,0.5127777390037952,0.05310165236101107,0.05944979390062641,3.0425005654568373,3.4062222834284768,0.047349771359511295,0.05592628661372774
30,144,0.4438776059238183,0.5436016308623098,0.06552102184012289,0.07765634772625034,3.7540780208235325,4.449380977114491,0.07653394160885914,0.09213472516297899
30,145,0.5959454015837599,0.6747183023711911,0.09480692735510447,0.09426678442081063,5.432036806050879,5.4010888955820295,0.04802053422631773,0.03993426533776448
30,146,0.5907404977181459,0.6678594540797435,0.017310825820936033,0.018044807030834664,0.9918372594257232,1.0338912849948205,0.0008152407893357002,0.0009846750227837757
30,147,0.8012811934541226,0.8607095891152446,0.04824368200597665,0.04830883454731818,2.7641593671136953,2.7678923327571163,0.038773520134849034,0.032739451365103624
30,148,0.4414051207254139,0.5415111664781083,0.09331805820357007,0.10151817408943713,5.346730887420734,5.816562919199097,0.04027706292395575,0.0509099229606304
30,149,0.6848322404567002,0.754485430653837,0.08546599325393724,0.08404093151277385,4.896840705344169,4.815190682029942,0.0467479062543141,0.03860030870068
30,150,0.5008840975503426,0.5905042154511924,0.07438919640474237,0.0737115303440172,4.262186995361495,4.223359590162687,0.016032017580050552,0.012849513736553797
30,151,0.5631576272046142,0.6442915938835228,0.05121127774213193,0.0585093883738384,2.9341900780964116,3.352341015712747,0.010411601382083732,0.01610482917574903
30,152,0.47943110469090916,0.5723465377093143,0.02953005616327861,0.029548747925441415,1.6919475869401488,1.69301854602374,0.004042427147972588,0.004600306092371474
30,153,0.6918941292071473,0.7609193313095336,0.051331617896049356,0.057566744397860976,2.9410850610218344,3.2983314943058093,0.021784594149044545,0.02081959171194815
30,154,0.40946271650951105,0.5150222660212781,0.040451512273409804,0.04223385202979852,2.3177009281880316,2.41982147388748,0.012242006940274872,0.01051665935516664
30,155,0.8079226936277455,0.869607208259301,0.16920171672568315,0.1692329268660975,9.694544254749756,9.696332464073508,0.07669774013641335,0.08189330837872591
30,156,0.7670248172443923,0.8294056434974854,0.04057712600541804,0.046995789767778906,2.324898064880991,2.6926604085778303,0.011658386658776668,0.012061979925163894
30,157,0.450214176939921,0.5473140660700854,0.10904299682658612,0.11369062713232761,6.247703503621814,6.513993104877898,0.2884232938694764,0.31750831657877493
30,158,0.5320653673081251,0.6178667051052247,0.07703840370184868,0.07744826087722873,4.413975392540947,4.437458478893377,0.03136292815602949,0.026452095608142944
30,159,0.4537348646546571,0.5516116557117453,0.10315537900405307,0.10641801921289934,5.910367851004666,6.097303365041239,0.019914950152524508,0.021021207848609162
30,160,0.46390500010754354,0.5592151471863872,0.05908545417356343,0.05233831953438414,3.38534715475882,2.9987648161273235,0.032190285409649334,0.024796980637887295
30,161,0.5270704657396041,0.6134695457510548,0.0661413108671962,0.06900379921758462,3.789617964153109,3.953626465535731,0.0076569525597338164,0.008161196449864749
30,162,0.4988837562892223,0.5893148140494223,0.06658147345245148,0.06930932954786741,3.814837422587804,3.9711320639741725,0.0338905191123665,0.03894505263728161
30,163,0.36467277569724915,0.4795300056819026,0.1474865853340299,0.15219805471689493,8.450358874435977,8.72030618537925,0.6758036687495053,0.6907423993074393
30,164,0.41430336084979624,0.5184314002404069,0.11086351449104281,0.11635036960577794,6.352011482324196,6.666385123198288,0.22551440219778218,0.25638718924261783
30,165,0.5668033129300666,0.6477918745458808,0.04020069583311532,0.04256739837796878,2.3033302047266626,2.4389322719096374,0.03639528625194097,0.03140384843261791
30,166,0.42212147903728536,0.5255828065643797,0.1240984048138883,0.1256390997858602,7.110314840141778,7.1985901595527935,0.025571346288434577,0.024866190379129918
30,167,0.541563649630989,0.625379801604099,0.05789240181927749,0.05979484767784526,3.316990290120089,3.4259924085681646,0.02200362606040387,0.02196430819423371
30,168,0.6233039762942596,0.6993677025392512,0.09401143150192716,0.0937694907568853,5.38645825104366,5.372596067460511,0.027623413750963742,0.02675253963889536
30,169,0.5301955478664453,0.6224661993286508,0.3405597117339424,0.3326337145572334,19.512634154546838,19.058507967888808,0.2657036619826104,0.23556444183689806
30,170,0.5628177048641135,0.6447326421777166,0.06240872663705626,0.06483904905027181,3.575756641089003,3.7150038582223033,0.04280280202588563,0.039262413871744145
30,171,0.42304418858425824,0.5261394117981616,0.03592281870464092,0.044069087372829205,2.0582258999895355,2.5249727134563824,0.006331117732435212,0.01097894870385314
30,172,0.4432724675099533,0.5430149767579288,0.06369204626950582,0.07113488129617432,3.6492854397946433,4.075728474434888,0.03715373437328495,0.04523879228852551
30,173,0.4782669298791002,0.5708799108137989,0.11367165415402576,0.11692770446771202,6.512906033296408,6.699463974152878,0.17560689539030666,0.19372086760554036
30,174,0.42146553460129266,0.5253351714263517,0.07050674070651447,0.07284707519871582,4.039738669706519,4.1738299587585495,0.021066939270860573,0.018777269280100282
30,175,0.38101911247555587,0.4925064601584588,0.10947902291465897,0.11295382568108717,6.2726859582259875,6.471777491382706,0.1195176050283582,0.12593335221540408
30,176,0.41092679945492255,0.5158245461556886,0.07201505706350278,0.07618059080245743,4.126158831132497,4.364826333793948,0.09803972893879334,0.11172364744693267
30,177,0.37282766066641754,0.48568448091086597,0.10488931230414553,0.10822673288435404,6.009714911057155,6.200935024763205,0.41431937207449177,0.4196499437789863
30,178,0.4950622168665699,0.5862835813005214,0.05804801735732635,0.057115302203947636,3.3259064036769463,3.2724657619004485,0.026657289421465447,0.02153261176186324
30,179,0.3998489843878718,0.507063945345436,0.08062114379019826,0.07817012581340911,4.619251278695706,4.478818293114993,0.04292902635443474,0.04498299426093992
30,180,0.47323090350108016,0.5681357142865773,0.06878863005758991,0.07279230219083273,3.9412981807866587,4.170691696575611,0.0076894643855054436,0.008256610390131064
30,181,0.5233260291994614,0.6095805966814044,0.08770411361217066,0.09442748382749049,5.0250755559132525,5.410296293355041,0.110807070224041,0.12598629855979826
30,182,0.43768408005158593,0.5380977351433368,0.0376690104749596,0.04891597336354452,2.158275318649274,2.802678824505455,0.008805977538537107,0.012887906859192364
30,183,0.4692989927434348,0.5637669612145855,0.05771597894392156,0.06688830491546185,3.3068820039526314,3.832417570440123,0.06730785409310558,0.07989238013822636
30,184,0.3993800956624105,0.5064328078938726,0.14450352075612885,0.14907849242200583,8.279441864107273,8.54156843195396,0.4952259669621975,0.5232844922078239
30,185,0.4409254385404783,0.542126023477259,0.14910351477451694,0.1492432960652963,8.543002107146336,8.551010985162883,0.04167365405364777,0.03752140122486379
30,186,0.3783210669824635,0.4895166774720193,0.1832709830360621,0.18546019785935694,10.500653835180065,10.626086605002337,0.8405537276932347,0.8770486309761221
30,187,0.49640615174716207,0.5904740968760746,0.13918353782444506,0.14135456387515852,7.974629295040158,8.099019924958993,0.03846991813454675,0.03513901034449181
30,188,0.4765577422655252,0.5751587347197445,0.3409371498171186,0.33361269072780886,19.53425976374034,19.11459917070666,0.244501771043489,0.21700416249815851
30,189,0.4493518783610269,0.5473129821161239,0.06352969400332988,0.06103624668024432,3.639983340148377,3.4971193320973817,0.008710649048379072,0.006985126804007268
30,190,0.5888853480986299,0.6692151439999603,0.08085606186678132,0.08198399027290247,4.632711093015246,4.6973366302789055,0.06675181920697448,0.05902834396340073
30,191,0.6217654533968052,0.696109407908319,0.056531999137677785,0.06200508653178544,3.2390449580261462,3.552629766614769,0.03688488304570878,0.04842469561952968
30,192,0.5196990732388604,0.6063109376886624,0.04797687950554255,0.05203121055298758,2.7488727098752843,2.9811687676427385,0.02663464431657528,0.0337922425083932
30,193,0.4998601627558716,0.5895585902604128,0.032210725776980954,0.03818226794230814,1.845538642074258,2.1876828053319186,0.007478496903741201,0.009108893960493955
30,194,0.41836933311727137,0.5213405368405948,0.14880357932548288,0.15249384718279316,8.525817071790323,8.737253845286986,0.37749971734486326,0.41913612482065565
30,195,0.41285981936611404,0.5167814050881653,0.1366505337097692,0.14119522160061534,7.82949884977996,8.089890285129655,0.48078906146293143,0.5115301042200783
30,196,0.38841761484874054,0.49792217234454267,0.07662928748723406,0.0788207477737968,4.390534760113161,4.516096185503736,0.1347857247783133,0.14225364637717755
30,197,0.5705674514584,0.6506820943751728,0.0455373083987761,0.04607518723601057,2.6090955816355073,2.6399137688984466,0.020617753389277942,0.017325414646513132
30,198,0.4525794089551055,0.5502575415263661,0.07211164364665211,0.06942391029916571,4.131692834704543,3.9776970574370036,0.05599197209106012,0.045967941971038886
30,199,0.45767208952698396,0.5557325419945227,0.11276918535441026,0.11493882623264294,6.461198379936202,6.585509645317993,0.06607702084715189,0.0715001532277745
30,200,0.402185650881561,0.5096989723801294,0.12416267739415408,0.13463983257292725,7.113997387729423,7.714294160776759,0.2678803067010193,0.31103781765122657
30,201,0.3794313721754458,0.49110827787292016,0.08394891827925358,0.09015874350868905,4.809918712089879,5.16571548925039,0.19907267960579034,0.22478451755869558
30,202,0.4223399122477274,0.5249232494913996,0.03725191503612888,0.04813314848986008,2.1343775103501166,2.7578262631454744,0.04250636008951681,0.05351263846081491
30,203,0.41460916764269795,0.5186063520955593,0.09016841154727637,0.09401377296826872,5.166269427057613,5.386592407182904,0.05387708305865191,0.06804820619565481
30,204,0.5324715274944682,0.616976393185066,0.03649475153289225,0.040670101634349747,2.0909952372133174,2.330225176016352,0.004022368626485143,0.00687968518233089
30,205,0.4988794033113595,0.5889122133043144,0.045697969801517566,0.04934562911493536,2.6183008019432448,2.8272962857036723,0.0032289162366504233,0.003927914262714886
30,206,0.3906690505802453,0.4993971758468397,0.08257387393579521,0.08663378962446867,4.731134474566377,4.963750508706316,0.28436265510680664,0.2886253715855207
30,207,0.44081031610132515,0.5403302292780677,0.07577688604882415,0.08192322179901021,4.341695755241393,4.693854853197428,0.02447395512047619,0.03459485419940544
30,208,0.4285311267064013,0.5302175616413011,0.03251405978297875,0.0367118684324937,1.8629184004007278,2.103435119221446,0.022945458244999432,0.02185246321840812
30,209,0.570803994183583,0.6510788878097299,0.06196996123023629,0.06452202225214308,3.5506172350818783,3.6968395606969815,0.03212060177379435,0.03775965875430494
30,210,0.38570082370700665,0.4962289667899851,0.03521274482678867,0.040550197592855,2.0175416636461136,2.3233551804921415,0.006311422437813231,0.009507867871756115
30,211,0.48306182997962366,0.5763876053554069,0.0844249973777684,0.08073483858364376,4.837196035149171,4.625765510512744,0.05962486131749295,0.049417480593526554
30,212,0.512792362540605,0.6005003241713938,0.03218101399284996,0.03939149706756804,1.8438362822417484,2.256966530673607,0.009541021288242087,0.01412067329602077
30,213,0.3790369493008674,0.4905811461104112,0.12364789968524745,0.1307411810248595,7.084502797621659,7.490917881280332,0.5055266330294317,0.5467045631294318
30,214,0.48564895899763094,0.5772145737138713,0.08232386107723924,0.0887321985444044,4.716809792947119,5.0839804835112385,0.06147781366297099,0.07681283029800046
30,215,0.4766639696077061,0.5698963099181458,0.06416595832397744,0.0635627212355423,3.6764386003762404,3.641875661163147,0.019628373785186053,0.021104804082199762
30,216,0.5380057059380997,0.6229946033225525,0.02585546097369742,0.03706589880280003,1.4814087911580722,2.1237195652594525,0.025692113477981893,0.0257544181249868
30,217,0.5446077762006057,0.630277278154132,0.1317013084242668,0.12878407800508393,7.545929129061243,7.3787841381748835,0.1489721719789287,0.13110182230157946
30,218,0.7520767948088041,0.8155904989733123,0.0865348806675461,0.08276305323523,4.958083442918611,4.741973649995233,0.06344679955786112,0.055470280046924766
30,219,0.3696100414829071,0.4830789388791792,0.19586177123132212,0.2004571486398245,11.222052859511603,11.485348590288554,0.7190155553000659,0.7968885182627
30,220,0.4696352884766848,0.5639115811641158,0.09917748030686974,0.10255782818911292,5.6824510443254725,5.876130711263993,0.026467476463729905,0.035168836937159394
30,221,0.35708039124755664,0.47366511794198535,0.17545151273497875,0.18104704585196044,10.052631188900097,10.37323162062883,0.8760559567727064,0.9313972261907025
30,222,0.5007428782048404,0.5901540473513248,0.05645915219172285,0.0615000160298901,3.234871135472511,3.5236913584996117,0.008345994702364547,0.012630028297828423
30,223,0.8072716338838611,0.8682847462015941,0.17158931371309374,0.1734286515657705,9.831343485306531,9.936729781363566,0.09712661734468378,0.1111198264600996
30,224,0.4603748020194326,0.5563695980046957,0.057586224720435265,0.06564634964626188,3.2994476345728696,3.7612587751709308,0.09409832358716946,0.10527875090921185
30,225,0.4704751551827488,0.5646096972980185,0.06332447913022207,0.05798395191499589,3.628225394025987,3.322235724218772,0.04136360891740057,0.034206399443570616
30,226,0.389940485207986,0.499418055120284,0.043846125228270805,0.04480843790315993,2.5121979235820002,2.567334378425092,0.00920160156033268,0.009718114403361412
30,227,0.47333649555311746,0.5678533286916942,0.06435796267389014,0.065581634575828,3.6874396392743916,3.757550874764177,0.057913386829483895,0.05208402704471833
30,228,0.6927551079126162,0.7622914880594632,0.09600895659851887,0.09399221734549236,5.500908008549827,5.3853573609730425,0.09452371322919209,0.08252067989589978
30,229,0.4078520397074088,0.5132222143881506,0.14500350884605645,0.14940568386479874,8.308089071466933,8.56031512071879,0.4826684620841798,0.527545778569697
30,230,0.5075464454265161,0.5961002621623988,0.04753327997170419,0.04334782738752671,2.723456328792375,2.4836475603668817,0.024312508565493197,0.018922680706336785
30,231,0.5133606841423283,0.6011491696842606,0.05803368211587553,0.06850624385577724,3.325085054843513,3.925118643230063,0.04128237683386981,0.053906430337849476
30,232,0.42191994329336685,0.5249106890472224,0.07736238918583872,0.07964032723521161,4.4325383933970794,4.563054629618409,0.0812017407163898,0.08799166951815253
30,233,0.38126764727987567,0.49223350482116485,0.13594452265870066,0.1420757674925256,7.789047396264137,8.140341848403695,0.5638449589808687,0.6094976076362825
30,234,0.7120463542168436,0.7778495511794121,0.032563519244350796,0.030446555095268838,1.8657522187943363,1.7444591076714364,0.029827151959352687,0.024794070110962862
30,235,0.6811494042760038,0.7490632164227036,0.04364940196545023,0.04780087094932243,2.5009265108903387,2.73878816244568,0.014988553134105843,0.01604961766612558
30,236,0.5252647379973356,0.6114085544185305,0.0822962943231187,0.08743112737705758,4.715230334281138,5.0094345967761065,0.048690913164054196,0.061164767382035676
30,237,0.4320392470546394,0.5337460129908609,0.06308070181544627,0.06537261741678196,3.6142579827483012,3.745575073705025,0.026834930438512424,0.026706596783534278
30,238,0.4453907753312821,0.5443842071886515,0.13860362653101863,0.13803791444402858,7.94140282543485,7.908989910430783,0.06161804161728753,0.05991696404386696
30,239,0.47222071602753446,0.5657037555820079,0.0285782897674124,0.02457469067863185,1.6374153893746377,1.4080260587250897,0.0031306574425138747,0.003849987389367148
30,240,0.4343676314745821,0.5354522262601409,0.05556675872518705,0.05586357026052217,3.1837407561749607,3.200746804460461,0.03564056869518346,0.030974857156846468
30,241,0.3718664552562337,0.4852691310260958,0.03906897313777565,0.04771952870962188,2.2384872707045296,2.734127595414697,0.050619727684562243,0.06432333922012194
30,242,0.4721303544528869,0.5664471643206729,0.07208524168735904,0.07802482641858532,4.130180113866174,4.470493251025785,0.024122098560647016,0.030228767818862752
30,243,0.3949692136245497,0.5027124390029634,0.202191204136793,0.20563965450183416,11.58470265170631,11.782284303483516,0.9471101367607815,0.997045124476538
30,244,0.3537487745714448,0.47125934965393157,0.24907144161793202,0.25180742044203486,14.270742401946588,14.427502441404847,0.7057440205554681,0.7176407488172216
30,245,0.3517446287427511,0.46952574949711695,0.27180563826704424,0.27539113206666377,15.573315920561178,15.778749582749702,1.1475289792634271,1.225832376954238
30,246,0.556661194967979,0.6387158842033892,0.04303758304895817,0.04174441075604827,2.4658718691490766,2.3917785545820838,0.0384470924014233,0.03339615602163025
30,247,0.5583284768362883,0.6414043843002333,0.2160998079402853,0.21671179828704187,12.381606948566024,12.416671412537923,0.134137426265053,0.1501305485542227
30,248,0.5585500559776256,0.6408608232171342,0.13984626041933557,0.1423675680810488,8.012600502715342,8.15706079058551,0.0487728141151966,0.05790129357468973
30,249,0.5172426875766081,0.6051510352307297,0.03453051835495153,0.04393314479972331,1.978452966137745,2.517183777761266,0.017330454742407107,0.016509363831011092
30,250,0.5508669630467494,0.6348939993825081,0.07039498103356356,0.07243983024830543,4.0333353121266695,4.15049654187202,0.009087229155122056,0.00823134754939293
30,251,0.6114960348076693,0.6870889528933146,0.032207584209373044,0.04221159441802915,1.8453586435092697,2.4185462066710546,0.028798076509953335,0.03747358231596236
30,252,0.3968497022643997,0.5053952489313097,0.07783642255251294,0.08952835658547728,4.45969850465589,5.129596979090118,0.10904085618722852,0.13659834873772392
30,253,0.6434990084470392,0.7160347054668655,0.025153216790331053,0.037317767759635384,1.4411731632635683,2.138150593476481,0.006062291813651519,0.008077446076121009
30,254,0.4646814066336815,0.5603703335458776,0.025559510029053017,0.0362326568376329,1.464452051087038,2.0759783173421895,0.002617781765834281,0.0046584293093971645
30,255,0.48880943388069903,0.5790452505881676,0.16828441833251467,0.17256586583165845,9.64198692826707,9.887295800174849,0.7628398660703173,0.8090680418445985
30,256,0.552826067764076,0.636083769329168,0.06919291126626732,0.07093087837999823,3.9644617877803223,4.064039968329636,0.03307817461013414,0.027561640795092806
30,257,0.41309825186225746,0.517612796117343,0.07798299097496703,0.0806398018531551,4.468096256672399,4.620320306957022,0.04046101483949696,0.044979791683511905
30,258,0.5167059854941869,0.6043215038836725,0.05753127144556112,0.0549032409875246,3.2962990438521587,3.145723990174834,0.031131254828740535,0.02623604071719659
30,259,0.5293175592246742,0.6169884382154892,0.17882374691543254,0.17609505323297386,10.245845974969859,10.089503343380965,0.08254547597686474,0.07850274528608972
30,260,0.45031224493352956,0.5475340172082234,0.12055130458698532,0.121335105894728,6.907080967630341,6.951989474540831,0.07131012925830475,0.08356996376679593
30,261,0.6402070362461196,0.7132650993663191,0.041560247064317817,0.047160260331961135,2.3812267523063806,2.7020838777596077,0.014471373014661278,0.017170959524074478
30,262,0.42694116650740366,0.5286471777229157,0.06288468246977552,0.06358770124174173,3.6030269015384513,3.6433069100905855,0.007540368255140074,0.010824099951918131
30,263,0.45064296896967126,0.5481181820091006,0.04630259099149965,0.05288774002395648,2.6529430443333957,3.0302442913578296,0.013137330240254784,0.02110746762960499
30,264,0.4558135160255784,0.5537277346996111,0.06249776242813429,0.0736372053443147,3.5808580161433827,4.219101081367422,0.010266537071268338,0.01493734768593304
30,265,0.4002358133019953,0.5074502197985291,0.11975079066863908,0.1253067917265288,6.861214898667621,7.179550310254923,0.22404595847663955,0.261833203971196
30,266,0.45568062256527786,0.5530746948688878,0.14878632676718756,0.14432273607150892,8.524828573014197,8.269083664677948,0.05026610650432045,0.0409277716097181
30,267,0.49539202930696435,0.5865264733669963,0.07145972838814112,0.07151027777695239,4.094340841791683,4.097237108427535,0.040762404613053166,0.03674685353088316
30,268,0.3847819738934108,0.49488865786064284,0.05881107195289429,0.06159033307341906,3.369626211541051,3.5288661439119204,0.09239188759143456,0.1063186462419918
30,269,0.4770798392618712,0.5705542332974217,0.04705056995636353,0.048504482990817985,2.69579908218466,2.779102162837959,0.028792081611449367,0.02524656415803756
30,270,0.380399542023202,0.49157022423873403,0.11793503899348194,0.12414384924151785,6.757179991037307,7.112918614047339,0.5845963771589111,0.6069986895431787
30,271,0.46689544809519634,0.5619866686094532,0.06179104490255905,0.06768278774217519,3.540366084619993,3.8779380833064208,0.03998365201399742,0.04836490369049172
30,272,0.43658232772061195,0.5366940339431393,0.10775613377584226,0.11403737848845419,6.173971682002861,6.533860494124388,0.2057954601249508,0.23582523297890645
30,273,0.37297205445611875,0.4860714885879264,0.29594731861697776,0.28903427411849647,16.95653231496628,16.56044404161717,0.25553274384853963,0.24097424126441322
30,274,0.4265241854842227,0.5280371801749877,0.1423261629683947,0.14836233077920685,8.154688452380165,8.500535392372424,0.49481201405336767,0.5296636431085997
30,275,0.5514900262062483,0.6335269362769654,0.12301034324930964,0.12470506497343521,7.0479735046410195,7.1450739068825495,0.1038758365476381,0.11922429084291826
30,276,0.5019062163173966,0.5910857156359671,0.04789580467057346,0.05012882783749577,2.744227464006835,2.872170267026421,0.01208299422461279,0.012579865640645931
30,277,0.3700258348325323,0.4837562649611611,0.04229321417649609,0.05019731403689916,2.4232226743560874,2.8760942372071265,0.07916137569347581,0.09869068345982131
30,278,0.4920815904715592,0.5830255066880772,0.027086353538880368,0.039448937240728704,1.5519337401770867,2.260257610170214,0.0038957371505450493,0.008159491660292832
30,279,0.477621459516408,0.5714227905936278,0.10460811743547911,0.10404083231068241,5.993603631861834,5.961100588430431,0.0286282861193947,0.024350033553095653
30,280,0.6164193263674257,0.6925470320641969,0.07364427066563962,0.08224863498015049,4.219505894460244,4.7124996550746925,0.021387416167135423,0.03059524477067148
30,281,0.6546425523145535,0.7255416100195002,0.04318486767113574,0.04237877004661842,2.47431065638703,2.4281246646266665,0.03452143490493281,0.029033266248189908
30,282,0.6038405811440568,0.6798829354640377,0.030162064683745014,0.027766353290125383,1.7281590077791815,1.5908948559933718,0.024947310079222462,0.0214107685772595
30,283,0.5270402489449235,0.6130098194080923,0.023879568839570153,0.03456255236040471,1.3681985110994825,1.9802883794511112,0.0031588991417042366,0.007272525956730558
30,284,0.4582737388221856,0.5547250955667558,0.07322918624729612,0.07731844517225911,4.195723309147518,4.430020586884102,0.09391752089648002,0.10290357811343934
30,285,0.5048015905450618,0.5929284279706383,0.035176555624484254,0.03220513866466427,2.0154681750901258,1.8452185241188463,0.015621664281056737,0.019729373799672968
30,286,0.5807812040217406,0.6587357619796441,0.061587434049147585,0.06718198028074039,3.528700042056459,3.849243929417546,0.04418400531042657,0.05533364164302193
30,287,0.3728681827675464,0.485739779006416,0.10273321229040548,0.1071858612230735,5.8861794800617515,6.14129747155706,0.4668045558690613,0.48289738814997263
30,288,0.48342576835485096,0.5750401441990176,0.052454270293863556,0.060068593252195275,3.00540830527683,3.441676874638805,0.06357779869648933,0.07591628034890671
30,289,0.659361315943619,0.7327798787435248,0.232257609201911,0.23418380249441248,13.307380767068333,13.417743513255076,0.2835257125136028,0.3279440945710158
30,290,0.6251932001247038,0.7015844863430168,0.11421948574279489,0.12167395294994446,6.544294471216826,6.97140398070517,0.03530325041278845,0.04545969213911187
30,291,0.5180022656731109,0.6058759983702493,0.04105987340769968,0.04640424809280482,2.3525574536026332,2.658767567195716,0.009592878256385206,0.008910680630543674
30,292,0.4055942968149788,0.5108322140287558,0.1465830620407926,0.1487448447488807,8.39859080304172,8.522451828439529,0.6741709080980439,0.685865700433157
30,293,0.37828435156425877,0.48956615914249907,0.1442789939379105,0.14794448636135546,8.26657742503586,8.476594670736437,0.6024559613743397,0.6265810377528283
30,294,0.5174780765835767,0.6060043699023044,0.07306910641149227,0.07426776464924201,4.186551410170811,4.25522946827246,0.016710238903398535,0.014727698819763983
30,295,0.5446165793920685,0.6292161872402742,0.09014926598849309,0.09936518102412918,5.165172467342911,5.693205503236017,0.04985741040539525,0.06408762009684674
30,296,0.4764132968807526,0.5709791756132496,0.06899202614249626,0.06829818181550122,3.9529519180212773,3.9131975664453664,0.023750604210082425,0.018314997442529447
30,297,0.4565913764705154,0.553082027375504,0.08615230200607304,0.09307769717015305,4.936163300284441,5.332959214646535,0.2864427735561272,0.29823516966214153
30,298,0.39504060406882047,0.5033741079495561,0.04661676766901309,0.05596332269252031,2.670944041976359,3.20646219781012,0.06972448311389484,0.08189734949354165
30,299,0.7433631812609034,0.8060651828505142,0.02491006993314413,0.02130466734782768,1.4272418745448874,1.2206675229606991,0.004303561072708573,0.002507253252718755
30,300,0.44214856191307633,0.5414651707635271,0.07614269673073301,0.08388716547743952,4.362655163415573,4.806380537172826,0.13141637201766443,0.14853235339660367
30,301,0.5044057717083458,0.5932636283910525,0.026329941357396955,0.030891150256401583,1.5085945146058035,1.7699325339962815,0.001552753363113937,0.002841595180617531
30,302,0.5023894166809929,0.5923157040417304,0.12183566840451777,0.1275579370735254,6.980669593734261,7.30853143770834,0.21467683334693927,0.24840588711221973
30,303,0.5914524211302958,0.6700402264231452,0.06252150585718125,0.0614054099789912,3.582218414418942,3.518270831066705,0.07450583909515582,0.06460057025771145
30,304,0.47279546215270835,0.5678512015089483,0.09524008224711437,0.09856141249455845,5.456854753238491,5.647152958786178,0.018626857625696776,0.017844289355679697
30,305,0.5801103897189658,0.6589917904227518,0.03305111967130953,0.03416834060645605,1.8936896653478488,1.9577017097154035,0.01538022285784951,0.01288689689309167
30,306,0.5648586555326923,0.6483207978872108,0.2502282677528702,0.2501092429549351,14.337023657108979,14.3302040385299,0.28185432994436227,0.31682500156309357
30,307,0.5101173320230309,0.5984185331021733,0.034937398594457617,0.04012334403153701,2.001765486628716,2.298898272958492,0.004980704826436878,0.007227462573271625
30,308,0.5594318354158584,0.6412563839005917,0.039645159031192354,0.04833384018852895,2.2715002906122814,2.769325050462512,0.005870489664069285,0.010734055431232025
30,309,0.40919897987855236,0.5135400118607959,0.1846150717248905,0.1874608909615006,10.577664444341204,10.740717875856104,0.7199632919970135,0.7673178675917832
30,310,0.41161466476814174,0.5160367485647059,0.051400470267762226,0.05864235967451195,2.945030011330448,3.3599597100377068,0.08570509552873515,0.09811400188798874
30,311,0.5032139320225886,0.5928237820082973,0.200260678813629,0.20216707382467863,11.474091698445884,11.583320086663823,0.2329347280710181,0.2697164462726245
30,312,0.3600758802078584,0.47572591637720874,0.22391834887233425,0.22858919210779485,12.829576345922709,13.097195950081831,1.2602318134569246,1.3483244406902257
30,313,0.37224595888698536,0.4848960725438301,0.10043523458330059,0.10199183012079927,5.754515056029491,5.843701410737063,0.37398729725381125,0.3845413784830755
30,314,0.45577754968253287,0.55493266277694,0.1819433442512097,0.17868802103398795,10.424585736090146,10.23806945479239,0.09242036215415285,0.07986590430446566
30,315,0.498757442703621,0.5886865106287845,0.06633262553152708,0.0643731254671175,3.8005794869782306,3.688308403331949,0.02986435759092297,0.0235955289920892
30,316,0.48655441353456685,0.5788414765604641,0.04832362397812121,0.05630854802033278,2.768739704723531,3.226242152074795,0.027557927353189984,0.028433683152811532
30,317,0.5700574402836073,0.6511591057645286,0.06304741208821633,0.06734004297449254,3.6123506218768844,3.858300254668013,0.03834702292008771,0.045602054920071446
30,318,0.3993295971527006,0.5063550689367813,0.0439931275938403,0.0520397880246423,2.520620538707572,2.981660220567447,0.10697633864823128,0.12188807339682543
30,319,0.47537466562623676,0.5762352181750008,0.40071409961466575,0.3923835227626795,22.959226699305194,22.481919804777004,0.2987387125632964,0.2689812703899747
30,320,0.38985013260315393,0.49914241250212443,0.12293136847432441,0.12329928344359647,7.043448583346371,7.064528558305345,0.08697550437847901,0.09076832589183068
30,321,0.5276761521160285,0.6134758812210824,0.10844218525141125,0.11247876630308778,6.213279536081687,6.4445585940052315,0.041178582039348106,0.0537096272160152
30,322,0.4221642713193911,0.524876140651716,0.11886285200339952,0.1256300905727798,6.810339760682915,7.198073969666553,0.44888581904113645,0.4886668297287101
30,323,0.45140952867086437,0.549649387505859,0.04389799915682515,0.05083206834377027,2.5151700807549275,2.912462980018593,0.009359884021342954,0.009272790407170552
30,324,0.38938300871415976,0.4985239957505348,0.11619441587863072,0.12245769658559266,6.657449632833417,7.016309183248051,0.4618223636352635,0.49145705477368545
30,325,0.4409334916858198,0.5402364923951198,0.030732143922005163,0.038061500616525065,1.760822142119521,2.180763347261467,0.0026807907180490045,0.006533590918584031
30,326,0.6315616281988639,0.704574678567887,0.025335148416547985,0.02403651246813802,1.45159707760575,1.3771907186378902,0.010192173724539054,0.007951727745399192
30,327,0.41299538630367233,0.5173552486943699,0.18035029322475296,0.18294523050233202,10.33331063572519,10.481989589831638,0.20604698989557146,0.240377982919958
30,328,0.487436436293106,0.5792954228696972,0.03421959534126731,0.0376278546532767,1.960638389700151,2.1559172637644504,0.01556476238675887,0.013660455750210614
30,329,0.6272433758663244,0.7024689877481165,0.052776410081642855,0.0565973210216736,3.023865555529824,3.24278762628895,0.05951441487886093,0.05366886089753521
30,330,0.3915304897519257,0.5001057444581618,0.12261455046962691,0.12487725839262384,7.025296248803448,7.154939863061984,0.2264181922403768,0.25471603535332504
30,331,0.4245322072506327,0.5264377760549537,0.10579689346181786,0.10965340299574534,6.0617154809573774,6.282677200903386,0.07017372068813568,0.08844830722852805
30,332,0.6755915688972643,0.7464939079641582,0.20999109473738914,0.21087702952072726,12.03160346378423,12.08236378779334,0.2444657415572165,0.2654511144317304
30,333,0.36928764354053334,0.4828743078988796,0.23634678786824873,0.24236113710625964,13.541673446324419,13.886270274180168,1.6012813682241072,1.7413231952418515
30,334,0.4870261734003932,0.5779244231896459,0.017954128241840433,0.012305697490479911,1.0286957730940938,0.7050645301692274,0.010072800583836784,0.007317139488201434
30,335,0.48485382605094357,0.5768644975537836,0.06438507017973172,0.07386920393014691,3.6889927849522404,4.232393621188612,0.06971172214387378,0.08570465331812484
30,336,0.4425049311767021,0.5411736890145864,0.0158260223013001,0.020431558110641464,0.9067642843444144,1.170642048616042,0.0032432960066244125,0.005186595342323189
30,337,0.679994966848608,0.7498987748996903,0.05595143071549718,0.059688905320405765,3.2057808377166284,3.419922358615215,0.02149098848729763,0.018177954721019553
30,338,0.46373037809994855,0.5593457721504679,0.06270675920693813,0.07288572989978162,3.5928326495006724,4.176044709987959,0.0967010303294981,0.11477412456154394
30,339,0.396326369535969,0.5061049916168386,0.3600113529430211,0.35402635111223313,20.6271311004298,20.284215755147574,0.24603045666124876,0.2291922878968111
30,340,0.42741344990611774,0.5289436751630094,0.03917159095328945,0.04489740493633263,2.2443668384363225,2.572431813941688,0.03660772240576954,0.045637589689329836
30,341,0.6245201476595942,0.7006811718073488,0.15531517154908622,0.15065779608804056,8.898903824113,8.632055866587288,0.20849354118037733,0.18405461829167286
30,342,0.3910070461547586,0.500125956518606,0.026922488250350388,0.038551729083275414,1.5425449507356253,2.2088513694034315,0.02757342234441028,0.03740233270328618
30,343,0.5054902780813407,0.5952900148999374,0.04505582040170044,0.048407892477782134,2.5815083515168644,2.7735679341000017,0.02350722157630841,0.020025441307678853
30,344,0.7060159738128701,0.772139109469325,0.013344668095801746,0.02327422733893015,0.764593160892321,1.3335149979486947,0.007969124567648495,0.008721532784761276
30,345,0.6967097195046181,0.7638672798762629,0.054589562986531774,0.05144628175354052,3.1277515645918443,2.9476548161187677,0.03612099967169678,0.02925952730797972
30,346,0.46648605804497145,0.5612361739719967,0.04076268190099578,0.04858334261404132,2.3355296345613654,2.783620486422648,0.03271882648187175,0.04310898286489709
30,347,0.5262627403407439,0.6121585763546474,0.1085000759683796,0.11366338141139735,6.21659642983696,6.512432040058803,0.06630977428300591,0.08298064247528292
30,348,0.4259632175583162,0.5279030376742894,0.1506264528688668,0.15656663374568455,8.630260032412279,8.970607326198257,0.35288023314539396,0.41139980920464647
30,349,0.4461910110746938,0.5444130465180056,0.21035498467511982,0.21435281505667367,12.052452821423476,12.281511629495688,1.1580968602028017,1.268524769163756
30,350,0.43948455498604166,0.5383727682988202,0.08012614519271678,0.08004404216364049,4.590889948195122,4.58618579114381,0.06452741182280979,0.07426160318166597
30,351,0.8635487168649187,0.9211965146510167,0.07481069411888322,0.0700643665277584,4.286337035456177,4.01439249629823,0.12559690686528935,0.10915992089467731
30,352,0.35680580456895195,0.47344573420161573,0.25036010225835026,0.2557242854838179,14.34457721786718,14.65192227722135,1.179356433450423,1.2597749725876204
30,353,0.47733850750549517,0.5700197895564825,0.036589991972012,0.045878044517563034,2.0964521124138518,2.628618323169667,0.05118713119481813,0.061851297095087604
30,354,0.3978728188120081,0.5055499569255717,0.04851739015565917,0.05532589812932417,2.7798416889088386,3.169940460581011,0.08315335077694164,0.10099221925908639
30,355,0.41887926150219856,0.522118445734803,0.03945750994223778,0.04935550205779778,2.2607487897857097,2.8278619636610625,0.07316986681577943,0.08603742684991461
30,356,0.507239238740569,0.5968838904992828,0.09308640290687191,0.09281756431826294,5.333458016618079,5.3180547001205305,0.04777111609111944,0.050740273613414745
30,357,0.4975164425879299,0.5884189128224867,0.04385600159170865,0.04586556410393353,2.5127637975239265,2.6279032481421187,0.009533856283119467,0.007663125935310683
30,358,0.5094076773148951,0.5971694046132605,0.028950956982683535,0.025663183130427165,1.6587676479725668,1.4703920822448087,0.019189851675247997,0.015648923353124396
30,359,0.580527723263812,0.6629860734651133,0.16731989493533345,0.1650546534661406,9.586723808366965,9.4569350326042,0.06304025633736744,0.05396357499592924
30,360,0.45807585538587847,0.5542862686275923,0.05071351727786368,0.05912239364747236,2.9056705042853683,3.3874636307112356,0.05257590325613573,0.0652649889007565
30,361,0.5633543017921047,0.6446190993330762,0.09064457277057238,0.09553582489987303,5.193551455520261,5.473799559063565,0.029293705191446133,0.03775992971975119
30,362,0.4224492344365032,0.5254664670776938,0.03932907995311125,0.04492000014618923,2.2533902934458485,2.573726424103684,0.013126542502113963,0.015163221244933557
30,363,0.6777196519368242,0.7473564873910802,0.06435384018188105,0.07119438453728945,3.687203437881194,4.079137759018134,0.020522703283945072,0.026829184594472207
30,364,0.5016717792265193,0.5917734512474877,0.08105785540117667,0.08092018781873905,4.644273010869128,4.636385239419683,0.02683437355394554,0.02201504230510227
30,365,0.5112964035142914,0.5989383033983081,0.07621820423356494,0.0772908449294353,4.366981424649414,4.428439209456762,0.013191397263372519,0.017650302113695428
30,366,0.4162249118288179,0.5201573673576922,0.08477640634205232,0.08779175813832282,4.857330285685704,5.030097217359195,0.021154823983079288,0.029962442700311245
30,367,0.46369888560491745,0.5594430366508183,0.04811452482424851,0.05816280476120655,2.7567592057068686,3.3324832374605453,0.036816151717387606,0.04701645054714718
30,368,0.644428047613937,0.7174229066940705,0.10692112444451424,0.10419488097534857,6.126129171463725,5.969926926755428,0.09498284346197003,0.08174584790173975
30,369,0.4586681473032118,0.5552351421038588,0.033288516348055415,0.04434260547597471,1.9072914929958193,2.5406441463870437,0.011952617831460004,0.01693749361177292
30,370,0.5137315586597434,0.6032017010146369,0.10476647426156152,0.10576555645138991,6.002676809653443,6.0599200025172975,0.01960131811347872,0.0173081857594539
30,371,0.5773453001503693,0.6572956859245086,0.16675647513110617,0.16970552235117192,9.554442231490654,9.723410190785211,0.11936071587777668,0.13825006208422042
30,372,0.589502525359096,0.6679214773291555,0.07111216201951351,0.07441392604178422,4.074426755768633,4.2636038991928835,0.027528641117066044,0.029447340832149567
30,373,0.37250076611858224,0.48555131980195915,0.06920417192951105,0.07442746459344246,3.965106976258706,4.26437960106362,0.19253578261044269,0.20694733256010317
30,374,0.5095551078391094,0.5978259134723252,0.04245591235881307,0.04690036036614454,2.4325445935373002,2.6871927066227226,0.021309329049851198,0.02604930243641043
30,375,0.4674889367529141,0.5620034410837432,0.0582893048964184,0.06785586828290421,3.3397311613160183,3.887854867806036,0.09318945726249682,0.10793614991234682
30,376,0.5296880737339189,0.6151735878886865,0.0383301825733167,0.041512139408253754,2.196157689416944,2.378470386651643,0.016474545730729227,0.014848609595003403
30,377,0.9121712685412388,0.9684491735110146,0.2019455493412009,0.2038565964646788,11.570627668701734,11.680122603327634,0.2001052020944294,0.2278446523658812
30,378,0.5691198075415546,0.6503911567635754,0.09612649707698076,0.09600746459167589,5.507642581887642,5.50082252285472,0.0660955860774173,0.06064850874025578
30,379,0.4437593516884729,0.5427563593345102,0.02818973476598672,0.03827368605296581,1.6151528276842464,2.192920677243663,0.012714173721514984,0.02015603314354103
30,380,0.7848046661408518,0.8473168322293698,0.22757889408420748,0.21984557174922428,13.039310137279866,12.596223405871074,0.2282386846307755,0.1983370867049259
30,381,0.8135120712516059,0.871202225666875,0.057095484461896585,0.0453978027799174,3.2713302889214444,2.601102498456543,0.029962060957395634,0.020764027754828496
30,382,0.8344788940635175,0.8946569340196295,0.1895544126838218,0.1844880667664533,10.860667834864069,10.570387596245519,0.14154071648295735,0.12172721996419789
30,383,0.645433255518235,0.7183713252217057,0.1306975625324055,0.12377871269698883,7.488418725753995,7.091997831099835,0.07413290998000856,0.05993356531162148
30,384,0.7764815653146335,0.8388977073677385,0.08176688368066637,0.08274999422323787,4.68489733883931,4.741225423723472,0.01454068542517041,0.012432694082003322
30,385,0.6210706690736274,0.7015467298352666,0.26151353043308684,0.2535896443483437,14.983621579381888,14.529616349383662,0.1525314239006636,0.13118559169699695
30,386,0.5707334428184285,0.651679174042289,0.14515145657561349,0.14718592838507594,8.316565851959094,8.433132500179635,0.09065101510172727,0.0938358514236373
30,387,0.5987798855810432,0.6757996722055365,0.08795512746494803,0.08125780732666593,5.039457590276714,4.655729412305177,0.04021202360641764,0.029510985947885864
30,388,0.7790195748063925,0.8443828349088811,0.25100240392447515,0.24383550490832498,14.381378392510356,13.97074532668849,0.16937316099037136,0.14695135150106187
30,389,0.5280276049626,0.6200732383993843,0.31944175540219655,0.31327896480340645,18.302664384796227,17.949562493462654,0.21360745201920428,0.19004474489103726
30,390,0.559551168560982,0.6448340362997832,0.18489669069872233,0.1795214836924434,10.593800022972573,10.28582334750364,0.07340923250792376,0.06153291795292895
30,391,0.6670100359049835,0.7366587137820446,0.06499917466840961,0.05943602379997858,3.724178380333523,3.405433314777886,0.03046781162939821,0.022791457978663197
30,392,0.7602530948849122,0.8247882107028417,0.09993837898637146,0.09927652520114585,5.726047327297999,5.688125898749814,0.0251652797404147,0.01927471532998286
30,393,0.7304619362103117,0.7952455358776941,0.053970180383220205,0.05385177236467143,3.0922635555182656,3.0854792757949143,0.023904865303122767,0.01879644168485038
30,394,0.731838502914123,0.7990403815355426,0.12863793807717444,0.12786139309294342,7.370410937087324,7.325918186888833,0.03884059307388137,0.03335126554643756
30,395,0.4764606472263866,0.5693163163589728,0.07425507806706697,0.07984519105185156,4.254502580657384,4.574792461686821,0.08068716561565696,0.09491482449448127
30,396,0.48891289352174205,0.5850962662244378,0.24177458124701087,0.23680221174919058,13.852663098996542,13.567767312591856,0.10934538954591141,0.09493936828248534
30,397,0.7760821103871743,0.8377294327147476,0.10229041905664442,0.10035411555436488,5.8608092965702925,5.749867278033276,0.030473513685663547,0.028451389561843753
30,398,0.5595607535830309,0.643158430747762,0.10570517249643491,0.11137526455497083,6.0564602567480685,6.381332601152821,0.05186287031129279,0.058426213751450025
30,399,1.0159479199224102,1.06293359052645,0.015572617681880022,0.020189391564580914,0.8922452691425249,1.1567669275875123,0.009459058241922466,0.008506101705867896
