species_richness,wavelength_nm,cv_spectrum_percent
3,402.188,48.71270016379201
3,406.56199999999995,48.87289639862982
3,410.93800000000005,48.980857553453326
3,415.313,48.89289966371459
3,419.68699999999995,48.5370032201861
3,424.06300000000005,47.9337252162131
3,428.438,47.15333202005601
3,432.813,46.40790158913231
3,437.18800000000005,45.9050707550489
3,441.563,45.63873195918241
3,445.938,45.52450795590893
3,450.31300000000005,45.48739790038782
3,454.688,45.49508600165311
3,459.063,45.54797502617399
3,463.438,45.64045212216798
3,467.813,45.74890210722945
3,472.187,45.84680595487246
3,476.562,45.917199595933646
3,480.938,45.94898705547101
3,485.313,45.91875315230482
3,489.688,45.79099066106185
3,494.063,45.5247520900338
3,498.438,45.06729389499557
3,502.812,44.38596659697808
3,507.188,43.52543978016609
3,511.563,42.56336977486871
3,515.937,41.583195088483365
3,520.313,40.721466404484374
3,524.687,40.05894675320515
3,529.062,39.573596455525276
3,533.438,39.238152257488004
3,537.813,39.02148727805804
3,542.188,38.88658429342749
3,546.563,38.80578911650789
3,550.938,38.77112963555525
3,555.312,38.79555865257093
3,559.688,38.89998096063171
3,564.063,39.09665175713507
3,568.438,39.384775157189154
3,572.813,39.7436085702348
3,577.187,40.123759025268654
3,581.562,40.48150389032491
3,585.938,40.80711955780893
3,590.313,41.098863046291804
3,594.688,41.333208231097345
3,599.063,41.52489851610518
3,603.438,41.74818667124547
3,607.812,42.067903458707164
3,612.188,42.4961607651367
3,616.563,42.982125566596466
3,620.937,43.43539116700093
3,625.312,43.79883152001149
3,629.687,44.09945973576072
3,634.063,44.445563301543636
3,638.437,44.97209813632645
3,642.813,45.7504859178551
3,647.188,46.73677224512737
3,651.563,47.8038720696844
3,655.938,48.92476326649479
3,660.313,50.187065413241285
3,664.687,51.52990627222261
3,669.063,52.68720776013883
3,673.438,53.342921670565914
3,677.813,53.25543091942587
3,682.187,52.090941761935284
3,686.562,49.338093684208
3,690.937,45.32510749581042
3,695.312,41.70195699532429
3,699.688,39.349598002557826
3,704.063,38.050489408502116
3,708.438,37.385470465313794
3,712.813,37.065899521946655
3,717.187,36.97646110306819
3,721.563,37.117288017792
3,725.938,37.44116186094405
3,730.313,37.85456057190017
3,734.687,38.264839127710864
3,739.063,38.62447172606171
3,743.437,38.91385136599738
3,747.812,39.12225308045554
3,752.188,39.26355864433895
3,756.563,39.371853993618615
3,760.938,39.479463693036
3,765.313,39.562685570904634
3,769.688,39.59384883965753
3,774.063,39.60257036792959
3,778.438,39.59861089132436
3,782.813,39.58252707253616
3,787.188,39.5596900605512
3,791.563,39.53274895791111
3,795.937,39.50449907784527
3,800.312,39.47817483514308
3,804.688,39.45462337587271
3,809.063,39.4377639033438
3,813.438,39.426254639170146
3,817.813,39.408123292143955
3,822.188,39.37873969976303
3,826.5630000000001,39.34607884740184
3,830.937,39.31207279892704
3,835.313,39.27495983143018
3,839.688,39.237015767247634
3,844.063,39.20103206628469
3,848.437,39.16828355402748
3,852.812,39.13775713799525
3,857.187,39.10903723445101
3,861.563,39.08320932987318
3,865.938,39.05924865493955
3,870.313,39.03697147359725
3,874.687,39.01808954164018
3,879.063,39.00312521578182
3,883.437,38.992038969686035
3,887.813,38.98673611429872
3,892.188,38.9902537896794
3,896.562,38.999929056597985
3,900.938,39.00580597526821
3,905.312,39.00570940994181
3,909.6880000000001,39.00456191091836
3,914.062,38.99957121274323
3,918.438,38.9899542769442
3,922.813,38.983380694769565
3,927.188,38.98385303211902
3,931.563,38.98601810343153
3,935.937,38.96808364924666
3,940.312,38.91122351283836
3,944.688,38.81504584525556
3,949.063,38.66361332475744
3,953.438,38.47836550092286
3,957.812,38.306952373872164
3,962.187,38.18361106144515
3,966.562,38.11104507786421
3,970.938,38.07374414583269
3,975.313,38.05658576852233
3,979.688,38.051352336461335
3,984.063,38.052652826923094
3,988.438,38.05512750922714
3,992.812,38.062556950609796
3,997.188,38.08724218149677
3,1001.5600000000001,38.13163117250407
3,1005.94,38.18722953922924
3,1010.3100000000001,38.24584913159118
3,1014.69,38.30286641928806
3,1019.0600000000001,38.35778450598433
3,1023.4399999999999,38.410592945010904
3,1027.81,38.45823159643158
3,1032.19,38.49821203288796
3,1036.56,38.53137255414424
3,1040.94,38.558500430319036
3,1045.31,38.57886327253554
3,1049.69,38.59271008192916
3,1054.06,38.6010595215412
3,1058.44,38.605354274127556
3,1062.81,38.60732319313731
3,1067.19,38.60754104408697
3,1071.5600000000002,38.60560634897629
3,1075.9399999999998,38.60200158640245
3,1080.3100000000002,38.59866211363862
3,1084.6899999999998,38.59632284520934
3,1089.06,38.59403774615095
3,1093.44,38.591967799871675
3,1097.81,38.58989058048276
3,1102.19,38.58550185195667
3,1106.56,38.57799618722416
3,1110.94,38.57096672775748
3,1115.31,38.56716372112115
3,1119.69,38.55781645877561
3,1124.06,38.49940532344929
3,1128.44,38.33936823281659
3,1132.8100000000002,38.10347987517414
3,1137.1899999999998,37.85448797871776
3,1141.56,37.60135419403709
3,1145.94,37.26578875963419
3,1150.31,36.93785397937016
3,1154.69,36.762163917087484
3,1159.06,36.68610286657293
3,1163.44,36.650884954811374
3,1167.81,36.629287833140076
3,1172.19,36.611309687457975
3,1176.56,36.598058014356724
3,1180.94,36.58942649727885
3,1185.3100000000002,36.58104217349509
3,1189.6899999999998,36.57198971239666
3,1194.06,36.56675431144777
3,1198.44,36.569828966438436
3,1202.81,36.579065259089504
3,1207.19,36.59042304357475
3,1211.56,36.60368299470217
3,1215.94,36.61826935607473
3,1220.31,36.63286849637342
3,1224.69,36.6462468529489
3,1229.06,36.65944922981207
3,1233.44,36.67472804214853
3,1237.8100000000002,36.691612063257665
3,1242.1899999999998,36.710955505146934
3,1246.56,36.734565775004704
3,1250.94,36.76006471583943
3,1255.31,36.784369351346896
3,1259.69,36.808889364465145
3,1264.06,36.83252100827508
3,1268.44,36.84362816463501
3,1272.81,36.83436832274432
3,1277.19,36.811908536165866
3,1281.56,36.78382754248108
3,1285.94,36.754176947050304
3,1290.3100000000002,36.72322240075443
3,1294.6899999999998,36.68577533917134
3,1299.0600000000002,36.63935681229776
3,1303.4399999999998,36.5854590400263
3,1307.81,36.52764843945969
3,1312.19,36.470459542840565
3,1316.56,36.41824948059089
3,1320.94,36.38003593211156
3,1325.31,36.36225944956245
3,1329.69,36.36636172417466
3,1334.06,36.399787625826754
3,1338.44,36.452597847882444
3,1342.81,36.49969001751015
3,1347.19,36.535368726047174
3,1500.31,64.97701494099739
3,1504.69,63.43007576878132
3,1509.0600000000002,61.9251952088234
3,1513.4399999999998,60.519298626759344
3,1517.8100000000002,59.150988373285905
3,1522.1899999999998,57.86801723606217
3,1526.56,56.67439233311137
3,1530.94,55.537422367984746
3,1535.31,54.470058191919335
3,1539.69,53.47083244602147
3,1544.06,52.53210251353676
3,1548.44,51.66391887124983
3,1552.81,50.866018232231156
3,1557.19,50.12687185698977
3,1561.56,49.45620726531616
3,1565.94,48.84761901905587
3,1570.3100000000002,48.270048222621966
3,1574.6899999999998,47.717741662602755
3,1579.06,47.208895816074154
3,1583.44,46.742668046635636
3,1587.81,46.30803183952297
3,1592.19,45.90504225154554
3,1596.56,45.541036476981475
3,1600.94,45.206998525957516
3,1605.31,44.895049573929654
3,1609.69,44.602492178405136
3,1614.06,44.331777360657874
3,1618.44,44.09276380273447
3,1622.8100000000002,43.88287112133037
3,1627.1899999999998,43.69774312852352
3,1631.56,43.53848768110578
3,1635.94,43.40585600298101
3,1640.31,43.299629678081544
3,1644.69,43.22224837984287
3,1649.06,43.17470232001631
3,1653.44,43.15228567172189
3,1657.81,43.14692268231382
3,1662.19,43.15130286826643
3,1666.56,43.16574664455831
3,1670.94,43.20052540236356
3,1675.3100000000002,43.2703468764358
3,1679.6899999999998,43.386150653595735
3,1684.06,43.54841007987647
3,1688.44,43.75224442837758
3,1692.81,43.99511986957957
3,1697.19,44.27043763157154
3,1701.56,44.56572735608607
3,1705.94,44.86939850631587
3,1710.31,45.17158621140554
3,1714.69,45.45320874244388
3,1719.06,45.704923568522084
3,1723.44,45.93413683450245
3,1727.8100000000002,46.13982985869166
3,1732.1899999999998,46.336776842498196
3,1736.5600000000002,46.57513009999102
3,1740.9399999999998,46.88740449675673
3,1745.31,47.273360605702166
3,1749.69,47.7075175268991
3,1754.06,48.14742101697038
3,1758.44,48.575227681064916
3,1762.81,48.97369346782419
3,1767.19,49.33947188138732
3,1771.56,49.653084136178826
3,1775.94,49.9183792607356
3,1780.31,50.14801109185952
3,1784.69,50.32493622677367
3,1789.0600000000002,50.438344731974304
3,1999.06,124.6514861997626
3,2003.4399999999998,121.77577082252213
3,2007.8100000000002,119.23520144159221
3,2012.1899999999998,118.05994807829796
3,2016.5600000000002,116.87303126741399
3,2020.94,115.4835397363309
3,2025.3100000000002,114.23637298989289
3,2029.69,112.9739350930389
3,2034.0600000000002,111.64063912343092
3,2038.44,110.23224772184976
3,2042.8099999999997,108.74977120067561
3,2047.19,107.34045892918888
3,2051.56,105.95028644469934
3,2055.94,104.4891409560877
3,2060.31,103.15844575896489
3,2064.69,101.87855315409959
3,2069.06,100.48490010599234
3,2073.44,99.09927962707224
3,2077.81,97.85783851356182
3,2082.19,96.7517589729839
3,2086.56,95.69686507525041
3,2090.9399999999996,94.62824665500904
3,2095.31,93.52522448221123
3,2099.69,92.42136328768687
3,2104.06,91.394038693921
3,2108.44,90.47323621273705
3,2112.81,89.61243983853294
3,2117.19,88.79617617131707
3,2121.56,88.024481079679
3,2125.94,87.243637966155
3,2130.31,86.41289996338266
3,2134.69,85.57705836242911
3,2139.0600000000004,84.75115405468104
3,2143.44,83.91681585299612
3,2147.8100000000004,83.06155036966318
3,2152.19,82.18085042978842
3,2156.56,81.32988191368852
3,2160.94,80.53872117040972
3,2165.31,79.76629776378662
3,2169.69,79.0335337633893
3,2174.06,78.34947592245672
3,2178.44,77.68733778485137
3,2182.81,77.03045035200974
3,2187.19,76.36238441310694
3,2191.56,75.72842226852453
3,2195.9399999999996,75.15021104027007
3,2200.31,74.66494823230252
3,2204.6899999999996,74.35002945685866
3,2209.06,74.18239878689495
3,2213.44,74.1091752962667
3,2217.81,74.17185602576424
3,2222.19,74.41670958953469
3,2226.56,74.76268121307076
3,2230.94,75.09300437049197
3,2235.31,75.43383551824017
3,2239.69,75.91009389671119
3,2244.06,76.58356577430449
3,2248.44,77.41776043887101
3,2252.8100000000004,78.33492905471748
3,2257.19,79.28042239820772
3,2261.56,80.21655413128433
3,2265.94,81.14321125939652
3,2270.31,82.06147212392759
3,2274.69,82.9349292784801
3,2279.06,83.78151685742932
3,2283.44,84.71218037232823
3,2287.81,85.81000835594013
3,2292.19,87.0534832028587
3,2296.56,88.32102815704387
3,2300.94,89.41049680488233
3,2305.31,90.23130491620826
3,2309.6899999999996,90.78537919703685
3,2314.06,91.12479479998719
3,2318.44,91.4370127647306
3,2322.81,91.9440870902299
3,2327.19,92.64083373607605
3,2331.56,93.44784377303883
3,2335.94,94.46109116412599
3,2340.31,95.84104199065328
3,2344.69,97.47686594234182
3,2349.06,99.23366989716381
3,2353.44,101.20391048738706
3,2357.8100000000004,103.08922658114987
3,2362.19,104.72276538820869
3,2366.5600000000004,106.33145724237079
3,2370.94,108.13010824670626
3,2375.31,109.8828086249668
3,2379.69,111.38185524719037
3,2384.06,112.73383766085172
3,2388.44,113.90298518936359
3,2392.81,114.88301108206535
3,2397.19,115.81251119019915
3,2401.56,116.65470073984037
3,2405.94,117.46947793462597
3,2410.31,118.50374480915067
3,2414.6899999999996,119.771972711939
3,2419.06,120.89539845460418
3,2423.4399999999996,121.53127513609591
3,2427.81,122.0732561814275
3,2432.19,122.75565335497227
3,2436.56,123.66376988180541
3,2440.94,124.75267131180638
3,2445.31,126.68932148125008
3,2449.69,129.63908623212663
3,2454.06,129.32855789713594
3,2458.44,128.20593447241797
3,2462.81,128.81092332622188
3,2467.19,130.76079379992075
3,2471.5600000000004,134.31745519910956
5,402.188,53.41267323938368
5,406.56199999999995,53.572525167131566
5,410.93800000000005,53.6655356022354
5,415.313,53.55946750538813
5,419.68699999999995,53.209386665310376
5,424.06300000000005,52.659821286028716
5,428.438,51.98445313029172
5,432.813,51.35736802940309
5,437.18800000000005,50.94855339460626
5,441.563,50.756164678314576
5,445.938,50.703938254862535
5,450.31300000000005,50.71575187974996
5,454.688,50.761194346117456
5,459.063,50.84593896332036
5,463.438,50.967881522107085
5,467.813,51.10371586305792
5,472.187,51.22501666357036
5,476.562,51.31354768843902
5,480.938,51.35709334408506
5,485.313,51.32644446958534
5,489.688,51.17662347620795
5,494.063,50.85399191477019
5,498.438,50.288140034328045
5,502.812,49.4327394934306
5,507.188,48.33771114558624
5,511.563,47.09452804748492
5,515.937,45.804739304279344
5,520.313,44.644004204919426
5,524.687,43.71817238400744
5,529.062,42.999901492077264
5,533.438,42.45854615683658
5,537.813,42.061468177289214
5,542.188,41.77104620062822
5,546.563,41.562320818124284
5,550.938,41.42907997686856
5,555.312,41.384686073672555
5,559.688,41.450251609253854
5,564.063,41.63722785120176
5,568.438,41.94240204986796
5,572.813,42.340793188556155
5,577.187,42.774544695677946
5,581.562,43.191227571922866
5,585.938,43.57736919833443
5,590.313,43.92743462108676
5,594.688,44.2102641645925
5,599.063,44.44419893782431
5,603.438,44.72112812202157
5,607.812,45.12067199449567
5,612.188,45.65677438577333
5,616.563,46.26474289110356
5,620.937,46.83038771069035
5,625.312,47.28162494829256
5,629.687,47.65359742337453
5,634.063,48.0857701939977
5,638.437,48.751207433615676
5,642.813,49.7405389185582
5,647.188,50.99558166998297
5,651.563,52.353958427156996
5,655.938,53.78577856952551
5,660.313,55.406959051957614
5,664.687,57.13576331719573
5,669.063,58.62098108496133
5,673.438,59.44973995754786
5,677.813,59.31084727597443
5,682.187,57.77427250397128
5,686.562,54.212856003703294
5,690.937,49.13480849360546
5,695.312,44.615969080799765
5,699.688,41.65766577630451
5,704.063,39.974538812660334
5,708.438,39.081692761311345
5,712.813,38.636030595929476
5,717.187,38.4843624470477
5,721.563,38.610340856713506
5,725.938,38.9546423466425
5,730.313,39.40592085573084
5,734.687,39.85460978786189
5,739.063,40.243176843017444
5,743.437,40.54768663238315
5,747.812,40.75832675776114
5,752.188,40.89354858741993
5,756.563,40.99041465142915
5,760.938,41.08209273017973
5,765.313,41.151131287414316
5,769.688,41.172013177885674
5,774.063,41.16850858610296
5,778.438,41.1509567864259
5,782.813,41.12252133600993
5,787.188,41.088899787299276
5,791.563,41.05225942351538
5,795.937,41.01477198663646
5,800.312,40.97921855897121
5,804.688,40.94658654197495
5,809.063,40.920166821381294
5,813.438,40.89789646400681
5,817.813,40.8693006888966
5,822.188,40.831914611841775
5,826.5630000000001,40.7928833367151
5,830.937,40.75321153737488
5,835.313,40.71156200981497
5,839.688,40.670082223848695
5,844.063,40.63086634876412
5,848.437,40.59462773230477
5,852.812,40.560145247453114
5,857.187,40.52707324653003
5,861.563,40.496552429553425
5,865.938,40.46758310378781
5,870.313,40.440101658524455
5,874.687,40.41547277413267
5,879.063,40.393636975726885
5,883.437,40.37469941838293
5,887.813,40.3608478227893
5,892.188,40.354594054128114
5,896.562,40.35253450143645
5,900.938,40.34592848592121
5,905.312,40.33456675632931
5,909.6880000000001,40.321631931627216
5,914.062,40.30301177260747
5,918.438,40.28000641187501
5,922.813,40.262228078377014
5,927.188,40.253398565523376
5,931.563,40.24611157787753
5,935.937,40.21557416654557
5,940.312,40.1504304116711
5,944.688,40.05755655271865
5,949.063,39.92035697023745
5,953.438,39.75453893151524
5,957.812,39.597950225980206
5,962.187,39.480635057830995
5,966.562,39.408545951897146
5,970.938,39.36987953335291
5,975.313,39.35064291634126
5,979.688,39.343468497192525
5,984.063,39.34329575704234
5,988.438,39.34393144858932
5,992.812,39.348246537674854
5,997.188,39.36753641051075
5,1001.5600000000001,39.40380768423921
5,1005.94,39.44942464438929
5,1010.3100000000001,39.497256832960225
5,1014.69,39.54287827768444
5,1019.0600000000001,39.58544781783671
5,1023.4399999999999,39.625546040948
5,1027.81,39.66144362486197
5,1032.19,39.69112001698584
5,1036.56,39.715344936830874
5,1040.94,39.73558638749591
5,1045.31,39.75185554162252
5,1049.69,39.76386103083131
5,1054.06,39.77115666686943
5,1058.44,39.77377654092088
5,1062.81,39.77299517695052
5,1067.19,39.76990998855292
5,1071.5600000000002,39.76482692791426
5,1075.9399999999998,39.7584011688933
5,1080.3100000000002,39.752136065245686
5,1084.6899999999998,39.74636366576282
5,1089.06,39.73995091347983
5,1093.44,39.732819703123035
5,1097.81,39.72510720240041
5,1102.19,39.71574086434011
5,1106.56,39.70484510498563
5,1110.94,39.69562624900724
5,1115.31,39.689703583168196
5,1119.69,39.67831385584085
5,1124.06,39.62307001671395
5,1128.44,39.4796761158151
5,1132.8100000000002,39.26875142254504
5,1137.1899999999998,39.045454863023515
5,1141.56,38.81983147070051
5,1145.94,38.52652633796646
5,1150.31,38.248923711368185
5,1154.69,38.10490604723723
5,1159.06,38.04358357474076
5,1163.44,38.01536698790362
5,1167.81,37.99819555693428
5,1172.19,37.98416516203979
5,1176.56,37.9742507999138
5,1180.94,37.96846642974489
5,1185.3100000000002,37.96332274362896
5,1189.6899999999998,37.95784773458919
5,1194.06,37.95549381054161
5,1198.44,37.95987053435536
5,1202.81,37.96910128250885
5,1207.19,37.97993413094778
5,1211.56,37.99228904968415
5,1215.94,38.00572747161116
5,1220.31,38.01973881832292
5,1224.69,38.033739623440155
5,1229.06,38.04779104508161
5,1233.44,38.06285350311461
5,1237.8100000000002,38.0785879484953
5,1242.1899999999998,38.09591924697534
5,1246.56,38.11634558682997
5,1250.94,38.1382402948742
5,1255.31,38.15960171651845
5,1259.69,38.1817458064493
5,1264.06,38.20344150408958
5,1268.44,38.214684539724566
5,1272.81,38.209008142070665
5,1277.19,38.19279768423773
5,1281.56,38.17277905994296
5,1285.94,38.15242537430965
5,1290.3100000000002,38.13215057547929
5,1294.6899999999998,38.108415503379305
5,1299.0600000000002,38.079909610619595
5,1303.4399999999998,38.048630960835276
5,1307.81,38.018832395344695
5,1312.19,37.99603010561882
5,1316.56,37.98535797840197
5,1320.94,37.993804800474415
5,1325.31,38.02580299134398
5,1329.69,38.0888608793445
5,1334.06,38.195403280208254
5,1338.44,38.31316347184926
5,1342.81,38.403562045452944
5,1347.19,38.46851902578708
5,1500.31,68.49277357195884
5,1504.69,66.90705569281097
5,1509.0600000000002,65.36255851568554
5,1513.4399999999998,63.91672713093056
5,1517.8100000000002,62.50735154949525
5,1522.1899999999998,61.18457773174726
5,1526.56,59.95255499520156
5,1530.94,58.777387672447155
5,1535.31,57.672162402934624
5,1539.69,56.635193576012455
5,1544.06,55.658825577817275
5,1548.44,54.75412362383349
5,1552.81,53.92136971999769
5,1557.19,53.148771294842575
5,1561.56,52.44643683264288
5,1565.94,51.807458593894104
5,1570.3100000000002,51.19944026726068
5,1574.6899999999998,50.61725253767248
5,1579.06,50.08073034387592
5,1583.44,49.588855436396315
5,1587.81,49.12978140985717
5,1592.19,48.703495770417845
5,1596.56,48.31787793189341
5,1600.94,47.96371554635271
5,1605.31,47.63309879959957
5,1609.69,47.32327486541624
5,1614.06,47.03616720450657
5,1618.44,46.78125804071922
5,1622.8100000000002,46.55546611093357
5,1627.1899999999998,46.35466803104611
5,1631.56,46.18037846912355
5,1635.94,46.03267433380272
5,1640.31,45.90982576904601
5,1644.69,45.81391286315665
5,1649.06,45.74759300041965
5,1653.44,45.708172072147555
5,1657.81,45.68895340584043
5,1662.19,45.68228173360575
5,1666.56,45.68629676434085
5,1670.94,45.70921864399642
5,1675.3100000000002,45.76495178324736
5,1679.6899999999998,45.86432967157525
5,1684.06,46.00831267943834
5,1688.44,46.1925980927474
5,1692.81,46.41512162779989
5,1697.19,46.67075560573768
5,1701.56,46.948712148524265
5,1705.94,47.23837059687933
5,1710.31,47.530505260986985
5,1714.69,47.80696378254549
5,1719.06,48.059636309927804
5,1723.44,48.29810800626614
5,1727.8100000000002,48.5227180924837
5,1732.1899999999998,48.746565481342294
5,1736.5600000000002,49.015725445842136
5,1740.9399999999998,49.35592878693938
5,1745.31,49.76371578413417
5,1749.69,50.216079248583966
5,1754.06,50.67441821690346
5,1758.44,51.1238247179193
5,1762.81,51.547630786297724
5,1767.19,51.94187289994824
5,1771.56,52.28252659206636
5,1775.94,52.57105616135696
5,1780.31,52.82071881772153
5,1784.69,53.01297842667767
5,1789.0600000000002,53.1364074944626
5,1999.06,128.24193979545836
5,2003.4399999999998,125.19109575434719
5,2007.8100000000002,122.4678669019281
5,2012.1899999999998,121.17320042865944
5,2016.5600000000002,119.88874709056385
5,2020.94,118.43286882699033
5,2025.3100000000002,117.13657712984708
5,2029.69,115.82259766502116
5,2034.0600000000002,114.43816336294441
5,2038.44,112.98462568169778
5,2042.8099999999997,111.4614288988253
5,2047.19,110.01055506634303
5,2051.56,108.56885031344056
5,2055.94,107.0472686381021
5,2060.31,105.66224281070336
5,2064.69,104.33339262594863
5,2069.06,102.89123531787155
5,2073.44,101.45800482421201
5,2077.81,100.17038837347951
5,2082.19,99.01890251434156
5,2086.56,97.9169599786324
5,2090.9399999999996,96.80064361428636
5,2095.31,95.65074913972926
5,2099.69,94.49850378513162
5,2104.06,93.42195796417164
5,2108.44,92.45279821140015
5,2112.81,91.54119597906065
5,2117.19,90.67050969843741
5,2121.56,89.84414783015184
5,2125.94,89.01492665467649
5,2130.31,88.14695929325993
5,2134.69,87.28517493168167
5,2139.0600000000004,86.44339880622934
5,2143.44,85.60315219530573
5,2147.8100000000004,84.75058506695557
5,2152.19,83.87872521583233
5,2156.56,83.03940434868545
5,2160.94,82.25994208922882
5,2165.31,81.4991269104347
5,2169.69,80.77837858854906
5,2174.06,80.10759638156
5,2178.44,79.46043272957965
5,2182.81,78.82063051933797
5,2187.19,78.1729423804853
5,2191.56,77.56159789690642
5,2195.9399999999996,77.00728757968488
5,2200.31,76.54515107880268
5,2204.6899999999996,76.24756467933256
5,2209.06,76.09047223137266
5,2213.44,76.02332419585215
5,2217.81,76.08614640881551
5,2222.19,76.32241013734382
5,2226.56,76.65251788754031
5,2230.94,76.96090436664048
5,2235.31,77.27129279228697
5,2239.69,77.70601466103523
5,2244.06,78.32506624333116
5,2248.44,79.09134288604125
5,2252.8100000000004,79.9303946400352
5,2257.19,80.79245100679795
5,2261.56,81.64649215320158
5,2265.94,82.50010059381894
5,2270.31,83.35795090768
5,2274.69,84.17969482196867
5,2279.06,84.97184292420415
5,2283.44,85.8313573804305
5,2287.81,86.8329885803991
5,2292.19,87.96009886155312
5,2296.56,89.11905157432751
5,2300.94,90.15337747075446
5,2305.31,90.99751615845996
5,2309.6899999999996,91.64113123498183
5,2314.06,92.10672252062136
5,2318.44,92.55694843967724
5,2322.81,93.17877591345336
5,2327.19,93.9395081115634
5,2331.56,94.76780244751455
5,2335.94,95.77624898311866
5,2340.31,97.14093071096967
5,2344.69,98.77267439112973
5,2349.06,100.55325495372342
5,2353.44,102.57490375103421
5,2357.8100000000004,104.51744216163775
5,2362.19,106.19757210545502
5,2366.5600000000004,107.84852939845942
5,2370.94,109.69742561100975
5,2375.31,111.50574113610186
5,2379.69,113.06677895710942
5,2384.06,114.49790563162092
5,2388.44,115.75110194891616
5,2392.81,116.80329290104336
5,2397.19,117.79750818874204
5,2401.56,118.7092010336286
5,2405.94,119.6170264131369
5,2410.31,120.7839956813402
5,2414.6899999999996,122.23162881026937
5,2419.06,123.5391505548313
5,2423.4399999999996,124.30268093985804
5,2427.81,124.95686329956908
5,2432.19,125.77930127233836
5,2436.56,126.88796949700904
5,2440.94,128.17263968177778
5,2445.31,130.37259691360413
5,2449.69,133.89798447108973
5,2454.06,133.99383420363765
5,2458.44,132.95728790602527
5,2462.81,133.79248677620868
5,2467.19,136.22333709015237
5,2471.5600000000004,140.6100098615483
7,402.188,53.34166596014248
7,406.56199999999995,53.523831839197854
7,410.93800000000005,53.60799866600138
7,415.313,53.43632544698321
7,419.68699999999995,52.948442135096705
7,424.06300000000005,52.166676459283224
7,428.438,51.12821348613606
7,432.813,50.02122330171503
7,437.18800000000005,49.10585212496935
7,441.563,48.44104687782847
7,445.938,47.98672550418885
7,450.31300000000005,47.68865852512087
7,454.688,47.504727567353505
7,459.063,47.42309493989542
7,463.438,47.43502629750556
7,467.813,47.50983752608529
7,472.187,47.610736437516394
7,476.562,47.71176819931367
7,480.938,47.78417226788218
7,485.313,47.77329415997739
7,489.688,47.61243594779252
7,494.063,47.237678830889905
7,498.438,46.570393561384805
7,502.812,45.55731570988111
7,507.188,44.25446982118898
7,511.563,42.76884531095364
7,515.937,41.231201922817874
7,520.313,39.87401081114137
7,524.687,38.83369565696007
7,529.062,38.063568800551046
7,533.438,37.50327942663019
7,537.813,37.097124129276764
7,542.188,36.796092965303075
7,546.563,36.57297807583109
7,550.938,36.422546665315295
7,555.312,36.358295063779636
7,559.688,36.40351588329424
7,564.063,36.57887483428173
7,568.438,36.89503000316607
7,572.813,37.33965556857632
7,577.187,37.85704933616219
7,581.562,38.382873620124954
7,585.938,38.89075721508359
7,590.313,39.36967805792018
7,594.688,39.78044879246005
7,599.063,40.14344088205891
7,603.438,40.57578063170757
7,607.812,41.18425691106912
7,612.188,41.98998295127905
7,616.563,42.902514306595194
7,620.937,43.75808202315469
7,625.312,44.45288281606554
7,629.687,45.034489555942145
7,634.063,45.69571638862741
7,638.437,46.67831087003492
7,642.813,48.108401675338854
7,647.188,49.90074588023472
7,651.563,51.82904283548766
7,655.938,53.85484498483888
7,660.313,56.129095418437025
7,664.687,58.53227109942328
7,669.063,60.60147914030847
7,673.438,61.81119281500214
7,677.813,61.772190451665466
7,682.187,59.91910329696961
7,686.562,55.331037477255975
7,690.937,48.36239742240391
7,695.312,41.73023798680306
7,699.688,37.290906460262924
7,704.063,34.95968710810843
7,708.438,33.970672001540855
7,712.813,33.674677019678256
7,717.187,33.7804089187498
7,721.563,34.206463452394466
7,725.938,34.818462074626325
7,730.313,35.47085092427227
7,734.687,36.054082907377385
7,739.063,36.53109435002994
7,743.437,36.89901709783553
7,747.812,37.156645256929835
7,752.188,37.32199247687093
7,756.563,37.430388886633445
7,760.938,37.51307427948745
7,765.313,37.56089075169891
7,769.688,37.56711160397237
7,774.063,37.55286765580092
7,778.438,37.52168081356784
7,782.813,37.475934349608174
7,787.188,37.42246736739484
7,791.563,37.364226576199684
7,795.937,37.304217743911224
7,800.312,37.24574981073574
7,804.688,37.190401663142445
7,809.063,37.141587301440815
7,813.438,37.094916532035185
7,817.813,37.038333043154985
7,822.188,36.9727520448667
7,826.5630000000001,36.90684978421474
7,830.937,36.84050389116289
7,835.313,36.773555575604234
7,839.688,36.70937004437314
7,844.063,36.64913333992641
7,848.437,36.592120250260535
7,852.812,36.53597937537731
7,857.187,36.480736549943806
7,861.563,36.42834949030816
7,865.938,36.3769991901447
7,870.313,36.32664230134907
7,874.687,36.279390291289666
7,879.063,36.2344371428032
7,883.437,36.19173673038375
7,887.813,36.15478630274212
7,892.188,36.12648663338949
7,896.562,36.10060647666046
7,900.938,36.06716543164974
7,905.312,36.03097337483858
7,909.6880000000001,35.995138705546786
7,914.062,35.95223731365725
7,918.438,35.90574262868108
7,922.813,35.869040241791815
7,927.188,35.84579394100583
7,931.563,35.82312384762461
7,935.937,35.761297346903085
7,940.312,35.65423760178753
7,944.688,35.52148080196492
7,949.063,35.33564050403193
7,953.438,35.118364305936204
7,957.812,34.917866708202396
7,962.187,34.768104356772675
7,966.562,34.67434666388269
7,970.938,34.62187212613672
7,975.313,34.592060454495126
7,979.688,34.57390577430826
7,984.063,34.55782183422331
7,988.438,34.53206787789534
7,992.812,34.50655408922646
7,997.188,34.5076988835437
7,1001.5600000000001,34.53907450021701
7,1005.94,34.58605978417083
7,1010.3100000000001,34.63781416639997
7,1014.69,34.68932770220023
7,1019.0600000000001,34.73950805296637
7,1023.4399999999999,34.78774401167215
7,1027.81,34.83107485582522
7,1032.19,34.86723106120775
7,1036.56,34.89687463749544
7,1040.94,34.92072226397407
7,1045.31,34.938198015106614
7,1049.69,34.949314643574475
7,1054.06,34.95451487380829
7,1058.44,34.95457752553366
7,1062.81,34.950768161522205
7,1067.19,34.94377926454604
7,1071.5600000000002,34.93377655782609
7,1075.9399999999998,34.92171825867184
7,1080.3100000000002,34.909509037080305
7,1084.6899999999998,34.89777380542516
7,1089.06,34.88581743648489
7,1093.44,34.87416547991087
7,1097.81,34.86272355909479
7,1102.19,34.84905221908299
7,1106.56,34.83245447278497
7,1110.94,34.81673841913601
7,1115.31,34.80293091461841
7,1119.69,34.77756305049168
7,1124.06,34.69462851884262
7,1128.44,34.52051781719046
7,1132.8100000000002,34.30048386609431
7,1137.1899999999998,34.08942829694869
7,1141.56,33.890311726880704
7,1145.94,33.646363006104224
7,1150.31,33.435367895862825
7,1154.69,33.33990219641736
7,1159.06,33.307453394903575
7,1163.44,33.299712570559514
7,1167.81,33.30134389044333
7,1172.19,33.30748726803902
7,1176.56,33.3201574476596
7,1180.94,33.33932521579705
7,1185.3100000000002,33.35968332740165
7,1189.6899999999998,33.37644907003034
7,1194.06,33.39113389900651
7,1198.44,33.40796364067289
7,1202.81,33.424857318410076
7,1207.19,33.43770588156529
7,1211.56,33.44646387904022
7,1215.94,33.451906226844095
7,1220.31,33.456765284247744
7,1224.69,33.463184095318944
7,1229.06,33.47125715377796
7,1233.44,33.48120240638025
7,1237.8100000000002,33.49289532413967
7,1242.1899999999998,33.507451826061484
7,1246.56,33.52623115210702
7,1250.94,33.548128991362645
7,1255.31,33.57203096800138
7,1259.69,33.59965915941434
7,1264.06,33.62976361384945
7,1268.44,33.65224546605736
7,1272.81,33.6604458513517
7,1277.19,33.66155747830022
7,1281.56,33.66425938841409
7,1285.94,33.67272338993851
7,1290.3100000000002,33.687533897240314
7,1294.6899999999998,33.70685884539905
7,1299.0600000000002,33.73106444172547
7,1303.4399999999998,33.76353926664745
7,1307.81,33.81092736201098
7,1312.19,33.88206471956832
7,1316.56,33.98423587751669
7,1320.94,34.12076130733268
7,1325.31,34.292784218418504
7,1329.69,34.52520718596057
7,1334.06,34.84508056094568
7,1338.44,35.155744211795955
7,1342.81,35.377039813963485
7,1347.19,35.53005951449397
7,1500.31,77.82021386770414
7,1504.69,75.98718183349224
7,1509.0600000000002,74.17735861505287
7,1513.4399999999998,72.46218001610225
7,1517.8100000000002,70.77057737761521
7,1522.1899999999998,69.16462239867614
7,1526.56,67.6533179992439
7,1530.94,66.19766044813674
7,1535.31,64.81536910957004
7,1539.69,63.50566620353861
7,1544.06,62.259663014334365
7,1548.44,61.092673490024026
7,1552.81,60.00717321588477
7,1557.19,58.99011055200286
7,1561.56,58.05747499191882
7,1565.94,57.20237982925177
7,1570.3100000000002,56.38221859763269
7,1574.6899999999998,55.58997069203775
7,1579.06,54.85258549427322
7,1583.44,54.16906097407579
7,1587.81,53.523450708054966
7,1592.19,52.91642187001645
7,1596.56,52.36068774169874
7,1600.94,51.845238250197454
7,1605.31,51.36051484501674
7,1609.69,50.9035694921122
7,1614.06,50.47795307572399
7,1618.44,50.09832111057857
7,1622.8100000000002,49.76086054469431
7,1627.1899999999998,49.459783805714046
7,1631.56,49.19780433975659
7,1635.94,48.97620084091378
7,1640.31,48.79326752817806
7,1644.69,48.652847681441344
7,1649.06,48.56034296325337
7,1653.44,48.51221274816842
7,1657.81,48.49703168759304
7,1662.19,48.50105402622952
7,1666.56,48.51867740481202
7,1670.94,48.56011539508833
7,1675.3100000000002,48.64715967695136
7,1679.6899999999998,48.79845581414311
7,1684.06,49.016811013302096
7,1688.44,49.29578224867665
7,1692.81,49.631906056282766
7,1697.19,50.01702745465835
7,1701.56,50.43450425097878
7,1705.94,50.868625273358646
7,1710.31,51.305884167179094
7,1714.69,51.71795308252466
7,1719.06,52.09085762048971
7,1723.44,52.43875117416269
7,1727.8100000000002,52.76438790517598
7,1732.1899999999998,53.088118503292435
7,1736.5600000000002,53.474293020306696
7,1740.9399999999998,53.956311608480625
7,1745.31,54.527503770093176
7,1749.69,55.15475651550899
7,1754.06,55.78450362376478
7,1758.44,56.39688700580485
7,1762.81,56.970097783783594
7,1767.19,57.49921903037597
7,1771.56,57.95159877447975
7,1775.94,58.33019240708336
7,1780.31,58.654259228199166
7,1784.69,58.9008610840764
7,1789.0600000000002,59.05561246874783
7,1999.06,131.25020506328678
7,2003.4399999999998,129.0054848684108
7,2007.8100000000002,127.03575174722116
7,2012.1899999999998,126.16386655891658
7,2016.5600000000002,125.28924722989765
7,2020.94,124.23680173770796
7,2025.3100000000002,123.28832439882058
7,2029.69,122.32632623511014
7,2034.0600000000002,121.29988602816924
7,2038.44,120.20401518773394
7,2042.8099999999997,119.04032215930354
7,2047.19,117.92702569323113
7,2051.56,116.82507909755941
7,2055.94,115.65761939567822
7,2060.31,114.57895279847132
7,2064.69,113.52266699727127
7,2069.06,112.35003685681053
7,2073.44,111.16408094205403
7,2077.81,110.08978991428853
7,2082.19,109.12590061380081
7,2086.56,108.19716946048108
7,2090.9399999999996,107.24220224548198
7,2095.31,106.24168222787442
7,2099.69,105.22643670765015
7,2104.06,104.26946067217824
7,2108.44,103.40152224321135
7,2112.81,102.57824538236422
7,2117.19,101.78489097350791
7,2121.56,101.02520003151838
7,2125.94,100.25053646662944
7,2130.31,99.42191768537703
7,2134.69,98.58231753513834
7,2139.0600000000004,97.7464147201957
7,2143.44,96.8966949289093
7,2147.8100000000004,96.02011488953907
7,2152.19,95.10935221922341
7,2156.56,94.21931147222506
7,2160.94,93.38179761704531
7,2165.31,92.55614529000387
7,2169.69,91.76902859079952
7,2174.06,91.03374454940459
7,2178.44,90.32199666508127
7,2182.81,89.61509760624479
7,2187.19,88.8942682101056
7,2191.56,88.20716023048794
7,2195.9399999999996,87.57793898481202
7,2200.31,87.04869903485101
7,2204.6899999999996,86.70462859223235
7,2209.06,86.52162520936896
7,2213.44,86.44443190193002
7,2217.81,86.5189699830545
7,2222.19,86.79654558580525
7,2226.56,87.19120971448324
7,2230.94,87.5747408131584
7,2235.31,87.97207603708121
7,2239.69,88.51281693785099
7,2244.06,89.25127225902447
7,2248.44,90.13350432264124
7,2252.8100000000004,91.07185592748755
7,2257.19,92.01405478961074
7,2261.56,92.93030668352992
7,2265.94,93.83040144901399
7,2270.31,94.71727199189749
7,2274.69,95.54601969068321
7,2279.06,96.32489759448882
7,2283.44,97.15728980838556
7,2287.81,98.12196592379041
7,2292.19,99.20423861859373
7,2296.56,100.31942604493729
7,2300.94,101.3282450268795
7,2305.31,102.16960072181757
7,2309.6899999999996,102.81591309325049
7,2314.06,103.2679589028206
7,2318.44,103.67204168172674
7,2322.81,104.21029741365287
7,2327.19,104.86502415163896
7,2331.56,105.57439268065131
7,2335.94,106.44303633049685
7,2340.31,107.63648427892778
7,2344.69,109.07883747843867
7,2349.06,110.66293337521512
7,2353.44,112.45605923244877
7,2357.8100000000004,114.15802397447028
7,2362.19,115.60508866835768
7,2366.5600000000004,117.00182226569147
7,2370.94,118.54086736523249
7,2375.31,120.01936830631004
7,2379.69,121.25950815033887
7,2384.06,122.35236568902795
7,2388.44,123.27886928610651
7,2392.81,124.04350321275265
7,2397.19,124.7608735435569
7,2401.56,125.40314392639698
7,2405.94,126.01318806639661
7,2410.31,126.78268731257825
7,2414.6899999999996,127.74596687256707
7,2419.06,128.6705498681856
7,2423.4399999999996,129.25338294536814
7,2427.81,129.74603708738604
7,2432.19,130.34694625810445
7,2436.56,131.10742283593277
7,2440.94,131.89264580637607
7,2445.31,133.00303559095468
7,2449.69,134.38654988357573
7,2454.06,134.26557905602667
7,2458.44,134.00646391473313
7,2462.81,134.4941467951534
7,2467.19,135.37450214171264
7,2471.5600000000004,136.81928501916016
10,402.188,45.21478890275973
10,406.56199999999995,45.16340071992453
10,410.93800000000005,45.07253344927653
10,415.313,44.88776150601154
10,419.68699999999995,44.52589605022992
10,424.06300000000005,43.96319008197497
10,428.438,43.218207226869495
10,432.813,42.43585220948782
10,437.18800000000005,41.8282163082962
10,441.563,41.447625565348886
10,445.938,41.25985077643482
10,450.31300000000005,41.19835733660479
10,454.688,41.19749260061893
10,459.063,41.22384700200178
10,463.438,41.26505428489688
10,467.813,41.31680451572622
10,472.187,41.37554522501529
10,476.562,41.43279804754164
10,480.938,41.48276525282428
10,485.313,41.53234601721278
10,489.688,41.60284522079212
10,494.063,41.71992671857512
10,498.438,41.92111721252526
10,502.812,42.247225137549385
10,507.188,42.691403667805496
10,511.563,43.19843098426268
10,515.937,43.69934980103191
10,520.313,44.1032370925482
10,524.687,44.35895678389753
10,529.062,44.49850788102214
10,533.438,44.56508696868551
10,537.813,44.582950099538365
10,542.188,44.56185699442837
10,546.563,44.50965657670495
10,550.938,44.449139873767336
10,555.312,44.41574567101457
10,559.688,44.43711514810817
10,564.063,44.51534908471979
10,568.438,44.6272935378359
10,572.813,44.73921809845539
10,577.187,44.82556779571088
10,581.562,44.88633230445607
10,585.938,44.93498139887167
10,590.313,44.97625420182727
10,594.688,45.00344353777563
10,599.063,45.01559701677084
10,603.438,45.015821155396566
10,607.812,44.99952559997415
10,612.188,44.96279273932382
10,616.563,44.914153623257896
10,620.937,44.8747456861604
10,625.312,44.86430618402664
10,629.687,44.88834093626659
10,634.063,44.93535836528327
10,638.437,44.977174576573184
10,642.813,44.972330360949144
10,647.188,44.885185362467176
10,651.563,44.71043652516676
10,655.938,44.46474271233503
10,660.313,44.18724214690774
10,664.687,43.952595365425886
10,669.063,43.807501892625424
10,673.438,43.713395021487486
10,677.813,43.597087553714445
10,682.187,43.436372269662535
10,686.562,43.33851346849077
10,690.937,43.37551155287449
10,695.312,43.14009357528273
10,699.688,42.357815614638604
10,704.063,41.24862691677285
10,708.438,40.11745436269856
10,712.813,39.086910132615756
10,717.187,38.12775103844491
10,721.563,37.28581179295972
10,725.938,36.665069492095014
10,730.313,36.26397312396234
10,734.687,36.035481619552115
10,739.063,35.913823627302605
10,743.437,35.85087556113565
10,747.812,35.82114921355995
10,752.188,35.812933430857974
10,756.563,35.82383259495269
10,760.938,35.85005093107454
10,765.313,35.86476569651666
10,769.688,35.859931250101276
10,774.063,35.85478038487721
10,778.438,35.85093202749461
10,782.813,35.84612073721315
10,787.188,35.84082614262848
10,791.563,35.83352225494365
10,795.937,35.82479846481243
10,800.312,35.81705021400683
10,804.688,35.81076189615587
10,809.063,35.809671368232074
10,813.438,35.81409933975939
10,817.813,35.81410788580263
10,822.188,35.80347605726076
10,826.5630000000001,35.788381763105164
10,830.937,35.77169133610235
10,835.313,35.7527030475741
10,839.688,35.73359463738915
10,844.063,35.716597274280595
10,848.437,35.70297716182895
10,852.812,35.692092674910796
10,857.187,35.68245860710814
10,861.563,35.67404150140667
10,865.938,35.66664680144666
10,870.313,35.66009057890436
10,874.687,35.65504059821691
10,879.063,35.652058808175845
10,883.437,35.65149341918265
10,887.813,35.655141599290566
10,892.188,35.665899141226625
10,896.562,35.68222658417902
10,900.938,35.695126547809316
10,905.312,35.70116136176169
10,909.6880000000001,35.70534119240282
10,914.062,35.70598232405467
10,918.438,35.7022174588972
10,922.813,35.70177823913737
10,927.188,35.70983710151004
10,931.563,35.72697850726077
10,935.937,35.75041481216162
10,940.312,35.75944002448285
10,944.688,35.74686462557703
10,949.063,35.71969915954439
10,953.438,35.68712580148187
10,957.812,35.66025612494648
10,962.187,35.64210491659213
10,966.562,35.62980325846275
10,970.938,35.62340267395884
10,975.313,35.621158250194206
10,979.688,35.61639186891207
10,984.063,35.603376557040484
10,988.438,35.579983907248966
10,992.812,35.554339470489424
10,997.188,35.54138919575613
10,1001.5600000000001,35.54370763352401
10,1005.94,35.553366114807424
10,1010.3100000000001,35.564577074614725
10,1014.69,35.575598042616335
10,1019.0600000000001,35.58640618554013
10,1023.4399999999999,35.595971579065264
10,1027.81,35.60272145751022
10,1032.19,35.60757675596753
10,1036.56,35.61271417736489
10,1040.94,35.618984220051544
10,1045.31,35.626058145260984
10,1049.69,35.6329734639295
10,1054.06,35.63878021078826
10,1058.44,35.64359135831134
10,1062.81,35.64794735416085
10,1067.19,35.651782283594436
10,1071.5600000000002,35.65483517998062
10,1075.9399999999998,35.657560244222026
10,1080.3100000000002,35.66158217811181
10,1084.6899999999998,35.66761353666134
10,1089.06,35.67485252231635
10,1093.44,35.68408251829382
10,1097.81,35.69587818072093
10,1102.19,35.707938116234644
10,1106.56,35.71856676074104
10,1110.94,35.72944882997196
10,1115.31,35.74388286318083
10,1119.69,35.7647759734912
10,1124.06,35.78611945711197
10,1128.44,35.78559063868853
10,1132.8100000000002,35.76395986468892
10,1137.1899999999998,35.74329200306795
10,1141.56,35.72915666545015
10,1145.94,35.72425907689067
10,1150.31,35.74499398154657
10,1154.69,35.775451524337385
10,1159.06,35.79899689957969
10,1163.44,35.81556444478996
10,1167.81,35.826156192698974
10,1172.19,35.83232528199884
10,1176.56,35.83760242929831
10,1180.94,35.84395269966453
10,1185.3100000000002,35.849680628030214
10,1189.6899999999998,35.85301054472303
10,1194.06,35.855405862788764
10,1198.44,35.85808186623721
10,1202.81,35.85882723214253
10,1207.19,35.85650545345237
10,1211.56,35.851772995261385
10,1215.94,35.844493111847
10,1220.31,35.83638013079038
10,1224.69,35.828875273562524
10,1229.06,35.82183558587451
10,1233.44,35.81612637135154
10,1237.8100000000002,35.81261612029709
10,1242.1899999999998,35.811611600072155
10,1246.56,35.813261954278715
10,1250.94,35.81733819602444
10,1255.31,35.823712258748195
10,1259.69,35.833236392040334
10,1264.06,35.845301379166465
10,1268.44,35.8550308192678
10,1272.81,35.85938518964894
10,1277.19,35.8622122644556
10,1281.56,35.867684102946306
10,1285.94,35.877097810711554
10,1290.3100000000002,35.89035012063965
10,1294.6899999999998,35.90708798497269
10,1299.0600000000002,35.92736479305655
10,1303.4399999999998,35.95259462001902
10,1307.81,35.985951554010484
10,1312.19,36.03006909707108
10,1316.56,36.08582532149757
10,1320.94,36.15292700642314
10,1325.31,36.23075019898883
10,1329.69,36.32875439015791
10,1334.06,36.457114304815065
10,1338.44,36.579596079707294
10,1342.81,36.66848876094686
10,1347.19,36.732859764725795
10,1500.31,47.31176982083177
10,1504.69,46.826880196529345
10,1509.0600000000002,46.36141707851717
10,1513.4399999999998,45.932449113392146
10,1517.8100000000002,45.51949054451636
10,1522.1899999999998,45.135737389166714
10,1526.56,44.781652053026285
10,1530.94,44.44681665235181
10,1535.31,44.13453785341638
10,1539.69,43.84436834089289
10,1544.06,43.57391497503384
10,1548.44,43.325275392060135
10,1552.81,43.09781950875964
10,1557.19,42.88816575171367
10,1561.56,42.698380273654564
10,1565.94,42.52602511836704
10,1570.3100000000002,42.36268897414105
10,1574.6899999999998,42.20677787584687
10,1579.06,42.0626902293758
10,1583.44,41.92906485943802
10,1587.81,41.80167015463772
10,1592.19,41.68028456713919
10,1596.56,41.56788487497963
10,1600.94,41.46240263035706
10,1605.31,41.36163362964509
10,1609.69,41.26551611280355
10,1614.06,41.17619337180643
10,1618.44,41.09789620074451
10,1622.8100000000002,41.02986571525869
10,1627.1899999999998,40.97125738237949
10,1631.56,40.92346325148048
10,1635.94,40.887277070592916
10,1640.31,40.86443335244258
10,1644.69,40.85854599014127
10,1649.06,40.87120972468329
10,1653.44,40.89979303863146
10,1657.81,40.93643957312058
10,1662.19,40.97146884177581
10,1666.56,40.99989588913537
10,1670.94,41.023456947332484
10,1675.3100000000002,41.04863201065205
10,1679.6899999999998,41.08103784369785
10,1684.06,41.12189621581197
10,1688.44,41.17054527986347
10,1692.81,41.22690062670033
10,1697.19,41.29097571896902
10,1701.56,41.364277631055366
10,1705.94,41.450217991949465
10,1710.31,41.5502286085523
10,1714.69,41.65785227263609
10,1719.06,41.765383516183654
10,1723.44,41.86952127319863
10,1727.8100000000002,41.962441218775446
10,1732.1899999999998,42.04329596140381
10,1736.5600000000002,42.127358359625745
10,1740.9399999999998,42.224912663241035
10,1745.31,42.33624765509197
10,1749.69,42.45671739209018
10,1754.06,42.57825885107059
10,1758.44,42.69853968503565
10,1762.81,42.812927889530904
10,1767.19,42.91951533468831
10,1771.56,43.01313371737231
10,1775.94,43.095336561213884
10,1780.31,43.169422360468566
10,1784.69,43.23046708403484
10,1789.0600000000002,43.27386082806895
10,1999.06,70.18691445651334
10,2003.4399999999998,68.80044471132626
10,2007.8100000000002,67.60300664848737
10,2012.1899999999998,67.05109081287914
10,2016.5600000000002,66.49966913813566
10,2020.94,65.8741682261563
10,2025.3100000000002,65.32230599780972
10,2029.69,64.76892207484656
10,2034.0600000000002,64.19279795864315
10,2038.44,63.596484499801434
10,2042.8099999999997,62.98165600466289
10,2047.19,62.4066131747903
10,2051.56,61.84763932492496
10,2055.94,61.27043956360894
10,2060.31,60.7538935058038
10,2064.69,60.26468150395379
10,2069.06,59.73943925997764
10,2073.44,59.224688621675
10,2077.81,58.77115925965576
10,2082.19,58.373227895922554
10,2086.56,57.997889091747034
10,2090.9399999999996,57.62263432339182
10,2095.31,57.242324920714
10,2099.69,56.86839596033136
10,2104.06,56.52647201775336
10,2108.44,56.22617591725088
10,2112.81,55.95061774455049
10,2117.19,55.69358360698966
10,2121.56,55.45441892251871
10,2125.94,55.215478876483516
10,2130.31,54.96253547749582
10,2134.69,54.70610680269278
10,2139.0600000000004,54.44853613205154
10,2143.44,54.18593030794929
10,2147.8100000000004,53.91651691130706
10,2152.19,53.63851419406846
10,2156.56,53.368404030057995
10,2160.94,53.11561042390173
10,2165.31,52.86809339380755
10,2169.69,52.63361491828758
10,2174.06,52.415834716333755
10,2178.44,52.205664569079126
10,2182.81,51.996983396942795
10,2187.19,51.78603986275289
10,2191.56,51.58771335317306
10,2195.9399999999996,51.406026940880224
10,2200.31,51.24785189517299
10,2204.6899999999996,51.13410260250417
10,2209.06,51.06083663117027
10,2213.44,51.01669701610113
10,2217.81,51.014388108552076
10,2222.19,51.06918138796062
10,2226.56,51.16419002771077
10,2230.94,51.27171051073982
10,2235.31,51.39972833570734
10,2239.69,51.579920441481796
10,2244.06,51.82420577506579
10,2248.44,52.11558338887134
10,2252.8100000000004,52.425144120478826
10,2257.19,52.73333825249756
10,2261.56,53.02952162984131
10,2265.94,53.316557823331415
10,2270.31,53.59548311512117
10,2274.69,53.855340868337585
10,2279.06,54.1023397282812
10,2283.44,54.371051470298916
10,2287.81,54.6908717759677
10,2292.19,55.062388465935406
10,2296.56,55.45615763610526
10,2300.94,55.81521917365855
10,2305.31,56.10905956408487
10,2309.6899999999996,56.327136397886676
10,2314.06,56.47494125864168
10,2318.44,56.6089206142832
10,2322.81,56.798342287744696
10,2327.19,57.04152988664143
10,2331.56,57.31563543040919
10,2335.94,57.65472951895793
10,2340.31,58.11993848941357
10,2344.69,58.6875702229571
10,2349.06,59.319958920491764
10,2353.44,60.05170765216328
10,2357.8100000000004,60.768334351234174
10,2362.19,61.39745631975116
10,2366.5600000000004,62.02368601368602
10,2370.94,62.736903761156704
10,2375.31,63.44556870714967
10,2379.69,64.06140527546016
10,2384.06,64.627100221453
10,2388.44,65.12623090002133
10,2392.81,65.54925097388615
10,2397.19,65.9532147988591
10,2401.56,66.32631724632995
10,2405.94,66.69392851727676
10,2410.31,67.15855192196656
10,2414.6899999999996,67.7423950073255
10,2419.06,68.31658902194697
10,2423.4399999999996,68.68950464837172
10,2427.81,69.00740992632205
10,2432.19,69.40079445121503
10,2436.56,69.89993840228794
10,2440.94,70.40169990222925
10,2445.31,71.14523185128367
10,2449.69,72.2351171471179
10,2454.06,72.31469727580041
10,2458.44,72.12639473697445
10,2462.81,72.46607035552117
10,2467.19,73.17946366007716
10,2471.5600000000004,74.43559610681541
12,402.188,55.500563093929266
12,406.56199999999995,55.571531775050296
12,410.93800000000005,55.53110369603793
12,415.313,55.27188040426072
12,419.68699999999995,54.77870131710184
12,424.06300000000005,54.106003779584874
12,428.438,53.289095023925825
12,432.813,52.43954036361621
12,437.18800000000005,51.724795294663025
12,441.563,51.180029037291085
12,445.938,50.77676586961266
12,450.31300000000005,50.48429258566688
12,454.688,50.28340463528364
12,459.063,50.17643290320319
12,463.438,50.16269235906879
12,467.813,50.216563655530265
12,472.187,50.30510546205383
12,476.562,50.402470013886315
12,480.938,50.47452076477165
12,485.313,50.45951876450873
12,489.688,50.29021491518838
12,494.063,49.920287984330045
12,498.438,49.3196320537985
12,502.812,48.52425304398681
12,507.188,47.67847370249187
12,511.563,46.92171375346689
12,515.937,46.345170672823
12,520.313,46.001109064361586
12,524.687,45.83102440101675
12,529.062,45.749211997140875
12,533.438,45.70870094561842
12,537.813,45.67912044685491
12,542.188,45.64054907868699
12,546.563,45.58675248718295
12,550.938,45.53296699019118
12,555.312,45.509322069150045
12,559.688,45.54157780130758
12,564.063,45.63869233318486
12,568.438,45.79480832564811
12,572.813,45.994375604386136
12,577.187,46.21286326813701
12,581.562,46.433029642977694
12,585.938,46.65357739165154
12,590.313,46.870323263585675
12,594.688,47.058200113573704
12,599.063,47.222991159258136
12,603.438,47.42196016854533
12,607.812,47.70967444834003
12,612.188,48.10589840961565
12,616.563,48.57959105515314
12,620.937,49.05209207225578
12,625.312,49.46026097140185
12,629.687,49.81983950887446
12,634.063,50.23680070631214
12,638.437,50.85921917803433
12,642.813,51.7874016349904
12,647.188,53.01697106703494
12,651.563,54.45418615559801
12,655.938,56.11957241507382
12,660.313,58.18587763991672
12,664.687,60.591893373098294
12,669.063,62.856298657277065
12,673.438,64.28770207507462
12,677.813,64.29275797943716
12,682.187,62.22858290433131
12,686.562,57.583880706860924
12,690.937,51.722923898160126
12,695.312,47.19473951785032
12,699.688,44.44286528360875
12,704.063,42.77721327626306
12,708.438,41.69074038913359
12,712.813,40.91012002369504
12,717.187,40.30076742564893
12,721.563,39.884653756178636
12,725.938,39.69970174202986
12,730.313,39.69502832255738
12,734.687,39.79165152020022
12,739.063,39.92205233647944
12,743.437,40.04751941277866
12,747.812,40.14743894522981
12,752.188,40.22076478863372
12,756.563,40.28101427768856
12,760.938,40.34096028692499
12,765.313,40.38418263600921
12,769.688,40.3968822394721
12,774.063,40.39188586474054
12,778.438,40.369729648208406
12,782.813,40.33222530772023
12,787.188,40.28672970669647
12,791.563,40.23683035605144
12,795.937,40.18555194461575
12,800.312,40.1360892358432
12,804.688,40.089953137114485
12,809.063,40.050309039945894
12,813.438,40.01344707732681
12,817.813,39.96875103804609
12,822.188,39.91707783928782
12,826.5630000000001,39.86648271318646
12,830.937,39.8161086650321
12,835.313,39.76383758865442
12,839.688,39.71167179596107
12,844.063,39.66130294595661
12,848.437,39.61329526623508
12,852.812,39.56618674651639
12,857.187,39.51993328194913
12,861.563,39.47641360582044
12,865.938,39.43450461857557
12,870.313,39.39421929975779
12,874.687,39.357144013180914
12,879.063,39.32268154523898
12,883.437,39.290927263450975
12,887.813,39.26493809612236
12,892.188,39.24733212825209
12,896.562,39.23306958551912
12,900.938,39.212984664459825
12,905.312,39.189717674943054
12,909.6880000000001,39.16657720900898
12,914.062,39.13780990288595
12,918.438,39.105542492722854
12,922.813,39.08149521884338
12,927.188,39.07031424546218
12,931.563,39.06460491626686
12,935.937,39.03970272684456
12,940.312,38.986425891332246
12,944.688,38.916042124107925
12,949.063,38.81750332176146
12,953.438,38.70554543684687
12,957.812,38.60644057829567
12,962.187,38.532478723215476
12,966.562,38.48333061709709
12,970.938,38.454053138880084
12,975.313,38.435321065206324
12,979.688,38.41753196270343
12,984.063,38.39063373330321
12,988.438,38.34414962436817
12,992.812,38.291291514426405
12,997.188,38.26299585282045
12,1001.5600000000001,38.26431086162528
12,1005.94,38.279497271465516
12,1010.3100000000001,38.2979949602293
12,1014.69,38.316755522609355
12,1019.0600000000001,38.33564756761765
12,1023.4399999999999,38.35317754674277
12,1027.81,38.365936470942685
12,1032.19,38.373968878801236
12,1036.56,38.38083446869376
12,1040.94,38.38818012015576
12,1045.31,38.394758832079475
12,1049.69,38.39868262913438
12,1054.06,38.39856571829149
12,1058.44,38.3947595565208
12,1062.81,38.38892610992286
12,1067.19,38.381956921460954
12,1071.5600000000002,38.37403464101526
12,1075.9399999999998,38.366082904308044
12,1080.3100000000002,38.360034065595386
12,1084.6899999999998,38.356646225104534
12,1089.06,38.354896093110945
12,1093.44,38.35460922560664
12,1097.81,38.35590405525987
12,1102.19,38.357470519687084
12,1106.56,38.358696762859196
12,1110.94,38.36178677868117
12,1115.31,38.36924329073219
12,1119.69,38.37931682085235
12,1124.06,38.374449144767254
12,1128.44,38.32998663013022
12,1132.8100000000002,38.2595349192979
12,1137.1899999999998,38.19724098050954
12,1141.56,38.1492048624815
12,1145.94,38.11720226268853
12,1150.31,38.141263041338206
12,1154.69,38.19130439535765
12,1159.06,38.2310076722359
12,1163.44,38.26021943623379
12,1167.81,38.28196181685839
12,1172.19,38.29920714980386
12,1176.56,38.31724188420018
12,1180.94,38.33864278693652
12,1185.3100000000002,38.36034999878918
12,1189.6899999999998,38.37791723914123
12,1194.06,38.391374096862755
12,1198.44,38.40276059614987
12,1202.81,38.409724139861865
12,1207.19,38.4101436593922
12,1211.56,38.40504837459312
12,1215.94,38.39542925756448
12,1220.31,38.38441722675706
12,1224.69,38.37417831145335
12,1229.06,38.36459486195933
12,1233.44,38.356273831109746
12,1237.8100000000002,38.34987273081723
12,1242.1899999999998,38.346498241310215
12,1246.56,38.34744941476973
12,1250.94,38.352865662436386
12,1255.31,38.36290440391252
12,1259.69,38.37943596965122
12,1264.06,38.40217932377523
12,1268.44,38.4244158809436
12,1272.81,38.441508644034855
12,1277.19,38.459132010376344
12,1281.56,38.48473782313532
12,1285.94,38.52150540086135
12,1290.3100000000002,38.56988391627329
12,1294.6899999999998,38.63024097788479
12,1299.0600000000002,38.7042526421883
12,1303.4399999999998,38.79507408311384
12,1307.81,38.908947457616996
12,1312.19,39.054085551470415
12,1316.56,39.235294201627525
12,1320.94,39.44843490063481
12,1325.31,39.688781624428096
12,1329.69,39.98583522934244
12,1334.06,40.36958653813879
12,1338.44,40.727773810660246
12,1342.81,40.97795979668549
12,1347.19,41.150386881226844
12,1500.31,77.87802408454698
12,1504.69,76.21090366736621
12,1509.0600000000002,74.5699637834256
12,1513.4399999999998,73.01832648078792
12,1517.8100000000002,71.49330569655075
12,1522.1899999999998,70.05177623606748
12,1526.56,68.70012951021508
12,1530.94,67.40251330882529
12,1535.31,66.17403323850382
12,1539.69,65.01284912070172
12,1544.06,63.91060599992551
12,1548.44,62.88109855073605
12,1552.81,61.92627916555893
12,1557.19,61.03397089532493
12,1561.56,60.21753191136451
12,1565.94,59.47013491064398
12,1570.3100000000002,58.754276032256044
12,1574.6899999999998,58.064764229312146
12,1579.06,57.42562484983252
12,1583.44,56.8355189561628
12,1587.81,56.280202876200725
12,1592.19,55.75994267732395
12,1596.56,55.28507782275044
12,1600.94,54.84561785582811
12,1605.31,54.433175718541115
12,1609.69,54.04497810588581
12,1614.06,53.68334558330806
12,1618.44,53.35965928734234
12,1622.8100000000002,53.070149227498106
12,1627.1899999999998,52.81028356548586
12,1631.56,52.58245217674733
12,1635.94,52.38671701780662
12,1640.31,52.21984184978569
12,1644.69,52.08420638625976
12,1649.06,51.98569834258505
12,1653.44,51.92402254587045
12,1657.81,51.89272980189131
12,1662.19,51.88158868928948
12,1666.56,51.883901920682575
12,1670.94,51.904375339282126
12,1675.3100000000002,51.95731780338394
12,1679.6899999999998,52.05559865851986
12,1684.06,52.20155772215962
12,1688.44,52.39170425489282
12,1692.81,52.62564037514418
12,1697.19,52.90098888673437
12,1701.56,53.20832658254774
12,1705.94,53.53667883576344
12,1710.31,53.87579797110029
12,1714.69,54.20397320949635
12,1719.06,54.5108808349245
12,1723.44,54.80915822116238
12,1727.8100000000002,55.100378791854176
12,1732.1899999999998,55.39758162599263
12,1736.5600000000002,55.748776319052496
12,1740.9399999999998,56.175000984895064
12,1745.31,56.66926749209937
12,1749.69,57.208411998996624
12,1754.06,57.75212835305437
12,1758.44,58.28583963010567
12,1762.81,58.79081755624726
12,1767.19,59.26179289221021
12,1771.56,59.66658299496916
12,1775.94,60.005232196233514
12,1780.31,60.294681276350474
12,1784.69,60.51430839933817
12,1789.0600000000002,60.65192943039695
12,1999.06,129.35458546914592
12,2003.4399999999998,126.9548965072801
12,2007.8100000000002,124.82783378300388
12,2012.1899999999998,123.86751306606713
12,2016.5600000000002,122.9365570944832
12,2020.94,121.83832806104316
12,2025.3100000000002,120.82744530591216
12,2029.69,119.78183545429282
12,2034.0600000000002,118.66365298958206
12,2038.44,117.4760423420036
12,2042.8099999999997,116.2207325451629
12,2047.19,115.01234685273496
12,2051.56,113.79489117900623
12,2055.94,112.49710775535327
12,2060.31,111.31030804967467
12,2064.69,110.16876234190471
12,2069.06,108.92458018996636
12,2073.44,107.67511694955829
12,2077.81,106.53741216531401
12,2082.19,105.508936716917
12,2086.56,104.51643755765632
12,2090.9399999999996,103.50197734042848
12,2095.31,102.44577606227803
12,2099.69,101.3747165051778
12,2104.06,100.36123589587874
12,2108.44,99.43692346972833
12,2112.81,98.55644364989456
12,2117.19,97.70566895301299
12,2121.56,96.89131830216687
12,2125.94,96.07306770645863
12,2130.31,95.2211246215342
12,2134.69,94.38163116829487
12,2139.0600000000004,93.56927140490694
12,2143.44,92.76376514278569
12,2147.8100000000004,91.94683722733072
12,2152.19,91.10913595871176
12,2156.56,90.30078585663153
12,2160.94,89.54902436087322
12,2165.31,88.81522853195881
12,2169.69,88.12048441170273
12,2174.06,87.47377297244564
12,2178.44,86.85061218935527
12,2182.81,86.23595302008786
12,2187.19,85.61227454951663
12,2191.56,85.02014873675114
12,2195.9399999999996,84.48274229919647
12,2200.31,84.0404667867749
12,2204.6899999999996,83.76742838501973
12,2209.06,83.63744053489677
12,2213.44,83.59750443457004
12,2217.81,83.68695984690432
12,2222.19,83.94907768046026
12,2226.56,84.30161558484163
12,2230.94,84.62310081242845
12,2235.31,84.93283422666539
12,2239.69,85.35089363388055
12,2244.06,85.93443640861368
12,2248.44,86.64684263196747
12,2252.8100000000004,87.42381031926037
12,2257.19,88.22949290624726
12,2261.56,89.0397750780576
12,2265.94,89.85881416152193
12,2270.31,90.68631600533817
12,2274.69,91.4806167824546
12,2279.06,92.24513226570062
12,2283.44,93.06714817965057
12,2287.81,94.00887272166227
12,2292.19,95.0492677577023
12,2296.56,96.10910927369136
12,2300.94,97.06325828297872
12,2305.31,97.8638236246269
12,2309.6899999999996,98.49391451379422
12,2314.06,98.9600220089993
12,2318.44,99.40335934942314
12,2322.81,99.98612059775354
12,2327.19,100.67207755616849
12,2331.56,101.40148018127965
12,2335.94,102.28545285190924
12,2340.31,103.48851476034223
12,2344.69,104.93302037254078
12,2349.06,106.51813919441429
12,2353.44,108.3239876697008
12,2357.8100000000004,110.05311788799797
12,2362.19,111.5340687630739
12,2366.5600000000004,112.96795691652035
12,2370.94,114.54859928863097
12,2375.31,116.07061989903553
12,2379.69,117.35727125524753
12,2384.06,118.50756829616206
12,2388.44,119.50048321034687
12,2392.81,120.33158718268
12,2397.19,121.11530384246132
12,2401.56,121.83045331687575
12,2405.94,122.53293659042697
12,2410.31,123.41582584833606
12,2414.6899999999996,124.51272486961278
12,2419.06,125.587443295405
12,2423.4399999999996,126.28015236641264
12,2427.81,126.84941767723193
12,2432.19,127.54013547025357
12,2436.56,128.44461302747362
12,2440.94,129.36702699827094
12,2445.31,130.62066716360098
12,2449.69,132.31042343138938
12,2454.06,132.4559741705925
12,2458.44,132.26528891288368
12,2462.81,132.8468197385626
12,2467.19,133.9196092227192
12,2471.5600000000004,135.69517687025572
15,402.188,72.7310722724048
15,406.56199999999995,73.05260381673023
15,410.93800000000005,73.58912860024452
15,415.313,74.3173942261967
15,419.68699999999995,75.16761536929111
15,424.06300000000005,76.06921939334595
15,428.438,76.9352364760684
15,432.813,77.67370602071097
15,437.18800000000005,78.19877594782739
15,441.563,78.54225741721753
15,445.938,78.75069610674714
15,450.31300000000005,78.85157453113506
15,454.688,78.88907567312732
15,459.063,78.90536867182405
15,463.438,78.92856617708328
15,467.813,78.9663410667093
15,472.187,79.00863208628472
15,476.562,79.04083061715485
15,480.938,79.0397356861118
15,485.313,78.95615339023362
15,489.688,78.73809369333607
15,494.063,78.33762712188803
15,498.438,77.68012570448248
15,502.812,76.7087732765918
15,507.188,75.46210127087323
15,511.563,74.0242597609028
15,515.937,72.51047700599376
15,520.313,71.13963579522942
15,524.687,70.05689264475915
15,529.062,69.24446750113931
15,533.438,68.66520277606045
15,537.813,68.26777805224016
15,542.188,67.98998045791102
15,546.563,67.78658255642878
15,550.938,67.65055413249944
15,555.312,67.61238643331772
15,559.688,67.7058413124103
15,564.063,67.93800228312425
15,568.438,68.291901274971
15,572.813,68.72590873387722
15,577.187,69.16828380865043
15,581.562,69.5658285430022
15,585.938,69.9156472784121
15,590.313,70.21942319673975
15,594.688,70.44565496332177
15,599.063,70.6160949295595
15,603.438,70.82454969532164
15,607.812,71.13920489493555
15,612.188,71.55756032987117
15,616.563,72.01668719347265
15,620.937,72.42948335754718
15,625.312,72.74738103115864
15,629.687,72.99624810473378
15,634.063,73.27883569148253
15,638.437,73.7329286820509
15,642.813,74.43785784803583
15,647.188,75.34659353352892
15,651.563,76.31707384799215
15,655.938,77.31768747654037
15,660.313,78.45448433660255
15,664.687,79.69153846393843
15,669.063,80.7699822585089
15,673.438,81.35908301939938
15,677.813,81.17933797639009
15,682.187,79.84588252151109
15,686.562,76.94853986543536
15,690.937,73.15616421052715
15,695.312,69.93242151834797
15,699.688,67.62384073697972
15,704.063,65.9620973217057
15,708.438,64.74899788808433
15,712.813,63.83422459144848
15,717.187,63.07706377557539
15,721.563,62.43866294945546
15,725.938,61.95152145823485
15,730.313,61.606928866953304
15,734.687,61.387947126013586
15,739.063,61.25560107955985
15,743.437,61.17009847910146
15,747.812,61.11495340020243
15,752.188,61.08966381605539
15,756.563,61.09632588827068
15,760.938,61.1236296345409
15,765.313,61.12361181977827
15,769.688,61.09494399493932
15,774.063,61.07107053526649
15,778.438,61.05251653140162
15,782.813,61.03743292720164
15,787.188,61.026229227167136
15,791.563,61.01325002295971
15,795.937,60.997544774451086
15,800.312,60.98313404223769
15,804.688,60.971523570469586
15,809.063,60.969934878076494
15,813.438,60.979078489753725
15,817.813,60.98144376654201
15,822.188,60.96646316378165
15,826.5630000000001,60.945103534985975
15,830.937,60.921223056065635
15,835.313,60.891111510112175
15,839.688,60.85722558171936
15,844.063,60.824167091957406
15,848.437,60.795247406059495
15,852.812,60.76983098719476
15,857.187,60.74559884042181
15,861.563,60.72334621595085
15,865.938,60.703862610381606
15,870.313,60.687598659063156
15,874.687,60.67514420786125
15,879.063,60.66616793938311
15,883.437,60.660677112579606
15,887.813,60.66220099811049
15,892.188,60.67607353252169
15,896.562,60.69829086294496
15,900.938,60.7123950269789
15,905.312,60.715382128521235
15,909.6880000000001,60.71637918089925
15,914.062,60.7095128568808
15,918.438,60.69301048219439
15,922.813,60.68267485360527
15,927.188,60.6887599390298
15,931.563,60.712202399555295
15,935.937,60.74738297094472
15,940.312,60.76284913219633
15,944.688,60.751946537717195
15,949.063,60.729590837845215
15,953.438,60.70412678402971
15,957.812,60.67547549111257
15,962.187,60.63905997899221
15,966.562,60.600652031683154
15,970.938,60.57262712137478
15,975.313,60.55292252853183
15,979.688,60.52707650372795
15,984.063,60.48567894613751
15,988.438,60.425987066405476
15,992.812,60.36572455060026
15,997.188,60.336611011087896
15,1001.5600000000001,60.340494330608394
15,1005.94,60.354728271174295
15,1010.3100000000001,60.363536945540474
15,1014.69,60.365653415853245
15,1019.0600000000001,60.365964284778364
15,1023.4399999999999,60.365288562319044
15,1027.81,60.36153010100628
15,1032.19,60.35614684096758
15,1036.56,60.3526307350341
15,1040.94,60.352385743041005
15,1045.31,60.35474270084984
15,1049.69,60.358504943822396
15,1054.06,60.36265638268946
15,1058.44,60.36675963676402
15,1062.81,60.371105773038025
15,1067.19,60.37538394166161
15,1071.5600000000002,60.379044767936385
15,1075.9399999999998,60.38307914315736
15,1080.3100000000002,60.39014667133246
15,1084.6899999999998,60.401353261141026
15,1089.06,60.41563709839527
15,1093.44,60.43431497900848
15,1097.81,60.45776255106246
15,1102.19,60.48110999410602
15,1106.56,60.50030939137808
15,1110.94,60.51755242708604
15,1115.31,60.538283442078225
15,1119.69,60.56779182741556
15,1124.06,60.60352919063886
15,1128.44,60.6232400753859
15,1132.8100000000002,60.619401610169874
15,1137.1899999999998,60.61574221093859
15,1141.56,60.62126583570227
15,1145.94,60.641831635026634
15,1150.31,60.68365818716514
15,1154.69,60.716395098809365
15,1159.06,60.73201385838926
15,1163.44,60.73925134313479
15,1167.81,60.74183105690415
15,1172.19,60.74282085121116
15,1176.56,60.746767243730474
15,1180.94,60.754829441699954
15,1185.3100000000002,60.76210260000033
15,1189.6899999999998,60.76386579278934
15,1194.06,60.76243976425969
15,1198.44,60.761266611729155
15,1202.81,60.75952360974174
15,1207.19,60.75842126112708
15,1211.56,60.759686584158445
15,1215.94,60.76182814917344
15,1220.31,60.766571600280905
15,1224.69,60.77467959502675
15,1229.06,60.78201601244193
15,1233.44,60.787406066556784
15,1237.8100000000002,60.79311819053117
15,1242.1899999999998,60.800569988175845
15,1246.56,60.81001422051908
15,1250.94,60.82211912688964
15,1255.31,60.83830264699972
15,1259.69,60.860407773439874
15,1264.06,60.88714056683393
15,1268.44,60.91081956467189
15,1272.81,60.92737715108222
15,1277.19,60.94409649738293
15,1281.56,60.96834888692253
15,1285.94,61.001341569737896
15,1290.3100000000002,61.04205723364409
15,1294.6899999999998,61.09069516545782
15,1299.0600000000002,61.14782716771421
15,1303.4399999999998,61.215610113622496
15,1307.81,61.298988545265445
15,1312.19,61.40161822196738
15,1316.56,61.52348167344467
15,1320.94,61.661763571723405
15,1325.31,61.81519493797077
15,1329.69,62.00242854885886
15,1334.06,62.23649006354848
15,1338.44,62.444838856687156
15,1342.81,62.585301569904
15,1347.19,62.6836849004748
15,1500.31,84.27659964931338
15,1504.69,83.19595186610246
15,1509.0600000000002,82.14586763900631
15,1513.4399999999998,81.1689814832117
15,1517.8100000000002,80.22165509127666
15,1522.1899999999998,79.33650706738328
15,1526.56,78.51717134519555
15,1530.94,77.738345807561
15,1535.31,77.0059613312243
15,1539.69,76.31833331461038
15,1544.06,75.66980406255169
15,1548.44,75.06650667491314
15,1552.81,74.50854724371982
15,1557.19,73.98919839633507
15,1561.56,73.51603253049976
15,1565.94,73.08432834294184
15,1570.3100000000002,72.67166762749241
15,1574.6899999999998,72.27267977429011
15,1579.06,71.90024247334821
15,1583.44,71.55451321170972
15,1587.81,71.22755765561135
15,1592.19,70.91971737354181
15,1596.56,70.6384075735415
15,1600.94,70.37837323766782
15,1605.31,70.13272277622121
15,1609.69,69.89826229861706
15,1614.06,69.67760640756052
15,1618.44,69.48079770817137
15,1622.8100000000002,69.30662471509038
15,1627.1899999999998,69.15116448193477
15,1631.56,69.01438994914842
15,1635.94,68.89491806900936
15,1640.31,68.7912831713373
15,1644.69,68.70644706644647
15,1649.06,68.64463166722108
15,1653.44,68.60840577628645
15,1657.81,68.59759162206316
15,1662.19,68.60634371797714
15,1666.56,68.62695608322167
15,1670.94,68.65687263838878
15,1675.3100000000002,68.70247632491821
15,1679.6899999999998,68.77211716315067
15,1684.06,68.86745666746965
15,1688.44,68.98728932290916
15,1692.81,69.1329572733002
15,1697.19,69.30523230463119
15,1701.56,69.50086642870734
15,1705.94,69.71330756347744
15,1710.31,69.93326363019618
15,1714.69,70.14341705199122
15,1719.06,70.33535319683513
15,1723.44,70.5160421479336
15,1727.8100000000002,70.68516982159393
15,1732.1899999999998,70.85046071883681
15,1736.5600000000002,71.04368936715119
15,1740.9399999999998,71.28236059137484
15,1745.31,71.56248316265444
15,1749.69,71.86814409888666
15,1754.06,72.17428214517948
15,1758.44,72.47165425438313
15,1762.81,72.7486287825326
15,1767.19,73.00088626357343
15,1771.56,73.21540339202687
15,1775.94,73.39511741256587
15,1780.31,73.54702651035106
15,1784.69,73.66206467666532
15,1789.0600000000002,73.73501795951388
15,1999.06,122.34443980711657
15,2003.4399999999998,120.35896349598576
15,2007.8100000000002,118.6163169596695
15,2012.1899999999998,117.85761435542224
15,2016.5600000000002,117.13656489248456
15,2020.94,116.26688950993494
15,2025.3100000000002,115.52371199919918
15,2029.69,114.81447351530845
15,2034.0600000000002,114.07171979444668
15,2038.44,113.27789177907488
15,2042.8099999999997,112.43840199531263
15,2047.19,111.65588491750304
15,2051.56,110.91399317830424
15,2055.94,110.14123884881776
15,2060.31,109.41608543336815
15,2064.69,108.6861968524014
15,2069.06,107.85865875846801
15,2073.44,107.02226201131143
15,2077.81,106.27778816947011
15,2082.19,105.62293694484102
15,2086.56,104.99883030205828
15,2090.9399999999996,104.35218837040172
15,2095.31,103.66333168425446
15,2099.69,102.95821187705967
15,2104.06,102.2903015721001
15,2108.44,101.67871776600255
15,2112.81,101.09264022034303
15,2117.19,100.52389960011885
15,2121.56,99.97570704804262
15,2125.94,99.40946293132008
15,2130.31,98.79679350013612
15,2134.69,98.17814795695392
15,2139.0600000000004,97.56725692050125
15,2143.44,96.94433662331139
15,2147.8100000000004,96.29516152852715
15,2152.19,95.61390154550911
15,2156.56,94.94208686646833
15,2160.94,94.30518913827866
15,2165.31,93.67589973116417
15,2169.69,93.07936905499814
15,2174.06,92.5272823022819
15,2178.44,91.99806602990822
15,2182.81,91.47787294051228
15,2187.19,90.95160578116325
15,2191.56,90.45323016230391
15,2195.9399999999996,89.999359933163
15,2200.31,89.61789188328464
15,2204.6899999999996,89.36757640259235
15,2209.06,89.23010836834987
15,2213.44,89.16487832477829
15,2217.81,89.20418407646622
15,2222.19,89.38628503345473
15,2226.56,89.65309297162094
15,2230.94,89.9170048180172
15,2235.31,90.19886265196794
15,2239.69,90.5965825032092
15,2244.06,91.16003198268598
15,2248.44,91.8618205775769
15,2252.8100000000004,92.64405641052164
15,2257.19,93.47137687487438
15,2261.56,94.31620949059673
15,2265.94,95.17149762818869
15,2270.31,96.02597698347624
15,2274.69,96.83242087905023
15,2279.06,97.58904208168448
15,2283.44,98.38055045640837
15,2287.81,99.2763420320868
15,2292.19,100.26498992827165
15,2296.56,101.25960739100131
15,2300.94,102.10709583917242
15,2305.31,102.73248876821455
15,2309.6899999999996,103.12521706435814
15,2314.06,103.31379465589856
15,2318.44,103.44127912935531
15,2322.81,103.70470662827572
15,2327.19,104.13714835220543
15,2331.56,104.6804543199855
15,2335.94,105.39495179054757
15,2340.31,106.3929924582598
15,2344.69,107.58545370805226
15,2349.06,108.8666799570245
15,2353.44,110.29214302096145
15,2357.8100000000004,111.63752810120329
15,2362.19,112.79605630338672
15,2366.5600000000004,113.94545021336427
15,2370.94,115.23684538459784
15,2375.31,116.48367380940844
15,2379.69,117.5358362304336
15,2384.06,118.46067572171155
15,2388.44,119.22070222570669
15,2392.81,119.83994008016603
15,2397.19,120.44128691363308
15,2401.56,121.00694625321205
15,2405.94,121.59133001842584
15,2410.31,122.38880200674043
15,2414.6899999999996,123.40822708770396
15,2419.06,124.2986105362046
15,2423.4399999999996,124.79926830119106
15,2427.81,125.28597912370599
15,2432.19,125.97827706061227
15,2436.56,126.93592909261231
15,2440.94,127.9637865735847
15,2445.31,129.50409981415038
15,2449.69,131.75706189861373
15,2454.06,131.99211138955167
15,2458.44,131.68254292183394
15,2462.81,132.51378025898896
15,2467.19,134.21334266953727
15,2471.5600000000004,136.88657859366862
17,402.188,63.04982391812969
17,406.56199999999995,63.20936460590848
17,410.93800000000005,63.22063868222521
17,415.313,62.93417829605017
17,419.68699999999995,62.35581916589021
17,424.06300000000005,61.564535784509275
17,428.438,60.589047739874246
17,432.813,59.53605554823965
17,437.18800000000005,58.58968612732216
17,441.563,57.7980493480613
17,445.938,57.1470902928493
17,450.31300000000005,56.63231603594061
17,454.688,56.2557880530604
17,459.063,56.03334520237215
17,463.438,55.968239067602376
17,467.813,56.019415806958264
17,472.187,56.13198679872377
17,476.562,56.2663493749724
17,480.938,56.36813770110153
17,485.313,56.329654723289224
17,489.688,56.02520991880279
17,494.063,55.35815549678049
17,498.438,54.24156640667095
17,502.812,52.67912969853433
17,507.188,50.88353916966567
17,511.563,49.11880198715749
17,515.937,47.61771920546584
17,520.313,46.60396707661714
17,524.687,46.060794840406935
17,529.062,45.80791036290134
17,533.438,45.705570424726346
17,537.813,45.66148030718434
17,542.188,45.62384773712449
17,546.563,45.57429878244312
17,550.938,45.52350067850537
17,555.312,45.49913389704354
17,559.688,45.529919045271946
17,564.063,45.638660829793345
17,568.438,45.841501291550884
17,572.813,46.14310093455567
17,577.187,46.51967910766806
17,581.562,46.93252085431503
17,585.938,47.35984477266651
17,590.313,47.78686538941878
17,594.688,48.17283281127229
17,599.063,48.529056788694184
17,603.438,48.960032779347394
17,607.812,49.57203589711464
17,612.188,50.40135515467499
17,616.563,51.37245106247447
17,620.937,52.31390886159861
17,625.312,53.09786600335272
17,629.687,53.760560780930746
17,634.063,54.50961788540639
17,638.437,55.62136227182106
17,642.813,57.266901074617
17,647.188,59.407333876601
17,651.563,61.840226412161336
17,655.938,64.5577411120661
17,660.313,67.77196077485698
17,664.687,71.32083169216985
17,669.063,74.50902283519966
17,673.438,76.4746619212959
17,677.813,76.52851566544585
17,682.187,73.81426056460039
17,686.562,67.3180291090787
17,690.937,58.24538145627221
17,695.312,50.432866510289806
17,699.688,45.62546198385511
17,704.063,43.16519515644832
17,708.438,42.00209049471956
17,712.813,41.432536888480236
17,717.187,41.158908859656016
17,721.563,41.14135971413603
17,725.938,41.33667253554204
17,730.313,41.65067976786091
17,734.687,41.99088132925778
17,739.063,42.30167736134736
17,743.437,42.56030066233076
17,747.812,42.753989965011804
17,752.188,42.887646962209125
17,756.563,42.98223475302725
17,760.938,43.05714047380958
17,765.313,43.09903213535299
17,769.688,43.10196204784662
17,774.063,43.08060559845444
17,778.438,43.03318058250854
17,782.813,42.964111717474424
17,787.188,42.88438415687686
17,791.563,42.7986151520393
17,795.937,42.71104732633333
17,800.312,42.62622492262483
17,804.688,42.546473898716606
17,809.063,42.47568845359253
17,813.438,42.40710428633563
17,817.813,42.32625249903975
17,822.188,42.23776539760697
17,826.5630000000001,42.15334816900255
17,830.937,42.070169661021474
17,835.313,41.98504907537991
17,839.688,41.90094033169605
17,844.063,41.81971511862809
17,848.437,41.74134074943892
17,852.812,41.66339482921586
17,857.187,41.58658124126711
17,861.563,41.51416927652175
17,865.938,41.44391827629507
17,870.313,41.375570371291666
17,874.687,41.31175116091876
17,879.063,41.25149413274959
17,883.437,41.19478771908724
17,887.813,41.14596635820821
17,892.188,41.108253294742134
17,896.562,41.073397333422776
17,900.938,41.02916772399821
17,905.312,40.98126025729425
17,909.6880000000001,40.93208814037683
17,914.062,40.87184706612193
17,918.438,40.806029978051775
17,922.813,40.75321659252683
17,927.188,40.71923995015511
17,931.563,40.687936594250864
17,935.937,40.60784710883341
17,940.312,40.47596884606192
17,944.688,40.32634913063636
17,949.063,40.134783773823266
17,953.438,39.929794858342675
17,957.812,39.75434731144617
17,962.187,39.62627329219657
17,966.562,39.543642217808554
17,970.938,39.49531178858449
17,975.313,39.464519241311955
17,979.688,39.43738280676727
17,984.063,39.39804379650686
17,988.438,39.32799531277088
17,992.812,39.24754275875495
17,997.188,39.20480074816564
17,1001.5600000000001,39.206910705661215
17,1005.94,39.230492893386035
17,1010.3100000000001,39.26065122974071
17,1014.69,39.29338646215145
17,1019.0600000000001,39.32852512712729
17,1023.4399999999999,39.36414228519081
17,1027.81,39.39596282753072
17,1032.19,39.42295816062877
17,1036.56,39.44761822983885
17,1040.94,39.470452409283475
17,1045.31,39.488999278879355
17,1049.69,39.50057269056329
17,1054.06,39.50390137662918
17,1058.44,39.50046031194979
17,1062.81,39.492830864937034
17,1067.19,39.48192605504283
17,1071.5600000000002,39.46778430093046
17,1075.9399999999998,39.45176338314543
17,1080.3100000000002,39.43646114683836
17,1084.6899999999998,39.42299351122418
17,1089.06,39.41046509982097
17,1093.44,39.398549334546715
17,1097.81,39.38657845227639
17,1102.19,39.37249834851907
17,1106.56,39.35666334126822
17,1110.94,39.34352449989732
17,1115.31,39.334528985968106
17,1119.69,39.3194883883142
17,1124.06,39.26721446825277
17,1128.44,39.167707831309755
17,1132.8100000000002,39.06612761399013
17,1137.1899999999998,38.99705477708466
17,1141.56,38.959689926958895
17,1145.94,38.96411047190542
17,1150.31,39.05262104030777
17,1154.69,39.15704143316711
17,1159.06,39.231987503760955
17,1163.44,39.28744091732524
17,1167.81,39.333691982592626
17,1172.19,39.37703106093184
17,1176.56,39.42383381066483
17,1180.94,39.47653602658884
17,1185.3100000000002,39.53004789104572
17,1189.6899999999998,39.57558409016136
17,1194.06,39.610829251104406
17,1198.44,39.638833762178585
17,1202.81,39.65732427921585
17,1207.19,39.66286409330248
17,1211.56,39.65628943495642
17,1215.94,39.6401205710723
17,1220.31,39.62115952358477
17,1224.69,39.604731009891616
17,1229.06,39.590819927278794
17,1233.44,39.578835596461026
17,1237.8100000000002,39.5693964295365
17,1242.1899999999998,39.56406489010749
17,1246.56,39.56432870507008
17,1250.94,39.57102009756321
17,1255.31,39.58534396831742
17,1259.69,39.60966284191822
17,1264.06,39.643610291561984
17,1268.44,39.6802420685597
17,1272.81,39.714545006263826
17,1277.19,39.75307192943504
17,1281.56,39.805783053533474
17,1285.94,39.877077518291316
17,1290.3100000000002,39.96785801829862
17,1294.6899999999998,40.080603092239656
17,1299.0600000000002,40.2191564264899
17,1303.4399999999998,40.38827678198195
17,1307.81,40.59690741299502
17,1312.19,40.857690215048045
17,1316.56,41.17826585036827
17,1320.94,41.54905664683294
17,1325.31,41.9601298453092
17,1329.69,42.46105507001784
17,1334.06,43.09784774280921
17,1338.44,43.681341892741926
17,1342.81,44.0820025010898
17,1347.19,44.35404558845475
17,1500.31,92.20320851995939
17,1504.69,90.34140997986974
17,1509.0600000000002,88.4867217351958
17,1513.4399999999998,86.71213147055697
17,1517.8100000000002,84.94774721764198
17,1522.1899999999998,83.26112601771236
17,1526.56,81.66280179568204
17,1530.94,80.11256884094226
17,1535.31,78.63015416695546
17,1539.69,77.21513975884544
17,1544.06,75.85888762745296
17,1548.44,74.58025899351068
17,1552.81,73.38389866845829
17,1557.19,72.25641965262596
17,1561.56,71.2167172298042
17,1565.94,70.25806042223223
17,1570.3100000000002,69.33322380742302
17,1574.6899999999998,68.43597884914084
17,1579.06,67.59858800252901
17,1583.44,66.82066438037828
17,1587.81,66.0845896921585
17,1592.19,65.39141370978994
17,1596.56,64.7555327273465
17,1600.94,64.16447558622941
17,1605.31,63.607985003733226
17,1609.69,63.08278808406469
17,1614.06,62.59175569959092
17,1618.44,62.15004756977548
17,1622.8100000000002,61.75293673219861
17,1627.1899999999998,61.39468893249912
17,1631.56,61.078830305061146
17,1635.94,60.80572134023207
17,1640.31,60.57038559948651
17,1644.69,60.375244884149424
17,1649.06,60.22863563413318
17,1653.44,60.13087754410337
17,1657.81,60.0746028201767
17,1662.19,60.04783487172308
17,1666.56,60.04280409376178
17,1670.94,60.06687251116656
17,1675.3100000000002,60.14026408822018
17,1679.6899999999998,60.28082611672985
17,1684.06,60.491249488651576
17,1688.44,60.76554238635975
17,1692.81,61.10199522784184
17,1697.19,61.49549160976731
17,1701.56,61.92969139913844
17,1705.94,62.385875617618765
17,1710.31,62.847966428932736
17,1714.69,63.28650214075461
17,1719.06,63.68958671955522
17,1723.44,64.07702403477076
17,1727.8100000000002,64.4545867914621
17,1732.1899999999998,64.84232805368447
17,1736.5600000000002,65.30404701555467
17,1740.9399999999998,65.86665534225048
17,1745.31,66.51973403016763
17,1749.69,67.23041355819775
17,1754.06,67.9433314312036
17,1758.44,68.63823777156253
17,1762.81,69.2909308222362
17,1767.19,69.8954096279235
17,1771.56,70.41089252774579
17,1775.94,70.838691555383
17,1780.31,71.20192761446688
17,1784.69,71.47540018738064
17,1789.0600000000002,71.64447723360931
17,1999.06,141.18240468347335
17,2003.4399999999998,139.19613548981397
17,2007.8100000000002,137.41126894767046
17,2012.1899999999998,136.5838960219005
17,2016.5600000000002,135.75684804893837
17,2020.94,134.78725699332924
17,2025.3100000000002,133.90835498371067
17,2029.69,133.0056653931659
17,2034.0600000000002,132.03694118800382
17,2038.44,131.0005542391706
17,2042.8099999999997,129.89689324583065
17,2047.19,128.8281300208753
17,2051.56,127.74609433781004
17,2055.94,126.5817956305614
17,2060.31,125.50293156719394
17,2064.69,124.45368599001267
17,2069.06,123.30081731460318
17,2073.44,122.1367564972176
17,2077.81,121.07261503963049
17,2082.19,120.10502387829125
17,2086.56,119.16454684300216
17,2090.9399999999996,118.19809508799545
17,2095.31,117.1876625744508
17,2099.69,116.15646256878438
17,2104.06,115.17301949026235
17,2108.44,114.26999841847854
17,2112.81,113.40431548232806
17,2117.19,112.56213443761676
17,2121.56,111.75102525298031
17,2125.94,110.93337978783275
17,2130.31,110.08063883459256
17,2134.69,109.23744512819175
17,2139.0600000000004,108.4181278661051
17,2143.44,107.60350092533282
17,2147.8100000000004,106.7752956487025
17,2152.19,105.92271096172152
17,2156.56,105.09592607081677
17,2160.94,104.32355874290029
17,2165.31,103.56690942285107
17,2169.69,102.84773340949474
17,2174.06,102.17516723022133
17,2178.44,101.52386573078654
17,2182.81,100.87856960055588
17,2187.19,100.22152379404076
17,2191.56,99.59607516687119
17,2195.9399999999996,99.02755282652096
17,2200.31,98.55949486565467
17,2204.6899999999996,98.27093221744063
17,2209.06,98.13445005034744
17,2213.44,98.09476432093767
17,2217.81,98.19408344139175
17,2222.19,98.47764106571903
17,2226.56,98.85689363814883
17,2230.94,99.20159848302164
17,2235.31,99.53163236294027
17,2239.69,99.9742283745374
17,2244.06,100.5891661040059
17,2248.44,101.33649435987617
17,2252.8100000000004,102.14870277452137
17,2257.19,102.98864433459501
17,2261.56,103.83093928525871
17,2265.94,104.67949580514187
17,2270.31,105.53336591233355
17,2274.69,106.35019900236638
17,2279.06,107.13400838038538
17,2283.44,107.97145729701371
17,2287.81,108.92170080101002
17,2292.19,109.96156291231654
17,2296.56,111.01302683483286
17,2300.94,111.95564995953036
17,2305.31,112.74560186385736
17,2309.6899999999996,113.36796439673127
17,2314.06,113.83123344219719
17,2318.44,114.27381570490466
17,2322.81,114.84950953488311
17,2327.19,115.51962248567642
17,2331.56,116.22678221173092
17,2335.94,117.07711572639742
17,2340.31,118.22460657613662
17,2344.69,119.59088291467846
17,2349.06,121.0763076416345
17,2353.44,122.75077684687217
17,2357.8100000000004,124.33756980830522
17,2362.19,125.68386376570761
17,2366.5600000000004,126.97730506877105
17,2370.94,128.39391518577978
17,2375.31,129.74815356673045
17,2379.69,130.8850362022287
17,2384.06,131.89808316180196
17,2388.44,132.7728632791479
17,2392.81,133.50384620529496
17,2397.19,134.18951127880567
17,2401.56,134.8136583803758
17,2405.94,135.42549450429993
17,2410.31,136.18676929148674
17,2414.6899999999996,137.1261831188555
17,2419.06,138.05441291687362
17,2423.4399999999996,138.66088265302125
17,2427.81,139.15306467511923
17,2432.19,139.74033672424963
17,2436.56,140.5061414532654
17,2440.94,141.2750036343721
17,2445.31,142.27307917881288
17,2449.69,143.5777097463791
17,2454.06,143.7434997140227
17,2458.44,143.67273931269568
17,2462.81,144.15342627374451
17,2467.19,144.95340290027636
17,2471.5600000000004,146.23417047566227
20,402.188,94.81971732502265
20,406.56199999999995,94.49780631824454
20,410.93800000000005,94.18380518939338
20,415.313,94.03057797612476
20,419.68699999999995,94.02356958681351
20,424.06300000000005,94.11180897911818
20,428.438,94.20410232937294
20,432.813,94.28800534252589
20,437.18800000000005,94.37468737056676
20,441.563,94.42357776670576
20,445.938,94.37594142300824
20,450.31300000000005,94.22792705382588
20,454.688,94.05044195450286
20,459.063,93.91337791950149
20,463.438,93.84940452089849
20,467.813,93.84645083341316
20,472.187,93.86983703286406
20,476.562,93.88286171882926
20,480.938,93.81797958586584
20,485.313,93.59125761253733
20,489.688,93.14871898352509
20,494.063,92.43849307415013
20,498.438,91.34563569900507
20,502.812,89.76214298459915
20,507.188,87.72450250253844
20,511.563,85.36484615106421
20,515.937,82.87975106946523
20,520.313,80.62906375361197
20,524.687,78.85949864629586
20,529.062,77.53558879365798
20,533.438,76.5828508637448
20,537.813,75.91207895970284
20,542.188,75.42505252282015
20,546.563,75.05937702433091
20,550.938,74.80837983942999
20,555.312,74.71104791041418
20,559.688,74.80969663822408
20,564.063,75.11510183167566
20,568.438,75.60680477435943
20,572.813,76.22340095531975
20,577.187,76.85513708760847
20,581.562,77.42582159679986
20,585.938,77.9367679471446
20,590.313,78.37544557045617
20,594.688,78.66751757535361
20,599.063,78.85015485725441
20,603.438,79.08706156871833
20,607.812,79.48991276244341
20,612.188,80.0497363702407
20,616.563,80.66164576896773
20,620.937,81.18949285363264
20,625.312,81.56442940236396
20,629.687,81.8290704744504
20,634.063,82.1423783338203
20,638.437,82.70904065075308
20,642.813,83.62261767200555
20,647.188,84.7746006575386
20,651.563,85.93925237227631
20,655.938,87.07654519767216
20,660.313,88.32121774611011
20,664.687,89.61329392190068
20,669.063,90.64405475483724
20,673.438,91.0549138233221
20,677.813,90.57156434925014
20,682.187,88.82720865751756
20,686.562,85.3247960567773
20,690.937,80.57173395480834
20,695.312,76.25773609820739
20,699.688,73.1272295614937
20,704.063,71.01329793739201
20,708.438,69.62389864686041
20,712.813,68.69140601660591
20,717.187,68.00195572338971
20,721.563,67.4746183867983
20,725.938,67.11816236537072
20,730.313,66.91821095713945
20,734.687,66.83998745199405
20,739.063,66.8343283154137
20,743.437,66.86742820481244
20,747.812,66.92357890846908
20,752.188,66.9962946746519
20,756.563,67.09207583610113
20,760.938,67.21535541385155
20,765.313,67.28986729913298
20,769.688,67.29151723932921
20,774.063,67.29012275986936
20,778.438,67.29621048132498
20,782.813,67.30155375950947
20,787.188,67.3056812443578
20,791.563,67.30320273700573
20,795.937,67.29450281606648
20,800.312,67.28611086110031
20,804.688,67.28007988150773
20,809.063,67.28772209467957
20,813.438,67.3117298932853
20,817.813,67.32510559086269
20,822.188,67.30816790574063
20,826.5630000000001,67.27601588987856
20,830.937,67.2377390676837
20,835.313,67.19301792297819
20,839.688,67.14861240936307
20,844.063,67.11074228153059
20,848.437,67.08243302429852
20,852.812,67.0613074362212
20,857.187,67.04205489713667
20,861.563,67.02406286676556
20,865.938,67.00817628090661
20,870.313,66.99482127587623
20,874.687,66.98486854417787
20,879.063,66.97886889444554
20,883.437,66.9773174522732
20,887.813,66.98519348173826
20,892.188,67.01050861204986
20,896.562,67.04809858189942
20,900.938,67.07360834324983
20,905.312,67.08122587581433
20,909.6880000000001,67.0850104999979
20,914.062,67.07813059701742
20,918.438,67.05699212363457
20,922.813,67.04209531882978
20,927.188,67.0472337385973
20,931.563,67.070299549039
20,935.937,67.09546016930459
20,940.312,67.08467891093568
20,944.688,67.03538129569603
20,949.063,66.96344643826801
20,953.438,66.88976868338327
20,957.812,66.82881902186986
20,962.187,66.77939877136906
20,966.562,66.73880928098943
20,970.938,66.71330412736881
20,975.313,66.69946319492122
20,979.688,66.68091261433796
20,984.063,66.65366082242669
20,988.438,66.62620826742608
20,992.812,66.60697625334775
20,997.188,66.60316918004217
20,1001.5600000000001,66.61411643355876
20,1005.94,66.63017304658105
20,1010.3100000000001,66.64310332393462
20,1014.69,66.65266834291762
20,1019.0600000000001,66.66369546452655
20,1023.4399999999999,66.6768152919477
20,1027.81,66.68743626089818
20,1032.19,66.69410197315048
20,1036.56,66.69981946365431
20,1040.94,66.70658495241697
20,1045.31,66.71405989111517
20,1049.69,66.72140303847085
20,1054.06,66.72771366449544
20,1058.44,66.73278037698279
20,1062.81,66.73712628885227
20,1067.19,66.74048994254984
20,1071.5600000000002,66.74176368339903
20,1075.9399999999998,66.74148223283571
20,1080.3100000000002,66.74302444765334
20,1084.6899999999998,66.74792365749276
20,1089.06,66.75500495895935
20,1093.44,66.76686906103792
20,1097.81,66.78369416321183
20,1102.19,66.79835258994414
20,1106.56,66.80722396939527
20,1110.94,66.81671871897899
20,1115.31,66.8349984671559
20,1119.69,66.86474077767855
20,1124.06,66.88646038563209
20,1128.44,66.85946321230963
20,1132.8100000000002,66.7998590099533
20,1137.1899999999998,66.75108711144973
20,1141.56,66.7183241275093
20,1145.94,66.6937575291106
20,1150.31,66.69760175635385
20,1154.69,66.71329809006208
20,1159.06,66.72380922682974
20,1163.44,66.73070564702144
20,1167.81,66.73324541283837
20,1172.19,66.73294398288637
20,1176.56,66.73613866266325
20,1180.94,66.74518023253462
20,1185.3100000000002,66.75444945131966
20,1189.6899999999998,66.75855538403707
20,1194.06,66.7600657722711
20,1198.44,66.76149112005797
20,1202.81,66.75882626701825
20,1207.19,66.75142547226078
20,1211.56,66.74109694162128
20,1215.94,66.72617793098254
20,1220.31,66.70994681551822
20,1224.69,66.69484694387428
20,1229.06,66.67874713059835
20,1233.44,66.66269768469566
20,1237.8100000000002,66.64910720121091
20,1242.1899999999998,66.63901969529948
20,1246.56,66.63308633964368
20,1250.94,66.6317312047818
20,1255.31,66.6358552493034
20,1259.69,66.64754677901364
20,1264.06,66.66414400210618
20,1268.44,66.67341321595174
20,1272.81,66.67013995725974
20,1277.19,66.6657661690454
20,1281.56,66.6704480626854
20,1285.94,66.68644725345916
20,1290.3100000000002,66.71189518132459
20,1294.6899999999998,66.74402669887854
20,1299.0600000000002,66.78186665661245
20,1303.4399999999998,66.82812986188664
20,1307.81,66.88877432401001
20,1312.19,66.96644759728228
20,1316.56,67.05881992754202
20,1320.94,67.16334177020573
20,1325.31,67.27877102852095
20,1329.69,67.41706249580322
20,1334.06,67.58627039923279
20,1338.44,67.73411696931265
20,1342.81,67.83363819003844
20,1347.19,67.9078604973296
20,1500.31,78.28316339542252
20,1504.69,77.83526156977912
20,1509.0600000000002,77.39947825653347
20,1513.4399999999998,76.99787362722189
20,1517.8100000000002,76.60777329932215
20,1522.1899999999998,76.24036064791882
20,1526.56,75.89790920750548
20,1530.94,75.56783826166654
20,1535.31,75.25269358613303
20,1539.69,74.95400478394211
20,1544.06,74.67039945549533
20,1548.44,74.4030494108325
20,1552.81,74.15176957513071
20,1557.19,73.91484533722263
20,1561.56,73.69629622785325
20,1565.94,73.49497524990436
20,1570.3100000000002,73.30183888596001
20,1574.6899999999998,73.11281968419662
20,1579.06,72.93376509014095
20,1583.44,72.76709726710486
20,1587.81,72.60992526454503
20,1592.19,72.4624275896837
20,1596.56,72.3283081953204
20,1600.94,72.2039778501182
20,1605.31,72.08287263771574
20,1609.69,71.96188635923637
20,1614.06,71.84443976542839
20,1618.44,71.73987036496564
20,1622.8100000000002,71.64808148674075
20,1627.1899999999998,71.56570690295673
20,1631.56,71.4924425421124
20,1635.94,71.4277235521679
20,1640.31,71.37226401286176
20,1644.69,71.3272616634717
20,1649.06,71.28984006214245
20,1653.44,71.258144252253
20,1657.81,71.23277278850765
20,1662.19,71.21167620763723
20,1666.56,71.19209562518104
20,1670.94,71.17456787558737
20,1675.3100000000002,71.16208980474589
20,1679.6899999999998,71.15779395676095
20,1684.06,71.16453135151176
20,1688.44,71.1852266699686
20,1692.81,71.22119754641534
20,1697.19,71.27150633776837
20,1701.56,71.33524391254757
20,1705.94,71.41129040125534
20,1710.31,71.49642583579605
20,1714.69,71.58478639051879
20,1719.06,71.674198453792
20,1723.44,71.76786415480723
20,1727.8100000000002,71.8628177086325
20,1732.1899999999998,71.9591613008522
20,1736.5600000000002,72.07104156442186
20,1740.9399999999998,72.20453285040385
20,1745.31,72.3516204684914
20,1749.69,72.5035582808288
20,1754.06,72.65248751646129
20,1758.44,72.79915562633987
20,1762.81,72.94022158295547
20,1767.19,73.0733945082108
20,1771.56,73.19418322055373
20,1775.94,73.30183936156082
20,1780.31,73.39084820250635
20,1784.69,73.45351689119911
20,1789.0600000000002,73.49373557930863
20,1999.06,97.51900570423815
20,2003.4399999999998,96.7120619808158
20,2007.8100000000002,95.72018037365774
20,2012.1899999999998,94.88750322730291
20,2016.5600000000002,93.85823783285375
20,2020.94,92.89919566605215
20,2025.3100000000002,92.30497339795684
20,2029.69,91.87881223094926
20,2034.0600000000002,91.48872038800032
20,2038.44,91.08322734116167
20,2042.8099999999997,90.65605223032041
20,2047.19,90.27369543764465
20,2051.56,89.93696864435721
20,2055.94,89.56606160295415
20,2060.31,89.16014935587046
20,2064.69,88.71697371851593
20,2069.06,88.21250517556963
20,2073.44,87.73303784914339
20,2077.81,87.3407352848204
20,2082.19,87.00027215698957
20,2086.56,86.66914231891224
20,2090.9399999999996,86.34106548885914
20,2095.31,86.01948547148119
20,2099.69,85.69815715051828
20,2104.06,85.386749608904
20,2108.44,85.10030630322653
20,2112.81,84.82882653943435
20,2117.19,84.56408094172151
20,2121.56,84.30544596568204
20,2125.94,84.04962086259022
20,2130.31,83.79432621741788
20,2134.69,83.54528709435677
20,2139.0600000000004,83.30172768183742
20,2143.44,83.06271732847335
20,2147.8100000000004,82.82417322976943
20,2152.19,82.57447337224448
20,2156.56,82.32488267576194
20,2160.94,82.08876090679608
20,2165.31,81.85820260615169
20,2169.69,81.64114096394756
20,2174.06,81.44336147687278
20,2178.44,81.25883006354056
20,2182.81,81.0808939014292
20,2187.19,80.90317039810566
20,2191.56,80.74043387153668
20,2195.9399999999996,80.5979739864694
20,2200.31,80.47461318808456
20,2204.6899999999996,80.3791891090045
20,2209.06,80.31334674914433
20,2213.44,80.27620726386125
20,2217.81,80.27344389730348
20,2222.19,80.31147774273443
20,2226.56,80.38579181109834
20,2230.94,80.48587659384872
20,2235.31,80.61725223137523
20,2239.69,80.7960497834758
20,2244.06,81.03297329274422
20,2248.44,81.32730617201244
20,2252.8100000000004,81.66758831727996
20,2257.19,82.04526028644477
20,2261.56,82.45128851473538
20,2265.94,82.87959357370755
20,2270.31,83.31885562153735
20,2274.69,83.75106871229309
20,2279.06,84.18237712235384
20,2283.44,84.63953806958108
20,2287.81,85.13690681293905
20,2292.19,85.680562672215
20,2296.56,86.24915615631328
20,2300.94,86.76383693632462
20,2305.31,87.15902492886491
20,2309.6899999999996,87.41545787389396
20,2314.06,87.56686127323665
20,2318.44,87.69512196091692
20,2322.81,87.88756841771462
20,2327.19,88.16983184572113
20,2331.56,88.5216661739119
20,2335.94,88.94110129705108
20,2340.31,89.44722788729192
20,2344.69,89.99812546137814
20,2349.06,90.54439626700324
20,2353.44,91.10198525835666
20,2357.8100000000004,91.60519840148758
20,2362.19,92.05300028366639
20,2366.5600000000004,92.53920592648333
20,2370.94,93.12297024094352
20,2375.31,93.69798959539865
20,2379.69,94.22700483854979
20,2384.06,94.77519295093808
20,2388.44,95.27701023496272
20,2392.81,95.70737311038894
20,2397.19,96.14979480150477
20,2401.56,96.63160230658204
20,2405.94,97.2061858731656
20,2410.31,97.95253286790842
20,2414.6899999999996,98.87044533710232
20,2419.06,99.63890904482766
20,2423.4399999999996,99.99739106571992
20,2427.81,100.32910547302127
20,2432.19,100.86900731864145
20,2436.56,101.676915336042
20,2440.94,102.61576236234191
20,2445.31,104.28536032234102
20,2449.69,107.36168141560837
20,2454.06,108.29189373339936
20,2458.44,107.88407911511477
20,2462.81,108.69103985254596
20,2467.19,110.79773605451715
20,2471.5600000000004,114.29207946094293
22,402.188,73.18347943240056
22,406.56199999999995,73.20365986264102
22,410.93800000000005,73.33985550954108
22,415.313,73.64427137918412
22,419.68699999999995,74.06516158370383
22,424.06300000000005,74.55551351956548
22,428.438,75.05412802715637
22,432.813,75.52357709317806
22,437.18800000000005,75.92358410469122
22,441.563,76.23923056716522
22,445.938,76.45196086120667
22,450.31300000000005,76.56031177077865
22,454.688,76.61263765164594
22,459.063,76.65569429620403
22,463.438,76.71349076746594
22,467.813,76.79142324005217
22,472.187,76.87945827861262
22,476.562,76.95655614529238
22,480.938,76.98117721714297
22,485.313,76.90657407183156
22,489.688,76.70617332330566
22,494.063,76.35442468339473
22,498.438,75.79780269484286
22,502.812,74.99178040840759
22,507.188,73.96065604256515
22,511.563,72.77775147775336
22,515.937,71.55884972144077
22,520.313,70.48659226319897
22,524.687,69.66012009965408
22,529.062,69.04993651499736
22,533.438,68.6193177471347
22,537.813,68.3240467766096
22,542.188,68.11206277337199
22,546.563,67.94730403113503
22,550.938,67.8258264970963
22,555.312,67.77297727098006
22,559.688,67.8184656895468
22,564.063,67.97488486931228
22,568.438,68.23076426309679
22,572.813,68.54552549848323
22,577.187,68.8584474642336
22,581.562,69.14010519390924
22,585.938,69.40549144813414
22,590.313,69.64108102252847
22,594.688,69.78266528029124
22,599.063,69.84764926047144
22,603.438,69.94174158647132
22,607.812,70.13430201327098
22,612.188,70.41931164605697
22,616.563,70.73895411426201
22,620.937,71.0245836821414
22,625.312,71.24232616579013
22,629.687,71.40375114438733
22,634.063,71.57638836407769
22,638.437,71.86849089905559
22,642.813,72.34728172044393
22,647.188,72.97160995955626
22,651.563,73.62061559088964
22,655.938,74.26835237785171
22,660.313,74.99986110342431
22,664.687,75.79850175852482
22,669.063,76.48211763557534
22,673.438,76.80175016543473
22,677.813,76.54646489541436
22,682.187,75.47632861077419
22,686.562,73.377622399215
22,690.937,70.74686442288206
22,695.312,68.50759579361902
22,699.688,66.84673453489546
22,704.063,65.62332540254158
22,708.438,64.74479677553123
22,712.813,64.12509359510531
22,717.187,63.677624265778334
22,721.563,63.38933645550132
22,725.938,63.28465330956043
22,730.313,63.34606756218727
22,734.687,63.5209903274529
22,739.063,63.75036858380157
22,743.437,63.98927023263939
22,747.812,64.2046665784053
22,752.188,64.38285463355332
22,756.563,64.53868493975399
22,760.938,64.70354747559855
22,765.313,64.83375219727147
22,769.688,64.8866099748899
22,774.063,64.9130143496245
22,778.438,64.9291977025434
22,782.813,64.93289107144001
22,787.188,64.92864683354262
22,791.563,64.91774819312973
22,795.937,64.90223482790707
22,800.312,64.88654756703221
22,804.688,64.87236508817237
22,809.063,64.8667784915562
22,813.438,64.87062821342948
22,817.813,64.86672110885353
22,822.188,64.84340161973817
22,826.5630000000001,64.81010920001059
22,830.937,64.77274565715825
22,835.313,64.73255728667283
22,839.688,64.6942812665473
22,844.063,64.66095058010497
22,848.437,64.63359950218612
22,852.812,64.61040804432272
22,857.187,64.58838597082936
22,861.563,64.56746527102801
22,865.938,64.54755837583966
22,870.313,64.52865886553676
22,874.687,64.51144797128833
22,879.063,64.49644634708174
22,883.437,64.48455259566566
22,887.813,64.47965802297813
22,892.188,64.4868583643192
22,896.562,64.5018917253794
22,900.938,64.50858465975593
22,905.312,64.50436933116139
22,909.6880000000001,64.49760897076366
22,914.062,64.4823179884737
22,918.438,64.4568723151218
22,922.813,64.43604338061813
22,927.188,64.4278533734365
22,931.563,64.42324807402142
22,935.937,64.38900427755868
22,940.312,64.30773165271425
22,944.688,64.19618840375036
22,949.063,64.04978078149823
22,953.438,63.89555878288049
22,957.812,63.766687201464954
22,962.187,63.67644972795789
22,966.562,63.62028856329495
22,970.938,63.590896561224255
22,975.313,63.578140077605326
22,979.688,63.56865442952606
22,984.063,63.557281205898775
22,988.438,63.546822012219586
22,992.812,63.54552881230884
22,997.188,63.56369366569703
22,1001.5600000000001,63.60088897406708
22,1005.94,63.6473429336508
22,1010.3100000000001,63.6949879532855
22,1014.69,63.74184053585098
22,1019.0600000000001,63.790138436794194
22,1023.4399999999999,63.83936194670905
22,1027.81,63.88511998912133
22,1032.19,63.926068414173955
22,1036.56,63.96458721885372
22,1040.94,64.00138564246895
22,1045.31,64.034174469062
22,1049.69,64.06008348486358
22,1054.06,64.07744530417622
22,1058.44,64.08735325110847
22,1062.81,64.09269845895945
22,1067.19,64.09502822559813
22,1071.5600000000002,64.09442428096172
22,1075.9399999999998,64.09156719680665
22,1080.3100000000002,64.08859905661937
22,1084.6899999999998,64.08643271914293
22,1089.06,64.08426309569435
22,1093.44,64.08289505956157
22,1097.81,64.0812622638876
22,1102.19,64.0747017955492
22,1106.56,64.06256791249973
22,1110.94,64.05174023468327
22,1115.31,64.04696670563932
22,1119.69,64.04057311491749
22,1124.06,63.994566697974534
22,1128.44,63.87035485068908
22,1132.8100000000002,63.705045501331824
22,1137.1899999999998,63.554107451100315
22,1141.56,63.424297324653146
22,1145.94,63.27634249469941
22,1150.31,63.155605093506075
22,1154.69,63.102735807356545
22,1159.06,63.08409009246789
22,1163.44,63.07836171159693
22,1167.81,63.07579826518863
22,1172.19,63.073884540031386
22,1176.56,63.075925621159335
22,1180.94,63.08240621095547
22,1185.3100000000002,63.0878515160989
22,1189.6899999999998,63.08833263318826
22,1194.06,63.08771883436691
22,1198.44,63.090415084932125
22,1202.81,63.09431025875006
22,1207.19,63.09775606212503
22,1211.56,63.10064088166959
22,1215.94,63.100819279452644
22,1220.31,63.100258419737706
22,1224.69,63.1008696420148
22,1229.06,63.10137615446202
22,1233.44,63.102912522832774
22,1237.8100000000002,63.107495001817725
22,1242.1899999999998,63.115997334528096
22,1246.56,63.128470927510364
22,1250.94,63.14395961529215
22,1255.31,63.16201706655874
22,1259.69,63.18388167979758
22,1264.06,63.207219806194495
22,1268.44,63.22117855989659
22,1272.81,63.22021870184207
22,1277.19,63.21320410890209
22,1281.56,63.208182127897494
22,1285.94,63.20733376073828
22,1290.3100000000002,63.210044881494746
22,1294.6899999999998,63.214457810406465
22,1299.0600000000002,63.21976222751162
22,1303.4399999999998,63.227979948384274
22,1307.81,63.243502243886965
22,1312.19,63.268194598460134
22,1316.56,63.301349283669225
22,1320.94,63.345391680744044
22,1325.31,63.403833043823
22,1329.69,63.485239487342646
22,1334.06,63.594107353410166
22,1338.44,63.69348496296211
22,1342.81,63.761691611684235
22,1347.19,63.813116482851406
22,1500.31,73.91308318802584
22,1504.69,73.4369180901911
22,1509.0600000000002,72.97532780758587
22,1513.4399999999998,72.55014427376025
22,1517.8100000000002,72.13903418216111
22,1522.1899999999998,71.75440189736642
22,1526.56,71.39826882084836
22,1530.94,71.05787704358264
22,1535.31,70.73544581082461
22,1539.69,70.43210917684745
22,1544.06,70.14654655791462
22,1548.44,69.88064607446175
22,1552.81,69.63411681205885
22,1557.19,69.40469509055721
22,1561.56,69.1955533645488
22,1565.94,69.00483954131356
22,1570.3100000000002,68.82334817122523
22,1574.6899999999998,68.64695011456588
22,1579.06,68.48095095903834
22,1583.44,68.32707581535811
22,1587.81,68.18259010673908
22,1592.19,68.04764405839373
22,1596.56,67.9260842398348
22,1600.94,67.81492712840198
22,1605.31,67.70842389896188
22,1609.69,67.60338228736907
22,1614.06,67.50199085128065
22,1618.44,67.41182012639443
22,1622.8100000000002,67.33307391576288
22,1627.1899999999998,67.26331497646966
22,1631.56,67.20238627933449
22,1635.94,67.1491169858639
22,1640.31,67.10363799911063
22,1644.69,67.06733885217288
22,1649.06,67.03962327297667
22,1653.44,67.02069255730633
22,1657.81,67.01140464966825
22,1662.19,67.00853869363915
22,1666.56,67.00722270729212
22,1670.94,67.00560137480242
22,1675.3100000000002,67.0060944322902
22,1679.6899999999998,67.01179108664894
22,1684.06,67.02427168421306
22,1688.44,67.04493033132812
22,1692.81,67.07530272639032
22,1697.19,67.11683913544468
22,1701.56,67.17115614746004
22,1705.94,67.238788952218
22,1710.31,67.31760606891089
22,1714.69,67.40246662812214
22,1719.06,67.49064266034483
22,1723.44,67.58377505883821
22,1727.8100000000002,67.67677665910298
22,1732.1899999999998,67.7676610464733
22,1736.5600000000002,67.86876693281965
22,1740.9399999999998,67.98586450000647
22,1745.31,68.11359461098266
22,1749.69,68.24645651153169
22,1754.06,68.37906315925783
22,1758.44,68.51220546954258
22,1762.81,68.64236783037131
22,1767.19,68.76646381035974
22,1771.56,68.87921529643668
22,1775.94,68.98034206219592
22,1780.31,69.0666793811153
22,1784.69,69.13136826105209
22,1789.0600000000002,69.17508336532869
22,1999.06,93.22715422026687
22,2003.4399999999998,92.38760414595103
22,2007.8100000000002,91.50751425397853
22,2012.1899999999998,90.92176194876257
22,2016.5600000000002,90.21604844808621
22,2020.94,89.4776726754746
22,2025.3100000000002,88.97099225954226
22,2029.69,88.57337424895593
22,2034.0600000000002,88.1816603343182
22,2038.44,87.75483468411649
22,2042.8099999999997,87.29358857642478
22,2047.19,86.87254275846679
22,2051.56,86.49553581207901
22,2055.94,86.09356579206178
22,2060.31,85.67660361026299
22,2064.69,85.23074564437577
22,2069.06,84.72136713660015
22,2073.44,84.22865868057943
22,2077.81,83.81796653835572
22,2082.19,83.46436703651564
22,2086.56,83.12618710807592
22,2090.9399999999996,82.7846307122396
22,2095.31,82.43636855574887
22,2099.69,82.08629034678488
22,2104.06,81.75279070960893
22,2108.44,81.44747214676413
22,2112.81,81.15668790175648
22,2117.19,80.87402417066912
22,2121.56,80.60049406298278
22,2125.94,80.32434469330954
22,2130.31,80.03715881238278
22,2134.69,79.75455246855762
22,2139.0600000000004,79.48107194713751
22,2143.44,79.2107089658088
22,2147.8100000000004,78.93775079747488
22,2152.19,78.65355038833273
22,2156.56,78.37109877860698
22,2160.94,78.10251784953283
22,2165.31,77.83837821846481
22,2169.69,77.58862747966656
22,2174.06,77.35870449770263
22,2178.44,77.14118754403933
22,2182.81,76.93047943350825
22,2187.19,76.7192365902868
22,2191.56,76.52215424526784
22,2195.9399999999996,76.3466023657422
22,2200.31,76.19945731620234
22,2204.6899999999996,76.09794358973716
22,2209.06,76.03638792426449
22,2213.44,76.00306411565332
22,2217.81,76.0086608739901
22,2222.19,76.06456501667545
22,2226.56,76.15034210311606
22,2230.94,76.2351034536637
22,2235.31,76.32581107582807
22,2239.69,76.45670125574937
22,2244.06,76.64812433172831
22,2248.44,76.89512562409271
22,2252.8100000000004,77.18149256499552
22,2257.19,77.49675988526393
22,2261.56,77.83331258651309
22,2265.94,78.19015257639549
22,2270.31,78.55933622190673
22,2274.69,78.9170259629876
22,2279.06,79.25937202526022
22,2283.44,79.61580674612863
22,2287.81,80.01107691135482
22,2292.19,80.44704230823397
22,2296.56,80.89537377152854
22,2300.94,81.29302297796676
22,2305.31,81.6035446326384
22,2309.6899999999996,81.82028381302794
22,2314.06,81.96071507195224
22,2318.44,82.08702633785654
22,2322.81,82.27263568478126
22,2327.19,82.52532588452853
22,2331.56,82.82447740695025
22,2335.94,83.19686193816132
22,2340.31,83.6905970306314
22,2344.69,84.26740018668846
22,2349.06,84.88237922556496
22,2353.44,85.56138886145939
22,2357.8100000000004,86.20445807382977
22,2362.19,86.77229203304367
22,2366.5600000000004,87.35929664598704
22,2370.94,88.03659653561729
22,2375.31,88.69310612239005
22,2379.69,89.26467183271379
22,2384.06,89.79586353387688
22,2388.44,90.24022582170073
22,2392.81,90.60482115116045
22,2397.19,90.97348683785981
22,2401.56,91.35710296573554
22,2405.94,91.80438899070185
22,2410.31,92.41857133575716
22,2414.6899999999996,93.17166889209837
22,2419.06,93.72590757433032
22,2423.4399999999996,93.93810609329064
22,2427.81,94.17740514005914
22,2432.19,94.5931630427956
22,2436.56,95.20026219760183
22,2440.94,95.9442782230698
22,2445.31,97.37010648923777
22,2449.69,99.86585171460294
22,2454.06,100.23453157865356
22,2458.44,99.67449001707575
22,2462.81,100.38698429248616
22,2467.19,102.3372844955233
22,2471.5600000000004,105.54621498141582
25,402.188,66.26892663811482
25,406.56199999999995,66.59855044864494
25,410.93800000000005,67.19152147680319
25,415.313,68.0303322843297
25,419.68699999999995,69.00745178996785
25,424.06300000000005,70.04457550080787
25,428.438,71.07492215039797
25,432.813,72.02456643395956
25,437.18800000000005,72.79747341332207
25,441.563,73.40721123588163
25,445.938,73.87589575536497
25,450.31300000000005,74.2114143216508
25,454.688,74.45714747592042
25,459.063,74.6558923184836
25,463.438,74.83123016878932
25,467.813,74.99858519038011
25,472.187,75.16050839138299
25,476.562,75.30257887087261
25,480.938,75.40266655508914
25,485.313,75.44500220582685
25,489.688,75.4247741335644
25,494.063,75.32547356849712
25,498.438,75.1152776316774
25,502.812,74.75899213597806
25,507.188,74.23235816739353
25,511.563,73.54347078896191
25,515.937,72.7547719895844
25,520.313,71.99108647886099
25,524.687,71.34117020130812
25,529.062,70.81727929180755
25,533.438,70.42157867108091
25,537.813,70.1344399163663
25,542.188,69.91779061397322
25,546.563,69.74215250953289
25,550.938,69.60762518475174
25,555.312,69.54511468494793
25,559.688,69.5890744952094
25,564.063,69.75134717534563
25,568.438,70.0133793593756
25,572.813,70.32639627976593
25,577.187,70.62707280980344
25,581.562,70.89104956325761
25,585.938,71.14005339232364
25,590.313,71.36277657868003
25,594.688,71.49284477517733
25,599.063,71.5443316016249
25,603.438,71.61723060768564
25,607.812,71.77418419090353
25,612.188,72.00643271653378
25,616.563,72.26312266459192
25,620.937,72.49285128306197
25,625.312,72.67335632112089
25,629.687,72.80856663345165
25,634.063,72.94213186777385
25,638.437,73.15873770577157
25,642.813,73.51360276363941
25,647.188,73.96957906300928
25,651.563,74.42074893342668
25,655.938,74.83770854930839
25,660.313,75.28730471541796
25,664.687,75.77329334892868
25,669.063,76.18469629234416
25,673.438,76.36375527932752
25,677.813,76.17615506565461
25,682.187,75.45449997550492
25,686.562,74.00554684093525
25,690.937,72.06429798170774
25,695.312,70.18765476650687
25,699.688,68.55270214505161
25,704.063,67.18402042939086
25,708.438,66.11693836337639
25,712.813,65.31828388536968
25,717.187,64.69839483479785
25,721.563,64.23744011146906
25,725.938,63.9707954980603
25,730.313,63.88216656559792
25,734.687,63.923632301753685
25,739.063,64.0398166322936
25,743.437,64.1871594821112
25,747.812,64.3360464899595
25,752.188,64.47202908309976
25,756.563,64.60457441182028
25,760.938,64.75186514935923
25,765.313,64.85095646049896
25,769.688,64.87225794757448
25,774.063,64.88166185078839
25,778.438,64.89364081201562
25,782.813,64.90266149660816
25,787.188,64.90934968657487
25,791.563,64.90970645608913
25,795.937,64.90391693031675
25,800.312,64.8973687334753
25,804.688,64.89190667156974
25,809.063,64.8975327527733
25,813.438,64.91668771276537
25,817.813,64.92648738438173
25,822.188,64.90997774634722
25,826.5630000000001,64.87972343102652
25,830.937,64.84379592824251
25,835.313,64.80308664145346
25,839.688,64.76412007078937
25,844.063,64.7317856361894
25,848.437,64.70785286569352
25,852.812,64.68990925073447
25,857.187,64.67327199103823
25,861.563,64.6572848330987
25,865.938,64.64240351345619
25,870.313,64.62878055802024
25,874.687,64.61705843302703
25,879.063,64.60779849020697
25,883.437,64.60179587078446
25,887.813,64.60380777042263
25,892.188,64.62093136088349
25,896.562,64.64835648575273
25,900.938,64.66461611414695
25,905.312,64.66516476081988
25,909.6880000000001,64.6616061263003
25,914.062,64.64657476225135
25,918.438,64.61708207562693
25,922.813,64.59221860396126
25,927.188,64.5835059970188
25,931.563,64.58299324009131
25,935.937,64.55947972781489
25,940.312,64.49145028222729
25,944.688,64.3939133251976
25,949.063,64.26635987943638
25,953.438,64.13159900511414
25,957.812,64.01577138029138
25,962.187,63.928958642010116
25,966.562,63.8692667433052
25,970.938,63.83544844453935
25,975.313,63.818749667216125
25,979.688,63.802269325209416
25,984.063,63.779824908347194
25,988.438,63.755853226876056
25,992.812,63.74068670815556
25,997.188,63.747536291400955
25,1001.5600000000001,63.77636792424364
25,1005.94,63.815120024946424
25,1010.3100000000001,63.8537476331281
25,1014.69,63.890253729527316
25,1019.0600000000001,63.92787288248002
25,1023.4399999999999,63.966826217482556
25,1027.81,64.00343153314786
25,1032.19,64.03666932546255
25,1036.56,64.06856603542133
25,1040.94,64.09972232336098
25,1045.31,64.1289262676667
25,1049.69,64.15491177706397
25,1054.06,64.1762813544425
25,1058.44,64.19233523392074
25,1062.81,64.20365097224223
25,1067.19,64.21052153673618
25,1071.5600000000002,64.21262804126941
25,1075.9399999999998,64.21087721213696
25,1080.3100000000002,64.20817825964778
25,1084.6899999999998,64.20575315025546
25,1089.06,64.20271591615479
25,1093.44,64.20139320909166
25,1097.81,64.20213209512396
25,1102.19,64.19933616044726
25,1106.56,64.1909610181888
25,1110.94,64.18372676404815
25,1115.31,64.1828227567685
25,1119.69,64.18080982449825
25,1124.06,64.13912025789752
25,1128.44,64.02101931697301
25,1132.8100000000002,63.87117396618495
25,1137.1899999999998,63.74300168326459
25,1141.56,63.63935588897189
25,1145.94,63.52574736916294
25,1150.31,63.43735360553673
25,1154.69,63.40016607608233
25,1159.06,63.38578549375953
25,1163.44,63.379491704012004
25,1167.81,63.37436768168515
25,1172.19,63.36934624275826
25,1176.56,63.36870408408608
25,1180.94,63.373381417465446
25,1185.3100000000002,63.377557882134724
25,1189.6899999999998,63.37677980957296
25,1194.06,63.37506535284715
25,1198.44,63.376531290772
25,1202.81,63.37837756178031
25,1207.19,63.37923484361498
25,1211.56,63.37919075774302
25,1215.94,63.375590840398644
25,1220.31,63.37107300611752
25,1224.69,63.36816592414718
25,1229.06,63.36481679890748
25,1233.44,63.36195626454452
25,1237.8100000000002,63.36222903163042
25,1242.1899999999998,63.366639014611614
25,1246.56,63.3751667087161
25,1250.94,63.387292483585725
25,1255.31,63.403081267536606
25,1259.69,63.42389959545327
25,1264.06,63.44683293164216
25,1268.44,63.46001371040938
25,1272.81,63.45799897265202
25,1277.19,63.45115166387523
25,1281.56,63.448517591248034
25,1285.94,63.45218337962025
25,1290.3100000000002,63.461157151440474
25,1294.6899999999998,63.47327234702293
25,1299.0600000000002,63.48677683845108
25,1303.4399999999998,63.50317205191352
25,1307.81,63.52758900036374
25,1312.19,63.5621098403598
25,1316.56,63.60548877887137
25,1320.94,63.660037952587736
25,1325.31,63.72934622234781
25,1329.69,63.822234832597324
25,1334.06,63.941884754095945
25,1338.44,64.04725849479699
25,1342.81,64.11741491428154
25,1347.19,64.1699164756236
25,1500.31,73.91103895335353
25,1504.69,73.47280153143126
25,1509.0600000000002,73.04607476482727
25,1513.4399999999998,72.65230061288126
25,1517.8100000000002,72.26981809155835
25,1522.1899999999998,71.90955702240089
25,1526.56,71.57391930054024
25,1530.94,71.25095981192298
25,1535.31,70.94312120143987
25,1539.69,70.65248617074025
25,1544.06,70.37854100082029
25,1548.44,70.12315274073076
25,1552.81,69.88600086322566
25,1557.19,69.66500937538989
25,1561.56,69.46316818046105
25,1565.94,69.27885525918016
25,1570.3100000000002,69.10340432166527
25,1574.6899999999998,68.93248345246174
25,1579.06,68.77131636787395
25,1583.44,68.62222001873123
25,1587.81,68.48293245951625
25,1592.19,68.35369747300315
25,1596.56,68.23833823575531
25,1600.94,68.13369855633708
25,1605.31,68.03333703179695
25,1609.69,67.93346576931403
25,1614.06,67.83624945970553
25,1618.44,67.74980275501198
25,1622.8100000000002,67.67469833181609
25,1627.1899999999998,67.60847715489129
25,1631.56,67.55106757766353
25,1635.94,67.50134828789926
25,1640.31,67.45962102702877
25,1644.69,67.42691820673083
25,1649.06,67.40131870890963
25,1653.44,67.38216501457993
25,1657.81,67.3702150228916
25,1662.19,67.36226444293995
25,1666.56,67.35386986010418
25,1670.94,67.34416833990166
25,1675.3100000000002,67.33616334233963
25,1679.6899999999998,67.33303023488855
25,1684.06,67.33678891176616
25,1688.44,67.34933852653128
25,1692.81,67.37209783142119
25,1697.19,67.40614089379736
25,1701.56,67.45321150916523
25,1705.94,67.51430605888572
25,1710.31,67.58768324820419
25,1714.69,67.66881767312118
25,1719.06,67.7553134210817
25,1723.44,67.84866451540516
25,1727.8100000000002,67.94313575003063
25,1732.1899999999998,68.03589910604137
25,1736.5600000000002,68.13884673589055
25,1740.9399999999998,68.25728108708317
25,1745.31,68.38464314299915
25,1749.69,68.51533164772258
25,1754.06,68.64487050467577
25,1758.44,68.77512372770123
25,1762.81,68.90318689627182
25,1767.19,69.0261009554859
25,1771.56,69.13941224786794
25,1775.94,69.24277955089683
25,1780.31,69.33140330774698
25,1784.69,69.39768362790521
25,1789.0600000000002,69.44278831250627
25,1999.06,90.52223506811863
25,2003.4399999999998,89.91906745490945
25,2007.8100000000002,89.25746842931707
25,2012.1899999999998,88.79005786425111
25,2016.5600000000002,88.19155831501824
25,2020.94,87.54673765301769
25,2025.3100000000002,87.11602770886321
25,2029.69,86.79118648451602
25,2034.0600000000002,86.46941396104701
25,2038.44,86.10862668726723
25,2042.8099999999997,85.71003522593588
25,2047.19,85.34609029643609
25,2051.56,85.02698332522918
25,2055.94,84.68554504119669
25,2060.31,84.32013666944782
25,2064.69,83.91892298580824
25,2069.06,83.45403358086054
25,2073.44,83.0061376451986
25,2077.81,82.6390928757664
25,2082.19,82.32754108122498
25,2086.56,82.03038823498872
25,2090.9399999999996,81.72948639070863
25,2095.31,81.42186222190189
25,2099.69,81.11279474862496
25,2104.06,80.81910064895268
25,2108.44,80.55113367898888
25,2112.81,80.29785088265172
25,2117.19,80.05352791333308
25,2121.56,79.8174871521728
25,2125.94,79.57748887645563
25,2130.31,79.32601451960485
25,2134.69,79.0786248429326
25,2139.0600000000004,78.83978483844439
25,2143.44,78.60342794132097
25,2147.8100000000004,78.3649642320756
25,2152.19,78.1169473690594
25,2156.56,77.87001505459969
25,2160.94,77.63441189859785
25,2165.31,77.40178563009673
25,2169.69,77.18196570909848
25,2174.06,76.98057511713762
25,2178.44,76.79052675572386
25,2182.81,76.60677921311294
25,2187.19,76.42275398694134
25,2191.56,76.25159235678422
25,2195.9399999999996,76.10002532534502
25,2200.31,75.9726238544512
25,2204.6899999999996,75.88303598426924
25,2209.06,75.82648004786672
25,2213.44,75.79338807113925
25,2217.81,75.79318476384995
25,2222.19,75.8348023141067
25,2226.56,75.90003978521277
25,2230.94,75.96234262221584
25,2235.31,76.02777750777689
25,2239.69,76.1259999090026
25,2244.06,76.2749085011833
25,2248.44,76.47098251554974
25,2252.8100000000004,76.70169346935253
25,2257.19,76.95847212421535
25,2261.56,77.23368807187255
25,2265.94,77.526574390753
25,2270.31,77.83303114112444
25,2274.69,78.13477673096061
25,2279.06,78.42801837787673
25,2283.44,78.73751082951757
25,2287.81,79.08298662484232
25,2292.19,79.46210134144877
25,2296.56,79.84674531061707
25,2300.94,80.18209685570781
25,2305.31,80.43983756741127
25,2309.6899999999996,80.61772337708419
25,2314.06,80.7315273838108
25,2318.44,80.8344055759181
25,2322.81,80.98925807125836
25,2327.19,81.20222015019431
25,2331.56,81.45526022165971
25,2335.94,81.77347427493363
25,2340.31,82.20121619590267
25,2344.69,82.70663544689344
25,2349.06,83.25236925452614
25,2353.44,83.86002476965788
25,2357.8100000000004,84.43689747997222
25,2362.19,84.94744689473822
25,2366.5600000000004,85.47546196903238
25,2370.94,86.07996072822736
25,2375.31,86.65797115781527
25,2379.69,87.15927061717818
25,2384.06,87.62446433941658
25,2388.44,88.00040052458166
25,2392.81,88.29561067638619
25,2397.19,88.59336855617485
25,2401.56,88.90931202897391
25,2405.94,89.29076778092535
25,2410.31,89.83080974783807
25,2414.6899999999996,90.48384371129963
25,2419.06,90.8872536491075
25,2423.4399999999996,90.964404408705
25,2427.81,91.10410797227196
25,2432.19,91.41310175490828
25,2436.56,91.87984613458967
25,2440.94,92.50714298866902
25,2445.31,93.84222197725578
25,2449.69,96.1933534816957
25,2454.06,96.35586621996895
25,2458.44,95.66574694220338
25,2462.81,96.30734883616473
25,2467.19,98.22147765197445
25,2471.5600000000004,101.37999025241106
27,402.188,71.46349483528026
27,406.56199999999995,71.586896087128
27,410.93800000000005,71.86146816514236
27,415.313,72.31385647392757
27,419.68699999999995,72.88259627957275
27,424.06300000000005,73.51795813869282
27,428.438,74.15974121375743
27,432.813,74.76137552218414
27,437.18800000000005,75.26492054574528
27,441.563,75.66453221835073
27,445.938,75.95442699891773
27,450.31300000000005,76.1359440751084
27,454.688,76.25544263504023
27,459.063,76.36075135670495
27,463.438,76.47629071378039
27,467.813,76.60934868406717
27,472.187,76.75071014332934
27,476.562,76.87807578670372
27,480.938,76.95335150921656
27,485.313,76.93415952081607
27,489.688,76.79115628697615
27,494.063,76.49038269865397
27,498.438,75.97396791136059
27,502.812,75.19382644473424
27,507.188,74.1673418401622
27,511.563,72.96706446539164
27,515.937,71.71491129658317
27,520.313,70.60467333690134
27,524.687,69.74422811414972
27,529.062,69.10703191752926
27,533.438,68.65665777879977
27,537.813,68.34754385802619
27,542.188,68.12617329251034
27,546.563,67.95555615181496
27,550.938,67.83243860304447
27,555.312,67.78576079993034
27,559.688,67.8488258124666
27,564.063,68.03509711326367
27,568.438,68.3328134844742
27,572.813,68.70020586895357
27,577.187,69.07192703800456
27,581.562,69.41247726229243
27,585.938,69.73479142461858
27,590.313,70.02789540756085
27,594.688,70.22486687453366
27,599.063,70.34087008064105
27,603.438,70.48997875670918
27,607.812,70.75211419104812
27,612.188,71.12504957308242
27,616.563,71.54534878222067
27,620.937,71.93058861992456
27,625.312,72.23582533707716
27,629.687,72.47547474083953
27,634.063,72.73708436909439
27,638.437,73.16045589998424
27,642.813,73.833816329143
27,647.188,74.70871358550167
27,651.563,75.63190229739
27,655.938,76.57104296016722
27,660.313,77.6427515528186
27,664.687,78.82626163309735
27,669.063,79.87057401534507
27,673.438,80.43721871005476
27,677.813,80.24356627841954
27,682.187,78.9452091811797
27,686.562,76.17998573644742
27,690.937,72.55850777920325
27,695.312,69.48308954540246
27,699.688,67.3442272505027
27,704.063,65.89466554432695
27,708.438,64.91475568571605
27,712.813,64.24476203431772
27,717.187,63.76334560347408
27,721.563,63.44314154724597
27,725.938,63.30100898344754
27,730.313,63.31268195809117
27,734.687,63.42590224498528
27,739.063,63.586295994645205
27,743.437,63.75487468299181
27,747.812,63.90613170841347
27,752.188,64.03214703820551
27,756.563,64.1477036598243
27,760.938,64.27288754653145
27,765.313,64.3582538837501
27,769.688,64.37818588172082
27,774.063,64.38473898031813
27,778.438,64.38855825376596
27,782.813,64.38553536186173
27,787.188,64.37791143235128
27,791.563,64.36410789103003
27,795.937,64.3454438738581
27,800.312,64.32681653701366
27,804.688,64.30997525442265
27,809.063,64.30312037571504
27,813.438,64.30700446658963
27,817.813,64.3017101578068
27,822.188,64.27464614558285
27,826.5630000000001,64.237143403202
27,830.937,64.19534759372088
27,835.313,64.14989314251665
27,839.688,64.10606595465109
27,844.063,64.06747302006993
27,848.437,64.0353771145392
27,852.812,64.00763822268857
27,857.187,63.98102682820864
27,861.563,63.95564645067814
27,865.938,63.93132434849128
27,870.313,63.90821420923491
27,874.687,63.88744597578798
27,879.063,63.869203496165305
27,883.437,63.854006822782615
27,887.813,63.846357114392426
27,892.188,63.8523586340788
27,896.562,63.866911516683956
27,900.938,63.87149598261145
27,905.312,63.86372960521588
27,909.6880000000001,63.853073611937106
27,914.062,63.83234932776273
27,918.438,63.80052227165823
27,922.813,63.77528838343219
27,927.188,63.76656058230794
27,931.563,63.76694304080595
27,935.937,63.746537001299465
27,940.312,63.68135179702898
27,944.688,63.58404324915274
27,949.063,63.4550894688535
27,953.438,63.3186473970144
27,957.812,63.2011808463342
27,962.187,63.11246011289834
27,966.562,63.05164494750804
27,970.938,63.01714719375629
27,975.313,62.99968807175462
27,979.688,62.983416881332964
27,984.063,62.96080072831488
27,988.438,62.93260072243005
27,992.812,62.91080560249309
27,997.188,62.91374964657464
27,1001.5600000000001,62.94168014003334
27,1005.94,62.9800775157387
27,1010.3100000000001,63.01813416530475
27,1014.69,63.05394026543745
27,1019.0600000000001,63.09051281162327
27,1023.4399999999999,63.127282732708615
27,1027.81,63.16025652802612
27,1032.19,63.189322342970314
27,1036.56,63.21753579711713
27,1040.94,63.2456809609249
27,1045.31,63.271640105549224
27,1049.69,63.292965537397215
27,1054.06,63.30819806115472
27,1058.44,63.317998130693375
27,1062.81,63.32422791614761
27,1067.19,63.3275324816021
27,1071.5600000000002,63.3275668654337
27,1075.9399999999998,63.32524513364398
27,1080.3100000000002,63.323356122155516
27,1084.6899999999998,63.323096485397556
27,1089.06,63.323530886944226
27,1093.44,63.32583001631693
27,1097.81,63.32936384587735
27,1102.19,63.329051353765955
27,1106.56,63.32341121094729
27,1110.94,63.31877553747716
27,1115.31,63.32051842148951
27,1119.69,63.32381728101092
27,1124.06,63.29753827809987
27,1128.44,63.20516256542439
27,1132.8100000000002,63.074223399126296
27,1137.1899999999998,62.95490001928308
27,1141.56,62.854483471232406
27,1145.94,62.74495322220238
27,1150.31,62.6669273617903
27,1154.69,62.64144141928287
27,1159.06,62.637220130727776
27,1163.44,62.6403821641917
27,1167.81,62.64500548307404
27,1172.19,62.65032858893467
27,1176.56,62.660707711515876
27,1180.94,62.677120223964586
27,1185.3100000000002,62.69323598619829
27,1189.6899999999998,62.70333284078238
27,1194.06,62.71032372712685
27,1198.44,62.71873654759692
27,1202.81,62.72604230415018
27,1207.19,62.730234888042204
27,1211.56,62.73149244273104
27,1215.94,62.72815215528896
27,1220.31,62.72374148880318
27,1224.69,62.721412165709864
27,1229.06,62.719374657620286
27,1233.44,62.71822791115258
27,1237.8100000000002,62.72030440991803
27,1242.1899999999998,62.72673137653966
27,1246.56,62.737578548748154
27,1250.94,62.75230978647733
27,1255.31,62.771108114235815
27,1259.69,62.795685919409095
27,1264.06,62.823572584996114
27,1268.44,62.843280276698785
27,1272.81,62.84890434468499
27,1277.19,62.85033991516116
27,1281.56,62.85708878706204
27,1285.94,62.87165344179171
27,1290.3100000000002,62.89325451875033
27,1294.6899999999998,62.92054221443555
27,1299.0600000000002,62.95337087815208
27,1303.4399999999998,62.994622945620605
27,1307.81,63.050164046085314
27,1312.19,63.12374644306789
27,1316.56,63.21558035855846
27,1320.94,63.32610972257948
27,1325.31,63.45694064835351
27,1329.69,63.62479897236922
27,1334.06,63.841104422341154
27,1338.44,64.03673879913502
27,1342.81,64.1694470196724
27,1347.19,64.26316327626381
27,1500.31,87.76504592181391
27,1504.69,86.60236148928107
27,1509.0600000000002,85.47101792624153
27,1513.4399999999998,84.42018966081591
27,1517.8100000000002,83.40029059056424
27,1522.1899999999998,82.44540983044908
27,1526.56,81.56080417120755
27,1530.94,80.71863193697575
27,1535.31,79.92550537368719
27,1539.69,79.18148711115762
27,1544.06,78.48146914475159
27,1548.44,77.83110262707473
27,1552.81,77.23009245019477
27,1557.19,76.67146715052807
27,1561.56,76.16336558115685
27,1565.94,75.7010059373299
27,1570.3100000000002,75.2608661264499
27,1574.6899999999998,74.83572073471434
27,1579.06,74.43860845828301
27,1583.44,74.07106347906621
27,1587.81,73.72519826977216
27,1592.19,73.40122881792162
27,1596.56,73.10720028987862
27,1600.94,72.83718569077801
27,1605.31,72.5819246439848
27,1609.69,72.33650385452772
27,1614.06,72.10407593045926
27,1618.44,71.89743544313785
27,1622.8100000000002,71.71593281118805
27,1627.1899999999998,71.55473512019539
27,1631.56,71.41355366809724
27,1635.94,71.29125806290912
27,1640.31,71.1873819078276
27,1644.69,71.10495790273099
27,1649.06,71.04595275813371
27,1653.44,71.01102200829482
27,1657.81,70.99922852769109
27,1662.19,71.0039118539699
27,1666.56,71.01681305869376
27,1670.94,71.03583657627365
27,1675.3100000000002,71.06867533514051
27,1679.6899999999998,71.12538776122024
27,1684.06,71.21027920195439
27,1688.44,71.32454851570374
27,1692.81,71.47037824327126
27,1697.19,71.64726432125717
27,1701.56,71.85030635709256
27,1705.94,72.07206840451735
27,1710.31,72.30236843991884
27,1714.69,72.52356735698619
27,1719.06,72.72785202647155
27,1723.44,72.92300672740159
27,1727.8100000000002,73.10777221154696
27,1732.1899999999998,73.28908486911178
27,1736.5600000000002,73.50100164166888
27,1740.9399999999998,73.76207300712947
27,1745.31,74.06567869525982
27,1749.69,74.39392185926182
27,1754.06,74.72123157521725
27,1758.44,75.04019723947087
27,1762.81,75.33987706516291
27,1767.19,75.61604358883814
27,1771.56,75.85591919837485
27,1775.94,76.06124773483862
27,1780.31,76.23423176793119
27,1784.69,76.36195910773118
27,1789.0600000000002,76.44089804729515
27,1999.06,127.27988023873431
27,2003.4399999999998,125.56022735979954
27,2007.8100000000002,124.03266540236133
27,2012.1899999999998,123.30658590706174
27,2016.5600000000002,122.45221742494708
27,2020.94,121.415460937635
27,2025.3100000000002,120.62474024244234
27,2029.69,119.94117387986498
27,2034.0600000000002,119.22548661909991
27,2038.44,118.42924460246329
27,2042.8099999999997,117.56254400120294
27,2047.19,116.75995724740278
27,2051.56,116.0271933594372
27,2055.94,115.25590719054331
27,2060.31,114.48374939887151
27,2064.69,113.66649196465515
27,2069.06,112.71970737305597
27,2073.44,111.77363995892895
27,2077.81,110.95956450124926
27,2082.19,110.25550181443704
27,2086.56,109.58262293764393
27,2090.9399999999996,108.88666288297473
27,2095.31,108.1535499974098
27,2099.69,107.4060464324738
27,2104.06,106.69632199660161
27,2108.44,106.0477495842122
27,2112.81,105.4263396016484
27,2117.19,104.8211032821141
27,2121.56,104.23704239724833
27,2125.94,103.6367188983218
27,2130.31,102.99161520156157
27,2134.69,102.34100319931636
27,2139.0600000000004,101.69916069320853
27,2143.44,101.05055776312699
27,2147.8100000000004,100.38370169763822
27,2152.19,99.68767120016878
27,2156.56,98.99861764168158
27,2160.94,98.34257566334924
27,2165.31,97.69321587590368
27,2169.69,97.07591758151571
27,2174.06,96.5032418285181
27,2178.44,95.9531008799307
27,2182.81,95.41047346627515
27,2187.19,94.85981450979156
27,2191.56,94.33780708098868
27,2195.9399999999996,93.8642501235466
27,2200.31,93.46802080249104
27,2204.6899999999996,93.20696404706395
27,2209.06,93.06157019432241
27,2213.44,92.99289388372561
27,2217.81,93.03353208876636
27,2222.19,93.2188611684065
27,2226.56,93.48501804730296
27,2230.94,93.73446827370829
27,2235.31,93.98605809153055
27,2239.69,94.34510454811614
27,2244.06,94.86605688514544
27,2248.44,95.52074085002283
27,2252.8100000000004,96.25267232839434
27,2257.19,97.02665021666729
27,2261.56,97.81627300092714
27,2265.94,98.62037172171745
27,2270.31,99.42883271795834
27,2274.69,100.19156441117734
27,2279.06,100.90555179758339
27,2283.44,101.65056110119262
27,2287.81,102.48866652957867
27,2292.19,103.40866558874527
27,2296.56,104.33525282512622
27,2300.94,105.13833874200735
27,2305.31,105.75859951378644
27,2309.6899999999996,106.18550498928356
27,2314.06,106.44062680843072
27,2318.44,106.65459434567998
27,2322.81,106.99505819376111
27,2327.19,107.47308156139002
27,2331.56,108.0350870207925
27,2335.94,108.75355810372982
27,2340.31,109.76020094261871
27,2344.69,110.98711847407536
27,2349.06,112.33398319334536
27,2353.44,113.8511701571465
27,2357.8100000000004,115.29130241104708
27,2362.19,116.5276908760641
27,2366.5600000000004,117.74862803583702
27,2370.94,119.11921153455395
27,2375.31,120.43434173237948
27,2379.69,121.53032857024202
27,2384.06,122.48014582795372
27,2388.44,123.2454146397975
27,2392.81,123.85661844491564
27,2397.19,124.45155628869176
27,2401.56,125.0224873530315
27,2405.94,125.62665740211585
27,2410.31,126.46293130248947
27,2414.6899999999996,127.51483623227122
27,2419.06,128.35134445405546
27,2423.4399999999996,128.75904170073647
27,2427.81,129.186357505183
27,2432.19,129.82374761900982
27,2436.56,130.68709293809573
27,2440.94,131.67010390419503
27,2445.31,133.35111763355837
27,2449.69,135.91288372889528
27,2454.06,136.03018176092704
27,2458.44,135.496229422223
27,2462.81,136.36784160517104
27,2467.19,138.3728888644894
27,2471.5600000000004,141.58434465543692
30,402.188,98.0511012370535
30,406.56199999999995,98.07204287014817
30,410.93800000000005,98.26242844148871
30,415.313,98.68636029615303
30,419.68699999999995,99.23259018294326
30,424.06300000000005,99.817721461863
30,428.438,100.34293035773368
30,432.813,100.77332264776715
30,437.18800000000005,101.0929888229121
30,441.563,101.28628940622684
30,445.938,101.32236756607126
30,450.31300000000005,101.21031982397022
30,454.688,101.03383307801444
30,459.063,100.87426301514937
30,463.438,100.77568539759139
30,467.813,100.73657077871468
30,472.187,100.72636590164016
30,476.562,100.70889392155155
30,480.938,100.60953769025485
30,485.313,100.3266283724218
30,489.688,99.79321867803031
30,494.063,98.95329245312595
30,498.438,97.67835347558868
30,502.812,95.84875218198576
30,507.188,93.51496171988761
30,511.563,90.8200569878231
30,515.937,87.96605384473196
30,520.313,85.35733092711017
30,524.687,83.29140800101172
30,529.062,81.74258900842479
30,533.438,80.63052031205594
30,537.813,79.85233738150852
30,542.188,79.2915585434836
30,546.563,78.87380253921894
30,550.938,78.58946297046049
30,555.312,78.48190310539798
30,559.688,78.59908068421674
30,564.063,78.95178553191262
30,568.438,79.5153974004578
30,572.813,80.22148102723531
30,577.187,80.9436008435655
30,581.562,81.58402081152052
30,585.938,82.13284119020294
30,590.313,82.58690426312307
30,594.688,82.89357383593108
30,599.063,83.10128179985813
30,603.438,83.37585110910213
30,607.812,83.83037476773423
30,612.188,84.45201363840123
30,616.563,85.12397423231654
30,620.937,85.69381381574158
30,625.312,86.08428883143262
30,629.687,86.34989685676094
30,634.063,86.67273245053676
30,638.437,87.2718178674478
30,642.813,88.24111982448449
30,647.188,89.46707711905914
30,651.563,90.7209652787937
30,655.938,91.9625705649995
30,660.313,93.32361721408681
30,664.687,94.72672274343547
30,669.063,95.8368741754687
30,673.438,96.26890564887101
30,677.813,95.72441337987428
30,682.187,93.79431512217118
30,686.562,89.92576163760492
30,690.937,84.64558867396983
30,695.312,79.73861146726429
30,699.688,76.02270466547955
30,704.063,73.38899827196468
30,708.438,71.57849585919092
30,712.813,70.30350532912621
30,717.187,69.31037099954669
30,721.563,68.53237160338642
30,725.938,68.03512263780863
30,730.313,67.82450953972099
30,734.687,67.8486267902857
30,739.063,68.02354617249188
30,743.437,68.27460858796216
30,747.812,68.54172760968561
30,752.188,68.7898899689561
30,756.563,69.02824377344196
30,760.938,69.31171998736716
30,765.313,69.59400119072107
30,769.688,69.76424523707888
30,774.063,69.86814666564312
30,778.438,69.93516667976365
30,782.813,69.96657389510668
30,787.188,69.97578157472624
30,791.563,69.97316175564777
30,795.937,69.96393430544221
30,800.312,69.95299886991442
30,804.688,69.94262405186346
30,809.063,69.93891286790507
30,813.438,69.94221124561365
30,817.813,69.93788757605863
30,822.188,69.91555387679544
30,826.5630000000001,69.88214703037475
30,830.937,69.84327684654055
30,835.313,69.80260178096029
30,839.688,69.76598670966257
30,844.063,69.73549674631944
30,848.437,69.71086989634246
30,852.812,69.68981206245934
30,857.187,69.66962511129253
30,861.563,69.65016187070087
30,865.938,69.6313251077868
30,870.313,69.6132483435744
30,874.687,69.59631981749186
30,879.063,69.5802400195472
30,883.437,69.56509158831372
30,887.813,69.55429608099845
30,892.188,69.55247924418359
30,896.562,69.55539626030246
30,900.938,69.54940950836196
30,905.312,69.53359025689251
30,909.6880000000001,69.5125472858985
30,914.062,69.47642808521822
30,918.438,69.42334760962842
30,922.813,69.36989248084942
30,927.188,69.32437708574707
30,931.563,69.26759592284309
30,935.937,69.14198270675001
30,940.312,68.96750864986927
30,944.688,68.78816351575136
30,949.063,68.57245666068404
30,953.438,68.35521203562152
30,957.812,68.1842971543518
30,962.187,68.07392999402533
30,966.562,68.01035954550284
30,970.938,67.97782327141647
30,975.313,67.96329075620275
30,979.688,67.95468307456296
30,984.063,67.94802382619152
30,988.438,67.94541552461565
30,992.812,67.95367772989859
30,997.188,67.98268982322966
30,1001.5600000000001,68.03329868526485
30,1005.94,68.09752318239981
30,1010.3100000000001,68.16826588700474
30,1014.69,68.24313505916041
30,1019.0600000000001,68.32373601924772
30,1023.4399999999999,68.40876565274718
30,1027.81,68.49168200040583
30,1032.19,68.56876230252716
30,1036.56,68.64238260472297
30,1040.94,68.7136790671858
30,1045.31,68.78020733912086
30,1049.69,68.83991196246123
30,1054.06,68.89046649041582
30,1058.44,68.9304844228996
30,1062.81,68.96052235866536
30,1067.19,68.98074250779656
30,1071.5600000000002,68.99023508787799
30,1075.9399999999998,68.98887818905919
30,1080.3100000000002,68.9783837478954
30,1084.6899999999998,68.96008216695691
30,1089.06,68.93534106357477
30,1093.44,68.90692863154865
30,1097.81,68.87582162748801
30,1102.19,68.84110314247192
30,1106.56,68.80507984858488
30,1110.94,68.7748186757474
30,1115.31,68.75215044211649
30,1119.69,68.71977128763864
30,1124.06,68.61977363702849
30,1128.44,68.41835015360783
30,1132.8100000000002,68.18972054985596
30,1137.1899999999998,68.00164486535365
30,1141.56,67.85706279772889
30,1145.94,67.71992234104135
30,1150.31,67.64268837444922
30,1154.69,67.62985704719432
30,1159.06,67.63295032237859
30,1163.44,67.63707077935315
30,1167.81,67.63785830823983
30,1172.19,67.63587626047074
30,1176.56,67.63648910212639
30,1180.94,67.64178288767914
30,1185.3100000000002,67.64734385060277
30,1189.6899999999998,67.64906083223411
30,1194.06,67.64897723047834
30,1198.44,67.64931857318692
30,1202.81,67.64694976414962
30,1207.19,67.64139422234095
30,1211.56,67.63434548121599
30,1215.94,67.62479496586462
30,1220.31,67.61514238605014
30,1224.69,67.60687049624079
30,1229.06,67.59823866037185
30,1233.44,67.59015563356185
30,1237.8100000000002,67.58447600265093
30,1242.1899999999998,67.58240767468598
30,1246.56,67.58472965281666
30,1250.94,67.59105351224386
30,1255.31,67.60123051920966
30,1259.69,67.61691919002641
30,1264.06,67.63617445140541
30,1268.44,67.64859466873668
30,1272.81,67.64914788144446
30,1277.19,67.64710756749734
30,1281.56,67.65125537972172
30,1285.94,67.66438922871546
30,1290.3100000000002,67.6862315105315
30,1294.6899999999998,67.71527881616801
30,1299.0600000000002,67.7511314262993
30,1303.4399999999998,67.79639677054537
30,1307.81,67.85700813486159
30,1312.19,67.93712721787212
30,1316.56,68.03618671777178
30,1320.94,68.15142636246327
30,1325.31,68.28060828350392
30,1329.69,68.43688194086793
30,1334.06,68.6303957939564
30,1338.44,68.80247904978192
30,1342.81,68.92014442820187
30,1347.19,69.00823137275879
30,1500.31,80.63112598222003
30,1504.69,80.10199539698078
30,1509.0600000000002,79.58779727120219
30,1513.4399999999998,79.111692877982
30,1517.8100000000002,78.64885035154873
30,1522.1899999999998,78.21352524244294
30,1526.56,77.80752886532777
30,1530.94,77.41716587641145
30,1535.31,77.04538348285723
30,1539.69,76.69343303086447
30,1544.06,76.35959650620538
30,1548.44,76.04659029686124
30,1552.81,75.75424626685546
30,1557.19,75.47967468773652
30,1561.56,75.22686526795485
30,1565.94,74.99348813299807
30,1570.3100000000002,74.76877928082631
30,1574.6899999999998,74.5494991344835
30,1579.06,74.3433591081628
30,1583.44,74.15248984057797
30,1587.81,73.97348097305157
30,1592.19,73.80669047564557
30,1596.56,73.65623982949788
30,1600.94,73.51792987607217
30,1605.31,73.38561004159568
30,1609.69,73.25629446170548
30,1614.06,73.13231692337271
30,1618.44,73.02119129433589
30,1622.8100000000002,72.92215961618741
30,1627.1899999999998,72.8325626551644
30,1631.56,72.75304936425697
30,1635.94,72.68262649020141
30,1640.31,72.62060692803597
30,1644.69,72.56765404586857
30,1649.06,72.52268631204512
30,1653.44,72.48554236045969
30,1657.81,72.45716768433712
30,1662.19,72.43488865272258
30,1666.56,72.41523019973701
30,1670.94,72.39844490130957
30,1675.3100000000002,72.38768667570645
30,1679.6899999999998,72.38569034299456
30,1684.06,72.3943766901445
30,1688.44,72.41582060290659
30,1692.81,72.45171923551705
30,1697.19,72.50294819394179
30,1701.56,72.56984653694992
30,1705.94,72.65138684077085
30,1710.31,72.74423718850916
30,1714.69,72.84187703808286
30,1719.06,72.94161077220753
30,1723.44,73.04697619339315
30,1727.8100000000002,73.15497775813334
30,1732.1899999999998,73.2656679866241
30,1736.5600000000002,73.39359483954556
30,1740.9399999999998,73.5437834844913
30,1745.31,73.70876425230013
30,1749.69,73.88038824403098
30,1754.06,74.04990847160255
30,1758.44,74.2171211762152
30,1762.81,74.37784472036503
30,1767.19,74.52980481238478
30,1771.56,74.66623828954636
30,1775.94,74.78650329861
30,1780.31,74.88822595476135
30,1784.69,74.96346979803972
30,1789.0600000000002,75.01422662970543
30,1999.06,102.87204813639022
30,2003.4399999999998,101.90944094309029
30,2007.8100000000002,100.75254779544687
30,2012.1899999999998,99.83487651687103
30,2016.5600000000002,98.74349900938016
30,2020.94,97.70948310805898
30,2025.3100000000002,97.03213940396618
30,2029.69,96.5124982234172
30,2034.0600000000002,96.02302435485409
30,2038.44,95.51462966452601
30,2042.8099999999997,94.97926357423145
30,2047.19,94.48838206111697
30,2051.56,94.03422885342621
30,2055.94,93.53515308948809
30,2060.31,93.01614249427558
30,2064.69,92.47123199857391
30,2069.06,91.86365432135248
30,2073.44,91.2833647636764
30,2077.81,90.79725996785793
30,2082.19,90.3719094372861
30,2086.56,89.96190882184835
30,2090.9399999999996,89.55630683357957
30,2095.31,89.15594516887563
30,2099.69,88.75689846947134
30,2104.06,88.3749201774919
30,2108.44,88.0276962151457
30,2112.81,87.70316781893005
30,2117.19,87.39113938990569
30,2121.56,87.09018662424826
30,2125.94,86.79417226853855
30,2130.31,86.4989796310775
30,2134.69,86.21377370034237
30,2139.0600000000004,85.93832401125145
30,2143.44,85.6684265622605
30,2147.8100000000004,85.39762004699327
30,2152.19,85.11474950471948
30,2156.56,84.83407461298215
30,2160.94,84.56954409347841
30,2165.31,84.31067803929814
30,2169.69,84.06638377603586
30,2174.06,83.84309691577731
30,2178.44,83.63358163191508
30,2182.81,83.4307540356896
30,2187.19,83.22876622919108
30,2191.56,83.04471800004397
30,2195.9399999999996,82.88467567647429
30,2200.31,82.74866807528308
30,2204.6899999999996,82.64755592532376
30,2209.06,82.58036002124594
30,2213.44,82.54313269226915
30,2217.81,82.54400245385494
30,2222.19,82.59137379454984
30,2226.56,82.67675201490195
30,2230.94,82.7852034185332
30,2235.31,82.9237210220491
30,2239.69,83.11408592591415
30,2244.06,83.36976359755833
30,2248.44,83.68806168764591
30,2252.8100000000004,84.05385224079359
30,2257.19,84.45573711606752
30,2261.56,84.88456293278267
30,2265.94,85.33724143830113
30,2270.31,85.80727342522754
30,2274.69,86.27821733337659
30,2279.06,86.75541312448424
30,2283.44,87.267416607485
30,2287.81,87.82793409081496
30,2292.19,88.43553892971723
30,2296.56,89.05790304170345
30,2300.94,89.6064955904439
30,2305.31,90.01743535915836
30,2309.6899999999996,90.27946317654458
30,2314.06,90.43134641048432
30,2318.44,90.56350403120862
30,2322.81,90.77363481227071
30,2327.19,91.08669529375024
30,2331.56,91.47886953890375
30,2335.94,91.95544322903355
30,2340.31,92.54221690966439
30,2344.69,93.18656254655629
30,2349.06,93.83307354516744
30,2353.44,94.50457876830941
30,2357.8100000000004,95.11875333894005
30,2362.19,95.6688892991711
30,2366.5600000000004,96.26240618031902
30,2370.94,96.96569337226396
30,2375.31,97.65485569014572
30,2379.69,98.28643663564027
30,2384.06,98.93154277675805
30,2388.44,99.51182292370412
30,2392.81,100.0019490604419
30,2397.19,100.49969454422953
30,2401.56,101.03440813391089
30,2405.94,101.66851539127275
30,2410.31,102.49685732047635
30,2414.6899999999996,103.5109298073157
30,2419.06,104.3396036173239
30,2423.4399999999996,104.70340710610778
30,2427.81,105.03849297801383
30,2432.19,105.59715826869716
30,2436.56,106.4388423548262
30,2440.94,107.4260874054308
30,2445.31,109.18497475195268
30,2449.69,112.37784460817863
30,2454.06,113.28229015866964
30,2458.44,112.83499101110625
30,2462.81,113.6923148940938
30,2467.19,115.91065103589804
30,2471.5600000000004,119.57045281991961
