species_richness,wavelength_nm,local_mean_spectrum
3,402.188,0.009999905994948391
3,406.56199999999995,0.010028314767691188
3,410.93800000000005,0.010125568240609156
3,415.313,0.010326008498909725
3,419.68699999999995,0.010650738717847573
3,424.06300000000005,0.01111891077129056
3,428.438,0.011757579636597406
3,432.813,0.012527754397832045
3,437.18800000000005,0.013309284300633502
3,441.563,0.014051502585856739
3,445.938,0.014732847621188061
3,450.31300000000005,0.015319626803719785
3,454.688,0.0158032760716233
3,459.063,0.016188533187453627
3,463.438,0.01647813810311327
3,467.813,0.01669029646369114
3,472.187,0.01685187651338449
3,476.562,0.016985638184144985
3,480.938,0.01712392956300111
3,485.313,0.017327814956928016
3,489.688,0.01765991006601945
3,494.063,0.018162005577296515
3,498.438,0.018915586113890485
3,502.812,0.020035376622104712
3,507.188,0.021588150716557328
3,511.563,0.02365930822120987
3,515.937,0.026384674179599263
3,520.313,0.029619322658227525
3,524.687,0.03291539494713144
3,529.062,0.03596784068875201
3,533.438,0.03855203863820242
3,537.813,0.04058608856553939
3,542.188,0.04216097201380641
3,546.563,0.04335860907844425
3,550.938,0.044131349840838656
3,555.312,0.04431646947559341
3,559.688,0.043784540369977705
3,564.063,0.04257814123496475
3,568.438,0.04085516664144064
3,572.813,0.03886244926556501
3,577.187,0.03695970662478667
3,581.562,0.03539691664909278
3,585.938,0.034200467567225286
3,590.313,0.033293411442635895
3,594.688,0.0326162804019511
3,599.063,0.03204441537531067
3,603.438,0.03137405754724218
3,607.812,0.030482398491646898
3,612.188,0.029420402977406626
3,616.563,0.028377436053190364
3,620.937,0.027554626935045557
3,625.312,0.027015411905122667
3,629.687,0.0266431940403616
3,634.063,0.026205656734947243
3,638.437,0.025507736065492056
3,642.813,0.024538252528571752
3,647.188,0.023453196591373217
3,651.563,0.022423522137116753
3,655.938,0.02145892818859221
3,660.313,0.020499488139349948
3,664.687,0.019623897290231344
3,669.063,0.01899129041446643
3,673.438,0.01873037895534442
3,677.813,0.018944136470215558
3,682.187,0.019896888200758307
3,686.562,0.022336771413767737
3,690.937,0.027474099919187044
3,695.312,0.0361757134246431
3,699.688,0.04867411664284642
3,704.063,0.06447771331610111
3,708.438,0.08209274719807208
3,712.813,0.10073558263140124
3,717.187,0.1219232296822928
3,721.563,0.14645346909462167
3,725.938,0.17138164661824704
3,730.313,0.19407288996559513
3,734.687,0.212794548058031
3,739.063,0.22755883640478108
3,743.437,0.23901781109819534
3,747.812,0.2474514524425042
3,752.188,0.2532687278699718
3,756.563,0.2572911598041158
3,760.938,0.26074577746175004
3,765.313,0.2637072536781678
3,769.688,0.26537275031312185
3,774.063,0.26632858519047664
3,778.438,0.26702946904458497
3,782.813,0.267560930667636
3,787.188,0.26798953681596016
3,791.563,0.26836328272189214
3,795.937,0.26869482873704215
3,800.312,0.26899245147064454
3,804.688,0.26926323672204466
3,809.063,0.269526475754533
3,813.438,0.269804543540439
3,817.813,0.27006835395042006
3,822.188,0.27024246419957965
3,826.5630000000001,0.2703147325889721
3,830.937,0.27033659075858935
3,835.313,0.27037745896613335
3,839.688,0.27048155891030534
3,844.063,0.2706428911877471
3,848.437,0.27084035077645674
3,852.812,0.27105356728126634
3,857.187,0.2712509082864526
3,861.563,0.2714158241395062
3,865.938,0.271561209377407
3,870.313,0.27169006514602917
3,874.687,0.2717893104034365
3,879.063,0.27185216521725597
3,883.437,0.2718781789111546
3,887.813,0.27188042994268713
3,892.188,0.2718801305917739
3,896.562,0.2718694259800079
3,900.938,0.2718068691516434
3,905.312,0.27169213821167265
3,909.6880000000001,0.27152717101111634
3,914.062,0.2712489498107387
3,918.438,0.270837705872148
3,922.813,0.2703627672341557
3,927.188,0.2698329098091314
3,931.563,0.26897719728525654
3,935.937,0.2669974873464689
3,940.312,0.2642564907546189
3,944.688,0.2613293054553363
3,949.063,0.25746100803119987
3,953.438,0.25300262415631986
3,957.812,0.24890485628097836
3,962.187,0.24598708500636746
3,966.562,0.24437342589086442
3,970.938,0.24364065050583467
3,975.313,0.24344085444786542
3,979.688,0.24371793521325674
3,984.063,0.24444963255376037
3,988.438,0.24556899347319333
3,992.812,0.24699681558416656
3,997.188,0.24861590763001892
3,1001.5600000000001,0.25035968180818075
3,1005.94,0.2522355599098754
3,1010.3100000000001,0.2542113150338387
3,1014.69,0.2562066325118089
3,1019.0600000000001,0.25817337737168466
3,1023.4399999999999,0.2600854823822955
3,1027.81,0.26190501538505184
3,1032.19,0.2636000530093578
3,1036.56,0.2651603412126653
3,1040.94,0.2665724969661467
3,1045.31,0.2678226644554049
3,1049.69,0.26891206632422443
3,1054.06,0.26983131962201434
3,1058.44,0.2705704738748701
3,1062.81,0.2711356230971721
3,1067.19,0.27154127431130476
3,1071.5600000000002,0.2717944257912791
3,1075.9399999999998,0.27189251587744234
3,1080.3100000000002,0.27183267445858167
3,1084.6899999999998,0.2716130570598834
3,1089.06,0.2712481207573926
3,1093.44,0.27075982612503535
3,1097.81,0.27014860966198995
3,1102.19,0.2694113142227037
3,1106.56,0.26859538850815673
3,1110.94,0.267788129664359
3,1115.31,0.26691603244609946
3,1119.69,0.2654283076770335
3,1124.06,0.2618592417572426
3,1128.44,0.25554019699156943
3,1132.8100000000002,0.24805688886245367
3,1137.1899999999998,0.2408044535670832
3,1141.56,0.2337151816751488
3,1145.94,0.2241704512210021
3,1150.31,0.21408185205548755
3,1154.69,0.2078851912015858
3,1159.06,0.20465651246236632
3,1163.44,0.20283046664293453
3,1167.81,0.20165748595097555
3,1172.19,0.20079990341330664
3,1176.56,0.20008080366080488
3,1180.94,0.19939233134905718
3,1185.3100000000002,0.1987271090993178
3,1189.6899999999998,0.19820399403695915
3,1194.06,0.19794862770803087
3,1198.44,0.19803352238089258
3,1202.81,0.19848483571447328
3,1207.19,0.19926488249689092
3,1211.56,0.20034765199218926
3,1215.94,0.20169015753859462
3,1220.31,0.20317914773346316
3,1224.69,0.20472109080103956
3,1229.06,0.2062363002694875
3,1233.44,0.20765684311306543
3,1237.8100000000002,0.20895857918419336
3,1242.1899999999998,0.2101515696381433
3,1246.56,0.21124401936962828
3,1250.94,0.2122075850921077
3,1255.31,0.2130013476419482
3,1259.69,0.21360822301306387
3,1264.06,0.213996239154499
3,1268.44,0.21406649653745655
3,1272.81,0.21375271424320927
3,1277.19,0.21308521416667756
3,1281.56,0.2120704065671918
3,1285.94,0.21070732010244664
3,1290.3100000000002,0.20897806381564227
3,1294.6899999999998,0.20679008798049428
3,1299.0600000000002,0.2040791594823229
3,1303.4399999999998,0.20083340342375874
3,1307.81,0.19702062409711676
3,1312.19,0.19257048408616942
3,1316.56,0.18752566125687634
3,1320.94,0.18224642197098428
3,1325.31,0.17700353346857917
3,1329.69,0.17125198195732283
3,1334.06,0.1646085683547394
3,1338.44,0.15894622110841677
3,1342.81,0.15516395546206974
3,1347.19,0.15258241351466842
3,1500.31,0.04484617790385276
3,1504.69,0.04643918748155566
3,1509.0600000000002,0.04811360162992412
3,1513.4399999999998,0.049805092377732625
3,1517.8100000000002,0.05157696303609666
3,1522.1899999999998,0.05335980567996006
3,1526.56,0.05513920321511079
3,1530.94,0.05695272993812353
3,1535.31,0.058768896549511854
3,1539.69,0.06058544135304204
3,1544.06,0.06241337405755043
3,1548.44,0.06421984782179306
3,1552.81,0.06598698566788988
3,1557.19,0.06772810621955884
3,1561.56,0.0694112902392641
3,1565.94,0.0710446067617747
3,1570.3100000000002,0.07270255824210448
3,1574.6899999999998,0.07437598306448341
3,1579.06,0.07598640524284331
3,1583.44,0.07753552566754562
3,1587.81,0.079061943717466
3,1592.19,0.08056160429982763
3,1596.56,0.08200515084324657
3,1600.94,0.08342006203901652
3,1605.31,0.08480701303847361
3,1609.69,0.08613915778933882
3,1614.06,0.08739560191377667
3,1618.44,0.08855371365932506
3,1622.8100000000002,0.08963772499954478
3,1627.1899999999998,0.090649625664613
3,1631.56,0.0915627527358707
3,1635.94,0.09236827822985164
3,1640.31,0.09307209567716371
3,1644.69,0.09365298946277133
3,1649.06,0.09407469278851581
3,1653.44,0.09433942612528884
3,1657.81,0.09448582945014879
3,1662.19,0.09456361771857887
3,1666.56,0.09459196335334238
3,1670.94,0.09452943862506144
3,1675.3100000000002,0.09430422211566378
3,1679.6899999999998,0.09387506300077833
3,1684.06,0.09325914753616434
3,1688.44,0.0924942362684643
3,1692.81,0.09159498327249181
3,1697.19,0.09057578714941099
3,1701.56,0.08947467858518714
3,1705.94,0.08833291736831295
3,1710.31,0.087185007617538
3,1714.69,0.08610210014084081
3,1719.06,0.08511815922546337
3,1723.44,0.08420305066512397
3,1727.8100000000002,0.08337350626906942
3,1732.1899999999998,0.08260667685842416
3,1736.5600000000002,0.08175981326864573
3,1740.9399999999998,0.08074776711257128
3,1745.31,0.0795645400804372
3,1749.69,0.07827532329862302
3,1754.06,0.07700330655500706
3,1758.44,0.07580819213401702
3,1762.81,0.07474467071701987
3,1767.19,0.07381423079880817
3,1771.56,0.07306123010339499
3,1775.94,0.07245759516366218
3,1780.31,0.07193993432648542
3,1784.69,0.071534698618901
3,1789.0600000000002,0.07126776659902484
3,1999.06,0.019161945254694567
3,2003.4399999999998,0.019743360798497672
3,2007.8100000000002,0.02045647814608007
3,2012.1899999999998,0.0210484051173624
3,2016.5600000000002,0.021726819889999183
3,2020.94,0.02232296617536459
3,2025.3100000000002,0.02277008231322299
3,2029.69,0.023193683851000124
3,2034.0600000000002,0.023612334878755335
3,2038.44,0.024021360233327415
3,2042.8099999999997,0.02443370289227621
3,2047.19,0.024838667186260883
3,2051.56,0.025277588338032623
3,2055.94,0.02578111761345701
3,2060.31,0.026265109231008006
3,2064.69,0.026733938278307896
3,2069.06,0.027230661012486418
3,2073.44,0.027721949239916728
3,2077.81,0.028186289456097663
3,2082.19,0.028642948460919974
3,2086.56,0.029113676722794822
3,2090.9399999999996,0.029588278281977118
3,2095.31,0.03005793100062995
3,2099.69,0.030536440654730018
3,2104.06,0.031012359790921915
3,2108.44,0.03146327429329796
3,2112.81,0.03190149336034262
3,2117.19,0.03233747409203882
3,2121.56,0.03277027125698656
3,2125.94,0.033188292651586855
3,2130.31,0.03358354067740771
3,2134.69,0.03396472197785778
3,2139.0600000000004,0.03434627609701513
3,2143.44,0.03472467489052987
3,2147.8100000000004,0.03510509590900805
3,2152.19,0.0354998572566224
3,2156.56,0.035881534741038244
3,2160.94,0.036233231976752135
3,2165.31,0.0365749741799567
3,2169.69,0.03690354662347544
3,2174.06,0.03721686944055921
3,2178.44,0.037526101354184535
3,2182.81,0.037840479455831515
3,2187.19,0.038151817206123075
3,2191.56,0.0384234169854362
3,2195.9399999999996,0.03866024808633113
3,2200.31,0.03888290860104553
3,2204.6899999999996,0.039081350174729926
3,2209.06,0.03923637882561276
3,2213.44,0.03933219527583208
3,2217.81,0.039361840527674954
3,2222.19,0.03931401585595078
3,2226.56,0.039161124941854225
3,2230.94,0.03887727019064892
3,2235.31,0.03845816014778292
3,2239.69,0.037921899665518566
3,2244.06,0.03729099858939194
3,2248.44,0.03658881138184642
3,2252.8100000000004,0.03584662963480139
3,2257.19,0.035085519226603315
3,2261.56,0.0343301007763671
3,2265.94,0.03360827752222614
3,2270.31,0.03293560472816239
3,2274.69,0.03230687626901952
3,2279.06,0.03169860676937115
3,2283.44,0.031084065715913916
3,2287.81,0.030448253884088568
3,2292.19,0.029777602462763602
3,2296.56,0.029093329959788933
3,2300.94,0.028478544462753403
3,2305.31,0.027992211737517793
3,2309.6899999999996,0.027641529076890065
3,2314.06,0.027382658453002945
3,2318.44,0.02713024859191525
3,2322.81,0.026824819473459428
3,2327.19,0.026471545686648636
3,2331.56,0.026085851405227397
3,2335.94,0.02567436689061404
3,2340.31,0.025246091119331047
3,2344.69,0.02484780114822585
3,2349.06,0.02450995064906807
3,2353.44,0.024203178044305367
3,2357.8100000000004,0.023940929068204716
3,2362.19,0.02371399871743777
3,2366.5600000000004,0.023474162848672115
3,2370.94,0.023186045462472642
3,2375.31,0.022889469475022222
3,2379.69,0.022597659641035755
3,2384.06,0.022255001271701227
3,2388.44,0.021882845825493304
3,2392.81,0.021542299303499806
3,2397.19,0.02123007518139784
3,2401.56,0.020933388992387163
3,2405.94,0.020621632674217388
3,2410.31,0.020283262062955974
3,2414.6899999999996,0.019889267481590756
3,2419.06,0.01943469434975022
3,2423.4399999999996,0.019104733306344997
3,2427.81,0.018867104240152636
3,2432.19,0.018598016072395585
3,2436.56,0.018227438152694113
3,2440.94,0.01789186866061626
3,2445.31,0.0175073575677737
3,2449.69,0.016825152903473854
3,2454.06,0.01644271798136069
3,2458.44,0.0163990448223022
3,2462.81,0.016240748355104546
3,2467.19,0.01592488601878217
3,2471.5600000000004,0.01540538620661373
5,402.188,0.009023279445266723
5,406.56199999999995,0.009062019816592309
5,410.93800000000005,0.009167321275368028
5,415.313,0.00936309701219533
5,419.68699999999995,0.009655476561647624
5,424.06300000000005,0.010046448827921352
5,428.438,0.01054710926688171
5,432.813,0.011124697268466443
5,437.18800000000005,0.011694753129025803
5,441.563,0.012229452652272736
5,445.938,0.012721509328000348
5,450.31300000000005,0.013150040926382523
5,454.688,0.013506540669987844
5,459.063,0.013790481750775017
5,463.438,0.014002345710085696
5,467.813,0.014157855659496437
5,472.187,0.014280676313780263
5,476.562,0.01438887661247869
5,480.938,0.014506006210601127
5,485.313,0.014680818631555802
5,489.688,0.01496659635481937
5,494.063,0.015403631435646504
5,498.438,0.016071156385350643
5,502.812,0.01708012896981184
5,507.188,0.018499803445847396
5,511.563,0.020416757266440547
5,515.937,0.022963340642943024
5,520.313,0.026008068925583053
5,524.687,0.029132228548919645
5,529.062,0.03204677875665698
5,533.438,0.03453300290027942
5,537.813,0.03650448984164813
5,542.188,0.038039256708163265
5,546.563,0.03920961349615485
5,550.938,0.03997088353866305
5,555.312,0.04017222270503198
5,559.688,0.03969063408426515
5,564.063,0.03856391416152587
5,568.438,0.03694460256350739
5,572.813,0.03507244513250416
5,577.187,0.03328906398051943
5,581.562,0.031828462102345946
5,585.938,0.030713996919997617
5,590.313,0.02987179812507813
5,594.688,0.02924489321513146
5,599.063,0.028718005648561883
5,603.438,0.02810203260924309
5,607.812,0.02728108531926893
5,612.188,0.026300476588840157
5,616.563,0.02533611708935375
5,620.937,0.024577326254613147
5,625.312,0.024085010053363186
5,629.687,0.023748066114616617
5,634.063,0.023343309226098927
5,638.437,0.022684316960726637
5,642.813,0.021763731462971232
5,647.188,0.020735950058067807
5,651.563,0.019767591458940057
5,655.938,0.018867095402931425
5,660.313,0.01797393661100581
5,664.687,0.017161115619130765
5,669.063,0.01657989446320012
5,673.438,0.01635094085451171
5,677.813,0.016569668523356756
5,682.187,0.01748793575105627
5,686.562,0.019818311899901565
5,690.937,0.0246903321569285
5,695.312,0.032863163355988816
5,699.688,0.04448072947803924
5,704.063,0.059042185466869415
5,708.438,0.0751627747786497
5,712.813,0.09213403741696236
5,717.187,0.11134477998938803
5,721.563,0.13352682538456967
5,725.938,0.1560328673461189
5,730.313,0.17650621850056433
5,734.687,0.19339962796824067
5,739.063,0.20672560977251617
5,743.437,0.21706772493162396
5,747.812,0.22468249316185382
5,752.188,0.22994970942107015
5,756.563,0.23362337188666216
5,760.938,0.23683546863109328
5,765.313,0.23963939908623613
5,769.688,0.2412470487790012
5,774.063,0.2421959363133066
5,778.438,0.24291256090290742
5,782.813,0.24347169836781857
5,787.188,0.2439331285098769
5,791.563,0.2443435205588339
5,795.937,0.24471524522998409
5,800.312,0.24505466360877426
5,804.688,0.24536635543026258
5,809.063,0.24566805347036622
5,813.438,0.24598549591759195
5,817.813,0.24629355619767285
5,822.188,0.24651264823735833
5,826.5630000000001,0.24662771943291015
5,830.937,0.2466917636666003
5,835.313,0.24677272395620387
5,839.688,0.24691247146695317
5,844.063,0.24710520007288975
5,848.437,0.24733175674334706
5,852.812,0.24757498492117858
5,857.187,0.24780537127349475
5,861.563,0.24800596564084582
5,865.938,0.24818848957000636
5,870.313,0.24835391134193935
5,874.687,0.24849063230704238
5,879.063,0.24859710288577175
5,883.437,0.24867373680670093
5,887.813,0.24872946196754264
5,892.188,0.24878371618218575
5,896.562,0.2488352178048518
5,900.938,0.248845488791176
5,905.312,0.24880086540685672
5,909.6880000000001,0.24870363037599832
5,914.062,0.2485003299215019
5,918.438,0.2481655958026565
5,922.813,0.24775954178237766
5,927.188,0.24729574783800629
5,931.563,0.24653278835257128
5,935.937,0.24474714720018023
5,940.312,0.2422701668541703
5,944.688,0.23963760569763892
5,949.063,0.23617602281365285
5,953.438,0.23219875079370683
5,957.812,0.22855709394491652
5,962.187,0.22598559427325332
5,966.562,0.22458894391778927
5,970.938,0.22398299195434784
5,975.313,0.2238611058653474
5,979.688,0.22417329759231233
5,984.063,0.22489718491474678
5,988.438,0.22597885656802608
5,992.812,0.22734221796120757
5,997.188,0.22886465800399802
5,1001.5600000000001,0.2304830282962161
5,1005.94,0.23221280577063685
5,1010.3100000000001,0.23403046209623113
5,1014.69,0.23586562821749918
5,1019.0600000000001,0.23767517820532097
5,1023.4399999999999,0.23943415570477863
5,1027.81,0.24110684109877517
5,1032.19,0.2426636131809524
5,1036.56,0.24409547964250283
5,1040.94,0.24539188065223003
5,1045.31,0.24654202109641316
5,1049.69,0.24754908609670945
5,1054.06,0.24840630870260855
5,1058.44,0.24910445930235026
5,1062.81,0.24964762425065617
5,1067.19,0.2500471864741842
5,1071.5600000000002,0.25030744163242075
5,1075.9399999999998,0.25042493302870406
5,1080.3100000000002,0.25039718459610544
5,1084.6899999999998,0.2502225370800066
5,1089.06,0.249913292529985
5,1093.44,0.24949004138843092
5,1097.81,0.24895644621835852
5,1102.19,0.24831327372888448
5,1106.56,0.24760386234051304
5,1110.94,0.24690413715601628
5,1115.31,0.24614893939211924
5,1119.69,0.2448513624798558
5,1124.06,0.24169425444816783
5,1128.44,0.23603434151188157
5,1132.8100000000002,0.22926988218516275
5,1137.1899999999998,0.2226869614685465
5,1141.56,0.2162489995027059
5,1145.94,0.20760028931160052
5,1150.31,0.19849502579007205
5,1154.69,0.19294561779977873
5,1159.06,0.1900959798869086
5,1163.44,0.1885245485930933
5,1167.81,0.18755398847090488
5,1172.19,0.1868770638096902
5,1176.56,0.18633185927588441
5,1180.94,0.18581695092841982
5,1185.3100000000002,0.18531641762837808
5,1189.6899999999998,0.18492620819658454
5,1194.06,0.1847580827018272
5,1198.44,0.1848830741911177
5,1202.81,0.1853224540387288
5,1207.19,0.18603372332647733
5,1211.56,0.18698994120252718
5,1215.94,0.18815600693937898
5,1220.31,0.18944055266203644
5,1224.69,0.19077086834159585
5,1229.06,0.19208544072424194
5,1233.44,0.1933298633103659
5,1237.8100000000002,0.1944824240075997
5,1242.1899999999998,0.19554855513739866
5,1246.56,0.19653180606183376
5,1250.94,0.19740307718675346
5,1255.31,0.19812216730009238
5,1259.69,0.19867133138443335
5,1264.06,0.19901982646786356
5,1268.44,0.19907579310661455
5,1272.81,0.19877840798208876
5,1277.19,0.19815703519870245
5,1281.56,0.19721946074165547
5,1285.94,0.19596662660482805
5,1290.3100000000002,0.19438334246478212
5,1294.6899999999998,0.19238530176286675
5,1299.0600000000002,0.1899137049351517
5,1303.4399999999998,0.18695798763685403
5,1307.81,0.1834885114126444
5,1312.19,0.17943896297773043
5,1316.56,0.1748465431869608
5,1320.94,0.1700412050578898
5,1325.31,0.16527179406574022
5,1329.69,0.16004155104479384
5,1334.06,0.15399833541900085
5,1338.44,0.148844516800247
5,1342.81,0.1454004867650424
5,1347.19,0.1430492977344965
5,1500.31,0.04340579306147081
5,1504.69,0.044951236233994114
5,1509.0600000000002,0.04657611568945323
5,1513.4399999999998,0.0482181983274102
5,1517.8100000000002,0.049938100245655474
5,1522.1899999999998,0.05166746166502474
5,1526.56,0.05339191785596577
5,1530.94,0.05514834109554454
5,1535.31,0.056907041441362834
5,1539.69,0.058666199499456124
5,1544.06,0.060436343229111344
5,1548.44,0.06218532228983624
5,1552.81,0.06389538385671205
5,1557.19,0.06557903861893996
5,1561.56,0.06720565171040327
5,1565.94,0.0687839549106876
5,1570.3100000000002,0.07038624194036612
5,1574.6899999999998,0.07200277065246177
5,1579.06,0.07355721028072765
5,1583.44,0.07505191052038418
5,1587.81,0.07652490657869046
5,1592.19,0.07797261408875875
5,1596.56,0.07936631035297036
5,1600.94,0.08073159883892643
5,1605.31,0.08206857997471327
5,1609.69,0.08335167241820658
5,1614.06,0.08456213847343189
5,1618.44,0.08567988221133721
5,1622.8100000000002,0.08672894130524124
5,1627.1899999999998,0.08771089764896244
5,1631.56,0.08860049101100961
5,1635.94,0.08939162108781451
5,1640.31,0.09009333161672015
5,1644.69,0.09068571254230488
5,1649.06,0.09112903075860271
5,1653.44,0.09141838331074761
5,1657.81,0.09158506366991828
5,1662.19,0.09167745040505196
5,1666.56,0.09172434381475038
5,1670.94,0.09169996961618457
5,1675.3100000000002,0.09154238692203594
5,1679.6899999999998,0.09121060432977149
5,1684.06,0.0907142060360203
5,1688.44,0.09008237997227325
5,1692.81,0.08932530615736738
5,1697.19,0.08845060709500144
5,1701.56,0.08748646504608167
5,1705.94,0.08646576090052806
5,1710.31,0.08541770841686411
5,1714.69,0.08440913178684535
5,1719.06,0.08347449256496767
5,1723.44,0.08258443149659328
5,1727.8100000000002,0.08175367809986886
5,1732.1899999999998,0.08096604031135285
5,1736.5600000000002,0.08009734519050454
5,1740.9399999999998,0.07908231076625771
5,1745.31,0.07791984519781932
5,1749.69,0.07666283858834232
5,1754.06,0.07541770995201136
5,1758.44,0.07423565534483952
5,1762.81,0.07316962487553182
5,1767.19,0.07222467665431552
5,1771.56,0.07145369951448137
5,1775.94,0.07083435618411492
5,1780.31,0.07030425797324302
5,1784.69,0.06989021602931621
5,1789.0600000000002,0.06961753607046509
5,1999.06,0.01866416079924251
5,2003.4399999999998,0.019255792451325374
5,2007.8100000000002,0.01998087655536978
5,2012.1899999999998,0.02058083513761592
5,2016.5600000000002,0.02126448606188548
5,2020.94,0.021862729646460577
5,2025.3100000000002,0.02231015144240667
5,2029.69,0.022733538942500024
5,2034.0600000000002,0.023151686647531613
5,2038.44,0.023559688424835544
5,2042.8099999999997,0.023970523841765037
5,2047.19,0.02437441866712313
5,2051.56,0.024813510869687767
5,2055.94,0.025318496463495148
5,2060.31,0.02580473718275455
5,2064.69,0.026276403746813084
5,2069.06,0.026776367167469912
5,2073.44,0.02727109664891465
5,2077.81,0.02773925374532868
5,2082.19,0.02820045067464723
5,2086.56,0.02867676444447742
5,2090.9399999999996,0.029157749972183608
5,2095.31,0.0296344475234559
5,2099.69,0.030121328273301634
5,2104.06,0.030607127329640205
5,2108.44,0.031069311417818917
5,2112.81,0.03152106434017238
5,2117.19,0.03197330174257515
5,2121.56,0.032424017128316655
5,2125.94,0.03285922307465608
5,2130.31,0.033268812044395954
5,2134.69,0.03366044470431697
5,2139.0600000000004,0.034048356104043366
5,2143.44,0.03442935307979738
5,2147.8100000000004,0.034809470370902464
5,2152.19,0.035201946371302875
5,2156.56,0.03558039017809505
5,2160.94,0.03592876929350846
5,2165.31,0.03626718831173111
5,2169.69,0.0365921683896238
5,2174.06,0.03690118275629328
5,2178.44,0.03720492524143141
5,2182.81,0.03751225459998377
5,2187.19,0.037814883366911814
5,2191.56,0.0380769082511898
5,2195.9399999999996,0.038303568505119845
5,2200.31,0.03851605979406136
5,2204.6899999999996,0.03870627941385323
5,2209.06,0.038855858968366436
5,2213.44,0.03894858069106144
5,2217.81,0.03897779394326588
5,2222.19,0.03893276613370172
5,2226.56,0.038785451868541994
5,2230.94,0.03850963200466447
5,2235.31,0.03810186423447912
5,2239.69,0.03758164257213179
5,2244.06,0.03697306519574154
5,2248.44,0.03630071339270428
5,2252.8100000000004,0.035595010380997806
5,2257.19,0.03487398364714864
5,2261.56,0.034157483951707104
5,2265.94,0.03346899102105378
5,2270.31,0.03282275387362899
5,2274.69,0.0322165095168367
5,2279.06,0.031632457401790416
5,2283.44,0.031048284504307973
5,2287.81,0.03044924889678456
5,2292.19,0.029817736040470732
5,2296.56,0.029164707755999515
5,2300.94,0.02855968400107614
5,2305.31,0.02805627039316779
5,2309.6899999999996,0.02766803013469806
5,2314.06,0.027362082042031857
5,2318.44,0.027061140258755084
5,2322.81,0.026716634630777603
5,2327.19,0.026342177507878126
5,2331.56,0.02594966373224754
5,2335.94,0.0255390131469609
5,2340.31,0.02511382598710859
5,2344.69,0.024715459834943655
5,2349.06,0.024370559172805714
5,2353.44,0.024050160703230093
5,2357.8100000000004,0.023773643686725292
5,2362.19,0.02353534080834297
5,2366.5600000000004,0.02328520852121552
5,2370.94,0.02298535969652624
5,2375.31,0.022676639269235035
5,2379.69,0.022372491554810685
5,2384.06,0.02201532866388704
5,2388.44,0.021628607071924686
5,2392.81,0.021276259183661054
5,2397.19,0.020954338520739593
5,2401.56,0.020647971039169096
5,2405.94,0.020323384156815078
5,2410.31,0.0199673072192586
5,2414.6899999999996,0.019550406079675828
5,2419.06,0.019071405267327906
5,2423.4399999999996,0.018723428304494843
5,2427.81,0.018471327701870835
5,2432.19,0.018186017764108484
5,2436.56,0.01779363039884619
5,2440.94,0.017439615153828494
5,2445.31,0.017036250145185245
5,2449.69,0.016312248446310844
5,2454.06,0.015890556028920616
5,2458.44,0.01583248845757364
5,2462.81,0.01565578602374139
5,2467.19,0.01530745997144207
5,2471.5600000000004,0.014741208469894247
7,402.188,0.012500104902813737
7,406.56199999999995,0.012600223931706315
7,410.93800000000005,0.012798567067895363
7,415.313,0.0131047227573627
7,419.68699999999995,0.013512052955539878
7,424.06300000000005,0.014020039699118716
7,428.438,0.014639462490685474
7,432.813,0.01533211897686027
7,437.18800000000005,0.01600589137915293
7,441.563,0.016637576780605408
7,445.938,0.017224695906615455
7,450.31300000000005,0.017745116013132868
7,454.688,0.018189538475920135
7,459.063,0.018556476918597697
7,463.438,0.018843031290173177
7,467.813,0.019064453714223252
7,472.187,0.019247125651157066
7,476.562,0.019411502560406184
7,480.938,0.019584831262463343
7,485.313,0.0198249086617259
7,489.688,0.020194537410284572
7,494.063,0.020740039936523857
7,498.438,0.021555818528911794
7,502.812,0.022772999948927092
7,507.188,0.024469553549074853
7,511.563,0.026743760388089767
7,515.937,0.029749142848254487
7,520.313,0.03332844064734138
7,524.687,0.03698918311663844
7,529.062,0.04039646229939535
7,533.438,0.04330153569727465
7,537.813,0.04561024730614905
7,542.188,0.04741662583561547
7,546.563,0.04880514314417518
7,550.938,0.04972899041413342
7,555.312,0.05002505278100009
7,559.688,0.04955921337634088
7,564.063,0.04836859048486086
7,568.438,0.04661367661660212
7,572.813,0.04455729467346697
7,577.187,0.042586714426349655
7,581.562,0.04097405068406067
7,585.938,0.039753706086365054
7,590.313,0.03884770745872017
7,594.688,0.038188056961499114
7,599.063,0.03763705430312438
7,603.438,0.036977782351380196
7,607.812,0.03607632056172741
7,612.188,0.034983037238620694
7,616.563,0.03390232004973408
7,620.937,0.03305796033531876
7,625.312,0.032524359295037615
7,629.687,0.03216867581190454
7,634.063,0.03172137371573334
7,638.437,0.030961010505231173
7,642.813,0.029885891003223326
7,647.188,0.028688018737700084
7,651.563,0.027567433505390003
7,655.938,0.02652696716278621
7,660.313,0.025487117738639705
7,664.687,0.024537189701530782
7,669.063,0.023866464551260895
7,673.438,0.023627836169520848
7,677.813,0.02394416195689378
7,682.187,0.02512870333453194
7,686.562,0.02804529316994875
7,690.937,0.03400912414642871
7,695.312,0.04379745052909412
7,699.688,0.05741127240938493
7,704.063,0.0741205557093664
7,708.438,0.09222832580455617
7,712.813,0.1108404220434788
7,717.187,0.13134193639160027
7,721.563,0.15438013530483372
7,725.938,0.1771315402347708
7,730.313,0.1973113894503863
7,734.687,0.2136270866712292
7,739.063,0.22631598095628858
7,743.437,0.23611279750093198
7,747.812,0.24335544954644842
7,752.188,0.24842201940880423
7,756.563,0.25202011741491404
7,760.938,0.25524146866497077
7,765.313,0.25810294958775726
7,769.688,0.2597767949820473
7,774.063,0.2608092657482855
7,778.438,0.2616347928834341
7,782.813,0.2623187963705809
7,787.188,0.26291305094585854
7,791.563,0.2634603704829956
7,795.937,0.2639704760576797
7,800.312,0.26444971929441036
7,804.688,0.2649000330087716
7,809.063,0.2653384405964795
7,813.438,0.2658034329723123
7,817.813,0.2662771099471484
7,822.188,0.26665943270574977
7,826.5630000000001,0.26692607100918847
7,830.937,0.2671376293476599
7,835.313,0.26736079572021465
7,839.688,0.2676363055746476
7,844.063,0.2679627288958455
7,848.437,0.26832392819246426
7,852.812,0.2687064299934706
7,857.187,0.26907845931865504
7,861.563,0.2694185803968903
7,865.938,0.26974307525624364
7,870.313,0.27005326817962766
7,874.687,0.27033357202243113
7,879.063,0.2705844936466201
7,883.437,0.270805476982549
7,887.813,0.27099988908566264
7,892.188,0.27118843484040445
7,896.562,0.27138540212921486
7,900.938,0.2715549316601905
7,905.312,0.2716573706157815
7,909.6880000000001,0.2717023472477607
7,914.062,0.27165410968260917
7,918.438,0.2714692088608679
7,922.813,0.27118631049371494
7,927.188,0.2708234292596909
7,931.563,0.2701779257343086
7,935.937,0.2686278828683405
7,940.312,0.26644994539567307
7,944.688,0.26407958381022445
7,949.063,0.26092463067178084
7,953.438,0.2572931626688823
7,957.812,0.2539886804727884
7,962.187,0.25169513427691115
7,966.562,0.2504851221656453
7,970.938,0.24999090472829638
7,975.313,0.24994489978926665
7,979.688,0.2503137187424459
7,984.063,0.25110483558120983
7,988.438,0.25232291756760217
7,992.812,0.25387459630595516
7,997.188,0.25553888038378675
7,1001.5600000000001,0.2572236412119667
7,1005.94,0.2589854332945023
7,1010.3100000000001,0.26082670087381743
7,1014.69,0.26268438662518423
7,1019.0600000000001,0.26452139183631235
7,1023.4399999999999,0.2663170317859696
7,1027.81,0.26803596913690714
7,1032.19,0.2696493892693619
7,1036.56,0.27114868712185825
7,1040.94,0.27252059709827653
7,1045.31,0.27375370584242564
7,1049.69,0.27485260127530203
7,1054.06,0.2758091222513415
7,1058.44,0.2766118579611719
7,1062.81,0.27726503057080293
7,1067.19,0.2777812724488264
7,1071.5600000000002,0.2781635331389316
7,1075.9399999999998,0.27840471987001125
7,1080.3100000000002,0.27850174405237976
7,1084.6899999999998,0.27845294267186826
7,1089.06,0.2782690063246895
7,1093.44,0.2779715414027428
7,1097.81,0.27756224158686943
7,1102.19,0.2770334035872257
7,1106.56,0.27642233269696753
7,1110.94,0.2758072422845212
7,1115.31,0.27514310938788583
7,1119.69,0.2739988034947097
7,1124.06,0.27115616495300526
7,1128.44,0.26596504139809396
7,1132.8100000000002,0.25971637255844976
7,1137.1899999999998,0.2536321800782079
7,1141.56,0.24765757711970576
7,1145.94,0.2395459047085773
7,1150.31,0.23090210289733065
7,1154.69,0.22555647138640325
7,1159.06,0.22278077636749954
7,1163.44,0.22125819114457373
7,1167.81,0.22035021279327097
7,1172.19,0.21976070640489995
7,1176.56,0.2193243285431591
7,1180.94,0.21892958142193567
7,1185.3100000000002,0.21854713026712805
7,1189.6899999999998,0.21825872728884882
7,1194.06,0.21817504531809662
7,1198.44,0.21837779378172764
7,1202.81,0.21889011144865086
7,1207.19,0.2196608602575483
7,1211.56,0.22066102482027625
7,1215.94,0.2218623908654557
7,1220.31,0.22318637669003902
7,1224.69,0.22456963684420175
7,1229.06,0.2259452644745894
7,1233.44,0.2272483115655646
7,1237.8100000000002,0.2284553205960758
7,1242.1899999999998,0.2295744735501975
7,1246.56,0.2306107213901268
7,1250.94,0.23153684332017424
7,1255.31,0.23231599230845548
7,1259.69,0.23293362278501578
7,1264.06,0.23336037055999453
7,1268.44,0.2335025691335964
7,1272.81,0.23329528736812255
7,1277.19,0.23277052644072643
7,1281.56,0.2319437422485728
7,1285.94,0.2308133270453218
7,1290.3100000000002,0.22935640779620559
7,1294.6899999999998,0.22748639068568843
7,1299.0600000000002,0.22514117977687692
7,1303.4399999999998,0.22230393170649987
7,1307.81,0.21893698733269013
7,1312.19,0.2149605472179496
7,1316.56,0.21039856667457524
7,1320.94,0.20557897058901198
7,1325.31,0.20075626348978595
7,1329.69,0.19541753393585
7,1334.06,0.1891833833444069
7,1338.44,0.18380633163939222
7,1342.81,0.18016853185798817
7,1347.19,0.17765876002031844
7,1500.31,0.06479836985118007
7,1504.69,0.06668835516993235
7,1509.0600000000002,0.06867188701713123
7,1513.4399999999998,0.07067134348206078
7,1517.8100000000002,0.07275843063967917
7,1522.1899999999998,0.07484878399706035
7,1526.56,0.07692476617750245
7,1530.94,0.07903013278856626
7,1535.31,0.08112864659376794
7,1539.69,0.08321947650896215
7,1544.06,0.08531724697422659
7,1548.44,0.08738454106323153
7,1552.81,0.0894002944787247
7,1557.19,0.0913795379385187
7,1561.56,0.09328760102411882
7,1565.94,0.09513728441603461
7,1570.3100000000002,0.09701437384137816
7,1574.6899999999998,0.09890484224654053
7,1579.06,0.10071858740775456
7,1583.44,0.10246225808434951
7,1587.81,0.10418434267352823
7,1592.19,0.10588295004632417
7,1596.56,0.10752602292260882
7,1600.94,0.10914316984713904
7,1605.31,0.1107304859145898
7,1609.69,0.11225294040779163
7,1614.06,0.11368592259925571
7,1618.44,0.11500681315969231
7,1622.8100000000002,0.11624551227414294
7,1627.1899999999998,0.11740404957869294
7,1631.56,0.11845260893270745
7,1635.94,0.11938279818206861
7,1640.31,0.12020127879677552
7,1644.69,0.1208797817603992
7,1649.06,0.12136939114449839
7,1653.44,0.12166526923993205
7,1657.81,0.12180927925121421
7,1662.19,0.12186770473759095
7,1666.56,0.12188751155464107
7,1670.94,0.12185047655472135
7,1675.3100000000002,0.12168374990801897
7,1679.6899999999998,0.12133081852172055
7,1684.06,0.12079515767518503
7,1688.44,0.12010572903033687
7,1692.81,0.11927267673066778
7,1697.19,0.1183030400357088
7,1701.56,0.1172245511841906
7,1705.94,0.11606891118299598
7,1710.31,0.11486773143617895
7,1714.69,0.11370505769177239
7,1719.06,0.11263212587457366
7,1723.44,0.11162064252839195
7,1727.8100000000002,0.11068643333839247
7,1732.1899999999998,0.10981148099181064
7,1736.5600000000002,0.10885735952767474
7,1740.9399999999998,0.1077469023763927
7,1745.31,0.10647018180257148
7,1749.69,0.10507980531220869
7,1754.06,0.1036933075121689
7,1758.44,0.10237196407520788
7,1762.81,0.10118039544537623
7,1767.19,0.10012802611210918
7,1771.56,0.09927653978591645
7,1775.94,0.09860017399574499
7,1780.31,0.09802495090141274
7,1784.69,0.09757764467303938
7,1789.0600000000002,0.09728657493651574
7,1999.06,0.03413564729557965
7,2003.4399999999998,0.03491188006744199
7,2007.8100000000002,0.03592773625961453
7,2012.1899999999998,0.03684221575971803
7,2016.5600000000002,0.037895062489756874
7,2020.94,0.03877517814573689
7,2025.3100000000002,0.03940226882206466
7,2029.69,0.03997683167726529
7,2034.0600000000002,0.04052687835293677
7,2038.44,0.041044780787205006
7,2042.8099999999997,0.04155182094099723
7,2047.19,0.04204726717399996
7,2051.56,0.04259199412231955
7,2055.94,0.04322535661833459
7,2060.31,0.04383824714412397
7,2064.69,0.04442939965620668
7,2069.06,0.04504595610229273
7,2073.44,0.045648140552191845
7,2077.81,0.0462200735802659
7,2082.19,0.046793303736246905
7,2086.56,0.04739194366641064
7,2090.9399999999996,0.04799082735853935
7,2095.31,0.04857299420471791
7,2099.69,0.04916534960812984
7,2104.06,0.04976184850174242
7,2108.44,0.05033265206529411
7,2112.81,0.05089116032613271
7,2117.19,0.05145241467625295
7,2121.56,0.05201506193256434
7,2125.94,0.052551366969468355
7,2130.31,0.053041106180127945
7,2134.69,0.05350466065348701
7,2139.0600000000004,0.05396736614722139
7,2143.44,0.0544216264607359
7,2147.8100000000004,0.05487450985563016
7,2152.19,0.05534535695380761
7,2156.56,0.05580080504196379
7,2160.94,0.056219666490919494
7,2165.31,0.056625660806042956
7,2169.69,0.05701495771296322
7,2174.06,0.057384023871530784
7,2178.44,0.05774522260084253
7,2182.81,0.05811036385500344
7,2187.19,0.05846530145668835
7,2191.56,0.058763511779478174
7,2195.9399999999996,0.05901736631795991
7,2200.31,0.05926599013299225
7,2204.6899999999996,0.05950933931526983
7,2209.06,0.05971387506635483
7,2213.44,0.05984489141248806
7,2217.81,0.05989891091962745
7,2222.19,0.059865224221540704
7,2226.56,0.059681572251904166
7,2230.94,0.059282639126920264
7,2235.31,0.05866877061400016
7,2239.69,0.05789920105751078
7,2244.06,0.0570294832657517
7,2248.44,0.056094929931138404
7,2252.8100000000004,0.05512923044327987
7,2257.19,0.05414801256491227
7,2261.56,0.05317368963114154
7,2265.94,0.052243649769894304
7,2270.31,0.05138155988238267
7,2274.69,0.050577530259488364
7,2279.06,0.04980359720891739
7,2283.44,0.04903750800043912
7,2287.81,0.048264277922995695
7,2292.19,0.0474498584749399
7,2296.56,0.04659308066837995
7,2300.94,0.045778921132551255
7,2305.31,0.04508814091773554
7,2309.6899999999996,0.044551603427824986
7,2314.06,0.04412998683137917
7,2318.44,0.04372645953403131
7,2322.81,0.04328435792472895
7,2327.19,0.04281120266960779
7,2331.56,0.04231313764440138
7,2335.94,0.04180534729743737
7,2340.31,0.04131438461122673
7,2344.69,0.040890247725579795
7,2349.06,0.040558347589687196
7,2353.44,0.04028486721345012
7,2357.8100000000004,0.040065832634503536
7,2362.19,0.03987344129637614
7,2366.5600000000004,0.03965435473833664
7,2370.94,0.0393719673102876
7,2375.31,0.039065821874576405
7,2379.69,0.03873604202789479
7,2384.06,0.038300207040652276
7,2388.44,0.03779101237428615
7,2392.81,0.03731314056959828
7,2397.19,0.03687647499811909
7,2401.56,0.03645516814630758
7,2405.94,0.03600205261253143
7,2410.31,0.03552053869094598
7,2414.6899999999996,0.03495573878983558
7,2419.06,0.03425211354348026
7,2423.4399999999996,0.03371208475400995
7,2427.81,0.033327039920914
7,2432.19,0.03289641537749003
7,2436.56,0.03230235814670311
7,2440.94,0.03179939699124876
7,2445.31,0.03131999695400061
7,2449.69,0.030429825699153975
7,2454.06,0.029688467124816986
7,2458.44,0.02944656515465329
7,2462.81,0.029197704806720567
7,2467.19,0.028831560217972074
7,2471.5600000000004,0.028267832117008788
10,402.188,0.013661515181417177
10,406.56199999999995,0.01374413518230875
10,410.93800000000005,0.013933061931811834
10,415.313,0.014243543421255197
10,419.68699999999995,0.014653453847652667
10,424.06300000000005,0.015145449210629275
10,428.438,0.0157238990681424
10,432.813,0.016358959504065962
10,437.18800000000005,0.016983427013796865
10,441.563,0.017594211068719227
10,445.938,0.018200134836585984
10,450.31300000000005,0.0187740742752056
10,454.688,0.01928664202515692
10,459.063,0.01971638597187555
10,463.438,0.020049884666058587
10,467.813,0.020307168117704253
10,472.187,0.02052514287932354
10,476.562,0.020727544838962008
10,480.938,0.020948068212071583
10,485.313,0.021272280675879694
10,489.688,0.021805319003974054
10,494.063,0.022637124701929207
10,498.438,0.023929335403474517
10,502.812,0.02589141444611467
10,507.188,0.028632386137131236
10,511.563,0.03227351793435008
10,515.937,0.037010945943019735
10,520.313,0.04256314421540843
10,524.687,0.048163215753092195
10,529.062,0.05331949932633582
10,533.438,0.05767594152197907
10,537.813,0.061096178082016575
10,542.188,0.0637178337372455
10,546.563,0.06567351204167711
10,550.938,0.06692199762873842
10,555.312,0.06725968582591124
10,559.688,0.06651368792446774
10,564.063,0.06473915240835074
10,568.438,0.06215080681948347
10,572.813,0.059107276466694454
10,577.187,0.05616318034569906
10,581.562,0.05372539167731311
10,585.938,0.05185469373984848
10,590.313,0.05043924911860944
10,594.688,0.049385499992760006
10,599.063,0.048493145280669205
10,603.438,0.04742901514077281
10,607.812,0.045979036727311975
10,612.188,0.04421423815036969
10,616.563,0.04245242425567571
10,620.937,0.04105192607061014
10,625.312,0.04014277102842177
10,629.687,0.03953312635109431
10,634.063,0.03881041847203421
10,638.437,0.03760768412351815
10,642.813,0.03587197580837778
10,647.188,0.03386070316696283
10,651.563,0.03188635546580077
10,655.938,0.029972070266442358
10,660.313,0.028004147848311487
10,664.687,0.026147169733947755
10,669.063,0.024740829325988
10,673.438,0.024068995199937448
10,677.813,0.02435649932067352
10,682.187,0.02611701568598329
10,686.562,0.030649911868823737
10,690.937,0.039707887315154566
10,695.312,0.0539186730959138
10,699.688,0.07272664003399229
10,704.063,0.09480026605368755
10,708.438,0.11780586646441525
10,712.813,0.14061667543714684
10,717.187,0.16489270962232988
10,721.563,0.1913469256958576
10,725.938,0.2167291303572356
10,730.313,0.23865320844157828
10,734.687,0.2560030109530774
10,739.063,0.2692720070780046
10,743.437,0.27939888490369114
10,747.812,0.2868384862084901
10,752.188,0.292039757620213
10,756.563,0.29575354528007125
10,760.938,0.299097056884752
10,765.313,0.30205912217353353
10,769.688,0.3037866807216649
10,774.063,0.3048553461406555
10,778.438,0.3057067151428033
10,782.813,0.3064044666148908
10,787.188,0.3070039723372897
10,791.563,0.3075498580289205
10,795.937,0.30805534768849613
10,800.312,0.30853111823019763
10,804.688,0.30897877367393956
10,809.063,0.30941726095499755
10,813.438,0.30988215772853
10,817.813,0.310343034191475
10,822.188,0.3106964511395925
10,826.5630000000001,0.310927129299883
10,830.937,0.31109852798076715
10,835.313,0.31128172077997035
10,839.688,0.3115249549724946
10,844.063,0.31182675887879574
10,848.437,0.3121686823594376
10,852.812,0.3125347223717957
10,857.187,0.3128901690177083
10,861.563,0.31321278557227794
10,865.938,0.3135161976365584
10,870.313,0.3137990851228195
10,874.687,0.3140478351073974
10,879.063,0.3142654748886328
10,883.437,0.31445376000668945
10,887.813,0.3146209963143821
10,892.188,0.3147917017921124
10,896.562,0.3149747039349311
10,900.938,0.31512058947101196
10,905.312,0.3151875646210629
10,909.6880000000001,0.31518675651612826
10,914.062,0.31507450481293686
10,918.438,0.31481571286550397
10,922.813,0.3144742189934916
10,927.188,0.3140771364426844
10,931.563,0.3134020625217882
10,935.937,0.311757238367495
10,940.312,0.3094150288049596
10,944.688,0.30686962268307516
10,949.063,0.3034861240121652
10,953.438,0.29958894012882853
10,957.812,0.2960336652770639
10,962.187,0.2935409559510194
10,966.562,0.2922004885325554
10,970.938,0.2916397076424655
10,975.313,0.291566212459408
10,979.688,0.29192109996241383
10,984.063,0.29265698349407754
10,988.438,0.2937035905423257
10,992.812,0.2950185737300695
10,997.188,0.29653955666239984
10,1001.5600000000001,0.29821261110336333
10,1005.94,0.30003012679269603
10,1010.3100000000001,0.3019508361089923
10,1014.69,0.3038939408427543
10,1019.0600000000001,0.3058122421000308
10,1023.4399999999999,0.3076765208361139
10,1027.81,0.30945026867442516
10,1032.19,0.311113330276781
10,1036.56,0.3126628131403941
10,1040.94,0.3140860111097137
10,1045.31,0.3153730222452793
10,1049.69,0.3165239711469065
10,1054.06,0.3175223336821819
10,1058.44,0.31835488786771277
10,1062.81,0.3190245922039833
10,1067.19,0.31953963831036125
10,1071.5600000000002,0.3199013397773506
10,1075.9399999999998,0.32010604632342454
10,1080.3100000000002,0.3201565171975302
10,1084.6899999999998,0.32005479249308644
10,1089.06,0.31981231007415417
10,1093.44,0.3194536930699304
10,1097.81,0.31898716299590807
10,1102.19,0.3184106387598363
10,1106.56,0.317764088264731
10,1110.94,0.3171225391727694
10,1115.31,0.316423306548839
10,1119.69,0.3151822348845055
10,1124.06,0.31205732276523873
10,1128.44,0.30636289859783944
10,1132.8100000000002,0.2995424216264379
10,1137.1899999999998,0.29292127320599687
10,1141.56,0.28642298121686377
10,1145.94,0.2775868443896029
10,1150.31,0.26815587678372116
10,1154.69,0.2623120514395288
10,1159.06,0.25925905736096183
10,1163.44,0.2575511890120412
10,1167.81,0.25648471121859434
10,1172.19,0.2557359671448241
10,1176.56,0.2551286850183418
10,1180.94,0.25455051634698034
10,1185.3100000000002,0.25398550946833026
10,1189.6899999999998,0.25354545220825564
10,1194.06,0.25336190156122657
10,1198.44,0.253515050884264
10,1202.81,0.25402433995384505
10,1207.19,0.2548396574107316
10,1211.56,0.25593151259290214
10,1215.94,0.2572616662196505
10,1220.31,0.25872978723827245
10,1224.69,0.26025442614521926
10,1229.06,0.26175952985583495
10,1233.44,0.2631794203530966
10,1237.8100000000002,0.26449204347356947
10,1242.1899999999998,0.26570440910302534
10,1246.56,0.2668201889256609
10,1250.94,0.26780950391123337
10,1255.31,0.26863004135757357
10,1259.69,0.26926362981694724
10,1264.06,0.2696807847577573
10,1268.44,0.2697865125824829
10,1272.81,0.2695146752109653
10,1277.19,0.26889521468090216
10,1281.56,0.2679353006113929
10,1285.94,0.26662813841027316
10,1290.3100000000002,0.2649497168932182
10,1294.6899999999998,0.26280769515731
10,1299.0600000000002,0.2601338370831637
10,1303.4399999999998,0.25690949379954064
10,1307.81,0.25309084503779866
10,1312.19,0.2485800948625539
10,1316.56,0.24339603772990592
10,1320.94,0.2379049237554382
10,1325.31,0.2323908074952435
10,1329.69,0.2262634987547127
10,1334.06,0.2190981841951072
10,1338.44,0.2129288721627393
10,1342.81,0.2087730621592944
10,1347.19,0.2059220019717626
10,1500.31,0.066591429528432
10,1504.69,0.06903182485499458
10,1509.0600000000002,0.07159121678863495
10,1513.4399999999998,0.0741702153536277
10,1517.8100000000002,0.07686178589546717
10,1522.1899999999998,0.07955711972035488
10,1526.56,0.08223301749353985
10,1530.94,0.08494666199212754
10,1535.31,0.08765226620484216
10,1539.69,0.09034805298039891
10,1544.06,0.09305163144435827
10,1548.44,0.0957144494012122
10,1552.81,0.09830964037807984
10,1557.19,0.10085618615635462
10,1561.56,0.10330672011341786
10,1565.94,0.10567452829862607
10,1570.3100000000002,0.10807049880253146
10,1574.6899999999998,0.11048229003851393
10,1579.06,0.11279663608412044
10,1583.44,0.1150161263459153
10,1587.81,0.11719653352377858
10,1592.19,0.11933352596263229
10,1596.56,0.12138673782255759
10,1600.94,0.12339430363704335
10,1605.31,0.12535618028440965
10,1609.69,0.12723639409240964
10,1614.06,0.12900882218229143
10,1618.44,0.13064293898280885
10,1622.8100000000002,0.1321722429886543
10,1627.1899999999998,0.13360237135090078
10,1631.56,0.1349009382801641
10,1635.94,0.13605813319302085
10,1640.31,0.13708525239079777
10,1644.69,0.13795678673724843
10,1649.06,0.1386223538575431
10,1653.44,0.1390776949436752
10,1657.81,0.1393597090294342
10,1662.19,0.13952547792221454
10,1666.56,0.13961196148933178
10,1670.94,0.13958533793956124
10,1675.3100000000002,0.13935489381470012
10,1679.6899999999998,0.13885370520751025
10,1684.06,0.13809090856385323
10,1688.44,0.1371090112070855
10,1692.81,0.13592662164239713
10,1697.19,0.13456597578409965
10,1701.56,0.13308644641474549
10,1705.94,0.13155482297396892
10,1710.31,0.13002619882348998
10,1714.69,0.12860156656070057
10,1719.06,0.12732450002025286
10,1723.44,0.1261388010365522
10,1727.8100000000002,0.12504186027293762
10,1732.1899999999998,0.12399246203158454
10,1736.5600000000002,0.12280877346626981
10,1740.9399999999998,0.12139080300612422
10,1745.31,0.11973422624459723
10,1749.69,0.1179238918707951
10,1754.06,0.11612618664496287
10,1758.44,0.11442374638691957
10,1762.81,0.11289514294518493
10,1767.19,0.11154775255728626
10,1771.56,0.11045780152108242
10,1775.94,0.1095935816638729
10,1780.31,0.1088660836845657
10,1784.69,0.10831233762741253
10,1789.0600000000002,0.10796436160379748
10,1999.06,0.02718999117740042
10,2003.4399999999998,0.028197530595150115
10,2007.8100000000002,0.029382448777801138
10,2012.1899999999998,0.030306460578900275
10,2016.5600000000002,0.031344713228995756
10,2020.94,0.03227512063681718
10,2025.3100000000002,0.032991510316270976
10,2029.69,0.033682644300593624
10,2034.0600000000002,0.03437570181588186
10,2038.44,0.035061574071030444
10,2042.8099999999997,0.03575889499238215
10,2047.19,0.03644669509335444
10,2051.56,0.037193364839897027
10,2055.94,0.03804825307058372
10,2060.31,0.03886665699607499
10,2064.69,0.03965858803768874
10,2069.06,0.04050057281996059
10,2073.44,0.04133886825337805
10,2077.81,0.042134374558223914
10,2082.19,0.04291420728398405
10,2086.56,0.043715784588958966
10,2090.9399999999996,0.044529347298879675
10,2095.31,0.04534516088600036
10,2099.69,0.04618372591606463
10,2104.06,0.04702146965679468
10,2108.44,0.04782042164394214
10,2112.81,0.048603663917236195
10,2117.19,0.04938824397985181
10,2121.56,0.05016988579519841
10,2125.94,0.05093069706729373
10,2130.31,0.05165563921954282
10,2134.69,0.05234767710659111
10,2139.0600000000004,0.05302533609988013
10,2143.44,0.05368877702195925
10,2147.8100000000004,0.054353080001895746
10,2152.19,0.055040599970950635
10,2156.56,0.05570399298625443
10,2160.94,0.05631410576924269
10,2165.31,0.056905120397676714
10,2169.69,0.05746918846513183
10,2174.06,0.05800205741079596
10,2178.44,0.058522537897142304
10,2182.81,0.05904580126503622
10,2187.19,0.059563549636918636
10,2191.56,0.06001840772998578
10,2195.9399999999996,0.06041267072806429
10,2200.31,0.06076965073122284
10,2204.6899999999996,0.06106697060763733
10,2209.06,0.06128094604916076
10,2213.44,0.061394639873459236
10,2217.81,0.061394066680854814
10,2222.19,0.06125941032444455
10,2226.56,0.060959822064513274
10,2230.94,0.06047370116197997
10,2235.31,0.05979871967653912
10,2239.69,0.0589549863994911
10,2244.06,0.05797414909065972
10,2248.44,0.056892724846505205
10,2252.8100000000004,0.05575202865462229
10,2257.19,0.05457257382670376
10,2261.56,0.053387268125543945
10,2265.94,0.05223956523070349
10,2270.31,0.051154658778092034
10,2274.69,0.05013155401879767
10,2279.06,0.04914138562003424
10,2283.44,0.04814421933960206
10,2287.81,0.04712044183797541
10,2292.19,0.04605254250692095
10,2296.56,0.04496441339231464
10,2300.94,0.04396806475313416
10,2305.31,0.04314451370869256
10,2309.6899999999996,0.042513856616648894
10,2314.06,0.042024901899428625
10,2318.44,0.04154914018447444
10,2322.81,0.0410000206203836
10,2327.19,0.040399288781385136
10,2331.56,0.03976810109682182
10,2335.94,0.03909736328046913
10,2340.31,0.03838150050186084
10,2344.69,0.037689805125849886
10,2349.06,0.037066729035323126
10,2353.44,0.036460797918727694
10,2357.8100000000004,0.03592376740360738
10,2362.19,0.0354626143759839
10,2366.5600000000004,0.0349917983400936
10,2370.94,0.03444468729119614
10,2375.31,0.033894850951446766
10,2379.69,0.033371052442339774
10,2384.06,0.03278121320402642
10,2388.44,0.03215911087955191
10,2392.81,0.0315972996255099
10,2397.19,0.031082477178685376
10,2401.56,0.03059279875538057
10,2405.94,0.03007768508236824
10,2410.31,0.029514420344034484
10,2414.6899999999996,0.02885530507257201
10,2419.06,0.028078595005210094
10,2423.4399999999996,0.027498735311717818
10,2427.81,0.027080792163097736
10,2432.19,0.026613305560705784
10,2436.56,0.02598057063592877
10,2440.94,0.025447024573356562
10,2445.31,0.024950287480888744
10,2449.69,0.024109973431930214
10,2454.06,0.023438674048760103
10,2458.44,0.023185033646657957
10,2462.81,0.022911073547332923
10,2467.19,0.022548709102638644
10,2471.5600000000004,0.022019697062258734
12,402.188,0.012298705838135733
12,406.56199999999995,0.012391187236912389
12,410.93800000000005,0.012577146808308848
12,415.313,0.012861486355215569
12,419.68699999999995,0.01322220557736234
12,424.06300000000005,0.013643181140713072
12,428.438,0.014124828373009666
12,432.813,0.014640824136726844
12,437.18800000000005,0.015138190535716732
12,441.563,0.01561829482287243
12,445.938,0.01609199522597002
12,450.31300000000005,0.016541110607961897
12,454.688,0.016944898446370673
12,459.063,0.017288003673140005
12,463.438,0.017560311071605123
12,467.813,0.01777654074380309
12,472.187,0.017964172392172243
12,476.562,0.01814092523927664
12,480.938,0.01833193017395932
12,485.313,0.018601973130363828
12,489.688,0.019029470889546447
12,494.063,0.019679811478460384
12,498.438,0.02067531994083992
12,502.812,0.022176609219016645
12,507.188,0.02426816395073414
12,511.563,0.02704667217041662
12,515.937,0.030669472745103423
12,520.313,0.034927723513757475
12,524.687,0.039235376828641005
12,529.062,0.043212020080555955
12,533.438,0.04657934724469347
12,537.813,0.04923017054883933
12,542.188,0.05127023671280949
12,546.563,0.05279987566799978
12,550.938,0.0537835265010585
12,555.312,0.0540628983909548
12,559.688,0.0535088286174131
12,564.063,0.052168814524830194
12,568.438,0.05020821640415019
12,572.813,0.047901202465969954
12,577.187,0.04567562637526872
12,581.562,0.04384638421151689
12,585.938,0.04246052786331221
12,590.313,0.04142938779439994
12,594.688,0.04067386299297549
12,599.063,0.040036962212997275
12,603.438,0.03926733969975201
12,607.812,0.03820637669463299
12,612.188,0.03691171981839636
12,616.563,0.03562530763086752
12,620.937,0.034616227050175134
12,625.312,0.03398069665412202
12,629.687,0.03357219622633291
12,634.063,0.03307821087248641
12,638.437,0.032224218089193485
12,642.813,0.030974252539989346
12,647.188,0.029522155522703583
12,651.563,0.02809735412771976
12,655.938,0.026715818068558876
12,660.313,0.02529899981568338
12,664.687,0.023975160299159245
12,669.063,0.02299535850545739
12,673.438,0.02256481056783041
12,677.813,0.02284829075754692
12,682.187,0.024232919262395625
12,686.562,0.02770748330226492
12,690.937,0.034621649105263066
12,695.312,0.04550449779183653
12,699.688,0.06002057906053186
12,704.063,0.07724687595033909
12,708.438,0.09544905094169287
12,712.813,0.11379556932097037
12,717.187,0.133683525171554
12,721.563,0.15574381835722567
12,725.938,0.17728163686475182
12,730.313,0.19619736118949022
12,734.687,0.21138481218522606
12,739.063,0.2231583548306263
12,743.437,0.23226538084375148
12,747.812,0.2390499817867895
12,752.188,0.2438571079617103
12,756.563,0.24733063485638504
12,760.938,0.25050066203807697
12,765.313,0.25334791411230356
12,769.688,0.2550321173368646
12,774.063,0.2560942655260007
12,778.438,0.2569618740912083
12,782.813,0.2576929261013246
12,787.188,0.2583355701554804
12,791.563,0.2589311965254659
12,795.937,0.25948995757032794
12,800.312,0.26001815076029944
12,804.688,0.26051368864805247
12,809.063,0.26099309599888704
12,813.438,0.26149871108387895
12,817.813,0.2620094586736484
12,822.188,0.26241490847877436
12,826.5630000000001,0.2626909259102021
12,830.937,0.2629059443968526
12,835.313,0.26313659460466987
12,839.688,0.2634301921914117
12,844.063,0.26378317044960164
12,848.437,0.26417619045328483
12,852.812,0.2645962917855283
12,857.187,0.2650108021381118
12,861.563,0.2653940337526914
12,865.938,0.26575778768426245
12,870.313,0.2660998366737011
12,874.687,0.26640699904783527
12,879.063,0.2666854502390709
12,883.437,0.2669364731332643
12,887.813,0.2671625344702907
12,892.188,0.2673855396748167
12,896.562,0.26762472016917455
12,900.938,0.26783996121591563
12,905.312,0.2679753754731691
12,909.6880000000001,0.26803602524101733
12,914.062,0.26798097373458485
12,918.438,0.26776070856311235
12,922.813,0.2674244797372174
12,927.188,0.266998490772192
12,931.563,0.2662505921188979
12,935.937,0.2644657817925649
12,940.312,0.26198774369655387
12,944.688,0.25935663614050586
12,949.063,0.25592687428069827
12,953.438,0.25205586928389245
12,957.812,0.24861222137498393
12,962.187,0.24628617461760455
12,966.562,0.2451039738068744
12,970.938,0.24465838388753977
12,975.313,0.24467309096626874
12,979.688,0.24510886933695825
12,984.063,0.24595839419028107
12,988.438,0.24722068064595853
12,992.812,0.2488172283299123
12,997.188,0.2505442910121336
12,1001.5600000000001,0.2523137933308893
12,1005.94,0.25418404197469974
12,1010.3100000000001,0.2561557871764758
12,1014.69,0.25816136580559107
12,1019.0600000000001,0.26016132064669334
12,1023.4399999999999,0.26212874928195223
12,1027.81,0.2640189825497836
12,1032.19,0.2658002908858071
12,1036.56,0.2674657432039441
12,1040.94,0.269002344862576
12,1045.31,0.27039682996178105
12,1049.69,0.27164622257806753
12,1054.06,0.2727325255607469
12,1058.44,0.27364212802077265
12,1062.81,0.2743809125584826
12,1067.19,0.27496162875785063
12,1071.5600000000002,0.2753866319096237
12,1075.9399999999998,0.27564804527258446
12,1080.3100000000002,0.2757439402949034
12,1084.6899999999998,0.27567392495344717
12,1089.06,0.27544954377301345
12,1093.44,0.27509612909169906
12,1097.81,0.27462108034588956
12,1102.19,0.2740253083015743
12,1106.56,0.2733581053981573
12,1110.94,0.2727038783871071
12,1115.31,0.2720099269650319
12,1119.69,0.27081836627729217
12,1124.06,0.2678360020771747
12,1128.44,0.2623745105075044
12,1132.8100000000002,0.2558431350476937
12,1137.1899999999998,0.24955382341905974
12,1141.56,0.24347307370764065
12,1145.94,0.2353338746367399
12,1150.31,0.2267487252637785
12,1154.69,0.2215033198278036
12,1159.06,0.21881676254376067
12,1163.44,0.2173631616719996
12,1167.81,0.2165095687004379
12,1172.19,0.21596488095386537
12,1176.56,0.21556786311362094
12,1180.94,0.21520933401551604
12,1185.3100000000002,0.21485806482382264
12,1189.6899999999998,0.2145932399789052
12,1194.06,0.21452824980237228
12,1198.44,0.2147474253710122
12,1202.81,0.21527081025160663
12,1207.19,0.2160429782463738
12,1211.56,0.21703371439263267
12,1215.94,0.21821564341670835
12,1220.31,0.21951422868631884
12,1224.69,0.22087235068226455
12,1229.06,0.22222866990951784
12,1233.44,0.22352158969809968
12,1237.8100000000002,0.2247282371892906
12,1242.1899999999998,0.2258553714445506
12,1246.56,0.226905751989076
12,1250.94,0.22784939512022231
12,1255.31,0.2286465175211471
12,1259.69,0.22928117231824474
12,1264.06,0.229724037808023
12,1268.44,0.22988017613393283
12,1272.81,0.2296811305194928
12,1277.19,0.2291573298716314
12,1281.56,0.22832569748121945
12,1285.94,0.22718702446297842
12,1290.3100000000002,0.22572177995243975
12,1294.6899999999998,0.22384711421262524
12,1299.0600000000002,0.22150378629173104
12,1303.4399999999998,0.2186794903912579
12,1307.81,0.21534246717184946
12,1312.19,0.21141715891628302
12,1316.56,0.20693048472106043
12,1320.94,0.2022090541761255
12,1325.31,0.19750304774492153
12,1329.69,0.19231224306072225
12,1334.06,0.1862682066951721
12,1338.44,0.18106953934495468
12,1342.81,0.17756377002920884
12,1347.19,0.175151957628263
12,1500.31,0.06485800544406259
12,1504.69,0.06678885456191382
12,1509.0600000000002,0.06881691809556605
12,1513.4399999999998,0.07086327615617116
12,1517.8100000000002,0.0730004487142168
12,1522.1899999999998,0.07514133093738025
12,1526.56,0.07726826451091906
12,1530.94,0.07942674521096257
12,1535.31,0.08158013872851275
12,1539.69,0.08372803474577799
12,1544.06,0.08588551601841324
12,1548.44,0.08801357269377404
12,1552.81,0.09009019674098641
12,1557.19,0.09213072670688156
12,1561.56,0.09409871388317043
12,1565.94,0.09600700360648025
12,1570.3100000000002,0.09794473578624552
12,1574.6899999999998,0.09989759085890824
12,1579.06,0.10177111102680875
12,1583.44,0.10356972442821205
12,1587.81,0.10534128134915414
12,1592.19,0.10708287197389638
12,1596.56,0.10876195632230873
12,1600.94,0.11040985079631828
12,1605.31,0.11202414081052689
12,1609.69,0.11357150296610974
12,1614.06,0.11502936606143196
12,1618.44,0.11637600044340639
12,1622.8100000000002,0.11764209090125775
12,1627.1899999999998,0.11883081746274744
12,1631.56,0.1199137751248838
12,1635.94,0.12088477463876814
12,1640.31,0.12175553697741841
12,1644.69,0.12250403609524102
12,1649.06,0.12308423800590007
12,1653.44,0.12348721948119494
12,1657.81,0.12373934098630318
12,1662.19,0.12388840562006113
12,1666.56,0.12397115251106156
12,1670.94,0.12396777364010007
12,1675.3100000000002,0.12381025558672949
12,1679.6899999999998,0.12344936851143755
12,1684.06,0.12289532213510528
12,1688.44,0.12218088942370958
12,1692.81,0.12131581925531627
12,1697.19,0.12030720978474807
12,1701.56,0.11919061786250064
12,1705.94,0.11801134726378314
12,1710.31,0.11680912058728224
12,1714.69,0.11566410492089192
12,1719.06,0.11461555076546327
12,1723.44,0.11362446643613341
12,1727.8100000000002,0.11269953893884563
12,1732.1899999999998,0.11181983476659474
12,1736.5600000000002,0.11084599654853261
12,1740.9399999999998,0.10970089728714398
12,1745.31,0.10837612328968343
12,1749.69,0.1069295929478084
12,1754.06,0.1054878989213412
12,1758.44,0.10411788753834952
12,1762.81,0.10288708232719854
12,1767.19,0.10180428182577245
12,1771.56,0.10093201611691524
12,1775.94,0.10024359136309031
12,1780.31,0.09966349023479422
12,1784.69,0.09921871212600031
12,1789.0600000000002,0.09893525267948611
12,1999.06,0.03341256679012152
12,2003.4399999999998,0.034232909654067216
12,2007.8100000000002,0.035292576607352
12,2012.1899999999998,0.03623291759524318
12,2016.5600000000002,0.037315454538030306
12,2020.94,0.03822860908241501
12,2025.3100000000002,0.038885661807880424
12,2029.69,0.03949306419558437
12,2034.0600000000002,0.04008085377868103
12,2038.44,0.04064124647648591
12,2042.8099999999997,0.04119575116458059
12,2047.19,0.04174116500156551
12,2051.56,0.04234312149308678
12,2055.94,0.04304498791996588
12,2060.31,0.04372595756251005
12,2064.69,0.04438493675357954
12,2069.06,0.045075326197077825
12,2073.44,0.045752438440473255
12,2077.81,0.04639582887513775
12,2082.19,0.04703867639153112
12,2086.56,0.047709044744363806
12,2090.9399999999996,0.048382618112781106
12,2095.31,0.049042911579222304
12,2099.69,0.0497187774155903
12,2104.06,0.05040149692571116
12,2108.44,0.051057572354152383
12,2112.81,0.05170290827424165
12,2117.19,0.05235348096293452
12,2121.56,0.0530060070680346
12,2125.94,0.05363001491682258
12,2130.31,0.05420139121425072
12,2134.69,0.05473597429768205
12,2139.0600000000004,0.055258038862282026
12,2143.44,0.05576135698996789
12,2147.8100000000004,0.05625634217699938
12,2152.19,0.05676487617506813
12,2156.56,0.05725159328945569
12,2160.94,0.05769441273935407
12,2165.31,0.05811955845141474
12,2169.69,0.0585245599622459
12,2174.06,0.05890745194250888
12,2178.44,0.05928142625937842
12,2182.81,0.059657955084401096
12,2187.19,0.060022666193383624
12,2191.56,0.060327166436392285
12,2195.9399999999996,0.06058173217203138
12,2200.31,0.060823843100345554
12,2204.6899999999996,0.061053754444043165
12,2209.06,0.06124032828265445
12,2213.44,0.06135004858298026
12,2217.81,0.06138009940778419
12,2222.19,0.0613225788436959
12,2226.56,0.06112028419935348
12,2230.94,0.06071449624436425
12,2235.31,0.06010728133755924
12,2239.69,0.059351788814207974
12,2244.06,0.05849507067553116
12,2248.44,0.057564297373370474
12,2252.8100000000004,0.05658509026446001
12,2257.19,0.055569076283603976
12,2261.56,0.05454301463743192
12,2265.94,0.05355189113897708
12,2270.31,0.052622756245700834
12,2274.69,0.051746427664717716
12,2279.06,0.05089506552802977
12,2283.44,0.05004737949779211
12,2287.81,0.049193986398961206
12,2292.19,0.048306583099981766
12,2296.56,0.04738788295804247
12,2300.94,0.04652705052745634
12,2305.31,0.0458030919330272
12,2309.6899999999996,0.04524077227724835
12,2314.06,0.04479280076577706
12,2318.44,0.04435327766224364
12,2322.81,0.04386437304033141
12,2327.19,0.04334240164838969
12,2331.56,0.04279630660802022
12,2335.94,0.04223634901382349
12,2340.31,0.04168507873375231
12,2344.69,0.04119890644139325
12,2349.06,0.04080707826335955
12,2353.44,0.040469182646143395
12,2357.8100000000004,0.0401888944816113
12,2362.19,0.039944430755881145
12,2366.5600000000004,0.03967632139324574
12,2370.94,0.03934171687621345
12,2375.31,0.03898644047688954
12,2379.69,0.03861339835079851
12,2384.06,0.03813385706776032
12,2388.44,0.037582769865273556
12,2392.81,0.0370694969223105
12,2397.19,0.03660049131308095
12,2401.56,0.03614672827442788
12,2405.94,0.035657094231842844
12,2410.31,0.03513246365269839
12,2414.6899999999996,0.03451748733652328
12,2419.06,0.03376049120127915
12,2423.4399999999996,0.0331833855280678
12,2427.81,0.0327730896908737
12,2432.19,0.03231541419694658
12,2436.56,0.03168371820275472
12,2440.94,0.031148196130996546
12,2445.31,0.030637868692582417
12,2449.69,0.029690791069485568
12,2454.06,0.02890098136691305
12,2458.44,0.028641816079340864
12,2462.81,0.028373718016422945
12,2467.19,0.027977124227380353
12,2471.5600000000004,0.027367903234316905
15,402.188,0.010363107224096606
15,406.56199999999995,0.010526530139653807
15,410.93800000000005,0.010786870005788138
15,415.313,0.011119212091312393
15,419.68699999999995,0.011485984466652437
15,424.06300000000005,0.011863508536429965
15,428.438,0.012241122147305076
15,432.813,0.01259903493768503
15,437.18800000000005,0.012911995848508264
15,441.563,0.013195657034129291
15,445.938,0.013470955325824296
15,450.31300000000005,0.01373672761164163
15,454.688,0.013984255715228372
15,459.063,0.014203485482619693
15,463.438,0.014385075376945314
15,467.813,0.014535646468958911
15,472.187,0.014671080282221815
15,476.562,0.014801955459650198
15,480.938,0.01494574107448856
15,485.313,0.015146757491639327
15,489.688,0.015455485687054384
15,494.063,0.015914152946452414
15,498.438,0.01660965297893209
15,502.812,0.01765914928176443
15,507.188,0.019127543938159956
15,511.563,0.02108300400626547
15,515.937,0.023622700782260638
15,520.313,0.02657445034056372
15,524.687,0.029509238089335504
15,529.062,0.032167195124924726
15,533.438,0.034383529764820446
15,537.813,0.036117373731937526
15,542.188,0.037464139282501224
15,546.563,0.038503228150132525
15,550.938,0.03921661698768411
15,555.312,0.03950182901452543
15,559.688,0.03926497674170163
15,564.063,0.038516763978358834
15,568.438,0.03735316277945842
15,572.813,0.03595157170012189
15,577.187,0.03458637937796976
15,581.562,0.03346007722465905
15,585.938,0.03261071515428754
15,590.313,0.031991588620281404
15,594.688,0.031555450152378435
15,599.063,0.0311973124457479
15,603.438,0.03074809408281132
15,607.812,0.030097585793695526
15,612.188,0.029279451918855108
15,616.563,0.028457101620646512
15,620.937,0.02781902585040587
15,625.312,0.027433851890906483
15,629.687,0.027187866494717407
15,634.063,0.026836689414867842
15,638.437,0.026174726520303435
15,642.813,0.02520201269971708
15,647.188,0.0241068286274382
15,651.563,0.02308501250407843
15,655.938,0.022137365350910175
15,660.313,0.021176424089193496
15,664.687,0.020273974101552735
15,669.063,0.019610362953918204
15,673.438,0.019342964932815048
15,677.813,0.019608536411537206
15,682.187,0.02073266964627304
15,686.562,0.02352610535569163
15,690.937,0.029049034839326235
15,695.312,0.03758644095162838
15,699.688,0.048621752542434345
15,704.063,0.06120927439604298
15,708.438,0.07394834002100176
15,712.813,0.08620976930100581
15,717.187,0.09885309304969123
15,721.563,0.11217252473286278
15,725.938,0.12445788664134633
15,730.313,0.13462527584816011
15,734.687,0.1423880920067441
15,739.063,0.14819605892772938
15,743.437,0.15260922153689838
15,747.812,0.15589660549221185
15,752.188,0.15827053575508984
15,756.563,0.16005803741674773
15,760.938,0.16178171719570314
15,765.313,0.16338108301517587
15,769.688,0.1643645854861788
15,774.063,0.16504529026765583
15,778.438,0.16566071349839645
15,782.813,0.16622774124890075
15,787.188,0.16675988633854547
15,791.563,0.1672702467496924
15,795.937,0.16775690615750385
15,800.312,0.16822123677709358
15,804.688,0.16866090799232805
15,809.063,0.16909007316923416
15,813.438,0.16954596783102965
15,817.813,0.17001359066373112
15,822.188,0.17040617745218858
15,826.5630000000001,0.1707085598888594
15,830.937,0.17096795554852084
15,835.313,0.17122338469457238
15,839.688,0.17149943786264338
15,844.063,0.1718002546153649
15,848.437,0.17212243424557402
15,852.812,0.17246222343626993
15,857.187,0.1727964300668271
15,861.563,0.17310739439748773
15,865.938,0.1734091192472092
15,870.313,0.17370565480538544
15,874.687,0.17398967896194797
15,879.063,0.17426316662763633
15,883.437,0.17451978332077217
15,887.813,0.17475561349292437
15,892.188,0.17498925422622824
15,896.562,0.17524202687408702
15,900.938,0.1754822834478445
15,905.312,0.1756617675203925
15,909.6880000000001,0.17579930054346043
15,914.062,0.17588563831661855
15,918.438,0.17588384927127704
15,922.813,0.17581564130953398
15,927.188,0.17570730131397105
15,931.563,0.17548181617749406
15,935.937,0.17486114013353504
15,940.312,0.17391127585414398
15,944.688,0.17280863554432982
15,949.063,0.1713029783879885
15,953.438,0.16955146246696864
15,957.812,0.1679484836645879
15,962.187,0.16683277808952837
15,966.562,0.16624808221913465
15,970.938,0.16603167036964317
15,975.313,0.16606259929825945
15,979.688,0.16630900468591187
15,984.063,0.16675568618876394
15,988.438,0.16740594150332336
15,992.812,0.16823745366778986
15,997.188,0.16916979475522861
15,1001.5600000000001,0.17015320078796767
15,1005.94,0.17119288362026222
15,1010.3100000000001,0.17227218699476102
15,1014.69,0.17335682629684473
15,1019.0600000000001,0.17443601656410726
15,1023.4399999999999,0.17549899817694325
15,1027.81,0.17651962329109405
15,1032.19,0.1774794662570097
15,1036.56,0.17837488079575514
15,1040.94,0.17920081679636043
15,1045.31,0.17995527485792037
15,1049.69,0.18064351442172916
15,1054.06,0.18126166288150836
15,1058.44,0.1818066211278147
15,1062.81,0.18228280525980822
15,1067.19,0.18269356527605307
15,1071.5600000000002,0.1830342101827214
15,1075.9399999999998,0.18329803616240248
15,1080.3100000000002,0.18348469409664755
15,1084.6899999999998,0.1835931424426386
15,1089.06,0.18362530154463022
15,1093.44,0.18359240112836467
15,1097.81,0.18349850266055837
15,1102.19,0.18333799832671271
15,1106.56,0.18312311196908101
15,1110.94,0.18288986815203664
15,1115.31,0.1826238521916722
15,1119.69,0.1821170614499304
15,1124.06,0.18071802022431557
15,1128.44,0.17801914453366835
15,1132.8100000000002,0.17470453433402142
15,1137.1899999999998,0.1714747491384288
15,1141.56,0.16830985558361872
15,1145.94,0.16397664236498177
15,1150.31,0.15928547861783265
15,1154.69,0.15631330422675102
15,1159.06,0.15471736359402732
15,1163.44,0.1538037083937849
15,1167.81,0.15322890876018297
15,1172.19,0.15283304665544303
15,1176.56,0.1525226577847392
15,1180.94,0.15223267391259587
15,1185.3100000000002,0.15194679581917342
15,1189.6899999999998,0.15171945300644055
15,1194.06,0.15162792038590217
15,1198.44,0.1517306310950426
15,1202.81,0.15205421026158478
15,1207.19,0.15258185512368003
15,1211.56,0.1533014706900834
15,1215.94,0.15418766275398751
15,1220.31,0.1551758033221995
15,1224.69,0.15621165170601373
15,1229.06,0.15723174629226916
15,1233.44,0.15818026877008823
15,1237.8100000000002,0.15904538857126274
15,1242.1899999999998,0.15983745858200937
15,1246.56,0.16056266115533296
15,1250.94,0.16121082749772314
15,1255.31,0.16176578147197973
15,1259.69,0.1622210201166683
15,1264.06,0.16256167324625187
15,1268.44,0.1627359737249246
15,1272.81,0.16270488522874135
15,1277.19,0.162489018899815
15,1281.56,0.16210369613069078
15,1285.94,0.16154607806102642
15,1290.3100000000002,0.16079944138508637
15,1294.6899999999998,0.1598149019737109
15,1299.0600000000002,0.15855029531489637
15,1303.4399999999998,0.15698608866514707
15,1307.81,0.15509414867452873
15,1312.19,0.15281623546491757
15,1316.56,0.15015337768158996
15,1320.94,0.14729392441922629
15,1325.31,0.14438878404305006
15,1329.69,0.1411193521458152
15,1334.06,0.13724565614596215
15,1338.44,0.133867571733077
15,1342.81,0.13156417661676312
15,1347.19,0.12997058898811215
15,1500.31,0.050824678712143516
15,1504.69,0.0523107632670259
15,1509.0600000000002,0.0538596815133252
15,1513.4399999999998,0.05540891853538463
15,1517.8100000000002,0.057012619367785025
15,1522.1899999999998,0.058604517126287364
15,1526.56,0.06016990025911285
15,1530.94,0.0617425791258778
15,1535.31,0.06329698806885904
15,1539.69,0.06483400554609603
15,1544.06,0.06636637329223702
15,1548.44,0.06786893906009828
15,1552.81,0.06932758607054638
15,1557.19,0.07075295717385106
15,1561.56,0.07211968260738444
15,1565.94,0.07343911071639588
15,1570.3100000000002,0.0747750713274398
15,1574.6899999999998,0.07611858274363603
15,1579.06,0.07740718217270673
15,1583.44,0.07864832943274072
15,1587.81,0.0798788813820736
15,1592.19,0.08109877320801806
15,1596.56,0.08228428157801525
15,1600.94,0.0834541485274307
15,1605.31,0.0846045628304517
15,1609.69,0.08571066885973683
15,1614.06,0.08675282352275446
15,1618.44,0.0877108729558332
15,1622.8100000000002,0.08860454126102595
15,1627.1899999999998,0.0894383413176029
15,1631.56,0.09019614446713821
15,1635.94,0.09087328259348308
15,1640.31,0.09146981454369389
15,1644.69,0.09195691365198937
15,1649.06,0.09229214355718054
15,1653.44,0.09246735852918268
15,1657.81,0.09250834795756134
15,1662.19,0.09246048488237431
15,1666.56,0.09236550540907097
15,1670.94,0.0922276437011304
15,1675.3100000000002,0.09199546956252866
15,1679.6899999999998,0.09161441189703688
15,1684.06,0.09108265995823471
15,1688.44,0.09042204319537446
15,1692.81,0.0896370779949832
15,1697.19,0.08873638572619579
15,1701.56,0.08775824330353219
15,1705.94,0.08675127026134204
15,1710.31,0.08576049815850094
15,1714.69,0.08486330336369312
15,1719.06,0.0840999572064494
15,1723.44,0.08344784119683128
15,1727.8100000000002,0.08290932769473941
15,1732.1899999999998,0.0824550159086901
15,1736.5600000000002,0.08196486173504165
15,1740.9399999999998,0.08134464387387666
15,1745.31,0.08056633955747405
15,1749.69,0.07968191901669212
15,1754.06,0.07879917352042118
15,1758.44,0.07797976437314853
15,1762.81,0.07727278541299008
15,1767.19,0.07668169745645367
15,1771.56,0.0762282358202781
15,1775.94,0.07588244049089463
15,1780.31,0.07558933811667003
15,1784.69,0.0753566019430131
15,1789.0600000000002,0.07520766842011957
15,1999.06,0.02581706313435902
15,2003.4399999999998,0.02651836940956492
15,2007.8100000000002,0.02738558667721221
15,2012.1899999999998,0.028104952633417994
15,2016.5600000000002,0.0289083718760655
15,2020.94,0.029590415380697458
15,2025.3100000000002,0.030078332947317415
15,2029.69,0.030521765624964215
15,2034.0600000000002,0.030945508638326468
15,2038.44,0.03134426467475623
15,2042.8099999999997,0.031732088093356
15,2047.19,0.03210467903049789
15,2051.56,0.03250598836889819
15,2055.94,0.0329680475423292
15,2060.31,0.033415154940867976
15,2064.69,0.03384918588037759
15,2069.06,0.03430630137775714
15,2073.44,0.03475597182302814
15,2077.81,0.03518227988286672
15,2082.19,0.035605837605169055
15,2086.56,0.03604600282435995
15,2090.9399999999996,0.03648909640080359
15,2095.31,0.03692557664964222
15,2099.69,0.03737343301444009
15,2104.06,0.03782580029944011
15,2108.44,0.03826089432410549
15,2112.81,0.03869015566184241
15,2117.19,0.03912415659660462
15,2121.56,0.0395606593022946
15,2125.94,0.03998267054755309
15,2130.31,0.04037851582774096
15,2134.69,0.04075972302495623
15,2139.0600000000004,0.0411438394140405
15,2143.44,0.041528959588390243
15,2147.8100000000004,0.04192337108253656
15,2152.19,0.04234217100833083
15,2156.56,0.04275547005210592
15,2160.94,0.04314346616221016
15,2165.31,0.04352514813778869
15,2169.69,0.04389282319001536
15,2174.06,0.04424213299898909
15,2178.44,0.0445855181823397
15,2182.81,0.04493397061521557
15,2187.19,0.045278598101227606
15,2191.56,0.04557928284424069
15,2195.9399999999996,0.045843532294272245
15,2200.31,0.046096357541431106
15,2204.6899999999996,0.046327341765953156
15,2209.06,0.04651236092615308
15,2213.44,0.04663048366750783
15,2217.81,0.0466738793066841
15,2222.19,0.046626695863872296
15,2226.56,0.04644777129989886
15,2230.94,0.046099740499457816
15,2235.31,0.04557896005966397
15,2239.69,0.044912902451835275
15,2244.06,0.044133482705311956
15,2248.44,0.04327215561756486
15,2252.8100000000004,0.042366280940108796
15,2257.19,0.04143702314352013
15,2261.56,0.0405124838552501
15,2265.94,0.03963035607349575
15,2270.31,0.03881512525673144
15,2274.69,0.03806608152712245
15,2279.06,0.03735995410686331
15,2283.44,0.03666715325152967
15,2287.81,0.03596813048772437
15,2292.19,0.03524084603172543
15,2296.56,0.0345003547496602
15,2300.94,0.033834706194155094
15,2305.31,0.03331405083822216
15,2309.6899999999996,0.03295379981646323
15,2314.06,0.03270953605628785
15,2318.44,0.03248933338774175
15,2322.81,0.03221907385343837
15,2327.19,0.031885280611478405
15,2331.56,0.03150147632844813
15,2335.94,0.031086869641171626
15,2340.31,0.030663833738233764
15,2344.69,0.030284880372274805
15,2349.06,0.029983060982555296
15,2353.44,0.02973191712916756
15,2357.8100000000004,0.029530714321321726
15,2362.19,0.029355500938957717
15,2366.5600000000004,0.029157007577287408
15,2370.94,0.02890280635958243
15,2375.31,0.028632389729768365
15,2379.69,0.028355178979925268
15,2384.06,0.028012093625293534
15,2388.44,0.02762740867774365
15,2392.81,0.02726920742897329
15,2397.19,0.026936505744970116
15,2401.56,0.02661174888947304
15,2405.94,0.026257771745693263
15,2410.31,0.025865237741380623
15,2414.6899999999996,0.025395435129864353
15,2419.06,0.024837884007019684
15,2423.4399999999996,0.024421638820848773
15,2427.81,0.024111242397362766
15,2432.19,0.023748478795035898
15,2436.56,0.02324473173105609
15,2440.94,0.022807870527797192
15,2445.31,0.022365613685555282
15,2449.69,0.021575648930355042
15,2454.06,0.020984289905812217
15,2458.44,0.020799745095110653
15,2462.81,0.020559381643392986
15,2467.19,0.020189361845966012
15,2471.5600000000004,0.01963861096628232
17,402.188,0.013689222842822932
17,406.56199999999995,0.013799525016382017
17,410.93800000000005,0.014008333940213323
17,415.313,0.014315800875280787
17,419.68699999999995,0.014698040807463933
17,424.06300000000005,0.015138941391238187
17,428.438,0.015638771800384
17,432.813,0.01617064376841085
17,437.18800000000005,0.016681003617975327
17,441.563,0.01717305574835981
17,445.938,0.017659609122606716
17,450.31300000000005,0.018122816913479996
17,454.688,0.018542110902783147
17,459.063,0.01890283064251776
17,463.438,0.01919511568640774
17,467.813,0.019433187092323865
17,472.187,0.019643721313823182
17,476.562,0.019843973428791503
17,480.938,0.020058628578922343
17,485.313,0.02035155360828882
17,489.688,0.020799026902058964
17,494.063,0.02146282842173096
17,498.438,0.022462108409932912
17,502.812,0.023953667916167255
17,507.188,0.026017416387224324
17,511.563,0.02874587679915504
17,515.937,0.0322926620961234
17,520.313,0.03645403866044057
17,524.687,0.040659842867845374
17,529.062,0.04454334677872957
17,533.438,0.0478381437584603
17,537.813,0.050443312486871006
17,542.188,0.052461801170232164
17,546.563,0.05398733058549629
17,550.938,0.05498338405656889
17,555.312,0.05530097729518721
17,559.688,0.05482108402740561
17,564.063,0.053588047213400936
17,568.438,0.05175378698890466
17,572.813,0.049577935815174806
17,577.187,0.047475113258826085
17,581.562,0.04575391970253666
17,585.938,0.04446352936047545
17,590.313,0.04351932563140493
17,594.688,0.042840317286624525
17,599.063,0.0422713346933621
17,603.438,0.041571536475335895
17,607.812,0.04059052083863802
17,612.188,0.03938568471396894
17,616.563,0.03819082384476944
17,620.937,0.0372649826569653
17,625.312,0.03670077183879164
17,629.687,0.036355128970185495
17,634.063,0.03592353183394969
17,638.437,0.03514129411394661
17,642.813,0.03397682324836774
17,647.188,0.03261916246893687
17,651.563,0.031287736525121235
17,655.938,0.029995872521980334
17,660.313,0.02867023354210153
17,664.687,0.027438474730535286
17,669.063,0.026543040000253107
17,673.438,0.026180780219165523
17,677.813,0.026514052149513672
17,682.187,0.027924436050140843
17,686.562,0.03137861702690827
17,690.937,0.03818267386028069
17,695.312,0.04882892872566755
17,699.688,0.062974634206779
17,704.063,0.07971741366305922
17,708.438,0.09737496388209287
17,712.813,0.11514848650621451
17,717.187,0.1343993598101996
17,721.563,0.15574392778179777
17,725.938,0.1765819641350255
17,730.313,0.19489139847973377
17,734.687,0.20960762345580347
17,739.063,0.2210380779590633
17,743.437,0.22990695704166828
17,747.812,0.23654232726594912
17,752.188,0.24126826974865143
17,756.563,0.24470947829444076
17,760.938,0.24789257752123467
17,765.313,0.25078697164499114
17,769.688,0.25251556585555757
17,774.063,0.25362130185429244
17,778.438,0.25454359564042733
17,782.813,0.25533983113589875
17,787.188,0.2560545456241249
17,791.563,0.256727376413787
17,795.937,0.2573659512662739
17,800.312,0.2579744010522879
17,804.688,0.2585491187519644
17,809.063,0.25910672624386494
17,813.438,0.25969759128368625
17,817.813,0.2603065271231854
17,822.188,0.2608113161709748
17,826.5630000000001,0.2611813761376443
17,830.937,0.261489908801304
17,835.313,0.2618119750532046
17,839.688,0.2621911670807285
17,844.063,0.26262602157901116
17,848.437,0.2631017598220846
17,852.812,0.2636090257418164
17,857.187,0.2641124954665921
17,861.563,0.26458257828661114
17,865.938,0.2650351319373314
17,870.313,0.2654689717581728
17,874.687,0.26586768165014046
17,879.063,0.26623937994179797
17,883.437,0.2665857324750263
17,887.813,0.2669046528997555
17,892.188,0.2672170543267167
17,896.562,0.2675532835395878
17,900.938,0.2678778014477559
17,905.312,0.268115976479245
17,909.6880000000001,0.26827560827187635
17,914.062,0.2683284497101097
17,918.438,0.26821156140344626
17,922.813,0.2679559698060072
17,927.188,0.26758761155689936
17,931.563,0.26689406160626383
17,935.937,0.26521637063101966
17,940.312,0.26288053478106566
17,944.688,0.26037102055877775
17,949.063,0.25708219080998296
17,953.438,0.25337393869137664
17,957.812,0.2500998245115673
17,962.187,0.2479340040025371
17,966.562,0.2468794239400125
17,970.938,0.24652375045503358
17,975.313,0.24661213310585045
17,979.688,0.24712301967278577
17,984.063,0.24808145705951054
17,988.438,0.24954284091952186
17,992.812,0.25139692522079743
17,997.188,0.2533184383413303
17,1001.5600000000001,0.2551881204138915
17,1005.94,0.2571175954408345
17,1010.3100000000001,0.2591398366528287
17,1014.69,0.2611950289351747
17,1019.0600000000001,0.2632477419906995
17,1023.4399999999999,0.26527358974838355
17,1027.81,0.267227685473591
17,1032.19,0.2690770214967368
17,1036.56,0.2708141751747341
17,1040.94,0.2724247461529526
17,1045.31,0.2738928237687435
17,1049.69,0.27521440257522123
17,1054.06,0.27637185533363323
17,1058.44,0.277352873922385
17,1062.81,0.278166505673957
17,1067.19,0.27882929127384753
17,1071.5600000000002,0.27934400713427243
17,1075.9399999999998,0.27969811852010085
17,1080.3100000000002,0.27988527661473217
17,1084.6899999999998,0.2799031844999321
17,1089.06,0.2797630537751226
17,1093.44,0.2794906312604938
17,1097.81,0.27909136954055186
17,1102.19,0.27856202178301903
17,1106.56,0.27795022204735026
17,1110.94,0.277344967977781
17,1115.31,0.27671126013812597
17,1119.69,0.2756351315980349
17,1124.06,0.272887553474724
17,1128.44,0.2677263799550172
17,1132.8100000000002,0.26144886449846205
17,1137.1899999999998,0.2553647357759961
17,1141.56,0.2494700781964385
17,1145.94,0.24157644624870858
17,1150.31,0.23325305372166996
17,1154.69,0.22817481971606407
17,1159.06,0.2255900556148853
17,1163.44,0.224220300592286
17,1167.81,0.22345675549487948
17,1172.19,0.22301587766547198
17,1176.56,0.22273516866324308
17,1180.94,0.22250019099114468
17,1185.3100000000002,0.2222702061487078
17,1189.6899999999998,0.22211073561001393
17,1194.06,0.2221317995337568
17,1198.44,0.22242768695319995
17,1202.81,0.223021910006846
17,1207.19,0.22385182690835065
17,1211.56,0.22488533671171382
17,1215.94,0.22610032036843764
17,1220.31,0.22743175118439252
17,1224.69,0.2288314857910235
17,1229.06,0.23023695794313404
17,1233.44,0.2315789858073285
17,1237.8100000000002,0.23283254227990546
17,1242.1899999999998,0.23400688929607127
17,1246.56,0.2351066378808459
17,1250.94,0.23610331405088347
17,1255.31,0.23695926235968098
17,1259.69,0.23766009361975907
17,1264.06,0.23817595476114353
17,1268.44,0.23840769981114074
17,1272.81,0.23828047197833244
17,1277.19,0.2378261123987178
17,1281.56,0.23706994042228752
17,1285.94,0.23601573119729427
17,1290.3100000000002,0.2346425472570382
17,1294.6899999999998,0.23286792998488506
17,1299.0600000000002,0.23063317077420137
17,1303.4399999999998,0.2279252435874782
17,1307.81,0.22471302833263646
17,1312.19,0.22092423149923746
17,1316.56,0.2165870121828799
17,1320.94,0.21202157825871354
17,1325.31,0.20747349556633515
17,1329.69,0.20245705794924845
17,1334.06,0.19660495058367664
17,1338.44,0.19155124395899992
17,1342.81,0.18812347347675268
17,1347.19,0.18575029886784317
17,1500.31,0.07860729477228984
17,1504.69,0.08056400358292515
17,1509.0600000000002,0.08261841551049863
17,1513.4399999999998,0.08468994991172756
17,1517.8100000000002,0.08685097014709502
17,1522.1899999999998,0.08901270399022321
17,1526.56,0.09115782647545854
17,1530.94,0.09333219344237526
17,1535.31,0.09549833925541522
17,1539.69,0.09765652200581192
17,1544.06,0.09982297777546534
17,1548.44,0.10195845193825559
17,1552.81,0.10404048089975095
17,1557.19,0.10608485176762014
17,1561.56,0.10805675809645711
17,1565.94,0.10997130862837064
17,1570.3100000000002,0.111918274988717
17,1574.6899999999998,0.11388007370071418
17,1579.06,0.11575952150572576
17,1583.44,0.11756266525644717
17,1587.81,0.11933932921137155
17,1592.19,0.12108735634493861
17,1596.56,0.12277543760299517
17,1600.94,0.12443606468691513
17,1605.31,0.12606474352278166
17,1609.69,0.12762421509844363
17,1614.06,0.1290906886450451
17,1618.44,0.13044529290647966
17,1622.8100000000002,0.13172161321292458
17,1627.1899999999998,0.13292210566612617
17,1631.56,0.13401713825344339
17,1635.94,0.13500117584010404
17,1640.31,0.13588609099909252
17,1644.69,0.13664864028357693
17,1649.06,0.13724181038649996
17,1653.44,0.13765622417986847
17,1657.81,0.1379180946979682
17,1662.19,0.1380761220437214
17,1666.56,0.13816842081783717
17,1670.94,0.13817570175882687
17,1675.3100000000002,0.13803016573458993
17,1679.6899999999998,0.13768467159116243
17,1684.06,0.1371523253143948
17,1688.44,0.13646692827550327
17,1692.81,0.13563730691546713
17,1697.19,0.13466713043327064
17,1701.56,0.13358711583173505
17,1705.94,0.13243904820186733
17,1710.31,0.13126083246703127
17,1714.69,0.13013138692155274
17,1719.06,0.12909096306700704
17,1723.44,0.1281040078443359
17,1727.8100000000002,0.12718486652820477
17,1732.1899999999998,0.12631889285284953
17,1736.5600000000002,0.1253701250171263
17,1740.9399999999998,0.12425895888327397
17,1745.31,0.12297102061879416
17,1749.69,0.12155883097159483
17,1754.06,0.12014627473769385
17,1758.44,0.11880259851143384
17,1762.81,0.1175984886400866
17,1767.19,0.1165441659791008
17,1771.56,0.11569984937006726
17,1775.94,0.115036853409638
17,1780.31,0.11447751511621013
17,1784.69,0.11404591195262102
17,1789.0600000000002,0.1137677966030134
17,1999.06,0.045998697194129884
17,2003.4399999999998,0.04687182601140967
17,2007.8100000000002,0.04808982449394809
17,2012.1899999999998,0.04926906212789515
17,2016.5600000000002,0.050646633158067944
17,2020.94,0.05176838764821104
17,2025.3100000000002,0.05254157110947601
17,2029.69,0.05323510493871619
17,2034.0600000000002,0.05388816463254415
17,2038.44,0.054492478331340057
17,2042.8099999999997,0.055077130161058106
17,2047.19,0.05565071870402273
17,2051.56,0.05629220915853479
17,2055.94,0.0570507282338981
17,2060.31,0.05779333514165923
17,2064.69,0.05851028044548768
17,2069.06,0.05925051204388745
17,2073.44,0.05996530704191883
17,2077.81,0.06064404563954451
17,2082.19,0.061332457452803496
17,2086.56,0.062057582437856654
17,2090.9399999999996,0.06277856190957856
17,2095.31,0.06347049348098883
17,2099.69,0.06417492935696482
17,2104.06,0.06489248124176993
17,2108.44,0.0655856881974203
17,2112.81,0.06626784630511937
17,2117.19,0.0669574750591601
17,2121.56,0.06765218242633975
17,2125.94,0.0683062626901818
17,2130.31,0.06888342530505313
17,2134.69,0.06941170987513154
17,2139.0600000000004,0.06992483144953661
17,2143.44,0.07041166123378134
17,2147.8100000000004,0.07088210673515177
17,2152.19,0.071362099892078
17,2156.56,0.07181715910436477
17,2160.94,0.07222536707834865
17,2165.31,0.07261239298910852
17,2169.69,0.07297949933569486
17,2174.06,0.07332640493323464
17,2178.44,0.07366486889234077
17,2182.81,0.07400588582175684
17,2187.19,0.07432798526787723
17,2191.56,0.07457998323988252
17,2195.9399999999996,0.07478005413748995
17,2200.31,0.07498420873360187
17,2204.6899999999996,0.07520967969655412
17,2209.06,0.07541315425002891
17,2213.44,0.07554226503813243
17,2217.81,0.07560151711542293
17,2222.19,0.07558988694755561
17,2226.56,0.07541849654262055
17,2230.94,0.07498714113700877
17,2235.31,0.07430144228254008
17,2239.69,0.07345240775311308
17,2244.06,0.07250903533210519
17,2248.44,0.07149553404705615
17,2252.8100000000004,0.07042970552355557
17,2257.19,0.06931823889857772
17,2261.56,0.06818897753893308
17,2265.94,0.06709864814678036
17,2270.31,0.06608133406771755
17,2274.69,0.06511863114997239
17,2279.06,0.064177172676624
17,2283.44,0.06324552569026257
17,2287.81,0.062321205060990974
17,2292.19,0.06136334584828549
17,2296.56,0.06036198690970921
17,2300.94,0.05941175516297489
17,2305.31,0.058607661912689846
17,2309.6899999999996,0.0579802674630017
17,2314.06,0.057471790864478046
17,2318.44,0.056968706170235014
17,2322.81,0.056420718112552844
17,2327.19,0.055843058789956414
17,2331.56,0.05523811926313875
17,2335.94,0.054634094772746895
17,2340.31,0.0540821663309998
17,2344.69,0.053644056654270154
17,2349.06,0.053343611732321994
17,2353.44,0.05313809326385668
17,2357.8100000000004,0.052993477015374574
17,2362.19,0.05285991551762626
17,2366.5600000000004,0.05268529550527197
17,2370.94,0.052436998940743086
17,2375.31,0.0521499878204356
17,2379.69,0.051806045667957976
17,2384.06,0.05129707562331175
17,2388.44,0.050668114820206035
17,2392.81,0.050068667172516575
17,2397.19,0.04952216439188242
17,2401.56,0.048987002953245894
17,2405.94,0.048399610161925205
17,2410.31,0.047782229654067525
17,2414.6899999999996,0.04706225342981725
17,2419.06,0.04614108307003074
17,2423.4399999999996,0.04542154179546864
17,2427.81,0.04491606967304105
17,2432.19,0.04435587353367042
17,2436.56,0.04357413930912079
17,2440.94,0.042922984298577896
17,2445.31,0.04233277066430366
17,2449.69,0.041168391745993904
17,2454.06,0.04008474152954518
17,2458.44,0.039711441565905566
17,2462.81,0.03938728565413848
17,2467.19,0.03892002071207664
17,2471.5600000000004,0.03820789994348776
20,402.188,0.012191671902401544
20,406.56199999999995,0.012316588841332252
20,410.93800000000005,0.012523563884461809
20,415.313,0.012797360015965977
20,419.68699999999995,0.013105087463829119
20,424.06300000000005,0.013423312416279538
20,428.438,0.013741080039503296
20,432.813,0.014040016021858127
20,437.18800000000005,0.014299095100478122
20,441.563,0.014533332666211924
20,445.938,0.014761607424147076
20,450.31300000000005,0.014981559735111418
20,454.688,0.015181332705207065
20,459.063,0.015348530643389991
20,463.438,0.015475891019189291
20,467.813,0.015572770440672366
20,472.187,0.015657052648385312
20,476.562,0.0157414756904916
20,480.938,0.01584138712500044
20,485.313,0.015992360853092163
20,489.688,0.016238138942058274
20,494.063,0.01661912194251952
20,498.438,0.017212695015408615
20,502.812,0.018123204249893818
20,507.188,0.019413565491194582
20,511.563,0.021146909699483758
20,515.937,0.023405580206302064
20,520.313,0.026030458627717565
20,524.687,0.02862956108824657
20,529.062,0.03095781543163113
20,533.438,0.032860456126783344
20,537.813,0.03430416609581116
20,542.188,0.03538701057837827
20,546.563,0.03619725588378896
20,550.938,0.036724602103960856
20,555.312,0.0368669940025476
20,559.688,0.036531151957833144
20,564.063,0.0357321789477748
20,568.438,0.03456727511853165
20,572.813,0.03320562610277581
20,577.187,0.031899032211202064
20,581.562,0.03082330720806159
20,585.938,0.030001558242249624
20,590.313,0.02939000996971281
20,594.688,0.028955791883681414
20,599.063,0.028605224114540872
20,603.438,0.02817733085030623
20,607.812,0.027568597513318083
20,612.188,0.026810373223329947
20,616.563,0.026049582994751984
20,620.937,0.025451005999556128
20,625.312,0.025072275179546646
20,629.687,0.024818309815768203
20,634.063,0.024484882749851864
20,638.437,0.02389504556590562
20,642.813,0.023043845853499986
20,647.188,0.022091013427315554
20,651.563,0.02120845470256288
20,655.938,0.020399593917222132
20,660.313,0.01958777789365748
20,664.687,0.01882962422682762
20,669.063,0.018273907153005517
20,673.438,0.01804981207707252
20,677.813,0.018265101403911233
20,682.187,0.019178251569105152
20,686.562,0.0214578714382569
20,690.937,0.02602962666149883
20,695.312,0.03323731918550945
20,699.688,0.042751933872710056
20,704.063,0.05381436889303637
20,708.438,0.06519412076505741
20,712.813,0.07630261685686325
20,717.187,0.08790804978308508
20,721.563,0.10029079946128837
20,725.938,0.11186390637489128
20,730.313,0.12156616655994888
20,734.687,0.12904965177587288
20,739.063,0.1346882750321382
20,743.437,0.13899426100976506
20,747.812,0.1422070725208343
20,752.188,0.144511865212613
20,756.563,0.14621001487019938
20,760.938,0.1477918090114668
20,765.313,0.1492359247518293
20,769.688,0.150114999750116
20,774.063,0.15069795948113676
20,778.438,0.15119643506112862
20,782.813,0.15163269313226435
20,787.188,0.15202685106817215
20,791.563,0.15239843638307626
20,795.937,0.15275019635865594
20,800.312,0.153083319396035
20,804.688,0.15339601817591292
20,809.063,0.15369775340293207
20,813.438,0.154013885651361
20,817.813,0.1543336035180779
20,822.188,0.15459549303519038
20,826.5630000000001,0.15478634774530114
20,830.937,0.15494113953526123
20,835.313,0.15509784503370055
20,839.688,0.15528145391963405
20,844.063,0.15549216697562016
20,848.437,0.1557207899585923
20,852.812,0.15595993446497217
20,857.187,0.15619183693414423
20,861.563,0.15640329328264044
20,865.938,0.1566024469979442
20,870.313,0.15679288894682672
20,874.687,0.15697147067399067
20,879.063,0.15713796287536244
20,883.437,0.15728542853244343
20,887.813,0.15741196142337213
20,892.188,0.15753318407761618
20,896.562,0.1576605613117714
20,900.938,0.15776960896103404
20,905.312,0.15783544339606662
20,909.6880000000001,0.15786669150791216
20,914.062,0.15784373870394527
20,918.438,0.15774388700282577
20,922.813,0.15759588640380648
20,927.188,0.1574188196925884
20,931.563,0.1571153924917117
20,935.937,0.15636103576167196
20,940.312,0.1552707676733041
20,944.688,0.15408136864737895
20,949.063,0.15250254324677784
20,953.438,0.150686650238805
20,957.812,0.14902783226053204
20,962.187,0.147856383449739
20,966.562,0.1472186701901101
20,970.938,0.14695101549173156
20,975.313,0.14692028079759148
20,979.688,0.14709339857304765
20,984.063,0.14744895313609904
20,988.438,0.1479633286232135
20,992.812,0.1486172282882986
20,997.188,0.1493733201591105
20,1001.5600000000001,0.15020078173132487
20,1005.94,0.15109642511512472
20,1010.3100000000001,0.15204189102885982
20,1014.69,0.15300348413011725
20,1019.0600000000001,0.1539660164744963
20,1023.4399999999999,0.1549158234589532
20,1027.81,0.15582358502964114
20,1032.19,0.15666589275011508
20,1036.56,0.15743693383227322
20,1040.94,0.15813408036932666
20,1045.31,0.15875929665457572
20,1049.69,0.1593203750595927
20,1054.06,0.15981527247334737
20,1058.44,0.1602417300722564
20,1062.81,0.1606029430274592
20,1067.19,0.16090000089060114
20,1071.5600000000002,0.16112764637982582
20,1075.9399999999998,0.16128000428277775
20,1080.3100000000002,0.16135733755014653
20,1084.6899999999998,0.16135909004678162
20,1089.06,0.16128812553844254
20,1093.44,0.16115387978536974
20,1097.81,0.16096006108685879
20,1102.19,0.16070728149059715
20,1106.56,0.16041534329478424
20,1110.94,0.16012045892142981
20,1115.31,0.1597949395372281
20,1119.69,0.15920606994714065
20,1124.06,0.15769171126913323
20,1128.44,0.1549271913074379
20,1132.8100000000002,0.1516644896867125
20,1137.1899999999998,0.14854574795971753
20,1141.56,0.1455197664347397
20,1145.94,0.14140478623643488
20,1150.31,0.136967539952882
20,1154.69,0.13416405516223842
20,1159.06,0.13265564914597675
20,1163.44,0.13177823631440136
20,1167.81,0.13120473030646954
20,1172.19,0.13078599460580362
20,1176.56,0.13043825014231378
20,1180.94,0.13010572572129422
20,1185.3100000000002,0.1297796447636299
20,1189.6899999999998,0.12951727129547685
20,1194.06,0.12938831725426583
20,1198.44,0.12943799913229603
20,1202.81,0.12968741945772422
20,1207.19,0.1301232595312141
20,1211.56,0.13073250132695277
20,1215.94,0.131488462017644
20,1220.31,0.13232781797413196
20,1224.69,0.13319939729942387
20,1229.06,0.13405254577918602
20,1233.44,0.1348442478439902
20,1237.8100000000002,0.1355640878885987
20,1242.1899999999998,0.1362198899552491
20,1246.56,0.13681670077281025
20,1250.94,0.13734334298062695
20,1255.31,0.13778265915446175
20,1259.69,0.13812725890587374
20,1264.06,0.1383636024139473
20,1268.44,0.13844820363007448
20,1272.81,0.1383513931205799
20,1277.19,0.1380907968542838
20,1281.56,0.13767456805536576
20,1285.94,0.1371005478727298
20,1290.3100000000002,0.13635562860144598
20,1294.6899999999998,0.13539423448990429
20,1299.0600000000002,0.13417788499815342
20,1303.4399999999998,0.1326897177954351
20,1307.81,0.13090475531219803
20,1312.19,0.12877251897970152
20,1316.56,0.12629672132862166
20,1320.94,0.12364893630486874
20,1325.31,0.12096450868900317
20,1329.69,0.11795259228280301
20,1334.06,0.11440342752010448
20,1338.44,0.11133105642119535
20,1342.81,0.10925413107663945
20,1347.19,0.10782766539608793
20,1500.31,0.03870699853302235
20,1504.69,0.03992456887064404
20,1509.0600000000002,0.0411937379807239
20,1513.4399999999998,0.0424627600921385
20,1517.8100000000002,0.04377747105250078
20,1522.1899999999998,0.04508452750031689
20,1526.56,0.046371716053155446
20,1530.94,0.04766753888335543
20,1535.31,0.048951204256412584
20,1539.69,0.05022270800661904
20,1544.06,0.05149173508265373
20,1548.44,0.05273787489134452
20,1552.81,0.05394993755816794
20,1557.19,0.05513702679946606
20,1561.56,0.056277315671558276
20,1565.94,0.05737829408652234
20,1570.3100000000002,0.05849231618368828
20,1574.6899999999998,0.05961410352117911
20,1579.06,0.060692655060755045
20,1583.44,0.06173189381564454
20,1587.81,0.06276061789993032
20,1592.19,0.06377811985821115
20,1596.56,0.06476413496297853
20,1600.94,0.0657345161422148
20,1605.31,0.06668861092506828
20,1609.69,0.0676083907911972
20,1614.06,0.06847778172262524
20,1618.44,0.06927740110366908
20,1622.8100000000002,0.07002225993813849
20,1627.1899999999998,0.07071664671450363
20,1631.56,0.07134790897616404
20,1635.94,0.07191276113409162
20,1640.31,0.07241177947847999
20,1644.69,0.07282120045782725
20,1649.06,0.07310446699378223
20,1653.44,0.0732512292316586
20,1657.81,0.07327918410690441
20,1662.19,0.07322527664733233
20,1666.56,0.07312617256397373
20,1670.94,0.07298963807566462
20,1675.3100000000002,0.072778855970715
20,1679.6899999999998,0.07245225017679109
20,1684.06,0.07200785688113633
20,1688.44,0.07146185474527982
20,1692.81,0.07081694408168003
20,1697.19,0.07007845734664009
20,1701.56,0.0692733347621731
20,1705.94,0.06843732886360132
20,1710.31,0.06760752644960658
20,1714.69,0.06685050628740738
20,1719.06,0.06619905238595103
20,1723.44,0.06562930559208668
20,1727.8100000000002,0.06514081108028462
20,1732.1899999999998,0.06471178332422382
20,1736.5600000000002,0.06424704929303579
20,1740.9399999999998,0.06367847193763243
20,1745.31,0.06299073831928982
20,1749.69,0.06222603617494647
20,1754.06,0.06146895063205795
20,1758.44,0.06076438316147274
20,1762.81,0.06014887123604091
20,1767.19,0.05962354699913361
20,1771.56,0.05920937197156498
20,1775.94,0.058885190253935425
20,1780.31,0.05861031222524163
20,1784.69,0.05839575116088552
20,1789.0600000000002,0.058259519080456006
20,1999.06,0.018702429106956932
20,2003.4399999999998,0.019217603208375914
20,2007.8100000000002,0.01983736078520602
20,2012.1899999999998,0.020330765671819098
20,2016.5600000000002,0.020887071639737964
20,2020.94,0.021379245422403857
20,2025.3100000000002,0.02173344225992921
20,2029.69,0.022051743464712104
20,2034.0600000000002,0.022359423580956116
20,2038.44,0.022657164179376865
20,2042.8099999999997,0.022953655812773244
20,2047.19,0.023237341571408335
20,2051.56,0.023534945313473055
20,2055.94,0.02387421724325887
20,2060.31,0.02420624557453004
20,2064.69,0.024535259037069625
20,2069.06,0.024889771651432763
20,2073.44,0.025241213813204825
20,2077.81,0.025570196017514594
20,2082.19,0.025891125992319734
20,2086.56,0.02622151679106552
20,2090.9399999999996,0.02655661895001756
20,2095.31,0.02689175874043844
20,2099.69,0.027236761908611885
20,2104.06,0.027583359684885435
20,2108.44,0.027916087590150247
20,2112.81,0.028244676089360588
20,2117.19,0.02857611953475644
20,2121.56,0.028908312943882703
20,2125.94,0.029233988563883585
20,2130.31,0.029548427824800386
20,2134.69,0.02985538361236773
20,2139.0600000000004,0.0301647086699243
20,2143.44,0.030477252758038424
20,2147.8100000000004,0.0308003524098406
20,2152.19,0.031146050983720003
20,2156.56,0.03149185641410753
20,2160.94,0.0318224634178798
20,2165.31,0.03215269805886718
20,2169.69,0.03247285080364185
20,2174.06,0.03277677623058445
20,2178.44,0.03307425599687132
20,2182.81,0.033374194393354956
20,2187.19,0.03367275558697148
20,2191.56,0.03393901959149337
20,2195.9399999999996,0.034176472798841194
20,2200.31,0.03439874863504868
20,2204.6899999999996,0.034591149698163785
20,2209.06,0.034738695274979144
20,2213.44,0.03483187773813161
20,2217.81,0.03486152166153699
20,2222.19,0.03481242314418339
20,2226.56,0.03466398150836817
20,2230.94,0.03440155667826853
20,2235.31,0.03401979511733995
20,2239.69,0.03352584862302462
20,2244.06,0.03293576896300286
20,2248.44,0.03227386473850902
20,2252.8100000000004,0.03157186788975047
20,2257.19,0.03084792361509602
20,2261.56,0.030124114431231863
20,2265.94,0.029427367713266255
20,2270.31,0.028776789714319122
20,2274.69,0.028178965163125638
20,2279.06,0.027621144783616044
20,2283.44,0.027077972503234515
20,2287.81,0.026531061605883147
20,2292.19,0.02596557678835379
20,2296.56,0.025396993455833076
20,2300.94,0.024893452973308822
20,2305.31,0.02450446755344105
20,2309.6899999999996,0.024239119681661273
20,2314.06,0.024065464063343745
20,2318.44,0.023912880864894723
20,2322.81,0.02371827594547628
20,2327.19,0.02346977893144429
20,2331.56,0.023180153349445426
20,2335.94,0.0228586264367156
20,2340.31,0.02251391076342231
20,2344.69,0.022188339437154272
20,2349.06,0.021910951129622613
20,2353.44,0.021660343456556735
20,2357.8100000000004,0.021448769936959808
20,2362.19,0.02126605892574564
20,2366.5600000000004,0.02106977732935946
20,2370.94,0.020831933730176114
20,2375.31,0.02059039144863186
20,2379.69,0.020357702224105184
20,2384.06,0.020091121007979867
20,2388.44,0.01980912873166719
20,2392.81,0.019553073936792148
20,2397.19,0.01931497147158459
20,2401.56,0.019083390753339573
20,2405.94,0.01883111261885221
20,2410.31,0.018543486388057077
20,2414.6899999999996,0.018201207465923023
20,2419.06,0.01782425980818899
20,2423.4399999999996,0.0175576537684086
20,2427.81,0.01735125606816386
20,2432.19,0.017099469848431213
20,2436.56,0.016749450992096286
20,2440.94,0.01643364305294524
20,2445.31,0.016076761298049292
20,2449.69,0.015465240029778095
20,2454.06,0.01510637817340658
20,2458.44,0.015026491615402711
20,2462.81,0.014837489317150636
20,2467.19,0.014511047241270253
20,2471.5600000000004,0.01403029922423033
22,402.188,0.011913441057365975
22,406.56199999999995,0.012026513478308503
22,410.93800000000005,0.012216767587459071
22,415.313,0.012471532033281685
22,419.68699999999995,0.012759657222597016
22,424.06300000000005,0.013057846132655553
22,428.438,0.01335707261797216
22,432.813,0.013641687900684464
22,437.18800000000005,0.013892621196151152
22,441.563,0.014125219120636294
22,445.938,0.014357680623597591
22,450.31300000000005,0.014585354834965267
22,454.688,0.014793103221143465
22,459.063,0.014966313092172187
22,463.438,0.015097370064917983
22,467.813,0.015196357426643785
22,472.187,0.015282019433743447
22,476.562,0.015368028740112224
22,480.938,0.01547211648744126
22,485.313,0.015634606711287826
22,489.688,0.015904393119226697
22,494.063,0.01632524025848347
22,498.438,0.016979604405673462
22,502.812,0.017977282989310964
22,507.188,0.019380193671774005
22,511.563,0.02125003653918999
22,515.937,0.023671604659320618
22,520.313,0.026475090602454097
22,524.687,0.029248281856611824
22,529.062,0.031738754800079684
22,533.438,0.03378796341795464
22,537.813,0.035359928572958034
22,542.188,0.036552598496119894
22,546.563,0.037451683872423217
22,550.938,0.03804332675742517
22,555.312,0.03822293816797353
22,559.688,0.037896331650078545
22,564.063,0.037080359195005616
22,568.438,0.03587539660924958
22,572.813,0.03445596304606038
22,577.187,0.03308551358776245
22,581.562,0.0319514532235046
22,585.938,0.031080811239902827
22,590.313,0.030428666691141013
22,594.688,0.029961192429380445
22,599.063,0.029580886660097297
22,603.438,0.029118212898238627
22,607.812,0.02846380372191173
22,612.188,0.027650309436092892
22,616.563,0.02683325492148739
22,620.937,0.026189126955974754
22,625.312,0.02578117325845229
22,629.687,0.025507184578585657
22,634.063,0.025144386497117227
22,638.437,0.024498049531279032
22,642.813,0.023560241295342073
22,647.188,0.022503696705377208
22,651.563,0.021516551798302423
22,655.938,0.02060178105661341
22,660.313,0.019672144969455754
22,664.687,0.018791076315881637
22,669.063,0.018129884055880133
22,673.438,0.01784063592902707
22,677.813,0.018051790256618194
22,682.187,0.019057171455909527
22,686.562,0.02158678941642788
22,690.937,0.026602365045674103
22,695.312,0.03437902238343809
22,699.688,0.04448187320166812
22,704.063,0.0560851849240852
22,708.438,0.06792455152061527
22,712.813,0.07943167894155076
22,717.187,0.0914470610441769
22,721.563,0.10430537317269366
22,725.938,0.11640409056650645
22,730.313,0.12665198372507988
22,734.687,0.13465017627244893
22,739.063,0.14074469907636242
22,743.437,0.14543925934028748
22,747.812,0.14896272563042734
22,752.188,0.15149920562724647
22,756.563,0.15337128060644137
22,760.938,0.155119289394321
22,765.313,0.15672153709643363
22,769.688,0.15769956742715183
22,774.063,0.1583456370873
22,778.438,0.1588933194369088
22,782.813,0.15936760313354867
22,787.188,0.1597924502514731
22,791.563,0.16019137941524025
22,795.937,0.16056822883237382
22,800.312,0.16092444472307715
22,804.688,0.1612586556012559
22,809.063,0.16158059750224393
22,813.438,0.16191735237685917
22,817.813,0.16225854767176873
22,822.188,0.16253880274438215
22,826.5630000000001,0.16274342601900854
22,830.937,0.16291016913794362
22,835.313,0.16308007289323997
22,839.688,0.1632788771164534
22,844.063,0.16350579332077872
22,848.437,0.16375125982683833
22,852.812,0.16400798409039521
22,857.187,0.16425763683954714
22,861.563,0.1644862076217809
22,865.938,0.164702341507674
22,870.313,0.1649085901296308
22,874.687,0.16510065030852214
22,879.063,0.16527933560774877
22,883.437,0.16543924668944412
22,887.813,0.16557849911605252
22,892.188,0.16571267912201737
22,896.562,0.16585438348879197
22,900.938,0.16597859043559612
22,905.312,0.16605687774212158
22,909.6880000000001,0.1660977530204549
22,914.062,0.16608121365957593
22,918.438,0.16598286153854405
22,922.813,0.16583120946313185
22,927.188,0.16564443060737413
22,931.563,0.16531512342383078
22,935.937,0.16448863888596676
22,940.312,0.16329274584091633
22,944.688,0.16198789192773813
22,949.063,0.16026133310788895
22,953.438,0.15828510263510348
22,957.812,0.15649208587747832
22,962.187,0.15524017652781769
22,966.562,0.1545706346942179
22,970.938,0.15429861239651657
22,975.313,0.1542806343954325
22,979.688,0.1544826913331674
22,984.063,0.15488307864609022
22,988.438,0.15546141146199774
22,992.812,0.1561962291644757
22,997.188,0.1570381712428116
22,1001.5600000000001,0.15795086879833986
22,1005.94,0.1589354232857984
22,1010.3100000000001,0.15997502214461048
22,1014.69,0.16103293450702746
22,1019.0600000000001,0.16209207359350536
22,1023.4399999999999,0.16313788147705124
22,1027.81,0.16414094906033294
22,1032.19,0.16507799306681892
22,1036.56,0.16594218457180882
22,1040.94,0.1667280052584232
22,1045.31,0.1674334115351336
22,1049.69,0.16806299471509206
22,1054.06,0.16861287818074877
22,1058.44,0.16908203675612868
22,1062.81,0.1694771799723904
22,1067.19,0.16980257294594808
22,1071.5600000000002,0.17005421668887036
22,1075.9399999999998,0.17022656392693067
22,1080.3100000000002,0.1703193243977374
22,1084.6899999999998,0.17033120690606318
22,1089.06,0.17026506877741635
22,1093.44,0.17013002028212806
22,1097.81,0.1699287357662193
22,1102.19,0.16966131110893629
22,1106.56,0.16934920125634478
22,1110.94,0.16903203491858076
22,1115.31,0.1686816232377622
22,1119.69,0.16804980337703626
22,1124.06,0.16642679078101988
22,1128.44,0.1634563420903598
22,1132.8100000000002,0.15993517334735502
22,1137.1899999999998,0.15656101344455126
22,1141.56,0.15328745647978523
22,1145.94,0.14884646229625234
22,1150.31,0.1440782216383103
22,1154.69,0.14108820580837375
22,1159.06,0.13949694925911435
22,1163.44,0.1385846015092481
22,1167.81,0.13799939226258515
22,1172.19,0.13758049464548508
22,1176.56,0.13723754179057693
22,1180.94,0.13690997128565782
22,1185.3100000000002,0.13658580687607785
22,1189.6899999999998,0.13632309296029074
22,1194.06,0.13619713002984823
22,1198.44,0.13626017026234305
22,1202.81,0.1365366666113385
22,1207.19,0.1370095000777605
22,1211.56,0.1376614870906
22,1215.94,0.1384637096289473
22,1220.31,0.13935122009917547
22,1224.69,0.14027301114157018
22,1229.06,0.14117843278341893
22,1233.44,0.14202375539403067
22,1237.8100000000002,0.1427978239564994
22,1242.1899999999998,0.14350784758557347
22,1246.56,0.1441577977985608
22,1250.94,0.14473476472748004
22,1255.31,0.14521939695615405
22,1259.69,0.1456029957333203
22,1264.06,0.1458704687734689
22,1268.44,0.14597402461763173
22,1272.81,0.14587990390260672
22,1277.19,0.1456061083360619
22,1281.56,0.14516150707376405
22,1285.94,0.1445436730642914
22,1290.3100000000002,0.14373973852250507
22,1294.6899999999998,0.14270313808508733
22,1299.0600000000002,0.14139450304230824
22,1303.4399999999998,0.13979689408936008
22,1307.81,0.13788370828305493
22,1312.19,0.1356013602900017
22,1316.56,0.13295539657920702
22,1320.94,0.1301315574381124
22,1325.31,0.12727580420003426
22,1329.69,0.1240799904629392
22,1334.06,0.1203208326354205
22,1338.44,0.11706948672805673
22,1342.81,0.11487224344005473
22,1347.19,0.11336321013702282
22,1500.31,0.04063490424881795
22,1504.69,0.04192073776955533
22,1509.0600000000002,0.04326335706265638
22,1513.4399999999998,0.04460827611989169
22,1517.8100000000002,0.04600402556889925
22,1522.1899999999998,0.0473939787598528
22,1526.56,0.0487651385492168
22,1530.94,0.0501474557853616
22,1535.31,0.05151848024522261
22,1539.69,0.052877904319338545
22,1544.06,0.054235942582922296
22,1548.44,0.05557030293642907
22,1552.81,0.05686867257128689
22,1557.19,0.058140520542341485
22,1561.56,0.05936250406823062
22,1565.94,0.060542846443015476
22,1570.3100000000002,0.06173774843404735
22,1574.6899999999998,0.06294123940118214
22,1579.06,0.06409799756989182
22,1583.44,0.06521201834637269
22,1587.81,0.0663140298366299
22,1592.19,0.06740333037528305
22,1596.56,0.06845828085125184
22,1600.94,0.0694961350406533
22,1605.31,0.07051597309007292
22,1609.69,0.07149849018573483
22,1614.06,0.0724269595622779
22,1618.44,0.07328140728531658
22,1622.8100000000002,0.07407843240735397
22,1627.1899999999998,0.0748228951731382
22,1631.56,0.0755010595800964
22,1635.94,0.07610956059966154
22,1640.31,0.07664969385297159
22,1644.69,0.07709747077986195
22,1649.06,0.07741537629118463
22,1653.44,0.077593757976169
22,1657.81,0.07765116486123085
22,1662.19,0.07762517282349726
22,1666.56,0.07755215394758255
22,1670.94,0.07743723674611526
22,1675.3100000000002,0.07723972029754392
22,1679.6899999999998,0.07691551280458177
22,1684.06,0.0764622322513033
22,1688.44,0.07589710908107346
22,1692.81,0.07522413995392992
22,1697.19,0.07445107784536294
22,1701.56,0.07360925039668617
22,1705.94,0.07273809768532988
22,1710.31,0.07187583622336903
22,1714.69,0.07108875957738164
22,1719.06,0.07040799106749863
22,1723.44,0.06980665059727965
22,1727.8100000000002,0.0692834958920921
22,1732.1899999999998,0.06881562636969121
22,1736.5600000000002,0.06830333845368702
22,1740.9399999999998,0.06767730932117767
22,1745.31,0.06692313349565847
22,1749.69,0.0660862560620676
22,1754.06,0.0652572937212224
22,1758.44,0.06448417150647666
22,1762.81,0.06380643565282536
22,1767.19,0.06322582803341531
22,1771.56,0.06276746518099861
22,1775.94,0.06240991858611982
22,1780.31,0.06210914450896249
22,1784.69,0.06187706076897361
22,1789.0600000000002,0.06173150884197803
22,1999.06,0.01950017224767676
22,2003.4399999999998,0.020049764813592146
22,2007.8100000000002,0.02071383999451644
22,2012.1899999999998,0.021248768325830576
22,2016.5600000000002,0.02185433798830781
22,2020.94,0.022387525548325165
22,2025.3100000000002,0.022771928832141314
22,2029.69,0.023119387544660603
22,2034.0600000000002,0.023456175398930308
22,2038.44,0.023782301749660017
22,2042.8099999999997,0.0241076380477243
22,2047.19,0.02442075977877164
22,2051.56,0.024752190190630543
22,2055.94,0.025132118267254838
22,2060.31,0.02550451569804803
22,2064.69,0.02587307697377449
22,2069.06,0.02626921640116969
22,2073.44,0.02666137743999258
22,2077.81,0.027028703290164224
22,2082.19,0.027387664242198698
22,2086.56,0.027757545252475074
22,2090.9399999999996,0.02813237700902875
22,2095.31,0.028506435074203664
22,2099.69,0.0288910296815641
22,2104.06,0.0292773889299931
22,2108.44,0.029648063996138563
22,2112.81,0.03001388047215557
22,2117.19,0.03038316626204926
22,2121.56,0.030753742049917723
22,2125.94,0.031115864026218323
22,2130.31,0.031462372573882014
22,2134.69,0.03179706551535751
22,2139.0600000000004,0.032130855836588215
22,2143.44,0.0324642538602936
22,2147.8100000000004,0.03280498083206177
22,2152.19,0.03316572486252686
22,2156.56,0.03352249938873394
22,2160.94,0.03385966692197232
22,2165.31,0.03419413674991691
22,2169.69,0.03451830409887734
22,2174.06,0.034827057566026796
22,2178.44,0.035130462580479145
22,2182.81,0.035437605921179054
22,2187.19,0.03574369292483095
22,2191.56,0.03601562579246264
22,2195.9399999999996,0.03625676842192265
22,2200.31,0.03648255383906695
22,2204.6899999999996,0.03667955220160991
22,2209.06,0.03683184701994505
22,2213.44,0.03692819817395432
22,2217.81,0.03695937672285544
22,2222.19,0.03691013853784155
22,2226.56,0.03675670724578842
22,2230.94,0.03648107412441471
22,2235.31,0.03607877221593112
22,2239.69,0.03556083321353354
22,2244.06,0.03494667989992565
22,2248.44,0.03426282406740737
22,2252.8100000000004,0.03354193261436282
22,2257.19,0.03280237949277865
22,2261.56,0.03206616306809033
22,2265.94,0.03136036940677468
22,2270.31,0.030703112986609545
22,2274.69,0.030097905002622105
22,2279.06,0.029529361406501146
22,2283.44,0.028971413585661788
22,2287.81,0.028406861655199976
22,2292.19,0.027821016964590346
22,2296.56,0.027228088429742014
22,2300.94,0.026695640079349464
22,2305.31,0.026273596565074022
22,2309.6899999999996,0.02597225903596605
22,2314.06,0.025759591243263345
22,2318.44,0.025563450145697702
22,2322.81,0.025325397019328708
22,2327.19,0.0250409868419934
22,2331.56,0.024722625351307134
22,2335.94,0.024376670346154195
22,2340.31,0.02400987255717228
22,2344.69,0.023663780732954907
22,2349.06,0.023365904517391817
22,2353.44,0.0230930510036766
22,2357.8100000000004,0.02286095517793273
22,2362.19,0.02266106315373786
22,2366.5600000000004,0.022447573898832243
22,2370.94,0.022189200512892013
22,2375.31,0.02192613884642813
22,2379.69,0.021671615428087453
22,2384.06,0.021378438165862827
22,2388.44,0.02106686781424967
22,2392.81,0.020783571200587186
22,2397.19,0.020520344676277044
22,2401.56,0.02026436994809379
22,2405.94,0.019986161851527948
22,2410.31,0.01967075164695567
22,2414.6899999999996,0.01929511232007491
22,2419.06,0.018874465736890743
22,2423.4399999999996,0.018572566025862033
22,2427.81,0.018341461214923152
22,2432.19,0.018064172326179524
22,2436.56,0.017680349335386585
22,2440.94,0.017337948241480047
22,2445.31,0.016958983162046512
22,2449.69,0.01630131324919565
22,2454.06,0.015896407980897524
22,2458.44,0.015800305234159956
22,2462.81,0.015597576030757062
22,2467.19,0.01524930364930863
22,2471.5600000000004,0.014732850810714128
25,402.188,0.011829177697996643
25,406.56199999999995,0.011945428885983876
25,410.93800000000005,0.012140694056041642
25,415.313,0.012402242836116753
25,419.68699999999995,0.012699755319443189
25,424.06300000000005,0.013011009724877795
25,428.438,0.013326698391700881
25,432.813,0.013628952170172681
25,437.18800000000005,0.013895852359223316
25,441.563,0.014141637663307944
25,445.938,0.014384587285292034
25,450.31300000000005,0.014619986735041824
25,454.688,0.014833084442459274
25,459.063,0.015009663292230042
25,463.438,0.015142715041244459
25,467.813,0.015243005215285805
25,472.187,0.015329421462382802
25,476.562,0.01541591877233846
25,480.938,0.015520269607614282
25,485.313,0.015682484336362486
25,489.688,0.015951043719430957
25,494.063,0.01636937820889221
25,498.438,0.017018604366408036
25,502.812,0.018006296982895843
25,507.188,0.019392500943697762
25,511.563,0.021237146422225683
25,515.937,0.0236233141940407
25,520.313,0.026384022667993716
25,524.687,0.02911365739351082
25,529.062,0.031563434429993015
25,533.438,0.03357669757096061
25,537.813,0.03511816845569563
25,542.188,0.03628503160169374
25,546.563,0.03716244026262654
25,550.938,0.037736998563838754
25,555.312,0.0379053770784041
25,559.688,0.037574950424938816
25,564.063,0.03676285435768087
25,568.438,0.03556802695761551
25,572.813,0.034162572946611
25,577.187,0.032806743811325804
25,581.562,0.03168510651737039
25,585.938,0.03082345279844328
25,590.313,0.030176982616830276
25,594.688,0.02971282821327933
25,599.063,0.02933531792984032
25,603.438,0.028877198773712292
25,607.812,0.028230206220542335
25,612.188,0.0274262371689721
25,616.563,0.026618569457898346
25,620.937,0.02598071653301727
25,625.312,0.025574781098016062
25,629.687,0.02530046449204097
25,634.063,0.02493974324678254
25,638.437,0.024302231305642595
25,642.813,0.023380188203231015
25,647.188,0.022342150562437678
25,651.563,0.021371770258889717
25,655.938,0.020471570903701074
25,660.313,0.019555952688808092
25,664.687,0.018686978780623226
25,669.063,0.018032662940245133
25,673.438,0.01774335494743521
25,677.813,0.01794666824765617
25,682.187,0.01893080392278411
25,686.562,0.021409234115196046
25,690.937,0.026323581042640178
25,695.312,0.03395047893670292
25,699.688,0.04387759833109057
25,704.063,0.055305101593783504
25,708.438,0.06699103949297415
25,712.813,0.0783733363718135
25,717.187,0.09028604593018323
25,721.563,0.10306867300064518
25,725.938,0.11513079685255771
25,730.313,0.12537174018110223
25,734.687,0.13337418082359806
25,739.063,0.1394722171549729
25,743.437,0.1441642498398984
25,747.812,0.14767785873710387
25,752.188,0.15019920984868715
25,756.563,0.15205139135228538
25,760.938,0.15377047631896032
25,765.313,0.1553411695917996
25,769.688,0.15629674275412156
25,774.063,0.1569226424055499
25,778.438,0.15744899738844423
25,782.813,0.157903191164946
25,787.188,0.15830978715010607
25,791.563,0.1586915718275574
25,795.937,0.1590517923373141
25,800.312,0.1593912469866941
25,804.688,0.15970877331725405
25,809.063,0.16001368615715675
25,813.438,0.16033191111419928
25,817.813,0.16065407385653624
25,822.188,0.16091775016957208
25,826.5630000000001,0.16110777865620612
25,830.937,0.1612604288403151
25,835.313,0.16141725731452466
25,839.688,0.16160483233402342
25,844.063,0.1618221264851984
25,848.437,0.1620583049402962
25,852.812,0.16230557269290338
25,857.187,0.16254609373434242
25,861.563,0.16276592142669705
25,865.938,0.16297283426996506
25,870.313,0.16316902618764945
25,874.687,0.16335026943363465
25,879.063,0.16351737738701766
25,883.437,0.1636653483918045
25,887.813,0.1637926683719515
25,892.188,0.1639139989656693
25,896.562,0.16404093953356447
25,900.938,0.16415031110871728
25,905.312,0.16421603806921825
25,909.6880000000001,0.16424412568155264
25,914.062,0.16421265630847376
25,918.438,0.16409797847712118
25,922.813,0.16392900143502348
25,927.188,0.16372275026899522
25,931.563,0.16336687191760998
25,935.937,0.16249834042067002
25,940.312,0.16126603797043304
25,944.688,0.15994149859749565
25,949.063,0.15819697469839222
25,953.438,0.15620101949798557
25,957.812,0.1543871536401005
25,962.187,0.15311577411307864
25,966.562,0.15243131755813802
25,970.938,0.15214788999098902
25,975.313,0.15211936705482612
25,979.688,0.15231295350020613
25,984.063,0.15270917732055736
25,988.438,0.15328700216194238
25,992.812,0.1540227260165448
25,997.188,0.1548647005404049
25,1001.5600000000001,0.15577658450040047
25,1005.94,0.15675918782903836
25,1010.3100000000001,0.1577947560519398
25,1014.69,0.15884648156164013
25,1019.0600000000001,0.15989801678829763
25,1023.4399999999999,0.16093586717932187
25,1027.81,0.16193127662977952
25,1032.19,0.1628608045004917
25,1036.56,0.1637171282097594
25,1040.94,0.16449484017386082
25,1045.31,0.165192976145711
25,1049.69,0.16581773668317346
25,1054.06,0.16636575331423856
25,1058.44,0.16683436354146264
25,1062.81,0.16722772389932838
25,1067.19,0.16754833614008652
25,1071.5600000000002,0.1677920449994004
25,1075.9399999999998,0.16795329393425548
25,1080.3100000000002,0.16803168659671172
25,1084.6899999999998,0.16802630227701507
25,1089.06,0.1679409254402299
25,1093.44,0.16778560775595297
25,1097.81,0.1675642187432631
25,1102.19,0.16727850253282275
25,1106.56,0.16695112512236682
25,1110.94,0.16662165293943426
25,1115.31,0.16625964759765166
25,1119.69,0.1656135387046113
25,1124.06,0.16397253957057212
25,1128.44,0.16098545327086075
25,1132.8100000000002,0.15744766155661566
25,1137.1899999999998,0.1540545646398176
25,1141.56,0.15076101605584355
25,1145.94,0.1462967078180189
25,1150.31,0.1415100940307628
25,1154.69,0.13851328410446861
25,1159.06,0.13692075375257282
25,1163.44,0.1360089461570296
25,1167.81,0.13542536292376042
25,1172.19,0.13500913015472601
25,1176.56,0.13466955808852993
25,1180.94,0.13434581920863167
25,1185.3100000000002,0.13402604046900735
25,1189.6899999999998,0.13376769764866123
25,1194.06,0.13364435350074796
25,1198.44,0.13370677962768926
25,1202.81,0.13397819895860985
25,1207.19,0.13444069951548243
25,1211.56,0.13507697763077534
25,1215.94,0.13585914526221154
25,1220.31,0.13672403960802187
25,1224.69,0.13762211405949465
25,1229.06,0.13850510658386714
25,1233.44,0.1393309850992965
25,1237.8100000000002,0.14008831328303498
25,1242.1899999999998,0.14078372328021044
25,1246.56,0.14142075132013626
25,1250.94,0.1419859212384768
25,1255.31,0.14245949398589494
25,1259.69,0.14283238459608086
25,1264.06,0.14308946852048554
25,1268.44,0.1431837936607125
25,1272.81,0.1430824636308208
25,1277.19,0.1428026192082696
25,1281.56,0.1423521376692579
25,1285.94,0.14172880475271307
25,1290.3100000000002,0.14092003678682408
25,1294.6899999999998,0.13987925984611646
25,1299.0600000000002,0.1385678579688841
25,1303.4399999999998,0.1369699943197215
25,1307.81,0.13505968651491787
25,1312.19,0.13278462116761325
25,1316.56,0.13015182598758426
25,1320.94,0.12734660643236737
25,1325.31,0.12451370885380263
25,1329.69,0.12134755890096674
25,1334.06,0.11762685200218834
25,1338.44,0.11441077961786353
25,1342.81,0.11223817834504196
25,1347.19,0.11074604123490256
25,1500.31,0.03936782314069311
25,1504.69,0.04061638501666259
25,1509.0600000000002,0.04192067506345159
25,1513.4399999999998,0.04322759064827682
25,1517.8100000000002,0.044584444574960136
25,1522.1899999999998,0.04593623867435149
25,1526.56,0.047270136445314415
25,1530.94,0.048615257148140745
25,1535.31,0.04994986908818618
25,1539.69,0.05127371374944643
25,1544.06,0.05259673588527392
25,1548.44,0.053897272904062966
25,1552.81,0.055163282137467344
25,1557.19,0.05640376832585142
25,1561.56,0.05759582182557588
25,1565.94,0.05874744535440584
25,1570.3100000000002,0.05991355135744061
25,1574.6899999999998,0.06108848823117056
25,1579.06,0.06221823531192652
25,1583.44,0.0633065836418838
25,1587.81,0.06438344649823481
25,1592.19,0.06544802193226773
25,1596.56,0.06647912064798105
25,1600.94,0.06749369960171209
25,1605.31,0.06849107933296485
25,1609.69,0.0694525416951802
25,1614.06,0.07036163701813854
25,1618.44,0.0711985139201145
25,1622.8100000000002,0.0719793077236315
25,1627.1899999999998,0.07270882733697664
25,1631.56,0.07337350612248286
25,1635.94,0.07396989640303812
25,1640.31,0.0744993115971484
25,1644.69,0.07493861616047362
25,1649.06,0.07525171365566975
25,1653.44,0.07542984868780325
25,1657.81,0.07549164963082522
25,1662.19,0.07547406081702313
25,1666.56,0.07541235847673392
25,1670.94,0.0753105790117482
25,1675.3100000000002,0.07512848108149085
25,1679.6899999999998,0.07482326559002649
25,1684.06,0.07439245816120243
25,1688.44,0.0738527569020879
25,1692.81,0.07320848182479689
25,1697.19,0.07246716929425503
25,1701.56,0.07165833392456546
25,1705.94,0.07081890745508972
25,1710.31,0.06998478981396673
25,1714.69,0.06921961298910256
25,1719.06,0.06855345850529206
25,1723.44,0.06795996430425433
25,1727.8100000000002,0.06743851336101045
25,1732.1899999999998,0.0669683808454382
25,1736.5600000000002,0.0664542924621661
25,1740.9399999999998,0.06583166641383136
25,1745.31,0.06508810141215415
25,1749.69,0.06426645309091585
25,1754.06,0.06345281594719253
25,1758.44,0.06269222620695344
25,1762.81,0.06202282587310088
25,1767.19,0.06144677216094245
25,1771.56,0.0609900833935402
25,1775.94,0.06063265006701588
25,1780.31,0.06033194139775229
25,1784.69,0.06010031553595443
25,1789.0600000000002,0.05995496007527413
25,1999.06,0.018973170725249497
25,2003.4399999999998,0.019495921843256957
25,2007.8100000000002,0.02013070106822378
25,2012.1899999999998,0.0206452075518936
25,2016.5600000000002,0.021229873272033094
25,2020.94,0.021744690420843888
25,2025.3100000000002,0.02211364263757661
25,2029.69,0.022445184099229975
25,2034.0600000000002,0.022765990423343024
25,2038.44,0.02307675949640964
25,2042.8099999999997,0.023386882111659773
25,2047.19,0.023685009877992037
25,2051.56,0.023999969266262165
25,2055.94,0.02436156457326171
25,2060.31,0.02471751782478161
25,2064.69,0.025071073433763535
25,2069.06,0.025451855040968002
25,2073.44,0.025828819341758923
25,2077.81,0.026181548810860662
25,2082.19,0.02652633284743607
25,2086.56,0.0268820331647342
25,2090.9399999999996,0.0272425758360867
25,2095.31,0.02760233999615654
25,2099.69,0.027972524405697006
25,2104.06,0.0283449073846728
25,2108.44,0.02870269847739684
25,2112.81,0.02905632506941195
25,2117.19,0.02941390171823791
25,2121.56,0.029773142868730337
25,2125.94,0.030124302085507093
25,2130.31,0.0304603682599776
25,2134.69,0.030785228500447116
25,2139.0600000000004,0.031109460976833887
25,2143.44,0.031433290081728155
25,2147.8100000000004,0.031764087173468604
25,2152.19,0.03211427497807787
25,2156.56,0.032460672298660426
25,2160.94,0.032788107196150294
25,2165.31,0.033112874756376275
25,2169.69,0.033427468139053916
25,2174.06,0.033726926378936734
25,2178.44,0.03402113925347006
25,2182.81,0.03431906086804185
25,2187.19,0.034616023446291354
25,2191.56,0.034879824320741847
25,2195.9399999999996,0.03511375830298512
25,2200.31,0.03533299572421419
25,2204.6899999999996,0.0355246034403489
25,2209.06,0.035672955064959516
25,2213.44,0.03576699961209025
25,2217.81,0.0357980448211262
25,2222.19,0.03575166221564878
25,2226.56,0.03560482527693047
25,2230.94,0.03533988567966957
25,2235.31,0.03495241605075608
25,2239.69,0.0344532353534567
25,2244.06,0.03386123576797442
25,2248.44,0.03320193505247441
25,2252.8100000000004,0.032506470884134546
25,2257.19,0.03179208142602935
25,2261.56,0.031079862766003965
25,2265.94,0.03039641351682854
25,2270.31,0.029760119502943452
25,2274.69,0.0291749053669402
25,2279.06,0.02862616728036729
25,2283.44,0.02808908053280378
25,2287.81,0.027546839489178458
25,2292.19,0.02698415670955394
25,2296.56,0.02641324595055463
25,2300.94,0.025897958840326075
25,2305.31,0.025486319731170225
25,2309.6899999999996,0.02518966470955977
25,2314.06,0.024978622908360865
25,2318.44,0.0247842011808281
25,2322.81,0.024550718632101023
25,2327.19,0.024274345602313896
25,2331.56,0.023966794155468426
25,2335.94,0.023634104457467154
25,2340.31,0.023282305903544447
25,2344.69,0.02295004769385769
25,2349.06,0.02266305065953748
25,2353.44,0.022399454543784964
25,2357.8100000000004,0.022175306225649578
25,2362.19,0.021982613981964577
25,2366.5600000000004,0.02177718323859234
25,2370.94,0.021529072182848948
25,2375.31,0.021277028267823902
25,2379.69,0.021033402744466516
25,2384.06,0.020752346821250576
25,2388.44,0.020453247100532757
25,2392.81,0.020181295656795172
25,2397.19,0.01992882138470296
25,2401.56,0.01968316990638363
25,2405.94,0.0194154064547415
25,2410.31,0.019110847724823493
25,2414.6899999999996,0.018747853325677317
25,2419.06,0.018344383708619284
25,2423.4399999999996,0.018057261047448828
25,2427.81,0.017836923251738593
25,2432.19,0.017571035712387238
25,2436.56,0.017202020575385283
25,2440.94,0.016870233911435297
25,2445.31,0.016496430840665717
25,2449.69,0.01584703212242749
25,2454.06,0.015457745077787612
25,2458.44,0.015372369869501225
25,2462.81,0.015176134983185999
25,2467.19,0.014832788530964187
25,2471.5600000000004,0.014320317846955087
27,402.188,0.012470169940478377
27,406.56199999999995,0.01258413349912912
27,410.93800000000005,0.012775995972491492
27,415.313,0.013033841794480536
27,419.68699999999995,0.01332858341653158
27,424.06300000000005,0.01363780959284867
27,428.438,0.013951313176948237
27,432.813,0.01425148949780375
27,437.18800000000005,0.014517523574377113
27,441.563,0.014764291103155329
27,445.938,0.01501029812029132
27,450.31300000000005,0.015250504923819299
27,454.688,0.015469935906643353
27,459.063,0.015654379731854243
27,463.438,0.0157962831063841
27,467.813,0.015905374062461702
27,472.187,0.016000245310459026
27,476.562,0.016094693426336897
27,480.938,0.016206786376230645
27,485.313,0.01637767374556811
27,489.688,0.0166566555417682
27,494.063,0.017086946941251735
27,498.438,0.01775059050612069
27,502.812,0.018756628620755597
27,507.188,0.0201655236256265
27,511.563,0.022038079399429776
27,515.937,0.02445946736658544
27,520.313,0.027261266239642725
27,524.687,0.030033470520135688
27,529.062,0.032525158423486675
27,533.438,0.034578052998811955
27,537.813,0.03615585962230458
27,542.188,0.037355690929120264
27,546.563,0.03826162217793744
27,550.938,0.038859227858483794
27,555.312,0.03904589099186496
27,559.688,0.03873039305720922
27,564.063,0.03792975900702467
27,568.438,0.036741320416718265
27,572.813,0.03533727175877313
27,577.187,0.033981025397811095
27,581.562,0.032860287118282615
27,585.938,0.03200204322736328
27,590.313,0.03136230822172728
27,594.688,0.030907336234004133
27,599.063,0.030538478918409703
27,603.438,0.030086171797559264
27,607.812,0.02944157634932713
27,612.188,0.02863800959953125
27,616.563,0.02783125275535731
27,620.937,0.027197360120135825
27,625.312,0.026799375843372806
27,629.687,0.026535617757144893
27,634.063,0.026185040353007945
27,638.437,0.02555439416619683
27,642.813,0.024635171280242504
27,647.188,0.02359699281496241
27,651.563,0.022624506911551812
27,655.938,0.02172020519731458
27,660.313,0.020799777259420695
27,664.687,0.019928683831880175
27,669.063,0.019277721133581015
27,673.438,0.01899843950415355
27,677.813,0.01921998411748517
27,682.187,0.02023487577423804
27,686.562,0.022767403009244423
27,690.937,0.027770701436689665
27,695.312,0.03551882234823805
27,699.688,0.04558822903722793
27,704.063,0.05716797635147549
27,708.438,0.06900315813713777
27,712.813,0.0805277275512578
27,717.187,0.09258588711304172
27,721.563,0.10551835778846543
27,725.938,0.11771713962254741
27,730.313,0.12807503665102146
27,734.687,0.1361721529885533
27,739.063,0.1423459406020739
27,743.437,0.14709907612338963
27,747.812,0.15065973459238605
27,752.188,0.1532166317695948
27,756.563,0.15510073913844982
27,760.938,0.15686325654866679
27,765.313,0.15848622258542971
27,769.688,0.1594805606322394
27,774.063,0.16013845973380472
27,778.438,0.1606978282804402
27,782.813,0.16118473829083027
27,787.188,0.1616232677427613
27,791.563,0.16203725707813985
27,795.937,0.1624301914066667
27,800.312,0.16280276184553316
27,804.688,0.16315326142355727
27,809.063,0.16349090649013684
27,813.438,0.16384424948857818
27,817.813,0.16420507718009844
27,822.188,0.16450560543127615
27,826.5630000000001,0.16472854960683367
27,830.937,0.16491322431601765
27,835.313,0.16510223182671577
27,839.688,0.16532099406239434
27,844.063,0.16556852780166403
27,848.437,0.16583520869474208
27,852.812,0.16611451573950467
27,857.187,0.16638732988295116
27,861.563,0.16663832497939085
27,865.938,0.1668767141271189
27,870.313,0.16710517514008807
27,874.687,0.16731836000911457
27,879.063,0.16751740039263044
27,883.437,0.16769723913960619
27,887.813,0.16785519517100367
27,892.188,0.16800626207619693
27,896.562,0.16816567912743585
27,900.938,0.16831071535341435
27,905.312,0.16840925269947876
27,909.6880000000001,0.16846851214160885
27,914.062,0.1684703974180192
27,918.438,0.16838753769278056
27,922.813,0.16824433199149993
27,927.188,0.1680580990774611
27,931.563,0.1677229847764555
27,935.937,0.16689240099746125
27,940.312,0.16570271830482103
27,944.688,0.16440479523860244
27,949.063,0.16268313588260433
27,953.438,0.16070998670439135
27,957.812,0.1589203506102721
27,962.187,0.15767634020713248
27,966.562,0.15701834985073088
27,970.938,0.1567573583994378
27,975.313,0.1567514164361476
27,979.688,0.15697185914101816
27,984.063,0.15740606904952784
27,988.438,0.15804657409555817
27,992.812,0.15886328126059412
27,997.188,0.1597753683766002
27,1001.5600000000001,0.1607371423026828
27,1005.94,0.16176079070014968
27,1010.3100000000001,0.16283480407105155
27,1014.69,0.16392396441929125
27,1019.0600000000001,0.16501327387955028
27,1023.4399999999999,0.16608958062421728
27,1027.81,0.16712285740993055
27,1032.19,0.16808901329715079
27,1036.56,0.16898161227867095
27,1040.94,0.169795564226187
27,1045.31,0.17052898203443936
27,1049.69,0.17118712974062134
27,1054.06,0.17176674983678308
27,1058.44,0.1722659060968553
27,1062.81,0.17269010875401167
27,1067.19,0.1730435637879402
27,1071.5600000000002,0.17332218878200134
27,1075.9399999999998,0.1735186755828433
27,1080.3100000000002,0.17363096661433589
27,1084.6899999999998,0.17365744690777776
27,1089.06,0.17360191502639316
27,1093.44,0.1734748732690555
27,1097.81,0.17327948817340244
27,1102.19,0.17301611364187047
27,1106.56,0.1727069088734346
27,1110.94,0.17239293909969627
27,1115.31,0.17204880707674736
27,1119.69,0.17143240866904635
27,1124.06,0.1698378871768388
27,1128.44,0.16688286439838776
27,1132.8100000000002,0.16333806599915374
27,1137.1899999999998,0.15991937747973964
27,1141.56,0.15659588473131802
27,1145.94,0.1520905139001597
27,1150.31,0.14725827551893814
27,1154.69,0.14423041587016336
27,1159.06,0.14262277065215817
27,1163.44,0.1417082578184759
27,1167.81,0.14113146155634043
27,1172.19,0.14072896737883955
27,1176.56,0.14040760451464054
27,1180.94,0.14010372061663567
27,1185.3100000000002,0.13980289526281806
27,1189.6899999999998,0.13956095561331622
27,1194.06,0.13945344730369988
27,1198.44,0.1395357622177575
27,1202.81,0.1398331471630359
27,1207.19,0.1403254139655169
27,1211.56,0.14099425207888655
27,1215.94,0.1418120600086691
27,1220.31,0.14271555056116333
27,1224.69,0.14365543578995826
27,1229.06,0.14458161291500574
27,1233.44,0.1454486830664445
27,1237.8100000000002,0.14624412707215656
27,1242.1899999999998,0.14697508044218402
27,1246.56,0.14764584620448393
27,1250.94,0.14824330616604997
27,1255.31,0.14874800738503827
27,1259.69,0.14915141023510364
27,1264.06,0.14943820769168498
27,1268.44,0.1495589647717565
27,1272.81,0.14947771419236344
27,1277.19,0.14921197220625051
27,1281.56,0.14877191186126018
27,1285.94,0.14815572155584708
27,1290.3100000000002,0.14734973457832162
27,1294.6899999999998,0.14630606418442615
27,1299.0600000000002,0.1449852481999543
27,1303.4399999999998,0.14336986844009306
27,1307.81,0.14143243517250678
27,1312.19,0.13912028699597973
27,1316.56,0.13644250190373733
27,1320.94,0.13358950706947612
27,1325.31,0.1307098867588772
27,1329.69,0.12749242198763164
27,1334.06,0.1237089799126672
27,1338.44,0.12043411499023479
27,1342.81,0.11821731406826412
27,1347.19,0.11669137764175183
27,1500.31,0.04386117274813622
27,1504.69,0.045155513433886595
27,1509.0600000000002,0.046507787070974936
27,1513.4399999999998,0.04786284474519254
27,1517.8100000000002,0.04926963438371511
27,1522.1899999999998,0.05067103292607287
27,1526.56,0.05205402617113164
27,1530.94,0.05344894549409521
27,1535.31,0.05483317612409798
27,1539.69,0.05620639739227881
27,1544.06,0.05757882331718544
27,1548.44,0.05892771508917471
27,1552.81,0.060240324382654746
27,1557.19,0.06152626469884832
27,1561.56,0.06276227675654365
27,1565.94,0.06395712870841334
27,1570.3100000000002,0.06516770637911484
27,1574.6899999999998,0.0663873156909689
27,1579.06,0.06755943449599787
27,1583.44,0.06868808330062498
27,1587.81,0.06980456195556277
27,1592.19,0.07090801149562848
27,1596.56,0.0719767532421926
27,1600.94,0.07302867439009218
27,1605.31,0.0740628044890663
27,1609.69,0.07505880543594494
27,1614.06,0.07599956455946207
27,1618.44,0.07686559174137597
27,1622.8100000000002,0.07767446839291901
27,1627.1899999999998,0.07843077632710801
27,1631.56,0.07912008736749539
27,1635.94,0.07973896604671125
27,1640.31,0.08028939594786841
27,1644.69,0.08074767401377436
27,1649.06,0.08107647222935008
27,1653.44,0.08126629647357683
27,1657.81,0.08133611805449366
27,1662.19,0.08132412745706334
27,1666.56,0.08126655196527231
27,1670.94,0.08116692485299395
27,1675.3100000000002,0.08098385889254707
27,1679.6899999999998,0.08067438692734202
27,1684.06,0.08023676509303337
27,1688.44,0.07968800740866017
27,1692.81,0.07903183432688055
27,1697.19,0.07827516502611742
27,1701.56,0.07744779867287777
27,1705.94,0.07658780522844458
27,1710.31,0.07573233310255761
27,1714.69,0.07494692660884937
27,1719.06,0.07426265105269746
27,1723.44,0.07365343410542384
27,1727.8100000000002,0.07311979656366997
27,1732.1899999999998,0.0726406132383917
27,1736.5600000000002,0.07211677580132791
27,1740.9399999999998,0.07148005995602758
27,1745.31,0.07071627754776112
27,1749.69,0.06986962732158529
27,1754.06,0.06903001946155911
27,1758.44,0.06824530116057957
27,1762.81,0.0675562191325552
27,1767.19,0.06696508671433105
27,1771.56,0.06649785616908511
27,1775.94,0.06613320258001015
27,1780.31,0.06582653433054819
27,1784.69,0.06559014117220091
27,1789.0600000000002,0.06544150147793448
27,1999.06,0.02252452354896246
27,2003.4399999999998,0.023078669767834535
27,2007.8100000000002,0.023772491146474974
27,2012.1899999999998,0.024361495720299987
27,2016.5600000000002,0.025038741730873337
27,2020.94,0.025623938224892392
27,2025.3100000000002,0.026036669816821813
27,2029.69,0.026404298307074858
27,2034.0600000000002,0.02675655487103135
27,2038.44,0.027094089721453343
27,2042.8099999999997,0.02742842770069373
27,2047.19,0.027750207461697925
27,2051.56,0.028092734758404195
27,2055.94,0.02848826836857821
27,2060.31,0.028878118154848215
27,2064.69,0.029263840079000555
27,2069.06,0.02967555859880754
27,2073.44,0.030080028884731998
27,2077.81,0.03045845680609552
27,2082.19,0.030831111038627408
27,2086.56,0.03121733942541224
27,2090.9399999999996,0.03160682072178035
27,2095.31,0.031991596421758306
27,2099.69,0.03238635954073014
27,2104.06,0.03278462957990694
27,2108.44,0.03316785580356066
27,2112.81,0.03354628488283418
27,2117.19,0.033928953964905584
27,2121.56,0.03431388002652623
27,2125.94,0.034687260579655765
27,2130.31,0.035038710265288806
27,2134.69,0.035375113787188855
27,2139.0600000000004,0.035709683798870115
27,2143.44,0.03604156130971258
27,2147.8100000000004,0.03637828755767763
27,2152.19,0.03673347946118378
27,2156.56,0.0370833616975406
27,2160.94,0.03741226467534828
27,2165.31,0.03773688194708295
27,2169.69,0.038050687492146594
27,2174.06,0.03834927755346073
27,2178.44,0.03864251566026618
27,2182.81,0.03893954700381441
27,2187.19,0.039233634288389226
27,2191.56,0.03949103505473192
27,2195.9399999999996,0.039716955459756655
27,2200.31,0.03993150823701875
27,2204.6899999999996,0.04012549936379257
27,2209.06,0.040279985555935226
27,2213.44,0.040379217758547734
27,2217.81,0.040416199835030225
27,2222.19,0.040378007079730036
27,2226.56,0.04023354850656551
27,2230.94,0.03995463722290012
27,2235.31,0.03953761161903534
27,2239.69,0.039002991312627175
27,2244.06,0.038375793072069966
27,2248.44,0.037681328844978185
27,2252.8100000000004,0.036949648237619495
27,2257.19,0.03619696407462793
27,2261.56,0.03544472768290066
27,2265.94,0.03472277533247489
27,2270.31,0.03405126393891334
27,2274.69,0.03343146132436836
27,2279.06,0.032846790233258046
27,2283.44,0.03227414509996132
27,2287.81,0.03169782348036498
27,2292.19,0.03109938918665784
27,2296.56,0.03048922909781017
27,2300.94,0.029935649767469028
27,2305.31,0.02949217465668762
27,2309.6899999999996,0.029170394312871564
27,2314.06,0.0289366131620817
27,2318.44,0.02871780519909032
27,2322.81,0.028459165173252515
27,2327.19,0.028157439534229917
27,2331.56,0.027823250939930246
27,2335.94,0.027466694656050044
27,2340.31,0.02710108999912356
27,2344.69,0.026767907167250842
27,2349.06,0.026492254763230208
27,2353.44,0.026250119659097716
27,2357.8100000000004,0.02604894378030327
27,2362.19,0.025874189370043495
27,2366.5600000000004,0.02568210160640943
27,2370.94,0.025443990660632684
27,2375.31,0.025196975791321196
27,2379.69,0.024949359456980163
27,2384.06,0.024648850317360766
27,2388.44,0.0243176044636713
27,2392.81,0.024012640924192964
27,2397.19,0.02373054805142067
27,2401.56,0.023455468337412747
27,2405.94,0.023154445342575082
27,2410.31,0.022817896798167925
27,2414.6899999999996,0.022418557634406887
27,2419.06,0.021958809230099963
27,2423.4399999999996,0.02162257817388097
27,2427.81,0.02136956574915137
27,2432.19,0.02106948789380687
27,2436.56,0.02065199756660754
27,2440.94,0.020283540277535463
27,2445.31,0.01988765117384679
27,2449.69,0.01918603298464568
27,2454.06,0.018719437609277047
27,2458.44,0.01859879943368043
27,2462.81,0.018386546530479622
27,2467.19,0.01802854103099431
27,2471.5600000000004,0.017493850717971157
30,402.188,0.011461489304456438
30,406.56199999999995,0.011561748782776483
30,410.93800000000005,0.011735013397152529
30,415.313,0.01197500370512523
30,419.68699999999995,0.012256856413914144
30,424.06300000000005,0.01255903102220178
30,428.438,0.012870307759436008
30,432.813,0.0131708834949143
30,437.18800000000005,0.013436327973223314
30,441.563,0.013678470236607865
30,445.938,0.013914173729163065
30,450.31300000000005,0.014140522223342613
30,454.688,0.014346597505942337
30,459.063,0.01452086438560327
30,463.438,0.014656011052545768
30,467.813,0.014760651138954257
30,472.187,0.014851996061570137
30,476.562,0.014942389974045539
30,480.938,0.015047658830765026
30,485.313,0.015204856361512744
30,489.688,0.01545867881324875
30,494.063,0.015849392980613185
30,498.438,0.01645476864465097
30,502.812,0.017379109540430523
30,507.188,0.01868267349542797
30,511.563,0.02042696716152957
30,515.937,0.022695268677802978
30,520.313,0.025328556137027895
30,524.687,0.027934257809041775
30,529.062,0.030267932808782566
30,533.438,0.03217600683755837
30,537.813,0.03362541981781201
30,542.188,0.03471370437612029
30,546.563,0.03552816614894315
30,550.938,0.03605900371308539
30,555.312,0.03620633457381655
30,559.688,0.03587876397522987
30,564.063,0.035091561877879464
30,568.438,0.03394026665085374
30,572.813,0.03259102841852739
30,577.187,0.03129391317845934
30,581.562,0.030226729712868237
30,585.938,0.02941533094847322
30,590.313,0.028814076980572048
30,594.688,0.028384173285329606
30,599.063,0.02803205645087219
30,603.438,0.02760219757864381
30,607.812,0.026994132046082118
30,612.188,0.026238846175457735
30,616.563,0.02548183005034841
30,620.937,0.0248875747303352
30,625.312,0.0245142289220518
30,629.687,0.024265084793414517
30,634.063,0.023933826247810635
30,638.437,0.023344438461434622
30,642.813,0.02249387952671941
30,647.188,0.021541270150576004
30,651.563,0.020655811183190702
30,655.938,0.019839873959134925
30,660.313,0.019018006229391347
30,664.687,0.0182493358787789
30,669.063,0.01768508152126843
30,673.438,0.017456542005339363
30,677.813,0.017673851967753115
30,682.187,0.01859994150097082
30,686.562,0.020907763653058156
30,690.937,0.025516946244187693
30,695.312,0.03275254779055436
30,699.688,0.04227178259563717
30,704.063,0.053315897352020886
30,708.438,0.06466804436006818
30,712.813,0.07575953647853559
30,717.187,0.08736962089313928
30,721.563,0.09977481612738708
30,725.938,0.11138335105773972
30,730.313,0.12113465524119044
30,734.687,0.12867858525184095
30,739.063,0.13438688361323176
30,743.437,0.13876780242328005
30,747.812,0.14205404908141422
30,752.188,0.14442518515277178
30,756.563,0.14618821562261228
30,760.938,0.14784880107786352
30,765.313,0.14936174832498295
30,769.688,0.15027414519185817
30,774.063,0.15088087022687036
30,778.438,0.15140320100412086
30,782.813,0.1518614400915948
30,787.188,0.1522758355695463
30,791.563,0.15266459161758292
30,795.937,0.15303049969642288
30,800.312,0.15337655837815187
30,804.688,0.15370139510981648
30,809.063,0.15401785778272345
30,813.438,0.15435334787440766
30,817.813,0.15468953571723057
30,822.188,0.15495669385347893
30,826.5630000000001,0.15514526769454698
30,830.937,0.15529446900037627
30,835.313,0.15544409607378884
30,839.688,0.15562164613251717
30,844.063,0.15582879815299466
30,848.437,0.15605708735561305
30,852.812,0.15629845379476345
30,857.187,0.15653304734785478
30,861.563,0.1567472078112233
30,865.938,0.15694944647634482
30,870.313,0.15714307751236933
30,874.687,0.15732482018894917
30,879.063,0.1574947799072326
30,883.437,0.15764647607194462
30,887.813,0.15777969068423556
30,892.188,0.1579125014201696
30,896.562,0.15805512480039977
30,900.938,0.15817575873152195
30,905.312,0.1582468734342474
30,909.6880000000001,0.15828057675851728
30,914.062,0.15825430627488868
30,918.438,0.158143138145644
30,922.813,0.15798200814938704
30,927.188,0.1577941656393946
30,931.563,0.15747623722291718
30,935.937,0.15668255851091623
30,940.312,0.15553031398713366
30,944.688,0.15427341815203374
30,949.063,0.15261336234808623
30,953.438,0.15071444942172435
30,957.812,0.14898900151664432
30,962.187,0.14777624015848476
30,966.562,0.1471170988929858
30,970.938,0.14684036963076194
30,975.313,0.14680784521770288
30,979.688,0.14698147796194025
30,984.063,0.147339097633716
30,988.438,0.1478605894317235
30,992.812,0.14852806697677387
30,997.188,0.14930322616631522
30,1001.5600000000001,0.1501548427828806
30,1005.94,0.15107971948607943
30,1010.3100000000001,0.1520588329183586
30,1014.69,0.1530569859132952
30,1019.0600000000001,0.15405795948550238
30,1023.4399999999999,0.15504672346256207
30,1027.81,0.1559921491375371
30,1032.19,0.15687043813386012
30,1036.56,0.15767603351470466
30,1040.94,0.15840572492638247
30,1045.31,0.15906041177248947
30,1049.69,0.15964748999195488
30,1054.06,0.160165087947373
30,1058.44,0.1606110994944138
30,1062.81,0.160988662169946
30,1067.19,0.16129849500639895
30,1071.5600000000002,0.16153464432457337
30,1075.9399999999998,0.16169100173613105
30,1080.3100000000002,0.16176874386417708
30,1084.6899999999998,0.1617679726349469
30,1089.06,0.16169115559258587
30,1093.44,0.161548770294922
30,1097.81,0.1613449387052264
30,1102.19,0.16107913127490203
30,1106.56,0.16077150317368571
30,1110.94,0.16046181472077214
30,1115.31,0.16012312657911998
30,1119.69,0.1595138164057988
30,1124.06,0.15794619483112035
30,1128.44,0.15508620929311404
30,1132.8100000000002,0.15172226938773611
30,1137.1899999999998,0.14851839487251992
30,1141.56,0.1454184507081363
30,1145.94,0.14120877455758982
30,1150.31,0.13667430884962775
30,1154.69,0.13381498857104832
30,1159.06,0.13228115054214334
30,1163.44,0.1313923938883971
30,1167.81,0.13081360719174437
30,1172.19,0.13039255176104897
30,1176.56,0.130045477246226
30,1180.94,0.12971609916148766
30,1185.3100000000002,0.129393291463603
30,1189.6899999999998,0.1291326897038309
30,1194.06,0.12900560341149744
30,1198.44,0.129058444875995
30,1202.81,0.12931090387943706
30,1207.19,0.12974804228859596
30,1211.56,0.13035641115988458
30,1215.94,0.13110897021363146
30,1220.31,0.1319440618994545
30,1224.69,0.13281234620427057
30,1229.06,0.13366339081755393
30,1233.44,0.13445497999847816
30,1237.8100000000002,0.13517774440941188
30,1242.1899999999998,0.13583969433059423
30,1246.56,0.13644495757354566
30,1250.94,0.13698114547541834
30,1255.31,0.1374302667500527
30,1259.69,0.13778464572476834
30,1264.06,0.13802926593724818
30,1268.44,0.1381162065417121
30,1272.81,0.13801366999818654
30,1277.19,0.13774266854937686
30,1281.56,0.13731412673793594
30,1285.94,0.13672673155569925
30,1290.3100000000002,0.13596762192544237
30,1294.6899999999998,0.13499058054157223
30,1299.0600000000002,0.1337563453507068
30,1303.4399999999998,0.13224826782367138
30,1307.81,0.1304417505818237
30,1312.19,0.12828460228616753
30,1316.56,0.12577952306909027
30,1320.94,0.12310259365719979
30,1325.31,0.1203938741736076
30,1329.69,0.11736138326102684
30,1334.06,0.11379220676476973
30,1338.44,0.1107035397057495
30,1342.81,0.10861625382213316
30,1347.19,0.10718295694408336
30,1500.31,0.038205539642006334
30,1504.69,0.03942166127014255
30,1509.0600000000002,0.04068972845157412
30,1513.4399999999998,0.04195902892301979
30,1517.8100000000002,0.04327463462239343
30,1522.1899999999998,0.04458272586875902
30,1526.56,0.04587148387897682
30,1530.94,0.047168979228743795
30,1535.31,0.04845444027381534
30,1539.69,0.04972806161648782
30,1544.06,0.05099966738471075
30,1548.44,0.05224818325733735
30,1552.81,0.053462290574668794
30,1557.19,0.054651337537077356
30,1561.56,0.055793605493717
30,1565.94,0.056896933489621014
30,1570.3100000000002,0.05801369991812628
30,1574.6899999999998,0.05913779994970125
30,1579.06,0.06021772027580671
30,1583.44,0.06125781017354331
30,1587.81,0.0622871023500364
30,1592.19,0.06330490607652205
30,1596.56,0.06429110889227602
30,1600.94,0.06526170956495236
30,1605.31,0.06621509638544007
30,1609.69,0.06713268175657962
30,1614.06,0.0679990413099259
30,1618.44,0.06879640163560953
30,1622.8100000000002,0.06954030544677016
30,1627.1899999999998,0.07023456495505477
30,1631.56,0.07086596498527072
30,1635.94,0.0714313733656994
30,1640.31,0.07193215522312732
30,1644.69,0.07234502424376338
30,1649.06,0.07263281644747652
30,1653.44,0.0727849999249273
30,1657.81,0.07281958190314704
30,1662.19,0.07277356700509931
30,1666.56,0.07268318526083707
30,1670.94,0.07255565744843412
30,1675.3100000000002,0.07235428141297158
30,1679.6899999999998,0.07203802620934663
30,1684.06,0.07160491516346684
30,1688.44,0.07107130205520582
30,1692.81,0.07044003411424488
30,1697.19,0.06971581303951824
30,1701.56,0.06892487720448982
30,1705.94,0.06810234031736737
30,1710.31,0.06728391727341024
30,1714.69,0.06653447504824161
30,1719.06,0.0658862958577335
30,1723.44,0.06531602336313715
30,1727.8100000000002,0.06482380733055183
30,1732.1899999999998,0.06438902694246941
30,1736.5600000000002,0.06391849163281177
30,1740.9399999999998,0.06334634819513037
30,1745.31,0.06265671507216128
30,1749.69,0.061890138260726084
30,1754.06,0.061129981100506346
30,1758.44,0.060420995413988744
30,1762.81,0.05980003617701335
30,1767.19,0.05926854629492661
30,1771.56,0.05884944766285827
30,1775.94,0.05852211924487792
30,1780.31,0.05824404199232303
30,1784.69,0.058026218392442486
30,1789.0600000000002,0.05788733690831335
30,1999.06,0.01821882131265688
30,2003.4399999999998,0.018739469779211603
30,2007.8100000000002,0.019368226536578007
30,2012.1899999999998,0.019865863013501767
30,2016.5600000000002,0.020418347377185595
30,2020.94,0.0209056329286794
30,2025.3100000000002,0.02126214963979916
30,2029.69,0.021588084241285034
30,2034.0600000000002,0.021904612871124267
30,2038.44,0.022210334916766786
30,2042.8099999999997,0.022514247131570037
30,2047.19,0.022806641760880743
30,2051.56,0.023116688005744873
30,2055.94,0.023470081354573968
30,2060.31,0.023812349809080858
30,2064.69,0.024147720280957314
30,2069.06,0.02450639565964165
30,2073.44,0.024862488323262794
30,2077.81,0.025198278542520307
30,2082.19,0.02552700411755375
30,2086.56,0.025865269595424328
30,2090.9399999999996,0.026208241705878165
30,2095.31,0.026551412557254333
30,2099.69,0.0269045899286634
30,2104.06,0.027258904097895872
30,2108.44,0.02759862363054688
30,2112.81,0.02793371884285155
30,2117.19,0.028271478027662576
30,2121.56,0.02860967114802522
30,2125.94,0.028940606513138026
30,2130.31,0.02925928322207492
30,2134.69,0.02956947465458178
30,2139.0600000000004,0.02988130286049583
30,2143.44,0.030195744169767627
30,2147.8100000000004,0.030520411650933985
30,2152.19,0.030867109500294823
30,2156.56,0.03121284463623451
30,2160.94,0.031542429908222605
30,2165.31,0.03187107874194052
30,2169.69,0.03218954029171199
30,2174.06,0.032492043486334526
30,2178.44,0.03278848587581114
30,2182.81,0.033087710990258326
30,2187.19,0.033385265383655285
30,2191.56,0.03364993443145027
30,2195.9399999999996,0.033885460360100816
30,2200.31,0.03410575912640381
30,2204.6899999999996,0.03429651839734078
30,2209.06,0.034443066872687306
30,2213.44,0.034535964437382466
30,2217.81,0.03456604160580634
30,2222.19,0.034518226987128905
30,2226.56,0.03437181971391271
30,2230.94,0.03411196452709962
30,2235.31,0.0337335891527423
30,2239.69,0.033244045583177825
30,2244.06,0.03265949216751908
30,2248.44,0.03200437782543848
30,2252.8100000000004,0.031310078189269716
30,2257.19,0.03059440564039135
30,2261.56,0.02987885685481513
30,2265.94,0.02918991555283078
30,2270.31,0.028546103590033907
30,2274.69,0.02795330463582263
30,2279.06,0.027398887023089808
30,2283.44,0.026857938184364185
30,2287.81,0.02631250343285501
30,2292.19,0.025748339272091303
30,2296.56,0.025180859197088495
30,2300.94,0.024677354929184443
30,2305.31,0.0242864313863935
30,2309.6899999999996,0.024016816659477074
30,2314.06,0.0238369639194377
30,2318.44,0.023676446412852513
30,2322.81,0.02347365486119562
30,2327.19,0.02321883985024575
30,2331.56,0.022924736251853345
30,2335.94,0.02259921247758735
30,2340.31,0.022250258500347238
30,2344.69,0.021920379994313267
30,2349.06,0.021638512254700353
30,2353.44,0.021383032649420097
30,2357.8100000000004,0.021166907974849054
30,2362.19,0.020979908893163472
30,2366.5600000000004,0.02077898914718077
30,2370.94,0.02053587757650804
30,2375.31,0.02028873738551569
30,2379.69,0.020049916895563066
30,2384.06,0.019776945862186417
30,2388.44,0.019489656372996784
30,2392.81,0.019229313224203202
30,2397.19,0.018986977525107005
30,2401.56,0.018750833067888203
30,2405.94,0.018492825662309607
30,2410.31,0.01819796978784957
30,2414.6899999999996,0.01784760084931953
30,2419.06,0.017464880394746765
30,2423.4399999999996,0.01719710811001308
30,2427.81,0.016990500054427957
30,2432.19,0.01673770760601371
30,2436.56,0.016385332648951943
30,2440.94,0.016067280032893854
30,2445.31,0.015708679646560586
30,2449.69,0.01509286849388022
30,2454.06,0.01472659512938947
30,2458.44,0.014643384936533952
30,2462.81,0.014453342284560926
30,2467.19,0.014126554440624413
30,2471.5600000000004,0.013644694022130005
