species_richness,wavelength_nm,cv_spectrum_percent
3,402.188,33.31453898548235
3,406.56199999999995,33.296909017489426
3,410.93800000000005,33.239232330569976
3,415.313,33.139574938265234
3,419.68699999999995,33.01896943537996
3,424.06300000000005,32.89718360924722
3,428.438,32.8066982579349
3,432.813,32.80212314638144
3,437.18800000000005,32.888967244810054
3,441.563,33.024836087546625
3,445.938,33.16514452120576
3,450.31300000000005,33.27579047414183
3,454.688,33.35314853848349
3,459.063,33.41055758283324
3,463.438,33.456329803775084
3,467.813,33.489842301568046
3,472.187,33.50789535550015
3,476.562,33.50817619444395
3,480.938,33.48802911926783
3,485.313,33.4405220707336
3,489.688,33.35293327575001
3,494.063,33.21093931611449
3,498.438,32.992540791623995
3,502.812,32.6814890565154
3,507.188,32.29378753264533
3,511.563,31.852138708634264
3,515.937,31.37402883711116
3,520.313,30.90934697361464
3,524.687,30.504783903174644
3,529.062,30.172260245508518
3,533.438,29.922852091558383
3,537.813,29.75479900174974
3,542.188,29.649797573631503
3,546.563,29.58838212585148
3,550.938,29.560420231353067
3,555.312,29.56893346091416
3,559.688,29.6237060015834
3,564.063,29.72987484986767
3,568.438,29.882867095738973
3,572.813,30.065765633527608
3,577.187,30.246911308675834
3,581.562,30.40089410357018
3,585.938,30.523914176813705
3,590.313,30.622661735278058
3,594.688,30.695442306119645
3,599.063,30.74949774958824
3,603.438,30.811310138052438
3,607.812,30.902865762825282
3,612.188,31.02744131513009
3,616.563,31.16741204235445
3,620.937,31.292238197300808
3,625.312,31.38354334219548
3,629.687,31.453567710555795
3,634.063,31.542030310333786
3,638.437,31.693102710821226
3,642.813,31.925037812517825
3,647.188,32.21778877339047
3,651.563,32.52536660225501
3,655.938,32.83420987141763
3,660.313,33.175871093669166
3,664.687,33.54217749704907
3,669.063,33.85714822253205
3,673.438,34.020772539445645
3,677.813,33.9481707325708
3,682.187,33.51403265590895
3,686.562,32.53663796567712
3,690.937,31.152060232247948
3,695.312,29.89560326257561
3,699.688,28.987130024000017
3,704.063,28.390203059051462
3,708.438,28.054101550082926
3,712.813,27.92532792254822
3,717.187,28.002821946675027
3,721.563,28.34218385695201
3,725.938,28.90855289501337
3,730.313,29.600524863440818
3,734.687,30.298523413480833
3,739.063,30.95069685969226
3,743.437,31.541808658296688
3,747.812,32.05356553530841
3,752.188,32.48383257753401
3,756.563,32.87307922649324
3,760.938,33.31945049206687
3,765.313,33.72872271407037
3,769.688,33.8980526777484
3,774.063,33.934663061752524
3,778.438,33.92537741032508
3,782.813,33.89238856922612
3,787.188,33.84881941190664
3,791.563,33.79999750150663
3,795.937,33.75038714293702
3,800.312,33.70459048341843
3,804.688,33.66433827616946
3,809.063,33.63592343886748
3,813.438,33.61719093173602
3,817.813,33.590676412414425
3,822.188,33.55143002743192
3,826.5630000000001,33.512298073941835
3,830.937,33.47332622267385
3,835.313,33.42721635397975
3,839.688,33.375458527199385
3,844.063,33.32343735592747
3,848.437,33.27381261785789
3,852.812,33.22600066471307
3,857.187,33.18127259769952
3,861.563,33.142350131936034
3,865.938,33.10810435915534
3,870.313,33.078563862886085
3,874.687,33.05601547509488
3,879.063,33.040683839907636
3,883.437,33.03156419131687
3,887.813,33.029500444184066
3,892.188,33.03742010662942
3,896.562,33.05349312904721
3,900.938,33.067948655693776
3,905.312,33.0788960602577
3,909.6880000000001,33.09476637643075
3,914.062,33.1168485052299
3,918.438,33.144794132212546
3,922.813,33.18430104381648
3,927.188,33.238791384172586
3,931.563,33.30601860034097
3,935.937,33.352187858235425
3,940.312,33.27299110083244
3,944.688,33.05896473189501
3,949.063,32.73820827043639
3,953.438,32.39049255753008
3,957.812,32.10642049681017
3,962.187,31.928430028991993
3,966.562,31.839876954161646
3,970.938,31.80280251211316
3,975.313,31.794020550414732
3,979.688,31.806053427031834
3,984.063,31.833524861428327
3,988.438,31.87211554745285
3,992.812,31.924817432995532
3,997.188,31.99945036710316
3,1001.5600000000001,32.09743328580933
3,1005.94,32.21194721472406
3,1010.3100000000001,32.335845419386395
3,1014.69,32.46632026619839
3,1019.0600000000001,32.60414434674674
3,1023.4399999999999,32.74416021350111
3,1027.81,32.870437532426166
3,1032.19,32.96712404792985
3,1036.56,33.03433912456803
3,1040.94,33.08481229741011
3,1045.31,33.12672635652347
3,1049.69,33.15900015747359
3,1054.06,33.17314536865734
3,1058.44,33.16239809677395
3,1062.81,33.135044610088386
3,1067.19,33.1085372751602
3,1071.5600000000002,33.09412251047109
3,1075.9399999999998,33.09639260481057
3,1080.3100000000002,33.1179514522689
3,1084.6899999999998,33.155317523274526
3,1089.06,33.19220470577477
3,1093.44,33.213567005006375
3,1097.81,33.220526749425176
3,1102.19,33.22151428815078
3,1106.56,33.22222575183486
3,1110.94,33.22669742433827
3,1115.31,33.238054564808806
3,1119.69,33.24405227115262
3,1124.06,33.14626379362715
3,1128.44,32.82301271480929
3,1132.8100000000002,32.39914746647084
3,1137.1899999999998,31.987932810568388
3,1141.56,31.576642791259218
3,1145.94,31.00250305317282
3,1150.31,30.41900280060497
3,1154.69,30.116774250490728
3,1159.06,29.995075996223434
3,1163.44,29.94172322419536
3,1167.81,29.90986015694068
3,1172.19,29.882910453840267
3,1176.56,29.861141632272748
3,1180.94,29.843671991323372
3,1185.3100000000002,29.825001026465248
3,1189.6899999999998,29.806136064418386
3,1194.06,29.795074453907894
3,1198.44,29.799401967074964
3,1202.81,29.817272090086078
3,1207.19,29.841334845303102
3,1211.56,29.870525281631068
3,1215.94,29.904136294525195
3,1220.31,29.937103780441387
3,1224.69,29.965643586361395
3,1229.06,29.99363656161019
3,1233.44,30.025588169562845
3,1237.8100000000002,30.059257788304887
3,1242.1899999999998,30.095420732205703
3,1246.56,30.137478529045936
3,1250.94,30.18145756188281
3,1255.31,30.221366729098687
3,1259.69,30.258726091687972
3,1264.06,30.292513837338426
3,1268.44,30.30634216810675
3,1272.81,30.28787565180206
3,1277.19,30.245647159705964
3,1281.56,30.189207376965634
3,1285.94,30.124377320424745
3,1290.3100000000002,30.05106767844235
3,1294.6899999999998,29.95931293925404
3,1299.0600000000002,29.84356779000056
3,1303.4399999999998,29.703957771768437
3,1307.81,29.541400547980185
3,1312.19,29.358110999322495
3,1316.56,29.15919730309672
3,1320.94,28.962556581568283
3,1325.31,28.780662158313568
3,1329.69,28.59162871673453
3,1334.06,28.378179803400762
3,1338.44,28.208333168341632
3,1342.81,28.108039106857802
3,1347.19,28.04489399676226
3,1500.31,35.680264520349354
3,1504.69,35.14120230482571
3,1509.0600000000002,34.62102279772742
3,1513.4399999999998,34.13758289142918
3,1517.8100000000002,33.66801135339604
3,1522.1899999999998,33.23334408763971
3,1526.56,32.83371266727465
3,1530.94,32.45696628140088
3,1535.31,32.108937204991285
3,1539.69,31.788044422949557
3,1544.06,31.49063284681517
3,1548.44,31.21966609774826
3,1552.81,30.974221036702392
3,1557.19,30.750038502666172
3,1561.56,30.549856133168994
3,1565.94,30.371731215255128
3,1570.3100000000002,30.206712842906995
3,1574.6899999999998,30.053883981903805
3,1579.06,29.91823834983421
3,1583.44,29.79856926479757
3,1587.81,29.69098649559995
3,1592.19,29.594578529350667
3,1596.56,29.509805286530604
3,1600.94,29.433579955806426
3,1605.31,29.36394086945036
3,1609.69,29.300001286776883
3,1614.06,29.242702646895236
3,1618.44,29.19513151934242
3,1622.8100000000002,29.156750180467196
3,1627.1899999999998,29.12487332439888
3,1631.56,29.09832951527526
3,1635.94,29.078912774040415
3,1640.31,29.06915329571756
3,1644.69,29.070299351997125
3,1649.06,29.0796959858867
3,1653.44,29.091992346643142
3,1657.81,29.103532128962122
3,1662.19,29.114977371089157
3,1666.56,29.129743815242193
3,1670.94,29.149962884150565
3,1675.3100000000002,29.176800855689034
3,1679.6899999999998,29.21358078077809
3,1684.06,29.26328475524198
3,1688.44,29.32661189841722
3,1692.81,29.402243655052786
3,1697.19,29.484866121025494
3,1701.56,29.56885646429629
3,1705.94,29.65286370583811
3,1710.31,29.736660655704263
3,1714.69,29.81451896488173
3,1719.06,29.881841042620028
3,1723.44,29.940665253336217
3,1727.8100000000002,29.992542282052558
3,1732.1899999999998,30.042279741192086
3,1736.5600000000002,30.102889069844718
3,1740.9399999999998,30.18279938147213
3,1745.31,30.282181804681272
3,1749.69,30.393894977907465
3,1754.06,30.506509552282417
3,1758.44,30.616479851328748
3,1762.81,30.72131030458527
3,1767.19,30.82264899909799
3,1771.56,30.91390528721114
3,1775.94,30.993749873762205
3,1780.31,31.065269135573775
3,1784.69,31.12014622377118
3,1789.0600000000002,31.154045426157783
3,1999.06,58.63605020441912
3,2003.4399999999998,57.47468699418029
3,2007.8100000000002,56.43319590474426
3,2012.1899999999998,55.952743397613446
3,2016.5600000000002,55.437842313259
3,2020.94,54.86970308445325
3,2025.3100000000002,54.38740092375757
3,2029.69,53.90021575075738
3,2034.0600000000002,53.38769222251491
3,2038.44,52.8510586880656
3,2042.8099999999997,52.287065699856896
3,2047.19,51.75312724079798
3,2051.56,51.22592928904578
3,2055.94,50.66432313906587
3,2060.31,50.15462116653715
3,2064.69,49.66552455247088
3,2069.06,49.128084630571024
3,2073.44,48.59570882907892
3,2077.81,48.12587580062793
3,2082.19,47.71056955723141
3,2086.56,47.31209431960357
3,2090.9399999999996,46.9075067669486
3,2095.31,46.49339794512801
3,2099.69,46.0794299137613
3,2104.06,45.694747600271185
3,2108.44,45.35397216522405
3,2112.81,45.03650692185272
3,2117.19,44.735234226472045
3,2121.56,44.452493955944
3,2125.94,44.16973985431016
3,2130.31,43.87111402459097
3,2134.69,43.56699885733871
3,2139.0600000000004,43.259877024976525
3,2143.44,42.94903967851381
3,2147.8100000000004,42.632526385178906
3,2152.19,42.30509976321498
3,2156.56,41.98842620956448
3,2160.94,41.69530795285375
3,2165.31,41.409328212587376
3,2169.69,41.1387679872671
3,2174.06,40.88659022558105
3,2178.44,40.64136286111314
3,2182.81,40.39478519230017
3,2187.19,40.14185358318859
3,2191.56,39.90383442803094
3,2195.9399999999996,39.68747802964758
3,2200.31,39.50493377233224
3,2204.6899999999996,39.385743685334134
3,2209.06,39.32253178147996
3,2213.44,39.29884512812991
3,2217.81,39.32788401038791
3,2222.19,39.423208071810905
3,2226.56,39.55610906856752
3,2230.94,39.681661055429366
3,2235.31,39.807488636281334
3,2239.69,39.98258435847676
3,2244.06,40.23235505877712
3,2248.44,40.54392484025302
3,2252.8100000000004,40.890762182298914
3,2257.19,41.252487308886515
3,2261.56,41.61147419762721
3,2265.94,41.96618099387979
3,2270.31,42.31475137827358
3,2274.69,42.642358341191745
3,2279.06,42.959603529346154
3,2283.44,43.30853359107659
3,2287.81,43.716875279785214
3,2292.19,44.18056543751216
3,2296.56,44.66048172848488
3,2300.94,45.07930574033626
3,2305.31,45.39797940233686
3,2309.6899999999996,45.61086294924392
3,2314.06,45.738862271170376
3,2318.44,45.85924276388328
3,2322.81,46.057256066237315
3,2327.19,46.32795451033563
3,2331.56,46.63847344057366
3,2335.94,47.02249561519666
3,2340.31,47.551707666586374
3,2344.69,48.19566669777026
3,2349.06,48.89518551587653
3,2353.44,49.68292493590582
3,2357.8100000000004,50.42600630337189
3,2362.19,51.05129396067207
3,2366.5600000000004,51.662722623854066
3,2370.94,52.36396154648043
3,2375.31,53.05828556775054
3,2379.69,53.65752700870434
3,2384.06,54.20797224932471
3,2388.44,54.682956797359616
3,2392.81,55.07313121969227
3,2397.19,55.444700452142634
3,2401.56,55.790915560182256
3,2405.94,56.15071077838123
3,2410.31,56.681460855416454
3,2414.6899999999996,57.371389325987906
3,2419.06,57.80124470809572
3,2423.4399999999996,57.92022000329947
3,2427.81,58.11418044369338
3,2432.19,58.43276990771464
3,2436.56,58.819607416293096
3,2440.94,59.10507415095648
3,2445.31,59.84683796680431
3,2449.69,62.42168524435239
3,2454.06,63.684165647728506
3,2458.44,63.08300679771213
3,2462.81,63.83310084654502
3,2467.19,66.5470458560661
3,2471.5600000000004,72.57392666854678
5,402.188,35.28772212081478
5,406.56199999999995,35.29221644954505
5,410.93800000000005,35.24185974454399
5,415.313,35.1057386916038
5,419.68699999999995,34.88849214502389
5,424.06300000000005,34.61354017407855
5,428.438,34.303641873972424
5,432.813,34.023343735063456
5,437.18800000000005,33.838466863833276
5,441.563,33.739859601705255
5,445.938,33.689617387483985
5,450.31300000000005,33.65267227172429
5,454.688,33.620927625288374
5,459.063,33.607288023332565
5,463.438,33.61691061607765
5,467.813,33.63948564534663
5,472.187,33.66057967520672
5,476.562,33.666646122113
5,480.938,33.641131368236145
5,485.313,33.56094123924087
5,489.688,33.40051254512607
5,494.063,33.137421012404516
5,498.438,32.74010636173521
5,502.812,32.192728703684836
5,507.188,31.535700785246135
5,511.563,30.82239529527947
5,515.937,30.098226609582095
5,520.313,29.445104150931815
5,524.687,28.91691205266116
5,529.062,28.50275393774806
5,533.438,28.190063597552605
5,537.813,27.962382306054312
5,542.188,27.79592178076955
5,546.563,27.672466071467582
5,550.938,27.588325999741436
5,555.312,27.55599683741115
5,559.688,27.592955932488273
5,564.063,27.707153159173497
5,568.438,27.892685135364342
5,572.813,28.128311617686023
5,577.187,28.374396322633082
5,581.562,28.600223944953974
5,585.938,28.801603034120156
5,590.313,28.97854901278933
5,594.688,29.11591535266474
5,599.063,29.22550077021287
5,603.438,29.356566549815838
5,607.812,29.548967653245526
5,612.188,29.80660785315103
5,616.563,30.0944459877836
5,620.937,30.35708857345612
5,625.312,30.56295931119758
5,629.687,30.73339333411962
5,634.063,30.93953524283356
5,638.437,31.26265998738718
5,642.813,31.735442280191535
5,647.188,32.31824954893398
5,651.563,32.92706378489565
5,655.938,33.54700653201739
5,660.313,34.24041699369742
5,664.687,34.97849443230563
5,669.063,35.60276583656465
5,673.438,35.92406614537968
5,677.813,35.800012868214004
5,682.187,35.03717856077216
5,686.562,33.34645898874267
5,690.937,30.91669748920879
5,695.312,28.635216415886905
5,699.688,26.98462373381103
5,704.063,25.948483412682556
5,708.438,25.38467294985874
5,712.813,25.1364244464573
5,717.187,25.132507215164484
5,721.563,25.396364704877588
5,725.938,25.88719327960163
5,730.313,26.50039871187352
5,734.687,27.113238354807034
5,739.063,27.66164584963348
5,743.437,28.11599112352814
5,747.812,28.45643698914861
5,752.188,28.70078121607454
5,756.563,28.90303335522086
5,760.938,29.136647438873432
5,765.313,29.371636987878563
5,769.688,29.50753498627473
5,774.063,29.58427979655902
5,778.438,29.62906275981657
5,782.813,29.64427136885644
5,787.188,29.641819764614517
5,791.563,29.630872350715997
5,795.937,29.616341553790352
5,800.312,29.601993257539743
5,804.688,29.588901319683377
5,809.063,29.581626572258667
5,813.438,29.579831507779208
5,817.813,29.57005813775987
5,822.188,29.543641373485453
5,826.5630000000001,29.507586103065663
5,830.937,29.467046402763863
5,835.313,29.42620361680554
5,839.688,29.390620442912642
5,844.063,29.361443967453667
5,848.437,29.337732209852973
5,852.812,29.317138645847297
5,857.187,29.297675962722526
5,861.563,29.279352897688042
5,865.938,29.261042274071336
5,870.313,29.24235887092031
5,874.687,29.224711571503338
5,879.063,29.20858175597952
5,883.437,29.19434716203593
5,887.813,29.184697133067143
5,892.188,29.183313814250507
5,896.562,29.18669587720662
5,900.938,29.183296768741933
5,905.312,29.17194773519206
5,909.6880000000001,29.156557806536664
5,914.062,29.129419195882416
5,918.438,29.08991767429357
5,922.813,29.051694693749962
5,927.188,29.020123555882343
5,931.563,28.97996499577002
5,935.937,28.880649584451778
5,940.312,28.73386650599057
5,944.688,28.58551695027982
5,949.063,28.396421548375777
5,953.438,28.182423403836516
5,957.812,27.991265328376937
5,962.187,27.859898628136314
5,966.562,27.787872689760253
5,970.938,27.75397164149867
5,975.313,27.741704218974107
5,979.688,27.744768511119855
5,984.063,27.759916219348373
5,988.438,27.784153487239966
5,992.812,27.8182858597746
5,997.188,27.8668837126782
5,1001.5600000000001,27.931392813243484
5,1005.94,28.007714223298073
5,1010.3100000000001,28.088284256928166
5,1014.69,28.16513175290026
5,1019.0600000000001,28.236281272788094
5,1023.4399999999999,28.304206547561733
5,1027.81,28.368581124207097
5,1032.19,28.428514740953293
5,1036.56,28.485827007798388
5,1040.94,28.540751584776274
5,1045.31,28.591436138046095
5,1049.69,28.636741763780144
5,1054.06,28.675019133201612
5,1058.44,28.70562381546598
5,1062.81,28.729541999170188
5,1067.19,28.746915271822754
5,1071.5600000000002,28.756500285596687
5,1075.9399999999998,28.757535096390228
5,1080.3100000000002,28.75082538333683
5,1084.6899999999998,28.736903676623797
5,1089.06,28.716712243757108
5,1093.44,28.692535334703845
5,1097.81,28.66454197761424
5,1102.19,28.63172540132077
5,1106.56,28.59726171312702
5,1110.94,28.56833473578501
5,1115.31,28.546860839977086
5,1119.69,28.519196960884347
5,1124.06,28.425096661621506
5,1128.44,28.202567546293434
5,1132.8100000000002,27.917313441824792
5,1137.1899999999998,27.642469306068758
5,1141.56,27.376733097503553
5,1145.94,27.021991820611575
5,1150.31,26.67989653760565
5,1154.69,26.508466936376816
5,1159.06,26.438419723035288
5,1163.44,26.406893092489547
5,1167.81,26.388393172718157
5,1172.19,26.373841623392064
5,1176.56,26.36338072927459
5,1180.94,26.356331155960262
5,1185.3100000000002,26.349315655529644
5,1189.6899999999998,26.34222260969444
5,1194.06,26.33920462952973
5,1198.44,26.344367208761664
5,1202.81,26.35643123711024
5,1207.19,26.371718133343386
5,1211.56,26.389859504829488
5,1215.94,26.41039730471283
5,1220.31,26.43194187112184
5,1224.69,26.453270816671026
5,1229.06,26.47461937700123
5,1233.44,26.496832717076856
5,1237.8100000000002,26.519089550187005
5,1242.1899999999998,26.542112584263794
5,1246.56,26.567543876025084
5,1250.94,26.593752807238914
5,1255.31,26.61837309866632
5,1259.69,26.642421702803514
5,1264.06,26.664377564906882
5,1268.44,26.67391133941858
5,1272.81,26.664240648885983
5,1277.19,26.641592136283183
5,1281.56,26.61255352046229
5,1285.94,26.580934963613988
5,1290.3100000000002,26.547131994510238
5,1294.6899999999998,26.506620297998523
5,1299.0600000000002,26.45738333022599
5,1303.4399999999998,26.400743671307996
5,1307.81,26.338957677914195
5,1312.19,26.27484392674402
5,1316.56,26.212233468282147
5,1320.94,26.159874890275127
5,1325.31,26.12346642419382
5,1329.69,26.100240243405338
5,1334.06,26.0923848578409
5,1338.44,26.10160436384775
5,1342.81,26.113872576748292
5,1347.19,26.122962161914092
5,1500.31,37.95548843839569
5,1504.69,37.358128666410856
5,1509.0600000000002,36.77525097926248
5,1513.4399999999998,36.22708796319451
5,1517.8100000000002,35.686426120342
5,1522.1899999999998,35.177581207046316
5,1526.56,34.70216981751897
5,1530.94,34.245340056242966
5,1535.31,33.81378345691639
5,1539.69,33.40732005791606
5,1544.06,33.0232788206709
5,1548.44,32.66676141694974
5,1552.81,32.33805477974383
5,1557.19,32.03266428961211
5,1561.56,31.754457632802936
5,1565.94,31.501113917295953
5,1570.3100000000002,31.260376926500793
5,1574.6899999999998,31.030152874261912
5,1579.06,30.818619764387456
5,1583.44,30.62618570796139
5,1587.81,30.448422444235234
5,1592.19,30.284999936176522
5,1596.56,30.138791874622363
5,1600.94,30.005824743120208
5,1605.31,29.88193159981478
5,1609.69,29.764978542299158
5,1614.06,29.655864876001758
5,1618.44,29.55974431811161
5,1622.8100000000002,29.47589428825935
5,1627.1899999999998,29.401973516529
5,1631.56,29.33803880887014
5,1635.94,29.284415227020805
5,1640.31,29.24108365061042
5,1644.69,29.208498850244418
5,1649.06,29.18565877577969
5,1653.44,29.17018811458566
5,1657.81,29.15979055627081
5,1662.19,29.152784720291418
5,1666.56,29.149847354948676
5,1670.94,29.15450575535986
5,1675.3100000000002,29.17103873169808
5,1679.6899999999998,29.202867418551058
5,1684.06,29.25092337923698
5,1688.44,29.314517693742342
5,1692.81,29.39305901827824
5,1697.19,29.483632970923363
5,1701.56,29.581627412832106
5,1705.94,29.683992188995447
5,1710.31,29.788931503503974
5,1714.69,29.89122508086652
5,1719.06,29.98873868504382
5,1723.44,30.085748919603354
5,1727.8100000000002,30.180501300565215
5,1732.1899999999998,30.275026135047906
5,1736.5600000000002,30.386912167261666
5,1740.9399999999998,30.526178245153297
5,1745.31,30.69019171945043
5,1749.69,30.869560635254338
5,1754.06,31.050176038914522
5,1758.44,31.227804366292062
5,1762.81,31.396272402068526
5,1767.19,31.555454461805727
5,1771.56,31.69572293532123
5,1775.94,31.816259628335807
5,1780.31,31.92139703572382
5,1784.69,32.0017153113052
5,1789.0600000000002,32.053278806972216
5,1999.06,60.47607506694072
5,2003.4399999999998,59.32361855208333
5,2007.8100000000002,58.276277300377814
5,2012.1899999999998,57.76506332469155
5,2016.5600000000002,57.20240653240807
5,2020.94,56.60242809151249
5,2025.3100000000002,56.10806270961791
5,2029.69,55.61603910416674
5,2034.0600000000002,55.099839498176884
5,2038.44,54.55782473660727
5,2042.8099999999997,53.985680111405244
5,2047.19,53.44183191919467
5,2051.56,52.90265522992637
5,2055.94,52.32142857076827
5,2060.31,51.784489833122336
5,2064.69,51.263678446837865
5,2069.06,50.69119049108083
5,2073.44,50.12775020541087
5,2077.81,49.63269084289559
5,2082.19,49.192402773774354
5,2086.56,48.766473168824625
5,2090.9399999999996,48.33433429326101
5,2095.31,47.893423101876124
5,2099.69,47.45118437940622
5,2104.06,47.036657133132735
5,2108.44,46.665078219704306
5,2112.81,46.313805860356354
5,2117.19,45.974560777242296
5,2121.56,45.65154015702658
5,2125.94,45.33082352323022
5,2130.31,45.001222736816935
5,2134.69,44.67667413298975
5,2139.0600000000004,44.35955305411383
5,2143.44,44.04623947053029
5,2147.8100000000004,43.7328040149977
5,2152.19,43.412311804422224
5,2156.56,43.103686262689436
5,2160.94,42.81881649194663
5,2165.31,42.54148011352732
5,2169.69,42.279734187978534
5,2174.06,42.036244186606254
5,2178.44,41.80031009358288
5,2182.81,41.565925344269914
5,2187.19,41.32866029766988
5,2191.56,41.10781670430097
5,2195.9399999999996,40.90983035046237
5,2200.31,40.74474031713917
5,2204.6899999999996,40.6376859497436
5,2209.06,40.579605216658024
5,2213.44,40.55446892868944
5,2217.81,40.57639810921672
5,2222.19,40.65866652986119
5,2226.56,40.77105891218466
5,2230.94,40.86822607261277
5,2235.31,40.95659983109172
5,2239.69,41.08305528008923
5,2244.06,41.27196108664512
5,2248.44,41.51073649471788
5,2252.8100000000004,41.77455137755153
5,2257.19,42.04703086083724
5,2261.56,42.31794221747008
5,2265.94,42.59282060285798
5,2270.31,42.87495749255268
5,2274.69,43.148275722955034
5,2279.06,43.41239393476361
5,2283.44,43.69848943173528
5,2287.81,44.031615277799965
5,2292.19,44.41006159139171
5,2296.56,44.80643263102929
5,2300.94,45.16793345642925
5,2305.31,45.473799324927136
5,2309.6899999999996,45.722316434234514
5,2314.06,45.92339988673355
5,2318.44,46.13535309639838
5,2322.81,46.41324930306939
5,2327.19,46.72773024944664
5,2331.56,47.052951187150605
5,2335.94,47.43697555555081
5,2340.31,47.95515416265124
5,2344.69,48.57953179294708
5,2349.06,49.25790876132348
5,2353.44,50.02693501696782
5,2357.8100000000004,50.755885715377005
5,2362.19,51.37136734415889
5,2366.5600000000004,51.9761659038662
5,2370.94,52.67387506016596
5,2375.31,53.36765422010282
5,2379.69,53.971082601980314
5,2384.06,54.54008021319281
5,2388.44,55.05007005506394
5,2392.81,55.47315509527403
5,2397.19,55.866889722003485
5,2401.56,56.23251166945866
5,2405.94,56.62154601543826
5,2410.31,57.195859137205204
5,2414.6899999999996,57.951657688890776
5,2419.06,58.47259717930855
5,2423.4399999999996,58.655607141551755
5,2427.81,58.88248480269082
5,2432.19,59.22225876634584
5,2436.56,59.65729420435143
5,2440.94,60.026391170229786
5,2445.31,60.876496897283836
5,2449.69,63.685573629935845
5,2454.06,65.19101063096767
5,2458.44,64.66584027126476
5,2462.81,65.5008797683387
5,2467.19,68.34860753713407
5,2471.5600000000004,74.76685406255767
7,402.188,34.644707596400295
7,406.56199999999995,34.605631260127076
7,410.93800000000005,34.511830248022214
7,415.313,34.34536609180765
7,419.68699999999995,34.102506119693416
7,424.06300000000005,33.78549309946245
7,428.438,33.395487384860814
7,432.813,32.98425545698336
7,437.18800000000005,32.63335060155278
7,441.563,32.36107972016501
7,445.938,32.15796098368473
7,450.31300000000005,32.00990397474187
7,454.688,31.9011239258887
7,459.063,31.824244647285987
7,463.438,31.776245488911925
7,467.813,31.749822648908026
7,472.187,31.737727173471058
7,476.562,31.735284999691892
7,480.938,31.730345352998523
7,485.313,31.70022061939623
7,489.688,31.623047905574385
7,494.063,31.482874134427018
7,498.438,31.26011745710698
7,502.812,30.946298454440864
7,507.188,30.56684657117859
7,511.563,30.151236437638946
7,515.937,29.721877775941795
7,520.313,29.32464535377466
7,524.687,28.98864822275149
7,529.062,28.70851505404443
7,533.438,28.482622573119464
7,537.813,28.306585536600004
7,542.188,28.171032574473713
7,546.563,28.07065777774292
7,550.938,28.00744405464566
7,555.312,27.988557743430263
7,559.688,28.018646022009406
7,564.063,28.0974591979196
7,568.438,28.224867580026157
7,572.813,28.39408762072715
7,577.187,28.578963285614428
7,581.562,28.753287756153274
7,585.938,28.91072991176055
7,590.313,29.05290600069207
7,594.688,29.171968652689507
7,599.063,29.277755853122912
7,603.438,29.40637106864619
7,607.812,29.58609097399318
7,612.188,29.819654805873995
7,616.563,30.079948554192253
7,620.937,30.32093908060726
7,625.312,30.51439255255512
7,629.687,30.67378825875366
7,634.063,30.8494285541407
7,638.437,31.104627115097973
7,642.813,31.47889976950723
7,647.188,31.965493207932592
7,651.563,32.51829335107681
7,655.938,33.12604533054858
7,660.313,33.8201720367148
7,664.687,34.56033366136942
7,669.063,35.2143186351296
7,673.438,35.621563126794726
7,677.813,35.64727614715319
7,682.187,35.09233577487029
7,686.562,33.6497388960544
7,690.937,31.4565493720878
7,695.312,29.37175610515434
7,699.688,27.866400926348923
7,704.063,26.878051125806614
7,708.438,26.24669940871438
7,712.813,25.83439028101189
7,717.187,25.576399799038114
7,721.563,25.516964341315564
7,725.938,25.665033632442636
7,730.313,25.944123696634065
7,734.687,26.258214086300256
7,739.063,26.550514839021762
7,743.437,26.79794596871787
7,747.812,26.990662242510076
7,752.188,27.135587477136024
7,756.563,27.24964544939299
7,760.938,27.361655945155817
7,765.313,27.46569127576316
7,769.688,27.52117654881002
7,774.063,27.54146035550357
7,778.438,27.540148748166406
7,782.813,27.522030768391247
7,787.188,27.494041711538596
7,791.563,27.462311908923336
7,795.937,27.43025766141266
7,800.312,27.399087647696884
7,804.688,27.36974474798416
7,809.063,27.342714915058654
7,813.438,27.314911282716814
7,817.813,27.283335377569827
7,822.188,27.251820611015564
7,826.5630000000001,27.223278509765713
7,830.937,27.195763083244984
7,835.313,27.16837608033535
7,839.688,27.141456799419988
7,844.063,27.115021874955048
7,848.437,27.088700096198032
7,852.812,27.06180007106197
7,857.187,27.03554797369465
7,861.563,27.01118152299501
7,865.938,26.987149097978065
7,870.313,26.962928273194347
7,874.687,26.940020941906766
7,879.063,26.919101063137013
7,883.437,26.900377880739573
7,887.813,26.88412253765443
7,892.188,26.870273170755617
7,896.562,26.85704952032692
7,900.938,26.842788644424058
7,905.312,26.828762644649533
7,909.6880000000001,26.813274061721515
7,914.062,26.793130759478363
7,918.438,26.770674786945133
7,922.813,26.750304236944107
7,927.188,26.731979124986204
7,931.563,26.707551732693098
7,935.937,26.64948631892298
7,940.312,26.564226828463184
7,944.688,26.470828783229113
7,949.063,26.336838471151903
7,953.438,26.175900285741672
7,957.812,26.03006814091454
7,962.187,25.928348366004865
7,966.562,25.871615340638943
7,970.938,25.842861153330706
7,975.313,25.8277959116178
7,979.688,25.823097090699815
7,984.063,25.82293039699249
7,988.438,25.8159793911647
7,992.812,25.806915689100773
7,997.188,25.814336031533884
7,1001.5600000000001,25.842701704628375
7,1005.94,25.88314329956222
7,1010.3100000000001,25.92818189038053
7,1014.69,25.9732720675577
7,1019.0600000000001,26.015714747223136
7,1023.4399999999999,26.053614121452174
7,1027.81,26.085385736229092
7,1032.19,26.110950838767472
7,1036.56,26.13192633941824
7,1040.94,26.1496932571005
7,1045.31,26.1646198348841
7,1049.69,26.176556944041174
7,1054.06,26.18456480243396
7,1058.44,26.188547684315704
7,1062.81,26.18925626391458
7,1067.19,26.186580865262542
7,1071.5600000000002,26.18013424064142
7,1075.9399999999998,26.170415300472015
7,1080.3100000000002,26.1582303785014
7,1084.6899999999998,26.143991579406123
7,1089.06,26.128068669218408
7,1093.44,26.110563706684204
7,1097.81,26.091649593080284
7,1102.19,26.07272134077632
7,1106.56,26.055744469811476
7,1110.94,26.042215331597408
7,1115.31,26.031006635542102
7,1119.69,26.01174881703895
7,1124.06,25.941799489809352
7,1128.44,25.781419805573563
7,1132.8100000000002,25.578257568885466
7,1137.1899999999998,25.380422781330214
7,1141.56,25.18587451666669
7,1145.94,24.92433445964954
7,1150.31,24.674643911672533
7,1154.69,24.554692033835682
7,1159.06,24.510152444593416
7,1163.44,24.492080726749784
7,1167.81,24.480969002289026
7,1172.19,24.469879800356928
7,1176.56,24.459347060988478
7,1180.94,24.449837637326716
7,1185.3100000000002,24.440071408031507
7,1189.6899999999998,24.430860145813902
7,1194.06,24.424652896074125
7,1198.44,24.423423043108855
7,1202.81,24.4260917440522
7,1207.19,24.430169599933414
7,1211.56,24.435827364566226
7,1215.94,24.443400321369044
7,1220.31,24.45083437656427
7,1224.69,24.456241637000776
7,1229.06,24.461647984228087
7,1233.44,24.46923422276991
7,1237.8100000000002,24.477767480041425
7,1242.1899999999998,24.487373452650825
7,1246.56,24.499490352192556
7,1250.94,24.512423747130505
7,1255.31,24.52356436790872
7,1259.69,24.533472045480014
7,1264.06,24.54211497560397
7,1268.44,24.543895562428858
7,1272.81,24.534415336784676
7,1277.19,24.51651062925853
7,1281.56,24.493577333902063
7,1285.94,24.468429203575575
7,1290.3100000000002,24.44181369807254
7,1294.6899999999998,24.410437818959487
7,1299.0600000000002,24.372849258062647
7,1303.4399999999998,24.32976652021164
7,1307.81,24.28273179409235
7,1312.19,24.235196764896184
7,1316.56,24.191636460876847
7,1320.94,24.158271616052126
7,1325.31,24.138091403763053
7,1329.69,24.130068835952283
7,1334.06,24.141319507570824
7,1338.44,24.172159641137945
7,1342.81,24.203722870566967
7,1347.19,24.228780488027528
7,1500.31,38.729382923108034
7,1504.69,38.05048608537129
7,1509.0600000000002,37.380261650051054
7,1513.4399999999998,36.742241350236405
7,1517.8100000000002,36.108912513923656
7,1522.1899999999998,35.510359574526674
7,1526.56,34.94871783752409
7,1530.94,34.408287129069606
7,1535.31,33.89781009847283
7,1539.69,33.41526468332134
7,1544.06,32.95624921504352
7,1548.44,32.527863566383076
7,1552.81,32.131601030308424
7,1557.19,31.76245152089667
7,1561.56,31.425431107800115
7,1565.94,31.11651600429335
7,1570.3100000000002,30.81946027929397
7,1574.6899999999998,30.53316052931974
7,1579.06,30.268405286107008
7,1583.44,30.02405718023015
7,1587.81,29.793740807732245
7,1592.19,29.577199987667562
7,1596.56,29.378399392588562
7,1600.94,29.193423332664064
7,1605.31,29.020312674979685
7,1609.69,28.859380258615175
7,1614.06,28.711454878795323
7,1618.44,28.580014291164968
7,1622.8100000000002,28.462754017552776
7,1627.1899999999998,28.358053135545042
7,1631.56,28.267044800844655
7,1635.94,28.19010773096768
7,1640.31,28.126635113027852
7,1644.69,28.07849163701429
7,1649.06,28.048639004688752
7,1653.44,28.036168974845406
7,1657.81,28.03655918559193
7,1662.19,28.04466141431943
7,1666.56,28.058038023563654
7,1670.94,28.079403208332497
7,1675.3100000000002,28.116523691650176
7,1679.6899999999998,28.176601640250098
7,1684.06,28.26037633214093
7,1688.44,28.365023727241507
7,1692.81,28.48914864681778
7,1697.19,28.629578605097443
7,1701.56,28.7799619402624
7,1705.94,28.934830847370304
7,1710.31,29.089683533520283
7,1714.69,29.23313133928824
7,1719.06,29.358771786578764
7,1723.44,29.471714499592423
7,1727.8100000000002,29.573371658931823
7,1732.1899999999998,29.670930877108496
7,1736.5600000000002,29.787755859263402
7,1740.9399999999998,29.937895397417496
7,1745.31,30.121343562990944
7,1749.69,30.32699135471284
7,1754.06,30.535659488117396
7,1758.44,30.738899980492857
7,1762.81,30.927219097803505
7,1767.19,31.099867171310187
7,1771.56,31.245128463498283
7,1775.94,31.36391763052022
7,1780.31,31.46708067971309
7,1784.69,31.547564161967006
7,1789.0600000000002,31.598414684288343
7,1999.06,58.697611177347056
7,2003.4399999999998,57.80270796905176
7,2007.8100000000002,56.99906991023431
7,2012.1899999999998,56.670493753396435
7,2016.5600000000002,56.379700628137606
7,2020.94,56.036772820877864
7,2025.3100000000002,55.70237904462802
7,2029.69,55.33560508582869
7,2034.0600000000002,54.942544431688525
7,2038.44,54.53371536998232
7,2042.8099999999997,54.10581283114517
7,2047.19,53.69352583099217
7,2051.56,53.271602420974496
7,2055.94,52.81798557672913
7,2060.31,52.41476250990824
7,2064.69,52.03558097323582
7,2069.06,51.61947316926477
7,2073.44,51.19406641620887
7,2077.81,50.80110048976205
7,2082.19,50.443971859914846
7,2086.56,50.09675428592124
7,2090.9399999999996,49.73830388604622
7,2095.31,49.36262352995456
7,2099.69,48.97939489803814
7,2104.06,48.61831770619924
7,2108.44,48.2933413898117
7,2112.81,47.984029505522535
7,2117.19,47.683351342344444
7,2121.56,47.395041239418724
7,2125.94,47.10401087779537
7,2130.31,46.796284116305195
7,2134.69,46.48244997364053
7,2139.0600000000004,46.16477842765626
7,2143.44,45.841009107455484
7,2147.8100000000004,45.507323925412955
7,2152.19,45.15782218502312
7,2156.56,44.81619846029744
7,2160.94,44.49662149187636
7,2165.31,44.18217034913346
7,2169.69,43.88300431814465
7,2174.06,43.602421610951666
7,2178.44,43.32859924001372
7,2182.81,43.05383295691369
7,2187.19,42.77343611427096
7,2191.56,42.51117825426879
7,2195.9399999999996,42.273408224573856
7,2200.31,42.071325531825494
7,2204.6899999999996,41.93652794652195
7,2209.06,41.86168744421414
7,2213.44,41.82945410001626
7,2217.81,41.85603242227464
7,2222.19,41.95983974090986
7,2226.56,42.11368443600508
7,2230.94,42.27248774433294
7,2235.31,42.444850917292484
7,2239.69,42.67901136417399
7,2244.06,42.99503516484619
7,2248.44,43.37109469116257
7,2252.8100000000004,43.77201908846558
7,2257.19,44.175500290251904
7,2261.56,44.56642967226428
7,2265.94,44.945939107868796
7,2270.31,45.31337815075126
7,2274.69,45.65312642420321
7,2279.06,45.973024201824344
7,2283.44,46.31324363113953
7,2287.81,46.701147453892006
7,2292.19,47.133763294206204
7,2296.56,47.5816913622079
7,2300.94,47.986227209050966
7,2305.31,48.31645874244412
7,2309.6899999999996,48.557467792532314
7,2314.06,48.71385217221083
7,2318.44,48.849324085415994
7,2322.81,49.03877884579732
7,2327.19,49.27641103777777
7,2331.56,49.53664379772631
7,2335.94,49.8545755054763
7,2340.31,50.29466519092419
7,2344.69,50.832009139845034
7,2349.06,51.4200336683719
7,2353.44,52.08387861922419
7,2357.8100000000004,52.704729377472326
7,2362.19,53.221265992153434
7,2366.5600000000004,53.719252540296395
7,2370.94,54.27867952045795
7,2375.31,54.81973000222731
7,2379.69,55.27292278965358
7,2384.06,55.674118607161304
7,2388.44,56.012770474208565
7,2392.81,56.29066911083843
7,2397.19,56.553905254044636
7,2401.56,56.79275228161658
7,2405.94,57.023052157098164
7,2410.31,57.32225800659714
7,2414.6899999999996,57.694378145746775
7,2419.06,58.02122715863482
7,2423.4399999999996,58.22637074061484
7,2427.81,58.422512841061625
7,2432.19,58.666578215375054
7,2436.56,58.936014750327224
7,2440.94,59.09112502995383
7,2445.31,59.38507020207315
7,2449.69,60.48733028400382
7,2454.06,61.07476758023388
7,2458.44,60.828862006264096
7,2462.81,61.090883415020144
7,2467.19,62.12363767936865
7,2471.5600000000004,64.45782894894793
10,402.188,32.73612589794324
10,406.56199999999995,32.70035055117154
10,410.93800000000005,32.6514918806348
10,415.313,32.59313768856764
10,419.68699999999995,32.51267517469236
10,424.06300000000005,32.39314931672093
10,428.438,32.243266940575985
10,432.813,32.11064686318599
10,437.18800000000005,32.03320556209307
10,441.563,32.004398532089354
10,445.938,32.00335599016431
10,450.31300000000005,32.00691266329075
10,454.688,32.00386131863179
10,459.063,31.995557967003446
10,463.438,31.986215084358605
10,467.813,31.977184433108864
10,472.187,31.96757943707183
10,476.562,31.955620869709843
10,480.938,31.936049927535663
10,485.313,31.898056181673702
10,489.688,31.83210272376991
10,494.063,31.734011377783677
10,498.438,31.59618750692834
10,502.812,31.416944694959316
10,507.188,31.21020379401497
10,511.563,30.980310652262848
10,515.937,30.723101873768293
10,520.313,30.460048533081256
10,524.687,30.220279617078678
10,529.062,30.016484673325618
10,533.438,29.856250839155223
10,537.813,29.735093203846226
10,542.188,29.639189024881652
10,546.563,29.55861524392414
10,550.938,29.49565929674301
10,555.312,29.463847747647865
10,559.688,29.47721819101733
10,564.063,29.539640089648206
10,568.438,29.644137695481454
10,572.813,29.775226091611245
10,577.187,29.90723753559006
10,581.562,30.01784355826767
10,585.938,30.10119872798865
10,590.313,30.16500494080804
10,594.688,30.216326743589335
10,599.063,30.261822208074047
10,603.438,30.31400851981684
10,607.812,30.382980955395983
10,612.188,30.467842398204642
10,616.563,30.55621172845132
10,620.937,30.631296948584406
10,625.312,30.686437804633936
10,629.687,30.7351365088113
10,634.063,30.80410963913084
10,638.437,30.911938821511185
10,642.813,31.05234087444656
10,647.188,31.199047092253863
10,651.563,31.32669940156046
10,655.938,31.43876098180225
10,660.313,31.564234361330755
10,664.687,31.71373897834747
10,669.063,31.85671458654594
10,673.438,31.93099471798055
10,677.813,31.86664779732653
10,682.187,31.57391306162628
10,686.562,30.96261179749397
10,690.937,30.094504983122338
10,695.312,29.11302497935485
10,699.688,28.090294609611128
10,704.063,27.136013944236254
10,708.438,26.364047689500016
10,712.813,25.797444234493195
10,717.187,25.43081014709145
10,721.563,25.349539110059
10,725.938,25.584964419673234
10,730.313,26.027763985699604
10,734.687,26.525614397508683
10,739.063,26.9930798933773
10,743.437,27.39947191950261
10,747.812,27.720283576607436
10,752.188,27.93408557677111
10,756.563,28.037624320617166
10,760.938,28.051163227321418
10,765.313,28.000353748964734
10,769.688,27.943874570920755
10,774.063,27.904569048352634
10,778.438,27.873792126494035
10,782.813,27.847975776619567
10,787.188,27.82633545049322
10,791.563,27.805021848110794
10,795.937,27.78404731511863
10,800.312,27.766395788798643
10,804.688,27.752247493373865
10,809.063,27.744716042396515
10,813.438,27.74321967599336
10,817.813,27.736308841521662
10,822.188,27.71842050393689
10,826.5630000000001,27.697616587837732
10,830.937,27.675839784108796
10,835.313,27.649940662833355
10,839.688,27.621812345094988
10,844.063,27.59547797662843
10,848.437,27.573044469744527
10,852.812,27.55369585225142
10,857.187,27.536874317340292
10,861.563,27.52327372744353
10,865.938,27.511866868928347
10,870.313,27.502220418747747
10,874.687,27.49617423828737
10,879.063,27.49500133360537
10,883.437,27.498196761107348
10,887.813,27.50675646032915
10,892.188,27.524075376295965
10,896.562,27.549808062794213
10,900.938,27.57462834845006
10,905.312,27.59293252226829
10,909.6880000000001,27.61153817703602
10,914.062,27.630829999080092
10,918.438,27.64728128878056
10,922.813,27.664918992818286
10,927.188,27.688933152780066
10,931.563,27.728168949703008
10,935.937,27.806741418410365
10,940.312,27.87440927425482
10,944.688,27.842179717434266
10,949.063,27.695919716128962
10,953.438,27.480549448111525
10,957.812,27.280557624308827
10,962.187,27.145414813545727
10,966.562,27.072070416465476
10,970.938,27.03702710000432
10,975.313,27.022938642228468
10,979.688,27.023444235590482
10,984.063,27.037912453052265
10,988.438,27.06704454076639
10,992.812,27.109894815963127
10,997.188,27.16428848682545
10,1001.5600000000001,27.22975196722212
10,1005.94,27.305161983454333
10,1010.3100000000001,27.38637167227581
10,1014.69,27.469625675097248
10,1019.0600000000001,27.555092021483183
10,1023.4399999999999,27.64151533542185
10,1027.81,27.721681470137018
10,1032.19,27.783948786335845
10,1036.56,27.814331298532608
10,1040.94,27.808443519446573
10,1045.31,27.780948900014895
10,1049.69,27.750180483975534
10,1054.06,27.72442515115935
10,1058.44,27.70522728582947
10,1062.81,27.692545017769927
10,1067.19,27.685640769343188
10,1071.5600000000002,27.68391136882899
10,1075.9399999999998,27.68772315007822
10,1080.3100000000002,27.69779873667046
10,1084.6899999999998,27.714150040021906
10,1089.06,27.73594580203909
10,1093.44,27.763972555038173
10,1097.81,27.798857654644358
10,1102.19,27.83748086393349
10,1106.56,27.87383836514322
10,1110.94,27.901533942112195
10,1115.31,27.915017837897672
10,1119.69,27.898203838206847
10,1124.06,27.781453195030707
10,1128.44,27.5158988739716
10,1132.8100000000002,27.20864897006301
10,1137.1899999999998,26.927201706939947
10,1141.56,26.65880883141149
10,1145.94,26.30022887292112
10,1150.31,25.952262442122105
10,1154.69,25.774461944204752
10,1159.06,25.69847816570818
10,1163.44,25.66162330311421
10,1167.81,25.638720137054776
10,1172.19,25.620708639038053
10,1176.56,25.60661504929352
10,1180.94,25.595222732987672
10,1185.3100000000002,25.58366531293966
10,1189.6899999999998,25.572582246976864
10,1194.06,25.566188856282274
10,1198.44,25.567813138903126
10,1202.81,25.57661499537665
10,1207.19,25.590290688032123
10,1211.56,25.6086996378282
10,1215.94,25.630902117630573
10,1220.31,25.6550684756499
10,1224.69,25.679734582680176
10,1229.06,25.704460953791923
10,1233.44,25.729703296426425
10,1237.8100000000002,25.755085564717284
10,1242.1899999999998,25.78125983159869
10,1246.56,25.809214014600506
10,1250.94,25.837150988093306
10,1255.31,25.86271162177184
10,1259.69,25.8864371465642
10,1264.06,25.906810465356816
10,1268.44,25.914740952125147
10,1272.81,25.904508007620247
10,1277.19,25.88193491990912
10,1281.56,25.852558096564533
10,1285.94,25.818930003083846
10,1290.3100000000002,25.780658830395364
10,1294.6899999999998,25.733192747306706
10,1299.0600000000002,25.67423035511991
10,1303.4399999999998,25.605086066695392
10,1307.81,25.528430614105403
10,1312.19,25.446995906331043
10,1316.56,25.364945382418146
10,1320.94,25.292117867188125
10,1325.31,25.234504160525102
10,1329.69,25.187202465428253
10,1334.06,25.150240227072423
10,1338.44,25.134766701413263
10,1342.81,25.132919725925134
10,1347.19,25.13516697839296
10,1500.31,31.07609116991949
10,1504.69,30.80723911073478
10,1509.0600000000002,30.54349013527623
10,1513.4399999999998,30.293131123855172
10,1517.8100000000002,30.0450833763319
10,1522.1899999999998,29.811134828386294
10,1526.56,29.59147030939169
10,1530.94,29.379267523336516
10,1535.31,29.177506884645975
10,1539.69,28.98574002222863
10,1544.06,28.80288365148672
10,1548.44,28.63205020630053
10,1552.81,28.473749130835213
10,1557.19,28.325753296384587
10,1561.56,28.189541711232007
10,1565.94,28.063423488537296
10,1570.3100000000002,27.941263244903425
10,1574.6899999999998,27.822974817377744
10,1579.06,27.713254775889652
10,1583.44,27.611750339054552
10,1587.81,27.515688304508597
10,1592.19,27.425006587644603
10,1596.56,27.34173766697478
10,1600.94,27.264239351287113
10,1605.31,27.191220913044006
10,1609.69,27.122575752448714
10,1614.06,27.058843918317
10,1618.44,27.00197039528483
10,1622.8100000000002,26.95098319526728
10,1627.1899999999998,26.905324927440887
10,1631.56,26.8658796848897
10,1635.94,26.83271537394203
10,1640.31,26.805511481252854
10,1644.69,26.784927123700346
10,1649.06,26.771537189732175
10,1653.44,26.764872551499984
10,1657.81,26.763178259462567
10,1662.19,26.76371222382769
10,1666.56,26.764857785261775
10,1670.94,26.767962668813507
10,1675.3100000000002,26.776306730444844
10,1679.6899999999998,26.79232728079669
10,1684.06,26.816397026664575
10,1688.44,26.84810460376325
10,1692.81,26.8876459633473
10,1697.19,26.93459735399192
10,1701.56,26.98727790711977
10,1705.94,27.043906480678125
10,1710.31,27.10263701435028
10,1714.69,27.159153025340753
10,1719.06,27.21067421311334
10,1723.44,27.258024440890914
10,1727.8100000000002,27.29978826740566
10,1732.1899999999998,27.337615967025926
10,1736.5600000000002,27.38139753675529
10,1740.9399999999998,27.43802078306259
10,1745.31,27.507781825928713
10,1749.69,27.586445915552037
10,1754.06,27.66666188805626
10,1758.44,27.7450596159241
10,1762.81,27.817354108700947
10,1767.19,27.882764698173958
10,1771.56,27.9378679997157
10,1775.94,27.983384153103565
10,1780.31,28.02257035530169
10,1784.69,28.05303572834552
10,1789.0600000000002,28.07280140780697
10,1999.06,41.33840575622276
10,2003.4399999999998,40.751485770079945
10,2007.8100000000002,40.21480697586169
10,2012.1899999999998,39.93711674553896
10,2016.5600000000002,39.62564168614549
10,2020.94,39.3106759145052
10,2025.3100000000002,39.0526091626952
10,2029.69,38.79053722324886
10,2034.0600000000002,38.51781154436566
10,2038.44,38.24163175825395
10,2042.8099999999997,37.96026731153718
10,2047.19,37.6943017928194
10,2051.56,37.42652885092868
10,2055.94,37.13909050560917
10,2060.31,36.879726982512764
10,2064.69,36.636425787839514
10,2069.06,36.37581253993725
10,2073.44,36.119215833692856
10,2077.81,35.89089993314943
10,2082.19,35.684591205874376
10,2086.56,35.482427316728774
10,2090.9399999999996,35.27955193472753
10,2095.31,35.07817999562653
10,2099.69,34.87803888752781
10,2104.06,34.69004529334821
10,2108.44,34.52299290673514
10,2112.81,34.36609293044853
10,2117.19,34.21445446745026
10,2121.56,34.0706738524411
10,2125.94,33.93215099511294
10,2130.31,33.79418293072836
10,2134.69,33.655365603061355
10,2139.0600000000004,33.51395993552705
10,2143.44,33.373385294146765
10,2147.8100000000004,33.2338846346232
10,2152.19,33.09092463905076
10,2156.56,32.95288265687928
10,2160.94,32.82538927508983
10,2165.31,32.70226071669294
10,2169.69,32.587384042933174
10,2174.06,32.481804306065506
10,2178.44,32.379520260600295
10,2182.81,32.275978568973876
10,2187.19,32.17188506137651
10,2191.56,32.07897515258289
10,2195.9399999999996,31.998503896817066
10,2200.31,31.930290206126905
10,2204.6899999999996,31.880962619031
10,2209.06,31.849461564287974
10,2213.44,31.83482928516322
10,2217.81,31.8415433712492
10,2222.19,31.87359581907599
10,2226.56,31.92499589264795
10,2230.94,31.981958464263077
10,2235.31,32.0456672718636
10,2239.69,32.131729260635886
10,2244.06,32.24747350966829
10,2248.44,32.387236373674746
10,2252.8100000000004,32.54181881027448
10,2257.19,32.70349773563541
10,2261.56,32.864494624196176
10,2265.94,33.023292169938635
10,2270.31,33.178114864098404
10,2274.69,33.32497084439386
10,2279.06,33.470119659488134
10,2283.44,33.62797603747994
10,2287.81,33.80695333491698
10,2292.19,34.00799549279729
10,2296.56,34.22083794002622
10,2300.94,34.41795534771028
10,2305.31,34.581475323905856
10,2309.6899999999996,34.70289698407507
10,2314.06,34.78983406417498
10,2318.44,34.87659414774338
10,2322.81,34.99347454422848
10,2327.19,35.13399781406377
10,2331.56,35.28703363129694
10,2335.94,35.465990284644974
10,2340.31,35.701999539060026
10,2344.69,35.98832769863075
10,2349.06,36.3003530580257
10,2353.44,36.65104088893442
10,2357.8100000000004,36.983917400898555
10,2362.19,37.26404604760184
10,2366.5600000000004,37.53939866854169
10,2370.94,37.863402687742614
10,2375.31,38.19065747929536
10,2379.69,38.475410921909706
10,2384.06,38.743756447087705
10,2388.44,38.98888655961852
10,2392.81,39.19699931153915
10,2397.19,39.395135026565306
10,2401.56,39.585044223348625
10,2405.94,39.78283637912465
10,2410.31,40.04898033209724
10,2414.6899999999996,40.395715190756974
10,2419.06,40.69501656312634
10,2423.4399999999996,40.86244576197313
10,2427.81,41.019343522291194
10,2432.19,41.21135747325185
10,2436.56,41.442578249254026
10,2440.94,41.636913680761715
10,2445.31,42.131611237250624
10,2449.69,43.805893622027384
10,2454.06,44.62568695682834
10,2458.44,44.186409562870075
10,2462.81,44.52499937872819
10,2467.19,46.12349874914212
10,2471.5600000000004,49.87586597175886
12,402.188,34.17971220124569
12,406.56199999999995,34.208553581771014
12,410.93800000000005,34.17766939994184
12,415.313,34.03846775368242
12,419.68699999999995,33.80686837674333
12,424.06300000000005,33.52199941920399
12,428.438,33.19925124723651
12,432.813,32.87779609005146
12,437.18800000000005,32.60388537091052
12,441.563,32.37138617359393
12,445.938,32.160682533177884
12,450.31300000000005,31.967903216869537
12,454.688,31.8036450658512
12,459.063,31.684664846884154
12,463.438,31.620379649517954
12,467.813,31.598394027535043
12,472.187,31.598151911758215
12,476.562,31.606145745304477
12,480.938,31.59875440028691
12,485.313,31.524219277008463
12,489.688,31.325185684319095
12,494.063,30.96979092413476
12,498.438,30.432554347433026
12,502.812,29.72881554726542
12,507.188,28.965532026891598
12,511.563,28.25092953941671
12,515.937,27.65307416129396
12,520.313,27.229770459778376
12,524.687,26.964631710712972
12,529.062,26.796746052641872
12,533.438,26.687923838778875
12,537.813,26.614219409659217
12,542.188,26.55858498800403
12,546.563,26.513107417471748
12,550.938,26.479186012505078
12,555.312,26.464029995169607
12,559.688,26.476700721944535
12,564.063,26.525647296917658
12,568.438,26.61584622985904
12,572.813,26.74456854650892
12,577.187,26.89520776336427
12,581.562,27.0479100780998
12,585.938,27.194754426563584
12,590.313,27.334959908382668
12,594.688,27.458322331488855
12,599.063,27.571183339520534
12,603.438,27.71206428290195
12,607.812,27.91869250536293
12,612.188,28.203570021128698
12,616.563,28.539910817885684
12,620.937,28.866332925424715
12,625.312,29.135370703994827
12,629.687,29.357018157411453
12,634.063,29.60262320906139
12,638.437,29.97344799033111
12,642.813,30.545501510083188
12,647.188,31.331402458646025
12,651.563,32.27870674369694
12,655.938,33.39318790027112
12,660.313,34.770004408137304
12,664.687,36.35038946029732
12,669.063,37.8179015722557
12,673.438,38.73866313604576
12,677.813,38.74886992428693
12,682.187,37.46230746519378
12,686.562,34.56798963312765
12,690.937,30.890082678291947
12,695.312,28.031598409684676
12,699.688,26.312089477045834
12,704.063,25.33168736323522
12,708.438,24.797124667199288
12,712.813,24.549534203469793
12,717.187,24.54525666581461
12,721.563,24.82789076979973
12,725.938,25.34485942534616
12,730.313,25.962169444435183
12,734.687,26.546331615413372
12,739.063,27.043151543592277
12,743.437,27.43842749371459
12,747.812,27.709843514778314
12,752.188,27.85502546440486
12,756.563,27.914903835730957
12,760.938,27.94444018106522
12,765.313,27.967968680151024
12,769.688,27.981057338825764
12,774.063,27.98226131283942
12,778.438,27.969051129609223
12,782.813,27.94261279882957
12,787.188,27.909226168599076
12,791.563,27.873333123872534
12,795.937,27.83759201793706
12,800.312,27.80356810006141
12,804.688,27.771998304960967
12,809.063,27.743864544460262
12,813.438,27.716064616841585
12,817.813,27.683072702360956
12,822.188,27.647036765091887
12,826.5630000000001,27.61238781386207
12,830.937,27.577990740610336
12,835.313,27.543117014687486
12,839.688,27.50893664412769
12,844.063,27.475879199757486
12,848.437,27.443821161536874
12,852.812,27.41195479090624
12,857.187,27.380797853597045
12,861.563,27.351554067753337
12,865.938,27.323343597952753
12,870.313,27.296290697558128
12,874.687,27.271676854039267
12,879.063,27.249230520937218
12,883.437,27.22890293554746
12,887.813,27.212019340950782
12,892.188,27.199376983392476
12,896.562,27.188146868987538
12,900.938,27.174188276501525
12,905.312,27.159176285100777
12,909.6880000000001,27.144246133865124
12,914.062,27.12639397076319
12,918.438,27.10721052020237
12,922.813,27.092892448997485
12,927.188,27.08556550451403
12,931.563,27.082111241243474
12,935.937,27.071970316946327
12,940.312,27.039534367301137
12,944.688,26.95588865907732
12,949.063,26.78093110008046
12,953.438,26.5442126066021
12,957.812,26.327766907060422
12,962.187,26.185134218422235
12,966.562,26.113554482687658
12,970.938,26.08373834987606
12,975.313,26.075687822962973
12,979.688,26.085451289875234
12,984.063,26.1107554092126
12,988.438,26.14724945487985
12,992.812,26.194692935401914
12,997.188,26.254227014664316
12,1001.5600000000001,26.32531890305
12,1005.94,26.406826906470055
12,1010.3100000000001,26.49576543991317
12,1014.69,26.588227199769726
12,1019.0600000000001,26.68047328313629
12,1023.4399999999999,26.761647697558892
12,1027.81,26.815458848858064
12,1032.19,26.84042019448804
12,1036.56,26.85019685197063
12,1040.94,26.854466279853177
12,1045.31,26.855581370580932
12,1049.69,26.854335124053474
12,1054.06,26.851073781276725
12,1058.44,26.846327512581986
12,1062.81,26.841134339973472
12,1067.19,26.83612290788891
12,1071.5600000000002,26.831586265575307
12,1075.9399999999998,26.82807774697644
12,1080.3100000000002,26.826502963109288
12,1084.6899999999998,26.8274449240404
12,1089.06,26.830583913907773
12,1093.44,26.835412954917814
12,1097.81,26.841984983608352
12,1102.19,26.850484735816053
12,1106.56,26.860081065241985
12,1110.94,26.869908313459106
12,1115.31,26.880447802156898
12,1119.69,26.884250803707445
12,1124.06,26.813854168127772
12,1128.44,26.58535020205414
12,1132.8100000000002,26.296098517961887
12,1137.1899999999998,26.033172086356473
12,1141.56,25.793461043212545
12,1145.94,25.493920209296594
12,1150.31,25.229842927332747
12,1154.69,25.115488687596756
12,1159.06,25.080273572586087
12,1163.44,25.074294407525695
12,1167.81,25.08028884568796
12,1172.19,25.092002723662443
12,1176.56,25.108665945482006
12,1180.94,25.12889699702836
12,1185.3100000000002,25.148992938881648
12,1189.6899999999998,25.165964035835852
12,1194.06,25.181034621546942
12,1198.44,25.198125072970168
12,1202.81,25.216606157366023
12,1207.19,25.232222180082985
12,1211.56,25.24440550110576
12,1215.94,25.25465136431619
12,1220.31,25.26398901426356
12,1224.69,25.273530196549416
12,1229.06,25.28543841504338
12,1233.44,25.300810243799226
12,1237.8100000000002,25.318465242631444
12,1242.1899999999998,25.338551422944256
12,1246.56,25.361939974278346
12,1250.94,25.386800455963908
12,1255.31,25.41083564815586
12,1259.69,25.434722330563847
12,1264.06,25.458291701046143
12,1268.44,25.475478448768023
12,1272.81,25.480913505005944
12,1277.19,25.477480732547647
12,1281.56,25.469625926980576
12,1285.94,25.460205402523144
12,1290.3100000000002,25.449999685233816
12,1294.6899999999998,25.437111646706228
12,1299.0600000000002,25.42191408730628
12,1303.4399999999998,25.407266606075062
12,1307.81,25.397374648810207
12,1312.19,25.398589855278026
12,1316.56,25.41767945496683
12,1320.94,25.459253333227768
12,1325.31,25.523861043398327
12,1329.69,25.621650657013344
12,1334.06,25.772078302395272
12,1338.44,25.929650254710474
12,1342.81,26.04379911605987
12,1347.19,26.12210945820943
12,1500.31,46.65774579834821
12,1504.69,45.779225449755636
12,1509.0600000000002,44.9113383141385
12,1513.4399999999998,44.08537971614094
12,1517.8100000000002,43.26535567202924
12,1522.1899999999998,42.489688612495584
12,1526.56,41.76033016858332
12,1530.94,41.0558397297102
12,1535.31,40.38780877549656
12,1539.69,39.754202675349454
12,1544.06,39.14923871071723
12,1548.44,38.582035681877876
12,1552.81,38.054381497279394
12,1557.19,37.55927488462523
12,1561.56,37.104184757619976
12,1565.94,36.68594871497548
12,1570.3100000000002,36.28405154201542
12,1574.6899999999998,35.89649332582913
12,1579.06,35.53770618747418
12,1583.44,35.2072541965862
12,1587.81,34.897351376603005
12,1592.19,34.60787465774531
12,1596.56,34.34383128656713
12,1600.94,34.09911272715658
12,1605.31,33.869649304387764
12,1609.69,33.65440730301514
12,1614.06,33.454400523410605
12,1618.44,33.27539387217948
12,1622.8100000000002,33.11493797574189
12,1627.1899999999998,32.97037302953332
12,1631.56,32.84308807886983
12,1635.94,32.733945172201835
12,1640.31,32.641186644844616
12,1644.69,32.56498405808086
12,1649.06,32.507080645163335
12,1653.44,32.465845254407604
12,1657.81,32.437949210870876
12,1662.19,32.42054922986263
12,1666.56,32.414127690001834
12,1670.94,32.42434014186105
12,1675.3100000000002,32.458471526835055
12,1679.6899999999998,32.521938228061956
12,1684.06,32.61536234645816
12,1688.44,32.73623433574027
12,1692.81,32.88354218475186
12,1697.19,33.05381040514832
12,1701.56,33.23891241480452
12,1705.94,33.43110129544256
12,1710.31,33.62414744233425
12,1714.69,33.80501118901059
12,1719.06,33.968430366723666
12,1723.44,34.12451868735778
12,1727.8100000000002,34.27761341930111
12,1732.1899999999998,34.43686511170217
12,1736.5600000000002,34.63018922134202
12,1740.9399999999998,34.86875724666963
12,1745.31,35.14676238115363
12,1749.69,35.4489986088373
12,1754.06,35.752090538423694
12,1758.44,36.048257795212876
12,1762.81,36.327271939943095
12,1767.19,36.58984803709492
12,1771.56,36.81662936390759
12,1775.94,37.005534940630426
12,1780.31,37.16876935863729
12,1784.69,37.29248373657301
12,1789.0600000000002,37.36877085166262
12,1999.06,73.24822430879853
12,2003.4399999999998,72.01665752912409
12,2007.8100000000002,70.88228954466317
12,2012.1899999999998,70.37391002988812
12,2016.5600000000002,69.88735447209346
12,2020.94,69.33859824856388
12,2025.3100000000002,68.83007377393751
12,2029.69,68.28559972586987
12,2034.0600000000002,67.70230155234785
12,2038.44,67.08948088615696
12,2042.8099999999997,66.44262194921633
12,2047.19,65.81675010018215
12,2051.56,65.17384502517118
12,2055.94,64.47602038319936
12,2060.31,63.84830882649673
12,2064.69,63.25786842204493
12,2069.06,62.61791606490953
12,2073.44,61.97558791547959
12,2077.81,61.389284245408945
12,2082.19,60.855042552449845
12,2086.56,60.33397343033889
12,2090.9399999999996,59.8006291563278
12,2095.31,59.2476463066024
12,2099.69,58.68465702811714
12,2104.06,58.150790619325136
12,2108.44,57.66616961387857
12,2112.81,57.202507111759296
12,2117.19,56.75064001769756
12,2121.56,56.317514577774034
12,2125.94,55.88636236096737
12,2130.31,55.44291710455469
12,2134.69,55.005586981884605
12,2139.0600000000004,54.57878717023148
12,2143.44,54.157090398129924
12,2147.8100000000004,53.73157002771903
12,2152.19,53.29263611441314
12,2156.56,52.86942696451361
12,2160.94,52.479346055327746
12,2165.31,52.100840179122564
12,2169.69,51.74437937146372
12,2174.06,51.4123425700693
12,2178.44,51.090947903056986
12,2182.81,50.77179822777691
12,2187.19,50.44703970353173
12,2191.56,50.142217402079325
12,2195.9399999999996,49.86727174132961
12,2200.31,49.64113918878776
12,2204.6899999999996,49.50428627604926
12,2209.06,49.44358245203292
12,2213.44,49.43222225711135
12,2217.81,49.48822226278059
12,2222.19,49.63103996903141
12,2226.56,49.81786205482185
12,2230.94,49.98328914367284
12,2235.31,50.13577143116312
12,2239.69,50.340167754666055
12,2244.06,50.62885536525802
12,2248.44,50.98461856965449
12,2252.8100000000004,51.37744925045381
12,2257.19,51.79068713923874
12,2261.56,52.210736667762994
12,2265.94,52.638343461627244
12,2270.31,53.07098604147298
12,2274.69,53.48663814476195
12,2279.06,53.889252643269245
12,2283.44,54.321734255142786
12,2287.81,54.81153998334669
12,2292.19,55.350970533204446
12,2296.56,55.904553783418045
12,2300.94,56.40645179802842
12,2305.31,56.82894159523385
12,2309.6899999999996,57.16023918603121
12,2314.06,57.40661288414762
12,2318.44,57.64722976157406
12,2322.81,57.96407185742277
12,2327.19,58.32850131176305
12,2331.56,58.7074681002546
12,2335.94,59.159559601447675
12,2340.31,59.77774355026719
12,2344.69,60.52792556863442
12,2349.06,61.35042646725169
12,2353.44,62.28789758167315
12,2357.8100000000004,63.173299323787646
12,2362.19,63.91525864861683
12,2366.5600000000004,64.6324464927396
12,2370.94,65.43648141636585
12,2375.31,66.21170227712085
12,2379.69,66.86367977937084
12,2384.06,67.45224983688577
12,2388.44,67.96305996389226
12,2392.81,68.38858718189493
12,2397.19,68.78972155454608
12,2401.56,69.15883724823783
12,2405.94,69.52961595430581
12,2410.31,70.00989496194795
12,2414.6899999999996,70.6054227356709
12,2419.06,71.14659760500618
12,2423.4399999999996,71.47666572215425
12,2427.81,71.77373049481214
12,2432.19,72.15296957497465
12,2436.56,72.59575111003099
12,2440.94,72.88294724397245
12,2445.31,73.38881691736387
12,2449.69,75.1107098803041
12,2454.06,76.08539536555583
12,2458.44,75.78610017837455
12,2462.81,76.17994415544287
12,2467.19,77.58736227778842
12,2471.5600000000004,80.688589035791
15,402.188,45.48631816201251
15,406.56199999999995,45.79852352823347
15,410.93800000000005,46.30466395721146
15,415.313,46.935850508539744
15,419.68699999999995,47.594749645150294
15,424.06300000000005,48.23493934366247
15,428.438,48.81646579184504
15,432.813,49.27690037290597
15,437.18800000000005,49.56239914093481
15,441.563,49.70012335566965
15,445.938,49.725822384419764
15,450.31300000000005,49.664217247951456
15,454.688,49.54515786204641
15,459.063,49.404041312667104
15,463.438,49.27584313516068
15,467.813,49.17155873506461
15,472.187,49.08411116063615
15,476.562,49.00540721906798
15,480.938,48.90914773601253
15,485.313,48.741559497305126
15,489.688,48.459021838248994
15,494.063,48.04214655625588
15,498.438,47.44681380005187
15,502.812,46.64082712273313
15,507.188,45.66868200726672
15,511.563,44.58411637734226
15,515.937,43.437890684566725
15,520.313,42.367504683318124
15,524.687,41.47848401691534
15,529.062,40.7611272452085
15,533.438,40.1948338595495
15,537.813,39.750858237449265
15,542.188,39.39380655131185
15,546.563,39.10495755888609
15,550.938,38.88566594412325
15,555.312,38.7509027606151
15,559.688,38.71516944076846
15,564.063,38.782579049208294
15,568.438,38.94650395247272
15,572.813,39.183420727777204
15,577.187,39.441041092019105
15,581.562,39.669288742893606
15,585.938,39.85146522322458
15,590.313,39.99236981596956
15,594.688,40.0950278489987
15,599.063,40.18438611214962
15,603.438,40.31393533818798
15,607.812,40.52319952695196
15,612.188,40.80998045748132
15,616.563,41.12604409847294
15,620.937,41.39853952476929
15,625.312,41.58708486010602
15,629.687,41.72464681367673
15,634.063,41.90742477519934
15,638.437,42.239024150188776
15,642.813,42.76416482340362
15,647.188,43.44311137237493
15,651.563,44.184946096562506
15,655.938,44.974198493825284
15,660.313,45.872028954655
15,664.687,46.831230311162706
15,669.063,47.661825531004865
15,673.438,48.12067195061081
15,677.813,47.978037491654916
15,682.187,46.906111377211104
15,686.562,44.530480602691334
15,690.937,41.295908575473064
15,695.312,38.43930744428019
15,699.688,36.39697803929644
15,704.063,35.00566960158162
15,708.438,34.0798403907189
15,712.813,33.44334962635658
15,717.187,32.94204503314813
15,721.563,32.5291891145225
15,725.938,32.222723966021
15,730.313,31.991410728386523
15,734.687,31.805040627133753
15,739.063,31.656752434193557
15,743.437,31.549568148143887
15,747.812,31.481147741858557
15,752.188,31.44314834816176
15,756.563,31.428704766124156
15,760.938,31.42484938022295
15,765.313,31.40346086068529
15,769.688,31.371974255478392
15,774.063,31.350074302570086
15,778.438,31.334438319486974
15,782.813,31.32127885680802
15,787.188,31.309171792853306
15,791.563,31.29361303117253
15,795.937,31.273405500489616
15,800.312,31.251793032647836
15,804.688,31.23141904753613
15,809.063,31.217955813649372
15,813.438,31.211671766174256
15,817.813,31.20084161873055
15,822.188,31.179695440064435
15,826.5630000000001,31.156347253659522
15,830.937,31.132537542952015
15,835.313,31.104967071406513
15,839.688,31.07505029804651
15,844.063,31.045830271799023
15,848.437,31.019492306708003
15,852.812,30.995499419163906
15,857.187,30.972391790858662
15,861.563,30.950620804439446
15,865.938,30.93046427801063
15,870.313,30.912193199874082
15,874.687,30.89629975879513
15,879.063,30.88261890190066
15,883.437,30.87151633749456
15,887.813,30.865777396091275
15,892.188,30.86907505460409
15,896.562,30.878458506881657
15,900.938,30.88266130764323
15,905.312,30.880375883462445
15,909.6880000000001,30.879248458074564
15,914.062,30.877139301454697
15,918.438,30.872780009387586
15,922.813,30.873348114299624
15,927.188,30.88196863258506
15,931.563,30.894752245015727
15,935.937,30.8997244067578
15,940.312,30.88249178497694
15,944.688,30.852773372210194
15,949.063,30.819050372092306
15,953.438,30.791849226599943
15,957.812,30.775626206524603
15,962.187,30.765378019656204
15,966.562,30.756083927421862
15,970.938,30.749571812042326
15,975.313,30.7446099099035
15,979.688,30.733425238042557
15,984.063,30.712863165564684
15,988.438,30.686129080008445
15,992.812,30.660279205479878
15,997.188,30.64235431075875
15,1001.5600000000001,30.63237638303054
15,1005.94,30.62590043926303
15,1010.3100000000001,30.62016603579401
15,1014.69,30.615596259963855
15,1019.0600000000001,30.61364390187346
15,1023.4399999999999,30.61395635599105
15,1027.81,30.61492436210271
15,1032.19,30.61626318926792
15,1036.56,30.61861334082464
15,1040.94,30.621757730371872
15,1045.31,30.62473473888052
15,1049.69,30.62724227258918
15,1054.06,30.629701003452826
15,1058.44,30.632592594756332
15,1062.81,30.635944755349275
15,1067.19,30.639106652482397
15,1071.5600000000002,30.64116598218622
15,1075.9399999999998,30.642312940252236
15,1080.3100000000002,30.644327056787397
15,1084.6899999999998,30.64785407990011
15,1089.06,30.652139757277585
15,1093.44,30.658639254667918
15,1097.81,30.667877316701507
15,1102.19,30.676414798058875
15,1106.56,30.68183477057302
15,1110.94,30.686645065121215
15,1115.31,30.695191123087756
15,1119.69,30.711508139685613
15,1124.06,30.736014191288447
15,1128.44,30.7588140959152
15,1132.8100000000002,30.784745619283203
15,1137.1899999999998,30.820865925385448
15,1141.56,30.86284499740635
15,1145.94,30.925869890357777
15,1150.31,31.003198976953534
15,1154.69,31.051785104522782
15,1159.06,31.077395620868593
15,1163.44,31.095405607699934
15,1167.81,31.111523111872703
15,1172.19,31.128387844126426
15,1176.56,31.148872257381992
15,1180.94,31.173295458922755
15,1185.3100000000002,31.197877748608065
15,1189.6899999999998,31.218130959523236
15,1194.06,31.23447635687705
15,1198.44,31.249263460392413
15,1202.81,31.260013035545107
15,1207.19,31.263372391731508
15,1211.56,31.259115106920603
15,1215.94,31.24792641534532
15,1220.31,31.234029336481523
15,1224.69,31.221107466528693
15,1229.06,31.20932711439953
15,1233.44,31.198232279260335
15,1237.8100000000002,31.1877805975172
15,1242.1899999999998,31.178725117281907
15,1246.56,31.172397768813642
15,1250.94,31.169976603651357
15,1255.31,31.172394097187823
15,1259.69,31.180813898172804
15,1264.06,31.193643384554104
15,1268.44,31.20434443707631
15,1272.81,31.209401530531817
15,1277.19,31.21421972810394
15,1281.56,31.224723618937823
15,1285.94,31.24252750231057
15,1290.3100000000002,31.26549120865872
15,1294.6899999999998,31.28981654420781
15,1299.0600000000002,31.312740228999747
15,1303.4399999999998,31.334181246872973
15,1307.81,31.35732293163724
15,1312.19,31.385692812422512
15,1316.56,31.421971874759336
15,1320.94,31.468571232787074
15,1325.31,31.524219973166996
15,1329.69,31.590285988727217
15,1334.06,31.67287268594582
15,1338.44,31.750500018246058
15,1342.81,31.80454396032549
15,1347.19,31.84123920246944
15,1500.31,45.74833327153128
15,1504.69,45.04828560700199
15,1509.0600000000002,44.3686593117591
15,1513.4399999999998,43.73390735644014
15,1517.8100000000002,43.115481868569574
15,1522.1899999999998,42.541497819463885
15,1526.56,42.01266887173411
15,1530.94,41.51183770130728
15,1535.31,41.04546175513402
15,1539.69,40.61081444691754
15,1544.06,40.20240158702019
15,1548.44,39.824528347920584
15,1552.81,39.477194300467254
15,1557.19,39.15563284121794
15,1561.56,38.864617264633075
15,1565.94,38.60089794914323
15,1570.3100000000002,38.34972681242407
15,1574.6899999999998,38.10803957254801
15,1579.06,37.88331101526867
15,1583.44,37.67481371038398
15,1587.81,37.47774035319765
15,1592.19,37.29194689496363
15,1596.56,37.1209768114702
15,1600.94,36.961772993729745
15,1605.31,36.81156801719424
15,1609.69,36.66921653205207
15,1614.06,36.53632347729612
15,1618.44,36.41894933151121
15,1622.8100000000002,36.31673966892553
15,1627.1899999999998,36.22699328653602
15,1631.56,36.14879790783645
15,1635.94,36.0825768552504
15,1640.31,36.02968282434085
15,1644.69,35.99379328341179
15,1649.06,35.97811207915933
15,1653.44,35.98205980475577
15,1657.81,36.00215540212503
15,1662.19,36.03405450620439
15,1666.56,36.07371596379462
15,1670.94,36.11942138604214
15,1675.3100000000002,36.17792182920606
15,1679.6899999999998,36.26004460020947
15,1684.06,36.36948218579344
15,1688.44,36.504740496791285
15,1692.81,36.66518301576611
15,1697.19,36.846930111443655
15,1701.56,37.04091594457067
15,1705.94,37.23713972366951
15,1710.31,37.42484230801702
15,1714.69,37.58552519562173
15,1719.06,37.70954935045794
15,1723.44,37.802537684969714
15,1727.8100000000002,37.87039845944537
15,1732.1899999999998,37.92618715919655
15,1736.5600000000002,37.996544192801565
15,1740.9399999999998,38.1016337183346
15,1745.31,38.24388413082293
15,1749.69,38.408268932051904
15,1754.06,38.5718212694702
15,1758.44,38.72413526741153
15,1762.81,38.858133697557925
15,1767.19,38.974992858091454
15,1771.56,39.07013424348472
15,1775.94,39.14684265846625
15,1780.31,39.213377093144594
15,1784.69,39.265710058925606
15,1789.0600000000002,39.29816551220392
15,1999.06,69.58324844149827
15,2003.4399999999998,68.20152565145338
15,2007.8100000000002,66.99722712353675
15,2012.1899999999998,66.55027978858433
15,2016.5600000000002,66.20702690939744
15,2020.94,65.78409345446387
15,2025.3100000000002,65.36634885932041
15,2029.69,64.91835996638599
15,2034.0600000000002,64.4427913213952
15,2038.44,63.94534552689861
15,2042.8099999999997,63.42451796627453
15,2047.19,62.931687585126696
15,2051.56,62.4406863330549
15,2055.94,61.92209999785297
15,2060.31,61.46598761449934
15,2064.69,61.0360597009351
15,2069.06,60.562783324975435
15,2073.44,60.08232289236709
15,2077.81,59.641897774650744
15,2082.19,59.2475429650156
15,2086.56,58.87266558081525
15,2090.9399999999996,58.484827543742504
15,2095.31,58.06818667850828
15,2099.69,57.64024196214939
15,2104.06,57.2387153885348
15,2108.44,56.87464392359248
15,2112.81,56.526624621438785
15,2117.19,56.18986233259137
15,2121.56,55.86735449813342
15,2125.94,55.533379332768284
15,2130.31,55.169027191713724
15,2134.69,54.800297709630954
15,2139.0600000000004,54.435381751743726
15,2143.44,54.05941903095979
15,2147.8100000000004,53.65963832810251
15,2152.19,53.231243474610245
15,2156.56,52.807225625399404
15,2160.94,52.40688625670021
15,2165.31,52.01082044080599
15,2169.69,51.635055554176844
15,2174.06,51.28513284995362
15,2178.44,50.948806814594825
15,2182.81,50.61746431465587
15,2187.19,50.27851649160484
15,2191.56,49.95497456697156
15,2195.9399999999996,49.656079255071106
15,2200.31,49.40210235527008
15,2204.6899999999996,49.23970411448429
15,2209.06,49.15529417501541
15,2213.44,49.114626773662046
15,2217.81,49.14032953194455
15,2222.19,49.26369258981534
15,2226.56,49.44611973565298
15,2230.94,49.62845140357334
15,2235.31,49.82648664259124
15,2239.69,50.10599196406839
15,2244.06,50.49841029218064
15,2248.44,50.98180412440667
15,2252.8100000000004,51.511123213595035
15,2257.19,52.06072229231664
15,2261.56,52.61433809610321
15,2265.94,53.1686824964822
15,2270.31,53.71897261137234
15,2274.69,54.23669930481797
15,2279.06,54.72098415372597
15,2283.44,55.22672657295278
15,2287.81,55.79847532702394
15,2292.19,56.42958514420997
15,2296.56,57.061886281509764
15,2300.94,57.590332416133535
15,2305.31,57.96670195499605
15,2309.6899999999996,58.18870397526745
15,2314.06,58.27510151250538
15,2318.44,58.31539521770822
15,2322.81,58.44321872995657
15,2327.19,58.684741148747555
15,2331.56,58.99922755705589
15,2335.94,59.42238024434785
15,2340.31,60.023768169794664
15,2344.69,60.74096573534491
15,2349.06,61.50191754793431
15,2353.44,62.35198287448789
15,2357.8100000000004,63.148671243122834
15,2362.19,63.825083571714615
15,2366.5600000000004,64.49478333219703
15,2370.94,65.25377372145724
15,2375.31,65.9886549331348
15,2379.69,66.60384442907817
15,2384.06,67.14505639943197
15,2388.44,67.59879696099492
15,2392.81,67.9739643438094
15,2397.19,68.33093977816822
15,2401.56,68.65125489791708
15,2405.94,68.97555101619251
15,2410.31,69.45388229526768
15,2414.6899999999996,70.07921888232065
15,2419.06,70.56348070415206
15,2423.4399999999996,70.82573988277645
15,2427.81,71.1255015711204
15,2432.19,71.5536288430071
15,2436.56,72.10112160610619
15,2440.94,72.50100508091279
15,2445.31,73.24779497715886
15,2449.69,75.75879467414252
15,2454.06,77.07621524335013
15,2458.44,76.51436784388446
15,2462.81,77.15786125933398
15,2467.19,79.68031784374081
15,2471.5600000000004,85.27751681667137
17,402.188,39.34751007582228
17,406.56199999999995,39.38173364155463
17,410.93800000000005,39.32011964972175
17,415.313,39.107941403475195
17,419.68699999999995,38.774496527033705
17,424.06300000000005,38.371623918358964
17,428.438,37.91828146800834
17,432.813,37.45721732088374
17,437.18800000000005,37.05139668080439
17,441.563,36.70526076391904
17,445.938,36.40526358221879
17,450.31300000000005,36.150178042041006
17,454.688,35.94730188541879
17,459.063,35.811836017466156
17,463.438,35.752101712373516
17,467.813,35.74934450011687
17,472.187,35.775225355702254
17,476.562,35.81096420500353
17,480.938,35.82730208263295
17,485.313,35.75991278708537
17,489.688,35.52970958101677
17,494.063,35.077340899211116
17,498.438,34.34347382565276
17,502.812,33.31616029512003
17,507.188,32.11775826372976
17,511.563,30.90428610954018
17,515.937,29.808995232756118
17,520.313,28.98695368819258
17,524.687,28.464959873356566
17,529.062,28.14720125351001
17,533.438,27.95154490558624
17,537.813,27.819810533498263
17,542.188,27.716036316143644
17,546.563,27.62809355381799
17,550.938,27.56152417014251
17,555.312,27.52939704852908
17,559.688,27.544770463240916
17,564.063,27.62086126684945
17,568.438,27.77208557927255
17,572.813,28.00270172442061
17,577.187,28.285952771244
17,581.562,28.578151963706144
17,585.938,28.855113919351822
17,590.313,29.11922447935172
17,594.688,29.363820085140507
17,599.063,29.596913222632597
17,603.438,29.875614170122827
17,607.812,30.261923131956074
17,612.188,30.77709156743415
17,616.563,31.371853613233235
17,620.937,31.937014346381314
17,625.312,32.39514589767209
17,629.687,32.77667086181392
17,634.063,33.21386773884955
17,638.437,33.86843323771237
17,642.813,34.83376617723308
17,647.188,36.08738133488939
17,651.563,37.514566163880936
17,655.938,39.10329127257482
17,660.313,40.96449092122684
17,664.687,43.001580417328725
17,669.063,44.82774836405684
17,673.438,45.961394070912576
17,677.813,46.01175351264139
17,682.187,44.484159420669975
17,686.562,40.74283799016403
17,690.937,35.351295449517806
17,695.312,30.50760536715358
17,699.688,27.36759930272104
17,704.063,25.71193396348903
17,708.438,25.00550600595424
17,712.813,24.820679589546142
17,717.187,24.999359724470217
17,721.563,25.55794078212012
17,725.938,26.376674807597777
17,730.313,27.266588838546713
17,734.687,28.067227309832493
17,739.063,28.724000443244147
17,743.437,29.222097428947663
17,747.812,29.525870689438033
17,752.188,29.640401548881023
17,756.563,29.64860169458908
17,760.938,29.629757271232705
17,765.313,29.603563973360288
17,769.688,29.57898126814956
17,774.063,29.5574136412905
17,778.438,29.524824733721662
17,782.813,29.477272525453497
17,787.188,29.42172891637768
17,791.563,29.36119622846669
17,795.937,29.298976795886354
17,800.312,29.239231086603645
17,804.688,29.183468381093398
17,809.063,29.13683800871109
17,813.438,29.095411691477878
17,817.813,29.043462973226973
17,822.188,28.981236337873867
17,826.5630000000001,28.920014104220808
17,830.937,28.857735369043414
17,835.313,28.791468851739495
17,839.688,28.725144908604566
17,844.063,28.66169377463306
17,848.437,28.60202446205184
17,852.812,28.544036709052236
17,857.187,28.48729407688021
17,861.563,28.434155518408154
17,865.938,28.38337213120542
17,870.313,28.335121152584325
17,874.687,28.291670827253864
17,879.063,28.252607025074795
17,883.437,28.21823440016934
17,887.813,28.1923821184267
17,892.188,28.178749594274947
17,896.562,28.17120301118744
17,900.938,28.15631637844848
17,905.312,28.136193786094125
17,909.6880000000001,28.117565421094998
17,914.062,28.09509988026255
17,918.438,28.07104611488652
17,922.813,28.058663321879095
17,927.188,28.064338436007507
17,931.563,28.092212770848107
17,935.937,28.158986038140494
17,940.312,28.223162197567085
17,944.688,28.18299667248158
17,949.063,27.992588017280234
17,953.438,27.692220612452434
17,957.812,27.404480710221407
17,962.187,27.20853858314385
17,966.562,27.102550726507797
17,970.938,27.052360162343565
17,975.313,27.031075381014375
17,979.688,27.027144037133944
17,984.063,27.032926694178794
17,988.438,27.040914465425143
17,992.812,27.058926921657072
17,997.188,27.104262432234975
17,1001.5600000000001,27.179000213808337
17,1005.94,27.272654223343245
17,1010.3100000000001,27.37530274540835
17,1014.69,27.48104556320045
17,1019.0600000000001,27.583795459918715
17,1023.4399999999999,27.66205463496422
17,1027.81,27.686763251190055
17,1032.19,27.661539975913495
17,1036.56,27.617108172531392
17,1040.94,27.570711724944736
17,1045.31,27.52437038141533
17,1049.69,27.481227647236818
17,1054.06,27.445096274466064
17,1058.44,27.416902231082556
17,1062.81,27.395985264730367
17,1067.19,27.380798852101158
17,1071.5600000000002,27.370264032059943
17,1075.9399999999998,27.365222846087033
17,1080.3100000000002,27.367877651500873
17,1084.6899999999998,27.379787180288993
17,1089.06,27.400995899705112
17,1093.44,27.432729881032238
17,1097.81,27.475318120423342
17,1102.19,27.52309159307159
17,1106.56,27.567211866466945
17,1110.94,27.606145848300145
17,1115.31,27.649139021253593
17,1119.69,27.703382345982224
17,1124.06,27.702596730938783
17,1128.44,27.506032450195573
17,1132.8100000000002,27.20142355123521
17,1137.1899999999998,26.916564317641434
17,1141.56,26.651343332228976
17,1145.94,26.320944077135145
17,1150.31,26.050241785631652
17,1154.69,25.950768699173643
17,1159.06,25.932760041060387
17,1163.44,25.943534289630787
17,1167.81,25.965056437815274
17,1172.19,25.9913204682728
17,1176.56,26.024799218691825
17,1180.94,26.065233790692627
17,1185.3100000000002,26.105494309417903
17,1189.6899999999998,26.138447943902825
17,1194.06,26.16557809978623
17,1198.44,26.1937294775324
17,1202.81,26.221083550949047
17,1207.19,26.240763134447047
17,1211.56,26.252477978299467
17,1215.94,26.258570157399387
17,1220.31,26.262356225751187
17,1224.69,26.26654244623488
17,1229.06,26.27360477691245
17,1233.44,26.285092656292758
17,1237.8100000000002,26.299956711194994
17,1242.1899999999998,26.31935282696358
17,1246.56,26.345416489567587
17,1250.94,26.37613418893046
17,1255.31,26.409085371929468
17,1259.69,26.446657344328422
17,1264.06,26.488255283830387
17,1268.44,26.521543552673528
17,1272.81,26.536992635977963
17,1277.19,26.54254844397237
17,1281.56,26.54913969867495
17,1285.94,26.56258438825663
17,1290.3100000000002,26.58372609929459
17,1294.6899999999998,26.60930184726633
17,1299.0600000000002,26.639171305847064
17,1303.4399999999998,26.67639982946926
17,1307.81,26.727381395112047
17,1312.19,26.80281671536321
17,1316.56,26.911152427658518
17,1320.94,27.05301218202606
17,1325.31,27.22521108329079
17,1329.69,27.45048737165856
17,1334.06,27.7626203051031
17,1338.44,28.0644830467528
17,1342.81,28.270954110986928
17,1347.19,28.40668687454372
17,1500.31,55.63226248929536
17,1504.69,54.64032201038961
17,1509.0600000000002,53.65055112369913
17,1513.4399999999998,52.70068873634801
17,1517.8100000000002,51.74806640201688
17,1522.1899999999998,50.83722198296473
17,1526.56,49.972804294833495
17,1530.94,49.13024267753685
17,1535.31,48.32430192355224
17,1539.69,47.55413132791825
17,1544.06,46.81319561030504
17,1548.44,46.11228711501208
17,1552.81,45.45412994393729
17,1557.19,44.831634959001
17,1561.56,44.256096336207854
17,1565.94,43.72504795491044
17,1570.3100000000002,43.212895355630806
17,1574.6899999999998,42.716078854297834
17,1579.06,42.252895978603725
17,1583.44,41.82384168704318
17,1587.81,41.419477493672154
17,1592.19,41.03984799147654
17,1596.56,40.69183875589238
17,1600.94,40.367654461685945
17,1605.31,40.06124130847816
17,1609.69,39.77046977027619
17,1614.06,39.49779919002134
17,1618.44,39.253748612523516
17,1622.8100000000002,39.036356721683354
17,1627.1899999999998,38.84068092145156
17,1631.56,38.6674418379761
17,1635.94,38.518554098114535
17,1640.31,38.39356287453851
17,1644.69,38.29381423432245
17,1649.06,38.22058851140472
17,1653.44,38.170293108667494
17,1657.81,38.138545965925644
17,1662.19,38.122515503914414
17,1666.56,38.1227887391016
17,1670.94,38.14523077036252
17,1675.3100000000002,38.19968245387383
17,1679.6899999999998,38.29571842927132
17,1684.06,38.43569359195462
17,1688.44,38.61684877294875
17,1692.81,38.83732774014915
17,1697.19,39.08954238024083
17,1701.56,39.359548054809096
17,1705.94,39.63600992456867
17,1710.31,39.91053400366316
17,1714.69,40.16479346875476
17,1719.06,40.39140192816886
17,1723.44,40.604640115649524
17,1727.8100000000002,40.81081540199913
17,1732.1899999999998,41.02283354289332
17,1736.5600000000002,41.27913856428245
17,1740.9399999999998,41.59587065340483
17,1745.31,41.96441099506641
17,1749.69,42.3623118038513
17,1754.06,42.757310088234405
17,1758.44,43.139577879640676
17,1762.81,43.497275747077154
17,1767.19,43.83199019419685
17,1771.56,44.12057677350176
17,1775.94,44.36120041924695
17,1780.31,44.56729441628688
17,1784.69,44.72072038425549
17,1789.0600000000002,44.81306591705655
17,1999.06,81.2802920700578
17,2003.4399999999998,80.26741900617041
17,2007.8100000000002,79.34160901597002
17,2012.1899999999998,78.916386214387
17,2016.5600000000002,78.45524735988751
17,2020.94,77.93478663468385
17,2025.3100000000002,77.48826777901465
17,2029.69,77.03251163490935
17,2034.0600000000002,76.5435267273867
17,2038.44,76.01985149337486
17,2042.8099999999997,75.45795500694115
17,2047.19,74.91477021680724
17,2051.56,74.3657919780294
17,2055.94,73.76631335447445
17,2060.31,73.21009901808263
17,2064.69,72.66975614856419
17,2069.06,72.06978444842831
17,2073.44,71.46563933065735
17,2077.81,70.92128371850272
17,2082.19,70.42895225340399
17,2086.56,69.94726725694281
17,2090.9399999999996,69.45071236196115
17,2095.31,68.93239477214092
17,2099.69,68.40128648470115
17,2104.06,67.89438996681227
17,2108.44,67.43192886351572
17,2112.81,66.98766919350379
17,2117.19,66.55322761285906
17,2121.56,66.1351532694805
17,2125.94,65.71451687286995
17,2130.31,65.27558722348239
17,2134.69,64.83864367575592
17,2139.0600000000004,64.40953346932855
17,2143.44,63.98245227040581
17,2147.8100000000004,63.54889690931116
17,2152.19,63.09871244892312
17,2156.56,62.660411117630474
17,2160.94,62.25242089419704
17,2165.31,61.852897921726246
17,2169.69,61.47419015078359
17,2174.06,61.12048158384229
17,2178.44,60.77755409074095
17,2182.81,60.43611896948802
17,2187.19,60.08536262379446
17,2191.56,59.75146133393895
17,2195.9399999999996,59.44723267751824
17,2200.31,59.196088628553724
17,2204.6899999999996,59.04463224171328
17,2209.06,58.97827187209628
17,2213.44,58.96662297022708
17,2217.81,59.03116402583578
17,2222.19,59.1945202276077
17,2226.56,59.40683821546777
17,2230.94,59.593103280905524
17,2235.31,59.76238079750949
17,2239.69,59.98668818744953
17,2244.06,60.301507973928004
17,2248.44,60.68660437691793
17,2252.8100000000004,61.107360726759694
17,2257.19,61.54426708892321
17,2261.56,61.981835922272865
17,2265.94,62.42231435874782
17,2270.31,62.86538595764285
17,2274.69,63.28790483485527
17,2279.06,63.69378218145755
17,2283.44,64.12819679124111
17,2287.81,64.61900930558366
17,2292.19,65.15629419842742
17,2296.56,65.70255723999651
17,2300.94,66.19257058312607
17,2305.31,66.60141283398205
17,2309.6899999999996,66.91912917081207
17,2314.06,67.15169562014397
17,2318.44,67.37567134904477
17,2322.81,67.67205563703264
17,2327.19,68.01554638980708
17,2331.56,68.37437268408814
17,2335.94,68.80516172450125
17,2340.31,69.39728898511032
17,2344.69,70.1157108727934
17,2349.06,70.90041399183349
17,2353.44,71.78829315747456
17,2357.8100000000004,72.61901684853707
17,2362.19,73.30754656685788
17,2366.5600000000004,73.96603301635488
17,2370.94,74.69910338328509
17,2375.31,75.40067769740992
17,2379.69,75.98273437981116
17,2384.06,76.50109312536472
17,2388.44,76.94832952315922
17,2392.81,77.317806130013
17,2397.19,77.6634134504765
17,2401.56,77.9786796908641
17,2405.94,78.2885033003778
17,2410.31,78.68172091333099
17,2414.6899999999996,79.16931196521136
17,2419.06,79.64175514177548
17,2423.4399999999996,79.95772482081811
17,2427.81,80.23636706703766
17,2432.19,80.57928535801068
17,2436.56,80.95566693456404
17,2440.94,81.1563020395056
17,2445.31,81.44157521071665
17,2449.69,82.52028953467307
17,2454.06,83.25916231095067
17,2458.44,83.17508173187316
17,2462.81,83.46482679994463
17,2467.19,84.31041358244028
17,2471.5600000000004,86.17320326893135
20,402.188,51.59469961038473
20,406.56199999999995,51.80576553046775
20,410.93800000000005,52.15727244930309
20,415.313,52.61096688033048
20,419.68699999999995,53.10304456200273
20,424.06300000000005,53.613202464996554
20,428.438,54.11382887169819
20,432.813,54.539731293527716
20,437.18800000000005,54.82211671547892
20,441.563,54.966157801577054
20,445.938,54.9922522036851
20,450.31300000000005,54.92488508360791
20,454.688,54.80759609846353
20,459.063,54.684771553938006
20,463.438,54.5860141339415
20,467.813,54.51427428633755
20,472.187,54.45595571425032
20,476.562,54.39723842277257
20,480.938,54.3137240928306
20,485.313,54.16266582357174
20,489.688,53.910339069968416
20,494.063,53.53883854440059
20,498.438,53.00518818543294
20,502.812,52.27250446321553
20,507.188,51.365580755395335
20,511.563,50.32369048298162
20,515.937,49.19813168751334
20,520.313,48.137679659716085
20,524.687,47.27554500931808
20,529.062,46.62541711962718
20,533.438,46.171236202592134
20,537.813,45.87403438794772
20,542.188,45.677934618832204
20,546.563,45.54271364761043
20,550.938,45.46448031036326
20,555.312,45.47217511390405
20,559.688,45.597334354379385
20,564.063,45.84580907526677
20,568.438,46.199916676720235
20,572.813,46.619037159347315
20,577.187,47.03316307189041
20,581.562,47.39063588667949
20,585.938,47.68828933819646
20,590.313,47.93676589786397
20,594.688,48.11793843223959
20,599.063,48.24947976040077
20,603.438,48.406879362554115
20,607.812,48.64263684361405
20,612.188,48.95058823481801
20,616.563,49.27726903686388
20,620.937,49.55518050378224
20,625.312,49.75238026736265
20,629.687,49.89445766181488
20,634.063,50.057910420887765
20,638.437,50.33229898369862
20,642.813,50.75475925351337
20,647.188,51.28007813780246
20,651.563,51.81751039076571
20,655.938,52.343546860042736
20,660.313,52.90083659280738
20,664.687,53.46003967165187
20,669.063,53.901382906271365
20,673.438,54.08036502830221
20,677.813,53.87620769027062
20,682.187,53.116337113435954
20,686.562,51.545869370385724
20,690.937,49.29283191252388
20,695.312,46.99564890306097
20,699.688,45.0146942865701
20,704.063,43.4246821586389
20,708.438,42.223572369981056
20,712.813,41.30523673736308
20,717.187,40.520413970875495
20,721.563,39.88769209767066
20,725.938,39.56901939539242
20,730.313,39.62957244696357
20,734.687,39.97391203850552
20,739.063,40.44777008792595
20,743.437,40.9410629276196
20,747.812,41.37215093157363
20,752.188,41.706718926089316
20,756.563,41.962234093350546
20,760.938,42.237601801397226
20,765.313,42.607918952940935
20,769.688,42.8935507170907
20,774.063,43.01326552494318
20,778.438,43.006649856317765
20,782.813,42.9279146735549
20,787.188,42.82509505917458
20,791.563,42.72986980442733
20,795.937,42.649484630309274
20,800.312,42.577151195456
20,804.688,42.511277763666946
20,809.063,42.4362647454171
20,813.438,42.3392947497288
20,817.813,42.24732126229075
20,822.188,42.19620026875134
20,826.5630000000001,42.174622187582315
20,830.937,42.166084802694506
20,835.313,42.16451306866098
20,839.688,42.15741691820288
20,844.063,42.13735535407056
20,848.437,42.10381820952376
20,852.812,42.061390471160195
20,857.187,42.02036019486881
20,861.563,41.984500351171924
20,865.938,41.94960584883669
20,870.313,41.91471549078686
20,874.687,41.88219604860362
20,879.063,41.8524765779307
20,883.437,41.825368388128446
20,887.813,41.79579217926451
20,892.188,41.75382068130828
20,896.562,41.70252765055889
20,900.938,41.66809191786178
20,905.312,41.657739205630016
20,909.6880000000001,41.65066253791778
20,914.062,41.63853965524781
20,918.438,41.61156700967988
20,922.813,41.55971337135796
20,927.188,41.4826145160023
20,931.563,41.36004914447834
20,935.937,41.11654455952479
20,940.312,40.844278300656555
20,944.688,40.63489890097644
20,949.063,40.39529655796469
20,953.438,40.14861899869444
20,957.812,39.955686502556304
20,962.187,39.84605345671422
20,966.562,39.803280549091
20,970.938,39.789312149660205
20,975.313,39.78810191693334
20,979.688,39.808560303414176
20,984.063,39.85067384790961
20,988.438,39.90380217476882
20,992.812,39.963950638947416
20,997.188,40.031358171375544
20,1001.5600000000001,40.10654528657471
20,1005.94,40.190896258736394
20,1010.3100000000001,40.2845324628923
20,1014.69,40.38532701939882
20,1019.0600000000001,40.49134094485391
20,1023.4399999999999,40.600957050122986
20,1027.81,40.709338340256046
20,1032.19,40.81002807378869
20,1036.56,40.901509991903154
20,1040.94,40.983823359830744
20,1045.31,41.054575688238955
20,1049.69,41.1123760084807
20,1054.06,41.15635396836392
20,1058.44,41.186978304264535
20,1062.81,41.20642453800246
20,1067.19,41.21626149114203
20,1071.5600000000002,41.217347207057124
20,1075.9399999999998,41.208822066443595
20,1080.3100000000002,41.18708679968433
20,1084.6899999999998,41.1510684227571
20,1089.06,41.10435506619545
20,1093.44,41.046054206611466
20,1097.81,40.97658298231481
20,1102.19,40.906174216317545
20,1106.56,40.84429494903744
20,1110.94,40.79152248487216
20,1115.31,40.74014430199012
20,1119.69,40.665180397962004
20,1124.06,40.50121831916894
20,1128.44,40.24272524347483
20,1132.8100000000002,39.98425222657509
20,1137.1899999999998,39.7601163063589
20,1141.56,39.56185747400273
20,1145.94,39.34109827134051
20,1150.31,39.19131320301947
20,1154.69,39.15564270330575
20,1159.06,39.16106280924621
20,1163.44,39.17674764078887
20,1167.81,39.19476541494602
20,1172.19,39.212191716538655
20,1176.56,39.229585909204474
20,1180.94,39.24727195646123
20,1185.3100000000002,39.264054524177226
20,1189.6899999999998,39.278456155579605
20,1194.06,39.29083563808632
20,1198.44,39.30339014788528
20,1202.81,39.31506792197428
20,1207.19,39.3225777967929
20,1211.56,39.32649916212149
20,1215.94,39.32873147779675
20,1220.31,39.3291790388056
20,1224.69,39.32772603223338
20,1229.06,39.32693274778523
20,1233.44,39.32820073361964
20,1237.8100000000002,39.33001957659608
20,1242.1899999999998,39.33272986821015
20,1246.56,39.33814487242066
20,1250.94,39.3453490993594
20,1255.31,39.352427653398244
20,1259.69,39.36026749903812
20,1264.06,39.36963563892076
20,1268.44,39.377188187451175
20,1272.81,39.37900338210317
20,1277.19,39.37579888558731
20,1281.56,39.370509453172616
20,1285.94,39.366738464917866
20,1290.3100000000002,39.366589655899936
20,1294.6899999999998,39.36937049745089
20,1299.0600000000002,39.37549240282802
20,1303.4399999999998,39.385870428598494
20,1307.81,39.40341271746397
20,1312.19,39.435848670076986
20,1316.56,39.49034334493218
20,1320.94,39.56520127030675
20,1325.31,39.65275544749925
20,1329.69,39.75943257584768
20,1334.06,39.901727222928486
20,1338.44,40.03785568580977
20,1342.81,40.129654674514796
20,1347.19,40.18978041283199
20,1500.31,51.14621888612116
20,1504.69,50.70618063334697
20,1509.0600000000002,50.277743314143976
20,1513.4399999999998,49.87750576691249
20,1517.8100000000002,49.484178211396426
20,1522.1899999999998,49.11408127395552
20,1526.56,48.76768308825943
20,1530.94,48.43347005872442
20,1535.31,48.116486415446275
20,1539.69,47.816348166431496
20,1544.06,47.52985616966839
20,1548.44,47.259695474027765
20,1552.81,47.00581374059042
20,1557.19,46.7653298433103
20,1561.56,46.5424231096485
20,1565.94,46.33657684202666
20,1570.3100000000002,46.138239305617475
20,1574.6899999999998,45.94500018572701
20,1579.06,45.76335087599755
20,1583.44,45.59469066556856
20,1587.81,45.43637679352477
20,1592.19,45.28874743044415
20,1596.56,45.15436272428707
20,1600.94,45.02926843547533
20,1605.31,44.909370721466225
20,1609.69,44.793055447111506
20,1614.06,44.68257846954297
20,1618.44,44.584318633959484
20,1622.8100000000002,44.49777889249604
20,1627.1899999999998,44.42003233160791
20,1631.56,44.350530235887895
20,1635.94,44.28988041376293
20,1640.31,44.23860849781638
20,1644.69,44.198172870312
20,1649.06,44.16907573430311
20,1653.44,44.15058392930639
20,1657.81,44.14178509416035
20,1662.19,44.14102370531969
20,1666.56,44.14733800634035
20,1670.94,44.160984025035226
20,1675.3100000000002,44.182321508790885
20,1679.6899999999998,44.213371802690496
20,1684.06,44.257696615966786
20,1688.44,44.318254104130524
20,1692.81,44.39662862809219
20,1697.19,44.49116981697845
20,1701.56,44.59796337331467
20,1705.94,44.713437481576015
20,1710.31,44.83286087343035
20,1714.69,44.946341216874174
20,1719.06,45.04953036559425
20,1723.44,45.14774150086364
20,1727.8100000000002,45.241111319212926
20,1732.1899999999998,45.33296518485988
20,1736.5600000000002,45.440325958794254
20,1740.9399999999998,45.57175497280849
20,1745.31,45.723277252953274
20,1749.69,45.884630625712994
20,1754.06,46.042282806500154
20,1758.44,46.193150605869675
20,1762.81,46.33367651102404
20,1767.19,46.46581632908238
20,1771.56,46.583123523436164
20,1775.94,46.684439688927554
20,1780.31,46.7708440482759
20,1784.69,46.83282975496474
20,1789.0600000000002,46.869750687905906
20,1999.06,67.53698806865675
20,2003.4399999999998,66.66219973924481
20,2007.8100000000002,65.86320576715828
20,2012.1899999999998,65.4946508998864
20,2016.5600000000002,65.15867252407047
20,2020.94,64.7868965553099
20,2025.3100000000002,64.48336021793726
20,2029.69,64.19764390014542
20,2034.0600000000002,63.89973495923845
20,2038.44,63.572849985242996
20,2042.8099999999997,63.21409722593959
20,2047.19,62.87911159786933
20,2051.56,62.568822934586585
20,2055.94,62.24686228477475
20,2060.31,61.94694081435475
20,2064.69,61.64134153920347
20,2069.06,61.28945650614741
20,2073.44,60.94290216079455
20,2077.81,60.64520646471492
20,2082.19,60.3903809662183
20,2086.56,60.15375804899313
20,2090.9399999999996,59.908776970128976
20,2095.31,59.64191120774631
20,2099.69,59.367283564723074
20,2104.06,59.11019319115554
20,2108.44,58.8755604982098
20,2112.81,58.6522313869359
20,2117.19,58.43924946196386
20,2121.56,58.235635040172426
20,2125.94,58.018425083756455
20,2130.31,57.77536155757883
20,2134.69,57.53273129256635
20,2139.0600000000004,57.29892012486448
20,2143.44,57.05871806179813
20,2147.8100000000004,56.80189457679899
20,2152.19,56.52554523379067
20,2156.56,56.24937726802125
20,2160.94,55.984444801235
20,2165.31,55.717574632592545
20,2169.69,55.46385160940914
20,2174.06,55.23111638303969
20,2178.44,55.01175474356349
20,2182.81,54.799501828492915
20,2187.19,54.58264189366253
20,2191.56,54.373760838718646
20,2195.9399999999996,54.17953866647793
20,2200.31,54.0126366533075
20,2204.6899999999996,53.90434652255387
20,2209.06,53.84682045437431
20,2213.44,53.81567501955244
20,2217.81,53.82460372375849
20,2222.19,53.89223439272026
20,2226.56,53.99075274083166
20,2230.94,54.08350696087641
20,2235.31,54.181431199815876
20,2239.69,54.323619455175844
20,2244.06,54.530371102281904
20,2248.44,54.793555640427385
20,2252.8100000000004,55.08930719485677
20,2257.19,55.40490393393058
20,2261.56,55.73326842954213
20,2265.94,56.073794572524136
20,2270.31,56.42584441938464
20,2274.69,56.76722595910526
20,2279.06,57.087705567813195
20,2283.44,57.418818810879735
20,2287.81,57.79183949754606
20,2292.19,58.20455447449769
20,2296.56,58.61597716906686
20,2300.94,58.95090655123465
20,2305.31,59.18079580085227
20,2309.6899999999996,59.31574203249424
20,2314.06,59.36849225002565
20,2318.44,59.391862150267826
20,2322.81,59.47531127903962
20,2327.19,59.638218167319344
20,2331.56,59.85220051821908
20,2335.94,60.14316432422333
20,2340.31,60.55583235022757
20,2344.69,61.04130453417492
20,2349.06,61.55424820991284
20,2353.44,62.13464464621812
20,2357.8100000000004,62.68522526163747
20,2362.19,63.163639981452505
20,2366.5600000000004,63.64985975494171
20,2370.94,64.19616817337868
20,2375.31,64.71011013176299
20,2379.69,65.15216483512624
20,2384.06,65.57152026161907
20,2388.44,65.91901802874588
20,2392.81,66.18861514274406
20,2397.19,66.442382973388
20,2401.56,66.67844241425715
20,2405.94,66.95540743863357
20,2410.31,67.44026579551587
20,2414.6899999999996,68.07737748706363
20,2419.06,68.36077693354746
20,2423.4399999999996,68.34766381363428
20,2427.81,68.51444703878538
20,2432.19,68.91864329893386
20,2436.56,69.42638910972441
20,2440.94,69.73774241813064
20,2445.31,70.50424289273492
20,2449.69,73.24976235937744
20,2454.06,74.56570909813685
20,2458.44,74.04291154341696
20,2462.81,75.57996871277867
20,2467.19,80.31749393147346
20,2471.5600000000004,90.04558186881385
22,402.188,66.7354841841943
22,406.56199999999995,66.18479826947788
22,410.93800000000005,65.45635899251852
22,415.313,64.7414589116186
22,419.68699999999995,64.15212294800507
22,424.06300000000005,63.70366912839381
22,428.438,63.352038905775
22,432.813,63.04450794825682
22,437.18800000000005,62.73189625170428
22,441.563,62.36563183328082
22,445.938,61.931922926315664
22,450.31300000000005,61.458039853018
22,454.688,60.98507773838151
22,459.063,60.55407456440051
22,463.438,60.19542889618103
22,467.813,59.89755892838505
22,472.187,59.62839730905524
22,476.562,59.37060161531208
22,480.938,59.087162135443684
22,485.313,58.68836289799434
22,489.688,58.09020126004002
22,494.063,57.25568020495879
22,498.438,56.11077116077931
22,502.812,54.615739333056055
22,507.188,52.889405684915324
22,511.563,51.05798377146614
22,515.937,49.213520959510454
22,520.313,47.57986019923382
22,524.687,46.323683043266314
22,529.062,45.410204923721324
22,533.438,44.7718926094246
22,537.813,44.332636228252404
22,542.188,44.01587545905717
22,546.563,43.77627439582215
22,550.938,43.60606749953137
22,555.312,43.52461947918469
22,559.688,43.556429514662454
22,564.063,43.710309813621315
22,568.438,43.97874065761654
22,572.813,44.33413750576401
22,577.187,44.710899440172966
22,581.562,45.041196448013245
22,585.938,45.29616423928615
22,590.313,45.487359698925786
22,594.688,45.63589258133011
22,599.063,45.771830740752826
22,603.438,45.945218875785116
22,607.812,46.19584913266317
22,612.188,46.52281549594089
22,616.563,46.87388705467278
22,620.937,47.16654591600894
22,625.312,47.35611039366367
22,629.687,47.49276038854872
22,634.063,47.698822074711025
22,638.437,48.07933131443158
22,642.813,48.650846759086924
22,647.188,49.342048878369795
22,651.563,50.05278435748832
22,655.938,50.779747279039356
22,660.313,51.60424833137196
22,664.687,52.49074145376756
22,669.063,53.239144464503816
22,673.438,53.58821908697994
22,677.813,53.3079618314949
22,682.187,52.10211606411582
22,686.562,49.65641236661209
22,690.937,46.397499699397905
22,695.312,43.393881726095316
22,699.688,41.08564309311129
22,704.063,39.45493968518486
22,708.438,38.39017266042237
22,712.813,37.70643213603601
22,717.187,37.24947801178699
22,721.563,36.99914305810724
22,725.938,36.96566294339371
22,730.313,37.07123009214657
22,734.687,37.219152268721274
22,739.063,37.36827671406332
22,743.437,37.51115717763244
22,747.812,37.639104594576274
22,752.188,37.74724176170942
22,756.563,37.844262161094356
22,760.938,37.95401233396844
22,765.313,38.05602328980134
22,769.688,38.10865365241717
22,774.063,38.13615340933625
22,778.438,38.15065863584891
22,782.813,38.15257379250576
22,787.188,38.14669521385859
22,791.563,38.1361688922594
22,795.937,38.123638066902416
22,800.312,38.11180189775945
22,804.688,38.101424592305136
22,809.063,38.095851688269484
22,813.438,38.09494154850741
22,817.813,38.089714309625265
22,822.188,38.07488473958544
22,826.5630000000001,38.05580559311297
22,830.937,38.03515531586749
22,835.313,38.01356066067612
22,839.688,37.99343181715475
22,844.063,37.9760151397074
22,848.437,37.961646538686004
22,852.812,37.949250121551465
22,857.187,37.937382241744544
22,861.563,37.926159762609515
22,865.938,37.9155666199908
22,870.313,37.9055643456402
22,874.687,37.896891986236476
22,879.063,37.88996675307657
22,883.437,37.885143953827786
22,887.813,37.883881921921194
22,892.188,37.888327789839806
22,896.562,37.89702338482754
22,900.938,37.90280660532595
22,905.312,37.903579207710116
22,909.6880000000001,37.90310996439039
22,914.062,37.898778025719714
22,918.438,37.88979005132626
22,922.813,37.88315646487311
22,927.188,37.882662403291576
22,931.563,37.8863028893388
22,935.937,37.88694760856276
22,940.312,37.87523015648369
22,944.688,37.852589735389394
22,949.063,37.822931596171145
22,953.438,37.79589982616472
22,957.812,37.77762744237842
22,962.187,37.76674794791017
22,966.562,37.76048335303562
22,970.938,37.75872785725142
22,975.313,37.76041860729057
22,979.688,37.761323981321205
22,984.063,37.75957311697293
22,988.438,37.75675711252983
22,992.812,37.75519881388224
22,997.188,37.756763613951215
22,1001.5600000000001,37.760712380362996
22,1005.94,37.764923201953785
22,1010.3100000000001,37.76875893645598
22,1014.69,37.77278265283186
22,1019.0600000000001,37.77801477679675
22,1023.4399999999999,37.78438385807979
22,1027.81,37.79000122842401
22,1032.19,37.79399755700315
22,1036.56,37.79777814694622
22,1040.94,37.80236450044324
22,1045.31,37.80736406936127
22,1049.69,37.81224299781521
22,1054.06,37.81666867484297
22,1058.44,37.82076418164976
22,1062.81,37.824872285865766
22,1067.19,37.828959485320865
22,1071.5600000000002,37.832742462703
22,1075.9399999999998,37.83647728402125
22,1080.3100000000002,37.84121453623186
22,1084.6899999999998,37.84724532418762
22,1089.06,37.854222043722764
22,1093.44,37.86321060912029
22,1097.81,37.87454546068593
22,1102.19,37.88589595468547
22,1106.56,37.89570100208664
22,1110.94,37.90551400266652
22,1115.31,37.91856750544783
22,1119.69,37.93913080859535
22,1124.06,37.96692546996269
22,1128.44,37.982020816605136
22,1132.8100000000002,37.978794668971396
22,1137.1899999999998,37.97183484132179
22,1141.56,37.95268361424172
22,1145.94,37.90506704835545
22,1150.31,37.854465820594
22,1154.69,37.83219102364711
22,1159.06,37.82890582333645
22,1163.44,37.833988804593865
22,1167.81,37.84185450371506
22,1172.19,37.85060117940926
22,1176.56,37.86167542595331
22,1180.94,37.87536115678443
22,1185.3100000000002,37.88915193273544
22,1189.6899999999998,37.900629463230814
22,1194.06,37.91095162531527
22,1198.44,37.922536675127795
22,1202.81,37.933832661103025
22,1207.19,37.94213663822647
22,1211.56,37.947716106575385
22,1215.94,37.95139752429906
22,1220.31,37.9548143752217
22,1224.69,37.958853065243076
22,1229.06,37.963216836288375
22,1233.44,37.96804276541284
22,1237.8100000000002,37.97332775570463
22,1242.1899999999998,37.9793883666351
22,1246.56,37.986879276524206
22,1250.94,37.995765405003354
22,1255.31,38.005872522807174
22,1259.69,38.01805033277789
22,1264.06,38.03146610145938
22,1268.44,38.04101688068097
22,1272.81,38.0435838178162
22,1277.19,38.04314376408225
22,1281.56,38.04378961719944
22,1285.94,38.0467977958155
22,1290.3100000000002,38.051130904270096
22,1294.6899999999998,38.05433893194331
22,1299.0600000000002,38.055722909784116
22,1303.4399999999998,38.0569153331968
22,1307.81,38.06110681792102
22,1312.19,38.071827164486535
22,1316.56,38.092336938396585
22,1320.94,38.12465279729894
22,1325.31,38.16764110154022
22,1329.69,38.22513201492889
22,1334.06,38.30449883328421
22,1338.44,38.382195708620074
22,1342.81,38.437917332800325
22,1347.19,38.477915389698865
22,1500.31,47.41157023782708
22,1504.69,46.99078068460444
22,1509.0600000000002,46.58084473822436
22,1513.4399999999998,46.19652566399925
22,1517.8100000000002,45.81988660599155
22,1522.1899999999998,45.46831513119489
22,1526.56,45.14206713451715
22,1530.94,44.83037377006836
22,1535.31,44.53785061357137
22,1539.69,44.26353081198345
22,1544.06,44.00481661702434
22,1548.44,43.765020634290806
22,1552.81,43.54402221761128
22,1557.19,43.33805055514814
22,1561.56,43.1497040342254
22,1565.94,42.97783962183365
22,1570.3100000000002,42.81453179855503
22,1574.6899999999998,42.65842139810635
22,1579.06,42.51490171456316
22,1583.44,42.383840285119035
22,1587.81,42.26200416707878
22,1592.19,42.14914139836882
22,1596.56,42.0471310312226
22,1600.94,41.95322726470005
22,1605.31,41.86461044767994
22,1609.69,41.780227079791494
22,1614.06,41.70119713496122
22,1618.44,41.63119821911571
22,1622.8100000000002,41.56962539744585
22,1627.1899999999998,41.51479093766327
22,1631.56,41.46664584194261
22,1635.94,41.42537251733854
22,1640.31,41.39093615270319
22,1644.69,41.36391654197633
22,1649.06,41.34427876347915
22,1653.44,41.33141303321942
22,1657.81,41.32444497020688
22,1662.19,41.321494163860834
22,1666.56,41.32091939344927
22,1670.94,41.32241362682322
22,1675.3100000000002,41.3259563355165
22,1679.6899999999998,41.332986681495505
22,1684.06,41.34674216635996
22,1688.44,41.36975682884864
22,1692.81,41.402770870553496
22,1697.19,41.445093651700596
22,1701.56,41.49591806668369
22,1705.94,41.55504401839835
22,1710.31,41.62115878939775
22,1714.69,41.68932146096745
22,1719.06,41.756953807908225
22,1723.44,41.8273328384398
22,1727.8100000000002,41.90014352278719
22,1732.1899999999998,41.97612227491761
22,1736.5600000000002,42.06436652488807
22,1740.9399999999998,42.16656424566292
22,1745.31,42.27833635986636
22,1749.69,42.395137582011344
22,1754.06,42.511612785197855
22,1758.44,42.627895756600594
22,1762.81,42.74133968441712
22,1767.19,42.85259530978484
22,1771.56,42.953962058994506
22,1775.94,43.042828747517845
22,1780.31,43.12063715657491
22,1784.69,43.180014744260305
22,1789.0600000000002,43.22168083254898
22,1999.06,62.89639344516781
22,2003.4399999999998,62.09903620191996
22,2007.8100000000002,61.303764984853224
22,2012.1899999999998,60.85144397748091
22,2016.5600000000002,60.40124451803042
22,2020.94,59.97482647655382
22,2025.3100000000002,59.63153440644978
22,2029.69,59.287869504333116
22,2034.0600000000002,58.934765523383305
22,2038.44,58.57886999645521
22,2042.8099999999997,58.21567075933047
22,2047.19,57.87399029025764
22,2051.56,57.53390500307641
22,2055.94,57.1704120030376
22,2060.31,56.841506351242856
22,2064.69,56.52861955262264
22,2069.06,56.18581340761515
22,2073.44,55.843503147400384
22,2077.81,55.53630149343589
22,2082.19,55.25703086719855
22,2086.56,54.98053919634095
22,2090.9399999999996,54.69762077637018
22,2095.31,54.4102443870098
22,2099.69,54.12014929756002
22,2104.06,53.84398414292233
22,2108.44,53.59399879040105
22,2112.81,53.35477162561584
22,2117.19,53.12016792481265
22,2121.56,52.89483320587208
22,2125.94,52.67255003832659
22,2130.31,52.44598145361694
22,2134.69,52.220101779593975
22,2139.0600000000004,51.99438954513781
22,2143.44,51.76923310464012
22,2147.8100000000004,51.54301609391092
22,2152.19,51.30860287552327
22,2156.56,51.0796622861581
22,2160.94,50.86490480704654
22,2165.31,50.65253388820964
22,2169.69,50.450847711038584
22,2174.06,50.26374630587205
22,2178.44,50.08338468560708
22,2182.81,49.904515846669405
22,2187.19,49.724441630450606
22,2191.56,49.559665331228835
22,2195.9399999999996,49.41395457956214
22,2200.31,49.28968989284447
22,2204.6899999999996,49.20142796516226
22,2209.06,49.146452383378765
22,2213.44,49.117906639400374
22,2217.81,49.123191302698814
22,2222.19,49.17019838345665
22,2226.56,49.24617053122372
22,2230.94,49.32856057890639
22,2235.31,49.421337208536684
22,2239.69,49.5513985995214
22,2244.06,49.732886458420936
22,2248.44,49.95829380091996
22,2252.8100000000004,50.21334141309155
22,2257.19,50.48832203831234
22,2261.56,50.77366761937229
22,2265.94,51.06699968858964
22,2270.31,51.36260195138645
22,2274.69,51.64585581472294
22,2279.06,51.920274515575485
22,2283.44,52.20764782001089
22,2287.81,52.51732939015172
22,2292.19,52.84922293674747
22,2296.56,53.19332123643436
22,2300.94,53.51093911186129
22,2305.31,53.776549162882034
22,2309.6899999999996,53.97770410801959
22,2314.06,54.12319556212898
22,2318.44,54.26733862333325
22,2322.81,54.46078213522652
22,2327.19,54.691013164622206
22,2331.56,54.939136709106315
22,2335.94,55.22787886877075
22,2340.31,55.602506072726875
22,2344.69,56.04505435448976
22,2349.06,56.51862699579151
22,2353.44,57.044010305869705
22,2357.8100000000004,57.533210685909985
22,2362.19,57.942159525644875
22,2366.5600000000004,58.34829145503214
22,2370.94,58.82439756465675
22,2375.31,59.299676415272764
22,2379.69,59.72759343730697
22,2384.06,60.14199085001722
22,2388.44,60.493908874370085
22,2392.81,60.780837977728474
22,2397.19,61.070001611233536
22,2401.56,61.37179532465981
22,2405.94,61.734367130560344
22,2410.31,62.3024578613589
22,2414.6899999999996,63.07170128980834
22,2419.06,63.5103456140205
22,2423.4399999999996,63.55750639258575
22,2427.81,63.76328946658116
22,2432.19,64.21003907161277
22,2436.56,64.78054877937173
22,2440.94,65.17158295255194
22,2445.31,66.06799862857262
22,2449.69,69.28278427461437
22,2454.06,71.22545807560068
22,2458.44,70.80664129533058
22,2462.81,72.11809839034187
22,2467.19,76.05553549550487
22,2471.5600000000004,84.43535698325621
25,402.188,53.344765975447174
25,406.56199999999995,52.94581819688551
25,410.93800000000005,52.442363966254625
25,415.313,51.979161307968745
25,419.68699999999995,51.60049518322987
25,424.06300000000005,51.29355630593763
25,428.438,51.030113333511586
25,432.813,50.8132103302859
25,437.18800000000005,50.646593105735484
25,441.563,50.502251364759886
25,445.938,50.356477672024646
25,450.31300000000005,50.20329440612914
25,454.688,50.053455889431085
25,459.063,49.921206629192405
25,463.438,49.816888094221795
25,467.813,49.73690902186469
25,472.187,49.67070986925143
25,476.562,49.612179150591494
25,480.938,49.53711017677883
25,485.313,49.39892520074391
25,489.688,49.16334946129101
25,494.063,48.80818275445756
25,498.438,48.27960032431724
25,502.812,47.531878269894236
25,507.188,46.591593003690264
25,511.563,45.50445080432876
25,515.937,44.33002670418205
25,520.313,43.22778696705102
25,524.687,42.32397162580127
25,529.062,41.61579088428214
25,533.438,41.07871181918659
25,537.813,40.67600623784003
25,542.188,40.365920518085915
25,546.563,40.125968020553806
25,550.938,39.95484559942915
25,555.312,39.86594706440365
25,559.688,39.873531637916145
25,564.063,39.98048738186007
25,568.438,40.17724529765786
25,572.813,40.43710667636145
25,577.187,40.70802955663162
25,581.562,40.94560694868111
25,585.938,41.13920719236297
25,590.313,41.29260435373151
25,594.688,41.39812883801137
25,599.063,41.4745548855345
25,603.438,41.57661112045641
25,607.812,41.742700864622975
25,612.188,41.96944003017145
25,616.563,42.214119594718916
25,620.937,42.417074724830634
25,625.312,42.547540324075975
25,629.687,42.633015084853504
25,634.063,42.75191192472412
25,638.437,42.987649261686464
25,642.813,43.370322886370836
25,647.188,43.85608034027694
25,651.563,44.36180178103739
25,655.938,44.87208262588206
25,660.313,45.440525761328274
25,664.687,46.045742762555975
25,669.063,46.558083497179695
25,673.438,46.79992613453912
25,677.813,46.60645423071919
25,682.187,45.760407808518586
25,686.562,44.00929324908059
25,690.937,41.64563378230248
25,695.312,39.50658232252197
25,699.688,38.01382568673402
25,704.063,37.225549541870535
25,708.438,37.01525561048903
25,712.813,37.157956401274625
25,717.187,37.53924768001937
25,721.563,38.14642855583917
25,725.938,38.8733103397855
25,730.313,39.60389943406594
25,734.687,40.24330494606821
25,739.063,40.74000138543802
25,743.437,41.03681588163785
25,747.812,41.10127138825125
25,752.188,41.02648377708649
25,756.563,40.92060436596176
25,760.938,40.82836871454248
25,765.313,40.8253043529818
25,769.688,40.881032361913796
25,774.063,40.90748305528615
25,778.438,40.89315650866486
25,782.813,40.84834944299763
25,787.188,40.78642446729196
25,791.563,40.72508516655024
25,795.937,40.67129425930134
25,800.312,40.62151942664262
25,804.688,40.57502331115688
25,809.063,40.52253667267869
25,813.438,40.45784811186805
25,817.813,40.40176187373722
25,822.188,40.37885279245753
25,826.5630000000001,40.38031699513668
25,830.937,40.39346838014562
25,835.313,40.411258691950245
25,839.688,40.423430825583964
25,844.063,40.42536548308863
25,848.437,40.41673826784823
25,852.812,40.40084499366613
25,857.187,40.38448575145578
25,861.563,40.36959645744426
25,865.938,40.354393990663894
25,870.313,40.33923351825406
25,874.687,40.325203196951136
25,879.063,40.31218166100001
25,883.437,40.299957536356104
25,887.813,40.28500218684766
25,892.188,40.26090583539041
25,896.562,40.23095813611707
25,900.938,40.214020492713395
25,905.312,40.21473454415186
25,909.6880000000001,40.22357458875464
25,914.062,40.25004778466699
25,918.438,40.297500165134586
25,922.813,40.3457259529939
25,927.188,40.38199554748304
25,931.563,40.399160694724465
25,935.937,40.34639755883968
25,940.312,40.189560204383575
25,944.688,39.98319723761393
25,949.063,39.716909102586186
25,953.438,39.43914532038957
25,957.812,39.21909311498285
25,962.187,39.09167834295885
25,966.562,39.040156531867126
25,970.938,39.024337517739376
25,975.313,39.025685650349274
25,979.688,39.04958044318237
25,984.063,39.094170896357156
25,988.438,39.14893580722951
25,992.812,39.21078362056314
25,997.188,39.281664863632805
25,1001.5600000000001,39.3629643716966
25,1005.94,39.45583057447411
25,1010.3100000000001,39.559251974150136
25,1014.69,39.66941612510037
25,1019.0600000000001,39.78400964204074
25,1023.4399999999999,39.90236071776672
25,1027.81,40.020283753955674
25,1032.19,40.13188057731175
25,1036.56,40.23633615821004
25,1040.94,40.33364818184602
25,1045.31,40.42065976892178
25,1049.69,40.49461648759545
25,1054.06,40.55291471744374
25,1058.44,40.59446713313635
25,1062.81,40.62086654334034
25,1067.19,40.63441996024914
25,1071.5600000000002,40.6370008670934
25,1075.9399999999998,40.62847170773673
25,1080.3100000000002,40.605830105499244
25,1084.6899999999998,40.56788543727834
25,1089.06,40.51817832524386
25,1093.44,40.456918349761736
25,1097.81,40.384715138838786
25,1102.19,40.310998822754755
25,1106.56,40.245786571933365
25,1110.94,40.19090796360075
25,1115.31,40.13840582421455
25,1119.69,40.060399440340625
25,1124.06,39.87935178648888
25,1128.44,39.577883159558276
25,1132.8100000000002,39.26665390710596
25,1137.1899999999998,38.992295209980135
25,1141.56,38.74324406609987
25,1145.94,38.44047454300511
25,1150.31,38.1831301921173
25,1154.69,38.07153094058245
25,1159.06,38.03232774964775
25,1163.44,38.017037447335845
25,1167.81,38.0087058430007
25,1172.19,38.0019343260371
25,1176.56,37.997521440944254
25,1180.94,37.99519671736764
25,1185.3100000000002,37.9927071452719
25,1189.6899999999998,37.99035794761029
25,1194.06,37.99167310307026
25,1198.44,38.000363983518305
25,1202.81,38.01559236600352
25,1207.19,38.03359656992563
25,1211.56,38.05364692559427
25,1215.94,38.07538208303185
25,1220.31,38.0968950618152
25,1224.69,38.1167519773386
25,1229.06,38.13547583297301
25,1233.44,38.15325473116539
25,1237.8100000000002,38.168889495725786
25,1242.1899999999998,38.18388846578543
25,1246.56,38.200652857450294
25,1250.94,38.21779402599137
25,1255.31,38.23300856829763
25,1259.69,38.24732925328341
25,1264.06,38.26056670569925
25,1268.44,38.26630078121557
25,1272.81,38.259735980138196
25,1277.19,38.24433682515343
25,1281.56,38.22415244331408
25,1285.94,38.20204092703969
25,1290.3100000000002,38.17843205263894
25,1294.6899999999998,38.14915503456794
25,1299.0600000000002,38.111562896104346
25,1303.4399999999998,38.06712225335895
25,1307.81,38.019735373261454
25,1312.19,37.97294722588414
25,1316.56,37.92938662089852
25,1320.94,37.89393952123183
25,1325.31,37.868422571501384
25,1329.69,37.84865622572502
25,1334.06,37.83410806882992
25,1338.44,37.82844452706981
25,1342.81,37.82718485788874
25,1347.19,37.82731354425052
25,1500.31,45.57746577462292
25,1504.69,45.165914921697464
25,1509.0600000000002,44.76448200496873
25,1513.4399999999998,44.38865529375219
25,1517.8100000000002,44.019697260758484
25,1522.1899999999998,43.67368321525883
25,1526.56,43.35090673534896
25,1530.94,43.0401627646663
25,1535.31,42.74591383192322
25,1539.69,42.46843887134714
25,1544.06,42.20609558694119
25,1548.44,41.96268846130123
25,1552.81,41.7386385847705
25,1557.19,41.53047884731236
25,1561.56,41.34024113639349
25,1565.94,41.16682447875071
25,1570.3100000000002,41.002436727400415
25,1574.6899999999998,40.84512647276245
25,1579.06,40.70034291853355
25,1583.44,40.56941465146903
25,1587.81,40.45041333852032
25,1592.19,40.343745360621504
25,1596.56,40.25128310197757
25,1600.94,40.169168537376144
25,1605.31,40.092425688494224
25,1609.69,40.0185330992765
25,1614.06,39.948648917769944
25,1618.44,39.88727089110093
25,1622.8100000000002,39.83412866588388
25,1627.1899999999998,39.78759091165548
25,1631.56,39.747648058262506
25,1635.94,39.714049001123115
25,1640.31,39.68637275715383
25,1644.69,39.66381083776399
25,1649.06,39.643395143011325
25,1653.44,39.62318864373386
25,1657.81,39.60289559110149
25,1662.19,39.58129756100415
25,1666.56,39.55816724255674
25,1670.94,39.5355609810499
25,1675.3100000000002,39.51365228800134
25,1679.6899999999998,39.49245373071214
25,1684.06,39.47625510241899
25,1688.44,39.47017364876884
25,1692.81,39.47666581113637
25,1697.19,39.496150866932275
25,1701.56,39.52820830699584
25,1705.94,39.57175441927321
25,1710.31,39.62442962115868
25,1714.69,39.68241970339861
25,1719.06,39.74446396496207
25,1723.44,39.813919020728946
25,1727.8100000000002,39.88977017395095
25,1732.1899999999998,39.97195729595951
25,1736.5600000000002,40.069159570991644
25,1740.9399999999998,40.18179711974392
25,1745.31,40.302610135983045
25,1749.69,40.42639961807829
25,1754.06,40.548797320613154
25,1758.44,40.671892965596776
25,1762.81,40.79418251119594
25,1767.19,40.91617235318661
25,1771.56,41.029615753745546
25,1775.94,41.13127134573671
25,1780.31,41.22058031915175
25,1784.69,41.288143962958905
25,1789.0600000000002,41.33257990882932
25,1999.06,60.27708463877707
25,2003.4399999999998,59.53616604029608
25,2007.8100000000002,58.791327490936254
25,2012.1899999999998,58.374960597360946
25,2016.5600000000002,57.970956734205295
25,2020.94,57.55801722868987
25,2025.3100000000002,57.22020921592522
25,2029.69,56.89680896578015
25,2034.0600000000002,56.56080495333208
25,2038.44,56.19730759339595
25,2042.8099999999997,55.804962588291374
25,2047.19,55.434048724245855
25,2051.56,55.07284042802857
25,2055.94,54.68621574226907
25,2060.31,54.328769394665585
25,2064.69,53.98258829557977
25,2069.06,53.60725375649604
25,2073.44,53.246995099589064
25,2077.81,52.93223190179778
25,2082.19,52.64766093290139
25,2086.56,52.37257402190417
25,2090.9399999999996,52.095305512371795
25,2095.31,51.80913655566465
25,2099.69,51.52005889759519
25,2104.06,51.24649508236793
25,2108.44,50.99445710906622
25,2112.81,50.752634432510405
25,2117.19,50.51780916518941
25,2121.56,50.291128154028755
25,2125.94,50.06228112812677
25,2130.31,49.82601614943723
25,2134.69,49.599095811965796
25,2139.0600000000004,49.38548374841266
25,2143.44,49.17539727760625
25,2147.8100000000004,48.95912507164613
25,2152.19,48.73169455355754
25,2156.56,48.50995024673562
25,2160.94,48.30454348455449
25,2165.31,48.10578958975732
25,2169.69,47.92005160563208
25,2174.06,47.749312633501916
25,2178.44,47.59019507684332
25,2182.81,47.439175956871274
25,2187.19,47.28721562427028
25,2191.56,47.14347733371572
25,2195.9399999999996,47.013196544174235
25,2200.31,46.90432655573824
25,2204.6899999999996,46.8364800906531
25,2209.06,46.80271359193362
25,2213.44,46.784049072032836
25,2217.81,46.78838324911339
25,2222.19,46.82952289292877
25,2226.56,46.88999788749095
25,2230.94,46.946674604374316
25,2235.31,47.0076218301487
25,2239.69,47.09750913474185
25,2244.06,47.228912984983864
25,2248.44,47.39749106805506
25,2252.8100000000004,47.58949599988409
25,2257.19,47.80110208408866
25,2261.56,48.033173473453
25,2265.94,48.28473988996095
25,2270.31,48.550857261406286
25,2274.69,48.81583078631757
25,2279.06,49.07243039841179
25,2283.44,49.33990126141822
25,2287.81,49.64034656008264
25,2292.19,49.97683860041977
25,2296.56,50.3240001670088
25,2300.94,50.629760282776836
25,2305.31,50.874355851024134
25,2309.6899999999996,51.06178262829738
25,2314.06,51.1986854694285
25,2318.44,51.32599064657166
25,2322.81,51.49979215214858
25,2327.19,51.71490925235518
25,2331.56,51.95124487787331
25,2335.94,52.23658015198698
25,2340.31,52.60637920078754
25,2344.69,53.02378452975574
25,2349.06,53.459869755850065
25,2353.44,53.95407249101141
25,2357.8100000000004,54.42742887261636
25,2362.19,54.84529556797596
25,2366.5600000000004,55.27717177024796
25,2370.94,55.7700604086911
25,2375.31,56.24136549045071
25,2379.69,56.64785159039756
25,2384.06,57.02804254001944
25,2388.44,57.355839982882806
25,2392.81,57.63902493230817
25,2397.19,57.91610162298689
25,2401.56,58.176502453122566
25,2405.94,58.48502299197095
25,2410.31,58.98110860745953
25,2414.6899999999996,59.61520260570988
25,2419.06,59.92785976290187
25,2423.4399999999996,59.91386737570551
25,2427.81,60.04460156798564
25,2432.19,60.39337252003229
25,2436.56,60.86258026558272
25,2440.94,61.20968974300015
25,2445.31,62.006817925493316
25,2449.69,64.6657604450067
25,2454.06,66.02705488532776
25,2458.44,65.57909699699437
25,2462.81,66.79055212967997
25,2467.19,70.4386890906969
25,2471.5600000000004,77.98793874681537
27,402.188,45.24084551450635
27,406.56199999999995,45.41179544005462
27,410.93800000000005,45.65160210567891
27,415.313,45.91043084491523
27,419.68699999999995,46.15259473467325
27,424.06300000000005,46.37651475849043
27,428.438,46.567995831944955
27,432.813,46.71444713571625
27,437.18800000000005,46.79817365513978
27,441.563,46.818947889629655
27,445.938,46.78123003801274
27,450.31300000000005,46.70401834354137
27,454.688,46.62903206397711
27,459.063,46.59224825554114
27,463.438,46.6058710282618
27,467.813,46.65723305308395
27,472.187,46.72158750232743
27,476.562,46.77652793884822
27,480.938,46.794772043905155
27,485.313,46.72852699028471
27,489.688,46.51932955216726
27,494.063,46.11352677525783
27,498.438,45.44550898208099
27,502.812,44.474514489547985
27,507.188,43.2583808817003
27,511.563,41.90603311848021
27,515.937,40.54698514378537
27,520.313,39.37957947415012
27,524.687,38.511384706102206
27,529.062,37.89296469930523
27,533.438,37.46135674685258
27,537.813,37.159723040853834
27,542.188,36.937009033820026
27,546.563,36.762502301823865
27,550.938,36.633150305757006
27,555.312,36.57147063841222
27,559.688,36.60791504995739
27,564.063,36.75735544311489
27,568.438,37.01115981084601
27,572.813,37.34176297047223
27,577.187,37.70155597197011
27,581.562,38.0535677130842
27,585.938,38.3941962577867
27,590.313,38.71549607947342
27,594.688,38.96834059585092
27,599.063,39.16225619981113
27,603.438,39.393834679097935
27,607.812,39.74158686844319
27,612.188,40.213879458825986
27,616.563,40.74747354540407
27,620.937,41.24086192893738
27,625.312,41.63260018100765
27,629.687,41.95020915496547
27,634.063,42.320026119357536
27,638.437,42.91566923493539
27,642.813,43.83138658902883
27,647.188,45.00131964737291
27,651.563,46.24640945614746
27,655.938,47.52991343050602
27,660.313,48.989315774103474
27,664.687,50.58462200560029
27,669.063,52.00233473324677
27,673.438,52.84027913746603
27,677.813,52.76247881177262
27,682.187,51.335040306895486
27,686.562,48.02066325416853
27,690.937,43.37395777382948
27,695.312,39.283278584379836
27,699.688,36.610924959891896
27,704.063,35.11176281403981
27,708.438,34.37064086467449
27,712.813,34.058082193148294
27,717.187,33.96983751045038
27,721.563,33.97398762504523
27,725.938,33.99018804563805
27,730.313,34.042870846941256
27,734.687,34.15082491189199
27,739.063,34.28896129249816
27,743.437,34.43195596084677
27,747.812,34.56059080843878
27,752.188,34.665706994027396
27,756.563,34.755371712598496
27,760.938,34.84655931270015
27,765.313,34.90994383521332
27,769.688,34.9255746060979
27,774.063,34.927280426512944
27,778.438,34.92297994057986
27,782.813,34.91141249927242
27,787.188,34.89460436776304
27,791.563,34.87093491870722
27,795.937,34.84108146764652
27,800.312,34.80965414343576
27,804.688,34.78007906650025
27,809.063,34.758536211838894
27,813.438,34.74411677913107
27,817.813,34.72312170625103
27,822.188,34.69011616991892
27,826.5630000000001,34.65416087838717
27,830.937,34.617374283371724
27,835.313,34.57835600677691
27,839.688,34.540055905570604
27,844.063,34.50485904632283
27,848.437,34.473699987216726
27,852.812,34.445049737533125
27,857.187,34.41731660458729
27,861.563,34.39107384359879
27,865.938,34.36565986503011
27,870.313,34.34087268570471
27,874.687,34.31783144931097
27,879.063,34.2966548845838
27,883.437,34.277787820990326
27,887.813,34.26477542910386
27,892.188,34.26214386085874
27,896.562,34.26600187031454
27,900.938,34.26351211007684
27,905.312,34.25383305636827
27,909.6880000000001,34.24352407247424
27,914.062,34.22764668440813
27,918.438,34.20638009715939
27,922.813,34.191527476861545
27,927.188,34.18816530068408
27,931.563,34.19194184608653
27,935.937,34.18993600023592
27,940.312,34.16971712588329
27,944.688,34.1371089453206
27,949.063,34.09219668143004
27,953.438,34.04067411587292
27,957.812,33.995168936097606
27,962.187,33.96300598702525
27,966.562,33.941569448085566
27,970.938,33.9295370681965
27,975.313,33.92268751734712
27,979.688,33.911626634334915
27,984.063,33.89351858754583
27,988.438,33.872405738242364
27,992.812,33.85476150900658
27,997.188,33.84593451806023
27,1001.5600000000001,33.84526619988751
27,1005.94,33.848301962960186
27,1010.3100000000001,33.850278925667496
27,1014.69,33.84704985190351
27,1019.0600000000001,33.838425166438554
27,1023.4399999999999,33.82792208898737
27,1027.81,33.81731289076093
27,1032.19,33.80701325020556
27,1036.56,33.79772873729901
27,1040.94,33.789552416702186
27,1045.31,33.78225366917811
27,1049.69,33.7756926093609
27,1054.06,33.7695685940244
27,1058.44,33.76374368954907
27,1062.81,33.75820778716319
27,1067.19,33.752920463142786
27,1071.5600000000002,33.747684494540145
27,1075.9399999999998,33.74264780375202
27,1080.3100000000002,33.739035771471876
27,1084.6899999999998,33.7373012763321
27,1089.06,33.736921405992526
27,1093.44,33.739767027964945
27,1097.81,33.74641150734162
27,1102.19,33.7528520776982
27,1106.56,33.75674674626132
27,1110.94,33.76148465153701
27,1115.31,33.77156918535685
27,1119.69,33.79192219507138
27,1124.06,33.82894780127991
27,1128.44,33.87045862432901
27,1132.8100000000002,33.896693508716034
27,1137.1899999999998,33.9220124572474
27,1141.56,33.959695400958374
27,1145.94,34.04274352378414
27,1150.31,34.17741597094705
27,1154.69,34.285792933504425
27,1159.06,34.35484481442744
27,1163.44,34.405519462852894
27,1167.81,34.44887202697376
27,1172.19,34.4899531952395
27,1176.56,34.53428722425968
27,1180.94,34.58430490686059
27,1185.3100000000002,34.63495048416599
27,1189.6899999999998,34.67695445906968
27,1194.06,34.7080905213131
27,1198.44,34.730759858386314
27,1202.81,34.74092873855564
27,1207.19,34.73389744973405
27,1211.56,34.70916132084052
27,1215.94,34.66807704706907
27,1220.31,34.619047881804065
27,1224.69,34.56994805797673
27,1229.06,34.52420528577394
27,1233.44,34.48430761721676
27,1237.8100000000002,34.45124254575357
27,1242.1899999999998,34.42527882156832
27,1246.56,34.40649375132359
27,1250.94,34.39480635800267
27,1255.31,34.39080160969103
27,1259.69,34.39596486768106
27,1264.06,34.40834556452204
27,1268.44,34.420129637851424
27,1272.81,34.42760139717812
27,1277.19,34.43800838573244
27,1281.56,34.459581919617996
27,1285.94,34.49579390154408
27,1290.3100000000002,34.54739575967594
27,1294.6899999999998,34.61494327329789
27,1299.0600000000002,34.69817583572649
27,1303.4399999999998,34.795901358044794
27,1307.81,34.90613233513218
27,1312.19,35.02106220037841
27,1316.56,35.133059851699514
27,1320.94,35.24734158146091
27,1325.31,35.376700572256034
27,1329.69,35.54745516565855
27,1334.06,35.78365097766917
27,1338.44,36.007887990884534
27,1342.81,36.15954530752952
27,1347.19,36.259703147320394
27,1500.31,63.134623782696956
27,1504.69,61.94920337962082
27,1509.0600000000002,60.786433360284484
27,1513.4399999999998,59.69359778734571
27,1517.8100000000002,58.61778668158107
27,1522.1899999999998,57.60711262313769
27,1526.56,56.666409493208725
27,1530.94,55.765045952025105
27,1535.31,54.91558913750163
27,1539.69,54.11632699969999
27,1544.06,53.358386840006986
27,1548.44,52.64946893923539
27,1552.81,51.99078309580379
27,1557.19,51.37557682705272
27,1561.56,50.81447782850116
27,1565.94,50.3031072160182
27,1570.3100000000002,49.8138915048093
27,1574.6899999999998,49.33886540895228
27,1579.06,48.893127369313454
27,1583.44,48.478394547215984
27,1587.81,48.08678259224718
27,1592.19,47.71830297325683
27,1596.56,47.38002309664881
27,1600.94,47.06475222078302
27,1605.31,46.76475934050904
27,1609.69,46.47698065597381
27,1614.06,46.20592335866342
27,1618.44,45.965307734722025
27,1622.8100000000002,45.75444667729486
27,1627.1899999999998,45.5680090725606
27,1631.56,45.40517811321313
27,1635.94,45.266088844716684
27,1640.31,45.15227752956055
27,1644.69,45.069246571664095
27,1649.06,45.02046793903226
27,1653.44,45.004659725438536
27,1657.81,45.017045085634265
27,1662.19,45.04914202455769
27,1666.56,45.09295929600661
27,1670.94,45.14724918297373
27,1675.3100000000002,45.22418814138845
27,1679.6899999999998,45.34079368029323
27,1684.06,45.504360749030326
27,1688.44,45.715530970784116
27,1692.81,45.97532790882143
27,1697.19,46.277532652361174
27,1701.56,46.606437846632446
27,1705.94,46.944981540918306
27,1710.31,47.27593361107681
27,1714.69,47.570626357538195
27,1719.06,47.81606634778688
27,1723.44,48.02466868913054
27,1727.8100000000002,48.202361970075216
27,1732.1899999999998,48.365767043249136
27,1736.5600000000002,48.56183511668045
27,1740.9399999999998,48.821772233143044
27,1745.31,49.143481426226835
27,1749.69,49.49998280452847
27,1754.06,49.85164637443651
27,1758.44,50.183535299609474
27,1762.81,50.483989348109695
27,1767.19,50.754906909328
27,1771.56,50.98411872045452
27,1775.94,51.17536566802928
27,1780.31,51.33946853610214
27,1784.69,51.464258408552354
27,1789.0600000000002,51.54124653423079
27,1999.06,99.55500774076813
27,2003.4399999999998,97.78494296916391
27,2007.8100000000002,96.2506694452906
27,2012.1899999999998,95.66543439275435
27,2016.5600000000002,95.0968932384188
27,2020.94,94.37519569632664
27,2025.3100000000002,93.77265363758887
27,2029.69,93.21599185531808
27,2034.0600000000002,92.62191585301936
27,2038.44,91.94661566728914
27,2042.8099999999997,91.20198431904586
27,2047.19,90.50706918678485
27,2051.56,89.85175920853669
27,2055.94,89.14605254930802
27,2060.31,88.45904571795586
27,2064.69,87.75925758375614
27,2069.06,86.97049157435595
27,2073.44,86.19347857785804
27,2077.81,85.51466539187865
27,2082.19,84.9058410708896
27,2086.56,84.3163552691436
27,2090.9399999999996,83.71297407236538
27,2095.31,83.07873868952811
27,2099.69,82.43341817348039
27,2104.06,81.82145578552247
27,2108.44,81.25441859149136
27,2112.81,80.69961184082914
27,2117.19,80.14967322580749
27,2121.56,79.61603497871809
27,2125.94,79.06892811356651
27,2130.31,78.48252294850833
27,2134.69,77.89713158219439
27,2139.0600000000004,77.32722255920763
27,2143.44,76.75068679488895
27,2147.8100000000004,76.14260767217232
27,2152.19,75.48746453904332
27,2156.56,74.8314061470133
27,2160.94,74.21123633621673
27,2165.31,73.60677955180181
27,2169.69,73.03358343835689
27,2174.06,72.49084612929802
27,2178.44,71.96866033547184
27,2182.81,71.45809034888958
27,2187.19,70.9295304266373
27,2191.56,70.41120226674518
27,2195.9399999999996,69.92357444310377
27,2200.31,69.51149470139495
27,2204.6899999999996,69.2556006505946
27,2209.06,69.12635798836368
27,2213.44,69.05644678397668
27,2217.81,69.08069203536502
27,2222.19,69.26007361003313
27,2226.56,69.5296916612668
27,2230.94,69.78365486148405
27,2235.31,70.04549686014828
27,2239.69,70.42309635140468
27,2244.06,70.97086394799457
27,2248.44,71.65124608845377
27,2252.8100000000004,72.38555040720303
27,2257.19,73.13903099344724
27,2261.56,73.90799054079226
27,2265.94,74.69535388058223
27,2270.31,75.48167684718787
27,2274.69,76.2181446738601
27,2279.06,76.8971420288567
27,2283.44,77.58732162670235
27,2287.81,78.3598653577371
27,2292.19,79.2212232543833
27,2296.56,80.09617260250018
27,2300.94,80.84577859136147
27,2305.31,81.41186622359051
27,2309.6899999999996,81.79599406043529
27,2314.06,82.02051375335606
27,2318.44,82.19449401801643
27,2322.81,82.47904715974869
27,2327.19,82.88557943810126
27,2331.56,83.36434567928585
27,2335.94,83.99332130813929
27,2340.31,84.88228537915855
27,2344.69,85.93757962073967
27,2349.06,87.0612513732024
27,2353.44,88.33568491397175
27,2357.8100000000004,89.55462603584752
27,2362.19,90.61045328755417
27,2366.5600000000004,91.66664291640996
27,2370.94,92.86171960628647
27,2375.31,94.00072962570093
27,2379.69,94.89496520319565
27,2384.06,95.59915461657977
27,2388.44,96.18250227717188
27,2392.81,96.72199921640288
27,2397.19,97.25747434015037
27,2401.56,97.72016599400766
27,2405.94,98.17071680941653
27,2410.31,98.80555998470406
27,2414.6899999999996,99.5908805429142
27,2419.06,100.2072642461712
27,2423.4399999999996,100.56214077013459
27,2427.81,100.97950241362703
27,2432.19,101.60039666469444
27,2436.56,102.36408729220025
27,2440.94,102.88459802984886
27,2445.31,103.81814229701463
27,2449.69,106.88054465486326
27,2454.06,108.44170406493019
27,2458.44,107.8028598114622
27,2462.81,108.71920324357558
27,2467.19,111.88775278303441
27,2471.5600000000004,118.9020406556581
30,402.188,77.96262387581051
30,406.56199999999995,77.5134075995503
30,410.93800000000005,76.8661788693332
30,415.313,76.12317173362105
30,419.68699999999995,75.33658242957067
30,424.06300000000005,74.53150317628861
30,428.438,73.69100366147563
30,432.813,72.87201936893845
30,437.18800000000005,72.15868231855167
30,441.563,71.50861679306504
30,445.938,70.8618641890015
30,450.31300000000005,70.22691961650708
30,454.688,69.65106146819856
30,459.063,69.1759835255628
30,463.438,68.81991538340104
30,467.813,68.55285528538859
30,472.187,68.32562352446769
30,476.562,68.10599519959729
30,480.938,67.8379306829294
30,485.313,67.42111313474499
30,489.688,66.77089473788266
30,494.063,65.834956852825
30,498.438,64.5011095920354
30,502.812,62.67846300796376
30,507.188,60.461257863168015
30,511.563,58.00177671475043
30,515.937,55.45409446562258
30,520.313,53.1520244348258
30,524.687,51.35122535775704
30,529.062,50.01795535046886
30,533.438,49.066922337606584
30,537.813,48.40122948597767
30,542.188,47.91997078802155
30,546.563,47.56334846606951
30,550.938,47.32248802101451
30,555.312,47.22326948629727
30,559.688,47.29376838202571
30,564.063,47.541001313282344
30,568.438,47.95573733091638
30,572.813,48.499724179952274
30,577.187,49.07595581558579
30,581.562,49.58930970260469
30,585.938,50.00786839202913
30,590.313,50.33742022949651
30,594.688,50.57728240656222
30,599.063,50.771723995275295
30,603.438,51.02215215056691
30,607.812,51.40359336893452
30,612.188,51.91268692876713
30,616.563,52.46121212709903
30,620.937,52.91901646697711
30,625.312,53.217892187218084
30,629.687,53.42138092454785
30,634.063,53.70485110571482
30,638.437,54.2438207992704
30,642.813,55.0891583289443
30,647.188,56.13639797926652
30,651.563,57.21182569957817
30,655.938,58.297236770564076
30,660.313,59.50520660607397
30,664.687,60.76041914213661
30,669.063,61.76315891407103
30,673.438,62.163862976224934
30,677.813,61.68094631759753
30,682.187,59.94129269743907
30,686.562,56.45528727373168
30,690.937,51.69345951390617
30,695.312,47.28839458840087
30,699.688,44.00943580474671
30,704.063,41.75415567795992
30,708.438,40.268858627225555
30,712.813,39.26534145800022
30,717.187,38.49770863391825
30,721.563,37.879568346048394
30,725.938,37.43736675269636
30,730.313,37.1754168557709
30,734.687,37.06685670922276
30,739.063,37.053954369071036
30,743.437,37.088575736493496
30,747.812,37.1380354970251
30,752.188,37.183414674378604
30,756.563,37.22413960425472
30,760.938,37.264829187455476
30,765.313,37.279254341049075
30,769.688,37.26607438481728
30,774.063,37.2557978133369
30,778.438,37.24977966526411
30,782.813,37.24241954020911
30,787.188,37.233011459186365
30,791.563,37.21969005146104
30,795.937,37.20332933156736
30,800.312,37.18767028431
30,804.688,37.1742935416865
30,809.063,37.168888301247165
30,813.438,37.172811832276835
30,817.813,37.17326431942144
30,822.188,37.16143165569651
30,826.5630000000001,37.14557065817518
30,830.937,37.128772962371954
30,835.313,37.107982702706934
30,839.688,37.085329895824344
30,844.063,37.06506842766322
30,848.437,37.049905090319484
30,852.812,37.03892586833874
30,857.187,37.02948528596644
30,861.563,37.02151111975629
30,865.938,37.01598052764445
30,870.313,37.01301151387265
30,874.687,37.01263044312436
30,879.063,37.01520164908719
30,883.437,37.02122550453376
30,887.813,37.03290150659207
30,892.188,37.05390080614534
30,896.562,37.08302257573007
30,900.938,37.10873888526222
30,905.312,37.12519232963564
30,909.6880000000001,37.14102905887187
30,914.062,37.15619751105124
30,918.438,37.1674046497674
30,922.813,37.18152455254749
30,927.188,37.20487398037094
30,931.563,37.24250955502431
30,935.937,37.30246876938424
30,940.312,37.342321381385915
30,944.688,37.33454447324627
30,949.063,37.299033625916316
30,953.438,37.25217882768555
30,957.812,37.21314662495019
30,962.187,37.18891331761343
30,966.562,37.17492726030585
30,970.938,37.16920073569438
30,975.313,37.16862654030586
30,979.688,37.165626128544645
30,984.063,37.1591154733974
30,988.438,37.15491075208899
30,992.812,37.15619321607221
30,997.188,37.16234360605178
30,1001.5600000000001,37.172687596816274
30,1005.94,37.18605700465973
30,1010.3100000000001,37.200209432341495
30,1014.69,37.21310938259143
30,1019.0600000000001,37.22530866743364
30,1023.4399999999999,37.23754333056437
30,1027.81,37.24633376537308
30,1032.19,37.24901882728181
30,1036.56,37.24900305921863
30,1040.94,37.250622013919774
30,1045.31,37.25517100572374
30,1049.69,37.26200828144473
30,1054.06,37.26865554617757
30,1058.44,37.27244867375925
30,1062.81,37.27390824904228
30,1067.19,37.27584733472064
30,1071.5600000000002,37.27998687897543
30,1075.9399999999998,37.287170826618066
30,1080.3100000000002,37.29915586116127
30,1084.6899999999998,37.31626503690065
30,1089.06,37.3354939169799
30,1093.44,37.35460914321719
30,1097.81,37.37271572515817
30,1102.19,37.38813397970135
30,1106.56,37.40051620979509
30,1110.94,37.41277980408076
30,1115.31,37.429573902204396
30,1119.69,37.45479547424625
30,1124.06,37.474331701576816
30,1128.44,37.45384681724661
30,1132.8100000000002,37.420276094038314
30,1137.1899999999998,37.401930361171644
30,1141.56,37.39309876772625
30,1145.94,37.393732055780205
30,1150.31,37.42223703042821
30,1154.69,37.45735358641199
30,1159.06,37.48510114020232
30,1163.44,37.50851665206261
30,1167.81,37.52839619881263
30,1172.19,37.5456220219402
30,1176.56,37.56436264741911
30,1180.94,37.58635415573315
30,1185.3100000000002,37.608020260603
30,1189.6899999999998,37.62481805354368
30,1194.06,37.63700192129155
30,1198.44,37.646124177746664
30,1202.81,37.64927213763958
30,1207.19,37.644457446623996
30,1211.56,37.63260381244768
30,1215.94,37.61423900016797
30,1220.31,37.592799693531425
30,1224.69,37.57094163306595
30,1229.06,37.549993493569794
30,1233.44,37.53241334267045
30,1237.8100000000002,37.519428013278926
30,1242.1899999999998,37.51158049287011
30,1246.56,37.5092247072236
30,1250.94,37.511509265052894
30,1255.31,37.51773503914918
30,1259.69,37.52915998625526
30,1264.06,37.544407396513826
30,1268.44,37.55564909517064
30,1272.81,37.55879352221735
30,1277.19,37.56066428461558
30,1281.56,37.5680990684343
30,1285.94,37.58355474544326
30,1290.3100000000002,37.60698430272097
30,1294.6899999999998,37.63717197253879
30,1299.0600000000002,37.673507833813645
30,1303.4399999999998,37.71626271226511
30,1307.81,37.7668718972067
30,1312.19,37.82571997006454
30,1316.56,37.89079985885226
30,1320.94,37.9600019656783
30,1325.31,38.03224728018631
30,1329.69,38.115433360272384
30,1334.06,38.218365431584814
30,1338.44,38.309927826728554
30,1342.81,38.370953609301125
30,1347.19,38.41351857177765
30,1500.31,46.54808346033762
30,1504.69,46.14301816451737
30,1509.0600000000002,45.75362851745235
30,1513.4399999999998,45.39538238151888
30,1517.8100000000002,45.049342867515904
30,1522.1899999999998,44.73009063795723
30,1526.56,44.43783505937058
30,1530.94,44.16221791671665
30,1535.31,43.906684332038026
30,1539.69,43.670238474905624
30,1544.06,43.44945963154848
30,1548.44,43.24529892453883
30,1552.81,43.057049995216154
30,1557.19,42.882611757992976
30,1561.56,42.72468328571137
30,1565.94,42.58160955031397
30,1570.3100000000002,42.44569249373878
30,1574.6899999999998,42.315181091090004
30,1579.06,42.19427781399312
30,1583.44,42.08315185676809
30,1587.81,41.97934453681604
30,1592.19,41.88262254839328
30,1596.56,41.793965205285595
30,1600.94,41.71007408737488
30,1605.31,41.62787920411293
30,1609.69,41.54693783864252
30,1614.06,41.470271279168756
30,1618.44,41.40360853059432
30,1622.8100000000002,41.34690085365833
30,1627.1899999999998,41.29708318143555
30,1631.56,41.252507574644035
30,1635.94,41.213917620205436
30,1640.31,41.18408342907017
30,1644.69,41.165858774309974
30,1649.06,41.15819861075597
30,1653.44,41.15850616766672
30,1657.81,41.16496807722037
30,1662.19,41.17640663266671
30,1666.56,41.19235571762535
30,1670.94,41.212188642003284
30,1675.3100000000002,41.23805815951705
30,1679.6899999999998,41.27486337290656
30,1684.06,41.324994615071866
30,1688.44,41.38855422079055
30,1692.81,41.46499965391653
30,1697.19,41.55141863017138
30,1701.56,41.64419019137458
30,1705.94,41.74097034551913
30,1710.31,41.83849592791822
30,1714.69,41.92816596598963
30,1719.06,42.003710555782156
30,1723.44,42.06564673118313
30,1727.8100000000002,42.11274470072138
30,1732.1899999999998,42.14801033733577
30,1736.5600000000002,42.18555286384987
30,1740.9399999999998,42.238401136533724
30,1745.31,42.30872444945548
30,1749.69,42.38871768476492
30,1754.06,42.4669704214577
30,1758.44,42.53944460558348
30,1762.81,42.604104267069545
30,1767.19,42.662241066107676
30,1771.56,42.71313117083284
30,1775.94,42.75764642089049
30,1780.31,42.795777394491644
30,1784.69,42.82359711205982
30,1789.0600000000002,42.84127503158087
30,1999.06,64.9926268263558
30,2003.4399999999998,64.01977664500845
30,2007.8100000000002,62.888124847825736
30,2012.1899999999998,62.042510320727715
30,2016.5600000000002,61.10616444276415
30,2020.94,60.31924671742682
30,2025.3100000000002,59.80154949997546
30,2029.69,59.359263983181954
30,2034.0600000000002,58.936472951632155
30,2038.44,58.52016865234495
30,2042.8099999999997,58.097370517375744
30,2047.19,57.70393749783926
30,2051.56,57.316688045301355
30,2055.94,56.888960969238326
30,2060.31,56.47912142840574
30,2064.69,56.075558624375866
30,2069.06,55.63816009739363
30,2073.44,55.22062725808961
30,2077.81,54.859758099855284
30,2082.19,54.53523502502249
30,2086.56,54.21976781696271
30,2090.9399999999996,53.90854785056879
30,2095.31,53.60246484234611
30,2099.69,53.29719610680422
30,2104.06,53.00633673804889
30,2108.44,52.74317051653734
30,2112.81,52.49631889092959
30,2117.19,52.25830779248272
30,2121.56,52.02930883576165
30,2125.94,51.806639200830794
30,2130.31,51.58843952669555
30,2134.69,51.37956691723278
30,2139.0600000000004,51.177785902564764
30,2143.44,50.97950106434246
30,2147.8100000000004,50.777985562755944
30,2152.19,50.564734900197884
30,2156.56,50.354737604611564
30,2160.94,50.15843592730997
30,2165.31,49.96514802131953
30,2169.69,49.78245807180399
30,2174.06,49.61464756195013
30,2178.44,49.4557191267379
30,2182.81,49.30028735185931
30,2187.19,49.14474427385012
30,2191.56,49.002979645678856
30,2195.9399999999996,48.876194503534094
30,2200.31,48.762171717110355
30,2204.6899999999996,48.67396210611251
30,2209.06,48.61472501997505
30,2213.44,48.580288179732875
30,2217.81,48.57603303276889
30,2222.19,48.6104540978894
30,2226.56,48.68168641477577
30,2230.94,48.785203198151116
30,2235.31,48.92760084704636
30,2239.69,49.11987950445958
30,2244.06,49.366409644351464
30,2248.44,49.662161001033226
30,2252.8100000000004,49.99263331091249
30,2257.19,50.34924232081151
30,2261.56,50.72401842394127
30,2265.94,51.10963263272116
30,2270.31,51.4982530855454
30,2274.69,51.87709915500777
30,2279.06,52.25024195717868
30,2283.44,52.64160933425784
30,2287.81,53.06665958151139
30,2292.19,53.533093364535
30,2296.56,54.02174005962639
30,2300.94,54.45953881751876
30,2305.31,54.7926822979038
30,2309.6899999999996,55.01017391401365
30,2314.06,55.13943164744223
30,2318.44,55.252415755804485
30,2322.81,55.42887252689715
30,2327.19,55.685567638357604
30,2331.56,56.001031049807814
30,2335.94,56.374321686348786
30,2340.31,56.81885312471802
30,2344.69,57.28838438225681
30,2349.06,57.73504709712053
30,2353.44,58.18749020744137
30,2357.8100000000004,58.594478476828534
30,2362.19,58.94926771487818
30,2366.5600000000004,59.332319098116784
30,2370.94,59.79996838138961
30,2375.31,60.268997945413695
30,2379.69,60.71948706057142
30,2384.06,61.228430901331244
30,2388.44,61.72803511537075
30,2392.81,62.15593552944129
30,2397.19,62.57501908571478
30,2401.56,63.021788691469425
30,2405.94,63.57638313125571
30,2410.31,64.36974885653065
30,2414.6899999999996,65.40076278540825
30,2419.06,66.1670224780172
30,2423.4399999999996,66.42902579208128
30,2427.81,66.75609817393148
30,2432.19,67.36954322422217
30,2436.56,68.19371796628317
30,2440.94,68.75053858161536
30,2445.31,69.74682705466196
30,2449.69,73.41625440980567
30,2454.06,76.14637470935345
30,2458.44,76.04238354944988
30,2462.81,77.46224915279356
30,2467.19,81.52709312329988
30,2471.5600000000004,90.24435791143551
