species_richness,wavelength_nm,local_mean_spectrum
3,402.188,0.010255482839420437
3,406.56199999999995,0.010280604015570134
3,410.93800000000005,0.010374033791013062
3,415.313,0.010572763364762068
3,419.68699999999995,0.01090093438513577
3,424.06300000000005,0.011380235070828349
3,428.438,0.012039796963799745
3,432.813,0.012838695039972663
3,437.18800000000005,0.0136502396594733
3,441.563,0.014419996817596257
3,445.938,0.015124663920141756
3,450.31300000000005,0.015730071128346026
3,454.688,0.016229202365502716
3,459.063,0.016628343276679516
3,463.438,0.016930396389216184
3,467.813,0.01715316956862807
3,472.187,0.017323244540020825
3,476.562,0.01746333932504058
3,480.938,0.017607309818267823
3,485.313,0.01781828057486564
3,489.688,0.018160351584665477
3,494.063,0.018675017277710138
3,498.438,0.019444810021668674
3,502.812,0.020588279194198547
3,507.188,0.02217554421629757
3,511.563,0.02429401517380029
3,515.937,0.02708441046997905
3,520.313,0.030402682134881617
3,524.687,0.033792364299297335
3,529.062,0.03693932271562517
3,533.438,0.039610728165134786
3,537.813,0.04172173878178
3,542.188,0.043366322331130504
3,546.563,0.04462661506608129
3,550.938,0.04545039533637464
3,555.312,0.0456690024677664
3,559.688,0.045148997800424695
3,564.063,0.04393202304840088
3,568.438,0.04217649818398059
3,572.813,0.04013479744084179
3,577.187,0.038183247866109014
3,581.562,0.03658494228497147
3,585.938,0.035364308841526505
3,590.313,0.03443633385002613
3,594.688,0.03374290524981916
3,599.063,0.03315961804240942
3,603.438,0.032474022852256895
3,607.812,0.03155709506943822
3,612.188,0.03046129994094372
3,616.563,0.029384165070950985
3,620.937,0.028535235868766905
3,625.312,0.027979790512472392
3,629.687,0.027596553675830363
3,634.063,0.027145758653059602
3,638.437,0.02642776886932552
3,642.813,0.02543200657237321
3,647.188,0.024314891803078352
3,651.563,0.02325017492286861
3,655.938,0.02225151759106666
3,660.313,0.021260632798075677
3,664.687,0.02035971002653241
3,669.063,0.019709903462789953
3,673.438,0.019441330130212008
3,677.813,0.01965947339311242
3,682.187,0.0206384812714532
3,686.562,0.023167953714728354
3,690.937,0.028549603298306466
3,695.312,0.03771206708624959
3,699.688,0.050882157338783145
3,704.063,0.06752039317041636
3,708.438,0.08594989497214556
3,712.813,0.10530199524015188
3,717.187,0.1274635534733534
3,721.563,0.15363508939743042
3,725.938,0.18047330364584924
3,730.313,0.2048884239792824
3,734.687,0.22488107107579708
3,739.063,0.240583211556077
3,743.437,0.25281941175460815
3,747.812,0.26189419232308864
3,752.188,0.2682092593610287
3,756.563,0.2726349419355392
3,760.938,0.2765840835124254
3,765.313,0.28008775793015955
3,769.688,0.2820099750906229
3,774.063,0.28306223064661024
3,778.438,0.28381748907268045
3,782.813,0.28438035912811754
3,787.188,0.28482855841517446
3,791.563,0.2852166373282671
3,795.937,0.2855591667443514
3,800.312,0.28586686089634894
3,804.688,0.2861473543196917
3,809.063,0.28642536416649816
3,813.438,0.28672980196774006
3,817.813,0.2870235380530357
3,822.188,0.2872139785438776
3,826.5630000000001,0.287293017283082
3,830.937,0.28731861397624014
3,835.313,0.2873590997606516
3,839.688,0.2874600062519312
3,844.063,0.28761877574026584
3,848.437,0.2878167174756527
3,852.812,0.28803359374403953
3,857.187,0.2882356798648834
3,861.563,0.28840645037591456
3,865.938,0.28856070779263976
3,870.313,0.28870206743478777
3,874.687,0.28881707675755025
3,879.063,0.28889894038438796
3,883.437,0.2889463493227959
3,887.813,0.28897223867475985
3,892.188,0.2890004226565361
3,896.562,0.2890251844376326
3,900.938,0.28899826668202877
3,905.312,0.2889142407476902
3,909.6880000000001,0.28878107473254205
3,914.062,0.28853476375341414
3,918.438,0.28815739080309866
3,922.813,0.28773171715438367
3,927.188,0.2872743680328131
3,931.563,0.28652318693697454
3,935.937,0.28455211654305457
3,940.312,0.2815820720791817
3,944.688,0.278401488289237
3,949.063,0.2741735780239105
3,953.438,0.26931671783328054
3,957.812,0.2649045430868864
3,962.187,0.26184226423501966
3,966.562,0.2602089330554008
3,970.938,0.25949477575719354
3,975.313,0.2593265996873379
3,979.688,0.2596643989533186
3,984.063,0.2604925448447466
3,988.438,0.2617527165263891
3,992.812,0.2633591274917126
3,997.188,0.26516261652112005
3,1001.5600000000001,0.2670885156095028
3,1005.94,0.26915471196174623
3,1010.3100000000001,0.2713268968462944
3,1014.69,0.2735150205343962
3,1019.0600000000001,0.27566541500389574
3,1023.4399999999999,0.27774872168898584
3,1027.81,0.2797197040170431
3,1032.19,0.28154033549129964
3,1036.56,0.28320577390491963
3,1040.94,0.2847145637869835
3,1045.31,0.2860581837594509
3,1049.69,0.2872350168973207
3,1054.06,0.2882263170927763
3,1058.44,0.289014485552907
3,1062.81,0.2896110841631889
3,1067.19,0.2900437407195568
3,1071.5600000000002,0.2903275775909424
3,1075.9399999999998,0.29046282581984995
3,1080.3100000000002,0.2904489466547966
3,1084.6899999999998,0.29028153732419015
3,1089.06,0.2899639257788658
3,1093.44,0.2895096958428621
3,1097.81,0.2889186228811741
3,1102.19,0.28818879194557667
3,1106.56,0.28737618811428545
3,1110.94,0.2865882044285536
3,1115.31,0.285781417042017
3,1119.69,0.284413365572691
3,1124.06,0.2806027194112539
3,1128.44,0.27335643537342547
3,1132.8100000000002,0.26526219710707666
3,1137.1899999999998,0.257737307921052
3,1141.56,0.25034598134458064
3,1145.94,0.23988625437021255
3,1150.31,0.2287021416425705
3,1154.69,0.22214911796152592
3,1159.06,0.21888904009014368
3,1163.44,0.21707193534821273
3,1167.81,0.21589653339236975
3,1172.19,0.21503036510199308
3,1176.56,0.214304829351604
3,1180.94,0.21360806807875632
3,1185.3100000000002,0.21292739614844322
3,1189.6899999999998,0.2123932547494769
3,1194.06,0.21214372992515565
3,1198.44,0.2122584879025817
3,1202.81,0.2127656988054514
3,1207.19,0.21361723445355893
3,1211.56,0.21478666976094246
3,1215.94,0.21623144458979368
3,1220.31,0.2178246271237731
3,1224.69,0.21947207789868117
3,1229.06,0.22109541207551955
3,1233.44,0.22262004774063826
3,1237.8100000000002,0.22401880480349065
3,1242.1899999999998,0.22530509926378728
3,1246.56,0.22649009294807912
3,1250.94,0.2275409648567438
3,1255.31,0.22841132141649723
3,1259.69,0.2290853075683117
3,1264.06,0.22953064262866973
3,1268.44,0.22963230051100253
3,1272.81,0.2293106108158827
3,1277.19,0.22860415436327458
3,1281.56,0.22752718150615692
3,1285.94,0.22608229763805865
3,1290.3100000000002,0.22424821846187115
3,1294.6899999999998,0.2219186831265688
3,1299.0600000000002,0.21902405880391598
3,1303.4399999999998,0.21555966906249524
3,1307.81,0.21148640889674425
3,1312.19,0.20671165522187948
3,1316.56,0.20128780648112296
3,1320.94,0.1956503351405263
3,1325.31,0.1901256126537919
3,1329.69,0.18406793352216483
3,1334.06,0.17684567615389823
3,1338.44,0.1706377338990569
3,1342.81,0.1666114030405879
3,1347.19,0.16394715130329132
3,1500.31,0.04786319576203823
3,1504.69,0.04956731210462749
3,1509.0600000000002,0.05135973100550473
3,1513.4399999999998,0.05317398425191641
3,1517.8100000000002,0.05508814318105579
3,1522.1899999999998,0.057011588606983424
3,1526.56,0.05893027152866125
3,1530.94,0.06089198045432567
3,1535.31,0.06285596914589404
3,1539.69,0.06482219491153955
3,1544.06,0.06680559597909451
3,1548.44,0.06876663407310843
3,1552.81,0.07068360218778252
3,1557.19,0.07257044184952974
3,1561.56,0.07439406124874949
3,1565.94,0.07616638667881488
3,1570.3100000000002,0.07797104757279158
3,1574.6899999999998,0.07979770638048649
3,1579.06,0.08155716259032487
3,1583.44,0.08324957573786378
3,1587.81,0.08491637155413628
3,1592.19,0.08655440922826528
3,1596.56,0.08813253503292799
3,1600.94,0.08968113278970122
3,1605.31,0.09119956322014332
3,1609.69,0.09265636002644896
3,1614.06,0.09402963533997535
3,1618.44,0.09529578048735857
3,1622.8100000000002,0.09648262774571777
3,1627.1899999999998,0.09759119482710958
3,1631.56,0.09859152968972922
3,1635.94,0.09947599049657584
3,1640.31,0.10025368973612786
3,1644.69,0.10090242892503738
3,1649.06,0.10137962190434337
3,1653.44,0.10168277660384774
3,1657.81,0.10185193380340934
3,1662.19,0.10194376030936837
3,1666.56,0.10198368614539505
3,1670.94,0.1019282629340887
3,1675.3100000000002,0.10169827319681644
3,1679.6899999999998,0.10124975195154548
3,1684.06,0.10060367058962584
3,1688.44,0.09980052180588245
3,1692.81,0.09885301202535629
3,1697.19,0.0977741352468729
3,1701.56,0.0966038634441793
3,1705.94,0.09538482535630464
3,1710.31,0.0941524107567966
3,1714.69,0.09298739103600383
3,1719.06,0.09192802410572767
3,1723.44,0.09093590896576643
3,1727.8100000000002,0.09003316232934594
3,1732.1899999999998,0.08920352075248957
3,1736.5600000000002,0.08828747330233455
3,1740.9399999999998,0.08718959616497159
3,1745.31,0.08590594680979848
3,1749.69,0.08450762700289488
3,1754.06,0.08312461758032441
3,1758.44,0.0818210850097239
3,1762.81,0.0806636368855834
3,1767.19,0.079648098051548
3,1771.56,0.07882757691666484
3,1775.94,0.07817560339346528
3,1780.31,0.07761157648637891
3,1784.69,0.07716417044401169
3,1789.0600000000002,0.0768670335225761
3,1999.06,0.020597344939596952
3,2003.4399999999998,0.021213973639532924
3,2007.8100000000002,0.02198569046333432
3,2012.1899999999998,0.022622774168848992
3,2016.5600000000002,0.023378984918817878
3,2020.94,0.024026371613144873
3,2025.3100000000002,0.024496194352395834
3,2029.69,0.02494228487368673
3,2034.0600000000002,0.025381985059939324
3,2038.44,0.02581021244637668
3,2042.8099999999997,0.026244261115789414
3,2047.19,0.026670863744802775
3,2051.56,0.027136547761037945
3,2055.94,0.027681051031686367
3,2060.31,0.028204086762852968
3,2064.69,0.02870951175224036
3,2069.06,0.029248618450947107
3,2073.44,0.02977954190224409
3,2077.81,0.030277235438115894
3,2082.19,0.030767437648028136
3,2086.56,0.03127614429220557
3,2090.9399999999996,0.0317895878944546
3,2095.31,0.03229686716105789
3,2099.69,0.032816173546016215
3,2104.06,0.03333390821702778
3,2108.44,0.03382255237549543
3,2112.81,0.03429852388799191
3,2117.19,0.034775943653658034
3,2121.56,0.03525288964621723
3,2125.94,0.03571301114745438
3,2130.31,0.03614481476135552
3,2134.69,0.03655920362100005
3,2139.0600000000004,0.036973490212112665
3,2143.44,0.03738203725777566
3,2147.8100000000004,0.037791700782254335
3,2152.19,0.03822069270536303
3,2156.56,0.03863634565845132
3,2160.94,0.03901639634743333
3,2165.31,0.03938411775976419
3,2169.69,0.03973631980828941
3,2174.06,0.04007230608724058
3,2178.44,0.04040431911125779
3,2182.81,0.04074261731468141
3,2187.19,0.04107816084288061
3,2191.56,0.04136635879985988
3,2195.9399999999996,0.04161396280862391
3,2200.31,0.04184847578406334
3,2204.6899999999996,0.04206061796285212
3,2209.06,0.04222869665361941
3,2213.44,0.04233405563980341
3,2217.81,0.04236950101330876
3,2222.19,0.04232283738441765
3,2226.56,0.042160967523232104
3,2230.94,0.04185272614471614
3,2235.31,0.041393537763506176
3,2239.69,0.04080588599666953
3,2244.06,0.04011648079380393
3,2248.44,0.03935199865140021
3,2252.8100000000004,0.038547992445528506
3,2257.19,0.03772559314034879
3,2261.56,0.03690929148346186
3,2265.94,0.036129000578075644
3,2270.31,0.03540209719911218
3,2274.69,0.03472366413101554
3,2279.06,0.034068400980904696
3,2283.44,0.0334077041875571
3,2287.81,0.032725424957461655
3,2292.19,0.032002549427561464
3,2296.56,0.03125955208670348
3,2300.94,0.030591355990618466
3,2305.31,0.030062513034790753
3,2309.6899999999996,0.029678466659970582
3,2314.06,0.029391484800726175
3,2318.44,0.029108999222517015
3,2322.81,0.02876847128383815
3,2327.19,0.02838246866595
3,2331.56,0.027968355803750455
3,2335.94,0.02752988824620843
3,2340.31,0.027073866855353117
3,2344.69,0.026651900629512965
3,2349.06,0.026300163930281995
3,2353.44,0.025983407469466327
3,2357.8100000000004,0.02571600374300033
3,2362.19,0.02548722210340202
3,2366.5600000000004,0.025242996723391115
3,2370.94,0.02494355260860175
3,2375.31,0.02463352927006781
3,2379.69,0.02432690214831382
3,2384.06,0.023957834970206024
3,2388.44,0.023551935479044914
3,2392.81,0.02318515408784151
3,2397.19,0.022854157951660455
3,2401.56,0.02254267339129001
3,2405.94,0.022210003966465594
3,2410.31,0.021831363220699132
3,2414.6899999999996,0.02138060598168522
3,2419.06,0.020883086230605842
3,2423.4399999999996,0.02054610359016806
3,2427.81,0.020296195852570236
3,2432.19,0.019993310305289926
3,2436.56,0.019592516678385435
3,2440.94,0.019312259475700557
3,2445.31,0.019017136285547166
3,2449.69,0.018117356451693923
3,2454.06,0.017390006352216006
3,2458.44,0.017332860741298646
3,2462.81,0.017105239229276776
3,2467.19,0.016526048118248583
3,2471.5600000000004,0.0153790716198273
5,402.188,0.00932725460268557
5,406.56199999999995,0.00937613687478006
5,410.93800000000005,0.009496221712324768
5,415.313,0.00970748099964112
5,419.68699999999995,0.0100125467707403
5,424.06300000000005,0.010411310521885753
5,428.438,0.010913672680035234
5,432.813,0.011487403167411685
5,437.18800000000005,0.012051032148301602
5,441.563,0.012580250520259142
5,445.938,0.013069831323809922
5,450.31300000000005,0.013499672133475542
5,454.688,0.013860535086132586
5,459.063,0.014150290065445006
5,463.438,0.014368126476183534
5,467.813,0.014529655962251127
5,472.187,0.014659188534133137
5,476.562,0.014774858434684575
5,480.938,0.014900918435305357
5,485.313,0.015087603460997343
5,489.688,0.015389644308015704
5,494.063,0.015847559566609562
5,498.438,0.016543049868196248
5,502.812,0.017591449576430024
5,507.188,0.01906269183382392
5,511.563,0.021040973546914758
5,515.937,0.023658176269382238
5,520.313,0.026777306133881212
5,524.687,0.029968244563788174
5,529.062,0.032935393704101444
5,533.438,0.03545773309655487
5,537.813,0.03745102116838098
5,542.188,0.03899895305745304
5,546.563,0.0401771688926965
5,550.938,0.04094111602753401
5,555.312,0.04113907316699624
5,559.688,0.04064691081643104
5,564.063,0.03950172775425017
5,568.438,0.03785580758936703
5,572.813,0.03595133128575981
5,577.187,0.034139396911486986
5,581.562,0.032661889856681225
5,585.938,0.03154066580347717
5,590.313,0.03069346211850643
5,594.688,0.030060385763645173
5,599.063,0.029528425289317966
5,603.438,0.028908542739227414
5,607.812,0.028083654288202524
5,612.188,0.027098134532570838
5,616.563,0.026129244770854713
5,620.937,0.02536906118504703
5,625.312,0.024879325376823545
5,629.687,0.02454606171697378
5,634.063,0.024141410682350397
5,638.437,0.023477726317942142
5,642.813,0.02254994696006179
5,647.188,0.021512129525654018
5,651.563,0.020532336095348002
5,655.938,0.0196231609582901
5,660.313,0.018724564877338708
5,664.687,0.017909715636633336
5,669.063,0.017330469992011786
5,673.438,0.01710923122242093
5,677.813,0.017342764516361058
5,682.187,0.018284526490606367
5,686.562,0.020662778909318148
5,690.937,0.025647453060373665
5,695.312,0.034008097723126414
5,699.688,0.04585447067394852
5,704.063,0.06064188785851002
5,708.438,0.07686493100598454
5,712.813,0.0937675579637289
5,717.187,0.11299365356564522
5,721.563,0.1355627043917775
5,725.938,0.15857904605567455
5,730.313,0.1794214603304863
5,734.687,0.19643912486732007
5,739.063,0.2097834948450327
5,743.437,0.22016861900687218
5,747.812,0.2278664105385542
5,752.188,0.2332294898480177
5,756.563,0.23699651926755905
5,760.938,0.24036639533936976
5,765.313,0.24336435876786708
5,769.688,0.24504747845232486
5,774.063,0.24603856272995472
5,778.438,0.24681291624903678
5,782.813,0.24743804156780244
5,787.188,0.24796863503754138
5,791.563,0.24844625540077686
5,795.937,0.24888010300695895
5,800.312,0.24927879355847835
5,804.688,0.24964606694877148
5,809.063,0.2500059114396572
5,813.438,0.2503962153941393
5,817.813,0.250783129632473
5,822.188,0.25105781473219396
5,826.5630000000001,0.2512068522721529
5,830.937,0.25129722207784655
5,835.313,0.2514017118513584
5,839.688,0.2515663968771696
5,844.063,0.2517888006567955
5,848.437,0.252052366733551
5,852.812,0.25233972422778606
5,857.187,0.25261485271155837
5,861.563,0.2528572963923216
5,865.938,0.25308205775916576
5,870.313,0.25329052314162254
5,874.687,0.2534694195538759
5,879.063,0.25361900046467784
5,883.437,0.25373990908265115
5,887.813,0.2538413374871016
5,892.188,0.253947798833251
5,896.562,0.2540623605251312
5,900.938,0.25413408130407333
5,905.312,0.25413511857390403
5,909.6880000000001,0.2540768349170685
5,914.062,0.2539035589993
5,918.438,0.2535851585865021
5,922.813,0.25319869950413704
5,927.188,0.25277211509644987
5,931.563,0.25207608930766584
5,935.937,0.2502915941178799
5,940.312,0.24766437716782094
5,944.688,0.24493692085146904
5,949.063,0.24139192298054696
5,953.438,0.237372659817338
5,957.812,0.23374332934617997
5,962.187,0.23123679049313067
5,966.562,0.22991779312491417
5,970.938,0.22936990186572076
5,975.313,0.2292911760509014
5,979.688,0.22964336559176446
5,984.063,0.23041109435260296
5,988.438,0.23155906550586225
5,992.812,0.2330074627697468
5,997.188,0.23460108399391175
5,1001.5600000000001,0.23626891285181045
5,1005.94,0.2380385509133339
5,1010.3100000000001,0.23989234067499637
5,1014.69,0.24176403507590294
5,1019.0600000000001,0.24361697904765606
5,1023.4399999999999,0.24542948089540004
5,1027.81,0.24716138802468776
5,1032.19,0.24877700865268706
5,1036.56,0.25026610150933265
5,1040.94,0.2516202180087566
5,1045.31,0.25282843425869944
5,1049.69,0.25389104917645455
5,1054.06,0.2547996261715889
5,1058.44,0.2555456122010946
5,1062.81,0.25613436579704285
5,1067.19,0.25657690852880477
5,1071.5600000000002,0.2568756237626076
5,1075.9399999999998,0.2570254428684711
5,1080.3100000000002,0.2570249079167843
5,1084.6899999999998,0.2568732598423958
5,1089.06,0.2565842294692993
5,1093.44,0.25618286967277526
5,1097.81,0.25567055970430375
5,1102.19,0.2550391529500484
5,1106.56,0.2543353578448296
5,1110.94,0.25365458108484745
5,1115.31,0.25296042434871197
5,1119.69,0.2517892094701529
5,1124.06,0.24855052791535853
5,1128.44,0.24242153711616993
5,1132.8100000000002,0.23557695776224136
5,1137.1899999999998,0.22920239582657814
5,1141.56,0.22293752014636994
5,1145.94,0.21408470012247563
5,1150.31,0.2046444220095873
5,1154.69,0.19914491906762122
5,1159.06,0.19644305892288685
5,1163.44,0.19497530929744245
5,1167.81,0.19406780540943147
5,1172.19,0.1934378907084465
5,1176.56,0.19293787449598312
5,1180.94,0.19246713027358056
5,1185.3100000000002,0.1920052297413349
5,1189.6899999999998,0.1916490062326193
5,1194.06,0.19151275485754013
5,1198.44,0.19166987523436546
5,1202.81,0.19214222483336926
5,1207.19,0.1928814498335123
5,1211.56,0.19386089146137236
5,1215.94,0.19504708625376224
5,1220.31,0.1963471569865942
5,1224.69,0.19769621290266515
5,1229.06,0.19903343066573143
5,1233.44,0.20029870592057705
5,1237.8100000000002,0.20147165462374686
5,1242.1899999999998,0.20256024710834025
5,1246.56,0.2035678154975176
5,1250.94,0.20446471609175204
5,1255.31,0.20521102756261825
5,1259.69,0.20578935712575913
5,1264.06,0.20616720736026764
5,1268.44,0.20624413333833216
5,1272.81,0.20595422215759754
5,1277.19,0.20533460818231106
5,1281.56,0.20440018229186535
5,1285.94,0.20315384909510611
5,1290.3100000000002,0.20157821722328662
5,1294.6899999999998,0.19958528615534304
5,1299.0600000000002,0.19711630836129188
5,1303.4399999999998,0.19416791416704654
5,1307.81,0.19070656649768353
5,1312.19,0.18664724238216876
5,1316.56,0.18202927112579345
5,1320.94,0.17722600296139718
5,1325.31,0.17252014361321927
5,1329.69,0.16736228086054325
5,1334.06,0.16120709247887136
5,1338.44,0.15590398941189051
5,1342.81,0.1524548279121518
5,1347.19,0.15016945954412222
5,1500.31,0.047218619026243684
5,1504.69,0.04885529354214668
5,1509.0600000000002,0.050574471931904556
5,1513.4399999999998,0.05231270002201199
5,1517.8100000000002,0.05414332812651992
5,1522.1899999999998,0.05597819922491908
5,1526.56,0.057803508061915636
5,1530.94,0.05966450760141015
5,1535.31,0.06152253042906523
5,1539.69,0.06337853979319334
5,1544.06,0.06524785732850433
5,1548.44,0.0670936393365264
5,1552.81,0.06889538463205098
5,1557.19,0.07066612068563699
5,1561.56,0.0723746638186276
5,1565.94,0.07403260821476579
5,1570.3100000000002,0.07571804789826274
5,1574.6899999999998,0.07741938550025225
5,1579.06,0.07905281012877823
5,1583.44,0.0806203138269484
5,1587.81,0.08216198816895486
5,1592.19,0.08367592711001634
5,1596.56,0.08513462666422128
5,1600.94,0.08656630106270313
5,1605.31,0.08796880889683961
5,1609.69,0.0893121962249279
5,1614.06,0.09057693544775247
5,1618.44,0.09174334313720464
5,1622.8100000000002,0.09283855620771647
5,1627.1899999999998,0.09386453360319137
5,1631.56,0.09479504648596049
5,1635.94,0.09562404338270426
5,1640.31,0.09636129405349493
5,1644.69,0.09698592983186245
5,1649.06,0.09745521187782287
5,1653.44,0.09776275556534529
5,1657.81,0.0979404204338789
5,1662.19,0.09803869917988778
5,1666.56,0.0980895408987999
5,1670.94,0.0980685605108738
5,1675.3100000000002,0.09791224978864194
5,1679.6899999999998,0.09757819835096598
5,1684.06,0.09707659590989351
5,1688.44,0.09643656831234694
5,1692.81,0.0956667685508728
5,1697.19,0.09477481503039599
5,1701.56,0.09378981087356805
5,1705.94,0.0927425703778863
5,1710.31,0.09165977109223604
5,1714.69,0.090614440664649
5,1719.06,0.08964520514011383
5,1723.44,0.08871585968881845
5,1727.8100000000002,0.08784393303096294
5,1732.1899999999998,0.08702095851302147
5,1736.5600000000002,0.08611551072448492
5,1740.9399999999998,0.08505893994122743
5,1745.31,0.0838522769883275
5,1749.69,0.08254958167672158
5,1754.06,0.08125677959993481
5,1758.44,0.08002565236762166
5,1762.81,0.07891628040000796
5,1767.19,0.07792660597711802
5,1771.56,0.07711777260527014
5,1775.94,0.07647178519517184
5,1780.31,0.07591226400807499
5,1784.69,0.07546967128291726
5,1789.0600000000002,0.07517704166471958
5,1999.06,0.020740266432985665
5,2003.4399999999998,0.02139573300257325
5,2007.8100000000002,0.022211094754748046
5,2012.1899999999998,0.022875765818171204
5,2016.5600000000002,0.02365396729670465
5,2020.94,0.024315670654177664
5,2025.3100000000002,0.024796890602447094
5,2029.69,0.0252559405984357
5,2034.0600000000002,0.02570816989056766
5,2038.44,0.026146440696902574
5,2042.8099999999997,0.02658874257467687
5,2047.19,0.027023992538452148
5,2051.56,0.027501795003190638
5,2055.94,0.02806125129573047
5,2060.31,0.028596796533092855
5,2064.69,0.02911197449080646
5,2069.06,0.029659546986222265
5,2073.44,0.03019906720146537
5,2077.81,0.030706415129825474
5,2082.19,0.031206826530396938
5,2086.56,0.0317262349370867
5,2090.9399999999996,0.03225057191215455
5,2095.31,0.032768889404833315
5,2099.69,0.03330028929747641
5,2104.06,0.03383108076639473
5,2108.44,0.03433364883996546
5,2112.81,0.034825809821486475
5,2117.19,0.035321680288761856
5,2121.56,0.03581725781783462
5,2125.94,0.03629312335513532
5,2130.31,0.03673579479567707
5,2134.69,0.03715621976181865
5,2139.0600000000004,0.03757203010842204
5,2143.44,0.03797746214084327
5,2147.8100000000004,0.03837978383526206
5,2152.19,0.03879788756370545
5,2156.56,0.03920101915486157
5,2160.94,0.039568974673748016
5,2165.31,0.0399250924307853
5,2169.69,0.04026610135100782
5,2174.06,0.04059064610861242
5,2178.44,0.040910159032791854
5,2182.81,0.04123454904183745
5,2187.19,0.04155456155538559
5,2191.56,0.0418274162337184
5,2195.9399999999996,0.04206069361418486
5,2200.31,0.042282054405659436
5,2204.6899999999996,0.04248404648154974
5,2209.06,0.042645064499229196
5,2213.44,0.042745676971971985
5,2217.81,0.0427804865501821
5,2222.19,0.04273883890360594
5,2226.56,0.04258620260283351
5,2230.94,0.04229051809757948
5,2235.31,0.0418489059060812
5,2239.69,0.041285818126052615
5,2244.06,0.040629021842032674
5,2248.44,0.039905060334131125
5,2252.8100000000004,0.039146745158359406
5,2257.19,0.038371317563578484
5,2261.56,0.037598593067377804
5,2265.94,0.036854280009865764
5,2270.31,0.036154870297759774
5,2274.69,0.0354988332465291
5,2279.06,0.0348672431986779
5,2283.44,0.03423775990493596
5,2287.81,0.033596112448722126
5,2292.19,0.03291848509572446
5,2296.56,0.03221200482919812
5,2300.94,0.031554508414119484
5,2305.31,0.031005108123645188
5,2309.6899999999996,0.03057827749289572
5,2314.06,0.030238486416637896
5,2318.44,0.029900352526456116
5,2322.81,0.029513372741639614
5,2327.19,0.02910071793012321
5,2331.56,0.028675714666023852
5,2335.94,0.028235149309039115
5,2340.31,0.027779715824872254
5,2344.69,0.027353948215022683
5,2349.06,0.0269897245336324
5,2353.44,0.02665282791480422
5,2357.8100000000004,0.026365855420008303
5,2362.19,0.026122177997604013
5,2366.5600000000004,0.025863861120305955
5,2370.94,0.02554680903442204
5,2375.31,0.02521827321033925
5,2379.69,0.02489285755902529
5,2384.06,0.0244996036356315
5,2388.44,0.024067149935290216
5,2392.81,0.02367809066083282
5,2397.19,0.02332810129970312
5,2401.56,0.02299793727695942
5,2405.94,0.022642924818210303
5,2410.31,0.022235754025168718
5,2414.6899999999996,0.02174659785814583
5,2419.06,0.02120097848586738
5,2423.4399999999996,0.02082792406436056
5,2427.81,0.020552855394780637
5,2432.19,0.020223860004916785
5,2436.56,0.019785524257458748
5,2440.94,0.019472744856029747
5,2445.31,0.01915679682046175
5,2449.69,0.01821721120039001
5,2454.06,0.01741567328106612
5,2458.44,0.017310381901916118
5,2462.81,0.017054397952742873
5,2467.19,0.016457395707257093
5,2471.5600000000004,0.015283241170691327
7,402.188,0.012803996256552637
7,406.56199999999995,0.012914127400144935
7,410.93800000000005,0.013125893813557922
7,415.313,0.013443951425142587
7,419.68699999999995,0.013857894958928228
7,424.06300000000005,0.014366523320786655
7,428.438,0.0149799863435328
7,432.813,0.015660320785827936
7,437.18800000000005,0.016318180048838258
7,441.563,0.016933137625455855
7,445.938,0.017504491419531407
7,450.31300000000005,0.018011954855173828
7,454.688,0.018447102326899768
7,459.063,0.018808264452964067
7,463.438,0.01909222627058625
7,467.813,0.019313815999776125
7,472.187,0.019498733622021973
7,476.562,0.019666408416815103
7,480.938,0.019843638953752817
7,485.313,0.020087162335403263
7,489.688,0.02045878652483225
7,494.063,0.021004238249734044
7,498.438,0.021817907248623668
7,502.812,0.023031923603266478
7,507.188,0.024725042255595325
7,511.563,0.0269932624604553
7,515.937,0.029988663177937268
7,520.313,0.033556839814409614
7,524.687,0.03720855450257659
7,529.062,0.04060843941755593
7,533.438,0.04350684082135558
7,537.813,0.04581046383827925
7,542.188,0.04761485267430544
7,546.563,0.049003344941884276
7,550.938,0.049927159640938044
7,555.312,0.05022433100268245
7,559.688,0.04976404663175345
7,564.063,0.0485835094191134
7,568.438,0.04683804044499993
7,572.813,0.044787165522575376
7,577.187,0.042823616098612544
7,581.562,0.0412249867990613
7,585.938,0.04002302290871739
7,590.313,0.03913199106231332
7,594.688,0.03848282221704721
7,599.063,0.0379425460472703
7,603.438,0.03729733748361468
7,607.812,0.0364141905028373
7,612.188,0.03534203695133328
7,616.563,0.03428320575505495
7,620.937,0.033459640173241496
7,625.312,0.032944228406995534
7,629.687,0.032603568229824305
7,634.063,0.03216994495131075
7,638.437,0.031427200501784686
7,642.813,0.030377096040174367
7,647.188,0.029206491177901625
7,651.563,0.028111494285985826
7,655.938,0.027099676886573432
7,660.313,0.02609648141078651
7,664.687,0.025189221166074277
7,669.063,0.02455722472630441
7,673.438,0.024345277440734208
7,677.813,0.02467249406501651
7,682.187,0.02584497776813805
7,686.562,0.028727249754592777
7,690.937,0.03467656790278852
7,695.312,0.04452555535361171
7,699.688,0.05831755129620433
7,704.063,0.07535660101100802
7,708.438,0.09385370090603828
7,712.813,0.11286996513605117
7,717.187,0.1341256567835808
7,721.563,0.1586056425049901
7,725.938,0.18306062936782838
7,730.313,0.20475096620619296
7,734.687,0.22214671783149242
7,739.063,0.2356052676588297
7,743.437,0.24602879710495473
7,747.812,0.25379555009305477
7,752.188,0.25927133664488794
7,756.563,0.26316910713911057
7,760.938,0.2667002898454666
7,765.313,0.26987591132521627
7,769.688,0.2716870964318514
7,774.063,0.2727849853783846
7,778.438,0.27367061503231527
7,782.813,0.2744085127860308
7,787.188,0.2750518997758627
7,791.563,0.2756441369652748
7,795.937,0.27619458951056003
7,800.312,0.27671287342906
7,804.688,0.2772004217654467
7,809.063,0.27767972618341447
7,813.438,0.27820065401494504
7,817.813,0.2787379601597786
7,822.188,0.2791637195646763
7,826.5630000000001,0.2794551891833544
7,830.937,0.27968587033450604
7,835.313,0.27992490082979204
7,839.688,0.28021596394479276
7,844.063,0.28056166768074037
7,848.437,0.2809493187814951
7,852.812,0.2813656819611788
7,857.187,0.2817734581977129
7,861.563,0.28214802622795104
7,865.938,0.28250777117908
7,870.313,0.28285406090319154
7,874.687,0.2831702418625355
7,879.063,0.2834588591009378
7,883.437,0.2837196360528469
7,887.813,0.2839559557288885
7,892.188,0.2841935057193041
7,896.562,0.2844524423778057
7,900.938,0.2846857051551342
7,905.312,0.28483403004705904
7,909.6880000000001,0.284913797006011
7,914.062,0.284890645891428
7,918.438,0.284715838804841
7,922.813,0.2844413358718157
7,927.188,0.2840977931022644
7,931.563,0.28348487108945847
7,935.937,0.28186745315790174
7,940.312,0.2794597408175468
7,944.688,0.27688914120197294
7,949.063,0.2734657461941242
7,953.438,0.26954136043787
7,957.812,0.2660141125321388
7,962.187,0.2636234275996685
7,966.562,0.26240015603601935
7,970.938,0.2619186821579933
7,975.313,0.26189854212105274
7,979.688,0.2623150416463613
7,984.063,0.2631760557740927
7,988.438,0.26449218615889547
7,992.812,0.2661658883839846
7,997.188,0.2679566761851311
7,1001.5600000000001,0.26977096535265443
7,1005.94,0.27167519472539425
7,1010.3100000000001,0.27367021135985853
7,1014.69,0.2756835962831974
7,1019.0600000000001,0.27767126813530923
7,1023.4399999999999,0.27960780389606954
7,1027.81,0.28145455569028854
7,1032.19,0.2831841823458672
7,1036.56,0.28479197673499584
7,1040.94,0.2862660423666239
7,1045.31,0.28759424746036527
7,1049.69,0.2887800332903862
7,1054.06,0.2898141848295927
7,1058.44,0.2906868509948254
7,1062.81,0.2914040692150593
7,1067.19,0.2919770497083664
7,1071.5600000000002,0.29240580037236213
7,1075.9399999999998,0.29268211260437965
7,1080.3100000000002,0.2928053048253059
7,1084.6899999999998,0.2927748440206051
7,1089.06,0.29260291159152985
7,1093.44,0.2923164089024067
7,1097.81,0.2919160145521164
7,1102.19,0.2913858552277088
7,1106.56,0.2907662571966648
7,1110.94,0.2901537412405014
7,1115.31,0.2895256991684437
7,1119.69,0.2884518048167229
7,1124.06,0.28538386821746825
7,1128.44,0.2794309885799885
7,1132.8100000000002,0.2727205291390419
7,1137.1899999999998,0.2664731451123953
7,1141.56,0.2603121241927147
7,1145.94,0.25151719234883785
7,1150.31,0.2420336151868105
7,1154.69,0.23643485456705093
7,1159.06,0.23365700498223305
7,1163.44,0.23215525835752487
7,1167.81,0.23125312261283398
7,1172.19,0.23066249385476112
7,1176.56,0.2302275401353836
7,1180.94,0.2298352038860321
7,1185.3100000000002,0.22945094913244246
7,1189.6899999999998,0.22916216805577277
7,1194.06,0.22908864080905914
7,1198.44,0.22931885287165643
7,1202.81,0.22987680688500403
7,1207.19,0.2307023062556982
7,1211.56,0.23176640413701535
7,1215.94,0.23304084189236163
7,1220.31,0.23443821132183074
7,1224.69,0.23589746363461017
7,1229.06,0.2373513165861368
7,1233.44,0.23872830905020237
7,1237.8100000000002,0.24000438675284386
7,1242.1899999999998,0.24119106538593768
7,1246.56,0.24229473508894445
7,1250.94,0.24328500971198083
7,1255.31,0.24412163965404032
7,1259.69,0.24479084804654122
7,1264.06,0.2452619282156229
7,1268.44,0.24542669996619224
7,1272.81,0.24520983323454856
7,1277.19,0.24465323366224767
7,1281.56,0.24378052063286304
7,1285.94,0.24259232640266418
7,1290.3100000000002,0.24106271117925643
7,1294.6899999999998,0.23909527510404588
7,1299.0600000000002,0.2366241478174925
7,1303.4399999999998,0.23363921098411083
7,1307.81,0.23009773172438144
7,1312.19,0.22589872784912587
7,1316.56,0.2210710546374321
7,1320.94,0.2160058583319187
7,1325.31,0.21100767835974693
7,1329.69,0.2054833495616913
7,1334.06,0.19882991001009942
7,1338.44,0.19304394774138928
7,1342.81,0.1892418433725834
7,1347.19,0.1866992461681366
7,1500.31,0.06904528075829149
7,1504.69,0.07097026010975242
7,1509.0600000000002,0.0729917561262846
7,1513.4399999999998,0.07503408402204513
7,1517.8100000000002,0.07718183374032378
7,1522.1899999999998,0.07933061484247446
7,1526.56,0.08146453395485878
7,1530.94,0.08363597260788083
7,1535.31,0.08579919897019864
7,1539.69,0.08795673919841647
7,1544.06,0.09012827266007661
7,1548.44,0.09227122329175472
7,1552.81,0.09436138026416302
7,1557.19,0.0964139549061656
7,1561.56,0.09839392535388469
7,1565.94,0.10031733643263578
7,1570.3100000000002,0.10227605115622282
7,1574.6899999999998,0.10425406005233526
7,1579.06,0.10615274589508772
7,1583.44,0.10797744147479534
7,1587.81,0.10977787643671036
7,1592.19,0.1115535418316722
7,1596.56,0.11327382348477841
7,1600.94,0.11497157901525497
7,1605.31,0.11664011470973491
7,1609.69,0.11823888044804334
7,1614.06,0.11974237579852343
7,1618.44,0.12112846978008747
7,1622.8100000000002,0.12243011996150016
7,1627.1899999999998,0.12364871993660927
7,1631.56,0.1247528225928545
7,1635.94,0.12573473066091537
7,1640.31,0.1266031754016876
7,1644.69,0.1273287631198764
7,1649.06,0.12785667952150107
7,1653.44,0.1281785438209772
7,1657.81,0.1283378304541111
7,1662.19,0.12840564258396625
7,1666.56,0.12843358632177115
7,1670.94,0.12840361639857292
7,1675.3100000000002,0.1282389696314931
7,1679.6899999999998,0.12788071028888226
7,1684.06,0.1273335948213935
7,1688.44,0.12662765890359878
7,1692.81,0.1257719672843814
7,1697.19,0.12477328058332204
7,1701.56,0.1236604718491435
7,1705.94,0.12246442764997482
7,1710.31,0.12121574521064758
7,1714.69,0.12000649999827147
7,1719.06,0.1188919273018837
7,1723.44,0.11783527083694935
7,1727.8100000000002,0.11685546860098839
7,1732.1899999999998,0.11594261024147272
7,1736.5600000000002,0.11494898281991482
7,1740.9399999999998,0.11379259753972291
7,1745.31,0.11246520645916462
7,1749.69,0.11102152064442634
7,1754.06,0.10958027038723231
7,1758.44,0.10820455372333526
7,1762.81,0.1069670371711254
7,1767.19,0.10586861960589886
7,1771.56,0.10497967910021544
7,1775.94,0.10427933417260647
7,1780.31,0.10367725089192391
7,1784.69,0.10320214882493019
7,1789.0600000000002,0.10288979690521956
7,1999.06,0.03762132712639868
7,2003.4399999999998,0.038449006024748086
7,2007.8100000000002,0.03955351539887488
7,2012.1899999999998,0.04053460964001715
7,2016.5600000000002,0.041683737710118296
7,2020.94,0.04261426751501858
7,2025.3100000000002,0.04326025065965951
7,2029.69,0.04385685035027564
7,2034.0600000000002,0.04442521795630455
7,2038.44,0.04495652572251856
7,2042.8099999999997,0.04547870684415102
7,2047.19,0.04599027382209897
7,2051.56,0.04655968180857599
7,2055.94,0.04723336216062307
7,2060.31,0.047878894386813045
7,2064.69,0.04849467878229916
7,2069.06,0.04913661920465529
7,2073.44,0.049759257733821866
7,2077.81,0.05034855840727687
7,2082.19,0.05094117722474038
7,2086.56,0.05156154962256551
7,2090.9399999999996,0.052180938385427
7,2095.31,0.0527826208807528
7,2099.69,0.053397223353385925
7,2104.06,0.05401668951846659
7,2108.44,0.054608217999339105
7,2112.81,0.05518803786486387
7,2117.19,0.055773350922390816
7,2121.56,0.05636251558549702
7,2125.94,0.056923371870070696
7,2130.31,0.057430953960865734
7,2134.69,0.057905020844191316
7,2139.0600000000004,0.058373035416007045
7,2143.44,0.05882855689153075
7,2147.8100000000004,0.05928223528899253
7,2152.19,0.059758073687553405
7,2156.56,0.06021779056638479
7,2160.94,0.060636734161525964
7,2165.31,0.061042226646095515
7,2169.69,0.061430276297032835
7,2174.06,0.06179785037413239
7,2178.44,0.06215644901618361
7,2182.81,0.06251815550029277
7,2187.19,0.0628700128570199
7,2191.56,0.06316160472109913
7,2195.9399999999996,0.06340804984793066
7,2200.31,0.06365485608577728
7,2204.6899999999996,0.06390178453177214
7,2209.06,0.06411197705194355
7,2213.44,0.06425095794722438
7,2217.81,0.06431643826887011
7,2222.19,0.06429590048268437
7,2226.56,0.06411997010931372
7,2230.94,0.06371286317706108
7,2235.31,0.06307331319898367
7,2239.69,0.06227051569148898
7,2244.06,0.06136718630790711
7,2248.44,0.06039920721203089
7,2252.8100000000004,0.05940249919891358
7,2257.19,0.05839013811200857
7,2261.56,0.05738148087635636
7,2265.94,0.056415922688320276
7,2270.31,0.05551834609359503
7,2274.69,0.054679455598816276
7,2279.06,0.053872432000935076
7,2283.44,0.0530753767862916
7,2287.81,0.05227289477363229
7,2292.19,0.051425017043948175
7,2296.56,0.050528575843200085
7,2300.94,0.049679434914141896
7,2305.31,0.04896214969456196
7,2309.6899999999996,0.0484030816052109
7,2314.06,0.047960593607276676
7,2318.44,0.04753398301079869
7,2322.81,0.04706458556465805
7,2327.19,0.04656768134795129
7,2331.56,0.04605089562013745
7,2335.94,0.04552762390114367
7,2340.31,0.045027739712968466
7,2344.69,0.044608793901279566
7,2349.06,0.04429774704389274
7,2353.44,0.04405283303931355
7,2357.8100000000004,0.04386339586228132
7,2362.19,0.04369417792186141
7,2366.5600000000004,0.04349128994159401
7,2370.94,0.04322186792269349
7,2375.31,0.04292750786058605
7,2379.69,0.042600523438304665
7,2384.06,0.0421431930270046
7,2388.44,0.04159652476198971
7,2392.81,0.04108974749222398
7,2397.19,0.04063497844152152
7,2401.56,0.0402015321329236
7,2405.94,0.039729053471237424
7,2410.31,0.03921465093269944
7,2414.6899999999996,0.03860384413041174
7,2419.06,0.037827439410611986
7,2423.4399999999996,0.037247741417959335
7,2427.81,0.03684059296734631
7,2432.19,0.036364222131669524
7,2436.56,0.03571551874279976
7,2440.94,0.0352642138581723
7,2445.31,0.03492983660195023
7,2449.69,0.03395688246935606
7,2454.06,0.032871941160410645
7,2458.44,0.03256470708642155
7,2462.81,0.03226684270426631
7,2467.19,0.031730247559025884
7,2471.5600000000004,0.030727237982209773
10,402.188,0.013807634303811938
10,406.56199999999995,0.0138885920192115
10,410.93800000000005,0.014077738088089972
10,415.313,0.014392345210071654
10,419.68699999999995,0.014811629683244974
10,424.06300000000005,0.015319132378790528
10,428.438,0.015920846750959755
10,432.813,0.016584637723863125
10,437.18800000000005,0.01723631064873189
10,441.563,0.017869597454555332
10,445.938,0.01849267083685845
10,450.31300000000005,0.01907809300813824
10,454.688,0.019597363518550993
10,459.063,0.020030566202476622
10,463.438,0.020365775832906365
10,467.813,0.020623785560019314
10,472.187,0.02084144406951964
10,476.562,0.021042524208314716
10,480.938,0.0212615149281919
10,485.313,0.021583506097085772
10,489.688,0.02211262912955135
10,494.063,0.02293787195812911
10,498.438,0.024219759250991048
10,502.812,0.026168930036947133
10,507.188,0.028897263715043663
10,511.563,0.032524121450260284
10,515.937,0.03724411651492119
10,520.313,0.04278053242713213
10,524.687,0.04837134178727865
10,529.062,0.053523948099464175
10,533.438,0.05788060091435909
10,537.813,0.06130570935085416
10,542.188,0.06393839800730347
10,546.563,0.06590895382687449
10,550.938,0.06717168286442757
10,555.312,0.06752037666738034
10,559.688,0.06678147898986936
10,564.063,0.06501015653833747
10,568.438,0.062420310117304326
10,572.813,0.05937154449522495
10,577.187,0.05642575636506081
10,581.562,0.05399303739890456
10,585.938,0.05212648345157504
10,590.313,0.05070587417110801
10,594.688,0.04964463924989104
10,599.063,0.04875077383592725
10,603.438,0.047689667418599126
10,607.812,0.046244962196797135
10,612.188,0.044485774422064424
10,616.563,0.042729152049869296
10,620.937,0.04133282285183668
10,625.312,0.040425251545384525
10,629.687,0.039814164750278
10,634.063,0.039088613903149966
10,638.437,0.03788548866286874
10,642.813,0.03615433295257389
10,647.188,0.034146448569372295
10,651.563,0.032172397542744875
10,655.938,0.030262564159929752
10,660.313,0.028306201621890067
10,664.687,0.026465070703998207
10,669.063,0.025072047393769024
10,673.438,0.02440708249807358
10,677.813,0.024691412867978216
10,682.187,0.026429717158898712
10,686.562,0.030929676461964845
10,690.937,0.04000733663327992
10,695.312,0.0543334093131125
10,699.688,0.07334639288485051
10,704.063,0.09571761716157198
10,708.438,0.11899717010557652
10,712.813,0.1420206054672599
10,717.187,0.16683038473129272
10,721.563,0.19451799049973487
10,725.938,0.2213955283910036
10,730.313,0.24462740018963813
10,734.687,0.26289037555456163
10,739.063,0.2768118456751108
10,743.437,0.28748510658741
10,747.812,0.29538271129131316
10,752.188,0.3009238441288471
10,756.563,0.3048473218083382
10,760.938,0.3083597178757191
10,765.313,0.3114679067581892
10,769.688,0.31321815013885496
10,774.063,0.3142774261534214
10,778.438,0.3151338129490614
10,782.813,0.31584804572165015
10,787.188,0.3164707133919001
10,791.563,0.31703988574445247
10,795.937,0.3175659205764532
10,800.312,0.3180627340823412
10,804.688,0.3185306391119957
10,809.063,0.31899183481931687
10,813.438,0.3194908668845892
10,817.813,0.3199898348003626
10,822.188,0.32036258332431317
10,826.5630000000001,0.32059780284762385
10,830.937,0.3207693167775869
10,835.313,0.3209491594135761
10,839.688,0.32118860505521296
10,844.063,0.321489884480834
10,848.437,0.3218370196223259
10,852.812,0.32221422336995603
10,857.187,0.3225836879760027
10,861.563,0.32292137630283835
10,865.938,0.3232406058907509
10,870.313,0.32353942297399046
10,874.687,0.3238056609034538
10,879.063,0.32404469907283784
10,883.437,0.32425763852894307
10,887.813,0.3244532014429569
10,892.188,0.32466045327484605
10,896.562,0.32489204429090024
10,900.938,0.3250879500806332
10,905.312,0.3251914919912815
10,909.6880000000001,0.3252208965271711
10,914.062,0.32513197168707847
10,918.438,0.3248869763314724
10,922.813,0.3245635169744492
10,927.188,0.32419837489724157
10,931.563,0.32357572950422764
10,935.937,0.321901334002614
10,940.312,0.31935877695679665
10,944.688,0.31660592153668404
10,949.063,0.3129070642590523
10,953.438,0.30865591160953043
10,957.812,0.3048263963311911
10,962.187,0.3022034602612257
10,966.562,0.30083339937031267
10,970.938,0.30027519434690475
10,975.313,0.3002151684463024
10,979.688,0.30060226149857044
10,984.063,0.3013886157423258
10,988.438,0.30250755190849304
10,992.812,0.3039184807986021
10,997.188,0.30554957322776316
10,1001.5600000000001,0.3073456059396267
10,1005.94,0.30930201202630997
10,1010.3100000000001,0.31137280374765397
10,1014.69,0.31347047664225103
10,1019.0600000000001,0.3155457639694214
10,1023.4399999999999,0.31756809905171396
10,1027.81,0.31949392512440683
10,1032.19,0.3212909045815468
10,1036.56,0.32294242329895495
10,1040.94,0.3244293418526649
10,1045.31,0.32575134381651877
10,1049.69,0.32692542001605035
10,1054.06,0.32794493369758126
10,1058.44,0.32879935190081594
10,1062.81,0.3294922424852848
10,1067.19,0.33003096267580984
10,1071.5600000000002,0.3304158586263657
10,1075.9399999999998,0.3306425081938505
10,1080.3100000000002,0.3307126660645008
10,1084.6899999999998,0.3306269960850477
10,1089.06,0.3303976102918387
10,1093.44,0.33005338788032534
10,1097.81,0.32960246622562406
10,1102.19,0.3290360412746668
10,1106.56,0.3283927109837532
10,1110.94,0.3277576524019241
10,1115.31,0.32708460874855516
10,1119.69,0.32587577499449255
10,1124.06,0.3223984207212925
10,1128.44,0.31575800888240335
10,1132.8100000000002,0.3083905978500843
10,1137.1899999999998,0.30158312298357487
10,1141.56,0.29489156760275365
10,1145.94,0.2853476498275995
10,1150.31,0.27505859777331354
10,1154.69,0.2689837484061718
10,1159.06,0.2659542593359947
10,1163.44,0.2642815425246954
10,1167.81,0.2632250777631998
10,1172.19,0.2624723473191261
10,1176.56,0.2618583889305592
10,1180.94,0.26127042308449744
10,1185.3100000000002,0.2606897410005331
10,1189.6899999999998,0.26023808591067793
10,1194.06,0.2600562360137701
10,1198.44,0.2602274125814438
10,1202.81,0.2607715660333633
10,1207.19,0.26163138084113596
10,1211.56,0.26277765713632106
10,1215.94,0.26417147599160673
10,1220.31,0.2657024545222521
10,1224.69,0.26729098066687584
10,1229.06,0.2688607098162174
10,1233.44,0.27033977180719376
10,1237.8100000000002,0.2717062840610743
10,1242.1899999999998,0.2729707395285368
10,1246.56,0.27413820557296276
10,1250.94,0.2751764602214098
10,1255.31,0.2760404748469591
10,1259.69,0.27671194180846215
10,1264.06,0.2771579580008984
10,1268.44,0.27726873755455017
10,1272.81,0.27697007209062574
10,1277.19,0.27630323231220244
10,1281.56,0.2752840688079596
10,1285.94,0.27390957832336427
10,1290.3100000000002,0.2721540176868439
10,1294.6899999999998,0.2699160896986723
10,1299.0600000000002,0.26712466657161715
10,1303.4399999999998,0.26376928299665453
10,1307.81,0.2598013080656528
10,1312.19,0.2551009399443865
10,1316.56,0.2496930231899023
10,1320.94,0.24400901511311532
10,1325.31,0.23838411442935467
10,1329.69,0.23214773148298262
10,1334.06,0.22463093414902688
10,1338.44,0.21810898669064044
10,1342.81,0.2138433114439249
10,1347.19,0.21100732736289501
10,1500.31,0.0678699217736721
10,1504.69,0.0703374538384378
10,1509.0600000000002,0.07292481672018766
10,1513.4399999999998,0.07553454292938114
10,1517.8100000000002,0.07827578077092767
10,1522.1899999999998,0.08101576592773199
10,1526.56,0.08373329063877463
10,1530.94,0.08649602925404906
10,1535.31,0.08924663128331303
10,1539.69,0.09198702938854694
10,1544.06,0.09474091522395611
10,1548.44,0.09745477490127087
10,1552.81,0.1000988021120429
10,1557.19,0.10269181344658136
10,1561.56,0.10518643602728844
10,1565.94,0.10759924471378327
10,1570.3100000000002,0.11004623852670192
10,1574.6899999999998,0.11251407932490111
10,1579.06,0.11488268341869116
10,1583.44,0.11715322725474835
10,1587.81,0.1193819683790207
10,1592.19,0.12156633272767067
10,1596.56,0.1236679071933031
10,1600.94,0.12572738382965326
10,1605.31,0.12774208828806877
10,1609.69,0.12967150509357453
10,1614.06,0.13148886296898127
10,1618.44,0.13316326234489678
10,1622.8100000000002,0.1347304354608059
10,1627.1899999999998,0.13619629424065352
10,1631.56,0.1375279660150409
10,1635.94,0.13871572818607092
10,1640.31,0.13977101802825928
10,1644.69,0.14066696662455797
10,1649.06,0.14134989798069
10,1653.44,0.141814426779747
10,1657.81,0.14209946364164353
10,1662.19,0.14226544067263602
10,1666.56,0.14235163427889347
10,1670.94,0.14232281614094972
10,1675.3100000000002,0.14208392586559057
10,1679.6899999999998,0.1415659720823169
10,1684.06,0.1407808343693614
10,1688.44,0.1397728879749775
10,1692.81,0.1385600109398365
10,1697.19,0.13716604977846145
10,1701.56,0.1356528799980879
10,1705.94,0.13408543769270181
10,1710.31,0.13251603484153748
10,1714.69,0.13105348743498324
10,1719.06,0.12974495183676482
10,1723.44,0.12852463729679584
10,1727.8100000000002,0.12739279996603728
10,1732.1899999999998,0.12631683379411698
10,1736.5600000000002,0.12510522976517677
10,1740.9399999999998,0.1236531237885356
10,1745.31,0.12196035351604223
10,1749.69,0.12011553935706615
10,1754.06,0.11828434247523546
10,1758.44,0.11654919669032097
10,1762.81,0.11499618973582983
10,1767.19,0.11362152207642794
10,1771.56,0.11250884458422661
10,1775.94,0.11163228582590819
10,1780.31,0.11088594861328602
10,1784.69,0.11030943010002375
10,1789.0600000000002,0.10994279216974974
10,1999.06,0.027753443219698967
10,2003.4399999999998,0.02878950866404921
10,2007.8100000000002,0.03002357104793191
10,2012.1899999999998,0.03096724269911647
10,2016.5600000000002,0.0320582889392972
10,2020.94,0.033011054433882234
10,2025.3100000000002,0.0337211478035897
10,2029.69,0.034407656891271475
10,2034.0600000000002,0.03509362035430968
10,2038.44,0.03576987142674625
10,2042.8099999999997,0.03646153368987143
10,2047.19,0.037143717827275394
10,2051.56,0.03788812138140202
10,2055.94,0.03875494981184602
10,2060.31,0.03958263169042766
10,2064.69,0.04038162217475474
10,2069.06,0.041237988946959375
10,2073.44,0.042087427014485
10,2077.81,0.042885825214907525
10,2082.19,0.04366625388152898
10,2086.56,0.04447047935798764
10,2090.9399999999996,0.04528730057179928
10,2095.31,0.04610695249401033
10,2099.69,0.04695317791774869
10,2104.06,0.047798329163342715
10,2108.44,0.04859992897138
10,2112.81,0.04938625458627939
10,2117.19,0.050177502306178214
10,2121.56,0.05096834853291512
10,2125.94,0.05173812475055456
10,2130.31,0.052469155211001636
10,2134.69,0.05316438528709114
10,2139.0600000000004,0.05384441192261875
10,2143.44,0.05450834938324988
10,2147.8100000000004,0.05517342119477689
10,2152.19,0.0558683398924768
10,2156.56,0.05654042840003967
10,2160.94,0.05715540736913681
10,2165.31,0.05775169387459755
10,2169.69,0.0583204198628664
10,2174.06,0.05885806262493134
10,2178.44,0.059383849781006574
10,2182.81,0.05991346780210734
10,2187.19,0.060439797639846804
10,2191.56,0.0608991664275527
10,2195.9399999999996,0.06129649056121707
10,2200.31,0.061660589594393966
10,2204.6899999999996,0.061966149043291806
10,2209.06,0.06218742839992046
10,2213.44,0.06230804275721311
10,2217.81,0.06231365527957678
10,2222.19,0.06218275435268879
10,2226.56,0.061882041469216345
10,2230.94,0.06138720734044909
10,2235.31,0.060694809388369325
10,2239.69,0.05982746429741383
10,2244.06,0.05881899757310748
10,2248.44,0.05770737990736961
10,2252.8100000000004,0.05653805380687118
10,2257.19,0.05533142624422908
10,2261.56,0.05411972439847887
10,2265.94,0.05294669139198959
10,2270.31,0.05183765397407115
10,2274.69,0.05079391187056899
10,2279.06,0.04978701469488442
10,2283.44,0.04877528362907469
10,2287.81,0.04773833881132305
10,2292.19,0.04665365278720856
10,2296.56,0.04554383135400712
10,2300.94,0.04453142217360437
10,2305.31,0.04369952239096165
10,2309.6899999999996,0.043064005067572
10,2314.06,0.042572026019915936
10,2318.44,0.04209088680334389
10,2322.81,0.04153099577873945
10,2327.19,0.04092277653515339
10,2331.56,0.04029022007249296
10,2335.94,0.03962025558575988
10,2340.31,0.03890231441706419
10,2344.69,0.0382081981562078
10,2349.06,0.03758787300437689
10,2353.44,0.03698337934911251
10,2357.8100000000004,0.036453122152015564
10,2362.19,0.03600402224808932
10,2366.5600000000004,0.03554270051419735
10,2370.94,0.03499852890148759
10,2375.31,0.03445220595225692
10,2379.69,0.033930324111133815
10,2384.06,0.03332626935094595
10,2388.44,0.03268325564451516
10,2392.81,0.0321136558894068
10,2397.19,0.03160057196393609
10,2401.56,0.031117651676759124
10,2405.94,0.030607006326317788
10,2410.31,0.030038201669231056
10,2414.6899999999996,0.02936634987592697
10,2419.06,0.028557095979340374
10,2423.4399999999996,0.027957778978161513
10,2427.81,0.02753161119762808
10,2432.19,0.027048184727318583
10,2436.56,0.026404842003248632
10,2440.94,0.02594604726880789
10,2445.31,0.02555917804595083
10,2449.69,0.024504146659746765
10,2454.06,0.0235243200045079
10,2458.44,0.0233316169353202
10,2462.81,0.0230339646525681
10,2467.19,0.02238189405295998
10,2471.5600000000004,0.021176785596180706
12,402.188,0.012516252915374934
12,406.56199999999995,0.012614170080050826
12,410.93800000000005,0.012806238811463118
12,415.313,0.013094828322064132
12,419.68699999999995,0.013454604102298618
12,424.06300000000005,0.013868277803994715
12,428.438,0.014336833688430488
12,432.813,0.014835176807828247
12,437.18800000000005,0.015313902157358825
12,441.563,0.015777472322806716
12,445.938,0.016238541402854027
12,450.31300000000005,0.016679794038645925
12,454.688,0.017079480313695966
12,459.063,0.01742071574088186
12,463.438,0.017692490187473594
12,467.813,0.01790905458852649
12,472.187,0.018097801082767546
12,476.562,0.018276493516750633
12,480.938,0.018471308066509665
12,485.313,0.018748010066337882
12,489.688,0.01918536491692066
12,494.063,0.019848559922538696
12,498.438,0.020861632390879094
12,502.812,0.02238914462737739
12,507.188,0.024517333544790746
12,511.563,0.027339435773901643
12,515.937,0.031010299818590284
12,520.313,0.03531950708478689
12,524.687,0.03967706941068173
12,529.062,0.04369883480481804
12,533.438,0.047103395704180005
12,537.813,0.04978384526446462
12,542.188,0.05184910882264376
12,546.563,0.053400017488747835
12,550.938,0.05439945103600621
12,555.312,0.05468940626829863
12,559.688,0.054143396019935605
12,564.063,0.05280929358676076
12,568.438,0.050847765393555164
12,572.813,0.048531293934211135
12,577.187,0.04629632420837879
12,581.562,0.044464405747130516
12,585.938,0.04307800030335784
12,590.313,0.04204207455739379
12,594.688,0.041284269541502
12,599.063,0.04065192877314985
12,603.438,0.03988668075762689
12,607.812,0.03882472266443074
12,612.188,0.037524080760777
12,616.563,0.03623089821077883
12,620.937,0.0352180662471801
12,625.312,0.03458219517953694
12,629.687,0.03417548497207463
12,634.063,0.03368324724491686
12,638.437,0.032829006565734745
12,642.813,0.03157540917862207
12,647.188,0.030111873289570212
12,651.563,0.02866881395690143
12,655.938,0.027268527946434914
12,660.313,0.02583636328112334
12,664.687,0.024504318791441618
12,669.063,0.023523260466754438
12,673.438,0.02309816434979439
12,677.813,0.023394779437221586
12,682.187,0.02480000268202275
12,686.562,0.028316511134617032
12,690.937,0.03533062775619328
12,695.312,0.04635014805942774
12,699.688,0.0609665709361434
12,704.063,0.07821889298036694
12,708.438,0.0962883885204792
12,712.813,0.11432701431214809
12,717.187,0.13400315791368483
12,721.563,0.1562669901549816
12,725.938,0.17821766026318073
12,730.313,0.19750228077173232
12,734.687,0.2128865137696266
12,739.063,0.2247641658782959
12,743.437,0.23395651817321778
12,747.812,0.2407804214209318
12,752.188,0.24554295487701894
12,756.563,0.24887611277401447
12,760.938,0.25186320073902607
12,765.313,0.2546069577336311
12,769.688,0.2562422417849302
12,774.063,0.2572648542374372
12,778.438,0.25810188420116903
12,782.813,0.2588117850571871
12,787.188,0.2594403211772442
12,791.563,0.26003329306840894
12,795.937,0.26059874169528485
12,800.312,0.26113679774105547
12,804.688,0.2616416633874178
12,809.063,0.26211766578257084
12,813.438,0.26261179566383364
12,817.813,0.26313513197004795
12,822.188,0.26358407862484456
12,826.5630000000001,0.2639160108566284
12,830.937,0.264195454120636
12,835.313,0.26449494168162346
12,839.688,0.2648504522442818
12,844.063,0.26525499746203424
12,848.437,0.26569101683795454
12,852.812,0.26615085534751415
12,857.187,0.26660646505653857
12,861.563,0.2670313685387373
12,865.938,0.26743708200752736
12,870.313,0.267821007296443
12,874.687,0.26816925570368766
12,879.063,0.26848969116806987
12,883.437,0.26878295473754404
12,887.813,0.2690433073043823
12,892.188,0.2692839645594358
12,896.562,0.2695374944806099
12,900.938,0.2697906000167131
12,905.312,0.26997637800872326
12,909.6880000000001,0.2700885236263275
12,914.062,0.27010427221655847
12,918.438,0.26997633278369904
12,922.813,0.2697342313081026
12,927.188,0.2693991233408451
12,931.563,0.26877474650740624
12,935.937,0.2671356826275587
12,940.312,0.26472823329269884
12,944.688,0.26216629579663275
12,949.063,0.25873569630086424
12,953.438,0.25482121407985686
12,957.812,0.2513629611581564
12,962.187,0.24909188866615295
12,966.562,0.24799493387341498
12,970.938,0.24761543236672878
12,975.313,0.24768376134335995
12,979.688,0.2481952355057001
12,984.063,0.2491544023901224
12,988.438,0.2505669415742159
12,992.812,0.25233152255415914
12,997.188,0.254190089777112
12,1001.5600000000001,0.25604854300618174
12,1005.94,0.2579975065588951
12,1010.3100000000001,0.2600532270222902
12,1014.69,0.2621465840935707
12,1019.0600000000001,0.2642327431589365
12,1023.4399999999999,0.2662738839536905
12,1027.81,0.2682077819854021
12,1032.19,0.2699980033934116
12,1036.56,0.271651701182127
12,1040.94,0.27317078799009326
12,1045.31,0.27454983778297903
12,1049.69,0.27578834250569345
12,1054.06,0.27686735227704046
12,1058.44,0.27777319177985194
12,1062.81,0.2785152744501829
12,1067.19,0.2791102364659309
12,1071.5600000000002,0.27956292606890204
12,1075.9399999999998,0.27986431650817395
12,1080.3100000000002,0.2800084863603115
12,1084.6899999999998,0.2799933902174234
12,1089.06,0.2798307391256094
12,1093.44,0.2795412739366293
12,1097.81,0.2791275417804718
12,1102.19,0.27859123192727564
12,1106.56,0.27798471666872504
12,1110.94,0.2773952925205231
12,1115.31,0.2767897042632103
12,1119.69,0.2757397589832544
12,1124.06,0.27268508918583395
12,1128.44,0.26670655854046343
12,1132.8100000000002,0.25997173458337786
12,1137.1899999999998,0.2537412991374731
12,1141.56,0.2476872980594635
12,1145.94,0.23918936178088188
12,1150.31,0.23014318265020847
12,1154.69,0.22488413862884044
12,1159.06,0.22232017040252686
12,1163.44,0.22095971003174783
12,1167.81,0.2201653105765581
12,1172.19,0.2196652364730835
12,1176.56,0.21930684886872767
12,1180.94,0.21898115254938602
12,1185.3100000000002,0.2186584097146988
12,1189.6899999999998,0.21842223450541495
12,1194.06,0.21838524706661702
12,1198.44,0.21863387852907182
12,1202.81,0.21919399231672287
12,1207.19,0.2200040827691555
12,1211.56,0.22103411287069322
12,1215.94,0.22226188592612744
12,1220.31,0.223605642542243
12,1224.69,0.22501135483384133
12,1229.06,0.22642186641693116
12,1233.44,0.2277686142921448
12,1237.8100000000002,0.2290249578654766
12,1242.1899999999998,0.23019929155707358
12,1246.56,0.2312956751137972
12,1250.94,0.23228255219757557
12,1255.31,0.23311787307262422
12,1259.69,0.2337847887724638
12,1264.06,0.2342568937689066
12,1268.44,0.23444213755428792
12,1272.81,0.23426838107407094
12,1277.19,0.2337608242034912
12,1281.56,0.23293474316596985
12,1285.94,0.23179192647337912
12,1290.3100000000002,0.2303122477978468
12,1294.6899999999998,0.22840989775955678
12,1299.0600000000002,0.22602735325694084
12,1303.4399999999998,0.22315998420119285
12,1307.81,0.2197718694806099
12,1312.19,0.21577556148171426
12,1316.56,0.21121025554835796
12,1320.94,0.20644812904298304
12,1325.31,0.20177025713026522
12,1329.69,0.1966225305944681
12,1334.06,0.1904515139758587
12,1338.44,0.1851116593927145
12,1342.81,0.18162007883191109
12,1347.19,0.1792928819358349
12,1500.31,0.06863464052788913
12,1504.69,0.07058558414690197
12,1509.0600000000002,0.07263339158147573
12,1513.4399999999998,0.07469953346066177
12,1517.8100000000002,0.07686984614469111
12,1522.1899999999998,0.07903884794563056
12,1526.56,0.08119036689400673
12,1530.94,0.08337883446365595
12,1535.31,0.08555888278409839
12,1539.69,0.08773244343698025
12,1544.06,0.08991915447637439
12,1548.44,0.09207641081884503
12,1552.81,0.09417984848842025
12,1557.19,0.09624443622305989
12,1561.56,0.09823449356481433
12,1565.94,0.1001655550301075
12,1570.3100000000002,0.102130191847682
12,1574.6899999999998,0.10411413826048374
12,1579.06,0.1060178972221911
12,1583.44,0.10784351425245405
12,1587.81,0.10963829217478632
12,1592.19,0.11140078496187926
12,1596.56,0.11310016201809049
12,1600.94,0.11477008432149888
12,1605.31,0.11640820343047381
12,1609.69,0.11797921825200319
12,1614.06,0.1194595805928111
12,1618.44,0.12082573089748622
12,1622.8100000000002,0.12210979800671339
12,1627.1899999999998,0.12331582710146904
12,1631.56,0.12441562019288539
12,1635.94,0.12540441688150167
12,1640.31,0.1262945881485939
12,1644.69,0.12706396210938692
12,1649.06,0.1276663053408265
12,1653.44,0.12809059582650661
12,1657.81,0.12836004745215177
12,1662.19,0.1285222877934575
12,1666.56,0.12861661039292813
12,1670.94,0.12862486835569142
12,1675.3100000000002,0.12847967680543662
12,1679.6899999999998,0.12813353575766087
12,1684.06,0.1275982652977109
12,1688.44,0.12690510448068382
12,1692.81,0.12606074813753365
12,1697.19,0.12507059752941133
12,1701.56,0.1239685631543398
12,1705.94,0.122797057852149
12,1710.31,0.12159473914653063
12,1714.69,0.12044718723744154
12,1719.06,0.11939544897526502
12,1723.44,0.1183935010805726
12,1727.8100000000002,0.11745365107432008
12,1732.1899999999998,0.11656385209411382
12,1736.5600000000002,0.11557892594486475
12,1740.9399999999998,0.11441885909065604
12,1745.31,0.11308039288967847
12,1749.69,0.1116233579441905
12,1754.06,0.11017061019316315
12,1758.44,0.10878731658682227
12,1762.81,0.10754748521372676
12,1767.19,0.10645253870636225
12,1771.56,0.10556889457628131
12,1775.94,0.1048744971305132
12,1780.31,0.10428445896133781
12,1784.69,0.103827656917274
12,1789.0600000000002,0.10353379640728236
12,1999.06,0.0365016807965003
12,2003.4399999999998,0.03735749769723043
12,2007.8100000000002,0.038495711127761754
12,2012.1899999999998,0.03951432002009824
12,2016.5600000000002,0.0407335320697166
12,2020.94,0.04173453236231581
12,2025.3100000000002,0.04242367706028745
12,2029.69,0.043054856499657033
12,2034.0600000000002,0.04366121536120773
12,2038.44,0.04423787313513458
12,2042.8099999999997,0.04481304813642055
12,2047.19,0.04537827266845852
12,2051.56,0.04600389933213592
12,2055.94,0.04674800186417997
12,2060.31,0.047472812291234734
12,2064.69,0.048175226845778525
12,2069.06,0.0489162307465449
12,2073.44,0.04963577190414071
12,2077.81,0.050309512848034504
12,2082.19,0.05098174023907632
12,2086.56,0.05168539298698306
12,2090.9399999999996,0.05239039044361562
12,2095.31,0.05307820628397167
12,2099.69,0.053783860579133036
12,2104.06,0.05449759471230209
12,2108.44,0.05518093967810273
12,2112.81,0.055853526340797544
12,2117.19,0.0565349678741768
12,2121.56,0.05722126491367817
12,2125.94,0.05787523274309933
12,2130.31,0.05846697181463242
12,2134.69,0.05901395481545478
12,2139.0600000000004,0.059543761070817706
12,2143.44,0.06004903479013592
12,2147.8100000000004,0.06054272152017802
12,2152.19,0.06105331395287067
12,2156.56,0.06154204568825662
12,2160.94,0.06198265388607979
12,2165.31,0.06240402551367879
12,2169.69,0.06280379910953343
12,2174.06,0.06318075844086707
12,2178.44,0.06354748560115694
12,2182.81,0.06391585823148489
12,2187.19,0.06427194061689079
12,2191.56,0.06456294864416122
12,2195.9399999999996,0.06480173051357269
12,2200.31,0.06503368337638676
12,2204.6899999999996,0.06526214904151857
12,2209.06,0.065452342890203
12,2213.44,0.06556784868240356
12,2217.81,0.06560785839334131
12,2222.19,0.06556458008475602
12,2226.56,0.06537186736240982
12,2230.94,0.06495935032144189
12,2235.31,0.06432878659106792
12,2239.69,0.06354422503151
12,2244.06,0.06265923040919005
12,2248.44,0.0617005034070462
12,2252.8100000000004,0.06069431748241186
12,2257.19,0.059649303727783265
12,2261.56,0.05858952068258077
12,2265.94,0.05756204271223396
12,2270.31,0.056595687284134326
12,2274.69,0.055681709581986066
12,2279.06,0.05479308895766735
12,2283.44,0.053910242840647694
12,2287.81,0.05302434286568314
12,2292.19,0.052099990267306565
12,2296.56,0.05113681406248361
12,2300.94,0.05023517626337707
12,2305.31,0.04947909353300929
12,2309.6899999999996,0.048889391189441085
12,2314.06,0.048414933243766424
12,2318.44,0.04794495715294033
12,2322.81,0.04742111932951957
12,2327.19,0.04686882036738098
12,2331.56,0.046298113102093336
12,2335.94,0.045717620523646474
12,2340.31,0.045152129498310385
12,2344.69,0.044664449142292145
12,2349.06,0.04428699635900557
12,2353.44,0.043971592145971954
12,2357.8100000000004,0.04371629593893886
12,2362.19,0.04349267223384232
12,2366.5600000000004,0.04323814545758069
12,2370.94,0.04291072001913562
12,2375.31,0.04256134964292869
12,2379.69,0.042187575493007896
12,2384.06,0.04168201685184613
12,2388.44,0.041086011328734455
12,2392.81,0.04053652807837352
12,2397.19,0.040043795700185
12,2401.56,0.03957338331500068
12,2405.94,0.039059917321428654
12,2410.31,0.03849722223589197
12,2414.6899999999996,0.03783041561022401
12,2419.06,0.03699491367209703
12,2423.4399999999996,0.03637466569198296
12,2427.81,0.03594087885227054
12,2432.19,0.035438996255397794
12,2436.56,0.03475164310541004
12,2440.94,0.03425614050589502
12,2445.31,0.03385116627905518
12,2449.69,0.03271838235203177
12,2454.06,0.03155098802089924
12,2458.44,0.03125553016230697
12,2462.81,0.030933503179985566
12,2467.19,0.03033620659611188
12,2471.5600000000004,0.029226840881456155
15,402.188,0.010269818099914119
15,406.56199999999995,0.01044660792220384
15,410.93800000000005,0.010726755843497813
15,415.313,0.011082039682660251
15,419.68699999999995,0.011472323928028345
15,424.06300000000005,0.011873858338221908
15,428.438,0.012275982964783907
15,432.813,0.012656734087504446
15,437.18800000000005,0.012988565852865577
15,441.563,0.013288410597015172
15,445.938,0.013578268261626362
15,450.31300000000005,0.013857314246706665
15,454.688,0.01411686471896246
15,459.063,0.014346312962006778
15,463.438,0.014535947784315795
15,467.813,0.014692431997973472
15,472.187,0.014832350872457028
15,476.562,0.014967628384474664
15,480.938,0.015117464782670141
15,485.313,0.015327013318892569
15,489.688,0.01564741929527372
15,494.063,0.016120596448890866
15,498.438,0.01683353655040264
15,502.812,0.01790448940824717
15,507.188,0.01939715229906142
15,511.563,0.021374988332390786
15,515.937,0.02393092698417604
15,520.313,0.026889544520527123
15,524.687,0.02981887144036591
15,529.062,0.03245762442238629
15,533.438,0.03464369162917137
15,537.813,0.03634275233373046
15,542.188,0.037658330108970406
15,546.563,0.038675378412008285
15,550.938,0.0393763074092567
15,555.312,0.03965605155564845
15,559.688,0.03941810429096222
15,564.063,0.03867052803747356
15,568.438,0.037506295004859566
15,572.813,0.03610203195363283
15,577.187,0.03473698004148901
15,581.562,0.033617383539676665
15,585.938,0.03277824986726045
15,590.313,0.03216761201620102
15,594.688,0.031739369118586186
15,599.063,0.0313898338470608
15,603.438,0.030947444075718523
15,607.812,0.030300931669771672
15,612.188,0.029484709482640026
15,616.563,0.02866373598575592
15,620.937,0.02802728993818164
15,625.312,0.027643287666141988
15,629.687,0.027397130243480207
15,634.063,0.02704460598528385
15,638.437,0.02638279869686812
15,642.813,0.025414122184738517
15,647.188,0.024322983752936126
15,651.563,0.023303046212531625
15,655.938,0.022358956085518
15,660.313,0.021405796851031483
15,664.687,0.020515002752654256
15,669.063,0.019863228132016957
15,673.438,0.01960511208511889
15,677.813,0.019876187541522084
15,682.187,0.020999346408061684
15,686.562,0.023793920064345
15,690.937,0.029363053543493153
15,695.312,0.038022150956094264
15,699.688,0.04924841050989926
15,704.063,0.062080662287771704
15,708.438,0.07502505786716938
15,712.813,0.08740082437172532
15,717.187,0.10021912096068263
15,721.563,0.11391961220651865
15,725.938,0.12658975284546614
15,730.313,0.13698158219456671
15,734.687,0.1447811070457101
15,739.063,0.15054909670725464
15,743.437,0.1549379904381931
15,747.812,0.1582272395119071
15,752.188,0.16061130098998547
15,756.563,0.1624083749204874
15,760.938,0.1641741508245468
15,765.313,0.16584853932261467
15,769.688,0.16685993392020465
15,774.063,0.16754876948893072
15,778.438,0.16817452359944582
15,782.813,0.16875193815678358
15,787.188,0.16929393339902163
15,791.563,0.1698127030953765
15,795.937,0.17030388958752155
15,800.312,0.17076984394341707
15,804.688,0.17120849680155514
15,809.063,0.17163579318672417
15,813.438,0.17209645807743074
15,817.813,0.17257790874689818
15,822.188,0.1729800234362483
15,826.5630000000001,0.1732856997102499
15,830.937,0.1735480075702071
15,835.313,0.17380531303584576
15,839.688,0.17408175803720952
15,844.063,0.17438387636095284
15,848.437,0.17471031755208968
15,852.812,0.17505767099559308
15,857.187,0.17540046270936727
15,861.563,0.175719308629632
15,865.938,0.17602897092700004
15,870.313,0.17633398495614527
15,874.687,0.17662649773061276
15,879.063,0.176908873654902
15,883.437,0.17717431966215372
15,887.813,0.17741816367954016
15,892.188,0.17766046214848757
15,896.562,0.17792731732130052
15,900.938,0.17818656533956528
15,905.312,0.17838039234280587
15,909.6880000000001,0.1785307203233242
15,914.062,0.1786325354501605
15,918.438,0.17864473082125187
15,922.813,0.17858884401619435
15,927.188,0.17849335961043836
15,931.563,0.1782822385057807
15,935.937,0.1776381430774927
15,940.312,0.176607745885849
15,944.688,0.1754512007907033
15,949.063,0.17389267664402724
15,953.438,0.17210454747080803
15,957.812,0.17050118569284678
15,962.187,0.1694261721894145
15,966.562,0.16889196280390023
15,970.938,0.16871124308556318
15,975.313,0.1687666905671358
15,979.688,0.16903658099472524
15,984.063,0.1695159311592579
15,988.438,0.170224514529109
15,992.812,0.17112582881003618
15,997.188,0.17209861773997545
15,1001.5600000000001,0.17308950509876012
15,1005.94,0.17412943694740535
15,1010.3100000000001,0.17521611619740723
15,1014.69,0.17631405282765628
15,1019.0600000000001,0.17740979563444853
15,1023.4399999999999,0.17849588438868522
15,1027.81,0.17954815696924925
15,1032.19,0.18054503675550224
15,1036.56,0.18147934202104807
15,1040.94,0.18234412107616663
15,1045.31,0.18313572786748408
15,1049.69,0.1838579938188195
15,1054.06,0.18450622379779816
15,1058.44,0.18507723670452833
15,1062.81,0.18557633142918348
15,1067.19,0.18600715707987547
15,1071.5600000000002,0.18636410020291805
15,1075.9399999999998,0.186639248393476
15,1080.3100000000002,0.1868331628292799
15,1084.6899999999998,0.18694593235850335
15,1089.06,0.1869798344373703
15,1093.44,0.18694739729166032
15,1097.81,0.1868525794520974
15,1102.19,0.18668718598783016
15,1106.56,0.18646413277834653
15,1110.94,0.18622659005224704
15,1115.31,0.1859716534242034
15,1119.69,0.1855015120655298
15,1124.06,0.18404329907149075
15,1128.44,0.18111306022852658
15,1132.8100000000002,0.17779408022761345
15,1137.1899999999998,0.17472450103610754
15,1141.56,0.1717030742391944
15,1145.94,0.16733570661395789
15,1150.31,0.16253591656684876
15,1154.69,0.15962545715272428
15,1159.06,0.15813235227018596
15,1163.44,0.15729424685239793
15,1167.81,0.15676911406219005
15,1172.19,0.1564101942628622
15,1176.56,0.15613313037902116
15,1180.94,0.15587498269975186
15,1185.3100000000002,0.15561790741980075
15,1189.6899999999998,0.1554167154058814
15,1194.06,0.15534846540540456
15,1198.44,0.15547172538936138
15,1202.81,0.1558127110078931
15,1207.19,0.15635045047849416
15,1211.56,0.15707329288125038
15,1215.94,0.15795733697712422
15,1220.31,0.15893594041466713
15,1224.69,0.15996013328433037
15,1229.06,0.1609695789217949
15,1233.44,0.16190657936036587
15,1237.8100000000002,0.16276069395244122
15,1242.1899999999998,0.16354511048644782
15,1246.56,0.16426685575395822
15,1250.94,0.16491442367434503
15,1255.31,0.16547066826373338
15,1259.69,0.16592971090227365
15,1264.06,0.16627749636769296
15,1268.44,0.16645813062787057
15,1272.81,0.1664287903904915
15,1277.19,0.16621405944228174
15,1281.56,0.16583342414349317
15,1285.94,0.1652854201197624
15,1290.3100000000002,0.16455228228121996
15,1294.6899999999998,0.16358280662447214
15,1299.0600000000002,0.16233494196087123
15,1303.4399999999998,0.16079210992902518
15,1307.81,0.15892436493188142
15,1312.19,0.15666782777756452
15,1316.56,0.15402877844870091
15,1320.94,0.15121825132519007
15,1325.31,0.1484003187343478
15,1329.69,0.14521714571863412
15,1334.06,0.14129756703972818
15,1338.44,0.13782598912715913
15,1342.81,0.13550921749323608
15,1347.19,0.1339474232494831
15,1500.31,0.05266882784664631
15,1504.69,0.054195469226688144
15,1509.0600000000002,0.055787656847387554
15,1513.4399999999998,0.05738338751718402
15,1517.8100000000002,0.05904705861583352
15,1522.1899999999998,0.060696195159107444
15,1526.56,0.06231707302853465
15,1530.94,0.06395068606361747
15,1535.31,0.06556436661630868
15,1539.69,0.06716098023578525
15,1544.06,0.06875638039782643
15,1548.44,0.07032112162560225
15,1552.81,0.07183869510889053
15,1557.19,0.07332008155062794
15,1561.56,0.0747400302812457
15,1565.94,0.07611239310353994
15,1570.3100000000002,0.0775052397698164
15,1574.6899999999998,0.07890808656811714
15,1579.06,0.08025253292173147
15,1583.44,0.081545321457088
15,1587.81,0.08282449137419462
15,1592.19,0.08409117247909308
15,1596.56,0.08532236877828836
15,1600.94,0.08653866611421109
15,1605.31,0.08773477539420128
15,1609.69,0.08888266526162625
15,1614.06,0.08996243391185998
15,1618.44,0.09095457598567008
15,1622.8100000000002,0.09188139155507087
15,1627.1899999999998,0.0927470287680626
15,1631.56,0.09353407148271799
15,1635.94,0.09423870149999856
15,1640.31,0.09486285496503115
15,1644.69,0.09537778791040182
15,1649.06,0.09573820430785418
15,1653.44,0.09593301985412836
15,1657.81,0.09598724659532308
15,1662.19,0.09594791330397129
15,1666.56,0.09585926838219166
15,1670.94,0.09572616875171662
15,1675.3100000000002,0.09549642585217953
15,1679.6899999999998,0.09511664658784866
15,1684.06,0.09458778470754624
15,1688.44,0.09393226578831673
15,1692.81,0.09315271139144897
15,1697.19,0.09225633453577757
15,1701.56,0.09128041587769985
15,1705.94,0.09027044128626585
15,1710.31,0.08926828354597091
15,1714.69,0.0883546456322074
15,1719.06,0.08757148835808039
15,1723.44,0.0868912797421217
15,1727.8100000000002,0.08632015641778708
15,1732.1899999999998,0.085835927054286
15,1736.5600000000002,0.08531502693891525
15,1740.9399999999998,0.08466223992407322
15,1745.31,0.08385102204978466
15,1749.69,0.0829327380657196
15,1754.06,0.08201333053410054
15,1758.44,0.08115428350865841
15,1762.81,0.08041048515588045
15,1767.19,0.07978174053132533
15,1771.56,0.07929598178714514
15,1775.94,0.07892620500177144
15,1780.31,0.07860868461430073
15,1784.69,0.07835243549197912
15,1789.0600000000002,0.07818450674414634
15,1999.06,0.027079220293089748
15,2003.4399999999998,0.02781272079795599
15,2007.8100000000002,0.02872954511549324
15,2012.1899999999998,0.02948352450504899
15,2016.5600000000002,0.03035693624522537
15,2020.94,0.03107728000730276
15,2025.3100000000002,0.03157790770754218
15,2029.69,0.032038031667470934
15,2034.0600000000002,0.03247792542912066
15,2038.44,0.03289000851102173
15,2042.8099999999997,0.03329268385656178
15,2047.19,0.03368108269758523
15,2051.56,0.034104515044018624
15,2055.94,0.03460142336785793
15,2060.31,0.03507968695834279
15,2064.69,0.03554027136415243
15,2069.06,0.03602651578374207
15,2073.44,0.036502386899665
15,2077.81,0.0369508149381727
15,2082.19,0.03739760403521359
15,2086.56,0.03786478797905147
15,2090.9399999999996,0.038334875591099264
15,2095.31,0.038796450719237326
15,2099.69,0.039271967774257066
15,2104.06,0.0397530385106802
15,2108.44,0.040213580410927534
15,2112.81,0.04066884720697999
15,2117.19,0.041132487915456296
15,2121.56,0.041600760715082286
15,2125.94,0.04205121068283915
15,2130.31,0.04246840779669583
15,2134.69,0.04286675826646388
15,2139.0600000000004,0.0432665607240051
15,2143.44,0.04366310673765838
15,2147.8100000000004,0.04406566563993693
15,2152.19,0.04449501956813037
15,2156.56,0.04491829736158252
15,2160.94,0.04531212921254337
15,2165.31,0.045698119448497894
15,2169.69,0.046068812664598224
15,2174.06,0.04642084556631744
15,2178.44,0.04676687408238649
15,2182.81,0.04711847456172109
15,2187.19,0.04746569718234241
15,2191.56,0.04776261797174811
15,2195.9399999999996,0.04801944511011243
15,2200.31,0.04826832903549075
15,2204.6899999999996,0.048501167204231026
15,2209.06,0.04869104951620102
15,2213.44,0.04881352050229907
15,2217.81,0.048862337693572046
15,2222.19,0.04882295545190573
15,2226.56,0.04864832626655698
15,2230.94,0.04829470226541162
15,2235.31,0.047758954465389254
15,2239.69,0.04707405076362193
15,2244.06,0.04627532505430281
15,2248.44,0.045394561802968386
15,2252.8100000000004,0.04446946145035326
15,2257.19,0.043518953230232
15,2261.56,0.04256994773633778
15,2265.94,0.04166145995259285
15,2270.31,0.04082013780251145
15,2274.69,0.040047149360179904
15,2279.06,0.03931946845725179
15,2283.44,0.03860827267169952
15,2287.81,0.037894458835944535
15,2292.19,0.037149546351283785
15,2296.56,0.036383782224729655
15,2300.94,0.03569082986563444
15,2305.31,0.03514357735402882
15,2309.6899999999996,0.034756804145872594
15,2314.06,0.03448507780209184
15,2318.44,0.0342333550658077
15,2322.81,0.03392946464009583
15,2327.19,0.033568512350320816
15,2331.56,0.033164766784757375
15,2335.94,0.032735020983964205
15,2340.31,0.03229966131038964
15,2344.69,0.03191310113295913
15,2349.06,0.03161240288987756
15,2353.44,0.03136673441156745
15,2357.8100000000004,0.031173858316615222
15,2362.19,0.031008730996400117
15,2366.5600000000004,0.030819567781873048
15,2370.94,0.0305702404351905
15,2375.31,0.030300984396599232
15,2379.69,0.0300206418056041
15,2384.06,0.029658662634901703
15,2388.44,0.029241498210467398
15,2392.81,0.028857417101971806
15,2397.19,0.02850910210516304
15,2401.56,0.028175471955910324
15,2405.94,0.027810449595563114
15,2410.31,0.027394149298779667
15,2414.6899999999996,0.026885078884661198
15,2419.06,0.02627543126232922
15,2423.4399999999996,0.025831977273337543
15,2427.81,0.0255041789310053
15,2432.19,0.025115076885558665
15,2436.56,0.024589679096825422
15,2440.94,0.024211508384905756
15,2445.31,0.023855743394233287
15,2449.69,0.02281826879363507
15,2454.06,0.021878899852745236
15,2458.44,0.02172213468234986
15,2462.81,0.02144135270267725
15,2467.19,0.0208031056728214
15,2471.5600000000004,0.019587291963398458
17,402.188,0.014401169600896538
17,406.56199999999995,0.01452751889359206
17,410.93800000000005,0.014759456752799452
17,415.313,0.015094726430252194
17,419.68699999999995,0.015509275756776332
17,424.06300000000005,0.015986514249816536
17,428.438,0.01652497400995344
17,432.813,0.017094595804810524
17,437.18800000000005,0.017638021660968662
17,441.563,0.018159312112256885
17,445.938,0.018672723127529024
17,450.31300000000005,0.019160020076669754
17,454.688,0.019600034286268057
17,459.063,0.019978382191620767
17,463.438,0.02028630714863539
17,467.813,0.02053872646763921
17,472.187,0.020762734580785036
17,476.562,0.020975949582643805
17,480.938,0.021203960007987917
17,485.313,0.021512069404125214
17,489.688,0.021978246006183325
17,494.063,0.02266501315869391
17,498.438,0.02369425772689283
17,502.812,0.02522760573774576
17,507.188,0.027346340408548712
17,511.563,0.0301406757440418
17,515.937,0.03376514283008873
17,520.313,0.038013854818418624
17,524.687,0.04230769032612443
17,529.062,0.04627341894432902
17,533.438,0.04963959537446499
17,537.813,0.05230410061776638
17,542.188,0.054373302422463896
17,546.563,0.05594246251508594
17,550.938,0.05697451330721379
17,555.312,0.05732050796970725
17,559.688,0.05686122456565499
17,564.063,0.05563977589830756
17,568.438,0.05380704903975129
17,572.813,0.05162473591044545
17,577.187,0.04951674714684486
17,581.562,0.04779848266392946
17,585.938,0.04651601918041706
17,590.313,0.04557856546714902
17,594.688,0.04490641888231039
17,599.063,0.044346293210983274
17,603.438,0.04365427646785974
17,607.812,0.04267723252996802
17,612.188,0.04147217963822186
17,616.563,0.040275955582037566
17,620.937,0.03935183424502611
17,625.312,0.038794013503938914
17,629.687,0.038456395417451855
17,634.063,0.038027490293607115
17,638.437,0.037238702597096565
17,642.813,0.0360602624155581
17,647.188,0.03468205355107784
17,651.563,0.033327500093728306
17,655.938,0.03201396511867642
17,660.313,0.030665342034772038
17,664.687,0.029411153318360448
17,669.063,0.02850101713091135
17,673.438,0.0281394627597183
17,677.813,0.028493191581219435
17,682.187,0.029950062539428474
17,686.562,0.03350983946584165
17,690.937,0.040547073306515816
17,695.312,0.05157504672184587
17,699.688,0.06623746063560247
17,704.063,0.08363811910152436
17,708.438,0.10198944266885519
17,712.813,0.12045973129570484
17,717.187,0.1407799718901515
17,721.563,0.16392308957874774
17,725.938,0.18685302920639515
17,730.313,0.20707683496177196
17,734.687,0.22326036758720874
17,739.063,0.23579406768083572
17,743.437,0.24552218027412892
17,747.812,0.25275626830756664
17,752.188,0.2578109736740589
17,756.563,0.2613926284760237
17,760.938,0.26469353966414927
17,765.313,0.2677279966324568
17,769.688,0.26950338870286944
17,774.063,0.2706324033439159
17,778.438,0.2715909768640995
17,782.813,0.2724263796210289
17,787.188,0.27318115457892417
17,791.563,0.27389523044228553
17,795.937,0.2745738369226456
17,800.312,0.2752217525243759
17,804.688,0.2758329264819622
17,809.063,0.27642676755785944
17,813.438,0.27706726774573326
17,817.813,0.2777407705783844
17,822.188,0.2783001925051212
17,826.5630000000001,0.2787113150954246
17,830.937,0.279056184887886
17,835.313,0.2794087938964367
17,839.688,0.2798135973513126
17,844.063,0.2802740539610386
17,848.437,0.2807799220085144
17,852.812,0.28132339373230936
17,857.187,0.28186521217226984
17,861.563,0.2823730793595314
17,865.938,0.2828653632104397
17,870.313,0.2833417169749737
17,874.687,0.28378523483872414
17,879.063,0.28420609802007674
17,883.437,0.2846052886545658
17,887.813,0.2849780851602554
17,892.188,0.2853481961786747
17,896.562,0.2857570408284664
17,900.938,0.2861663122475147
17,905.312,0.28647722527384756
17,909.6880000000001,0.28670718654990196
17,914.062,0.28684127375483515
17,918.438,0.2868064038455486
17,922.813,0.28663351133465764
17,927.188,0.28636123657226564
17,931.563,0.2858035182952881
17,935.937,0.28424204409122467
17,940.312,0.2818521118909121
17,944.688,0.27919668041169643
17,949.063,0.27558354936540125
17,953.438,0.27145131908357145
17,957.812,0.2678230557590723
17,962.187,0.2654775978624821
17,966.562,0.26437301479279995
17,970.938,0.26401854291558263
17,975.313,0.26414031006395816
17,979.688,0.2647301319241524
17,984.063,0.2658180452138186
17,988.438,0.2674708604067564
17,992.812,0.269559196010232
17,997.188,0.2717065215110779
17,1001.5600000000001,0.27378721073269846
17,1005.94,0.2759375158697367
17,1010.3100000000001,0.2781946759670973
17,1014.69,0.2804890994727611
17,1019.0600000000001,0.2827781660854816
17,1023.4399999999999,0.2850206048041582
17,1027.81,0.28714314602315427
17,1032.19,0.28910898871719837
17,1036.56,0.2909334373474121
17,1040.94,0.29261631160974505
17,1045.31,0.2941447874158621
17,1049.69,0.29551977545022967
17,1054.06,0.2967251998186111
17,1058.44,0.29774703189730645
17,1062.81,0.29859830349683764
17,1067.19,0.2993026056885719
17,1071.5600000000002,0.2998657612502575
17,1075.9399999999998,0.3002747365832329
17,1080.3100000000002,0.30052334010601045
17,1084.6899999999998,0.3006071542203426
17,1089.06,0.30053090542554856
17,1093.44,0.3003171868622303
17,1097.81,0.2999710986018181
17,1102.19,0.29948350466787815
17,1106.56,0.2988992249965668
17,1110.94,0.29832141906023024
17,1115.31,0.29774425938725474
17,1119.69,0.29676435321569444
17,1124.06,0.29379304476082324
17,1128.44,0.28773203685879706
17,1132.8100000000002,0.2807389917224646
17,1137.1899999999998,0.2742115997523069
17,1141.56,0.2678303026407957
17,1145.94,0.2588446082919836
17,1150.31,0.24928477212786673
17,1154.69,0.24374540828168392
17,1159.06,0.2410693707317114
17,1163.44,0.23968181595206262
17,1167.81,0.2389084827899933
17,1172.19,0.23846118561923504
17,1176.56,0.23818166352808476
17,1180.94,0.2379507515579462
17,1185.3100000000002,0.23772066704928874
17,1189.6899999999998,0.237562700137496
17,1194.06,0.23759918965399265
17,1198.44,0.237937363833189
17,1202.81,0.23860331930220127
17,1207.19,0.23952000826597214
17,1211.56,0.2406538787484169
17,1215.94,0.24198448844254017
17,1220.31,0.24343570344150067
17,1224.69,0.2449597869813442
17,1229.06,0.24649469420313835
17,1233.44,0.24796403750777243
17,1237.8100000000002,0.24934004418551922
17,1242.1899999999998,0.25063563369214537
17,1246.56,0.251857920512557
17,1250.94,0.2529723808914423
17,1255.31,0.25393389493227003
17,1259.69,0.25472849249839785
17,1264.06,0.2553246608376503
17,1268.44,0.25560192957520483
17,1272.81,0.255467536598444
17,1277.19,0.2549647356569767
17,1281.56,0.2541315945237875
17,1285.94,0.25297809794545173
17,1290.3100000000002,0.2514812088012695
17,1294.6899999999998,0.24954379588365555
17,1299.0600000000002,0.24710052639245986
17,1303.4399999999998,0.24414501667022706
17,1307.81,0.24064186170697213
17,1312.19,0.2365014573186636
17,1316.56,0.23176265679299832
17,1320.94,0.2268178027868271
17,1325.31,0.22196648940443992
17,1329.69,0.21663093663752078
17,1334.06,0.21022126086056234
17,1338.44,0.2046519800275564
17,1342.81,0.20099224910140037
17,1347.19,0.1985409178584814
17,1500.31,0.08508606888353824
17,1504.69,0.0871136954985559
17,1509.0600000000002,0.08924436386674643
17,1513.4399999999998,0.09139756741002202
17,1517.8100000000002,0.09366041431203484
17,1522.1899999999998,0.09592144276946783
17,1526.56,0.09816460132598877
17,1530.94,0.10044581443071365
17,1535.31,0.10271718822419644
17,1539.69,0.10498251516371965
17,1544.06,0.10726371292024851
17,1548.44,0.10951568007469177
17,1552.81,0.11171215955168008
17,1557.19,0.11386900503188371
17,1561.56,0.11595080096274614
17,1565.94,0.11797708813101053
17,1570.3100000000002,0.12004554208368062
17,1574.6899999999998,0.12213564224541187
17,1579.06,0.12413920316845178
17,1583.44,0.1260617095977068
17,1587.81,0.12795644484460353
17,1592.19,0.1298230032622814
17,1596.56,0.13162944301962853
17,1600.94,0.13341061990708114
17,1605.31,0.13515849594026805
17,1609.69,0.13682948864996433
17,1614.06,0.1383990665152669
17,1618.44,0.1398493042960763
17,1622.8100000000002,0.1412185252457857
17,1627.1899999999998,0.14250789914280176
17,1631.56,0.14368420027196407
17,1635.94,0.14474312838166953
17,1640.31,0.1457001842558384
17,1644.69,0.14653116047382356
17,1649.06,0.1471817008778453
17,1653.44,0.14763694226741791
17,1657.81,0.14792354106903077
17,1662.19,0.14809686589986085
17,1666.56,0.1482032160460949
17,1670.94,0.14822390872985125
17,1675.3100000000002,0.14808551765978337
17,1679.6899999999998,0.14773916590958833
17,1684.06,0.14720132362097502
17,1688.44,0.1465070142969489
17,1692.81,0.14566167030483484
17,1697.19,0.14466516464948653
17,1701.56,0.14354756101965904
17,1705.94,0.14234988760203124
17,1710.31,0.14110906042158602
17,1714.69,0.13991268984973432
17,1719.06,0.1388061333447695
17,1723.44,0.13774617694318295
17,1727.8100000000002,0.1367534989491105
17,1732.1899999999998,0.13582354858517648
17,1736.5600000000002,0.13480803832411767
17,1740.9399999999998,0.1336208814755082
17,1745.31,0.13224937420338392
17,1749.69,0.13074790619313717
17,1754.06,0.12924283798784017
17,1758.44,0.12780733909457923
17,1762.81,0.12652472909539939
17,1767.19,0.125398837774992
17,1771.56,0.12449913855642081
17,1775.94,0.12379942398518323
17,1780.31,0.12320328321307898
17,1784.69,0.12273666691035032
17,1789.0600000000002,0.12243359860032797
17,1999.06,0.05110572735778987
17,2003.4399999999998,0.05201555082574487
17,2007.8100000000002,0.05332391496747732
17,2012.1899999999998,0.05460068525746465
17,2016.5600000000002,0.05614276392385364
17,2020.94,0.05735765307210386
17,2025.3100000000002,0.05815987254492939
17,2029.69,0.05887771965004504
17,2034.0600000000002,0.05954821697436273
17,2038.44,0.060160323241725565
17,2042.8099999999997,0.060749971475452184
17,2047.19,0.061328294370323416
17,2051.56,0.061984146581962704
17,2055.94,0.06277796846814454
17,2060.31,0.06355508463457227
17,2064.69,0.06430082084611058
17,2069.06,0.06507242977619171
17,2073.44,0.06581420132890343
17,2077.81,0.06651467898860573
17,2082.19,0.06722907736897468
17,2086.56,0.06798863204196096
17,2090.9399999999996,0.06874276225455106
17,2095.31,0.06946092039346695
17,2099.69,0.07019427196122706
17,2104.06,0.0709439580887556
17,2108.44,0.07166541798040271
17,2112.81,0.07237783562391996
17,2117.19,0.07310430467128753
17,2121.56,0.07383883967995644
17,2125.94,0.0745245572924614
17,2130.31,0.07511978097259998
17,2134.69,0.07566282341256737
17,2139.0600000000004,0.07619425907731056
17,2143.44,0.07669602882117033
17,2147.8100000000004,0.07717742124572397
17,2152.19,0.07767232943326235
17,2156.56,0.0781427150592208
17,2160.94,0.07856137759983539
17,2165.31,0.07895575389266014
17,2169.69,0.07932823648676277
17,2174.06,0.07968071922659874
17,2178.44,0.08002592932432889
17,2182.81,0.08037625465542078
17,2187.19,0.08070674089714885
17,2191.56,0.08095795599743724
17,2195.9399999999996,0.08115217240527273
17,2200.31,0.08135606147348881
17,2204.6899999999996,0.08159319499507546
17,2209.06,0.08181372107937931
17,2213.44,0.08195513680577278
17,2217.81,0.08202525114640594
17,2222.19,0.08202548624947667
17,2226.56,0.08185208786278964
17,2230.94,0.08139058770611882
17,2235.31,0.08064945042133331
17,2239.69,0.07973271563649177
17,2244.06,0.07871788455173373
17,2248.44,0.07763171097263694
17,2252.8100000000004,0.07649355351924897
17,2257.19,0.07530906870961189
17,2261.56,0.07410693103447556
17,2265.94,0.07294729152694344
17,2270.31,0.07186804678291082
17,2274.69,0.07084931809455157
17,2279.06,0.06985345993191004
17,2283.44,0.0688718094304204
17,2287.81,0.0679050400853157
17,2292.19,0.06690041977912188
17,2296.56,0.06583800034597516
17,2300.94,0.06482300946488977
17,2305.31,0.06396217904984951
17,2309.6899999999996,0.06329009245149791
17,2314.06,0.06274324310943484
17,2318.44,0.062196425581350925
17,2322.81,0.06160072961822152
17,2327.19,0.06098363193683326
17,2331.56,0.060346357291564345
17,2335.94,0.05971726450137794
17,2340.31,0.05914987751282751
17,2344.69,0.05870813169516623
17,2349.06,0.058423181679099795
17,2353.44,0.05825149950571358
17,2357.8100000000004,0.0581461207382381
17,2362.19,0.05804805867373943
17,2366.5600000000004,0.057903566835448145
17,2370.94,0.05767646296881139
17,2375.31,0.057402194142341614
17,2379.69,0.05706238713115454
17,2384.06,0.056533517129719255
17,2388.44,0.05586079993285239
17,2392.81,0.05522232466377318
17,2397.19,0.05464731714688242
17,2401.56,0.054087799806147814
17,2405.94,0.053465168233960865
17,2410.31,0.0527936443220824
17,2414.6899999999996,0.051992626218125226
17,2419.06,0.050952256666496394
17,2423.4399999999996,0.050172892417758706
17,2427.81,0.04963706288486719
17,2432.19,0.04902462620288134
17,2436.56,0.0481772389728576
17,2440.94,0.047557964399456976
17,2445.31,0.0470793416723609
17,2449.69,0.04575713035650551
17,2454.06,0.04425306361168623
17,2458.44,0.04380662263836712
17,2462.81,0.043452034485526383
17,2467.19,0.042862044791691006
17,2471.5600000000004,0.04176629519090056
20,402.188,0.009760178937576712
20,406.56199999999995,0.009915728113846854
20,410.93800000000005,0.010167719039600343
20,415.313,0.010492905618157237
20,419.68699999999995,0.010853291631210595
20,424.06300000000005,0.011225105519406498
20,428.438,0.011598682885523886
20,432.813,0.011953961976105347
20,437.18800000000005,0.012265772776445374
20,441.563,0.012551275328733028
20,445.938,0.01283083533635363
20,450.31300000000005,0.01310117012122646
20,454.688,0.013350071775494143
20,459.063,0.013563534477725625
20,463.438,0.013731910523492843
20,467.813,0.013864828071091325
20,472.187,0.013981892326846719
20,476.562,0.014096910795196892
20,480.938,0.014228310007601976
20,485.313,0.01441806549904868
20,489.688,0.01471526151522994
20,494.063,0.015161074963398278
20,498.438,0.015837732958607374
20,502.812,0.016855696730781345
20,507.188,0.01827275587245822
20,511.563,0.020144228553399444
20,515.937,0.022550762868486344
20,520.313,0.025319318417459727
20,524.687,0.028035443974658847
20,529.062,0.03044685460627079
20,533.438,0.03240185380913317
20,537.813,0.033876066487282516
20,542.188,0.034979541627690194
20,546.563,0.035808206088840965
20,550.938,0.03635341864079237
20,555.312,0.03651152870617807
20,559.688,0.036186165325343606
20,564.063,0.035388553189113735
20,568.438,0.0342126770876348
20,572.813,0.03282804570160806
20,577.187,0.03149638936854899
20,581.562,0.030405193278566004
20,585.938,0.029580666115507484
20,590.313,0.02897202707827091
20,594.688,0.028537617675028742
20,599.063,0.028181305322796106
20,603.438,0.02774308860767633
20,607.812,0.027119342060759662
20,612.188,0.02634134061168879
20,616.563,0.025560350767336787
20,620.937,0.024948640521615745
20,625.312,0.024567055925726892
20,629.687,0.024312733942642807
20,634.063,0.02396780064329505
20,638.437,0.02335027084685862
20,642.813,0.022461088136769832
20,647.188,0.02146525453776121
20,651.563,0.020537590836174787
20,655.938,0.019682168825529516
20,660.313,0.01882015149574727
20,664.687,0.01801377166528255
20,669.063,0.017422999527771026
20,673.438,0.01718852044083178
20,677.813,0.017429078000131996
20,682.187,0.01842210183851421
20,686.562,0.020879843649454416
20,690.937,0.025780596164986493
20,695.312,0.03344469678588211
20,699.688,0.0434684362821281
20,704.063,0.05503294496797025
20,708.438,0.066803233679384
20,712.813,0.07816669082269073
20,717.187,0.0900929219648242
20,721.563,0.10305090013891459
20,725.938,0.11526867056265473
20,730.313,0.1255396879464388
20,734.687,0.13347147658467293
20,739.063,0.13948443111032247
20,743.437,0.14412103775888682
20,747.812,0.14759886655956506
20,752.188,0.15009034629911183
20,756.563,0.15191198904067277
20,760.938,0.15364296518266202
20,765.313,0.15532300751656294
20,769.688,0.15637478858232498
20,774.063,0.15704301290214062
20,778.438,0.15757958561182023
20,782.813,0.15802836012095212
20,787.188,0.15842610199004412
20,791.563,0.1588062831014395
20,795.937,0.15917240746319294
20,800.312,0.1595205482468009
20,804.688,0.1598465395718813
20,809.063,0.1601494363322854
20,813.438,0.1604562670364976
20,817.813,0.16078172959387302
20,822.188,0.1610726859048009
20,826.5630000000001,0.1613009649515152
20,830.937,0.16149860244244338
20,835.313,0.16170322868973017
20,839.688,0.16193136684596537
20,844.063,0.162178864069283
20,848.437,0.16243696618825199
20,852.812,0.16270236890763046
20,857.187,0.16296132769435645
20,861.563,0.16320017490535974
20,865.938,0.16342637814581396
20,870.313,0.16364276982843876
20,874.687,0.1638450623303652
20,879.063,0.16403406515717506
20,883.437,0.16420266948640347
20,887.813,0.16434378139674663
20,892.188,0.16446628917008638
20,896.562,0.16459021285176278
20,900.938,0.16471239130944013
20,905.312,0.1648029761761427
20,909.6880000000001,0.16485650539398194
20,914.062,0.16485493283718824
20,918.438,0.16476932171732186
20,922.813,0.16461778301745653
20,927.188,0.16441802751272916
20,931.563,0.16406840346753598
20,935.937,0.1631721805781126
20,940.312,0.16187060791999103
20,944.688,0.16052344389259815
20,949.063,0.1587440488487482
20,953.438,0.15670947976410388
20,957.812,0.154885493516922
20,962.187,0.15364923771470784
20,966.562,0.15301902137696743
20,970.938,0.15277564156800508
20,975.313,0.15277313835918904
20,979.688,0.15299878224730493
20,984.063,0.15344040788710117
20,988.438,0.15407704543322326
20,992.812,0.15487599320709705
20,997.188,0.15576553519815206
20,1001.5600000000001,0.15670815277844669
20,1005.94,0.15771948028355837
20,1010.3100000000001,0.15879009403288363
20,1014.69,0.1598820761963725
20,1019.0600000000001,0.16097595550119878
20,1023.4399999999999,0.16205720469355583
20,1027.81,0.16309230539947747
20,1032.19,0.16405113380402325
20,1036.56,0.16492645401507616
20,1040.94,0.16571760702878235
20,1045.31,0.16642695549875497
20,1049.69,0.1670626663044095
20,1054.06,0.16762289632111788
20,1058.44,0.1681049617379904
20,1062.81,0.1685126618668437
20,1067.19,0.16884874485433102
20,1071.5600000000002,0.1691089940071106
20,1075.9399999999998,0.16928561471402645
20,1080.3100000000002,0.1693748313933611
20,1084.6899999999998,0.16937457006424667
20,1089.06,0.16929019626230002
20,1093.44,0.16913181729614735
20,1097.81,0.16890340816229582
20,1102.19,0.16861130088567733
20,1106.56,0.1682831396907568
20,1110.94,0.16796081207692623
20,1115.31,0.16762201767414808
20,1119.69,0.16702507212758064
20,1124.06,0.16531846731901167
20,1128.44,0.162073328346014
20,1132.8100000000002,0.15850465398281813
20,1137.1899999999998,0.15523458641022445
20,1141.56,0.15204929266124964
20,1145.94,0.147524654828012
20,1150.31,0.1426340625807643
20,1154.69,0.13972327709197999
20,1159.06,0.13824932929128408
20,1163.44,0.13741703156381846
20,1167.81,0.13687932603061198
20,1172.19,0.13649065930396317
20,1176.56,0.13617069371044635
20,1180.94,0.13586235288530588
20,1185.3100000000002,0.1355558761768043
20,1189.6899999999998,0.1353125156275928
20,1194.06,0.13520425831899047
20,1198.44,0.13527912398800254
20,1202.81,0.1355607541464269
20,1207.19,0.13603026568889617
20,1211.56,0.13667458046227693
20,1215.94,0.1374696520715952
20,1220.31,0.1383461555093527
20,1224.69,0.13925416234880686
20,1229.06,0.1401468927040696
20,1233.44,0.14097860865294934
20,1237.8100000000002,0.14173705626279115
20,1242.1899999999998,0.1424320413544774
20,1246.56,0.14306987602263688
20,1250.94,0.14363624777644873
20,1255.31,0.1441107849776745
20,1259.69,0.14448616184294225
20,1264.06,0.144749967046082
20,1268.44,0.14485490884631871
20,1272.81,0.14476524569094182
20,1277.19,0.14449780989438296
20,1281.56,0.1440629879385233
20,1285.94,0.14346240159124135
20,1290.3100000000002,0.14268550593405963
20,1294.6899999999998,0.1416852068156004
20,1299.0600000000002,0.1404233779385686
20,1303.4399999999998,0.13888524290174245
20,1307.81,0.13704054534435273
20,1312.19,0.13482957294210793
20,1316.56,0.1322582289762795
20,1320.94,0.12952495975419878
20,1325.31,0.126789692863822
20,1329.69,0.12372281532734633
20,1334.06,0.11999405467882752
20,1338.44,0.11674072479829192
20,1342.81,0.11460464674979448
20,1347.19,0.11318217687308789
20,1500.31,0.04070884853601456
20,1504.69,0.04199743665754795
20,1509.0600000000002,0.04334163538180292
20,1513.4399999999998,0.044689182797446846
20,1517.8100000000002,0.046095329532399774
20,1522.1899999999998,0.047490947348997
20,1526.56,0.04886450218036771
20,1530.94,0.05025117779150605
20,1535.31,0.05162364252842963
20,1539.69,0.05298384879715741
20,1544.06,0.05434461767785251
20,1548.44,0.05568086525425315
20,1552.81,0.05697886842302978
20,1557.19,0.05824825398623943
20,1561.56,0.05946709187701345
20,1565.94,0.060645806873217224
20,1570.3100000000002,0.061842046938836576
20,1574.6899999999998,0.06304848343133926
20,1579.06,0.0642070103995502
20,1583.44,0.06532137720845639
20,1587.81,0.06642265733331441
20,1592.19,0.06751121270470321
20,1596.56,0.06856627725064754
20,1600.94,0.06960525247268379
20,1605.31,0.07062571498565376
20,1609.69,0.07160638330504299
20,1614.06,0.072531094327569
20,1618.44,0.07338147362694145
20,1622.8100000000002,0.07417537916451693
20,1627.1899999999998,0.07491626230999827
20,1631.56,0.07558921173214912
20,1635.94,0.0761917863599956
20,1640.31,0.07672708427533508
20,1644.69,0.07717140192165971
20,1649.06,0.07748499566689133
20,1653.44,0.0776550362817943
20,1657.81,0.07769993374124169
20,1662.19,0.07766010589897633
20,1666.56,0.07757573418319225
20,1670.94,0.07745351294055582
20,1675.3100000000002,0.07725221717730164
20,1679.6899999999998,0.07692915843799711
20,1684.06,0.07648495169356466
20,1688.44,0.07593713961541652
20,1692.81,0.07528694555163383
20,1697.19,0.07453812282532453
20,1701.56,0.07371759939938784
20,1705.94,0.07286033207550645
20,1710.31,0.0720022906549275
20,1714.69,0.07121430356055498
20,1719.06,0.07053108669817448
20,1723.44,0.06992422094568611
20,1727.8100000000002,0.06939762149006129
20,1732.1899999999998,0.06893573742359876
20,1736.5600000000002,0.06843715693801641
20,1740.9399999999998,0.06782984771765768
20,1745.31,0.06709845055826008
20,1749.69,0.0662856310699135
20,1754.06,0.06547695520333946
20,1758.44,0.06471920734271407
20,1762.81,0.06405633019283413
20,1767.19,0.06348736776039005
20,1771.56,0.06303937740623951
20,1775.94,0.06269229844212532
20,1780.31,0.062394706951454285
20,1784.69,0.062158153830096124
20,1789.0600000000002,0.06200501254759729
20,1999.06,0.019482695618644356
20,2003.4399999999998,0.020062658376991747
20,2007.8100000000002,0.020767621190752834
20,2012.1899999999998,0.021321780285798012
20,2016.5600000000002,0.021955342239234597
20,2020.94,0.022488197921775283
20,2025.3100000000002,0.022865313654765487
20,2029.69,0.023215701151639224
20,2034.0600000000002,0.02355533117428422
20,2038.44,0.023878987110219897
20,2042.8099999999997,0.02419936389196664
20,2047.19,0.024508444215171038
20,2051.56,0.02484172508586198
20,2055.94,0.025229980098083617
20,2060.31,0.025603844090364872
20,2064.69,0.025966414636932313
20,2069.06,0.026353971427306534
20,2073.44,0.02673685809597373
20,2077.81,0.027096900497563182
20,2082.19,0.027452334836125372
20,2086.56,0.027822283934801816
20,2090.9399999999996,0.02819704874418676
20,2095.31,0.028569246656261385
20,2099.69,0.02895385051611811
20,2104.06,0.02934137498959899
20,2108.44,0.029711445085704325
20,2112.81,0.03007771217264235
20,2117.19,0.03045052232220769
20,2121.56,0.030825899080373347
20,2125.94,0.031189933819696307
20,2130.31,0.03153409904334694
20,2134.69,0.03186736153904349
20,2139.0600000000004,0.03220388588029891
20,2143.44,0.03254051868338138
20,2147.8100000000004,0.03288511656690389
20,2152.19,0.03325513205491006
20,2156.56,0.03362406151369214
20,2160.94,0.03397238554432988
20,2165.31,0.03431744758971036
20,2169.69,0.03465021662879735
20,2174.06,0.03496643059886992
20,2178.44,0.035276924148201945
20,2182.81,0.035591549961827694
20,2187.19,0.0359041378647089
20,2191.56,0.03617633971385658
20,2195.9399999999996,0.036414537467062476
20,2200.31,0.03664041203912347
20,2204.6899999999996,0.036842027343809605
20,2209.06,0.03700099745299667
20,2213.44,0.037102475315332416
20,2217.81,0.0371392334299162
20,2222.19,0.03709758084733039
20,2226.56,0.036948996614664796
20,2230.94,0.03667114898562431
20,2235.31,0.03626004280522466
20,2239.69,0.035728725641965865
20,2244.06,0.035096807219088075
20,2248.44,0.03439010547939688
20,2252.8100000000004,0.03364167164079845
20,2257.19,0.03286884467117488
20,2261.56,0.032094054576009515
20,2265.94,0.031346847401000556
20,2270.31,0.030649445136077702
20,2274.69,0.030008519161492588
20,2279.06,0.02940908772405237
20,2283.44,0.028826181972399355
20,2287.81,0.028242494114674627
20,2292.19,0.02763665416277945
20,2296.56,0.027018702225759625
20,2300.94,0.026463289381936192
20,2305.31,0.026026184344664215
20,2309.6899999999996,0.02571916830725968
20,2314.06,0.025507827326655387
20,2318.44,0.02531459807418287
20,2322.81,0.025076421443372965
20,2327.19,0.024788905456662177
20,2331.56,0.024465847578831017
20,2335.94,0.024115716749802233
20,2340.31,0.023746101227588953
20,2344.69,0.023401103373616935
20,2349.06,0.023115018350072205
20,2353.44,0.022862507905811073
20,2357.8100000000004,0.022653623260557653
20,2362.19,0.022476855842396618
20,2366.5600000000004,0.022285632817074658
20,2370.94,0.02204594563227147
20,2375.31,0.02179694159887731
20,2379.69,0.021552412463352086
20,2384.06,0.021258930335752668
20,2388.44,0.020935762175358832
20,2392.81,0.020641839802265166
20,2397.19,0.020373597159050405
20,2401.56,0.02011746448930353
20,2405.94,0.01983767370460555
20,2410.31,0.0195064681279473
20,2414.6899999999996,0.01910010214196518
20,2419.06,0.01865669440943748
20,2423.4399999999996,0.018352240247186274
20,2427.81,0.01810974502004683
20,2432.19,0.017804789058864116
20,2436.56,0.017405886612832547
20,2440.94,0.017132259733043612
20,2445.31,0.0168464416032657
20,2449.69,0.01597162637161091
20,2454.06,0.015240280285943299
20,2458.44,0.015145570577587933
20,2462.81,0.014854744020849466
20,2467.19,0.014154939045547509
20,2471.5600000000004,0.01284912107468699
22,402.188,0.006816896170494147
22,406.56199999999995,0.006978069033866632
22,410.93800000000005,0.007232140823907685
22,415.313,0.007552749270907952
22,419.68699999999995,0.007902339120132638
22,424.06300000000005,0.00825976125892339
22,428.438,0.008620493312228063
22,432.813,0.008968645058956781
22,437.18800000000005,0.009278233469667612
22,441.563,0.009563283754396253
22,445.938,0.009840785777196288
22,450.31300000000005,0.010106203761461074
22,454.688,0.010349400452832924
22,459.063,0.010559501584502869
22,463.438,0.010728381530498154
22,467.813,0.010865208390459884
22,472.187,0.010988022301462478
22,476.562,0.011107276099501177
22,480.938,0.011239394675358198
22,485.313,0.011427933356026187
22,489.688,0.01172473258455284
22,494.063,0.012173368473886512
22,498.438,0.012859985404647887
22,502.812,0.013898960967781022
22,507.188,0.015349150651600212
22,511.563,0.017271075457101687
22,515.937,0.019759525078115986
22,520.313,0.022648134393966755
22,524.687,0.025515807554475033
22,529.062,0.02810431171936216
22,533.438,0.03025039690761332
22,537.813,0.03191438804409699
22,542.188,0.03319125699461438
22,546.563,0.03416089967009611
22,550.938,0.034805540519882924
22,555.312,0.03502244959876407
22,559.688,0.034721431502257476
22,564.063,0.033922097862814554
22,568.438,0.032723575494019316
22,572.813,0.03129759021336213
22,577.187,0.02991475207832991
22,581.562,0.02877656729123373
22,585.938,0.02791771435746341
22,590.313,0.02728266509118839
22,594.688,0.026819277140602935
22,599.063,0.026428572483127938
22,603.438,0.02595232612104155
22,607.812,0.02528827468515374
22,612.188,0.024469212160329334
22,616.563,0.023650333618279548
22,620.937,0.023011326445266603
22,625.312,0.022617818101425654
22,629.687,0.022360801021568476
22,634.063,0.022007964320946486
22,638.437,0.021365850278525614
22,642.813,0.020433053808519615
22,647.188,0.019378276970237494
22,651.563,0.018381550832418724
22,655.938,0.017447898765094578
22,660.313,0.016497885319404305
22,664.687,0.015602762916823849
22,669.063,0.014936603596433997
22,673.438,0.014651670792372897
22,677.813,0.014876834276365117
22,682.187,0.015911970788147302
22,686.562,0.01851266118697822
22,690.937,0.02368351054319646
22,695.312,0.031697177997557446
22,699.688,0.04207442106911913
22,704.063,0.05394634747877717
22,708.438,0.06595544011797756
22,712.813,0.07751277785748244
22,717.187,0.08963421774096787
22,721.563,0.10277970941737294
22,725.938,0.1150916102528572
22,730.313,0.12530031744390727
22,734.687,0.13304309220984578
22,739.063,0.1388263989984989
22,743.437,0.14326404366642237
22,747.812,0.14661365432664752
22,752.188,0.14904860731214284
22,756.563,0.15087075313553214
22,760.938,0.1526228149048984
22,765.313,0.15424683321267366
22,769.688,0.15520265847444534
22,774.063,0.15582917999476195
22,778.438,0.15637585259974002
22,782.813,0.15686107032001018
22,787.188,0.15730366334319115
22,791.563,0.1577201820909977
22,795.937,0.15811158943921327
22,800.312,0.15848224435001612
22,804.688,0.15883069917559622
22,809.063,0.1591722896322608
22,813.438,0.159542127661407
22,817.813,0.15992059968411923
22,822.188,0.16022171549499034
22,826.5630000000001,0.16043593119829894
22,830.937,0.1606103201210499
22,835.313,0.16078382071107625
22,839.688,0.16098331462591886
22,844.063,0.1612130105495453
22,848.437,0.16146738931536675
22,852.812,0.16173917397856713
22,857.187,0.16200508579611778
22,861.563,0.16224899109452962
22,865.938,0.1624819790944457
22,870.313,0.16270771473646164
22,874.687,0.16292139045894147
22,879.063,0.1631245544552803
22,883.437,0.16331185009330512
22,887.813,0.16348225716501474
22,892.188,0.1636545542627573
22,896.562,0.1638448654860258
22,900.938,0.164018684476614
22,905.312,0.1641344079002738
22,909.6880000000001,0.16420936185866594
22,914.062,0.1642268355935812
22,918.438,0.16415866807103158
22,922.813,0.1640413787215948
22,927.188,0.16390178278088569
22,931.563,0.16365115329623223
22,935.937,0.16293827909976244
22,940.312,0.1618234281986952
22,944.688,0.16061034455895423
22,949.063,0.15900563897565007
22,953.438,0.15718224605545403
22,957.812,0.15554501807317136
22,962.187,0.15442365977913142
22,966.562,0.1538396098650992
22,970.938,0.15361476300284266
22,975.313,0.15362200377508997
22,979.688,0.15383029507473112
22,984.063,0.15422372989356517
22,988.438,0.1548001775331795
22,992.812,0.155536168795079
22,997.188,0.15636036472395062
22,1001.5600000000001,0.15723399763926862
22,1005.94,0.15816920809447765
22,1010.3100000000001,0.15915589733049273
22,1014.69,0.16016088420525193
22,1019.0600000000001,0.16116980191320182
22,1023.4399999999999,0.16217121567577122
22,1027.81,0.16313724473118782
22,1032.19,0.1640437737479806
22,1036.56,0.1648819937184453
22,1040.94,0.165644996650517
22,1045.31,0.1663310281559825
22,1049.69,0.16694629207253456
22,1054.06,0.16748954460024834
22,1058.44,0.16796067338436843
22,1062.81,0.16836587354540825
22,1067.19,0.1687077156826854
22,1071.5600000000002,0.1689804757758975
22,1075.9399999999998,0.16917756032198666
22,1080.3100000000002,0.16929964002221823
22,1084.6899999999998,0.1693462783843279
22,1089.06,0.16932036727666855
22,1093.44,0.1692340299487114
22,1097.81,0.16908985275775193
22,1102.19,0.16888017758727072
22,1106.56,0.16862020257860422
22,1110.94,0.16835397440940142
22,1115.31,0.1680724038183689
22,1119.69,0.16756374321877957
22,1124.06,0.16604581836611032
22,1128.44,0.16308823227882385
22,1132.8100000000002,0.1598078923486173
22,1137.1899999999998,0.15679308013990523
22,1141.56,0.15381943095475437
22,1145.94,0.14950919384136796
22,1150.31,0.14476743903011083
22,1154.69,0.14189267285168172
22,1159.06,0.14041621768847107
22,1163.44,0.13957921346649527
22,1167.81,0.13904003450646996
22,1172.19,0.13865355115383862
22,1176.56,0.1383394875563681
22,1180.94,0.1380395875312388
22,1185.3100000000002,0.1377396727539599
22,1189.6899999999998,0.1374981117621064
22,1194.06,0.13739219399169086
22,1198.44,0.13747513053938745
22,1202.81,0.13776981215924025
22,1207.19,0.1382554037682712
22,1211.56,0.13891506541520357
22,1215.94,0.1397191694378853
22,1220.31,0.14060133634135127
22,1224.69,0.1415166541002691
22,1229.06,0.1424158462882042
22,1233.44,0.14325309762731195
22,1237.8100000000002,0.1440201347321272
22,1242.1899999999998,0.14472603742033244
22,1246.56,0.1453745011985302
22,1250.94,0.14595294309780002
22,1255.31,0.1464434245787561
22,1259.69,0.14683816762641072
22,1264.06,0.14712128054350615
22,1268.44,0.14723921531811357
22,1272.81,0.14715526293963194
22,1277.19,0.14689423609524965
22,1281.56,0.1464715275168419
22,1285.94,0.14588575115427374
22,1290.3100000000002,0.14512179289013147
22,1294.6899999999998,0.14413139160722493
22,1299.0600000000002,0.14287414614111185
22,1303.4399999999998,0.14133172657340765
22,1307.81,0.1394708350673318
22,1312.19,0.13722541531547905
22,1316.56,0.13460047980770468
22,1320.94,0.13180937150493263
22,1325.31,0.12902792828157544
22,1329.69,0.1259277049265802
22,1334.06,0.12216358673758805
22,1338.44,0.11886483730748296
22,1342.81,0.11668326264247299
22,1347.19,0.11522288456559181
22,1500.31,0.04054323811898939
22,1504.69,0.04187702207942493
22,1509.0600000000002,0.04326921743864659
22,1513.4399999999998,0.044666604861849916
22,1517.8100000000002,0.046125854617566804
22,1522.1899999999998,0.04757482844317565
22,1526.56,0.04900186948270857
22,1530.94,0.050442166268767324
22,1535.31,0.05186589691991685
22,1539.69,0.05327568586217239
22,1544.06,0.05468608516443055
22,1548.44,0.05607157960883342
22,1552.81,0.05741812496504281
22,1557.19,0.058735829658107835
22,1561.56,0.06000084137544036
22,1565.94,0.061223467455711215
22,1570.3100000000002,0.062463751090690495
22,1574.6899999999998,0.06371347557171247
22,1579.06,0.06491204301360995
22,1583.44,0.06606414203415625
22,1587.81,0.06720224609365687
22,1592.19,0.06832703371532262
22,1596.56,0.0694191032112576
22,1600.94,0.07049750808859244
22,1605.31,0.07155813623452559
22,1609.69,0.07257718097651378
22,1614.06,0.07353737354744226
22,1618.44,0.07442041320027784
22,1622.8100000000002,0.07524507474852726
22,1627.1899999999998,0.07601608569500967
22,1631.56,0.07671911619836465
22,1635.94,0.07735008224612101
22,1640.31,0.07791017351206392
22,1644.69,0.0783739531855099
22,1649.06,0.0787012592307292
22,1653.44,0.07888271924573928
22,1657.81,0.07893997066188603
22,1662.19,0.07891272363485768
22,1666.56,0.0788384767388925
22,1670.94,0.07872170546557754
22,1675.3100000000002,0.07851834581932053
22,1679.6899999999998,0.07818118405994028
22,1684.06,0.07770848482148722
22,1688.44,0.07711896497523413
22,1692.81,0.07641721942462026
22,1697.19,0.07561344977701083
22,1701.56,0.07474192946916446
22,1705.94,0.07384137515677139
22,1710.31,0.0729482299904339
22,1714.69,0.07213497305521742
22,1719.06,0.07143656972330063
22,1723.44,0.07082083323970437
22,1727.8100000000002,0.07028558380203322
22,1732.1899999999998,0.06981053045252338
22,1736.5600000000002,0.0692919096793048
22,1740.9399999999998,0.06865791043266654
22,1745.31,0.06789340178016573
22,1749.69,0.06704465646063909
22,1754.06,0.06620289067970589
22,1758.44,0.06541716861305759
22,1762.81,0.06473079364048318
22,1767.19,0.06414016621303745
22,1771.56,0.06367502454435453
22,1775.94,0.06331667565973476
22,1780.31,0.06301094856578857
22,1784.69,0.06277032647863962
22,1789.0600000000002,0.06261649234336801
22,1999.06,0.018381899764062837
22,2003.4399999999998,0.01901616494636983
22,2007.8100000000002,0.019780900817131623
22,2012.1899999999998,0.02036213702871464
22,2016.5600000000002,0.02100027626613155
22,2020.94,0.0215341881767381
22,2025.3100000000002,0.021927000647410752
22,2029.69,0.022303890254115687
22,2034.0600000000002,0.02267150611965917
22,2038.44,0.023020685786614193
22,2042.8099999999997,0.02336533395340666
22,2047.19,0.023700249607209116
22,2051.56,0.02406776878866367
22,2055.94,0.02449535040766932
22,2060.31,0.024898946379544214
22,2064.69,0.02528258874313906
22,2069.06,0.025687287882901727
22,2073.44,0.026087886109016835
22,2077.81,0.026469722262118012
22,2082.19,0.026848485548980533
22,2086.56,0.0272409496945329
22,2090.9399999999996,0.027637440940598026
22,2095.31,0.028031583676347508
22,2099.69,0.02843747280887328
22,2104.06,0.0288445084518753
22,2108.44,0.02923264599405229
22,2112.81,0.029615805515786634
22,2117.19,0.030004008994437753
22,2121.56,0.030393750566290692
22,2125.94,0.030771420549135654
22,2130.31,0.03112802442512475
22,2134.69,0.031470594161655756
22,2139.0600000000004,0.0318128449190408
22,2143.44,0.03215375950327143
22,2147.8100000000004,0.03250276113743894
22,2152.19,0.03287616604124196
22,2156.56,0.03324495545122772
22,2160.94,0.033590140299638735
22,2165.31,0.03393159239087254
22,2169.69,0.034261892210924995
22,2174.06,0.03457689390867017
22,2178.44,0.03488635239191353
22,2182.81,0.035200157101498916
22,2187.19,0.03551377924392
22,2191.56,0.03578944622422568
22,2195.9399999999996,0.03603314331208821
22,2200.31,0.036265161896008064
22,2204.6899999999996,0.03647103463183157
22,2209.06,0.03663194209162612
22,2213.44,0.03673524907731917
22,2217.81,0.036773263960494657
22,2222.19,0.03672968934115488
22,2226.56,0.03657416584261228
22,2230.94,0.03628146289847791
22,2235.31,0.035846725282026454
22,2239.69,0.035286631048074925
22,2244.06,0.03462434896442573
22,2248.44,0.033887635070132094
22,2252.8100000000004,0.03311275261105038
22,2257.19,0.03231866127345711
22,2261.56,0.03152769181877375
22,2265.94,0.03076960433390923
22,2270.31,0.030064554322743787
22,2274.69,0.02941527290153317
22,2279.06,0.02880311036016792
22,2283.44,0.028201188766397534
22,2287.81,0.027594261247431858
22,2292.19,0.02696462510852143
22,2296.56,0.026324892443371935
22,2300.94,0.02575175161357038
22,2305.31,0.02530086866696365
22,2309.6899999999996,0.024982486168155446
22,2314.06,0.02476122333435342
22,2318.44,0.024557484902907163
22,2322.81,0.024306480773957445
22,2327.19,0.024006680984748528
22,2331.56,0.02367371875443496
22,2335.94,0.023315406534820796
22,2340.31,0.022939724307507278
22,2344.69,0.022591031051706522
22,2349.06,0.022299466466065496
22,2353.44,0.02203647796413861
22,2357.8100000000004,0.02181568103726022
22,2362.19,0.021626649046083912
22,2366.5600000000004,0.021422436974244192
22,2370.94,0.021170720761874692
22,2375.31,0.020911732777021824
22,2379.69,0.020657107012812048
22,2384.06,0.02035270777763799
22,2388.44,0.02002024304238148
22,2392.81,0.019717084096046163
22,2397.19,0.019438213909743353
22,2401.56,0.019171584857394917
22,2405.94,0.018881453353678808
22,2410.31,0.018540764780482277
22,2414.6899999999996,0.0181238225789275
22,2419.06,0.017666558878263457
22,2423.4399999999996,0.0173540566326119
22,2427.81,0.01710774014587514
22,2432.19,0.016796334161190318
22,2436.56,0.0163786316732876
22,2440.94,0.016083022553939372
22,2445.31,0.01577738560619764
22,2449.69,0.014869624395505526
22,2454.06,0.014126662562193814
22,2458.44,0.014047234706376912
22,2462.81,0.01378340377123095
22,2467.19,0.013148354614386334
22,2471.5600000000004,0.011971141472749879
25,402.188,0.010107399618718774
25,406.56199999999995,0.010231381467310712
25,410.93800000000005,0.010439863099018112
25,415.313,0.010719488910399377
25,419.68699999999995,0.011037526709260418
25,424.06300000000005,0.011370561668882147
25,428.438,0.011709757241187618
25,432.813,0.012037810904439538
25,437.18800000000005,0.012332258046371862
25,441.563,0.012608938964549453
25,445.938,0.012885511465137825
25,450.31300000000005,0.013154657636769117
25,454.688,0.013400747855193913
25,459.063,0.013609299757517875
25,463.438,0.013771972134709359
25,467.813,0.01389958762563765
25,472.187,0.014012563484720885
25,476.562,0.014124525778461247
25,480.938,0.014253602153621614
25,485.313,0.014444541533011944
25,489.688,0.014751967517659068
25,494.063,0.015222732520196586
25,498.438,0.01594658355228603
25,502.812,0.017043036790564656
25,507.188,0.01857508939690888
25,511.563,0.020605756232980638
25,515.937,0.02323088699253276
25,520.313,0.026273264624178408
25,524.687,0.029289273633621632
25,529.062,0.032004746943712234
25,533.438,0.03424449574202299
25,537.813,0.035965737425722184
25,542.188,0.0372718065418303
25,546.563,0.03825245644431561
25,550.938,0.03889163075946271
25,555.312,0.03907901728991419
25,559.688,0.03871671126224101
25,564.063,0.03782579085789621
25,568.438,0.03651453630533069
25,572.813,0.03496911371126771
25,577.187,0.03347754287067801
25,581.562,0.03224912620615214
25,585.938,0.03131482232362032
25,590.313,0.030616327999159695
25,594.688,0.030106107690371572
25,599.063,0.029682096992619336
25,603.438,0.02917218298651278
25,607.812,0.02846390158869326
25,612.188,0.02759055622853339
25,616.563,0.026716071241535248
25,620.937,0.026029032906517386
25,625.312,0.025597402891144157
25,629.687,0.025309041258879006
25,634.063,0.024924034064169973
25,638.437,0.02423974410397932
25,642.813,0.023252430299762636
25,647.188,0.022139220477547496
25,651.563,0.021092902056407185
25,655.938,0.020120199245866388
25,660.313,0.01913272505160421
25,664.687,0.018199208264704794
25,669.063,0.01750158080365509
25,673.438,0.017201815554872154
25,677.813,0.017434741407632827
25,682.187,0.018507208791561425
25,686.562,0.021195117537863552
25,690.937,0.026540102437138557
25,695.312,0.034845430492423474
25,699.688,0.0456505371723324
25,704.063,0.05808455707505345
25,708.438,0.07073454787954687
25,712.813,0.08295895982533694
25,717.187,0.09581011243164539
25,721.563,0.1097988786548376
25,725.938,0.12302265839651227
25,730.313,0.13416567094624043
25,734.687,0.14277639009058476
25,739.063,0.14929672420024873
25,743.437,0.1542920468375087
25,747.812,0.15798314966261387
25,752.188,0.16058444008231162
25,756.563,0.16247072342783211
25,760.938,0.164253883510828
25,765.313,0.16596028935164214
25,769.688,0.16701421197503805
25,774.063,0.1676939295232296
25,778.438,0.16825691487640143
25,782.813,0.1687355774641037
25,787.188,0.1691591977700591
25,791.563,0.1695593538507819
25,795.937,0.16994123879820108
25,800.312,0.17030325543135405
25,804.688,0.1706416441500187
25,809.063,0.17095968078821897
25,813.438,0.1712879268825054
25,817.813,0.17163460358977317
25,822.188,0.17193688552826644
25,826.5630000000001,0.17216805301606655
25,830.937,0.1723643421754241
25,835.313,0.172567384429276
25,839.688,0.17279906786978244
25,844.063,0.17305645756423474
25,848.437,0.1733287052810192
25,852.812,0.1736103519797325
25,857.187,0.17388477355241774
25,861.563,0.17413681723177432
25,865.938,0.1743748365342617
25,870.313,0.17460135191679002
25,874.687,0.1748111716285348
25,879.063,0.1750060296803713
25,883.437,0.17518010437488557
25,887.813,0.17532775085419416
25,892.188,0.1754600612819195
25,896.562,0.17559672493487596
25,900.938,0.17572771821171046
25,905.312,0.17581993974745275
25,909.6880000000001,0.17587360940873623
25,914.062,0.1758753212541342
25,918.438,0.17579971682280301
25,922.813,0.17566412761807443
25,927.188,0.17548172302544118
25,931.563,0.1751384286209941
25,935.937,0.1741839473694563
25,940.312,0.17273185908794403
25,944.688,0.1712016711384058
25,949.063,0.16920827969908714
25,953.438,0.16696132067590952
25,957.812,0.16495958160609006
25,962.187,0.163603928796947
25,966.562,0.16291042767465114
25,970.938,0.1626399566605687
25,975.313,0.16263204135000706
25,979.688,0.1628682918474078
25,984.063,0.1633310090005398
25,988.438,0.16399695865809918
25,992.812,0.16484031233936547
25,997.188,0.1657969666644931
25,1001.5600000000001,0.1668256966024637
25,1005.94,0.16793296791613102
25,1010.3100000000001,0.1691025075316429
25,1014.69,0.17029388673603535
25,1019.0600000000001,0.17148828476667405
25,1023.4399999999999,0.1726718969270587
25,1027.81,0.17381355665624143
25,1032.19,0.17488586511462928
25,1036.56,0.1758798998594284
25,1040.94,0.17678841590881347
25,1045.31,0.1776070588082075
25,1049.69,0.1783398297429085
25,1054.06,0.17898185521364213
25,1058.44,0.17952930994331837
25,1062.81,0.17998704858124256
25,1067.19,0.18035931259393692
25,1071.5600000000002,0.18064293265342712
25,1075.9399999999998,0.18083100114017725
25,1080.3100000000002,0.1809202754497528
25,1084.6899999999998,0.1809085152298212
25,1089.06,0.18080208726227284
25,1093.44,0.1806133334338665
25,1097.81,0.18034630578011274
25,1102.19,0.1800066102668643
25,1106.56,0.17962601728737354
25,1110.94,0.17925371538847684
25,1115.31,0.17886496763676404
25,1119.69,0.1781905973702669
25,1124.06,0.17629484873265028
25,1128.44,0.17271800454705954
25,1132.8100000000002,0.16879725020378827
25,1137.1899999999998,0.16521195851266385
25,1141.56,0.1617309569567442
25,1145.94,0.1567981781810522
25,1150.31,0.15146221861243248
25,1154.69,0.14827573165297508
25,1159.06,0.1466569285094738
25,1163.44,0.14574344601482153
25,1167.81,0.14515731673687696
25,1172.19,0.14473985873162745
25,1176.56,0.14440267100930215
25,1180.94,0.14408120207488537
25,1185.3100000000002,0.14376067142933607
25,1189.6899999999998,0.1435043814405799
25,1194.06,0.14339199680835008
25,1198.44,0.14347840733826162
25,1202.81,0.14378855992108583
25,1207.19,0.14429821740835905
25,1211.56,0.14498931899666787
25,1215.94,0.14583541881293058
25,1220.31,0.1467670588567853
25,1224.69,0.14773548938333989
25,1229.06,0.14869196392595768
25,1233.44,0.14958760667592286
25,1237.8100000000002,0.15040821701288223
25,1242.1899999999998,0.15116222914308308
25,1246.56,0.15185511894524098
25,1250.94,0.15247144401073456
25,1255.31,0.15298891726881267
25,1259.69,0.15339845307171346
25,1264.06,0.15368461426347493
25,1268.44,0.15379410661756993
25,1272.81,0.15368836797773838
25,1277.19,0.15338702011853456
25,1281.56,0.1529004257172346
25,1285.94,0.15222795695066452
25,1290.3100000000002,0.15135609090328217
25,1294.6899999999998,0.15023225989192723
25,1299.0600000000002,0.14881593704223633
25,1303.4399999999998,0.14709706224501132
25,1307.81,0.14504770863801242
25,1312.19,0.14260174881666898
25,1316.56,0.13976711265742778
25,1320.94,0.13676564447581768
25,1325.31,0.13377280429005622
25,1329.69,0.1304311508126557
25,1334.06,0.12638411454856396
25,1338.44,0.12286271153017879
25,1342.81,0.12055566776543855
25,1347.19,0.11902206776663661
25,1500.31,0.04230899370275438
25,1504.69,0.04364614074118436
25,1509.0600000000002,0.04504245133604854
25,1513.4399999999998,0.04644388718996197
25,1517.8100000000002,0.04790808271616697
25,1522.1899999999998,0.04936326496303081
25,1526.56,0.05079741038382053
25,1530.94,0.05224620159715414
25,1535.31,0.05368004854768515
25,1539.69,0.055101252822205425
25,1544.06,0.05652429261244833
25,1548.44,0.057923716995865106
25,1552.81,0.059285442074760795
25,1557.19,0.060619384245947004
25,1561.56,0.061901472024619576
25,1565.94,0.06314167827367782
25,1570.3100000000002,0.06440046978183091
25,1574.6899999999998,0.06566992368549109
25,1579.06,0.06688879322260619
25,1583.44,0.06806120390072465
25,1587.81,0.06922007937915624
25,1592.19,0.07036612170748413
25,1596.56,0.07147859370335936
25,1600.94,0.07257658419199288
25,1605.31,0.07365682781673968
25,1609.69,0.07469605211168527
25,1614.06,0.07567645302042365
25,1618.44,0.07657835495658219
25,1622.8100000000002,0.07742103786207735
25,1627.1899999999998,0.07820944116450847
25,1631.56,0.07892834337428212
25,1635.94,0.0795733810029924
25,1640.31,0.0801461380161345
25,1644.69,0.08062162739224732
25,1649.06,0.08096018710173666
25,1653.44,0.08115199007093907
25,1657.81,0.0812178089749068
25,1662.19,0.08119801822118461
25,1666.56,0.08113151887431741
25,1670.94,0.08102321553044022
25,1675.3100000000002,0.08082920922897756
25,1679.6899999999998,0.08050332417711616
25,1684.06,0.08004419906996191
25,1688.44,0.07947005706839264
25,1692.81,0.07878475730307401
25,1697.19,0.07799696059897542
25,1701.56,0.0771387212909758
25,1705.94,0.07624644703231752
25,1710.31,0.07535396276041866
25,1714.69,0.07453106166794896
25,1719.06,0.07381180616095662
25,1723.44,0.07316486407071351
25,1727.8100000000002,0.07259357184171676
25,1732.1899999999998,0.07208270089700818
25,1736.5600000000002,0.07152799060568213
25,1740.9399999999998,0.07085846593603491
25,1745.31,0.07006061363965273
25,1749.69,0.06917964464053511
25,1754.06,0.06830568542703987
25,1758.44,0.06748659883625806
25,1762.81,0.06676705416291952
25,1767.19,0.06614455800503492
25,1771.56,0.06565075176768005
25,1775.94,0.06526690435595811
25,1780.31,0.06493965828791261
25,1784.69,0.0646842835471034
25,1789.0600000000002,0.06452279487624764
25,1999.06,0.020082982059102507
25,2003.4399999999998,0.020677077234722674
25,2007.8100000000002,0.021405951720662415
25,2012.1899999999998,0.0219868860184215
25,2016.5600000000002,0.02265551477437839
25,2020.94,0.023216492522042245
25,2025.3100000000002,0.02361284607555717
25,2029.69,0.023982151525560765
25,2034.0600000000002,0.02434024275979027
25,2038.44,0.024680396891199052
25,2042.8099999999997,0.025016493829898536
25,2047.19,0.025341457850299776
25,2051.56,0.025693201369140297
25,2055.94,0.026103542600758374
25,2060.31,0.026498321169055997
25,2064.69,0.026880575292743743
25,2069.06,0.027288845223374665
25,2073.44,0.027692186888307335
25,2077.81,0.028070840071886777
25,2082.19,0.028443493670783936
25,2086.56,0.028830990423448385
25,2090.9399999999996,0.02922326250001788
25,2095.31,0.0296118224831298
25,2099.69,0.030012648710981013
25,2104.06,0.03041623149998486
25,2108.44,0.03080113884527236
25,2112.81,0.031181761627085507
25,2117.19,0.03156858754344285
25,2121.56,0.031957176295109094
25,2125.94,0.03233266138006002
25,2130.31,0.03268546916078776
25,2134.69,0.03302537602372468
25,2139.0600000000004,0.03336757387500256
25,2143.44,0.033708198675885793
25,2147.8100000000004,0.03405423989053816
25,2152.19,0.03442269139457494
25,2156.56,0.03478686340153217
25,2160.94,0.035128174875862894
25,2165.31,0.03546574792824685
25,2169.69,0.035792130520567296
25,2174.06,0.03610328610986471
25,2178.44,0.036410523201338946
25,2182.81,0.03672422032803297
25,2187.19,0.03703750632237643
25,2191.56,0.03731128926854581
25,2195.9399999999996,0.0375520700449124
25,2200.31,0.03778172282502055
25,2204.6899999999996,0.03798762298654765
25,2209.06,0.03814949184656143
25,2213.44,0.03825084143318236
25,2217.81,0.038285346045158805
25,2222.19,0.038240814092569055
25,2226.56,0.03808696377556771
25,2230.94,0.03779910481534898
25,2235.31,0.037374601457268
25,2239.69,0.036830692803487185
25,2244.06,0.036190478084608915
25,2248.44,0.0354804067639634
25,2252.8100000000004,0.03473193823359907
25,2257.19,0.03396160934586078
25,2261.56,0.03319277585484087
25,2265.94,0.03245513439644128
25,2270.31,0.03176909474655986
25,2274.69,0.03113848827779293
25,2279.06,0.03054620062932372
25,2283.44,0.029967907820828258
25,2287.81,0.029388734959065913
25,2292.19,0.02878753736615181
25,2296.56,0.02817114914301783
25,2300.94,0.027610562862828373
25,2305.31,0.02716096670832485
25,2309.6899999999996,0.026836003283970056
25,2314.06,0.026601995727978646
25,2318.44,0.02638109392952174
25,2322.81,0.026116390749812125
25,2327.19,0.025811063810251653
25,2331.56,0.025478117060847582
25,2335.94,0.025123622342944144
25,2340.31,0.024752041175961494
25,2344.69,0.02440228600054979
25,2349.06,0.024106163170654327
25,2353.44,0.023840003011282532
25,2357.8100000000004,0.02361913474742323
25,2362.19,0.023434431347995995
25,2366.5600000000004,0.023237068366724997
25,2370.94,0.022990322567056864
25,2375.31,0.02273345207097009
25,2379.69,0.02247935101855546
25,2384.06,0.022172154400032014
25,2388.44,0.021834653979167343
25,2392.81,0.021529750407207757
25,2397.19,0.021251538235228507
25,2401.56,0.020983387313317507
25,2405.94,0.020687973541207612
25,2410.31,0.020338747948408127
25,2414.6899999999996,0.019909494339954106
25,2419.06,0.01944010255392641
25,2423.4399999999996,0.01912202896317467
25,2427.81,0.01887232517823577
25,2432.19,0.018560655452311038
25,2436.56,0.01815107327653095
25,2440.94,0.017863541413098573
25,2445.31,0.017555854327511042
25,2449.69,0.01664081943104975
25,2454.06,0.01589632390649058
25,2458.44,0.01580614876525942
25,2462.81,0.015523672046838329
25,2467.19,0.014860250137353433
25,2471.5600000000004,0.013615558022956975
27,402.188,0.011438062600791454
27,406.56199999999995,0.011616092997137457
27,410.93800000000005,0.011902144057676195
27,415.313,0.012270844462327658
27,419.68699999999995,0.01268016878515482
27,424.06300000000005,0.013102625955361873
27,428.438,0.013528079797979445
27,432.813,0.013934073394630105
27,437.18800000000005,0.014290179300587624
27,441.563,0.014615080903749912
27,445.938,0.014931191070936621
27,450.31300000000005,0.015233025604393333
27,454.688,0.015506718854885549
27,459.063,0.015739406724460423
27,463.438,0.015923646327573805
27,467.813,0.016071300990879535
27,472.187,0.016203432979527862
27,476.562,0.016333517704624684
27,480.938,0.01647980829467997
27,485.313,0.016687936095986514
27,489.688,0.01701259270776063
27,494.063,0.01749975889455527
27,498.438,0.018239605382550508
27,502.812,0.01935228888876736
27,507.188,0.020900189045351
27,511.563,0.022945386844221503
27,515.937,0.025582583458162843
27,520.313,0.028632100569084287
27,524.687,0.03164804813452065
27,529.062,0.034356823060661554
27,533.438,0.03658674434758723
27,537.813,0.038299761465750634
27,542.188,0.039602400339208546
27,546.563,0.040584903620183466
27,550.938,0.041230885693803426
27,555.312,0.04143163763917983
27,559.688,0.04109226183965802
27,564.063,0.04023301237262786
27,568.438,0.03895663797389716
27,572.813,0.037444709707051514
27,577.187,0.03598359451629221
27,581.562,0.03478268129285425
27,585.938,0.03387497099582106
27,590.313,0.03320520747452974
27,594.688,0.03272486086003482
27,599.063,0.03232860266696662
27,603.438,0.03184415370691568
27,607.812,0.03116017233580351
27,612.188,0.03031094763893634
27,616.563,0.029460931099019944
27,620.937,0.028798111360520125
27,625.312,0.028389731855131686
27,629.687,0.02812388349324465
27,634.063,0.027761945393867792
27,638.437,0.027103526019491255
27,642.813,0.026146462326869367
27,647.188,0.025066886804997923
27,651.563,0.024053553170524537
27,655.938,0.023111184961162507
27,660.313,0.022155427602119745
27,664.687,0.02125779925379902
27,669.063,0.020596588370390235
27,673.438,0.020329102096147834
27,677.813,0.020588732031174003
27,682.187,0.02168076908681542
27,686.562,0.024379560751840473
27,690.937,0.029729519248940052
27,695.312,0.03803985394071788
27,699.688,0.048848396148532626
27,704.063,0.06127405582927167
27,708.438,0.07389855904504657
27,712.813,0.08608532397076488
27,717.187,0.09888651132583619
27,721.563,0.11279874138534068
27,725.938,0.12591944716870784
27,730.313,0.13696172274649143
27,734.687,0.14549348890781402
27,739.063,0.15195801839232445
27,743.437,0.1569465385749936
27,747.812,0.16070508126169444
27,752.188,0.16341678831726314
27,756.563,0.16541506376117468
27,760.938,0.16731146778911352
27,765.313,0.16909638687968254
27,769.688,0.1701756374537945
27,774.063,0.17088336173444987
27,778.438,0.1714971835911274
27,782.813,0.1720435817167163
27,787.188,0.1725426309928298
27,791.563,0.17301516741514206
27,795.937,0.17346021246165036
27,800.312,0.17387891314923765
27,804.688,0.1742705685272813
27,809.063,0.17464532509446143
27,813.438,0.17504139173775912
27,817.813,0.17545856662094594
27,822.188,0.17581534799188375
27,826.5630000000001,0.1760878276079893
27,830.937,0.17632134199142457
27,835.313,0.17655862100422381
27,839.688,0.17682354509830475
27,844.063,0.17711656037718057
27,848.437,0.17742985438555478
27,852.812,0.17775807496160267
27,857.187,0.17807989668101074
27,861.563,0.1783774408698082
27,865.938,0.17866151973605157
27,870.313,0.17893507704138756
27,874.687,0.1791912404075265
27,879.063,0.1794321670383215
27,883.437,0.17965193178504704
27,887.813,0.1798460314422846
27,892.188,0.18003040123730898
27,896.562,0.1802276437357068
27,900.938,0.1804173358902335
27,905.312,0.18055512972176074
27,909.6880000000001,0.18065026480704546
27,914.062,0.18069140143692494
27,918.438,0.1806465707346797
27,922.813,0.18053715240210294
27,927.188,0.18038356944918632
27,931.563,0.1800909911468625
27,935.937,0.17928962141275406
27,940.312,0.1780820006877184
27,944.688,0.17679111685603857
27,949.063,0.17507201131433248
27,953.438,0.17309389527887106
27,957.812,0.1713081009313464
27,962.187,0.1700989033654332
27,966.562,0.16948913596570492
27,970.938,0.16926811452955007
27,975.313,0.1692988609522581
27,979.688,0.16956385228782891
27,984.063,0.17005914747714995
27,988.438,0.17079569060355426
27,992.812,0.17173246674239637
27,997.188,0.17274443697184325
27,1001.5600000000001,0.1737765045464039
27,1005.94,0.17486117158085107
27,1010.3100000000001,0.17599323347210885
27,1014.69,0.1771291445195675
27,1019.0600000000001,0.17825090251863002
27,1023.4399999999999,0.17935417968779802
27,1027.81,0.1804187870770693
27,1032.19,0.18142283216118812
27,1036.56,0.18235683005303144
27,1040.94,0.1832124488055706
27,1045.31,0.18398668143898247
27,1049.69,0.1846856640279293
27,1054.06,0.18530670311301947
27,1058.44,0.18584690924733877
27,1062.81,0.18631149027496577
27,1067.19,0.18670541312545538
27,1071.5600000000002,0.18702479284256696
27,1075.9399999999998,0.18726130500435828
27,1080.3100000000002,0.1874119072780013
27,1084.6899999999998,0.18747409392148257
27,1089.06,0.18745189845561983
27,1093.44,0.1873579566553235
27,1097.81,0.1871951074898243
27,1102.19,0.1869594656676054
27,1106.56,0.1866720061376691
27,1110.94,0.18638010069727898
27,1115.31,0.18607383411377668
27,1119.69,0.18553304441273213
27,1124.06,0.18393726602196694
27,1128.44,0.18078748971223832
27,1132.8100000000002,0.17720476876944302
27,1137.1899999999998,0.1738698001205921
27,1141.56,0.1705960189923644
27,1145.94,0.16590918287634848
27,1150.31,0.16080571472644806
27,1154.69,0.15773989882320166
27,1159.06,0.15617644619196652
27,1163.44,0.1552995351329446
27,1167.81,0.1547501240670681
27,1172.19,0.15437524504959582
27,1176.56,0.15408574383705853
27,1180.94,0.1538152289390564
27,1185.3100000000002,0.15354543849825858
27,1189.6899999999998,0.1533332396671176
27,1194.06,0.15325712405145167
27,1198.44,0.15337671741843223
27,1202.81,0.15371967047452928
27,1207.19,0.15426094833761453
27,1211.56,0.154981785453856
27,1215.94,0.15585571009665727
27,1220.31,0.15681752238422633
27,1224.69,0.1578230396285653
27,1229.06,0.15881898809224368
27,1233.44,0.15975104868412018
27,1237.8100000000002,0.1606066582351923
27,1242.1899999999998,0.1613953985273838
27,1246.56,0.16212155241519213
27,1250.94,0.16277146782726049
27,1255.31,0.1633260076865554
27,1259.69,0.16377666808664798
27,1264.06,0.1641073202714324
27,1268.44,0.16426405396312474
27,1272.81,0.16420665074139834
27,1277.19,0.16395629256963729
27,1281.56,0.1635279170423746
27,1285.94,0.16292020857334136
27,1290.3100000000002,0.16211736619472503
27,1294.6899999999998,0.161069014146924
27,1299.0600000000002,0.1597344234585762
27,1303.4399999999998,0.15809859339147805
27,1307.81,0.15612743467092513
27,1312.19,0.15374586783349514
27,1316.56,0.1509552827477455
27,1320.94,0.14798151057213546
27,1325.31,0.14500911667943
27,1329.69,0.141683714389801
27,1334.06,0.13763985004276036
27,1338.44,0.13409850798547268
27,1342.81,0.13175887137651443
27,1347.19,0.13019238777458667
27,1500.31,0.050930162286385895
27,1504.69,0.05235286565497518
27,1509.0600000000002,0.05383929289877415
27,1513.4399999999998,0.05533158372156322
27,1517.8100000000002,0.05689076792448759
27,1522.1899999999998,0.05844002848491073
27,1526.56,0.059966789595782756
27,1530.94,0.06150928072631359
27,1535.31,0.063035898655653
27,1539.69,0.0645492184534669
27,1544.06,0.0660646215826273
27,1548.44,0.06755451751872897
27,1552.81,0.06900368662551046
27,1557.19,0.07042290760204196
27,1561.56,0.07178708279505372
27,1565.94,0.07310730285942554
27,1570.3100000000002,0.07444775512441992
27,1574.6899999999998,0.07579881666228175
27,1579.06,0.07709462460130453
27,1583.44,0.07834018455818295
27,1587.81,0.07957080392166972
27,1592.19,0.0807872019521892
27,1596.56,0.08196832049638032
27,1600.94,0.08313557175919413
27,1605.31,0.08428497470915318
27,1609.69,0.08539020232856273
27,1614.06,0.08643151210620999
27,1618.44,0.08738889921456576
27,1622.8100000000002,0.0882839066721499
27,1627.1899999999998,0.08912195526063442
27,1631.56,0.08988700808957219
27,1635.94,0.09057490205392242
27,1640.31,0.09118753097951413
27,1644.69,0.09169827191159129
27,1649.06,0.09206512194126844
27,1653.44,0.09227783983573318
27,1657.81,0.09235818916931748
27,1662.19,0.09234822383150458
27,1666.56,0.09228761715814471
27,1670.94,0.09218083214014769
27,1675.3100000000002,0.0919841674529016
27,1679.6899999999998,0.09165234738960862
27,1684.06,0.09118465475738048
27,1688.44,0.09059930199757218
27,1692.81,0.08989959750324487
27,1697.19,0.08909358797594905
27,1701.56,0.0882130046747625
27,1705.94,0.08729441044852138
27,1710.31,0.08637268221005798
27,1714.69,0.08552012514322996
27,1719.06,0.08477190986275673
27,1723.44,0.08409566635265947
27,1727.8100000000002,0.0834961848333478
27,1732.1899999999998,0.0829596277885139
27,1736.5600000000002,0.08237855495885014
27,1740.9399999999998,0.08167887542396784
27,1745.31,0.08084472356364131
27,1749.69,0.079921504445374
27,1754.06,0.07900296939536929
27,1758.44,0.07814038205891848
27,1762.81,0.07738225350156426
27,1767.19,0.076726263910532
27,1771.56,0.07620613377541303
27,1775.94,0.0758026091940701
27,1780.31,0.07545896569266915
27,1784.69,0.07519057305529714
27,1789.0600000000002,0.07501983171328902
27,1999.06,0.02708737903740257
27,2003.4399999999998,0.027739014958497135
27,2007.8100000000002,0.028570316550321877
27,2012.1899999999998,0.02927515916991979
27,2016.5600000000002,0.030098419920541346
27,2020.94,0.03077105912845582
27,2025.3100000000002,0.03123259828425944
27,2029.69,0.03165439932607114
27,2034.0600000000002,0.032055534273386005
27,2038.44,0.032428743871860205
27,2042.8099999999997,0.03279251596424729
27,2047.19,0.033144058953039346
27,2051.56,0.03352852697018534
27,2055.94,0.03398179712239653
27,2060.31,0.03442036306019872
27,2064.69,0.034845102499239146
27,2069.06,0.03529547733720392
27,2073.44,0.035736698820255694
27,2077.81,0.036152268783189355
27,2082.19,0.036566331223584714
27,2086.56,0.036999843288213013
27,2090.9399999999996,0.03743636694271117
27,2095.31,0.037864843686111274
27,2099.69,0.03830689443275333
27,2104.06,0.03875550378113985
27,2108.44,0.03918646804988384
27,2112.81,0.03961345328949392
27,2117.19,0.04004842154681683
27,2121.56,0.0404879651684314
27,2125.94,0.0409105552919209
27,2130.31,0.041299873124808074
27,2134.69,0.04166834928095341
27,2139.0600000000004,0.04203491332940757
27,2143.44,0.042394999684765934
27,2147.8100000000004,0.04275670124217868
27,2152.19,0.043139435276389124
27,2156.56,0.043514984557405115
27,2160.94,0.043864413443952796
27,2165.31,0.044209060333669184
27,2169.69,0.044541718335822225
27,2174.06,0.04485758914612234
27,2178.44,0.04516822583042085
27,2182.81,0.04548454566858709
27,2187.19,0.045796723244711755
27,2191.56,0.046062652384862304
27,2195.9399999999996,0.04629246529191732
27,2200.31,0.04651771544478834
27,2204.6899999999996,0.04673246254213154
27,2209.06,0.046909945914521814
27,2213.44,0.047025495860725644
27,2217.81,0.047075062664225696
27,2222.19,0.04704849935136735
27,2226.56,0.04690113565884531
27,2230.94,0.04658827270381152
27,2235.31,0.04610771059058607
27,2239.69,0.04549510660581291
27,2244.06,0.04478547919541597
27,2248.44,0.04400475651957095
27,2252.8100000000004,0.043182120453566314
27,2257.19,0.042331959567964074
27,2261.56,0.041478636506944895
27,2265.94,0.04065887775272131
27,2270.31,0.0398973224684596
27,2274.69,0.03919580495916307
27,2279.06,0.038535561859607693
27,2283.44,0.03789327649399638
27,2287.81,0.037253981181420384
27,2292.19,0.036589670833200215
27,2296.56,0.03590222844388336
27,2300.94,0.03526906835380941
27,2305.31,0.03475380006246269
27,2309.6899999999996,0.034371742131188515
27,2314.06,0.034084809902124105
27,2318.44,0.033809318742714825
27,2322.81,0.03348981252405792
27,2327.19,0.03313219885807484
27,2331.56,0.03274803088977933
27,2335.94,0.03234976437408477
27,2340.31,0.03195410241838545
27,2344.69,0.031605407116003334
27,2349.06,0.031332699288614096
27,2353.44,0.031107950769364835
27,2357.8100000000004,0.03093179377261549
27,2362.19,0.030782980653457345
27,2366.5600000000004,0.030614555878564716
27,2370.94,0.030393748180940747
27,2375.31,0.030154785262420773
27,2379.69,0.029898380120284854
27,2384.06,0.029555460251867772
27,2388.44,0.0291595095442608
27,2392.81,0.028799587888643147
27,2397.19,0.02847424166277051
27,2401.56,0.028158822925761343
27,2405.94,0.027809787346050142
27,2410.31,0.02741093110991642
27,2414.6899999999996,0.026922958958894013
27,2419.06,0.026343718448188155
27,2423.4399999999996,0.025926662024576216
27,2427.81,0.02561683685518801
27,2432.19,0.025243981275707483
27,2436.56,0.02474026016192511
27,2440.94,0.02438116580247879
27,2445.31,0.02403706471901387
27,2449.69,0.023018536022864283
27,2454.06,0.02211574470391497
27,2458.44,0.021981929807225242
27,2462.81,0.02170580590842292
27,2467.19,0.021052095037593973
27,2471.5600000000004,0.019788661988059175
30,402.188,0.010329847922257614
30,406.56199999999995,0.010483635785931256
30,410.93800000000005,0.010734358516929205
30,415.313,0.011060448381467722
30,419.68699999999995,0.01142355547461193
30,424.06300000000005,0.011798927589552477
30,428.438,0.012176225393777712
30,432.813,0.01253530997550115
30,437.18800000000005,0.012850266817840747
30,441.563,0.013136922047124244
30,445.938,0.013414250380592421
30,450.31300000000005,0.01367825928144157
30,454.688,0.013917629688512534
30,459.063,0.01412048442172818
30,463.438,0.014279525533784181
30,467.813,0.01440519938012585
30,472.187,0.014516433129319922
30,476.562,0.014625697266310453
30,480.938,0.014749579934868962
30,485.313,0.014928899441147224
30,489.688,0.015213105834554881
30,494.063,0.015644566721748562
30,498.438,0.016305635443422943
30,502.812,0.017306998556014152
30,507.188,0.018709227754734457
30,511.563,0.020573730522301048
30,515.937,0.02299087893916294
30,520.313,0.025795721646863966
30,524.687,0.028572352977935225
30,529.062,0.031059132118243724
30,533.438,0.03309020015178248
30,537.813,0.0346294721076265
30,542.188,0.035781803810968994
30,546.563,0.036641127611510456
30,550.938,0.037196836024522784
30,555.312,0.037342880507931116
30,559.688,0.036983762900345024
30,564.063,0.03613712542224676
30,568.438,0.034903293466195466
30,572.813,0.03345730622764677
30,577.187,0.032068457645364104
30,581.562,0.03092975061852485
30,585.938,0.03006831564940512
30,590.313,0.02942946396302432
30,594.688,0.02896812159335241
30,599.063,0.028587263142690063
30,603.438,0.028124826732091605
30,607.812,0.02747561253141612
30,612.188,0.026671737241558732
30,616.563,0.025867033407557756
30,620.937,0.02523615930695087
30,625.312,0.02484047209378332
30,629.687,0.024576441696844996
30,634.063,0.024226618711836637
30,638.437,0.02360992027213797
30,642.813,0.02272549562389031
30,647.188,0.021732947316486388
30,651.563,0.020802226453088223
30,655.938,0.019938362847315146
30,660.313,0.01906794957118109
30,664.687,0.018256186766084283
30,669.063,0.017660932985600085
30,673.438,0.017419475361239164
30,677.813,0.017646802073577418
30,682.187,0.01861479765851982
30,686.562,0.02103210812434554
30,690.937,0.025892626440618186
30,695.312,0.03356441892683506
30,699.688,0.04369566996581852
30,704.063,0.05548754338175058
30,708.438,0.06757853358983994
30,712.813,0.07931882911361754
30,717.187,0.09166657504625618
30,721.563,0.1050293934904039
30,725.938,0.11749758060090244
30,730.313,0.12781433921307325
30,734.687,0.13564654698595405
30,739.063,0.141504605486989
30,743.437,0.14599015980958938
30,747.812,0.14934716073796153
30,752.188,0.15174876939505338
30,756.563,0.15349921610206366
30,760.938,0.15513717154040932
30,765.313,0.15666600098833441
30,769.688,0.15759284406900406
30,774.063,0.15820505863055587
30,778.438,0.15873558491468429
30,782.813,0.15920540204271674
30,787.188,0.15963289629667998
30,791.563,0.1600382307730615
30,795.937,0.16042300827801229
30,800.312,0.16078809715807438
30,804.688,0.16113013589754702
30,809.063,0.1614560447074473
30,813.438,0.16179778132587672
30,817.813,0.16215409880504011
30,822.188,0.16245560312643648
30,826.5630000000001,0.16268264144659042
30,830.937,0.16287386348471045
30,835.313,0.16306659949943422
30,839.688,0.16328184716403485
30,844.063,0.16351943066343666
30,848.437,0.16377268571406603
30,852.812,0.16403724316507579
30,857.187,0.16429545829072595
30,861.563,0.1645331915654242
30,865.938,0.16475975217297673
30,870.313,0.16497855622321367
30,874.687,0.16518488900735975
30,879.063,0.16537924930453302
30,883.437,0.16555483454838396
30,887.813,0.16570779973641037
30,892.188,0.16585194891318678
30,896.562,0.1660043292492628
30,900.938,0.1661465629376471
30,905.312,0.16624544322490692
30,909.6880000000001,0.16630836648866534
30,914.062,0.1663224404118955
30,918.438,0.16626321205869318
30,922.813,0.16615420212969184
30,927.188,0.16601485071703792
30,931.563,0.1657596443966031
30,935.937,0.16504335025325417
30,940.312,0.16392836324870586
30,944.688,0.16270208936184644
30,949.063,0.16105074977502226
30,953.438,0.15914867447689177
30,957.812,0.15742801655083893
30,962.187,0.1562458780966699
30,966.562,0.15562968535348773
30,970.938,0.15538621867075564
30,975.313,0.1553784682042897
30,979.688,0.15558286817744374
30,984.063,0.15598228260874747
30,988.438,0.15655978152528405
30,992.812,0.1572925529256463
30,997.188,0.15812441697344184
30,1001.5600000000001,0.1590201498568058
30,1005.94,0.15998569453135134
30,1010.3100000000001,0.16100597500801087
30,1014.69,0.16204327676445246
30,1019.0600000000001,0.16307810364291073
30,1023.4399999999999,0.1640931155346334
30,1027.81,0.16505515277385713
30,1032.19,0.1659412955865264
30,1036.56,0.16675086447969079
30,1040.94,0.1674848781339824
30,1045.31,0.16814463755115866
30,1049.69,0.16873550651594996
30,1054.06,0.16925478396937252
30,1058.44,0.16970152053982018
30,1062.81,0.1700815500319004
30,1067.19,0.1703987482562661
30,1071.5600000000002,0.17064912345260383
30,1075.9399999999998,0.17082637909799814
30,1080.3100000000002,0.17093011137098074
30,1084.6899999999998,0.1709594018943608
30,1089.06,0.17091534491628407
30,1093.44,0.17080475747585297
30,1097.81,0.17062853146344423
30,1102.19,0.17038533544167878
30,1106.56,0.17009726576507092
30,1110.94,0.1698075900785625
30,1115.31,0.1695000423118472
30,1119.69,0.16894850835204125
30,1124.06,0.16734089037403466
30,1128.44,0.16424847964197398
30,1132.8100000000002,0.16082801232114435
30,1137.1899999999998,0.15768915191292762
30,1141.56,0.15461913214996456
30,1145.94,0.15021041626110673
30,1150.31,0.1453733837790787
30,1154.69,0.14243239477276803
30,1159.06,0.1409085057117045
30,1163.44,0.1400306679494679
30,1167.81,0.13945302600041032
30,1172.19,0.13903044132515788
30,1176.56,0.13868141243234278
30,1180.94,0.1383467703871429
30,1185.3100000000002,0.13801584059372543
30,1189.6899999999998,0.13775210274383426
30,1194.06,0.13763071117922665
30,1198.44,0.13769914254546164
30,1202.81,0.13797996258363127
30,1207.19,0.13845546819269658
30,1211.56,0.13911180660128594
30,1215.94,0.13992187809199094
30,1220.31,0.14081679848954082
30,1224.69,0.14174726976081728
30,1229.06,0.14266155824065208
30,1233.44,0.14351090328767896
30,1237.8100000000002,0.14428523000329732
30,1242.1899999999998,0.14499482207000255
30,1246.56,0.14564414374530316
30,1250.94,0.1462193464487791
30,1255.31,0.14670149866491555
30,1259.69,0.14708249263465403
30,1264.06,0.14734808323904872
30,1268.44,0.147450322303921
30,1272.81,0.14735542122274636
30,1277.19,0.14708285816013814
30,1281.56,0.14664250336587428
30,1285.94,0.14603232972323896
30,1290.3100000000002,0.1452381400205195
30,1294.6899999999998,0.14421092543751002
30,1299.0600000000002,0.14291035801172255
30,1303.4399999999998,0.14132117548957468
30,1307.81,0.13941035453230144
30,1312.19,0.13710742956027389
30,1316.56,0.134416187107563
30,1320.94,0.1315536836348474
30,1325.31,0.1286954566091299
30,1329.69,0.12550039583817124
30,1334.06,0.12162127314135432
30,1338.44,0.11823645159602165
30,1342.81,0.116013715993613
30,1347.19,0.11453460965305567
30,1500.31,0.039679800388403234
30,1504.69,0.04097556102555245
30,1509.0600000000002,0.04232855733018368
30,1513.4399999999998,0.04368694686330855
30,1517.8100000000002,0.04510632780380547
30,1522.1899999999998,0.04651682049036026
30,1526.56,0.047906790552660825
30,1530.94,0.04931126383133232
30,1535.31,0.05070217833854258
30,1539.69,0.052081666719168425
30,1544.06,0.053462907066568734
30,1548.44,0.054820418115705254
30,1552.81,0.05614030189812183
30,1557.19,0.05743225621990859
30,1561.56,0.05867325566709042
30,1565.94,0.05987328433431685
30,1570.3100000000002,0.06109099571593106
30,1574.6899999999998,0.06231897828169167
30,1579.06,0.06349843005649745
30,1583.44,0.06463335910812021
30,1587.81,0.06575502923689783
30,1592.19,0.06686370006762445
30,1596.56,0.06793901537545026
30,1600.94,0.06899925504811108
30,1605.31,0.07004167045466601
30,1609.69,0.07104429235681892
30,1614.06,0.0719902950245887
30,1618.44,0.07286044928245246
30,1622.8100000000002,0.0736724968906492
30,1627.1899999999998,0.07443052496761084
30,1631.56,0.07512029037810862
30,1635.94,0.07573870821855962
30,1640.31,0.07628781429491938
30,1644.69,0.07674262156710028
30,1649.06,0.07706232003867626
30,1653.44,0.07723474394530058
30,1657.81,0.07727950582280756
30,1662.19,0.07723751510493457
30,1666.56,0.07714938213117421
30,1670.94,0.077023018989712
30,1675.3100000000002,0.07681748172268271
30,1679.6899999999998,0.07648838929831982
30,1684.06,0.0760350549314171
30,1688.44,0.0754753349442035
30,1692.81,0.07481143989600242
30,1697.19,0.07404846175573766
30,1701.56,0.07321436294354498
30,1705.94,0.07234371291473508
30,1710.31,0.07147111195139587
30,1714.69,0.07066720262169839
30,1719.06,0.06996719915419818
30,1723.44,0.06934242709539831
30,1727.8100000000002,0.06879742085933685
30,1732.1899999999998,0.06831725724972784
30,1736.5600000000002,0.06779966235160828
30,1740.9399999999998,0.06717263649217785
30,1745.31,0.06642036157660186
30,1749.69,0.0655858991201967
30,1754.06,0.0647564715705812
30,1758.44,0.06397939953953027
30,1762.81,0.06329851906746625
30,1767.19,0.0627118014730513
30,1771.56,0.06224825531244278
30,1775.94,0.061888712625950575
30,1780.31,0.06158044361509383
30,1784.69,0.0613359862472862
30,1789.0600000000002,0.061178158363327385
30,1999.06,0.018438628879375755
30,2003.4399999999998,0.01901404146279674
30,2007.8100000000002,0.019705275092856026
30,2012.1899999999998,0.02023023033136269
30,2016.5600000000002,0.02081737265281845
30,2020.94,0.021317000434501097
30,2025.3100000000002,0.0216798480367288
30,2029.69,0.022022849334171042
30,2034.0600000000002,0.02235810998477973
30,2038.44,0.022679904388496652
30,2042.8099999999997,0.023000549456337466
30,2047.19,0.023311181021854283
30,2051.56,0.023646835477557034
30,2055.94,0.024035680289380253
30,2060.31,0.02440581629052758
30,2064.69,0.024762550815939904
30,2069.06,0.025143804610706866
30,2073.44,0.02552190368529409
30,2077.81,0.02587915727868676
30,2082.19,0.0262309354217723
30,2086.56,0.026595151559449734
30,2090.9399999999996,0.026965070522855968
30,2095.31,0.027335671389009802
30,2099.69,0.02771923813736066
30,2104.06,0.028104408613871784
30,2108.44,0.028472341271117328
30,2112.81,0.028836552640423178
30,2117.19,0.029206325565464795
30,2121.56,0.02957806847989559
30,2125.94,0.029940727311186494
30,2130.31,0.030286936946213247
30,2134.69,0.030621717306785284
30,2139.0600000000004,0.03095725302118808
30,2143.44,0.031293103573843836
30,2147.8100000000004,0.03163834869861603
30,2152.19,0.03200897964648902
30,2156.56,0.0323779219109565
30,2160.94,0.032726847482845184
30,2165.31,0.033074359614402055
30,2169.69,0.03341047803405672
30,2174.06,0.03372995230834931
30,2178.44,0.03404341026674956
30,2182.81,0.03436047383584082
30,2187.19,0.03467640448361635
30,2191.56,0.034954035738483075
30,2195.9399999999996,0.03519921568688005
30,2200.31,0.03543126508127898
30,2204.6899999999996,0.03563480499200523
30,2209.06,0.0357926985854283
30,2213.44,0.03589415583759546
30,2217.81,0.035930727776139974
30,2222.19,0.03588695217855275
30,2226.56,0.03573864452075213
30,2230.94,0.03546745222993195
30,2235.31,0.035068274070508776
30,2239.69,0.034551523155532775
30,2244.06,0.033935969904996456
30,2248.44,0.03324736606329679
30,2252.8100000000004,0.03251880233641714
30,2257.19,0.03176681484095752
30,2261.56,0.031012546829879285
30,2265.94,0.03028430293314159
30,2270.31,0.029602729231119156
30,2274.69,0.0289756763773039
30,2279.06,0.02839076496195048
30,2283.44,0.02782219510525465
30,2287.81,0.027250845353119075
30,2292.19,0.026657406073063612
30,2296.56,0.02605466964188963
30,2300.94,0.025516578867100178
30,2305.31,0.025094456570222974
30,2309.6899999999996,0.024796335538849235
30,2314.06,0.024589762198738752
30,2318.44,0.02440008056582883
30,2322.81,0.02416444424772635
30,2327.19,0.023880477941129356
30,2331.56,0.02356322483159602
30,2335.94,0.023217935811262577
30,2340.31,0.022849371475167572
30,2344.69,0.022502073370851576
30,2349.06,0.02220845807576552
30,2353.44,0.021941118997056037
30,2357.8100000000004,0.02171593956882134
30,2362.19,0.02152475616429001
30,2366.5600000000004,0.021320332979084925
30,2370.94,0.02106963998870924
30,2375.31,0.020813196061644702
30,2379.69,0.020563944063615055
30,2384.06,0.02027032107580453
30,2388.44,0.01995466579333879
30,2392.81,0.019671751116402448
30,2397.19,0.019413988060550766
30,2401.56,0.019167623562389054
30,2405.94,0.018896606056950985
30,2410.31,0.018571440488740334
30,2414.6899999999996,0.018172498722051386
30,2419.06,0.01775138063741906
30,2423.4399999999996,0.017476111520663834
30,2427.81,0.017256352315380353
30,2432.19,0.01697098375792848
30,2436.56,0.01659134352077672
30,2440.94,0.016327828428838984
30,2445.31,0.01604141055329819
30,2449.69,0.015167289336677641
30,2454.06,0.014467999910266371
30,2458.44,0.014397402564791264
30,2462.81,0.01412857031366002
30,2467.19,0.013486888249171897
30,2471.5600000000004,0.012276687701814807
