species_richness,pixel_index,CHA_local,CHA_global,SAM_local_rad,SAM_global_rad,SAM_local_deg,SAM_global_deg,SID_local,SID_global
3,0,0.814582306537652,0.7326522885486276,0.11527671036098944,0.030371781314384432,6.604868979836703,1.740174885608524,0.033684446902498735,0.0023414102490327965
3,1,0.9877267555704488,0.9291523989183552,0.03808988732838813,0.10348332712778384,2.1823897860454746,5.929157894393674,0.009701509704156973,0.045304819113202686
3,2,0.7550088107443371,0.6737543378423516,0.05373463373739969,0.04206368820546021,3.078767726834287,2.4100718049270897,0.01086870434611311,0.0026068067715518707
3,3,0.9275314651517436,0.8634369703998127,0.04057216383858093,0.08746440089991764,2.324613753663985,5.0113410292055205,0.0058961013951403015,0.029791230548503723
3,4,0.7150968694620181,0.6287374735655791,0.07778209284556342,0.04460676028210693,4.4565856417455,2.5557791019165164,0.011474031389446665,0.009175985748049035
3,5,0.8905652047093607,0.8290465200382233,0.023162574914484594,0.08312538732970177,1.327117785255561,4.7627338643821595,0.002001668814017684,0.021389440740832703
3,6,0.8245433014845955,0.7485993123433672,0.08703046355571188,0.02943801546548644,4.986478250809415,1.6866740434132186,0.014822815419073758,0.004490405945206413
3,7,0.9072356960926312,0.8436072521491619,0.0304210926428085,0.09050346457064919,1.7430002166094067,5.185466551209974,0.00398565567020691,0.014114922950364442
3,8,1.062391653427256,1.0141775546538407,0.06164186079855723,0.14932708218583882,3.5318184650902475,8.555811576251743,0.012454236476946844,0.06278174079593919
3,9,0.7648115189607293,0.6899447265796953,0.02998337532647796,0.11577237613923472,1.717920861763874,6.633268536979226,0.002737790143307599,0.03474418615579182
3,10,0.76545184037675,0.6796849428295466,0.14300404214764198,0.05971137150799118,8.193528068370826,3.4212095763456087,0.05563896248536504,0.010080532983778073
3,11,0.8788476071713951,0.8162779461270192,0.021850278923036953,0.1050617543241791,1.251928763473675,6.019595111015788,0.0015629155644837208,0.025358004981664732
3,12,0.7259634296602008,0.6384419927413344,0.10691595172764809,0.03074971019508877,6.125832796618678,1.761828615428986,0.03405193720738932,0.0034235473597211408
3,13,0.6907840525691632,0.5921779784454037,0.16797415301991603,0.08631884825589263,9.62421003532586,4.945705697492834,0.07711551490510253,0.021034637618850646
3,14,0.6652154699715744,0.5772476975391093,0.07544524781483698,0.1622876081044446,4.3226942841087554,9.29839501165777,0.018757900383437852,0.07568141565070423
3,15,0.74677082124621,0.671990716525346,0.045350376289692025,0.13328192585353985,2.5983851607295105,7.636491836783406,0.007747541516242684,0.05162526132245039
3,16,0.6905067957062847,0.6063300881701369,0.017557850571420973,0.09005761827881922,1.0059907350637824,5.159921440376559,0.0015750421402422467,0.020062446722460124
3,17,0.6974598227469018,0.609053901261519,0.11934055788858067,0.04475304142101559,6.837710291752355,2.5641603937983497,0.038062669120811764,0.00669619954618576
3,18,0.8084529200977433,0.7406687301542809,0.02403612368419268,0.10114194211179375,1.37716844295868,5.795006414762271,0.0030808995557476855,0.033321876658585166
3,19,0.7777295075287425,0.7038401218031755,0.027923564322757145,0.07905565765825784,1.5999023846560654,4.529555530449259,0.0027321037883154906,0.013082416318029005
3,20,0.7259685260111779,0.6435816782224753,0.03653153983227645,0.0815910936773267,2.093103051503496,4.674825313567355,0.004048141220930422,0.028695166302803457
3,21,1.1274066462580399,1.0820765914845358,0.06311558648739052,0.151333183734542,3.616256727220405,8.670752728267095,0.016792871966512246,0.07264686037311949
3,22,0.6716353324934407,0.5834643331793307,0.05416398646713797,0.11778006636792196,3.103367826170712,6.748300713652659,0.012298300714498668,0.0555024240868806
3,23,0.7290852163423212,0.6475648860371821,0.06189521134642313,0.0524031204811646,3.546334382220291,3.002477636886295,0.009088748756770165,0.009917565938114867
3,24,0.5818914012591039,0.47457998608230334,0.02485917595393913,0.09357581560629699,1.4243258643338144,5.36149929873524,0.0028855810493126676,0.029044371341654614
3,25,0.756383854519377,0.6800533536738316,0.023918191289677544,0.08930263797824231,1.3704114144850907,5.116664255537983,0.0017903350851807246,0.024402584881123797
3,26,0.6625711766746785,0.5721986030355543,0.030681428070921266,0.07404663894493395,1.7579163378979996,4.2425598986737505,0.002872654877063046,0.013056385890954335
3,27,0.7166917201444603,0.638286879927788,0.0749727565645497,0.16272119966400814,4.295622529610435,9.323237978053255,0.017921230875546215,0.07497245034161769
3,28,0.810331148168755,0.7408965612197066,0.0165708239947672,0.09755307659607947,0.9494382779542756,5.5893795674718,0.0006570323590957411,0.021976508676864834
3,29,0.7060004196751338,0.6214757816991012,0.04916089792603432,0.11660754321137436,2.8167119682352086,6.681120085401124,0.006788016136708635,0.0441858138870744
3,30,0.6228205347948528,0.5125201062260701,0.2031958504436434,0.124181019548577,11.642264644992244,7.1150483157650335,0.10394194194866312,0.04134962529295086
3,31,0.7908929760435254,0.7213550615882033,0.0698307221568927,0.15525498707119267,4.0010056599406365,8.895455507537502,0.02098386998246103,0.07769114091221926
3,32,0.8526649494062856,0.788542341626263,0.0430963618879106,0.13064160924669513,2.46923964854573,7.485212838632901,0.006617223345249949,0.04838993167571559
3,33,0.7984102929608546,0.7283505341076161,0.03268932793956581,0.11787301518128669,1.8729605260562043,6.753626288369207,0.004605733618983608,0.04167231926033459
3,34,0.7005287136747712,0.615957300368953,0.038602545737902616,0.07015311784388575,2.211762949242544,4.019477572138559,0.004533822465965768,0.015553953069407503
3,35,0.7292094162918827,0.6494816134610638,0.03172850449095298,0.10949861210498527,1.8179093975934841,6.273808336155763,0.005935294985790016,0.03937051460627701
3,36,0.6994092786207706,0.6136220715706882,0.04655446277518208,0.05746884821821191,2.6673742345168314,3.2927224563814637,0.005382962519508401,0.010637892808378919
3,37,0.7498391033603311,0.6725975223312726,0.03261955202710494,0.06366270872966716,1.868962660760522,3.6476045225805906,0.002407836704862132,0.01302130261054876
3,38,0.6677919393877831,0.5805603366766348,0.04080186840224813,0.12738727045441325,2.3377748556970093,7.298752960729448,0.0035915506190440268,0.039375880122028126
3,39,0.7737015233647703,0.7039194380551781,0.06738952977749425,0.15421617674268268,3.8611356396216063,8.83593605999928,0.012800825695573774,0.0631550822319305
3,40,0.7812690594416966,0.6889734587543075,0.1978847906613485,0.11564549358247696,11.337963334725076,6.6259987019831765,0.09646254880144575,0.03196936107131171
3,41,0.8818101818257164,0.8229672038430227,0.0360055792113605,0.12352255316227558,2.062967727734932,7.077320970878731,0.006009079554128716,0.046308157483972455
3,42,0.6724803720697775,0.5844538257039332,0.03005739212974087,0.10511710339112955,1.7221617122038888,6.022766378952037,0.006637749377966867,0.04278125130189517
3,43,0.8758058217265475,0.8133183763527215,0.05859952856386437,0.1437909151705443,3.3575056681657425,8.23861257159583,0.012981163766014596,0.06030641317820977
3,44,0.7306042226493478,0.6510134403250926,0.045412824816412685,0.05672756227526995,2.6019631977474145,3.2502499004385137,0.0067694395732965686,0.009115305061245957
3,45,0.6394456740979648,0.539034823705716,0.13108510452706487,0.04805026247870164,7.510623246432059,2.7530772445254215,0.047072388298708426,0.006660570781218605
3,46,1.3715028226571704,1.3369093483534544,0.0792660968050668,0.16742893516368396,4.541612805405746,9.592971353248592,0.025590186354186764,0.09038976370737832
3,47,0.727523321536617,0.6512940075987639,0.07325762046375357,0.160657702221521,4.197352469744292,9.205008283562703,0.024083066606137203,0.0853906336711092
3,48,0.7538188302502993,0.6784509438412655,0.03730842767112324,0.12322031293790701,2.1376154458244563,7.0600038816233255,0.006316103477254961,0.04731468121766652
3,49,0.9796030124730927,0.9286004349829907,0.08905031079694656,0.1763033650208633,5.102206972993304,10.101438729649853,0.03808863838667898,0.11100307939522736
3,50,0.8435245728963917,0.7764241089222691,0.031889718624835355,0.07175858153485096,1.8271462870628012,4.111463865792361,0.004925320703826551,0.008172721730666532
3,51,0.7727652285487129,0.6972067777840373,0.03212798739004011,0.06786333344335024,1.8407980816988272,3.8882825899929814,0.0028341102826819706,0.010212477291820538
3,52,0.7220733127235819,0.641717953936714,0.025160443972009335,0.09460865968979823,1.4415872502715081,5.420676905614918,0.003371719872863837,0.028862984581008652
3,53,0.9684212096884787,0.9126502000222343,0.025300851097188104,0.09649892999832602,1.4496319859578166,5.528981416432453,0.0031983375146467184,0.02808226678288988
3,54,0.8767969167810611,0.8129163501418215,0.022479826824274136,0.0900111512841438,1.2879992012158845,5.1572590776950005,0.0024693079821160686,0.015229406433534327
3,55,1.3283198925008075,1.2937058434195874,0.12724960634153956,0.21458982723744457,7.2908653880713725,12.295091427147051,0.07090996297753961,0.16559239127762893
3,56,0.6888249167257792,0.6038845303448716,0.021296796297959303,0.09524745660758514,1.220216545022904,5.4572772729700745,0.0016332503518950237,0.02548870916272239
3,57,0.768818440482198,0.6940402352743967,0.03292497385127503,0.06532342791516256,1.8864620422566551,3.742756722865881,0.0042934445877666275,0.008812366201353339
3,58,0.8349381505316671,0.7708422545420404,0.02849120058107984,0.1131280730889344,1.6324255465565534,6.481761132443447,0.005240320297713687,0.041896356412769745
3,59,0.9237873390794948,0.8594061626079207,0.07418369399874328,0.022315946623788403,4.250412574817963,1.2786095573822942,0.013427252793507961,0.0020121249541222436
3,60,0.7925491250604951,0.7244838513172177,0.08649830978579301,0.17439657580296944,4.955988085741088,9.992187755043485,0.034925826144210706,0.10676960986930817
3,61,0.7476260931242448,0.6714335009657199,0.06423808162221084,0.15108735428123046,3.680570960969578,8.656667738112334,0.024263218326131885,0.08597695088110821
3,62,1.093916104151405,1.045553612977453,0.019069660726477568,0.09296533945289352,1.092611076373544,5.326521591651841,0.0018774476622915965,0.026297002566175072
3,63,0.7071601215977095,0.6240024078012087,0.0334193359411875,0.07478917925983296,1.9147869035599063,4.285104324835778,0.003543428919273009,0.011804006227690685
3,64,0.6603849600676763,0.5695703278769656,0.06345284173596125,0.04951581011550836,3.6355800295821434,2.8370469387898183,0.01662590160605475,0.005005523516036652
3,65,0.9067315355735065,0.8465642803805472,0.01619638785010129,0.08516873731547486,0.927984667167769,4.879809194635075,0.0011704049380477962,0.022924337277367174
3,66,0.9044002575043989,0.8471345968274178,0.04606343943359073,0.1336388552339395,2.6392406694012363,7.656942383864526,0.008467581967783147,0.05303709292180281
3,67,0.6383760344996847,0.5432706191135087,0.06561547031853543,0.05326386463649429,3.7594895200180036,3.0517946442272397,0.01301029201874208,0.011058919957565673
3,68,0.8464198252135906,0.7815365903768599,0.016626284611876336,0.10288563936347275,0.9526159372438201,5.894912908032039,0.0014188410413187545,0.030206928775034718
3,69,0.6171537059389323,0.5127243552367324,0.11045041808944112,0.02955378896864024,6.328342801980377,1.6933073765233757,0.034642118721897215,0.0031221751151893472
3,70,0.7493440404273181,0.6715012289547313,0.03086715503790376,0.08782438130743127,1.7685577092478622,5.03196638726345,0.0033268460003885976,0.025154413324051356
3,71,0.856393405948181,0.7940645885813612,0.06768405773080893,0.15540749575063595,3.8780108482951636,8.904193611208715,0.02318932955608534,0.08509304837749682
3,72,0.9156280937591671,0.8578124134217656,0.03211338506320164,0.11889313493483422,1.8399614299999123,6.812074844845407,0.004684343591624444,0.042180362062356244
3,73,0.7792101346226875,0.7069333008471846,0.015897502391988002,0.08462147893551608,0.9108597918600434,4.84845359916027,0.0009793820215506562,0.0206114194530257
3,74,0.8323102892087205,0.7635862999714247,0.042957073276033785,0.06778446177626381,2.4612589989509526,3.8837635763457676,0.004409844359647993,0.015528877964005365
3,75,0.8557376735584777,0.7947719431971991,0.06087763658522409,0.14674261185129017,3.4880316430645535,8.407732333805344,0.02016594777400181,0.07843862583612837
3,76,0.8104679790894344,0.7393864237855486,0.037590422279913285,0.09487816900842522,2.153772546753569,5.436118652111691,0.0073030721970755875,0.031404364194647524
3,77,0.8770607828813551,0.8036537347644824,0.0893898600690679,0.04042029432537348,5.121661713222596,2.3159122715204914,0.025786756002024867,0.008907864927466942
3,78,0.6602413045843618,0.5723605169126269,0.08847039896262646,0.17664629017531425,5.068980472397072,10.121086893688766,0.03371556021279417,0.10523869629422829
3,79,0.7022686359701882,0.6129158559176152,0.052292308929967134,0.043241089436197394,2.9961286026813827,2.477531926241839,0.00531068617761191,0.0071469470207200375
3,80,0.8487659921913452,0.7826357895944577,0.02811744047642039,0.11278346445723486,1.611010670009199,6.462016512263285,0.003191997215570848,0.037084025761629995
3,81,0.8059911511169385,0.7368172035382177,0.020215636545929064,0.1024270707939688,1.1582706542521608,5.868638864382111,0.0023528280067716296,0.03140433958870546
3,82,0.7300485985991717,0.6515242502715752,0.026715907174095645,0.1114055825301073,1.5307087269389583,6.383069693171524,0.0027850484242904535,0.03618881842970041
3,83,0.8241735019570241,0.7573051520750393,0.03526078439027065,0.1189857334549212,2.020294127883282,6.817380349235548,0.007331408941573834,0.046734398985485065
3,84,0.7807792242924553,0.7097667309209408,0.04299676262730691,0.11998020173181372,2.463533031270515,6.874359184361136,0.007745924948659156,0.04094017722915412
3,85,0.7191955013921753,0.6392155022031641,0.02414935185697219,0.10116269012634378,1.3836559393809238,5.796195188429263,0.0032317548185429867,0.02817593663651876
3,86,1.4007216739900736,1.3708330858890487,0.15537450985454931,0.23881711070887826,8.902303658579495,13.68321251912726,0.07256985115342741,0.16507636159928818
3,87,0.6997980668426199,0.6102280965412884,0.10692854176037442,0.029596588518455293,6.126554152357828,1.6957596100928383,0.03365176559665977,0.0026753427048916926
3,88,0.909072827716874,0.8484918329130784,0.021056236476617415,0.0885535704014084,1.2064334825395928,5.073745844815309,0.0023694930937196183,0.014771287162542515
3,89,0.7251183324661598,0.6409095634587378,0.0773040828782412,0.021350417859320316,4.42919768805275,1.2232888341797918,0.01511743535563493,0.001506603516428338
3,90,0.7140946250455068,0.613888517421105,0.20330528723907756,0.11878784293057407,11.648534911494057,6.806042057384826,0.09672165284969943,0.030697698868996093
3,91,0.9444160565983815,0.8818934875629701,0.04944398683581565,0.044124293527983055,2.8329317679926382,2.5281357931498425,0.009099747829298191,0.003196200418541066
3,92,0.9111797010071848,0.852208958197626,0.04612686723926151,0.13218037644373481,2.642874814969948,7.57337770467645,0.009919407409724024,0.055609720702980356
3,93,0.7121990056608394,0.632481996343792,0.07837613940518529,0.16617836187260504,4.490622002446099,9.521318781697984,0.022091279070451282,0.08351205537180073
3,94,0.8791781615026741,0.8192998517505136,0.08162222395655079,0.16919754236533718,4.67660894718196,9.694305081519765,0.03414247617134289,0.104051055540827
3,95,0.8036216846129622,0.7326277973064937,0.028759818663302635,0.09327852245435016,1.6478162289688176,5.344465655850545,0.004003322339791912,0.026763201819431523
3,96,0.7595405354245733,0.6860760168094426,0.0869223203254865,0.17502196971975564,4.9802821001345885,10.02802018700849,0.0334415538704934,0.1046862667680046
3,97,0.8965288365637127,0.8206624405021191,0.15116693068604126,0.07823113204279519,8.661227130256819,4.482313692582823,0.06779921101960958,0.019855670251681383
3,98,0.8416146920692271,0.7497813347599946,0.24386939758242315,0.1600304479698269,13.972687233870728,9.169069262258995,0.13031544457936506,0.05167766439605048
3,99,1.0378071421878021,0.9799808150661916,0.0775906692091273,0.15168087996404817,4.445617875278663,8.69067425477041,0.023004646086200797,0.07457481265092653
5,0,1.031114857848023,1.0136866596372491,0.08277640132599812,0.14339143672726645,4.742738439260803,8.215724142789554,0.031210474759886718,0.0747154270710693
5,1,0.5977717092579309,0.5551298366612071,0.12023048562895755,0.07067190976646927,6.888699395347564,4.049202159748073,0.04326067435329507,0.01513054386049446
5,2,0.8320547577672509,0.8088120971991644,0.07586332104102207,0.13662215517724066,4.3466481154965795,7.827872879637299,0.028252465927633995,0.07031603780880086
5,3,0.6733241554343529,0.6412813932275209,0.03566168971656876,0.09314828441867683,2.043264311064479,5.337003566074389,0.006960431883145228,0.031328837675715426
5,4,0.6351966106615143,0.6007980997546419,0.020253982349013832,0.05985009624021561,1.1604677069309577,3.429157918016151,0.0010738281693714483,0.009452020382586107
5,5,0.8010379369852372,0.7759115068843379,0.047131770121605264,0.10716596703874309,2.7004515089487766,6.140157618758072,0.01067703076479944,0.03896909265704402
5,6,0.7028345132265476,0.6707109664307458,0.011683763429559844,0.06177270339999101,0.6694303333430753,3.5393151939329157,0.0003660621114906248,0.010526792451159533
5,7,0.6566316701959217,0.6225775934054251,0.0186873651897833,0.04756557833701732,1.0707071555942738,2.7253068888099894,0.0013133907862199375,0.004581882633368915
5,8,0.6787143666890153,0.6377558550591218,0.17266998190569924,0.11673589624460096,9.893261211796858,6.688474172492711,0.07402111275331098,0.03382905503964592
5,9,0.6837591432738915,0.6498029841273171,0.041773209690005725,0.034078177401424554,2.393428611952322,1.952535738599726,0.0031717432314029813,0.005630335809630946
5,10,0.7039602073987716,0.6651902366945398,0.13781330601802638,0.08026838297187072,7.896120795577781,4.599039572627957,0.044897988822198934,0.015200259089259892
5,11,0.7833982891886536,0.7512101992635922,0.09506545335885956,0.04706669277535104,5.446849254960429,2.696722851666498,0.029870107719529623,0.00768817392176362
5,12,0.7088026637867508,0.6791612361561629,0.012585001774827428,0.07053062308776316,0.7210674868622621,4.041107029356792,0.00041436044109742845,0.011054457989275249
5,13,0.6942800674215743,0.6646193490841789,0.06182514087575229,0.12339205512967659,3.5423196399823564,7.069843984376049,0.013690410252433026,0.04628594484477204
5,14,0.6769409340112209,0.6406577539222518,0.043151374282483994,0.03152169506468077,2.472391626575694,1.8060600903045647,0.007020857562579308,0.0024846375110776763
5,15,0.6956818233943832,0.6674839364766745,0.10925469784963512,0.1710865125229185,6.259833078761123,9.802535099175337,0.05193532665696039,0.10641927604575736
5,16,0.8478807575267446,0.8254510092461584,0.08482942041204876,0.14608399644560957,4.860367768151311,8.369996450737547,0.029167851847292016,0.07168585238135224
5,17,0.652846196732612,0.6198462785579246,0.020759052755737042,0.07558677618363745,1.1894061095931536,4.3308032623223935,0.0025378208351169024,0.018597744359221353
5,18,0.6083224523519257,0.5719415846743053,0.05229012267488624,0.10633429392545624,2.9960033394923085,6.09250625943223,0.01359560618549736,0.03945283857767632
5,19,0.7783707979804846,0.7459145044061151,0.08618166738138952,0.02656378339503013,4.937845812353893,1.5219926764349239,0.02039690531658348,0.002221238626482833
5,20,0.8470231474027428,0.8149078312463666,0.10218572682387601,0.051738392016692884,5.854810873484862,2.964391501349854,0.016155554700287345,0.003982081512379386
5,21,0.8055936070260872,0.7761592668819809,0.04331086404200914,0.02543443331527683,2.481529716672041,1.4572856832722967,0.006293607224760075,0.0013810335628841128
5,22,0.65474139318671,0.6216268127133695,0.022132185736560287,0.06283308430992,1.2680808341045438,3.600070544748089,0.002466503027473157,0.014756727022189785
5,23,0.7352288177326065,0.7080113893285005,0.055180896364552756,0.11695777019515857,3.1616324714376605,6.701186613443557,0.009398202824601541,0.037823625146781066
5,24,1.2135074200156346,1.2007226814803622,0.21081043887198064,0.2702138809299127,12.078548424665122,15.48211494313456,0.12703941508430416,0.2050644631000169
5,25,0.8520239170689706,0.8294606144413441,0.031919748446536146,0.0911702447938791,1.828866869105787,5.223670243863839,0.003743146097167624,0.02296255083457592
5,26,0.659826153213047,0.6244085417744143,0.06972261242286704,0.022819351589532536,3.9948114284566842,1.3074525373053607,0.01570172562791974,0.0014564046620119024
5,27,0.7357467450370392,0.70560171897219,0.04713251584198317,0.04025042251591948,2.7004942355791273,2.306179333780527,0.00751357555598023,0.003942209685188488
5,28,0.7150080505523442,0.6867904789845127,0.06144937533380498,0.12204491768252655,3.5207898603423295,6.9926586942303235,0.00858062627698513,0.03554993547114109
5,29,0.6287698973316324,0.5883432314021194,0.11801238613903324,0.06525336934695236,6.761611656034781,3.7387426625887072,0.03520509900381973,0.011104180813789624
5,30,0.7567886809907071,0.7215154705050449,0.11491502389419277,0.061590221145294444,6.584145871782256,3.528859730902771,0.03253927655676173,0.010431000285433173
5,31,0.7607903346708272,0.7338592673019702,0.030635996232956063,0.07131991337605763,1.7553132853270712,4.086330031686728,0.0038813305225263058,0.019098171379275122
5,32,0.5896540862554409,0.5524172275307597,0.024345614464222995,0.07388105775259557,1.3949009584526286,4.233072795186017,0.0015957593516768235,0.010062776792022728
5,33,0.5465083247828023,0.4970216031635128,0.22921222960307316,0.1698405950670892,13.132893369039682,9.73114928733464,0.10742914510757835,0.05506951068447827
5,34,0.6652843609806262,0.6330998313894993,0.032189661735644345,0.07996729662491374,1.8443317614061812,4.58178859567831,0.005254128749709692,0.021715834796481787
5,35,0.8137367090136034,0.7916548021417841,0.10000363598138935,0.1607382472851653,5.72978627769623,9.209623175770135,0.04537465394285797,0.09600925609569612
5,36,0.6502229804476362,0.6181002297337866,0.09230396064734407,0.1532889701355157,5.288627377434453,8.782811034671969,0.02665046055646479,0.06721587736938626
5,37,0.8334418605946605,0.811424375188962,0.0744834814710501,0.1362587260918971,4.26758913173204,7.8070499268948135,0.019928953250648043,0.0571613931627485
5,38,0.6837241482911176,0.6466809726368968,0.09674994759176936,0.03936113342065935,5.543363665120287,2.2552268218551137,0.022603911243290753,0.00386551419256757
5,39,0.7398871846844094,0.7140258274410396,0.07554580212989502,0.13751533394343818,4.32845562197341,7.87904825329112,0.02138814710236478,0.0596613728899949
5,40,0.6615251830939675,0.6273281810361444,0.03567691736979389,0.0722428324736068,2.0441367913261677,4.139209400808319,0.005283604955225722,0.021294620474499523
5,41,0.7284151780591185,0.6990416296655859,0.06971376245192802,0.12402853994935667,3.9943043624730654,7.106311878267863,0.019010735504360242,0.0537132091254841
5,42,0.7131117895237751,0.686174088619503,0.08865629076416488,0.15039827657286883,5.079631288071308,8.617186493666667,0.026715962585757244,0.06858408154720332
5,43,0.755567436333541,0.7295947949038823,0.07541874050590948,0.13630563883196134,4.32117552718096,7.809737828905889,0.023290140305562874,0.06252939353892442
5,44,0.6777908493065793,0.647986811795616,0.10653305222655776,0.16725156327122695,6.103894271228538,9.582808692406557,0.03955348613177365,0.08660616454389783
5,45,0.5895033169801915,0.5512825104599784,0.03874345208133329,0.041321365411125265,2.219836288027743,2.3675398417753395,0.004684750371752687,0.0028769234547073447
5,46,0.6824782359920926,0.6523491590358494,0.0714549049169424,0.13124365411007707,4.094064477249393,7.519707468382217,0.022824089562173598,0.06065090336541966
5,47,0.7018352461542171,0.6727461805439963,0.038605267148297505,0.09284372635456485,2.2119188745724943,5.319553674384098,0.00558779073539328,0.022920024415269774
5,48,0.5979731857144516,0.5604156844775944,0.049987478225377746,0.1068054063899252,2.864071530816247,6.119499015322308,0.011623284936246273,0.038691122031041525
5,49,0.6670525600999379,0.6334051089522703,0.04302104983824236,0.05285923616835973,2.4649245859532605,3.0286111407322855,0.006188645061844496,0.012985980043864805
5,50,0.6503194867050505,0.6155243347356173,0.023034337154282252,0.06396575645546707,1.319770302821756,3.6649678782599633,0.002498913322251819,0.014275028676650703
5,51,0.639446723252893,0.5986053810144623,0.11242445987386822,0.05739193491183262,6.441447064810524,3.2883156485375338,0.03287880715978924,0.00917879487466251
5,52,0.7899523852574342,0.7635517828173818,0.03031033778992104,0.0868108244311429,1.736654430978363,4.973893855955663,0.005204103292252094,0.02705219608809452
5,53,0.5917348766832382,0.5528200759505847,0.041300707100151185,0.040885889143854666,2.366356207744656,2.3425888895826232,0.004164203865550984,0.007454482221433658
5,54,0.6283601978032871,0.5925266811858407,0.06019859654713662,0.030965475628511218,3.4491255147617386,1.774191064128903,0.011526087410515716,0.0038317826121595563
5,55,0.5257608375172531,0.4803358916518899,0.0349970072769969,0.03441627853530421,2.005180812560552,1.971907506619618,0.002473362746125047,0.0033122484458650812
5,56,0.8644180276116029,0.8425005313495735,0.09466880218004692,0.1559012469798665,5.424122816475576,8.932483472773022,0.03304172329301112,0.07829610360201694
5,57,0.6307845224592247,0.5984788431021875,0.12424120694162921,0.18572959138915204,7.11849679936682,10.641521717287729,0.05059310190837432,0.10461440711256104
5,58,0.612911890190877,0.5759549142327453,0.03765928682535505,0.044808899314326404,2.1577181945654687,2.5673608153375516,0.003917347318635397,0.006117766164499026
5,59,0.6638446209299179,0.6319159247533863,0.04246755541214618,0.09164211219260407,2.4332116913539337,5.250706254300596,0.014512249207918958,0.04187558707960915
5,60,0.7548681619819542,0.727417852917553,0.016674633600495984,0.06801341746422354,0.9553861302354519,3.896881770961375,0.0020432740418785643,0.01657680957320393
5,61,0.7568806142124442,0.7227524081114419,0.07342957750134542,0.05572448210316819,4.207204882255877,3.1927776400638264,0.010605094438118419,0.014926165888335206
5,62,0.6703772387368419,0.6365075195900538,0.03469086413394878,0.031852776725202724,1.9876401025370247,1.8250296721266557,0.0023482185536964767,0.0032773771926535994
5,63,0.7113840773937968,0.6820850415369096,0.015475586738743734,0.0695476412788073,0.8866858056186417,3.984786320365486,0.00047010501288124486,0.010128486494586565
5,64,0.6271502342191417,0.5899396828730813,0.06780922774903266,0.030171844200317915,3.8851825620609586,1.728719332804487,0.016456142685305753,0.002250049835979234
5,65,0.6045761370126749,0.5675897363956622,0.034836758029697,0.06374787268731953,1.9959992070201193,3.6524840579207027,0.0034233686643350835,0.016624214617014715
5,66,0.7336813710511251,0.7053965230265401,0.04143380181650782,0.09927708692710831,2.373981973267382,5.688158083276705,0.006609085965073334,0.02976199663243631
5,67,1.1613924238699322,1.1486403578491164,0.09519522936494239,0.15673211426244155,5.454284872391039,8.980088661400076,0.025161297777429266,0.06557610405555002
5,68,0.7269867754703198,0.6955220378512502,0.05281804368891366,0.02413219856728035,3.026250985512346,1.382673128276816,0.0090575487928681,0.001051655605739157
5,69,0.7035625854120625,0.6733182520685835,0.030287077213885738,0.06926151702830328,1.7353216981424968,3.968392608395262,0.004227851499911308,0.01670545527805402
5,70,0.8098617643655789,0.773756211567292,0.1491109803565421,0.09266753873187435,8.543429853487986,5.309458867201489,0.04447805876850082,0.01615462457001654
5,71,0.7384234613830094,0.7127584950628263,0.08880869169237766,0.1500342173252712,5.088363218051777,8.596327435286614,0.025843424338399035,0.06600799767552967
5,72,0.6023606275034128,0.5662900136804401,0.07943872985296402,0.1400414597330036,4.5515039504547365,8.023784599552371,0.02273346823300334,0.06002503066621091
5,73,0.6176556027772857,0.5825543137020582,0.017182201277199157,0.06404235404354731,0.9844676159278044,3.669356596777843,0.0013876314753327895,0.008631818563886826
5,74,0.6873707670906349,0.65789633389926,0.05512329331318302,0.11640070388708208,3.1583320597070994,6.669269065081839,0.011626828690738465,0.04171010417556379
5,75,0.7108335224261585,0.6823038168371226,0.05657949035930955,0.11268441220911228,3.241766004589567,6.456341236494579,0.013648112607873006,0.040141352702180985
5,76,0.8598697718509775,0.8384882822968446,0.05655855618585233,0.11698686022882958,3.240566564802873,6.702853349598799,0.013269895135262392,0.044262175644620066
5,77,0.5819497099228776,0.5425936810969124,0.03890366790387894,0.06251491992219865,2.229015978470825,3.5818410681402915,0.007278912207734854,0.02188329497158955
5,78,0.638674581851868,0.6046418122916377,0.03271004539407228,0.08982290527613977,1.8741475487616794,5.146473375926183,0.0074837986004299955,0.03085126760853201
5,79,0.6619064436562702,0.6231718512748555,0.09072052795150612,0.03168412577917805,5.197903366819917,1.8153666847085532,0.021958223681699043,0.0029994653646835123
5,80,0.7467777929252051,0.7066716876017437,0.1958704577133922,0.14013275238479042,11.222550558273035,8.029015283200312,0.08528932965848367,0.042285483529194465
5,81,0.5485253098252287,0.50693341374744,0.03666107504812238,0.0696060900902547,2.100524872669784,3.9881351905789777,0.006792756517793782,0.011569308198809955
5,82,0.6850740537481451,0.6545396199511259,0.041645402632314144,0.10106366475080063,2.3861058069546095,5.790521452345943,0.005718865666939372,0.029539409619260215
5,83,0.6729817101569141,0.6405862920666657,0.03905461043222653,0.03616916863699898,2.237664348294176,2.072340711396986,0.0037536386704755224,0.004422144308300572
5,84,0.8149904110264992,0.7879199878251902,0.020844734132606638,0.04550035776449459,1.1943152908706511,2.6069784662408453,0.0009363512521303567,0.005898252972925386
5,85,0.738737502681834,0.7108613443830007,0.018294531772998352,0.07540095172652056,1.0481994587607926,4.320156305199286,0.002367044191742527,0.019126089041921708
5,86,0.6467324083353753,0.61041477724945,0.023610910838377276,0.05417640614782661,1.3528055414987101,3.104079421457071,0.0031084188876914966,0.005823078795225891
5,87,0.8239610149513988,0.7977234068881213,0.02739242237888489,0.06292465608931741,1.5694701929498105,3.6053172212300635,0.004312737418175495,0.018574024794479647
5,88,0.6719749915578362,0.6408039051053119,0.03855296745427651,0.09562473074460591,2.208922322835266,5.4788934887408045,0.002747027010425878,0.01944665323754615
5,89,0.6726772751616314,0.6336266765328238,0.13415507584968858,0.07537551366733293,7.686519646444592,4.31869881176883,0.04566350414213538,0.014240870581532339
5,90,0.766997629568248,0.7289169489260214,0.16139764178913268,0.1003386983476683,9.247403697881587,5.74898393715768,0.055805774040492404,0.01958638185344557
5,91,0.7306382336885756,0.6931159477022005,0.1560531563467847,0.10006217295931702,8.94118723836594,5.733140199476936,0.06336302535746462,0.02588117685068575
5,92,0.6229362709541634,0.5748115399803322,0.2644384428963527,0.20693741437555485,15.151206718972235,11.856640467069143,0.14170598139716653,0.08180246015955549
5,93,0.7646340771961769,0.735253956920223,0.02323289148148904,0.05208784383520064,1.3311466277747646,2.98441361569352,0.0012432406044097753,0.00579945233116971
5,94,0.8707375800653269,0.8498714128003969,0.06724820631358533,0.12816105183577448,3.8530384015934556,7.343087368147248,0.020258903564147633,0.057410926210974225
5,95,0.8750048400740289,0.8528567538069053,0.038207011340114685,0.08972860842033989,2.189100497597047,5.141070564067496,0.007753496565030375,0.0280932567301544
5,96,0.6301435308634831,0.5968913105264271,0.08467045285111205,0.14646645999361257,4.851259597830149,8.391909997855718,0.024111215290331507,0.06398544691273605
5,97,0.681936270476116,0.6529461903768033,0.13294532406169432,0.19491237386523197,7.617205974734116,11.1676563973538,0.07291904992042383,0.13638968091240083
5,98,0.7325563458337199,0.6983817782694671,0.05273109861725306,0.03866280072414774,3.0212693998567315,2.2152153056490085,0.005338471940356294,0.007250936362553504
5,99,0.578283669238988,0.53680822153877,0.08612244249068465,0.032942100624430676,4.93445247607438,1.8874433340751515,0.02362483219119431,0.004171167754642867
7,0,0.9873184771241884,0.9259034821828585,0.09497501999321048,0.0934894866319607,5.441667804781573,5.356553012856078,0.036637041930032005,0.03384584745123566
7,1,0.8229038966824284,0.7486109301561463,0.06857655469476605,0.0641897510886175,3.929147157558146,3.6778018253730647,0.017787291877251185,0.013964569553400825
7,2,0.8287689768517501,0.7551793685828705,0.039745590171328574,0.03014522052620066,2.2772545710737737,1.7271939086424364,0.006699182263763471,0.003626401883391795
7,3,0.8197362020072376,0.74768164007152,0.016804583577902866,0.021445309905090505,0.9628317154886866,1.228725747911786,0.0003902774187944857,0.0013789264472930073
7,4,1.338333862556294,1.2902067741075478,0.14588948214820138,0.14418597604803177,8.358851602441106,8.261247892526598,0.06908216066748628,0.06358402870375171
7,5,0.7854123252777734,0.706983190464716,0.09569915569366222,0.09041071294080588,5.483157724212207,5.180152274276993,0.031005018056162105,0.025066729540079713
7,6,0.6844027957782628,0.5942956344300377,0.07975774447641995,0.0713038308989373,4.569782141981717,4.085408573623618,0.02652994768409661,0.01936460529668125
7,7,0.8180597307559049,0.7454939332581582,0.10072616716355234,0.10783918646861546,5.771184265000768,6.178730250775962,0.021637497788910755,0.028246065298367776
7,8,0.7793561121263957,0.7042902678288355,0.0655929813706714,0.07658028790717475,3.758200998219705,4.387727290977849,0.012163184205478635,0.018875170391758865
7,9,0.7544349057343994,0.6753769888007533,0.03933538391754929,0.04323626108576653,2.2537514840023483,2.4772552821401406,0.004041647742559615,0.0058435990859013265
7,10,0.9136938255794117,0.8502695004011721,0.024179240703600533,0.03357334003152232,1.3853684441472416,1.923610687963843,0.0017750574318758615,0.004652119689797299
7,11,0.7128330189755971,0.6288938716484122,0.0646358650366386,0.06947794400590782,3.7033622717765917,3.9807929607847736,0.008950648695286886,0.012297241977598808
7,12,0.8039615222346223,0.7282417171747924,0.06986051630922425,0.0661340889810513,4.002712739123405,3.7892041805568826,0.013759383673892497,0.010459530210342904
7,13,0.9483294554750057,0.8833743178590164,0.1308736026015594,0.1278596457072883,7.498505078741704,7.325818069065614,0.06836734351404283,0.06209777028700625
7,14,0.8538962748737765,0.7843899596607061,0.03052155654344829,0.02972633575455204,1.7487563741094883,1.7031935791246693,0.0022381966916462832,0.0016370929542822415
7,15,0.806079090450222,0.7308404539449953,0.06732997000925807,0.06361440322945733,3.8577231162728958,3.644836821291299,0.0169447885079858,0.014034219587363648
7,16,0.7537659214393477,0.6739871154443132,0.02587880461597844,0.024264808545467625,1.4827462833392377,1.3902711203482687,0.0019336442139141824,0.001461486729880319
7,17,0.8070366288139411,0.7304249504256489,0.06445824729415929,0.05460071543110905,3.693185524765886,3.128390552597376,0.015484863108444831,0.00966012474967649
7,18,0.6958727493090401,0.6067696702246966,0.07657675518755296,0.06699862124798804,4.387524881053317,3.838738230705235,0.021770922364169616,0.014749633402196823
7,19,0.9451168012360665,0.8835465640213954,0.09637026455011283,0.10714720293411624,5.521609429280678,6.139082514756612,0.024215113125483148,0.03325926989677713
7,20,0.8254492968833593,0.7543199725988728,0.04859828578789847,0.05551082047252915,2.784476667217193,3.1805357303843267,0.005153158985213475,0.008775701564650327
7,21,0.7106488831092157,0.6264987981980198,0.07273003453486979,0.077749529523177,4.167124022688762,4.454719900805834,0.012231505803068872,0.015737179383654168
7,22,0.7786471662076291,0.6996542539610949,0.06836519956460967,0.0615059072699375,3.917037400621747,3.5240289016904263,0.016904434600075534,0.011953859164926882
7,23,0.8204366684916473,0.7456512594378046,0.08436983663425875,0.08039125708791177,4.834035557351265,4.606079740888509,0.023348693631750676,0.01866002281365961
7,24,0.6919794014817007,0.604103168759096,0.029016245542533174,0.025675935704932616,1.6625084069024385,1.4711227509418972,0.0038782332550304235,0.0030908909493685167
7,25,0.806573393068789,0.732588772199864,0.02487165522542105,0.02121690805428157,1.4250408739211262,1.2156392858274572,0.001044414336521457,0.0007311866914813843
7,26,0.6749223255410486,0.5852142842889363,0.0203465550690002,0.026132317962701487,1.165771733084223,1.497271528156705,0.0007764567553936461,0.002089139023599501
7,27,0.6315383604654432,0.535597307283443,0.12607361132530223,0.13463970464972133,7.223485836912555,7.714286831316958,0.0352432898499713,0.04466521603499469
7,28,0.871056007093506,0.8009573304223127,0.03948546730569601,0.029266902539455946,2.2623506287181794,1.676869994931537,0.005330638169985143,0.0022648252182378512
7,29,0.8037287584434483,0.7307658645683545,0.015445735918269494,0.027529255316461207,0.8849754795904651,1.5773101427713105,0.0006163677157002773,0.002824964869425627
7,30,0.7252527289660339,0.6407412130549577,0.030438764586711062,0.01952366582168187,1.7440127444108153,1.1186236522061856,0.0038166611370174033,0.0015278215168227837
7,31,1.0438952501752936,0.9839622981589646,0.13806064532086743,0.13622922951654476,7.910292293738281,7.805359897617035,0.06176604115964141,0.056378624077522005
7,32,0.82632470457001,0.7555225840872897,0.009323021465059207,0.022113952311611274,0.534169782257766,1.2670361358088966,0.00026995949363006907,0.002133948279622883
7,33,0.6768090598083879,0.5864806678105076,0.16244599290427325,0.1686772127806795,9.307469792226975,9.664492392363083,0.04745726106591114,0.05629283853657441
7,34,0.6536938787958588,0.5593280619891995,0.09045150462325346,0.08663164020403546,5.182489465520477,4.963627355987094,0.027227159208830364,0.022203395595443938
7,35,0.9152053469291248,0.8477103546920758,0.0709157948487433,0.0635379702537608,4.063175745648575,3.640457534368262,0.01785935144796571,0.012629909099549898
7,36,0.9979850087650092,0.9396737524293178,0.024076246644667752,0.029221365440210416,1.3794673192554716,1.6742609113334999,0.0006753451191831763,0.0015397750687844028
7,37,0.7115310630746583,0.6253645643520173,0.205757245757757,0.21279898128511515,11.789021786155539,12.19248351232049,0.08127134851445754,0.0924297673807601
7,38,0.8129055416605955,0.7368470965113705,0.18954133761896633,0.19318358406552566,10.85991868883099,11.068604038165361,0.06177317484695387,0.06814715860715705
7,39,0.6613598264665906,0.5701890026041538,0.05173325954986484,0.05842667506224233,2.964097432662116,3.3476018920487416,0.00784053842683003,0.011169468374857845
7,40,0.7838561575409474,0.7068889082234879,0.02336915170836127,0.017068330707860548,1.3389537636900384,0.9779433128939503,0.001984795332344358,0.0008954840680360553
7,41,0.8008901359552217,0.7273287629438601,0.027859122386332324,0.03479130616432583,1.5962101336752728,1.9933950069633548,0.0022132410782990525,0.0041152644574855395
7,42,0.7575800185492355,0.6768347566354969,0.1024485275993477,0.09934996918678685,5.869868248772154,5.692333929157662,0.03319175075421392,0.028364312356608953
7,43,0.8307105867625565,0.7581399965275538,0.13202467381163213,0.1314335733800743,7.564456600997889,7.530589041001264,0.07005104916597785,0.06700201042576512
7,44,0.7988478638793641,0.7234095983986308,0.048093061122663885,0.044487255322231065,2.755529426193341,2.548931972084749,0.008050692073708367,0.006153320255480373
7,45,0.6738970706516656,0.583820498672241,0.01847098563606947,0.025962683172623412,1.058309520393547,1.4875521706266437,0.0004883443713753488,0.0019893740780650426
7,46,0.9329275335852649,0.8684535320485433,0.06399447571540222,0.06552817143926737,3.6666133706449866,3.7544876626797214,0.005322281771675201,0.006694997011174878
7,47,1.0579030842432298,1.001579469325442,0.05872705668514645,0.05586835845844392,3.3648124912844386,3.2010211479928508,0.009266739478176224,0.007157148595901296
7,48,0.8284121793675644,0.7581065977526185,0.027711008713575454,0.03560980972406207,1.5877238453381222,2.0402918064526756,0.0026112253149479132,0.004839672385270373
7,49,0.6194109510783744,0.5202453923664109,0.21401767881272538,0.22137643756804223,12.262309737155583,12.683935556290182,0.08449136770664267,0.0973059706247466
7,50,0.7936327635586694,0.7195030245404949,0.0706587488975436,0.07973301930894762,4.048448097503907,4.568365494237798,0.013087883880987125,0.019111321756379078
7,51,0.9116712154639734,0.842808566733951,0.2139085045330628,0.2132942835407317,12.256054511699537,12.220862241150629,0.14948586702905425,0.1425286417467257
7,52,0.7317722138010792,0.6487432979315897,0.026861588952950443,0.02173673170727624,1.5390556780192963,1.245422987235125,0.0020112709711369906,0.0012261119178397038
7,53,0.8437882328248127,0.7706303165323227,0.0689594080937062,0.06142184499257575,3.951083041489655,3.5192124879813393,0.017656469742469712,0.012277435931334145
7,54,0.8133114959541186,0.738030552567622,0.13516327467141234,0.1330113689526111,7.744285183839426,7.620990068242048,0.06063131057788112,0.054946651099811256
7,55,0.8325842534579307,0.7588774192640607,0.0932370591720377,0.08881714440818866,5.342089984769282,5.08884752299317,0.02646662621601413,0.021277391671853427
7,56,0.8454584825707576,0.7732787905829515,0.0343175224014455,0.021853135896191842,1.9662491969484845,1.2520924559776325,0.005139259566565222,0.0017812576308438178
7,57,0.7471850340267819,0.6671591243579753,0.0770357885317126,0.08247219087506046,4.413825554329441,4.725308464338304,0.012330131104468511,0.016250015538845176
7,58,0.9883957741574797,0.9277263464597546,0.045051218628105114,0.039486053391014075,2.5812446893115775,2.262384208933339,0.007555823510566651,0.0052011729956952975
7,59,0.8881728183903658,0.8159181158135745,0.26554537252440225,0.2719245667470636,15.214629114877459,15.580130020530193,0.12256358542030203,0.13513004275857476
7,60,0.7168390928312036,0.6308924454423395,0.03761491991916348,0.025795904524592475,2.155176158090639,1.4779964579815732,0.006659756910713289,0.0030498836177894513
7,61,0.7052786146713856,0.6185180646809788,0.07704407316704757,0.0742816778404274,4.41430022896894,4.256026635406942,0.01629825999255305,0.013131191745014169
7,62,0.7210015008337496,0.6376162221976402,0.044222469139503486,0.04669962662821293,2.533760841341079,2.675691510633356,0.0050930573462830316,0.006365689117657253
7,63,0.9258596429249824,0.8594460077995134,0.14656927812807444,0.14602746904223535,8.397801043017793,8.366757669097371,0.05920147082482259,0.05554400459675947
7,64,0.853557216693051,0.7839296896840793,0.020827321986484883,0.017339493063778317,1.1933176483856096,0.9934797714508627,0.0010678024178741087,0.0007841491012249976
7,65,0.7926334582659799,0.7169920394420534,0.08048901940901246,0.08371045590274931,4.611681109282982,4.796255824343525,0.011184272443969107,0.014022179411778975
7,66,0.6784212014359342,0.5891221951714682,0.05171834785119758,0.051747022347465574,2.9632430552631117,2.9648859828789313,0.014950900889627989,0.015158120368454198
7,67,0.6259014041012345,0.5270324658076513,0.10629319629857806,0.10245781092977774,6.090151538864107,5.870400144425622,0.03831081823933756,0.03255781761594591
7,68,0.7919605790018283,0.7176907255223163,0.0733964706573366,0.08055908656324795,4.205307999821174,4.6156956615031675,0.014636728655129261,0.019165649519847755
7,69,0.752490656492956,0.672046178099596,0.13339745530401226,0.1385706113909223,7.643111186704941,7.939511197247298,0.032411131867543644,0.038871095995693994
7,70,0.6900420823995191,0.6024818692517901,0.06461542732900334,0.06865137468488307,3.702191277386169,3.933434027215062,0.007198769089687952,0.010116170697526669
7,71,0.6658032468550583,0.5733305748338067,0.0955549994516953,0.0930615084813573,5.4748981799570355,5.332031671102689,0.035344939689135005,0.03165311589237489
7,72,0.7677874044979456,0.6904561899257226,0.04247925135544458,0.05021389311998581,2.433881819542356,2.8770441486961884,0.0037800742466555515,0.007286133372492121
7,73,0.7672978620726828,0.6871882729444904,0.06353489792463025,0.05551978847320559,3.6402815028758067,3.1810495589737573,0.018013111697081058,0.013178776491204944
7,74,0.7978094960301277,0.7239810049489551,0.03803534032542337,0.04695813544265047,2.179264472990506,2.6905029746675577,0.0036559560509170676,0.006955767551530264
7,75,0.7525960204973574,0.6739502852108853,0.015723157464562442,0.026976557843524953,0.9008705633390441,1.5456429102245173,0.000630021278045326,0.0026396121356029624
7,76,0.8230109444387382,0.7502068512521193,0.028219553914804473,0.023561700850237653,1.6168613390601763,1.3499860168684208,0.002250939831891842,0.0016519976887220435
7,77,0.8679683623308951,0.7973217893260044,0.110031848123364,0.1061232420219758,6.3043605094932245,6.080413876104598,0.044360112470712344,0.03842744370646879
7,78,0.723467105535768,0.6388520653634302,0.059905928385234626,0.0539478542018346,3.432356864286903,3.090984359552227,0.011872779334197218,0.007925544340452714
7,79,0.8790373598366483,0.802255220542456,0.33855654583879896,0.3451123619466101,19.397861203090574,19.773481797332035,0.18409216116680427,0.1999725958065327
7,80,0.8569410107791217,0.7881221988094516,0.01514961114731817,0.01576021581521941,0.868008780005676,0.9029938504274043,0.000584121872285823,0.0009337120521646682
7,81,0.767382479001881,0.6884036359395771,0.07212107405062161,0.07336181356887077,4.132233157051099,4.203322294921871,0.006397280552406223,0.008124477874777242
7,82,0.694231295787516,0.6035183063091588,0.28758014120716135,0.29334047505052324,16.477128362946598,16.807171180757607,0.13743490066588426,0.1497984560096164
7,83,0.9015731416379811,0.8369605257662995,0.05275201493182858,0.06280882171512678,3.022467816404877,3.598680400466401,0.007071088437215198,0.01213923416550675
7,84,0.6492007717746251,0.5562471092490522,0.047679156627916365,0.058812147149192785,2.7318144455228137,3.369687815751103,0.006944184844713701,0.012273635629184747
7,85,0.9113351754169042,0.8443703175883731,0.04775219107374776,0.037205728459790116,2.7359990110280292,2.1317312144557463,0.00930537437305494,0.004959941508174071
7,86,0.9882347539995877,0.9254087325140558,0.16073943114154374,0.16033883347706668,9.209691005744169,9.186738450286835,0.08273250487137376,0.07875100342725762
7,87,0.75393951296619,0.6734523202731636,0.06521391969884335,0.06257881659134444,3.7364823642487845,3.585502077607289,0.008731149674135706,0.008042674752135055
7,88,0.8318359946528515,0.7616344384950549,0.06463885003021758,0.0729645186222967,3.703533299310541,4.180558971261301,0.0104965481600627,0.015236550162813792
7,89,0.8491394018182243,0.7785421930537826,0.04545274418872188,0.045100707239721254,2.604250409301543,2.5840801778911446,0.005145256658726201,0.0054347701224698106
7,90,0.7622871496290378,0.6838579882209492,0.1208833200118548,0.12474231411527877,6.926104050208605,7.1472081255006685,0.029872950487649014,0.03427792872758986
7,91,0.8653758825369522,0.7938332027713558,0.18979499591885074,0.18868478719958517,10.87445223885283,10.81084196486029,0.12948439017054003,0.12265195973520931
7,92,0.8300937300501331,0.759679827637413,0.02208958323738637,0.03400383373024075,1.2656398907051687,1.9482761600073855,0.001712639070498673,0.00473246203410967
7,93,0.8630216636025456,0.7949910557691595,0.04520974916839691,0.05412052272353013,2.590327820194226,3.100877537100144,0.004624626066818439,0.008815749391503126
7,94,0.6793340636840771,0.590754463990974,0.03411761065157678,0.04209698872894122,1.954795097405932,2.411979784378128,0.0027254927255892444,0.0057158483489767875
7,95,0.8900539675510457,0.8251673984207636,0.03520636685068799,0.04471477787479535,2.0171762325337093,2.5619680540907264,0.0023265403605883753,0.0050325832991434715
7,96,0.7290194509004869,0.6468055587160607,0.11838165518194248,0.12452343513092211,6.782769213698316,7.134667283472923,0.03013514021413373,0.03621791849251892
7,97,0.9027385158735431,0.835017005058295,0.04051518291824748,0.030579687529747757,2.321348987416107,1.7520870342833805,0.00743161625195525,0.003855282206333365
7,98,0.8321225627974133,0.7601510550334858,0.12137628476904626,0.12692603279921358,6.954348850244367,7.2723259897339965,0.02999772769059214,0.03605557735457335
7,99,0.6559147088884656,0.5643127040746527,0.056609449385560826,0.06805320945508925,3.2434825303520864,3.8991616840964025,0.009179488716583504,0.015481613875345891
10,0,0.9906805869592129,0.8836887193832123,0.03118835850327034,0.03310792843127525,1.7869613121783436,1.8969445675332564,0.0016172160715250197,0.0047378445530598
10,1,0.8905068512222756,0.7702884719248548,0.05493646097420938,0.0802886111213627,3.1476273552073524,4.600198560221206,0.006488313009295952,0.01733086910222332
10,2,0.9645560977405624,0.8562114244891262,0.015026352487599641,0.04491708645460689,0.8609465790153651,2.573559481873213,0.0009205063953964584,0.008177005673751118
10,3,0.7190706752236745,0.5617693281827457,0.04800170848044036,0.07425480756727397,2.750295305346565,4.254487082160886,0.010561468232117236,0.024799702569169784
10,4,1.049611164039057,0.9476779219497736,0.028248706584804398,0.03795798470717637,1.6185316640127094,2.1748323225433284,0.0025650519983706163,0.0029137794378706634
10,5,0.8815627948558721,0.7602716481390099,0.07908861360784174,0.10328597881250219,4.531443767270263,5.917850668834018,0.014243296433282177,0.02862183874273134
10,6,0.8079855194439493,0.6721468745378588,0.04882471395872926,0.04144026271064551,2.7974500457686644,2.3743521552333524,0.004166568747288123,0.005235403495685399
10,7,0.7453732594883572,0.5956275303150339,0.032255457633193034,0.022183940076465014,1.8481015886449963,1.27104613935257,0.002489727272628847,0.001725272325705642
10,8,0.9674628434849294,0.8509865533253552,0.13266768006510454,0.10427738149889634,7.601298145522377,5.974653858562335,0.04541073301421197,0.024343951904427466
10,9,0.8138062982492085,0.6761793932111592,0.08518936826397529,0.06050644208470365,4.8809912609115,3.4667637648062652,0.01846063433308679,0.007382583673766003
10,10,0.9729417685158939,0.8561121508274828,0.10239102408524563,0.0762069965763536,5.866573540106935,4.366339273192976,0.023578966754397537,0.010655474263449746
10,11,0.8537648580358853,0.7281206395431807,0.02396592966553093,0.044380920134450094,1.373146621942299,2.5428394146111684,0.0021440498471240414,0.009152327403830596
10,12,0.8283286352691871,0.6986110379424895,0.03236288488226964,0.037573088567724976,1.8542567166217865,2.152779398201884,0.003803560724143967,0.005684412513992456
10,13,0.9230805162163451,0.8076091499607573,0.03241256402471954,0.03341136806204093,1.8571031218139948,1.9143303777131377,0.0033149966606945656,0.0045702022994484285
10,14,0.864241095860953,0.7386576731965704,0.020404203585265467,0.03843226928177338,1.169074749761414,2.2020068269558943,0.001078997816140488,0.0068279034122398375
10,15,0.9772142127067434,0.8693041389256002,0.04341255455994924,0.071080739839117,2.487356154166508,4.072626397448815,0.006705172721768144,0.01926563031023011
10,16,0.8859211468471824,0.7658991797415371,0.023361633547417156,0.05296770402394774,1.3385230047982406,3.0348258910703128,0.0028879441088696476,0.01247742023565368
10,17,1.0632625665609148,0.9645106267155128,0.018826975256872172,0.029884386378388646,1.0787062232160045,1.7122492128199167,0.0006064888081276721,0.003966213945964352
10,18,0.9062306671366283,0.7887414915949894,0.01508559496332364,0.02524816976278232,0.8643409228422565,1.4466135678372478,0.0010460265132027661,0.002638034307611836
10,19,0.9657329994045699,0.8520157835972225,0.04003308844587276,0.030007743964474552,2.293727008822449,1.7193170818735608,0.005520671809667654,0.004162692773174862
10,20,1.0263181083669288,0.9241343664106029,0.011692428268749076,0.027904598372141303,0.6699267920587779,1.598815715731324,0.0002895208788312232,0.002942069682369519
10,21,0.8383861984341856,0.707881778347556,0.16867792924604438,0.19252574885992127,9.66453344280466,11.03091285726911,0.09594391223877329,0.12924147457621268
10,22,0.8211601782480936,0.6893557423655639,0.06644731099014889,0.09216949514439243,3.8071504797287825,5.280923071625221,0.010484162910116376,0.02409969895726566
10,23,0.7826926480132502,0.64329244812361,0.029056782731167536,0.057929842615986674,1.664831016724513,3.3191354897531324,0.0030880140863321724,0.013026542234426577
10,24,1.5841778862606366,1.5124079902799124,0.2251987327254376,0.24791313476677912,12.902936936862229,14.20437630799444,0.19476428959064931,0.24142050664353473
10,25,1.0315573958699618,0.9286371253703455,0.06383348511938934,0.041950444922633334,3.657389288952153,2.4035834427629035,0.011573821601932616,0.004092145619323299
10,26,0.8054945076896136,0.6705084721063445,0.04540629514745833,0.036802240057407704,2.6015890752747124,2.1086130319167578,0.004869243421488652,0.003895459301694869
10,27,0.9025456072957294,0.7846812246313816,0.020270647905453677,0.031201447563624453,1.161422572978198,1.7877112600944263,0.0010079223554931979,0.0041393851020032815
10,28,1.0570973649744455,0.9590585575273813,0.017770753233546484,0.03371869275827372,1.0181891590506742,1.9319387857474168,0.0007599486759595677,0.005686077367724472
10,29,0.9814853997090499,0.8745305572818417,0.03318510948310301,0.05852047424802995,1.9013667160613676,3.352976189516136,0.0020042396318484396,0.009056940725704801
10,30,0.9050767937533748,0.7864563272519322,0.04519653633012819,0.03948904539703038,2.58957078032604,2.262555638250351,0.003577443930821461,0.005218741507123251
10,31,0.7909395814881518,0.6525129248505996,0.05981595490992185,0.046336761079834005,3.4272017638833563,2.6549008461805435,0.009678328717952933,0.005573161964706353
10,32,0.7733189854060154,0.6315930915193059,0.034037672901314715,0.04635654981568528,1.9502150016921451,2.6560346572267206,0.004300022097930565,0.008624511720905354
10,33,1.1138295278473458,1.020455128823714,0.031100682060728985,0.02696147061679139,1.7819378220580027,1.544778475808127,0.0017066583794055276,0.002462935398061077
10,34,0.8467748585640493,0.7196849632622151,0.027072883598171768,0.036424475609999896,1.5511619694241925,2.0869687234301986,0.0021800419391365005,0.004914210303664188
10,35,0.80280264560892,0.6662957062217179,0.026729530164484313,0.044179826615356244,1.5314892667925764,2.5313176046796575,0.0033429689201533866,0.01044082548507736
10,36,0.7434725327598357,0.5940362077742307,0.06107523128757756,0.08885033361101148,3.499352985563551,5.090749124240322,0.01383617243072548,0.03063888074823501
10,37,0.9743352714455251,0.8643416675919163,0.010787330609673232,0.03297569809314805,0.6180685161465613,1.88936832723498,0.00047057652508507373,0.004427324356834
10,38,0.9642389710165968,0.8525661022786866,0.03552609171510323,0.02119014627262318,2.035495117870095,1.214105948686181,0.0031057671358417013,0.0014483528282414537
10,39,0.9092453772556884,0.7844351281869021,0.11504863393934639,0.08685769486955852,6.591801163470111,4.976579334260807,0.03336332183447309,0.015932144336055352
10,40,0.8768057313206884,0.7553714557172677,0.02988030668820579,0.05529349847892658,1.712015463790718,3.16808409735553,0.0022393775035415286,0.008778462330943752
10,41,0.7675832383903402,0.6238159185176282,0.018417772141739848,0.03620401552524854,1.0552606117553163,2.0743372910228497,0.001173794764636239,0.005535308004784176
10,42,0.9156562081452967,0.8001963407857994,0.022453933608259466,0.0526698742663904,1.2865156292202233,3.017761502948873,0.0024558173796919627,0.012065262452625274
10,43,0.8235520523698696,0.690634216666068,0.04941474299874427,0.04462292371175496,2.83125621955168,2.5567051982178053,0.004229573759593149,0.0067062027464963505
10,44,0.9375086960433752,0.8236634901116836,0.009300083781311017,0.025986494910894352,0.532855549787189,1.4889164827324386,0.0003670622792294447,0.0030066012445319375
10,45,0.7900284170862888,0.6517609596750266,0.011543405605404936,0.037330306733596705,0.6613884223973597,2.138869023763889,0.0004901460261209024,0.006290089374717894
10,46,0.8968782818279212,0.7791741369733783,0.026570802244129135,0.0486836619847135,1.5223948268653358,2.7893683629655723,0.0029301861597961706,0.008970798978062886
10,47,1.156497164615081,1.0684559948898638,0.08103781109379421,0.1085559333854122,4.643124556652849,6.219796824087429,0.023500683409054472,0.04408425097365575
10,48,0.8956577317774692,0.7764641065029086,0.0493804779329881,0.03740299019783118,2.8292929758991137,2.1430334795049144,0.007380907848259831,0.0037707553959369132
10,49,1.0630435554563666,0.9654621986038641,0.026609144346735294,0.028659891087934403,1.5245916675223263,1.6420908006432426,0.0018294356119137201,0.0031503918865085218
10,50,0.854231634866056,0.7255555620003927,0.018436381547020608,0.02479122486222568,1.0563268521371523,1.4204325535653273,0.0018193967320633878,0.001317923744642244
10,51,0.6635480583989112,0.4890430183251375,0.04039789255939768,0.042641446849043946,2.314628744876438,2.4431749367816407,0.00434415107367214,0.005698654667660563
10,52,0.851395350536805,0.7252043768461371,0.0401914822224419,0.037034870971119085,2.302802303720999,2.121941801456692,0.004029116046843662,0.004585778842932499
10,53,0.7395020138396938,0.588795041126089,0.02606472678101963,0.05415664690128238,1.4933988387140327,3.102947300023728,0.002308829005385659,0.010817707167111192
10,54,0.791165511758421,0.6522865703330679,0.012395640267967495,0.028212967831553862,0.7102178717169503,1.6164839842863945,0.0004107028966229757,0.002385169445729314
10,55,1.2991424502941984,1.218399759040943,0.15217909839305516,0.17587266505849006,8.719220068028148,10.076761439569424,0.06780078356040863,0.09617228765557961
10,56,0.8413613325003902,0.7130909352219319,0.04395002800168638,0.032426916243753906,2.518151113978417,1.8579254433913115,0.005106783308430805,0.0031864420512383385
10,57,0.8955221650339096,0.7759845956191332,0.0213656334465018,0.0399426217541128,1.2241606231081044,2.2885436491980924,0.0010142022439393761,0.007239656711263108
10,58,0.8500500272515548,0.7225177739714006,0.049121447083214774,0.06816669043780639,2.8144516014434147,3.905663665461092,0.014683056948873752,0.028394550607690992
10,59,0.9828332665370825,0.874865074878835,0.012717402161407107,0.028906055668324798,0.7286534702191781,1.656194992165221,0.00041844467741446916,0.00373335755606128
10,60,0.9041677998019544,0.7866842742340107,0.02081054971229498,0.037358268302977726,1.192356667861692,2.1404711036779838,0.00157342866748226,0.005350470589683215
10,61,0.8197433509565046,0.6884199697557346,0.02570081968702466,0.038395459015803754,1.4725484980932504,2.199897754073081,0.0022342703757685786,0.005393678612973737
10,62,0.9447768000690998,0.8337527281185867,0.03000699264316051,0.04557049753376263,1.719274034333208,2.6109971789959254,0.0023913189976958495,0.0067627393083606775
10,63,0.8575621211538456,0.7315168341040311,0.01915538564062402,0.02490192931943574,1.097522752153257,1.4267754517367504,0.0016492365701653994,0.0017072468038888764
10,64,0.9509301409224491,0.8400952854367834,0.025762513627248598,0.05127202554570168,1.4760833004896143,2.9376706708556477,0.0010993014422557429,0.007556918169772418
10,65,0.9655858542338408,0.8570762358868266,0.06577194862901846,0.09191388076256023,3.7684550667940186,5.2662774463633895,0.013320184726033208,0.02858530368922675
10,66,0.789077524123137,0.6434997756657574,0.1260878240549809,0.09844225734449723,7.2243001663385025,5.640325871580422,0.039040829108004514,0.020060730657545087
10,67,0.8009940043087797,0.6652185652505593,0.03698723388717653,0.06497885625654497,2.1192123975984734,3.7230142210872703,0.004018831086036831,0.014367458683697834
10,68,1.1525294369673025,1.06197266689927,0.03299827919101014,0.056454087852364984,1.8906621288392493,3.234580970201283,0.0021517848516245386,0.007760856958441406
10,69,0.7438423701134336,0.5944180220726026,0.014892847150572324,0.044332006677550786,0.8532972866612283,2.5400368799694433,0.0009039512837882447,0.008080004943684566
10,70,0.7540953957874402,0.5989663720258437,0.14426052584124668,0.11556659421303225,8.265519281041385,6.621478101107751,0.04990687544709922,0.02770470407268457
10,71,0.8823124658005796,0.7621199746306695,0.02772997181581363,0.058291897114670435,1.5888103510628449,3.3398796844814367,0.003989859778373024,0.015452671813521529
10,72,0.8545537672125757,0.7267385539249323,0.017042421901806087,0.027958425498116602,0.9764588476548066,1.6018997828730277,0.00045367696062693225,0.0038246509196150965
10,73,0.87140151612386,0.7450430311240284,0.029058454825898146,0.02130048472320512,1.6649268206955232,1.220427876222539,0.0017561906584527744,0.0017655213912406691
10,74,0.8564250754246918,0.726973788208904,0.03593502273828138,0.029901220792350656,2.0589251396101695,1.7132137536905159,0.005471027080902288,0.00529000383493262
10,75,0.7065352750295228,0.5464481662693702,0.09878585493349079,0.12478289001484154,5.660012563280624,7.149532953295562,0.027515555526076874,0.04833450764533734
10,76,1.010358943468631,0.9065263493511454,0.020872423934305814,0.04876255757589141,1.1959017996435681,2.793888747362256,0.00105536747540292,0.00794322910714829
10,77,0.9950841552203645,0.8893929992569984,0.011479155345313644,0.026689406171588798,0.6577071536615109,1.5291903313424504,0.000490319729710643,0.0025697504563790326
10,78,0.9703842538297819,0.8613893915897851,0.044677889975442545,0.034059596892534835,2.559854533142707,1.9514711538591398,0.0052209933626759936,0.003532888194704064
10,79,0.7031575434628486,0.5422067034606554,0.0184687626900027,0.04497526733445036,1.058182154965836,2.5768930007366015,0.0016652165472921267,0.009075628600276907
10,80,0.9955121618196421,0.8889719149585951,0.028968346939235657,0.03056699640479648,1.6597640190889194,1.7513598863863993,0.0013755103520473651,0.004136613515595047
10,81,0.8361308175438218,0.7076777607656712,0.03481360930386496,0.059360178722758825,1.9946728827288382,3.4010877119563503,0.002722393164017012,0.010225747592907508
10,82,0.9559247676337356,0.8455939333734153,0.01499911636163776,0.04232239556948156,0.8593860639474626,2.4248946450144677,0.0009205645124792557,0.007760314108016971
10,83,1.1717105395373735,1.0844219141068798,0.018595992859056873,0.047342063018118725,1.0654719066793759,2.712500404380579,0.0008844249376044368,0.007878466243414765
10,84,0.8001830624031734,0.6621971587234902,0.07609229999967589,0.10048559930509211,4.359767643424743,5.757400742024496,0.019792815578454404,0.03684137245650382
10,85,0.8102771566175523,0.6732029877029488,0.08498234793413623,0.06440641139284883,4.869129869738316,3.69021554639354,0.014925645992170791,0.007167606529523182
10,86,1.0615531393810478,0.9630561127115714,0.09572530995313666,0.12059780873934837,5.484656252896383,6.909745459290577,0.02799279069462906,0.04835558756595048
10,87,0.8695607492648731,0.7461913907513419,0.02434725574470072,0.028652855564984307,1.3949949968969995,1.6416876948715347,0.0012062418244724801,0.003358514377002443
10,88,1.0117439413886442,0.9078609377875186,0.09747838600195079,0.12322766065631774,5.585100111658902,7.06042487487731,0.030284316479437363,0.05188609917677244
10,89,0.9484421661113341,0.8356288824836307,0.011864954364650623,0.03786070314508139,0.6798118092098059,2.1692584996108457,0.00045166895452565655,0.005198683641812675
10,90,1.0388046169857992,0.9377193371347368,0.023763161581461054,0.04131438793285791,1.3615288665051413,2.3671400617189757,0.0015627970404315464,0.00830719143418671
10,91,0.8786510956473494,0.7577553739854109,0.02299965093769738,0.035997119611926254,1.3177829290041663,2.0624830283909783,0.0013384809750528574,0.00517727966738671
10,92,0.7812834966563329,0.6404785345642597,0.030760110287878988,0.051611643869227924,1.7624244968524096,2.95712936743901,0.005389895412558601,0.015502834525049684
10,93,0.9187561213318917,0.7955173493078723,0.08945952464372652,0.060286074715415014,5.125653199332109,3.454137644603626,0.027730152055967107,0.011336625980756299
10,94,0.8696549378824272,0.7388001599797538,0.07736889534238356,0.05343002475209025,4.4329111687079505,3.061314917574294,0.015035574181037077,0.0066215579121545985
10,95,0.9877379943829586,0.8817661081138949,0.016370575691130266,0.045890907819838574,0.937964895301225,2.6293553361006565,0.0016924505103516636,0.00983956441983038
10,96,0.9497697648779543,0.8376343435052502,0.01773866279202429,0.024225945792160624,1.0163505121887408,1.3880444486035195,0.0005957003064362039,0.002833954541351701
10,97,0.9412465863707966,0.8276114416329027,0.054767733393705255,0.04314189529075273,3.137959976957012,2.471848520355453,0.005591220041440744,0.0035056036833079774
10,98,0.7917173826419136,0.653224805358172,0.021729857160848284,0.02493477975525689,1.2450291047387363,1.4286576430644675,0.000993226436416533,0.0030801799144401856
10,99,1.0515166234593412,0.9440002370756486,0.08512788133428524,0.0691199766405388,4.877468319345043,3.960282941545712,0.010054765696350658,0.0059557052386493
12,0,0.9389206564938872,0.8918127582136348,0.08436736256294494,0.07329881540199241,4.833893803506769,4.19971276584268,0.01441496146668043,0.011271443809313754
12,1,0.8136270238086041,0.7557580951489368,0.08810444786505152,0.0687979205506677,5.048013018997849,3.941830486829612,0.022319915057458624,0.013243764879802486
12,2,0.8076537591188598,0.7514393211495771,0.22867148105914514,0.24998034846473283,13.10191075969476,14.322818928238819,0.0910529620293708,0.11490941716501765
12,3,0.8264093432316971,0.7677554533579007,0.191565419564815,0.17382178343762394,10.975890041716745,9.959254578412846,0.11471765775869887,0.09295012296573782
12,4,0.8823939425295662,0.8297446793162679,0.06280556534251514,0.041496933868057036,3.598493824059232,2.3775991733731545,0.015189652223322428,0.007384243947466444
12,5,0.637414990976237,0.5661729880605497,0.02883937775026329,0.04856781092779797,1.6523746288735774,2.7827305863521827,0.0021308919438518,0.0064111966986221645
12,6,0.7200708633427308,0.6571179233720819,0.25644670614713727,0.2775336278398045,14.69331393226259,15.901505548175285,0.111190918424515,0.13681561497039668
12,7,0.8912125044525611,0.8393332904321076,0.05678886627701687,0.03554644568229087,3.2537623610058746,2.036661314286295,0.012174481745417253,0.005392821378476308
12,8,0.696978725630881,0.6333718840808934,0.19458836208661065,0.2154957359831931,11.149091889926272,12.346996174902433,0.06602676879558907,0.08599751094834919
12,9,0.6658912099329061,0.5993090587289059,0.08534654878392396,0.10476652418774572,4.8899970413262315,6.002679670213085,0.01813854101677807,0.027454710853443892
12,10,0.8363988016515511,0.7841681382239732,0.15184037794323688,0.173515994569578,8.699812815818788,9.941734166851731,0.04466290049391598,0.062092228259958415
12,11,0.6445088704193754,0.5725425249963105,0.04869894597830632,0.02753456540335204,2.790244071292546,1.577614388339003,0.009123214427964137,0.0033373737910831914
12,12,0.6480311986138683,0.5761831628328516,0.05893676091347479,0.04115686023348652,3.3768276585136996,2.3581143893885894,0.01697365991369158,0.009955958037702665
12,13,0.6996408189262727,0.6342331745291508,0.02878650958430171,0.020150888586652423,1.649345506093382,1.1545608694535243,0.00252414377176129,0.001224422356040132
12,14,0.7148292148364256,0.6514698879405943,0.01762230634884308,0.017149748725145485,1.009683779075304,0.9826082216607004,0.0009131815681913246,0.0005745489816231649
12,15,0.6232312622024117,0.5481682268386374,0.21511514265405282,0.19556627106314126,12.325189783431862,11.205121947029433,0.22384255600123584,0.18894762678705657
12,16,0.8165319400967649,0.7589726279320612,0.05744702415483406,0.0381810150535098,3.291472029658087,2.1876110200915746,0.00989885803556342,0.004136767016815153
12,17,0.7386372027182211,0.6790347129335261,0.0476252300549172,0.06789882566499303,2.7287246804863576,3.8903161444986556,0.005155397531495191,0.011318875951491534
12,18,0.9252850927165064,0.8778229518337682,0.08859693713689992,0.10724120382377562,5.076230575730233,6.144468369004569,0.013466474183401321,0.022064582581456965
12,19,0.7385955132622435,0.6784754412922679,0.02828580531341058,0.047998649148659055,1.620657264587145,2.7501200185473658,0.0023788374764693657,0.007016620821906225
12,20,0.7081464311416239,0.644736807603507,0.23124807264361313,0.2519848381493552,13.249538583013702,14.43766772724519,0.0837634886881449,0.10642590080260467
12,21,1.0984751126865806,1.0540285887422478,0.13931291605707546,0.12017734427406251,7.982042121730742,6.885654619994472,0.06100550029536633,0.04519792716509036
12,22,0.8804157378205131,0.8257451721990153,0.13515763997395538,0.1171893373618953,7.743962339456309,6.7144544347713735,0.04526414869745418,0.03233416095015723
12,23,0.7337613136481995,0.6701326228672013,0.09171506074476807,0.07143606472904437,5.254885898461183,4.092985013997604,0.0283449844939178,0.017954526255559704
12,24,0.6827382893356532,0.6141833979491252,0.08616723994825143,0.06608161724652421,4.937019181325873,3.7861977716247495,0.020678641275995377,0.011285426025349175
12,25,0.7315020914188978,0.667134160647318,0.07440766304785927,0.05375291720254719,4.263245056073868,3.0798152922221136,0.01896904124604533,0.010182908781317616
12,26,0.9940359825531141,0.9447894652545241,0.1371280941231362,0.11877285122619222,7.856861045928412,6.805183095996038,0.049908236255094385,0.03561673262744545
12,27,0.7439581078567163,0.685059126366251,0.07977187402149336,0.10014681022084944,4.570591705280863,5.7379895573522885,0.012352687243369756,0.021423021332542237
12,28,0.8004114439787575,0.7421018666254515,0.06736648491680632,0.04530228681745316,3.8598152663647207,2.595629836931212,0.017039966943049524,0.008318407284932283
12,29,0.6916782442333183,0.6259085043532987,0.2738145571499722,0.29491142156013816,15.688418493937087,16.89717978559935,0.11911793044107659,0.14664336746338041
12,30,0.7644944208885358,0.702884919058952,0.07442770021681548,0.0532362954865734,4.264393101288449,3.050215048292009,0.02470549833960557,0.014484592984811286
12,31,0.8649077150649783,0.8101399653727789,0.0601614287569792,0.03988248784101386,3.4469959572518905,2.2850982297719167,0.01339601887788569,0.006403268183196854
12,32,0.7875121875038852,0.7290276348008111,0.05270160001282664,0.03328480331027315,3.0195792543215716,1.907078751601723,0.007471986512401267,0.002549238648542524
12,33,0.7753752620764758,0.71454466485925,0.10872345431781119,0.08873962836380629,6.229395066493988,5.084406180805511,0.03715991712507793,0.024712231987552513
12,34,0.7483139639028247,0.6860721927781748,0.06569955705751016,0.04457553071348234,3.7643073352742733,2.553989779438313,0.015490736803129034,0.007752642563538435
12,35,0.7069933362405603,0.6437121614742702,0.058165437191102586,0.05270924083351515,3.332634064583452,3.0200170410990395,0.007051902956708732,0.007253226906314185
12,36,0.6039941208995567,0.5267407155579664,0.08312358630028831,0.06231170769387182,4.7626306729979895,3.5701978651117154,0.02103818800282744,0.011341616998348118
12,37,0.830348699428001,0.7761709745778606,0.10015734722748591,0.0919500505198222,5.73859328336126,5.2683498208005135,0.01335426281814088,0.011138811995112564
12,38,0.7285501457319725,0.6649239568099581,0.03938627093634766,0.035257988144317486,2.256667095411498,2.020133914791685,0.005210208777453879,0.0029059154121488283
12,39,0.7069353895844236,0.6405230422238408,0.35166426823722763,0.37308474555236787,20.148878375549632,21.37618132086289,0.1892522809793215,0.2235110514660473
12,40,0.6732534989477379,0.6076690263980531,0.12604744836424311,0.14716683373262407,7.221986809664303,8.432038457182875,0.03113446285672162,0.04522547845854237
12,41,0.9906938007027493,0.9404765175228696,0.12955316562845773,0.1114316139674533,7.422849613069949,6.384561184666109,0.041572118177501734,0.0283914770113887
12,42,0.7373803173282556,0.6728534458020126,0.1494405029624573,0.128823190455979,8.56231010806108,7.381025116537584,0.0796348831014837,0.059997325647971084
12,43,0.9800740702418106,0.9343740039866016,0.06878862794150241,0.0588987683815412,3.941298059543776,3.374650846780889,0.01025666675730343,0.00883257800110942
12,44,0.7140196787433551,0.6480428846618803,0.125864447714877,0.10571055310938955,7.211501644807472,6.056768543161563,0.04878294808405281,0.03363648253499952
12,45,0.8292621994585613,0.7763722684654655,0.07242525199580285,0.09220106388282727,4.149661269530946,5.282731827102089,0.011725829817137781,0.020083203286605088
12,46,1.0479868499391332,1.0010076043950495,0.17567858737907094,0.1575914393162493,10.065641607641016,9.029324360213113,0.0904621386163765,0.07122651837689249
12,47,0.7738794252877002,0.7150980665637986,0.09014752603769416,0.07432608458969818,5.165072775505572,4.258570954722053,0.024002008060696627,0.017808667674804574
12,48,0.8833395523676667,0.8336985580823452,0.10431705002129563,0.12538046929187582,5.976926697475334,7.183771723794106,0.022940686139026556,0.035895331692781404
12,49,0.781022687366937,0.7225011304876224,0.24772170239346675,0.26844532986032066,14.193408040941469,15.380784430993586,0.09695410399751,0.12090417951779171
12,50,0.6611475995414755,0.590793698317898,0.054896120107897635,0.038107837666821444,3.145315993825788,2.183418264678535,0.008975846254973815,0.003896282508851368
12,51,0.7686419131582769,0.7071554072705756,0.10270726110293409,0.08294547530711706,5.884692586546287,4.752425664804393,0.03054992365080019,0.01883490107966121
12,52,0.8034265634041764,0.7485739116351727,0.04834205069551684,0.06510054758782752,2.769795477860581,3.7299866207730887,0.003045168478479337,0.007129638670222288
12,53,0.6603688228231,0.5894372007861561,0.0916175220939636,0.07066251769802523,5.249297345430686,4.048664033865331,0.02494389860640505,0.01422785869117911
12,54,0.7454954106935189,0.6827811109239461,0.08323561054569584,0.06547343104164086,4.7690491894629785,3.751351268926854,0.015806692860062067,0.008313375919541295
12,55,1.0419599986762331,0.9969817901905332,0.09935409139652591,0.08533805633052954,5.692570114377978,4.88951045958902,0.016919420512807384,0.010907086191544992
12,56,0.7271267615365813,0.6634348606740669,0.0629427441445144,0.04268258889253533,3.6063535904524504,2.445532202234241,0.01790096493079407,0.00952145224072587
12,57,0.6985225312436435,0.6320209880552049,0.04980781621462535,0.030819550261505853,2.853777655861301,1.765830156475598,0.01124430791386663,0.00539303814938368
12,58,0.7392103955217973,0.678702598393063,0.010897160568026336,0.016933955318913323,0.6243613092242919,0.9702441702368454,0.0003266515904432727,0.000978267048837099
12,59,0.8770550105436848,0.8211772086635641,0.34042863448731314,0.3620767437444392,19.505123981524786,20.745469276396197,0.1849146763402474,0.21905861619216027
12,60,0.8696040753430139,0.8180615468635902,0.030896561217862446,0.040914758941341084,1.770242559251097,2.344243007133992,0.002323275190160471,0.0031504398425492262
12,61,0.740702896130093,0.6772954381483126,0.06515087836540684,0.04479169847175531,3.7328703619079957,2.566375279654159,0.01782585014074147,0.009684454673177505
12,62,0.7653028283340614,0.7039577562103563,0.08936064514191563,0.06904924533146996,5.119987821197989,3.9562303360566315,0.026065952610426546,0.01575709798358378
12,63,0.6666933702557216,0.5966706291653642,0.05544219701816987,0.03658031812730115,3.176603896073931,2.095897841940255,0.012206624802764948,0.005829733316694098
12,64,0.7508672419612529,0.6887754500206985,0.06037356569155537,0.03896242277682252,3.4591505082819483,2.23238238471632,0.012823440656461446,0.005593136043759741
12,65,0.7330423348224836,0.6686936261635782,0.0883916234824066,0.06770225199101422,5.064466969851359,3.8790533026162897,0.024202087187481063,0.01391079624926013
12,66,0.7034059839078383,0.6403027352966797,0.09105739469155996,0.11065390972566067,5.217204409283332,6.3400020139019695,0.01606665873232075,0.025682595607727336
12,67,0.687330364943646,0.6232926427138791,0.05406164158733652,0.07575530095794379,3.0975038965033153,4.340459020633541,0.007535276797779659,0.015813610099000203
12,68,0.6172769891161312,0.5418280217804561,0.12322433811888099,0.10367632756960081,7.06023450750491,5.940216005153946,0.049012583051418694,0.035206171192828935
12,69,0.8050110229659931,0.7500986331703233,0.022788282366247515,0.018852233931823278,1.3056724019383796,1.0801534386867955,0.0014933639806661708,0.0008136438527635622
12,70,0.7655425082324303,0.7075747985741238,0.015309741967708346,0.02953427896053555,0.8771836001840004,1.692189535400711,0.00044740594878349416,0.002862597920183599
12,71,0.7121395672710206,0.6460949089663172,0.12512473452506034,0.10486990869992394,7.169119200980817,6.008603166427916,0.05115108126288331,0.03556022322922006
12,72,0.8154052205990507,0.7573169553882371,0.07326182292512394,0.052771483617647316,4.197593253044381,3.0235832899349564,0.02057983579041315,0.011432856564588988
12,73,0.6200851192931338,0.5465401931174529,0.05471704737048859,0.06694036524779547,3.135055881746395,3.8354004077628874,0.00347926532821137,0.006147309842853943
12,74,0.7227252409545507,0.6621216874004014,0.10610041006873831,0.12776336458359552,6.07910570154605,7.32030156703124,0.023973859034892818,0.03735769048412639
12,75,0.9788117790741607,0.9298187113394962,0.18010644946158297,0.16281073849156838,10.319339417234962,9.328368174975006,0.09698378630031718,0.07887123563170435
12,76,0.6927166325701328,0.6252262650403123,0.07149562537886628,0.07986983840953826,4.096397587857455,4.5762046512584185,0.012524682665364113,0.013744778422897942
12,77,0.8858360503929487,0.8354205415895473,0.07657449402573988,0.06477452024000932,4.387395326024632,3.7113066297372623,0.01316630691629338,0.008226390646959587
12,78,0.6217256164420552,0.5497472714922883,0.0848209489318682,0.10652597081398624,4.859882388090736,6.103488536175198,0.016323589930615577,0.027733018000594384
12,79,0.7815178755687462,0.724607577984162,0.18280842329975483,0.20386633610610166,10.474151114516975,11.680680643675135,0.05657061671980197,0.07581620579761754
12,80,0.7882173085987146,0.7330763712375665,0.060962744144720894,0.08281715853449743,3.4929079470283786,4.745073655292549,0.008917318632833945,0.017647969436439648
12,81,0.5767112136334658,0.49589484137359013,0.0342681948640394,0.03635687134030616,1.9634229372413414,2.0830952840996835,0.004297293597748128,0.0036600853720649687
12,82,0.5792313918521738,0.4992524291979727,0.10417824324005936,0.0840175624709428,5.9689736547427,4.813851734561759,0.040346765124802605,0.026658712182643513
12,83,0.8188701340473493,0.762942887162372,0.05686416790495981,0.0394987321742161,3.2580768264774695,2.2631106497001765,0.01376675900643411,0.007625853935001708
12,84,0.8318113951200311,0.7787340972600731,0.08713823325590683,0.10559399889601169,4.992652999789976,6.050090478650544,0.013535188266404041,0.021672127452402053
12,85,0.7002706186112844,0.6336522711138725,0.052247428026777024,0.030520769747105814,2.993557116347854,1.748711293999728,0.00876414647533176,0.003068898292257035
12,86,0.7711688698381858,0.710113617546944,0.09445984557773,0.07586124296000497,5.412150485061423,4.346529050224814,0.02281844462337014,0.013461572659763645
12,87,0.6943520926554317,0.6290313934861494,0.02570354713132983,0.030184923538133023,1.4727047691407935,1.7294687236601185,0.0033391873334929515,0.003458303179767303
12,88,0.7994895888878765,0.7443147720245166,0.06962763497816912,0.08729102009537186,3.9893696217265564,5.001407040856464,0.006884198510312765,0.013589656268061308
12,89,0.7377365905490958,0.6746671876390606,0.053019863926043465,0.04209340453540493,3.0378144333202135,2.4117744252155404,0.01284520499269406,0.00768668840278627
12,90,0.7147653289782905,0.6531324335291301,0.09453684941254462,0.11470229751011461,5.416562479802622,6.571957547783498,0.015213012901799432,0.02567501572391593
12,91,1.015604151161542,0.9693745004110931,0.09646340217124912,0.07787434855097523,5.5269458218856755,4.461871504301599,0.023670662634352767,0.014501747004998781
12,92,0.7692928902896176,0.7114945680798803,0.03892723883851768,0.055562815076803496,2.2303664935448038,3.1835148017666994,0.002268460362040394,0.005932801581842534
12,93,0.7122915815303313,0.6475956325584883,0.06303993341039418,0.053738214976883636,3.6119221252013367,3.078972916742143,0.005731926759403757,0.0034195621275580207
12,94,0.6921169388316569,0.6265902169557349,0.22898281089816294,0.25026936716551135,13.119748645506968,14.339378479993783,0.091264188536896,0.1151891768273869
12,95,0.8271040365449749,0.7730185093265716,0.04662255381037601,0.046768005473898186,2.67127556345612,2.6796093298990975,0.006925960819023412,0.005459488696887258
12,96,0.7106246972150508,0.6481779297940111,0.024384666378718313,0.04195363771828321,1.397138468335116,2.403766376478489,0.0010667007869515615,0.004309712194721843
12,97,0.9177735985090899,0.8677728953827644,0.21247452520974106,0.23352721943019067,12.173893548564175,13.380124074775399,0.07579985739482001,0.09798702343127708
12,98,0.7697892530513828,0.7103227237876572,0.2532047121120344,0.2743146303513755,14.507561356844606,15.71707057782509,0.10171125424211812,0.12710707769211899
12,99,0.8287394932592782,0.773211010135188,0.07012166294847696,0.05490957837576777,4.01767533938661,3.1460870957743032,0.017490577246128108,0.009950630479483214
15,0,0.5607972011820621,0.6450498596104864,0.4204731255063596,0.4764143465597812,24.09133549018897,27.296531357358415,0.24782057337777783,0.32938662780662137
15,1,0.530146418756751,0.5995355771882225,0.06411973714309072,0.058705122559994695,3.6737903217873207,3.363555758485931,0.0182202288039455,0.010210036931301373
15,2,0.44271308958867,0.521169147148708,0.06805162466908223,0.036460088524776134,3.899070882546769,2.089009193143036,0.01112311148237697,0.00426622354843636
15,3,0.5458626927163195,0.6151049419264278,0.028642395866029034,0.08131166769001988,1.6410883982664202,4.658815383808399,0.0019052749431102065,0.008987756204761693
15,4,0.6664517278484414,0.7201054697666529,0.05602328659883312,0.018046092200221096,3.209897876564962,1.0339649197766225,0.00789252802067059,0.0008614759888400229
15,5,0.5338278263936685,0.6161928250848705,0.3797775723370428,0.4358729258900335,21.759652048636877,24.973679057517433,0.20728848774723585,0.28162634897028044
15,6,0.5343902822115949,0.6027578072612944,0.07005074951384278,0.11980040494313593,4.013612298871295,6.864057587199894,0.013398853426218901,0.03214014441758395
15,7,0.5262832681423394,0.5941272456476777,0.03489548172952595,0.05524066134617738,1.9993638271777117,3.1650567526474287,0.003464566915580409,0.006674848098016604
15,8,0.4856703532676156,0.5601666437819527,0.05369302698329162,0.07265998178730898,3.0763838354246564,4.163110295910233,0.010179591793090643,0.008563205984600534
15,9,0.5260275850467651,0.6044657150440321,0.13664244848058066,0.19242555849371154,7.82903560027106,11.025172372137423,0.022932190858882144,0.04705391407308443
15,10,0.5334715518202915,0.6113887587825219,0.21226024823793715,0.26849219734524055,12.161616382432967,15.38346974007589,0.07770753719268989,0.12551110075489247
15,11,0.41668617520890194,0.49841082447431584,0.0975464829335373,0.08492633568034764,5.589001778436601,4.865920603995215,0.024914795749818787,0.02621839484753008
15,12,0.41581003610717404,0.5003938266355786,0.028568532848984248,0.07039399323698774,1.636856359127651,4.033278715551858,0.001610442576602325,0.006069033737592017
15,13,0.6278806109788673,0.6869333970019185,0.029431255765530094,0.04572384117066183,1.6862867411349451,2.6197831222054364,0.0037174207405169385,0.003285712200376139
15,14,0.4370559997278057,0.5164500905003101,0.0835152299566143,0.06482173936818487,4.785070201578541,3.7140120864940087,0.03870590550341318,0.024299523796742203
15,15,0.3921570203795782,0.48645126078541984,0.5028105608547931,0.5558961091082928,28.80892303158549,31.8505008996491,0.3568574140918356,0.4496848416386027
15,16,0.48413609898004306,0.5578301785302618,0.03926359058024293,0.066737786837015,2.249638028777535,3.8237935198046995,0.0040758410066136855,0.01180871810515223
15,17,0.5407791509172035,0.6075650018765598,0.02533665166850278,0.061213104504680024,1.4516832075983046,3.507252539011413,0.002150607782780615,0.007973137226561577
15,18,0.4779954272490174,0.5566672169140369,0.09017699398709587,0.14944964056647508,5.166761164637196,8.56283365420616,0.014859532631912371,0.0398563369268312
15,19,0.5179525453481938,0.5921211183126429,0.06341597550762676,0.12065541891434833,3.6334677502920116,6.913046279175084,0.005517551948640696,0.021262735258573216
15,20,0.6570727484315861,0.7266914922737855,0.21095241022373187,0.2650870833759776,12.086682783932234,15.188371080876083,0.07926916598595153,0.12324264557710837
15,21,0.42696408314662465,0.5136126589285567,0.1860263709190472,0.24286538437666752,10.658525931796598,13.915161514605531,0.05752766627157316,0.09735471468401473
15,22,0.4604131798153441,0.5381583039356823,0.11361803462948898,0.08087196185554339,6.509833860840953,4.633622095265618,0.0450160582314924,0.02371362853208664
15,23,0.7031063695540865,0.7588850222268942,0.05297391676772375,0.11027790575760592,3.0351818550678744,6.3184585734522605,0.005833786197232873,0.0232098139281142
15,24,0.45376161089114697,0.5300183537060064,0.047832907281196935,0.04092230538794709,2.7406237090531698,2.344675386674837,0.007244650250004932,0.004454015008636236
15,25,0.420086243581229,0.502295511110148,0.05408614810749366,0.03462541751413963,3.0989080166788714,1.9838902874385633,0.009722887418852879,0.002889167329795428
15,26,0.4923873210899939,0.5634133951364496,0.03843143586073402,0.03872768310041836,2.2019590754477814,2.218932791974095,0.004037729132934393,0.002627498717059272
15,27,0.4519144412338135,0.5272301382806086,0.13678633371691407,0.0821400535730149,7.837279617047207,4.706278398712231,0.0610490879963479,0.03190465552686756
15,28,0.5048413916144955,0.5756288933146642,0.04521826178827512,0.037989563156913764,2.590815557385847,2.1766416344368467,0.00483413648725123,0.0034928999996510987
15,29,0.5002914304621429,0.5722592609181492,0.027864300348473904,0.07670752863425674,1.5965068090524637,4.395017647621823,0.0018657882642496154,0.008624813919220417
15,30,0.4987717394726967,0.5764425441681512,0.11105466438418628,0.1674347010239463,6.362963564455693,9.593301712706888,0.024405670646704958,0.05273283488295996
15,31,0.4662915471856653,0.5391212358581338,0.09944046031927747,0.04363679670097169,5.697518689132734,2.500204282436072,0.022948110176366693,0.006625774128797123
15,32,0.6454430108376816,0.6992559199995692,0.09853083768788956,0.04392094613263669,5.645401151404623,2.5164848456215174,0.02151503938675827,0.006195049767815337
15,33,0.3854672151389437,0.4770493508814697,0.217571684929872,0.27342650274645136,12.465939288031763,15.666184614393876,0.08055288679053538,0.12780464479885661
15,34,0.46755968684552957,0.5447595414308507,0.0635477198051428,0.08519102149877285,3.6410161425145966,4.881085984287945,0.009600880638261592,0.02075878825564751
15,35,0.6281021124707226,0.683120501827401,0.11981716192594195,0.06440482734063321,6.865017691592052,3.690124786887057,0.04253292839599081,0.018277413908380568
15,36,0.43182470743744894,0.5108995595879992,0.08225767389820308,0.032419628748844964,4.7130175469304705,1.857507900689806,0.018898454400460694,0.0052165243183608
15,37,0.5468105321474203,0.6112211604070962,0.05991112771665091,0.035427742982811775,3.4326547640333454,2.029860150589333,0.012780582589379717,0.004456584224931141
15,38,0.506432828049262,0.5764251665405161,0.04542162123159292,0.048265354089417144,2.602467195212087,2.765401086028091,0.006554743333949769,0.006099563778830601
15,39,0.4570119430414356,0.536630655039763,0.06361196026699474,0.11861431647061489,3.644696849852684,6.7960997235953196,0.009807901649621711,0.02754286943842605
15,40,0.6365595838986372,0.7016785206434246,0.1298381204089596,0.1851528859139422,7.439176319344782,10.608478927536117,0.03570693324006982,0.06888872407120705
15,41,0.5348926267299459,0.5992861656070448,0.14708892276308816,0.09351415736643788,8.427574487450695,5.357966541819108,0.07601877981291247,0.041870183567248406
15,42,0.48015910426379765,0.5555871778279596,0.0246500364946554,0.07878003104157308,1.4123430559872086,4.513763288591752,0.0010121807009766193,0.008399648404783758
15,43,0.564352103305488,0.6273869719545866,0.08597269369284817,0.04287823145934573,4.925872501971192,2.456741695605583,0.025785380886531782,0.010115489324364695
15,44,0.5230544793595253,0.5883426246312391,0.11841532878845866,0.0633754813276312,6.784698569232677,3.631147604683423,0.02989074822375882,0.011510658468794455
15,45,0.44608851256322785,0.525330052234371,0.06391239472627472,0.05615099857489714,3.6619104763897217,3.217215233786706,0.01774404667047847,0.010082479378423834
15,46,0.46295860319391147,0.5374737047071376,0.04482109964479389,0.019311328871937088,2.568059842782003,1.1064576411511282,0.0035137023949743905,0.0007976516773885133
15,47,0.820790860995586,0.8653258892104086,0.0855247704788311,0.046861803452457884,4.900208392262079,2.684983558197427,0.02188382029428134,0.00751494972580596
15,48,0.43242619992723846,0.5119707342133651,0.1001364681004003,0.055603696956509296,5.737396997499338,3.1858571609324033,0.034499460537067636,0.014817975559633767
15,49,0.4933488115042567,0.5683753366203407,0.03619067482508676,0.09528366558861812,2.0735729252078303,5.459351894763733,0.0024644076773781345,0.015918811708678683
15,50,0.5430646857539211,0.6118395670467406,0.03408918791418982,0.08121012418660785,1.9531665945114507,4.6529973696259175,0.0026654588761738625,0.009135525831756731
15,51,0.4490303109384114,0.5255997899578632,0.05475082397668048,0.03723606396845235,3.1369911387274656,2.133469311071475,0.008590355667618135,0.0032606929622724223
15,52,0.5665753946073554,0.6273630793974168,0.0832854502948534,0.03322175260229904,4.771904796741698,1.9034662121394945,0.014141768098638083,0.0037418102721731607
15,53,0.4060731339459792,0.48988322293698844,0.056668581841519385,0.028081364841079728,3.2468705705107554,1.608943688360926,0.010051841983839842,0.002584334449911129
15,54,0.4163491501164974,0.49972589453361693,0.09094752196325173,0.05758531854928066,5.210909165667683,3.2993957147901942,0.026701138776064386,0.010947026896501186
15,55,0.5685455301693513,0.6287239685246769,0.12547461762316803,0.06791874128110385,7.189166025825349,3.891457225248209,0.04398121458925337,0.018704761092295158
15,56,0.4199804696330857,0.5021002682237671,0.027070164017231,0.0781435051337922,1.5510061489142422,4.477293040525175,0.0018763790775842104,0.01158240092899902
15,57,0.4957845683909651,0.5664461948021816,0.05367497333406995,0.06563272460415762,3.0753494375194452,3.760478117762668,0.007937623923740793,0.013412643626699248
15,58,0.4080052195674433,0.4916486455706238,0.04771374414331825,0.05523042500439587,2.7337961641791853,3.1644702534656948,0.00805717993156491,0.009334069933527481
15,59,0.5730550481085265,0.6323712696808816,0.09295016525750305,0.036111299369774814,5.325652174298459,2.0690250466215265,0.014669352679205959,0.0025474095267756063
15,60,0.4058111584521817,0.489813063256508,0.03627267034167757,0.03566342388431602,2.0782709222474782,2.0433636715573646,0.003677961545268251,0.0026851956870785603
15,61,0.5325997673621591,0.6005962895469645,0.09250129000195022,0.062239438341714366,5.299933516627426,3.5660571362449485,0.024819363418344696,0.009486221053170062
15,62,0.4522170187293193,0.5307596054877952,0.026388328461421827,0.08375492538769136,1.5119398492444198,4.798803738147825,0.001004408767555899,0.011265065663113881
15,63,0.4261559693477212,0.5073786904178779,0.02036244090514703,0.0568171857765231,1.1666819244494726,3.2553849488055047,0.0011837474364790074,0.006439483232185739
15,64,0.5155635357871332,0.5841352255029083,0.044211782274904195,0.03243900427256616,2.533148529103312,1.858618036424886,0.004916679900268249,0.001632715169434932
15,65,0.607444271191008,0.6682906808093522,0.04668905257964427,0.04519395158144875,2.6750856622780055,2.589422685135606,0.00749272733583399,0.0038462435655286327
15,66,0.5049568239318926,0.5745444821801682,0.06387408142182129,0.0424534959600065,3.65971528574534,2.4324061440840636,0.009741420932890467,0.007016628133653889
15,67,0.4657176648065924,0.5410959701035477,0.08142561319542525,0.09422063195927875,4.6653439803626116,5.398444554322113,0.02106344848400273,0.03014974893092032
15,68,0.41548138531334977,0.4984843297049739,0.07444817538864217,0.055784950063118274,4.265566242218924,3.1962421989647325,0.023508381725709168,0.012198841617341704
15,69,0.483293851026949,0.5556885346454987,0.07132714650642924,0.06081496778333982,4.08674445952969,3.484440985209443,0.01360435738869431,0.011281228871290407
15,70,0.5058250694445742,0.5774542501239353,0.09119400819716561,0.13907869379535745,5.225031786579023,7.968622174666291,0.023400437218557703,0.04768383983622885
15,71,0.4803131950856509,0.555232727256785,0.0381184886554158,0.06716844927004112,2.184028521372633,3.8484686596119313,0.005774423534173755,0.006544432226902545
15,72,0.5533991386136691,0.6183078085006622,0.04231333238306244,0.04155770902202517,2.4243753626837115,2.3810813331947864,0.006379873231659387,0.002728916622617608
15,73,0.615490508092721,0.6714526855856221,0.1007165564167136,0.05313556945806512,5.7706336097689395,3.0444438719713705,0.0219365295552571,0.009023478037654444
15,74,0.47001199459376886,0.5418664816969907,0.10627769722585903,0.04843570253856967,6.08926350741094,2.7751613332111296,0.01992544604589161,0.004983779904210804
15,75,0.4731881945725858,0.5452004127141181,0.1342886207103519,0.08322408622183698,7.694171203336264,4.768388894344124,0.0674510622696976,0.036640852225679935
15,76,0.5132260411118457,0.5804357011006902,0.07891665383123832,0.029992081122952204,4.521591197824874,1.718419667159148,0.013130534675823709,0.0039057196469806273
15,77,0.5680295251558691,0.6340549702143355,0.08443779192320996,0.06585458951666166,4.8379291086037615,3.773190040871189,0.022525841127831774,0.01034046213468461
15,78,0.482776836263299,0.5565031649102049,0.051255247361452004,0.09301300766313078,2.9367093517102485,5.329252778915378,0.0058349056736787044,0.017431261117113305
15,79,0.48471323531142263,0.566240147209724,0.19470421752071146,0.24852551512519785,11.155729917333904,14.239463117988542,0.06939512795552719,0.11082741681916795
15,80,0.5957423141594992,0.6671189712246993,0.173857125298049,0.23152628203831846,9.961279517855342,13.265478807151206,0.05305871331379736,0.0943305666800468
15,81,0.4521818365480626,0.5295269259538651,0.07528564624899499,0.03948002020459977,4.31354978798233,2.262038532814784,0.015881783052436926,0.0047589701346516765
15,82,0.42451102995857154,0.5057461704019441,0.0426853246478177,0.05354285895690742,2.4456889494657013,3.0677798412950326,0.006398729121809291,0.008344791088069476
15,83,0.6143081360882036,0.6728065323599107,0.05600520118511286,0.03180542036349148,3.2088616586880434,1.8223163524675066,0.009694662929916779,0.0028425261288730656
15,84,0.4976762006048431,0.565315046002663,0.1259012692996072,0.06613735691884041,7.213611366207495,3.78939141959991,0.03686970184117043,0.013217700074621076
15,85,0.5101122931944384,0.5784612407217153,0.07618937077513521,0.037780573858812165,4.365329389172625,2.1646674296922237,0.01427006554610638,0.00411675564954803
15,86,0.5034069717600563,0.5752937186514274,0.04961044343522998,0.06130605359172132,2.8424690286111796,3.5125781294084732,0.009038593339356065,0.006142878383274691
15,87,0.4986155085178281,0.5679642189558324,0.08333735045261975,0.032827617399839,4.774878456737772,1.8808839284810002,0.018673485142434873,0.004536136897298508
15,88,0.4462622591893259,0.5265444650867245,0.052029544627211766,0.10905476943931515,2.9810733171268025,6.248378024645029,0.005954173260027899,0.021892587504899495
15,89,0.5224373210261181,0.5947620985958909,0.07022367326342854,0.1277636663888485,4.023520099900136,7.320318859198471,0.009867157639196399,0.03015837023855425
15,90,0.4781791949159571,0.5509904104337673,0.05862100012873447,0.04786960601681581,3.3587358982123403,2.7427263917175972,0.011965084968117618,0.007656470960329484
15,91,0.5194128157909933,0.5924143477361222,0.07134611960522234,0.12964238279310517,4.08783153801482,7.427961380064371,0.009114594934145341,0.028920852547202183
15,92,0.7206033532503816,0.7697655424041023,0.08159828299747118,0.029171527242542187,4.675237231269203,1.6714053929485715,0.00968129934583619,0.0014933887718027112
15,93,0.4545205035789147,0.5360279341702807,0.08662705135884505,0.14413204654773026,4.963364434524844,8.258157959768072,0.014954431014348284,0.03868574853366888
15,94,0.5758625951351387,0.639413316242315,0.026107021393798554,0.06730878109054717,1.4958221415224051,3.856509080658315,0.0015530131243590584,0.007875817257928432
15,95,0.6147465700869812,0.6780702536439744,0.05369459221764122,0.10573659129484117,3.0764735167468373,6.058260421294119,0.006103793756447867,0.02006838825572786
15,96,0.4135648668627689,0.4953086945408067,0.12029215130072167,0.06814766990782856,6.892232578080487,3.90457386936926,0.04747063524115735,0.0221704894358082
15,97,0.48503749361250814,0.5602197889614868,0.045644670029296834,0.10314540325261648,2.615246949945988,5.909796282549878,0.004170037225084806,0.019386970189515317
15,98,0.6598394798872971,0.715498567755077,0.06441280847684708,0.03914651984203437,3.69058207230783,2.2429303695737035,0.014748345923500005,0.004900241804524276
15,99,0.6105325489167336,0.6810995556824871,0.1445966092490636,0.20480485829837994,8.284775441873668,11.734454004272045,0.03124797620401589,0.06504101285116608
17,0,0.7538956396603311,0.6656751404234975,0.05184118859564981,0.10790689506496601,2.9702813114724695,6.182609667583604,0.0072448332383845526,0.02822063794757531
17,1,0.9248433451631732,0.8491605702174362,0.0844302523775229,0.026964707922581894,4.837497124456447,1.5449639597669163,0.022965953107186972,0.0033427224543710315
17,2,0.8687640918922056,0.7849881919294439,0.06030570717735907,0.05681200438419356,3.4552625018144716,3.2550880768930206,0.012852330541817569,0.007416779828508642
17,3,0.9083511982011738,0.8276710678334223,0.09833964890597677,0.032820522602921745,5.634446841110772,1.880477426561139,0.028669611782696322,0.003868115160827107
17,4,0.9988126177898975,0.9189195420491416,0.1775156262851388,0.1150803073788291,10.170896183760034,6.593615917875133,0.09806188570417307,0.04410321339801268
17,5,0.7028235376081887,0.6011018414484912,0.07883884523354538,0.01672939803130731,4.517133093567238,0.9585239009883771,0.016886794709094585,0.0007589005444490603
17,6,0.8818363616158671,0.8063215723711775,0.3468728478014772,0.41149704541878024,19.8743502067084,23.577043984599253,0.1652657935466811,0.262416817794099
17,7,0.9273160636412933,0.8447930724782018,0.17492748576956607,0.1135245960719347,10.022606655430904,6.504480225849302,0.08774394668635108,0.03741013198933086
17,8,0.7574004011288757,0.6691381180095799,0.10467147292284851,0.14342327754410514,5.997233633897094,8.217548487210658,0.01834979915221308,0.05016610843759548
17,9,0.6282677227178851,0.514438662283935,0.12719454307070988,0.06512934009043014,7.287710495046646,3.7316363096538385,0.04743571854278103,0.01279809473705569
17,10,0.81017684958342,0.7273905351487568,0.41134284274772487,0.47621398268957427,23.568208822358137,27.28505135322865,0.22367143677953127,0.3345215570576868
17,11,0.7732504713560197,0.6813369062858761,0.14619464606031335,0.08825315768202245,8.376336206664822,5.056533463882446,0.06087989060255036,0.023932252913320497
17,12,0.8123636220788104,0.7335755232169419,0.06674373637597927,0.12901049678997287,3.8241344032774007,7.3917569789515,0.0067527691059063935,0.03369417336466224
17,13,0.8668362200569626,0.7802866060139236,0.12539562714621913,0.06137330578022828,7.1846402048744515,3.5164313959729405,0.04417220273702052,0.010790211462145649
17,14,0.791430234788425,0.6962458190038582,0.18562225378444278,0.12349587138670866,10.635371725554844,7.075792217748831,0.10026635964486866,0.04450294135796487
17,15,0.6922049001424992,0.5875178563181629,0.13685643495971578,0.07591606317581852,7.841296122398367,4.349670017222926,0.04853558628336377,0.013447304256171619
17,16,0.6600140995411535,0.5609460347678548,0.1069746371325751,0.17037954699787952,6.129195222640012,9.762028958329353,0.018615741079790298,0.05764867001301162
17,17,0.7729678437198109,0.6910304854648774,0.23299407555021615,0.2977002983420282,13.34957718057963,17.056970654783676,0.08008593009446942,0.15087125403637053
17,18,0.8271449992099841,0.737810987045651,0.0967062267896113,0.037690906053907104,5.540858647679704,2.1595298429129612,0.027762589236315208,0.0048812958237416625
17,19,0.7187641903394174,0.6283472906865389,0.04864977594733907,0.11053766572743792,2.787426836039595,6.33334172341008,0.0056640900464641035,0.029516060144825156
17,20,0.8249417542608957,0.748699214765586,0.20999274948928945,0.2753965642507101,12.031698274084258,15.779060823969093,0.07091641055935774,0.13910902188817495
17,21,1.0408535809897357,0.9753170056485468,0.09584100301504617,0.040600478608585316,5.491284977062743,2.3262360704831195,0.022753350195146342,0.0047676329878327366
17,22,0.7225572490987141,0.6256638768208271,0.04511848051227904,0.04369623411229288,2.5850985113968417,2.503609795249959,0.006048839049110372,0.005786212702509962
17,23,0.7549329219814203,0.6634228674466237,0.13161316405149298,0.07728839511420296,7.540878828513474,4.428298845383362,0.056799756249181016,0.02441555214341861
17,24,1.3190293958741803,1.2623545738777417,0.2208371496918517,0.1714381922985048,12.653036637041891,9.82268486605654,0.11148212448613035,0.06583137167292473
17,25,0.7498127409919825,0.6530119450987781,0.09368011017261581,0.033622040391594644,5.367474937211456,1.9264010130567548,0.026723242705093138,0.004188680350299762
17,26,0.786434279079593,0.69181664647847,0.166282954179321,0.10659319646257416,9.527311479442348,6.107340282114316,0.06890087171137645,0.025419307745285467
17,27,1.024558160308885,0.9585815472672136,0.0853954964608719,0.04728872529085008,4.892801536632318,2.7094443777192656,0.011887536338859618,0.003539511056080009
17,28,0.8590202140337342,0.7846886886908657,0.255550027799434,0.3196570550240641,14.641938047358428,18.31500014446,0.09434885389054785,0.16873003101423942
17,29,0.8101921299025613,0.722187816713438,0.07620633813222519,0.015574421335270934,4.366301547123372,0.8923486108695287,0.014017743720179325,0.00046738466840456645
17,30,0.7460046614555077,0.6593477357369014,0.06283648705954889,0.1264518431277848,3.6002655079405637,7.2451569228724315,0.007026887530794435,0.034947775517846474
17,31,0.7803143764839126,0.6993909401255113,0.16349792007878483,0.2277440666788406,9.367740779681611,13.048773829843569,0.04188043731604327,0.09559376233473539
17,32,0.7170957300292157,0.6165229693190101,0.08885683908809762,0.040550943879298716,5.091121860621076,2.3233979395556745,0.027937144134779587,0.0072773977013745085
17,33,0.8522441936571213,0.7634778562134155,0.21053771311795966,0.15497185512043743,12.062922389995196,8.879233241713921,0.10714641976751522,0.05493041015364172
17,34,0.7061939940476648,0.6138810089218932,0.034679149210089216,0.0933147370611237,1.9869688868425548,5.346540599975395,0.004234653927226051,0.024551474218047674
17,35,0.836051241451191,0.7514027048169,0.09769539949005679,0.047525852588222214,5.597534068624789,2.723030771066033,0.01747842691912914,0.003585373956861152
17,36,0.7752059058730332,0.6887251661768675,0.45248540916137353,0.5174001625587975,25.925504236196897,29.644845634001815,0.2651518779407492,0.3850384564043349
17,37,0.7999786402535487,0.7076898085497225,0.1313746664581572,0.06894716856737917,7.527213922991307,3.950381768287877,0.04644969246873773,0.012548467416692202
17,38,0.7279275412020686,0.6356390094236439,0.04943049190610894,0.03679314721958278,2.832158565475618,2.108092050685593,0.0047054509250818305,0.004918899112669142
17,39,0.8751859584205185,0.7999559062153796,0.29974513414036064,0.364391675221024,17.17413111582539,20.878105079866494,0.12680670265880797,0.21326007878579617
17,40,0.9528525545394948,0.8806974279809299,0.3799074160418471,0.4447345397563236,21.767091544918504,25.481412131730462,0.19318243546827904,0.29701048473846847
17,41,0.7882584353403361,0.7023002205542203,0.4675025923010638,0.5324820853798384,26.785925450276167,30.508976158589498,0.28479539112681396,0.4089824741729507
17,42,0.7055458422480316,0.6142619284147898,0.14407796871434617,0.20538359530003905,8.255059528149951,11.767613191915169,0.029294501944060747,0.07447478247432235
17,43,1.025194166577876,0.9619669652126818,0.0586316688371742,0.04485338525334361,3.359347170178793,2.5699096718909136,0.006848900468783559,0.006734802598166676
17,44,0.8599819104030857,0.7780456497932269,0.09793849108546945,0.037023474783934585,5.611462191077036,2.1212888480284793,0.03090753538461828,0.00612480396093854
17,45,0.6784152896465587,0.5758210315129919,0.06033909203654232,0.05556802861911304,3.4571753133453105,3.183813515737349,0.00664889399220896,0.010435216223515741
17,46,1.0492094891289336,0.9819766628000597,0.37538164846622035,0.438656549461434,21.507784163777938,25.133168939911812,0.18352383131684646,0.28240706642507973
17,47,0.8583790776672001,0.7846870920070764,0.22725814374309838,0.292656306516374,13.020932496456934,16.7679712112752,0.08491536341343314,0.15883710500066012
17,48,0.974941152079726,0.8944439495228949,0.16815050329931205,0.10596411649027822,9.634314162051204,6.071296654725551,0.07900580554634704,0.03125470954549367
17,49,0.9450319984112073,0.8784473277740884,0.051248819061547,0.1127202400664223,2.9363410372562475,6.45839402150744,0.004330526434408604,0.02676646020481535
17,50,0.7170240719936334,0.6146697270583882,0.13140485568877563,0.06717201718696171,7.52894363849249,3.8486730861931346,0.054298846058464724,0.015988460937379115
17,51,0.775149576967028,0.6858197508322639,0.08479939175258917,0.03723897293137138,4.858647252699841,2.1336359823694955,0.022876040858949682,0.0031404905102959584
17,52,0.7299542326894009,0.6316098615118159,0.06235011936318402,0.03195446162640074,3.5723986916473565,1.8308557878055067,0.01189333775971434,0.0025072697019049225
17,53,0.809115025883631,0.7287054952880465,0.030235170871076186,0.08853665266803404,1.7323476837695504,5.07277653009403,0.0012924153673781781,0.01675323466271185
17,54,0.9569743323319092,0.8764659825182476,0.1539962705374733,0.09045728381626125,8.823336362552046,5.182820588888815,0.07011308453780928,0.025622980002335767
17,55,1.2407089410343868,1.1700882987984185,0.29816134662771093,0.24231102658362785,17.083386775705037,13.88339915272417,0.28048118150721524,0.18688696465718885
17,56,0.8090882571453105,0.7257445090183423,0.06884697475098411,0.031653350982963596,3.9446410854751317,1.8136034187700898,0.00997891797086312,0.004283607761857526
17,57,0.732663753113668,0.6458563663111997,0.11127535870524843,0.1766709507164328,6.37560841761506,10.122499838615367,0.02364134514970928,0.06799675011493454
17,58,0.7765913095647606,0.682845760645103,0.12274372390601505,0.0626087851884193,7.03269734153369,3.587219151737606,0.035650427439550374,0.007629940367967797
17,59,1.03983997304588,0.9607136279006102,0.255301510482824,0.2014254837192814,14.62769905398076,11.5408301034959,0.1804640387119141,0.10984401274250918
17,60,0.7929149695005555,0.7128887171219143,0.22693549644827476,0.29147479984452407,13.002446168192227,16.700275865511653,0.07621963455972697,0.14523963296382345
17,61,0.9260604207511471,0.8426355164295136,0.17344569281706668,0.11016313947370182,9.937706173140459,6.311882949754155,0.10179080133816198,0.046182730725313946
17,62,0.8445328298337333,0.7651217237441317,0.04774051402863396,0.03756136418296858,2.7353299656258248,2.152107640437955,0.007831372731273965,0.0027907081448839653
17,63,0.6897128702292914,0.584729204035311,0.07162387972107905,0.043089220806185824,4.103746020370473,2.4688304947017423,0.017413605342069906,0.004556740575896048
17,64,0.8383731953808297,0.7475915735461529,0.18368975555752043,0.12193727666274738,10.524647733235678,6.986491318094493,0.09498791052558617,0.04169747613226665
17,65,0.6804038995396564,0.5741865593121023,0.13663691714232787,0.0732222469913184,7.828718677934116,4.195325719067034,0.05194641895553026,0.014927731443247674
17,66,0.8215474510058648,0.7414079960709387,0.012437420680571222,0.07069809738035963,0.712611713025459,4.050702599499509,0.0002593833362207769,0.013515988850917711
17,67,0.755674420484089,0.6709471772277704,0.15133413570265772,0.21516643311565659,8.670807272022357,12.328128510411034,0.03654693504299243,0.08802903447752693
17,68,0.9583000582103185,0.8797762547805826,0.0977056139995189,0.036060951857412274,5.5981193169067645,2.06614034665417,0.03307117226479996,0.0065239311259304746
17,69,0.7337984723421402,0.6462246818162135,0.12596073281114642,0.18585739066899282,7.217018374453719,10.648844076647416,0.020662740415497746,0.05831849794699197
17,70,0.9013992044956989,0.8313475438865946,0.04865945180407839,0.11078523678627206,2.787981221793931,6.3475265002108605,0.00594131905885812,0.03291550156851184
17,71,0.7841814902583496,0.6951467583422432,0.04404689648947354,0.03363851729671022,2.523701269496436,1.9273450701793147,0.0060880527174598,0.0021137635319981654
17,72,0.8396939628252071,0.7583223532829392,0.038535066802274476,0.04219803364541152,2.2078966910250166,2.417769231633128,0.0036236254600355428,0.005141269409652861
17,73,0.7625003221802455,0.6658085559110568,0.1205086506042325,0.05519500474120908,6.90463707443918,3.162440821875849,0.04834671070304789,0.012787927460583083
17,74,0.6753102989069726,0.5736161039241713,0.02973588126242201,0.04265456861841052,1.7037404964389276,2.44392675878609,0.0017106193358297304,0.006054161573855667
17,75,0.7865920591802579,0.6972369382727355,0.07707499119583024,0.0335663784827021,4.4160717015290505,1.9232118205975703,0.010276728843909358,0.0022528565606598975
17,76,0.7656810013233727,0.6805308325553697,0.03735129134810861,0.09914824103944195,2.1400713536101303,5.680775757705806,0.002874616275788812,0.022896954802223146
17,77,0.8810328867815448,0.8089012843337882,0.23038920369487728,0.2957176075766051,13.2003290170963,16.94337084184537,0.08206503382934585,0.15487393092242652
17,78,0.8806859832333804,0.8081996170258087,0.06896443196215897,0.12904541665763036,3.9513708879488276,7.39375773998943,0.008394603515042443,0.03461894829145002
17,79,0.6814372334176764,0.5815730050969544,0.03115255253280676,0.08395443486535387,1.7849097811894103,4.810234789190746,0.0019484436522972806,0.015760311767080593
17,80,0.7398098513404727,0.6521040078044906,0.0637244386196643,0.12422751177564517,3.6511413847472336,7.117712124156204,0.006155208714400992,0.030173831593971676
17,81,0.9111327839567782,0.8269097499635618,0.14357042738143297,0.08143245248093063,8.22597955184558,4.665735842556955,0.05379806085418275,0.016109520550642395
17,82,0.9813128826508948,0.9027852037825534,0.14440602800148458,0.08152521773295525,8.273855940733053,4.671050899983433,0.059641324051563444,0.019911931662893352
17,83,0.8119534731763103,0.7292957810873646,0.04034314667400129,0.0586245738968393,2.3114920366975182,3.3589406600417058,0.0027578972585313236,0.006292300807228087
17,84,0.7830087250873611,0.6884320018533571,0.10007854184433948,0.04101396158094148,5.734078067504058,2.349926899699652,0.030756019757167304,0.006039909703883347
17,85,0.9085142864951916,0.8307623500028207,0.11405897616383882,0.05385338434288787,6.535097949771221,3.085571635343383,0.03553976259442608,0.00987292024749499
17,86,0.6762611680394557,0.5713512885085806,0.08247813715110866,0.0238871777310207,4.725649160859685,1.3686344684663723,0.023741100481282848,0.0032453513844751744
17,87,0.7529157249217245,0.6619711323622572,0.030972802578968173,0.06165714705984252,1.774610867466788,3.532694303346429,0.002574409878134884,0.01001165699569322
17,88,0.8077599266690545,0.7170089703930906,0.10041096335889509,0.037931526835674426,5.753124417307441,2.1733163981713672,0.03067000713248385,0.005035138021131182
17,89,0.8141962572381426,0.7220001026284206,0.14774942676171224,0.08470760056588189,8.46541857892337,4.853388005105017,0.05963965297086038,0.019418233286836242
17,90,0.8960267261281043,0.8184737549530536,0.07064679658196034,0.03148643359959003,4.047763280265578,1.8040397571754174,0.018489013447908105,0.0036029717837686827
17,91,0.7571700417928523,0.6614870529707403,0.12641628788784048,0.06371093201979687,7.243119757684048,3.650367513579258,0.05152357673460716,0.01668488143824739
17,92,0.7119251496553851,0.61263078281284,0.06203116303300549,0.013203303518130517,3.5541238400791455,0.7564935672191102,0.01146822907498063,0.00037225537969813377
17,93,0.8210583034313971,0.7406845520348138,0.05162553940796667,0.10585976456535509,2.957925523162801,6.0653177298433905,0.0047412322135784845,0.02305163213795027
17,94,1.3428991841391826,1.2956680823747584,0.0649427941528029,0.11625161331026464,3.7209480147424867,6.660726804265029,0.007421159835999638,0.03214609759399807
17,95,0.818598190389947,0.7412562086039739,0.09604516334181724,0.15860571869169254,5.502982502130738,9.087438287673177,0.015626985536225275,0.05083424796608303
17,96,0.8406089561407372,0.7653121016477479,0.09352056634152846,0.15394810587441582,5.358333749042802,8.820576730637182,0.01152559774094189,0.04275525953459623
17,97,0.8722629124374044,0.7916388313191015,0.05618158170596864,0.0427562968441441,3.2189675181213984,2.449755356777978,0.011751956056812549,0.003286251221001655
17,98,0.7989018514150141,0.7187251099504947,0.2611523710256225,0.32575663227701707,14.962928669602736,18.664480177868207,0.09809565660909128,0.1752483440317491
17,99,0.9765278049860027,0.9020035049569235,0.05378882381040931,0.048797779649043395,3.0818725893092442,2.795906823499566,0.00971053078922051,0.004595365493766476
20,0,0.4668059711228118,0.5641352444337079,0.0460156531988563,0.05952771004107418,2.636502719832132,3.410686549432083,0.0034561948825689165,0.0062662624946707365
20,1,0.3765139559949452,0.49080219743122605,0.07919231329466588,0.09218856584095889,4.537385321662114,5.282015742050853,0.011624510092626432,0.016137426438187295
20,2,0.4794684573591868,0.5738974696505689,0.022111206403970008,0.03841311841131443,1.2668788068901196,2.2009095629045947,0.0016898347089956025,0.005000426538840603
20,3,0.4636583170271246,0.5602704583411962,0.09263143589079217,0.0852184283003763,5.307390326779049,4.882656278349776,0.030152361771973855,0.02872975805877618
20,4,0.4872892790650669,0.5810268533546519,0.02796949486994865,0.03504716742578646,1.602534011160865,2.008054777385942,0.0028991337260240047,0.005350515126186339
20,5,0.7807923711814302,0.8429613883176943,0.02389221736257781,0.029240999687656553,1.3689232180848954,1.675385870846079,0.0019188144901778476,0.003149908065993112
20,6,0.47795399885151046,0.5726289797092913,0.050738842795447714,0.04707359289799044,2.907121549556918,2.6971181995718583,0.008146838562391297,0.006011960486099095
20,7,0.38817894865007224,0.4987817225088647,0.08310860271700624,0.0777353640393742,4.761772176913944,4.453908278369172,0.015542495972411197,0.01698729100311184
20,8,0.4051466232491502,0.5133313555657653,0.019625035362970642,0.03439951619603775,1.1244316990932095,1.970947095324883,0.0012225065392671725,0.0031854960338621383
20,9,0.46154155360301585,0.5622436206163994,0.24698897920370966,0.25586569745688015,14.151426094617024,14.660024586450433,0.09603608547938706,0.10084193036602936
20,10,0.4705115785506683,0.5657297464205089,0.040772388198299356,0.04519789876246276,2.3360857644315596,2.5896488419486827,0.004153526296216261,0.0031955975396088278
20,11,0.3394660650022837,0.46233785383819737,0.033370512922212624,0.04178914454561001,1.911989550629559,2.394341611925598,0.002345130562993657,0.005076572684431087
20,12,0.5326821561123433,0.6198356057916885,0.06195887994028827,0.06568016833979724,3.549982323936296,3.763196443579153,0.009101845317584067,0.013800132413881436
20,13,0.3871329154317196,0.4990871377309394,0.05028413120089027,0.06153748629048202,2.8810684942931126,3.5258382462887843,0.0036530196151572693,0.005884234399938397
20,14,0.46071651876339814,0.5570571936654004,0.1357479437770801,0.12551455481220178,7.777784256005877,7.191454258202599,0.06716835040336157,0.061419580616496355
20,15,0.40111097912627713,0.509983171729232,0.06763613275187753,0.06521270339746199,3.875264949269141,3.7364126753130167,0.013210261371001522,0.013902600330076668
20,16,0.5779669234241198,0.6589629682926632,0.03745488741538184,0.05009811318536628,2.1460069710390397,2.8704104470901886,0.0025699727680582804,0.005391666204448389
20,17,0.3401613373770903,0.46236228624647613,0.05103909306391272,0.0608138341588928,2.9243246227376325,3.484376033313076,0.015339210385090578,0.01788176682587396
20,18,0.3707284986572798,0.48628194982546585,0.034076462522126955,0.04969171625892062,1.9524374832535991,2.847125618397764,0.002229884527269233,0.005544373453110856
20,19,0.3980057467223948,0.5104611550507189,0.3195066000083461,0.3268670750693276,18.306379707052784,18.728103863258323,0.1719518366532234,0.17776246358105624
20,20,0.47483767949957967,0.5722496427908942,0.10833865952098849,0.10848094606102396,6.207347948657453,6.215500366883005,0.02184008720651866,0.018163950290470746
20,21,0.3760354973636858,0.4903262583802909,0.10691355142457645,0.11856188374441594,6.125695269383121,6.793095549675755,0.022196841122715187,0.026991734270079892
20,22,0.4121892269555454,0.5180136257550852,0.09022085228978631,0.07809415903614852,5.1692740602779645,4.474465717394751,0.027585540721684426,0.021606924604385114
20,23,0.36396450243974776,0.481043733107905,0.06101498534873994,0.07458682709092251,3.495901147535352,4.273510399581892,0.0062979401636241855,0.010040477259408105
20,24,0.40857619961542274,0.5159922770194698,0.029362456349614974,0.04433035377669933,1.6823448249700437,2.539942175726701,0.0021927862775555727,0.005452092624065378
20,25,0.5697031358011606,0.6522152100508711,0.08674468151753377,0.09667498342741856,4.970104146161162,5.539068534888262,0.012221263409629257,0.013748989378582557
20,26,0.43508667054638184,0.5369281445431426,0.09458473488779803,0.08388854763493846,5.419306115434622,4.806459728964137,0.024997593391689298,0.021423440117712418
20,27,0.4745373272424057,0.569568102052424,0.2156107298202916,0.20502024769199437,12.353584836438191,11.746794907478034,0.1343986230620809,0.12753642794993714
20,28,0.3543620517696909,0.47271393168579523,0.17512397694510884,0.16615045272219178,10.033864770501069,9.519719705169509,0.08083078408979255,0.08124543253283295
20,29,0.430696901870542,0.5340239446220563,0.0742250867207638,0.08474397412343083,4.252784203092298,4.855472056438447,0.019466293736788494,0.02593142048511921
20,30,0.3904045561819179,0.5016370596680765,0.026323774183790703,0.03991826721875101,1.5082411615866407,2.28714823710986,0.002001843995493714,0.0039243937042774315
20,31,0.4186026045006671,0.5238962348535579,0.03602704712325194,0.04133686055420115,2.06419774848127,2.368427648076539,0.004959318717205705,0.0049972480332455705
20,32,0.4130719897797335,0.5201911331521205,0.05473546923527553,0.0708426834550192,3.1361113768494473,4.058986771353865,0.0066428069106523255,0.012022067476590164
20,33,0.43492300197225825,0.5366359205440197,0.10516773562534641,0.09455439935265214,6.025667392279981,5.417568017301491,0.047828091813642684,0.041527814364763944
20,34,0.3869022304813719,0.49888142554776826,0.041690402649339146,0.04396673227031364,2.388684118008159,2.5191081980706116,0.004301090886884292,0.00694533207779028
20,35,0.5203341731712986,0.608574039448419,0.15677925397464826,0.14578124895811032,8.982789567956981,8.352650297445651,0.0996514890619721,0.09048423039290202
20,36,0.5824043057934629,0.662828164883881,0.03364803882550077,0.03640063812558869,1.9278906135935256,2.0856029361792277,0.003147418023146907,0.004068573383935462
20,37,0.4114372782416028,0.5176764241267637,0.04056963577431639,0.05527163093543005,2.3244689062512887,3.16683117940486,0.00512544955575127,0.010585597885909709
20,38,0.3578869210781809,0.4751603357259215,0.08920722326111655,0.08531914280372327,5.111197394943242,4.888426794327313,0.01984344470731285,0.022337392547191935
20,39,0.4221113536791995,0.5261067208875269,0.07152970242890748,0.06402172505815658,4.098350059003072,3.668174642979317,0.02019580014352267,0.017913244697185273
20,40,0.4273581296590339,0.5313533113449644,0.04124455681017827,0.05616386016071872,2.3631390331107722,3.217952148372128,0.002327406858509091,0.005552131330252712
20,41,0.4247136766813586,0.5275140370433011,0.09516264994409974,0.08642409406875858,5.452418209077774,4.951735838381477,0.022512053216897122,0.021173328314139178
20,42,0.3427020516160453,0.4641917980056193,0.05273470483173086,0.047573301812614564,3.0214760207263285,2.7257494113648835,0.005631626156100775,0.006221379535283358
20,43,0.7277873804905549,0.794767567451982,0.14202342559953776,0.13086623037933778,8.137342878843768,7.4980826815227735,0.06497515539738777,0.058130364967588874
20,44,0.44765841879585994,0.5476568506366966,0.05536089886809033,0.05004063508884537,3.171945855192152,2.867117194745095,0.011621865790382133,0.010702691103178664
20,45,0.4764142124471511,0.5717824126429961,0.01397499885040225,0.029213829007769143,0.8007084528282262,1.6738291055620294,0.0004977916900520957,0.0024417873687486843
20,46,0.39407209131755383,0.504958655529639,0.04263692631031125,0.059587087499922045,2.4429159289911317,3.4140886272222772,0.003609938479076487,0.00833411036200199
20,47,0.35994422223036876,0.47702460716433615,0.08175373903577673,0.08064909658014172,4.684144206163936,4.620852855585081,0.020354824193863634,0.02318437159447609
20,48,0.40736218359429266,0.5148758260099039,0.03720028457918343,0.05030914946379811,2.13141930307281,2.8825019351684804,0.002093005440213694,0.004439280017019216
20,49,0.4317453019340542,0.5357482579025759,0.09372404734298598,0.09365486627010833,5.369992351637413,5.366028568139337,0.025867251050715363,0.028779266367095158
20,50,0.7028024142593409,0.7714534524832176,0.024828657376939626,0.035491577172278195,1.4225772786749977,2.033517580234397,0.0025097341006494606,0.0046399060260961834
20,51,0.4145773383653629,0.5206479183212908,0.045916681257237774,0.04879652223245834,2.630832045287175,2.7958347788361526,0.005307269026381711,0.004285840678867829
20,52,0.3936421588346252,0.5038835771929698,0.06285968485654751,0.05635298171835444,3.6015946438025863,3.228788015439595,0.011022370726194438,0.009898733693858668
20,53,0.3289038769851724,0.45408971587689567,0.0279466202156015,0.03871282022522331,1.6012233900089528,2.2180812119539888,0.012633357185712492,0.017145663628380447
20,54,0.5472454767792985,0.6325582566743089,0.062268672096789594,0.07376251064302983,3.567732107030078,4.226280546134425,0.005212482142368323,0.007154973284033767
20,55,0.4217455986643889,0.5259180402976819,0.08559832539537066,0.07501921005060028,4.904422778542233,4.298284118304803,0.018167793468115367,0.015479766107343015
20,56,0.5039809884450027,0.5947167705887473,0.056988739730611096,0.07011418025590753,3.265214266333528,4.017246612682988,0.005092310698487711,0.008086768395961723
20,57,0.4592520449641688,0.5568082106116422,0.03010139797292191,0.03824319130233485,1.724683061292077,2.1911734567352052,0.002487303386515285,0.0028755424730977173
20,58,0.434926461563982,0.536846362770966,0.03924491387821046,0.05087625668756692,2.248567932575851,2.9149947856218144,0.00335389997097325,0.005425657025481836
20,59,0.4574142960968985,0.5568054718456263,0.08035175315795084,0.08093758754089098,4.603816332427568,4.637382170063688,0.023781463171354024,0.025411996936181055
20,60,0.41368499174085177,0.5212066765003114,0.06832470856639367,0.08476694972351413,3.9147174373156983,4.856788461355,0.012861964459125444,0.02032167792910303
20,61,0.4022711731094987,0.5097319306240214,0.09014352731736694,0.08808690258552045,5.1648436657073695,5.047007748530341,0.020650960714823523,0.02386558212915741
20,62,0.4206897630843207,0.52464063336814,0.13296887382384973,0.12599537108693892,7.618555276714157,7.21900300146624,0.03835972568102383,0.03955985626008991
20,63,0.4951933955166857,0.5858878332305134,0.11086848074356877,0.10856963813002303,6.35229602763393,6.220582048112935,0.02696295895831983,0.032351477615612356
20,64,0.7374263301268646,0.8038525998110659,0.09491455593250012,0.08553417564045214,5.438203469290646,4.900747268328603,0.028200336386877724,0.025094182798424153
20,65,0.46330807491736226,0.5600082352924267,0.022717206154763667,0.01742338944363837,1.3016000349965757,0.9982866799332701,0.002084874877565754,0.0011783119709611492
20,66,0.5865183746175812,0.6677355481053026,0.03812249884601366,0.054806861546437415,2.184258288368934,3.140201854968708,0.0040202878045424465,0.008847814048570234
20,67,0.4836314729585812,0.5781161688543666,0.037695429489371705,0.04152591900407308,2.1597890166739826,2.379259899335486,0.00413296980270365,0.004503332718795534
20,68,0.3807404227031607,0.4937037785706958,0.06538425764760425,0.05814961953517612,3.7462420098036997,3.3317277796570757,0.010855656123683239,0.009886156103417431
20,69,0.44876930922454467,0.5482363009570461,0.08439241163036368,0.08078023769477886,4.835329009350602,4.628366687974431,0.015454434776865693,0.01761452530776833
20,70,0.5086459427829961,0.6008467636624523,0.173154324517189,0.18195923694960878,9.921011999273567,10.425496320633487,0.05385028968487118,0.05761563695834582
20,71,1.0254423175833034,1.0819011600214294,0.31145460896885363,0.2990075217588932,17.84503460381271,17.131869039450713,0.2595754118328141,0.2457340686466747
20,72,0.35260471936802007,0.47257034089918704,0.04933087737279317,0.06498655436661917,2.826451073138459,3.723455290304749,0.004264960111504332,0.008374627987911148
20,73,0.35250733645543064,0.4718506111329428,0.0975030647593225,0.0901039614586428,5.586514100299929,5.162576708989666,0.05511166829312584,0.05154382072010426
20,74,0.3996505821887449,0.5083431782243671,0.057038933985203294,0.0469035142496122,3.2680901852774658,2.6873734108344953,0.012253109576744966,0.00917484234996696
20,75,0.3463088018914776,0.46737605731311965,0.0636762687796491,0.0783505105785848,3.6483814562145427,4.489153578848019,0.01335965402999993,0.021347408882784222
20,76,0.3846804187803945,0.4969005739188729,0.08713276966106258,0.09615960020553521,4.99233995886443,5.509539251442491,0.010801922992898116,0.010889529421753932
20,77,0.4578253831993962,0.5603395562949436,0.09596586623286224,0.11257764637308396,5.498439112460027,6.45022400469397,0.023014928485631938,0.03315491592958189
20,78,0.48508548979026594,0.5781817638041805,0.030477765893451886,0.036613423933919836,1.7462473546825596,2.097794664936882,0.0039522079110588665,0.0030072260112216503
20,79,0.3987201705439943,0.5078116206194192,0.06109883191453385,0.06068904217227639,3.500705201882009,3.477225979162903,0.01568158639186848,0.012602571399374863
20,80,0.4485198597377273,0.549109979172166,0.1735192915279104,0.17734042007569945,9.941923068649407,10.160857607414673,0.06699202942781878,0.06597477404101362
20,81,0.6396492748880936,0.7172831367262413,0.06505263283199884,0.08213882976906621,3.7272413074877058,4.70620827991102,0.01141750968721507,0.019013336118886923
20,82,0.44414670952436114,0.5452616945095772,0.03384344538076271,0.044522042164214244,1.9390865844992249,2.550925111312974,0.002128785122982987,0.003236335283717949
20,83,0.43370217136242856,0.5357645126038422,0.031044501725022766,0.03735326572595276,1.7787189259304081,2.140184477127764,0.002664798242277091,0.005077589807936694
20,84,0.5357872015741223,0.6235892164246536,0.04332765756797477,0.05741484233658671,2.482491914833015,3.2896281472954563,0.006355472567377968,0.01223721316493513
20,85,0.47638781434716515,0.5722685670050967,0.047266180000789304,0.05460867111142391,2.708152627750885,3.1288463795025727,0.007612595912794676,0.00852686766143889
20,86,0.47466488289384984,0.5694365837074903,0.1810264126831598,0.16910627321581065,10.372049427138574,9.689075744452145,0.10981317878984129,0.102608752223305
20,87,0.4921187286145751,0.5853758348973371,0.07676002281137881,0.08512987123163798,4.398025342419929,4.877582332065019,0.009690870055799064,0.00980007816615898
20,88,0.4814913600922693,0.5762952962508966,0.025399521001187916,0.03476281189119483,1.4552853550219669,1.9917624053726553,0.0011140906861294153,0.002124769237028738
20,89,0.5843449140754405,0.6660677616139874,0.04356118911690901,0.04437999967192286,2.4958722869701,2.542786675993158,0.0044132609005606855,0.004821210268935312
20,90,0.543550622060287,0.6272827487122813,0.06714163854338223,0.05360449249109497,3.846932518128698,3.071311182680454,0.006106017261691465,0.0032765576737813044
20,91,0.5164419495176759,0.6074008335784888,0.054655810516686866,0.06161810959427368,3.1315472684728967,3.5304576213264474,0.00815065945347097,0.012741587603059688
20,92,0.4303536670172307,0.5344458215526848,0.04898742468831272,0.06389985756384874,2.806772683855291,3.661192149895643,0.008675691700359775,0.014964077150543983
20,93,0.560376070683478,0.6442962988182929,0.08340197130961849,0.09416106343174589,4.778580959112318,5.395031529102671,0.019329424546953647,0.02455666858955885
20,94,0.47384046629322896,0.5723121733985687,0.2249925033399989,0.23243572108980362,12.891120863465016,13.317585826525686,0.0834020492799675,0.08554243344386114
20,95,0.5127079331167627,0.6041605725752055,0.16387136502723185,0.17029640517515657,9.389137599108105,9.757265282786301,0.055029418374899525,0.05661178531157615
20,96,0.5194349470518792,0.6079761909379434,0.02719555607933748,0.041236998529624244,1.5581905848573858,2.3627059755346504,0.0018668307477832727,0.004654710590867501
20,97,0.5917993901962217,0.6778938958475111,0.2201539433657264,0.22604123558730427,12.613891798018273,12.951208795074884,0.08214398858423554,0.08164998506062501
20,98,0.5741970224971756,0.6539066546275686,0.01901764038022275,0.015305002617307429,1.0896305300843339,0.8769120554083943,0.0016697157720448044,0.00043235753610254774
20,99,0.5273580094857262,0.6198457577701191,0.2524745596723491,0.2593631340525113,14.46572670364946,14.860412942494703,0.11489306789259493,0.11868848232991114
22,0,0.4048438933801527,0.5092612104586297,0.03450496221067243,0.049350160896211595,1.9769887069299252,2.8275559376444765,0.003284876830254725,0.005356771474762326
22,1,0.6320177996280165,0.7029000822789401,0.08441486376368615,0.07180166933135888,4.836615421831044,4.113932614680784,0.013130349256330075,0.012376025657840461
22,2,0.4094416780739242,0.51250014907116,0.029347558753113883,0.0428391675433959,1.6814912555656423,2.454503498090404,0.004776621243132094,0.007164867224957136
22,3,0.4606755183130844,0.5557694689016541,0.04133852397451461,0.05364013776871406,2.368522955040057,3.0733535066476003,0.007776816032856359,0.011521000999192347
22,4,0.5745677416966508,0.6526363743392328,0.017498243667582222,0.03213118046498935,1.00257551104398,1.8409810314170876,0.0012907715340624093,0.0025274979315587373
22,5,0.4015829311263474,0.5066961418423321,0.04782828921858083,0.057646081693589375,2.7403591135557397,3.302877186509028,0.013141733874633741,0.01730696429062522
22,6,0.6273920847785199,0.6980555297967631,0.13417744775223076,0.12175129230230705,7.687801462039936,6.975835199185822,0.05854228603858839,0.058788682388627375
22,7,0.4566053740358231,0.5508966656357697,0.07524888274641993,0.07254176413079243,4.311443394444661,4.156336923127907,0.028349417607169896,0.03193196983879869
22,8,0.6287210760661928,0.7009236386496591,0.06051062053129578,0.05786385422749624,3.4670031721609154,3.3153546335957613,0.012897359947658046,0.014872853288820466
22,9,0.5244301686759177,0.6114937593950891,0.09112483823980225,0.10584277775582586,5.221068639953002,6.064344457349972,0.013748667354671763,0.01603312753349307
22,10,0.5969848052196512,0.6719823386761928,0.07689914646370284,0.0712990195061443,4.405996540528542,4.085132901122999,0.020776755232078545,0.023150657263136393
22,11,0.47386173873269466,0.5660991033053935,0.036080252180941526,0.05114211607736146,2.0672461737356334,2.930227406600965,0.002237168897592543,0.0032707991693049984
22,12,0.45480462070426425,0.5499236776952156,0.025770203866503985,0.03245118145101401,1.476523918742394,1.8593157373563258,0.003013387333865863,0.004012738142534786
22,13,0.5636157981948654,0.6443194981094625,0.04540050760893258,0.05697042746649218,2.6012574737434173,3.2641650508861852,0.007176089787418081,0.008649077341919224
22,14,0.5930203030964076,0.6698375277924425,0.017067504072260972,0.03508827004983047,0.9778959501628993,2.0104097842705766,0.0005799408401196556,0.0020673460667632714
22,15,0.4981378838186892,0.5870371184983315,0.04897960878489398,0.05770058743957644,2.806324865576315,3.3060001357132993,0.008354431109609135,0.010825984542363979
22,16,0.49694884695543917,0.5851266806229245,0.0395148706285008,0.033334947868657684,2.2640353150185546,1.9099518231627042,0.005473975511658066,0.005649611206756888
22,17,0.4952249196403361,0.5837279481879182,0.019494709714101353,0.03161545946899561,1.1169645894506952,1.8114323949403632,0.000975818447276908,0.0016388298608431273
22,18,0.4182601852240108,0.5209534241974068,0.074087641248872,0.07906692391645126,4.2449091576397135,4.530201039494647,0.019364752879852593,0.019674583214162572
22,19,0.40627799358114586,0.5108730026662756,0.08391085176448417,0.09384046148103387,4.807737661452819,5.376662390423211,0.01710218959081885,0.017146819477823066
22,20,0.5249265617687814,0.6091170300195237,0.021356702113130847,0.024933946829691755,1.2236488954005242,1.4286099199449367,0.0009419472692066225,0.0021268781145308445
22,21,0.4812521878316357,0.5749232005050512,0.10430692146081269,0.11178073585366165,5.976346373707119,6.4045643952814935,0.03131484023013263,0.031310282351807356
22,22,0.5138184841269116,0.5987188236444704,0.10378777210632695,0.09488053978190093,5.9466013067581445,5.436254487426032,0.034072131415689835,0.03496489380466607
22,23,0.4535956416322798,0.5485361375249959,0.059321391745067266,0.05550696279340031,3.3988653818345558,3.180314701651528,0.009819877328982138,0.01122880706965202
22,24,0.39623939565269345,0.5018219039990514,0.04616108287954678,0.04272380058430538,2.6448352267516317,2.4478934582392586,0.007483145721012132,0.0097304910611977
22,25,0.4292179744415052,0.5293614223885705,0.025231429911885938,0.03936569337367042,1.4456544450312068,2.2554880879174264,0.0022263718150941844,0.004063492290719828
22,26,0.4202411446313547,0.5208486224119275,0.05274525235334188,0.04422095252728642,3.022080349198963,2.533673945861883,0.005452616197685441,0.00634013303757126
22,27,0.41984453037062924,0.52194702680865,0.06716662880735089,0.08241958541966465,3.84836435478302,4.722294393764761,0.007742960025689992,0.010216431164110668
22,28,0.46350151809801354,0.5558823845486139,0.13612952131739706,0.12524722777295552,7.7996470386230214,7.1761375471040605,0.05752136306961801,0.05891496763563695
22,29,0.33647647563927324,0.45587120092204664,0.06694942351545208,0.07463647513000697,3.835919408269311,4.276355022682532,0.10309097272580978,0.12026074204959056
22,30,0.38821069517389667,0.5001342759916355,0.3541718794139115,0.3614857653731863,20.29255391263345,20.71160870993989,0.20254108061838566,0.2005936626228803
22,31,0.3946506609045352,0.5033143054827744,0.09956039582200701,0.11642175469493621,5.704390487252916,6.670475187527222,0.018587946327915737,0.02394036935675923
22,32,0.494592058186706,0.5876002264457827,0.19619946167310678,0.20195782139374627,11.241401096607772,11.571330805518546,0.08175919836212767,0.07877765010101266
22,33,0.5509508621781137,0.6319613445665636,0.0137592109906116,0.026057060926801053,0.7883447191920613,1.4929596176209456,0.000613323845385962,0.0017696298050006998
22,34,0.3912007968755566,0.49855354998325874,0.03648872091908119,0.0519069840987107,2.0906497084940705,2.9740511161087984,0.0031374799718475455,0.004803431726690647
22,35,0.3544390395854477,0.46973207307876147,0.13907405563786499,0.1484834273678884,7.968356427817255,8.507473715817307,0.03946352455467329,0.04020361800396888
22,36,0.381235874258735,0.4900939130544199,0.020705787214209258,0.02896189899829324,1.1863542188701326,1.6593945792863694,0.0020626217320376962,0.0034765926003578417
22,37,0.35761098788177054,0.4724339841749498,0.09200673010423004,0.11143698720751342,5.271597321771638,6.384869048643864,0.014653767030197086,0.02097281311611542
22,38,0.3972249539951538,0.5021132846913726,0.10092063930223712,0.09291807176055836,5.782326697780288,5.323813352373713,0.039098598673711515,0.041845135362728846
22,39,0.49155110821525566,0.5799999380953867,0.07849410421629184,0.06964184874725703,4.497380888253563,3.990184010706267,0.015799635004899643,0.016821643229266922
22,40,0.49300278609311393,0.5807630213204399,0.030217984524259802,0.0320246126097615,1.7313629786317235,1.8348751430807708,0.00401524848649587,0.003906454693565086
22,41,0.4052500140635931,0.508718941212672,0.038764002284115896,0.03847517764752674,2.221013727915324,2.2044652952193653,0.006776575579347603,0.008511487706933668
22,42,0.5628404407021567,0.6434343388146291,0.03611364163437359,0.04997292191108839,2.069159248497539,2.8632375154422007,0.0032331412407071193,0.003984071841678875
22,43,0.4810895438738837,0.5709276153483751,0.07454906532370713,0.06834053421867976,4.271346809693495,3.9156241803997336,0.023678564167732036,0.025156329911467868
22,44,0.646927886711532,0.71683171971675,0.02308755975665621,0.028605998162302564,1.3228197333124867,1.6390029634589258,0.0016499438813280167,0.0031051636495608628
22,45,0.4831107528453219,0.574290156162804,0.044013263373018405,0.04974053160996098,2.5217742338716844,2.849922531987826,0.008003782198501657,0.011367897600537056
22,46,0.6115710948026916,0.6903696601126567,0.16007508977988072,0.1728847346594506,9.171627049564902,9.905565638225623,0.04244683576421536,0.0430726053203383
22,47,0.6623314508658502,0.7312020477960279,0.04289044923884407,0.04695014593005633,2.4574417228058594,2.6900452093155467,0.006700228572050955,0.007779007764516087
22,48,0.5278702778769747,0.6129521682325678,0.04919427045747886,0.050651281172116196,2.8186240734386483,2.9021046380927076,0.00640602381393808,0.008083188023246233
22,49,0.465927078957066,0.5603152894402623,0.04702335703172034,0.05051481832168453,2.694239896454398,2.894285892702648,0.008118551551080558,0.011714423768355658
22,50,0.5736806937823239,0.6525763160587523,0.05704775990493316,0.06833078212369628,3.2685958732283087,3.915065426515769,0.007753391115341783,0.0075502309039271465
22,51,0.4416495784385627,0.5387297230273302,0.061345241584873755,0.06620285589321494,3.5148234360236956,3.793144234394006,0.02240893308246826,0.025460928075198702
22,52,0.3861821739350539,0.49493712843866183,0.05349393329074981,0.07020922515695323,3.0649766071143354,4.022692284377145,0.004852608222852408,0.00812181767962682
22,53,0.498514431348857,0.5858662161518313,0.09201804576700741,0.08404417155909982,5.272245661491175,4.815376323009848,0.023030368120967516,0.02453655795163487
22,54,0.3553488478149165,0.46997932804509845,0.03101535897111378,0.022501822550145864,1.777049169128035,1.2892594634756613,0.001310632815664495,0.0017633038048849208
22,55,0.42552487632375735,0.5269502949405516,0.09519699703062558,0.10465418785687004,5.454386152174275,5.9962432725679236,0.0219721461118761,0.023197258939395657
22,56,0.4511100374249484,0.5460179976654967,0.050108049421618756,0.04196618153538212,2.8709797514917006,2.4044850842572405,0.0058801518009711645,0.006625705554251175
22,57,0.4432335710456935,0.5409027883930977,0.06631703245603247,0.06358503509090532,3.799686069562761,3.6431541509001137,0.01277251197263015,0.012836163089745384
22,58,0.47077549311728223,0.5620870224595019,0.1141921012244466,0.1049680970994432,6.542725453891471,6.0142289473175135,0.04225840855497163,0.044958533202062015
22,59,0.5567436995483033,0.6355220597124435,0.07521269610775555,0.06399588267809332,4.309370052774427,3.666693983669119,0.01531740235209306,0.015470447980460468
22,60,0.38448644094131573,0.49368405472761184,0.06945373503159641,0.07951993415620352,3.9794058887303896,4.556156614308661,0.01078609540837653,0.011458226752350063
22,61,0.4742030268305428,0.5652728002874587,0.07987682788544663,0.07440302961548319,4.576605118728976,4.262979579954059,0.020607666776400295,0.02300367192858352
22,62,0.3375185590040695,0.456732356955017,0.05355905198743506,0.06271596855677497,3.0687076336017927,3.5933603063783823,0.05435806875745139,0.06696184527877211
22,63,0.4779717482860935,0.5683825705143124,0.06537265579525067,0.057641726871748226,3.7455772726293057,3.302627673596999,0.011732535314931972,0.013228082908858883
22,64,0.3545416467217972,0.4689042734227908,0.14073151831580769,0.12909206618041677,8.063322043963824,7.396430560761391,0.09835621964748248,0.1044283095578084
22,65,0.46390335003129585,0.556932975675088,0.07046124111892574,0.0718413975962523,4.037131735368099,4.116208876586554,0.033048676054005646,0.03235781627570808
22,66,0.4520006922258048,0.5504324456421045,0.18065702530133207,0.18994816942340262,10.350885089154456,10.883228434196882,0.06181222863951473,0.061015780491631824
22,67,0.507999889845296,0.5963030878205599,0.09900220184004872,0.11392375848854902,5.672408327937105,6.527350547661546,0.0161505752378795,0.01763682214713276
22,68,0.3891204643387205,0.4968956201832599,0.033079301586685726,0.049050379675164804,1.8953043701574996,2.8103797389012173,0.003129396585116946,0.005483895245938803
22,69,0.5467316255596522,0.6294285850865136,0.029383261600841794,0.038586539543548105,1.6835368780570497,2.2108458618599647,0.003221823782614843,0.00572430701699151
22,70,0.6803146668967951,0.7479363618406024,0.0712131537417589,0.06121888895929568,4.0802131552190515,3.507583963847675,0.010657793484000401,0.010368852281824603
22,71,0.5343872968573103,0.6212870616610401,0.13480447501608245,0.14648846433516374,7.723727477898275,8.393170753757566,0.031562046271960464,0.033348478271086585
22,72,0.3350760103609183,0.45442796261480073,0.3433479671536009,0.3336233526941327,19.672389422297748,19.115210056378327,3.151092001891419,3.223424396312301
22,73,0.3672860120920537,0.48093159071881963,0.20292488309527648,0.21056116947261988,11.626739359544967,12.064266340119989,0.08089302593069923,0.07940458065465794
22,74,0.3935206098799055,0.4989053958421053,0.10860240008977666,0.0994094938155332,6.222459170135395,5.695744439161911,0.029960870549282516,0.03129712310547145
22,75,0.37531247317959565,0.48552791106919607,0.03156208620647057,0.030690169618562906,1.8083743322588348,1.7584171916842781,0.003320629419544391,0.005460599308728017
22,76,0.3729970600831059,0.4836765115453814,0.13711383756297552,0.13111908250475068,7.85604420520083,7.512570041149845,0.17002849235924844,0.18424154516388003
22,77,0.41287166447926266,0.5144283548939134,0.1146657024343075,0.10626520390615042,6.56986080438879,6.088547692919529,0.04169316818334201,0.044007074501189174
22,78,0.626627037169003,0.6989090938345599,0.01880694896073547,0.03260745891526443,1.0775588009680923,1.8682697764908813,0.001014074059845346,0.002052828925517237
22,79,0.41195952451707807,0.5142942595839277,0.04532623973082477,0.04501693390894173,2.597002237774448,2.5792803196017244,0.007211489506191618,0.00954665167131867
22,80,0.40492496556961055,0.5081820298510399,0.13601995699829308,0.12883227178051587,7.793369465553139,7.3815454381059356,0.12810311197799262,0.13919438006628082
22,81,0.410165212678084,0.5133218686160418,0.07401735850995143,0.07563201501065858,4.240882253326945,4.333395256180827,0.023981603854232536,0.02839952919164848
22,82,0.47698122352102307,0.5676763946798842,0.03775752557490741,0.03729090002451026,2.163346860299462,2.1366111856487358,0.005048400105693938,0.006643984713720215
22,83,0.39348258193748153,0.5004790125352738,0.06845590985587682,0.07810091000925533,3.9222347174697574,4.474852519661377,0.011434650230206705,0.012355258590801502
22,84,0.42989290443961337,0.52886489803453,0.0483483950086056,0.043352610513093304,2.770158980224476,2.483921613274729,0.006362077586170658,0.008228050610757823
22,85,0.47921106185085827,0.570451291640999,0.05808022808162634,0.05908680622634713,3.327751942234395,3.385424621677005,0.011319199938422932,0.013520136724432398
22,86,0.3870453799678909,0.49509557804755977,0.029820063417152612,0.049608782676465006,1.7085637786153083,2.842373874143157,0.001189728606738421,0.0036012962012493908
22,87,0.5944234574601309,0.6706915802251645,0.03813138301155906,0.04734260949846608,2.1847673135591807,2.7125317153980695,0.002849699216105497,0.003657865174932943
22,88,0.4591308646445956,0.552924159160302,0.13172035117733788,0.11904380594439651,7.5470201984425245,6.820707657788301,0.029957040989873812,0.028713049699433738
22,89,0.648371749106899,0.7173459199744763,0.05613196151188858,0.03978415365039433,3.2161244904219912,2.2794640956675827,0.005559574944821184,0.003705314255995743
22,90,0.3618431929478839,0.47567206540475215,0.12780811461840952,0.13766230231222024,7.3228655551591455,7.887468920544253,0.03591342705959164,0.03524779039498632
22,91,0.4705834880617065,0.5663433002588524,0.1448758261486861,0.15648176368902605,8.300773391790766,8.965744630144687,0.037027546425982286,0.03833642173626835
22,92,0.4642084309451264,0.5599559693802403,0.0838321015352215,0.10014557481448001,4.803225605680381,5.737918773781337,0.012261887725982523,0.014792380528232028
22,93,0.4825296748038113,0.5739947125271957,0.06397054751148358,0.07120919534221475,3.6652423855491203,4.0799863556315445,0.011120979312657292,0.010330923858174683
22,94,0.577293638996753,0.6544583329866492,0.025498929424801975,0.031518501949677175,1.460981038143101,1.8058771382913588,0.0027660092626479917,0.002623209743700469
22,95,0.4821716034241133,0.5725702604215828,0.06336528618047162,0.06771557404930983,3.630563465779664,3.8798166003310555,0.01390006354649164,0.012851274903686281
22,96,0.5367174276864722,0.6183467954992299,0.11788082369140536,0.10824813097164797,6.754073683043292,6.2021610448548,0.04021000578209761,0.04112686940678939
22,97,0.6777501168823834,0.7506731274504952,0.14506154529248097,0.1546460750762486,8.311414314904995,8.860567420132316,0.041161473336944546,0.040718967076427026
22,98,0.4140461501626526,0.5185647236458073,0.16055373631988426,0.17160511750011778,9.199051476185646,9.832248975603333,0.04702215065994654,0.04725357608702979
22,99,0.4434619034078859,0.5403014865148498,0.02422474037933829,0.03142223630782294,1.387975383536229,1.800361523300993,0.0023369406768536105,0.004237928916332807
25,0,0.43959671225195646,0.527917282096673,0.2251810820920473,0.22596681642232605,12.901925630063232,12.946944891006742,0.08691456462218722,0.08425862344578197
25,1,0.5358205809374607,0.6114241047504718,0.04204014030857723,0.053155518387380446,2.4087226098192858,3.0455868614269432,0.0050927142246892515,0.00949683131120705
25,2,0.49779996562172846,0.5776550080443411,0.03724921778400804,0.04641664955378217,2.13422296918731,2.659478118569514,0.0034088965923913233,0.0069651097352843895
25,3,0.44458742739712087,0.5314737117386568,0.04853270140031198,0.05652793677011428,2.780718958606537,3.2388122015099268,0.009058038137751637,0.01256932735104745
25,4,0.5088817804441967,0.5862730676811663,0.10803915765943622,0.10628632840795017,6.190187756034197,6.0897580377169716,0.014855911631908914,0.0157552613122839
25,5,0.4029413847370251,0.4956914407410988,0.17208359291113312,0.1760033645454336,9.859663597255299,10.084249968555815,0.08956541370071709,0.09539389518098747
25,6,0.45338691074011656,0.5388600760287531,0.10484962449827358,0.11081842688100277,6.007440967282558,6.34942815256057,0.030401943072903975,0.03805471987495572
25,7,0.448793032669453,0.5344987138731817,0.01703158317885456,0.026219226186863735,0.9758378345743726,1.5022510026061786,0.0013250653750855367,0.003652393433494247
25,8,0.44218654232347643,0.5295518666354356,0.07809408765839312,0.07671951702335174,4.474461627750616,4.395704531720127,0.02946463476642333,0.028240097202234107
25,9,0.5013760470860784,0.5794631077320709,0.11027780932624558,0.10692481495977821,6.3184530483423,6.126340622412578,0.026048332432767725,0.02603455391284648
25,10,0.5460303741968952,0.619284877046462,0.025236575707637394,0.030334046026886274,1.4459492774100016,1.738012812896167,0.0026485974326993372,0.003875998237991639
25,11,0.4114341598562098,0.5023219728095277,0.09478191865954302,0.09279732563823913,5.43060391334408,5.3168951091722505,0.02235991911071896,0.019300232072007185
25,12,0.37378641056301626,0.47218518634255136,0.1358860531611453,0.13431710482919043,7.7856973408239645,7.69580322312886,0.07230173157268685,0.07588908009321842
25,13,0.5151102677561163,0.5915085936718022,0.08062277467227458,0.0858273102540511,4.619344721355562,4.917542644517021,0.010827629586624837,0.01202276888883206
25,14,0.5448727182328306,0.6176152597259803,0.060887335791564315,0.05735452013326287,3.488587366652475,3.2861719396340705,0.011442310176579512,0.010464644721204022
25,15,0.4666887876485026,0.5488409476938922,0.08514526492884242,0.08499138597719144,4.878464325945936,4.869647711460438,0.024548707370677603,0.02680117506241484
25,16,0.6461492083769905,0.7080492191269135,0.07610023881559998,0.07054959592141995,4.360222504071525,4.042194092650729,0.01663947324597895,0.015163987446224748
25,17,0.4020790330684626,0.4955804661130209,0.048195141603988904,0.047275054740151756,2.7613782069439288,2.708661112860632,0.003380898845840797,0.0041260468070241155
25,18,0.37632317836661233,0.4749041450205669,0.09267938233154205,0.09477192058427794,5.310137455476691,5.430031065828137,0.01374939558605636,0.012726945508465766
25,19,0.5128245152629786,0.5884037296443002,0.07514182699875842,0.06953576760858667,4.305309551931039,3.9841060091745133,0.017298535719403013,0.012444295870640415
25,20,0.5754269880605777,0.6488535826942042,0.21239055406837157,0.2134249026624645,12.169082356562807,12.228346165549622,0.07719465394769456,0.07496398167813462
25,21,0.6140068868822569,0.6804127836536211,0.15741468828889005,0.15341178198476937,9.019197272320826,8.789847635308401,0.07937633405907607,0.0778631238891322
25,22,0.43552034509963,0.5227933742974936,0.09074917709820625,0.09317546978653608,5.199544842012485,5.338561172917235,0.017750715065914004,0.017694015779069323
25,23,0.5193532300158988,0.5956137220164995,0.02784359582106906,0.033699244356037224,1.5953205270153532,1.9308244743809926,0.0017234952476069309,0.002640770680869623
25,24,0.5456836412991896,0.6187734397405719,0.05507487889863965,0.05825279711708076,3.1555581180861676,3.3376394196405768,0.010623740078669747,0.013238957795187307
25,25,0.5202833846720003,0.5962707645510316,0.05116653138423283,0.050293360148761096,2.931626300640211,2.8815972740554567,0.010255197555507134,0.010949258847273196
25,26,0.6111941646927647,0.6783953985185923,0.035244856470354836,0.045707644379296086,2.0193815252956835,2.6188551144185253,0.0036262152917450677,0.007161967074808002
25,27,0.3570306836949389,0.4587926758338907,0.12036139550053719,0.12129510896015933,6.896199978485678,6.949697818996585,0.04690244218646358,0.05405585232952134
25,28,0.43740233320971883,0.5254681941424743,0.0608661767323681,0.06553430400957935,3.487375041862064,3.7548390330761654,0.006178628717792133,0.009474266070256858
25,29,0.7609153583793775,0.81502890032953,0.03455634273539941,0.040823272726722544,1.9799325941459487,2.3390012331527217,0.0017059114327900218,0.0028180535037261954
25,30,0.5726237515590079,0.6428376225616727,0.044097919797174964,0.042393680673840334,2.5266246896845246,2.428978980636375,0.008106918896073095,0.008481484164679372
25,31,0.4245966905532118,0.513302646508435,0.07257393089295514,0.07242932792649916,4.158179942840431,4.149894803157432,0.020595956529445503,0.021805985724531376
25,32,0.4194417390193355,0.5114847449351737,0.16473510548281994,0.1708813974179306,9.43862628180801,9.790782869345147,0.06633609878844653,0.07227084214053915
25,33,0.5775589703140482,0.6484086868081962,0.040228008936113356,0.05193185664985634,2.3048951302538563,2.975476208315167,0.0051265327666375,0.009482963567539835
25,34,0.42565457769883464,0.5151744401603895,0.04388082834570128,0.051318346374784496,2.514186265746713,2.94032465886564,0.004582896820053042,0.0062949985346886506
25,35,0.40494521754592494,0.4982966304227519,0.03971520867101015,0.049051173506059566,2.275513839330253,2.810425222061134,0.005095585229061334,0.008188680414398077
25,36,0.41234502396961487,0.503810956468781,0.055103495079410134,0.058748886765053604,3.1571977044700996,3.3660632627295515,0.011402226924441965,0.012355568390406016
25,37,0.6039696525555527,0.6692394783108812,0.1085153159757286,0.10254452202845524,6.217469617937805,5.875368324416785,0.03246900995857034,0.029625727710815515
25,38,0.6819829822873414,0.741771450997562,0.05161156862544118,0.05192719030270125,2.957125056287595,2.9752088463174373,0.012048064705496221,0.011364942216830383
25,39,0.40906583335811303,0.5016130382646621,0.14444079639271656,0.14667176374078694,8.275848022811104,8.403673036087032,0.03638151453638565,0.03560187485559778
25,40,0.4699281082324375,0.5520084252943562,0.09785417021455677,0.09718485697145259,5.606630961048872,5.568282137046789,0.019774370839220207,0.016937353671529674
25,41,0.3939950923606267,0.4895883247998778,0.0537325312503271,0.06757252262788176,3.078647263198547,3.871620357629879,0.010004343723210062,0.0160964391328438
25,42,0.38097617865513483,0.4784456727399783,0.021229326043778998,0.022204194689341972,1.2163507842156978,1.272206643186091,0.0019988204237848966,0.002038697647765728
25,43,0.5469272184984983,0.6186304046718782,0.05733649996529899,0.053780683268695735,3.2851394600636232,3.0814061706261064,0.015393942838592089,0.012831212892817209
25,44,0.5589609903855381,0.6309188969893564,0.10252725891100012,0.10497789151487917,5.874379220645368,6.014790125984793,0.017112684591724242,0.01599415740433554
25,45,0.5218525628943064,0.5975320163017547,0.012567171392319776,0.01941287463428672,0.7200458811974697,1.1122757847612006,0.0004219661139206162,0.0015812591725059624
25,46,0.5086828556753302,0.5859819921519449,0.0568982310377308,0.05797046856239915,3.260028500222241,3.321463185021292,0.009698852429167851,0.011362093211176844
25,47,0.5190572557878812,0.5954333234118983,0.03303060205831087,0.03534224079794867,1.8925140927173427,2.0249612362575298,0.004776088137746104,0.005123396831586125
25,48,0.3522118993914864,0.45543738249732674,0.0749696909030034,0.07332901063997015,4.295446880142417,4.201442825540197,0.038829259177712905,0.041886058734794576
25,49,0.438349383299859,0.5270330496994402,0.05557851959577982,0.06710697745237844,3.184414604423326,3.844946583900862,0.009744346042992642,0.015256660541070959
25,50,0.3908961584865871,0.4856717678498216,0.10148247080242033,0.10426167270671399,5.81451727153829,5.973753811069038,0.05298300202550794,0.05958889150190891
25,51,0.4925472586178118,0.5740365487414341,0.1102751048835138,0.11820777815519527,6.318298095187835,6.772806793911418,0.026790331330045308,0.03168756628548924
25,52,0.47954211681574954,0.5611886473007831,0.05913351474232518,0.06152245362628162,3.3881008225098665,3.524976938075264,0.01817087955991005,0.01812282216844497
25,53,0.4751743381571126,0.5569569027378013,0.12016751958349482,0.12394447618059122,6.885091706689922,7.1014953791076385,0.025953971226564357,0.026344939797574705
25,54,0.39906949043909296,0.49351655336731737,0.07884468115171633,0.08910544356505389,4.517467467048017,5.105365847918727,0.01795007815749101,0.025439934281376562
25,55,0.44248995151563253,0.5293712217918697,0.01874721520604852,0.02801601046585754,1.0741363089300602,1.6051991584879803,0.001265662875737589,0.0031101436044514794
25,56,0.40679519404744025,0.5005367636503111,0.08873427270230722,0.09627488498432119,5.0840993240051136,5.5161445827090265,0.017057536037627233,0.020488826870686427
25,57,0.4624168495893949,0.5462102709576628,0.015288287353061522,0.020332726450972963,0.8759543413136579,1.1649794116347638,0.0003988403399415247,0.0015638196070849562
25,58,0.4117342639232791,0.5039803519671917,0.07056956139222138,0.0772555801782134,4.043338029863643,4.4264186880461684,0.01462220056630624,0.020278447678087317
25,59,0.6052733922131414,0.6721443762501352,0.04250890049606315,0.04413394709965137,2.43558059016599,2.528688902063664,0.007157338061743243,0.007039829978618135
25,60,0.4354751563794826,0.5230188397440403,0.060869304021844886,0.06316429395747743,3.4875542223503997,3.619047459687145,0.006926670732699352,0.006440891685930129
25,61,0.5378605110206268,0.6110693645668925,0.034459544284713324,0.03380702512911985,1.9743864514582308,1.9369998577912844,0.003971148035833517,0.002873979423958576
25,62,0.4379242505234639,0.5253658840208868,0.033799123540553665,0.035374917001183184,1.936547130114993,2.026833444793379,0.004662399041624091,0.005386694674156546
25,63,0.49289472750068103,0.5721050259963633,0.08366011434451834,0.08913462435912593,4.793371465522778,5.107037784261896,0.023985138915401865,0.027531291184313373
25,64,0.414637583681914,0.5062188076093584,0.030627948335367597,0.04183603653158995,1.7548521747612986,2.3970283248152353,0.004239136836037733,0.007548335950902962
25,65,0.4411569318399915,0.5272495404752924,0.1317933794455084,0.13049014559271338,7.5512044099938445,7.476534610510117,0.06309353726678754,0.06559500711516779
25,66,0.4151236151512341,0.505854274627863,0.07228249099303756,0.07541110025768001,4.141481666593439,4.320737773202979,0.010301402342843151,0.010278532764455325
25,67,0.5461977925895135,0.6188257022803575,0.017541339031705256,0.026138758460053906,1.0050446935248094,1.4976405414729639,0.0006030638986201254,0.0013741141399875798
25,68,0.4876499042694107,0.5683130099152073,0.047703669036961466,0.05653956594858002,2.7332189031067964,3.239478504355218,0.006216441798800539,0.01087477780405638
25,69,0.9649406106568877,1.0182614832164016,0.2577790091416839,0.2536530853705617,14.769649270882752,14.53325125220475,0.12831804964562143,0.12507638879951094
25,70,0.45884559620063986,0.5452909299684616,0.0675000592932917,0.07910267052443323,3.8674685143884244,4.532249169263922,0.011890911773645076,0.01768971046211709
25,71,0.46292666977413305,0.5465680012735501,0.029262884116305826,0.031678706617726704,1.6766397562447375,1.815056189628891,0.0034514614157280504,0.0036879583996023294
25,72,0.39838816579097136,0.49238919505627243,0.04451696365494689,0.04660070579980854,2.5506341341657364,2.6700237646598466,0.0078944674478407,0.009381019487518471
25,73,0.42742050061281134,0.5169511698737397,0.02147593152526903,0.03329458013645137,1.230480237509868,1.907638922478768,0.0017548944293016115,0.0047593678728652545
25,74,0.5625472354927346,0.6335287787649223,0.045275822261435936,0.04441473041679868,2.5941135295647375,2.544776601093888,0.007104192878364002,0.007655842124444902
25,75,0.4031037322578825,0.49797362864445865,0.11832006657630242,0.12892410604696733,6.779240446529045,7.386807153988284,0.018490139710629808,0.024623716374932925
25,76,0.39066570198617995,0.4864038583800311,0.015463873222320651,0.024979987134380446,0.8860146705643419,1.431247835091095,0.0008519444298028254,0.002374021239921059
25,77,0.44106685170686566,0.5278623498508966,0.10238219114697933,0.10982081410403219,5.866067450023577,6.29226915085183,0.03190515332570053,0.03726107730495028
25,78,0.809921456125384,0.8634626239169084,0.14592774172611545,0.14258182543488526,8.361043714781534,8.169336832689979,0.05502708994374947,0.055021562129146176
25,79,0.4001122279543667,0.493957952591736,0.05240887140546916,0.05775640361951547,3.002807140577246,3.3091981672523483,0.01047234564546549,0.012792048774818881
25,80,0.48107058403646824,0.5615631757818225,0.07788660001152267,0.07961445083623896,4.462573461283838,4.5615720211682795,0.01243905010662339,0.012128749290202787
25,81,0.44421511569372485,0.531687460146624,0.06441226470901311,0.0741907767801832,3.690550916705909,4.250818388301684,0.009561688943206102,0.013493532300285528
25,82,0.5105896941465137,0.5887229779204418,0.06259777146904445,0.07122055571630133,3.5865881121006864,4.0806372571203955,0.004957259168138283,0.007213663159719084
25,83,0.37579980718940803,0.4743515491012814,0.04006045500857139,0.04981838721203861,2.2952949973648606,2.854383329398324,0.017672787671850276,0.022570377061631224
25,84,0.5061253253819682,0.5841810349800465,0.02155614323920026,0.03041141227375117,1.2350760301856383,1.7424455723182926,0.0008278038193918098,0.0028899234346309267
25,85,0.4079378490921403,0.4997943403945567,0.07742149752840533,0.07901676959665163,4.43592505196016,4.527327408645779,0.021580660065373465,0.024786519111211873
25,86,0.7403798377200851,0.7959485510674739,0.1647098611849755,0.15853982963293833,9.437179890084751,9.08366312269047,0.12779941895282632,0.12187027667308001
25,87,0.5166347177252315,0.5925293474505675,0.07164352215578833,0.07176212567987479,4.104871448978677,4.111666930344209,0.010501795717639636,0.013310126818842916
25,88,0.5474488917002056,0.6215753265264984,0.030655017500709952,0.043731276383770314,1.7564031236903574,2.505617569510168,0.0020744035932889785,0.0050008667784345665
25,89,0.3883171100541954,0.48448325312474216,0.027614736036913227,0.026656638055825584,1.582207827282949,1.527312856606622,0.0026831316817751546,0.0019441309060219628
25,90,0.5994817259133479,0.6675982061421561,0.035579771456462905,0.0440712188679717,2.0385707404953584,2.5250948391321,0.0033712039888438936,0.006714671588504969
25,91,0.8120616174611992,0.8639957586999446,0.0382240525797572,0.04346776560054896,2.1900768887062343,2.4905195137753977,0.004548456417149455,0.006082509908987982
25,92,0.5137063933497086,0.5910027072215929,0.15582562424447313,0.15876564467228696,8.928150609199747,9.096601371395726,0.04540570153422323,0.04543766438235018
25,93,0.5660166740375477,0.6405987216350535,0.24977069460006235,0.2495222845941265,14.310806646634594,14.29657380170565,0.10768162138502815,0.10301799547858137
25,94,0.513529988230146,0.5883950819414087,0.07066613456937437,0.0638576294639521,4.048871265328678,3.658772657994709,0.01733707878632812,0.01301121669332123
25,95,0.8053698232483424,0.8554033269010509,0.048911167658153336,0.04669155522903827,2.8024034778689564,2.6752290535258827,0.00805315278279544,0.006560360402710373
25,96,0.5300466887554474,0.6040625139881886,0.05406648600690139,0.04741766102055413,3.097781461298573,2.7168318508597475,0.010993236998315562,0.007994705025346919
25,97,0.5642081914718609,0.6356560045799347,0.08645796070880911,0.08624632918882336,4.953676253922661,4.9415506610155395,0.03210722402637361,0.030627556732794478
25,98,0.43123679782766283,0.5210723665356152,0.23554278630559022,0.23537935568943452,13.495607550062164,13.48624366551322,0.1021652880865895,0.09844016815739631
25,99,0.5308685281330777,0.6053495059435019,0.06350352109953313,0.0618911141601662,3.638483743223221,3.5460996307398895,0.014384466122680115,0.014645672638350395
27,0,0.4810450361811881,0.5532827040180754,0.09066907976975493,0.053727388057977984,5.194955603141951,3.078352579983719,0.010917260575966883,0.004880009475608165
27,1,0.5096401227064594,0.5785559014585372,0.16364442627666848,0.12269307484443744,9.376134966492852,7.0297953640689945,0.08345938216829052,0.05483652609788022
27,2,0.41409963145449274,0.4986995380839086,0.05299895383753291,0.08685928755202116,3.036616373499314,4.97667058824402,0.004323461334994315,0.010357919632698689
27,3,0.3999119448572798,0.4870601679063048,0.047654532760715386,0.09244185289710515,2.730403601856907,5.296528021373327,0.005290362079151597,0.0186411841464021
27,4,0.5587554179274377,0.6233506612414627,0.08573337865807343,0.048664319572666176,4.912160760504573,2.788260124389658,0.0236738159790569,0.009535304172661938
27,5,0.5070769524427692,0.5751539862637353,0.2346766406295372,0.18979968861649496,13.44598105838082,10.874721110622376,0.20097334983164497,0.14865841760020015
27,6,0.46809638350816435,0.5435784444582158,0.14356479452947982,0.0999182539217239,8.225656813202043,5.7248942460312655,0.04766684423330421,0.0230872172065641
27,7,0.5342742256493326,0.6014760244892192,0.04607560430792867,0.024874012152152583,2.639937665359107,1.4251759158754647,0.0069085079441540895,0.002140641906046634
27,8,0.4380047874328801,0.5168772748731663,0.08416396520876623,0.04075025928719567,4.822239993548202,2.334817871220098,0.018416922335295627,0.006028526944342673
27,9,0.4604580447650945,0.5388289609089011,0.04052052485409204,0.06382428481260564,2.32165505779443,3.6568621502032217,0.005426365818366445,0.0061820971780850685
27,10,0.4796377741223059,0.5596115434874328,0.16266790414996798,0.2074459385594472,9.320184370031775,11.885776756586509,0.0384333009327983,0.06703269156772569
27,11,0.5912237550275109,0.6516428818169518,0.06736099480152986,0.03480395788085214,3.8595007059303397,1.994119896923908,0.0102548259783088,0.0019874976618365695
27,12,0.40597795254206365,0.49094887339279925,0.04572448536312156,0.025093658501806032,2.619820031714573,1.4377607246960622,0.007436980994217766,0.002878898474684547
27,13,0.5637348594775404,0.6256632304953195,0.15656176582186826,0.11037474328522043,8.970328414708591,6.324006955083053,0.06807877701200961,0.037661756265553605
27,14,0.4686862138380975,0.5444874506278351,0.028417906831401836,0.051174433906474984,1.6282261240353155,2.9320790818121947,0.002626807626521661,0.009913030876170393
27,15,0.4611374560965541,0.5366443085637157,0.07371089348740702,0.03498599678453194,4.223323100966768,2.0045499578119492,0.018502012447428884,0.005659989270670346
27,16,0.4585063198301904,0.5350381983800958,0.048058522521574575,0.016816880681786654,2.753550510120638,0.9635362876414617,0.005570868297288284,0.00042021056315938833
27,17,0.5130723655023668,0.58229713484267,0.03587100904957739,0.03578646184570703,2.055257425416367,2.050413227464963,0.003291095598326417,0.00420813982637264
27,18,0.5711201271709042,0.6349976751197921,0.07826545503312601,0.041994524383402745,4.484280255069047,2.406109009828203,0.01773328688831411,0.005530096892320854
27,19,0.6960937177361585,0.7479139558221246,0.11158594283608499,0.06695435953643351,6.393403577495733,3.8362022214391356,0.03039942079278104,0.012421283187426472
27,20,0.5052320973543469,0.5795186763157726,0.08238242430262711,0.10841262287631084,4.7201652185965175,6.211585736756051,0.016083160841504653,0.01663605464382026
27,21,0.4816905567528723,0.5549215376214409,0.09076444892881662,0.06069872356764412,5.200419853451898,3.477780682257271,0.01679280935053861,0.010432225561350521
27,22,0.4610610237815576,0.5360913370500381,0.12307553014951722,0.0848854615104661,7.0517084389024545,4.863578686569902,0.02961600856347983,0.017593916746361023
27,23,0.42706147851557935,0.5089662538092781,0.027814792177337785,0.053638336338525446,1.5936701997949527,3.0732502923007052,0.0019895383024034416,0.00926710643268168
27,24,0.5308274562036737,0.5988302551049953,0.03274759965508361,0.03931483151471572,1.8762992494203612,2.2525739180611324,0.004420710120785543,0.004213099740854938
27,25,0.5082697459916641,0.5789993409383064,0.04586204724695079,0.06365723305446584,2.6277017470798567,3.6472907895015707,0.007431553653768359,0.016137240886113964
27,26,0.4643513164364756,0.5410888607355282,0.04713370896246673,0.08431325593989183,2.700562596347286,4.830793722362121,0.006444418282963786,0.017955228548964957
27,27,0.5873318204755419,0.6495272809282029,0.05048106398074092,0.034910315375676015,2.8923519114263336,2.0002137324969005,0.009598272933696507,0.004193993730531565
27,28,0.48176252999566693,0.5564346039945162,0.040536882610703526,0.04359937469060926,2.3225922882105703,2.49806015918141,0.007890198617919026,0.003537479710513561
27,29,0.5307940736894183,0.6006466243173998,0.04258751557256804,0.0643650974351439,2.440084902255818,3.687848430982066,0.005866881095922575,0.005409123682615327
27,30,0.5783232168496127,0.6387084164399834,0.1508067951898113,0.10496566212178288,8.640592886269992,6.014089433374369,0.06794047080911961,0.0381949631541131
27,31,0.455566188687005,0.5337070093627259,0.021822929149194814,0.04553791704816792,1.2503617368618833,2.6091304546768614,0.0014228851805667439,0.0027342743694131026
27,32,0.6297779548791316,0.6874068282626589,0.040400461187307245,0.0334334240871986,2.314775916414796,1.9155940948675065,0.004469649046968144,0.0049774021684799614
27,33,0.6586065096869808,0.7135435201980099,0.03297302424481912,0.03330110659215378,1.889215127010674,1.9080128608456952,0.003339356731474369,0.002627430924068361
27,34,0.5067812712746029,0.5765302910308325,0.09780898296737427,0.07133872157491655,5.6040419224975,4.087407662101588,0.02276210932925897,0.017383162668221593
27,35,0.5311002131563358,0.6005548333540208,0.030429202667262775,0.06779947302552845,1.7434648867823845,3.884623657573851,0.002009442821672344,0.006877918959076121
27,36,0.48147970455769823,0.5554789704500103,0.06705076823390059,0.038702138774134066,3.8417260329123524,2.2174692098874997,0.013056674780731574,0.005860094698454867
27,37,0.43001257999611914,0.510886387886694,0.1293529942724329,0.09632963863680495,7.411380639190316,5.5192817359092725,0.06461757623978093,0.03783419903655307
27,38,0.5163962381421513,0.5870449196348428,0.10059565767149538,0.06821713394745965,5.763706621919508,3.9085538656680514,0.0331331735297025,0.014750668274646501
27,39,0.6540450618332713,0.7096020281576458,0.04859502376829791,0.027892229246833385,2.784289767261392,1.5981070170549119,0.005758033781736248,0.002714023794737279
27,40,0.5082338026299392,0.5792413537552149,0.036919301681707,0.0610873633395937,2.1153201689320538,3.500048100940909,0.005514966970327079,0.012017079787152269
27,41,0.45633877218156654,0.5323287479453976,0.09965129467488675,0.1142633770616299,5.709598607885505,6.546809258543335,0.030334418192041558,0.047393188857596996
27,42,0.3885835684991482,0.4774447548383502,0.05290892231324127,0.09864945818002292,3.0314579471342733,5.652197604967629,0.004977862454427405,0.01884387840537015
27,43,0.44007159866173984,0.5200552997150254,0.062111228108222456,0.09489304172062255,3.558711230975475,5.436970795750511,0.012002889072484351,0.025335006813497134
27,44,0.4399667030966128,0.5202399394346925,0.04698954183134641,0.04124934903809435,2.6923024281895827,2.363413607544828,0.007771453047581802,0.0029815106731317124
27,45,0.536074211313204,0.6047426887625961,0.04373107522005888,0.062338170920657215,2.5056060436785117,3.571714096318816,0.005298162487337254,0.010823506934167355
27,46,0.5030052394024456,0.5738826477930313,0.054223614532560103,0.03156571953989433,3.10678426265993,1.80858250692958,0.008521540175184486,0.004747611921291377
27,47,0.39576964735804565,0.4831506744948476,0.04161913480946061,0.059558005629055784,2.384600771568105,3.412422358761296,0.006684311773843074,0.005352447032653036
27,48,0.4150751430239121,0.49765008090671425,0.1188009994504403,0.0734728311891895,6.8067958704462415,4.20968313601772,0.037665431069781,0.016573361723070668
27,49,0.4900118936366915,0.561237672188775,0.10246697505310515,0.057736446906314416,5.870925210015219,3.308054731812975,0.03286079274471196,0.01353386060845958
27,50,0.5759000075787559,0.6366167881014881,0.1370158262225918,0.09065850547250867,7.850428569052424,5.194349740538424,0.053515076871827036,0.026650033906207717
27,51,0.6230693445565785,0.6810552049245239,0.07058438123430057,0.030522312937848475,4.0441871442678305,1.7487997123162662,0.015689028509202632,0.00412372693073056
27,52,0.6853282571789955,0.7375253983649062,0.11985729399906386,0.07515043179307922,6.867317090005048,4.305802570329199,0.038641543660121756,0.017847476757575566
27,53,0.5743857705487277,0.6360046277491966,0.12270250863146764,0.08583392194392082,7.030335880250651,4.917921466442006,0.03272608109846899,0.019747678877074452
27,54,0.49476845699848954,0.5671152524743307,0.04949609813370474,0.05867671538565634,2.8359175254266322,3.3619281472884506,0.006830948583827313,0.012364927221665307
27,55,0.4304045935107427,0.5109272683650883,0.0882255658779951,0.0464290790795722,5.054952569962526,2.660190277938632,0.026653138208970174,0.009996054336679164
27,56,0.5994694494138763,0.6616175159070816,0.039689358665738306,0.035934730649017796,2.274032743127785,2.0589084041281254,0.004400692071186657,0.0015245567068573867
27,57,0.48715533365435854,0.5608191481475562,0.06061216629272003,0.037369164541029946,3.4728213157179675,2.141095412130946,0.013158185611885122,0.0039685319710833595
27,58,0.6599611674280408,0.7203700513420355,0.10098249984103125,0.1447358632565577,5.785871045571597,8.292754108783363,0.0200828866620011,0.04117270646559669
27,59,0.4155860321954338,0.5007163940430479,0.07115430726269428,0.087108591662052,4.076841500329444,4.990954661564053,0.019215614981123442,0.01446217549128807
27,60,0.5382836070379159,0.6034740326195808,0.09619735961955513,0.0518178442057584,5.511702706502719,2.9689437764563835,0.020398076186100116,0.006605606399076001
27,61,0.4615115206036134,0.5387063322895663,0.05936648114386373,0.08794207774821981,3.4014488140863754,5.038709896584345,0.011907139729783559,0.025168249887180645
27,62,0.4115515169307042,0.49621867343314013,0.035544039697760335,0.07760857965466421,2.0365234615271213,4.446644068217127,0.0029642530108569248,0.01272007868445034
27,63,0.4340423838173871,0.5157590791106283,0.036019932608842016,0.08082117056964319,2.0637901168322963,4.6307119689474945,0.002759650829007223,0.014029884132196122
27,64,0.3827861870049638,0.4718242915881922,0.11060032277296776,0.07271815495010435,6.336931707675698,4.166443372619335,0.037134780559134176,0.02118063668518668
27,65,0.4552386835593893,0.5328906863715688,0.05687736592458566,0.027743626326772436,3.2588330172999616,1.5895926969120995,0.008768752505169144,0.0015431468832451242
27,66,0.5477692655530907,0.6160238954262819,0.03915574433033488,0.08048076683864494,2.2434588938214906,4.611208271830788,0.002713629111047333,0.01077564963773638
27,67,0.7328791075916249,0.7838595170128921,0.03949824035096203,0.05039913755563495,2.2630824703034516,2.887657873037167,0.004829080229988287,0.005224758673162438
27,68,0.424325794819678,0.5169394223087543,0.5216617126062401,0.5643457052267219,29.889014465904047,32.334627095825205,0.371939682033274,0.45354392203992144
27,69,0.6210882835250153,0.6847716922786621,0.12373259621672934,0.16648504576151202,7.089355551414968,9.538890474177013,0.029581816973976674,0.05361984091512144
27,70,0.3705063401154533,0.4632380088838413,0.10198671220833387,0.11721015837890626,5.843408175952878,6.715647391171272,0.0364433740771838,0.030267847489800905
27,71,0.4437342236716503,0.5243290460528959,0.049111953270379906,0.059298945406515355,2.8139076460364896,3.3975793013700097,0.010175730414763514,0.006676980576798802
27,72,0.5387731072452133,0.6072006282836101,0.036258231342616645,0.08234385008123118,2.077443628540894,4.717955078512528,0.0029076297560479726,0.014918079942053603
27,73,0.4559084262695131,0.5325928548573475,0.06941969744489342,0.03940879659046192,3.9774556786674973,2.2579577203230166,0.012669596730366321,0.006222370138926632
27,74,0.5072116013237306,0.5765131756605716,0.09204177217824625,0.052192676943531344,5.2736050847181515,2.9904201103541075,0.025428765114747037,0.010577770056295434
27,75,0.5209360560836898,0.5912316190397781,0.043652426335872865,0.07297667916998456,2.50109979455124,4.181255719320383,0.006207079574112071,0.014658293534600058
27,76,0.4986208651975324,0.5712066177882075,0.047450798628771496,0.08975602368380652,2.7187304959537606,5.142641342958373,0.0036256299873264966,0.014641281816128844
27,77,0.5871473178528127,0.6495030773202977,0.11822819319038269,0.08290553977225205,6.773976489266268,4.750137527204031,0.05577748130302231,0.030234288637650347
27,78,0.4221944238884255,0.5054430268501275,0.07687125055423703,0.05918095326723987,4.404398222650473,3.3908188497738045,0.02847955019293007,0.014383763965919264
27,79,0.5143854167135861,0.5912709363362049,0.21794896371967998,0.2625687904697865,12.487555770387562,15.044083525773598,0.08110913851990419,0.12374154516670348
27,80,0.506903269268456,0.5759457363190464,0.11863011604314719,0.07654470787514811,6.797004972419531,4.385688705307782,0.03931547439863034,0.019781377114277597
27,81,0.5046249005834247,0.5767417612609341,0.032989142753157605,0.055484462148853365,1.8901386495105157,3.1790255096826643,0.003988200751821118,0.006900794219713147
27,82,0.633407217887545,0.7088615131175044,0.3582780362112647,0.40048701640101203,20.527819367140747,22.94621578956457,0.19523166866736735,0.25345266261294136
27,83,0.41181164940133225,0.4957196580111702,0.023154140531060057,0.057169002409955316,1.3266345306825398,3.275542557063672,0.001617828558639059,0.007780769219586935
27,84,0.5124615137788583,0.5828712856505509,0.05149756751603002,0.031076262085618988,2.9505932738585265,1.7805386605483853,0.008060934892971938,0.002651226034977119
27,85,0.47000889950876173,0.5464966503752982,0.03162729665735032,0.05893854174250815,1.8121106158743894,3.3769296925013457,0.0021677826618363132,0.005599583104943887
27,86,0.5150401172978274,0.5855970827695509,0.033227917675138045,0.04526658717483816,1.9038194447935604,2.5935843980792472,0.002775292858763604,0.0025900634831613773
27,87,0.41027721572563475,0.49595956654799195,0.07484935891529611,0.12100734065308864,4.288552365106368,6.93320990952381,0.010235788966934955,0.02847417316524012
27,88,0.5612709605349057,0.6287340795286328,0.06763478112298184,0.11382745354010997,3.8751875066379498,6.521832680569762,0.007971820508317833,0.024529111911162603
27,89,0.39483327998865825,0.4835297066196962,0.08541252438891461,0.13066586827051205,4.893777165043018,7.486602778312718,0.013537178601110464,0.03346910982210216
27,90,0.5324115769913247,0.600408085446542,0.051010424454109395,0.08513131073810731,2.9226820323913945,4.877664809710295,0.00801657566646664,0.022322006061250645
27,91,0.5148529781781814,0.5920642233910476,0.19893599471688186,0.23826539978306002,11.398192890514173,13.65160181156662,0.07810895108310457,0.11072904323968784
27,92,0.40170604078225886,0.49499472683962586,0.4969473935646672,0.5405647709300332,28.472988291282118,30.972079927747036,0.33687379476527557,0.4169821428384159
27,93,0.5422402322370731,0.6144952569262983,0.16730185251848623,0.20905803296549688,9.585690054029403,11.978142962229805,0.053132282906886305,0.08467422745845038
27,94,0.4352955217365518,0.5174146633649416,0.06448002490936323,0.10889666509438402,3.6944332902049317,6.239319312957795,0.00583772220631959,0.01883634333979932
27,95,0.7560729979818194,0.8036441284833197,0.09416160485907418,0.04925238144195126,5.3950625506034955,2.821953587592267,0.025789278504915025,0.008813128330834526
27,96,0.8320276847159058,0.8754079605884576,0.12624749899608143,0.08339246493517279,7.233448866557564,4.778036283978109,0.045607439432937644,0.02275443771275954
27,97,0.5595783115357252,0.6245330127560345,0.049560115658327096,0.024430423238583597,2.839585459402368,1.3997601432891684,0.008073511301279642,0.0018991878384413264
27,98,0.5960809461055409,0.6719744162431287,0.35938069427563085,0.4035964237277752,20.59099702047499,23.124371706175154,0.18091717371692573,0.23910173050238442
27,99,0.7597731197939026,0.8335671895157806,0.5197583300260686,0.5626515178679036,29.779958677261504,32.2375573104605,0.36705376139923596,0.44801873551909976
30,0,0.45353082101982634,0.5519417347402251,0.028269671817092376,0.042170679537050816,1.619732883339322,2.416201956671716,0.0019817035818420377,0.004224720085658933
30,1,0.4935293804701281,0.5844856849464546,0.09092776695827633,0.08533716556243105,5.209777287258333,4.889459422336452,0.010594490738594118,0.012364533437082645
30,2,0.4806314845992127,0.5743281145579511,0.03301684725952273,0.04125876853427009,1.8917260007987307,2.363953304920838,0.002412771197760415,0.006835640069700222
30,3,0.4962281269986911,0.5872999560777485,0.09032516556113164,0.08773408576040681,5.175250770473255,5.026792833510124,0.01250711081115402,0.016784424359276663
30,4,0.5666023205244105,0.648593368972386,0.03329380811833551,0.03932805540022961,1.9075946890990216,2.253331590889842,0.004405683970192108,0.004624004127098624
30,5,0.47059680731302067,0.5647984288270805,0.04444558046122765,0.04376587967108605,2.5465441784374594,2.507600191830638,0.012648938406540897,0.01044628528081716
30,6,0.4590719774678786,0.556126109862228,0.024027481643657797,0.02943920990517133,1.37667329050965,1.6867424797660457,0.002202557152329485,0.002607742338922872
30,7,0.5351167169710143,0.6204559866044387,0.036431151299794705,0.04231718649721176,2.08735121228078,2.424596187158229,0.003304706012129177,0.002304249296694207
30,8,0.36324513262342356,0.4783614290016817,0.03722824477462501,0.03607024923928336,2.1330213042659736,2.0666730473959047,0.003005182739344514,0.0034699313843869
30,9,0.44040947260148544,0.5398395032132203,0.05345515222973535,0.05876033463830975,3.0627546159931676,3.3667191775515293,0.005819385723551531,0.005860050293988256
30,10,0.39591868520170137,0.5059684564485357,0.07985788705546452,0.08473797424154525,4.575519889110526,4.855128288528826,0.011385452600685013,0.010122505200669173
30,11,0.4621392227865066,0.55978012233379,0.10275734524858955,0.11299914753298533,5.887562196712865,6.474374242216188,0.015990571762408708,0.018975412500686566
30,12,0.34245385194460015,0.46299271155565447,0.12600202116612172,0.12833352384237615,7.2193840229368424,7.352969286209677,0.039680959933254566,0.0404891000041417
30,13,0.3577943104847756,0.4738228676666054,0.03718730099354697,0.04932517334924426,2.1306753984128948,2.8261242566628635,0.004208986881301356,0.009805860280442658
30,14,0.4536364727724737,0.5525183009635375,0.08293795735000703,0.09479835954017034,4.7519949175914284,5.431545906415503,0.008194522448100247,0.01094774836228415
30,15,0.4077963646083159,0.5129010148374094,0.12796737484540266,0.12152260687031392,7.331990494010148,6.9627324890964895,0.033662958363840915,0.033796458355884185
30,16,0.4253385796887296,0.5269999046854406,0.04652909456157244,0.054936226898905434,2.6659207429432126,3.147613943680348,0.010015442652751803,0.014706193114747999
30,17,0.49652993555058406,0.587639386152832,0.026662219636886066,0.034130384309429065,1.527632657644398,1.9555269740898122,0.001232439183548553,0.0019104056419456928
30,18,0.451955342013835,0.5492815539410612,0.08444316047117319,0.08295391158868745,4.838236703744168,4.7529090281331605,0.01664742146407055,0.019482517431335084
30,19,0.44308880641748716,0.5425880113628099,0.06758670036057306,0.06893806208171231,3.8724326818761554,3.9498600050929698,0.008031924739642649,0.012161406259370726
30,20,0.42278833851792835,0.5265384985223703,0.04063281667942269,0.04755376483233832,2.3280889054596963,2.7246300248506246,0.003061233059869474,0.0068954374404660845
30,21,0.5257718513988867,0.6119904767571541,0.10795890812973981,0.10953441814148888,6.185589796674683,6.275859870928511,0.041093959960054154,0.046193877079390724
30,22,0.4794290195582562,0.5730294326056519,0.08254546497459118,0.08491823477877858,4.729506760989036,4.865456456525057,0.017583287716178578,0.02124975919658255
30,23,0.40457405681895464,0.5111776146011677,0.029315412747581596,0.03218935922118094,1.679649425120438,1.8443144286041866,0.0015019530921602173,0.0039899867628420994
30,24,0.4077940765209156,0.5128897239341306,0.05124339185110797,0.06663662990875988,2.9360300810035618,3.817997654747173,0.009145652083423914,0.01700320022968519
30,25,0.43319208320885766,0.5348934948238403,0.01826880378965514,0.031716532509598334,1.0467253538998438,1.8172234535894538,0.0007356397563649409,0.0024222006483753623
30,26,0.33043707523488725,0.45392822000228406,0.06542348975938331,0.0677038602329183,3.748489844230025,3.8791454480898295,0.024065286064413174,0.024847133587951684
30,27,0.3732499863241341,0.48665818432734564,0.01981700511486498,0.026945061333368707,1.1354307556709287,1.5438382931231733,0.0007511197622968617,0.0012045471003982672
30,28,0.32589183154009044,0.4506462757740815,0.13488797532786537,0.14042945744162175,7.728511693351463,8.046015230716938,0.04620901559768872,0.04875074598945673
30,29,0.48927869592719403,0.5848474896200851,0.10277119616549119,0.11375526955359486,5.888355795793714,6.517696842794018,0.02869942865973856,0.03686898882679816
30,30,0.3690019075372196,0.4820575812056769,0.1678821499605836,0.17186189333105653,9.61893864832382,9.846961146997089,0.06276244182667871,0.07667194668112473
30,31,0.38626674464319727,0.4967801536749433,0.027198370564410577,0.03050735178184452,1.5583518429735768,1.747942501220603,0.005190279452044973,0.00475082500591118
30,32,0.4816300159094925,0.5767842557740306,0.0933665813030147,0.10218232796348081,5.349511056227804,5.8546161331290625,0.01714734857256056,0.021034264126141938
30,33,0.4530351482795135,0.550789713605374,0.07249069873301346,0.07925246138546876,4.153411091356015,4.540831553410889,0.0092015551807541,0.00975253370573979
30,34,0.5240569882263681,0.6112167873245854,0.04945627764663318,0.053223541251454294,2.8336359795792765,3.049484284448767,0.010520589213093333,0.01067491435101977
30,35,0.4288722622629446,0.5310754241919133,0.053009189042710944,0.0568725814196173,3.0372028075584656,3.258558885358215,0.01579954125404092,0.015354694012973713
30,36,0.5500098001470992,0.6329993049950167,0.049505832670882356,0.047111755091327166,2.836475273322423,2.6993047321870147,0.0081921731109693,0.007970091514517445
30,37,0.3659502973017888,0.4805645001580057,0.017841337368009223,0.03191097232834523,1.0222333320559729,1.8283640345729395,0.0019651300392890553,0.004401043681539186
30,38,0.5916578951859757,0.6708028460729937,0.021931601377730956,0.03621973569177921,1.2565881969072854,2.0752379902183002,0.0006383329694303261,0.0025245039508569583
30,39,0.38493385436575794,0.49568344284365357,0.021260104600442118,0.023721527939371035,1.2181142656119988,1.359143434527625,0.0011437163550513376,0.002469187818155725
30,40,0.44386387291817303,0.5439165234232648,0.09737819405094987,0.09722050906910495,5.579359535725368,5.570324851773058,0.033673667007531535,0.03521554919085044
30,41,0.37535239822960476,0.4875634069315902,0.11017462243338198,0.10769582628818172,6.312540874880147,6.170516317486875,0.08915431680650643,0.08561955350751427
30,42,0.43994280806970154,0.5398486624555339,0.048655329300564536,0.05943858908548288,2.7877450197415596,3.4055802948105285,0.010749501133318027,0.014676807908032255
30,43,0.4224301046451187,0.5266358906601163,0.06832991004406584,0.08282651364983112,3.915015460033546,4.745609663918027,0.005238096912018989,0.008817695187578016
30,44,0.7007942673956283,0.7703350327996576,0.11558083117831443,0.11289993583577046,6.622293819131494,6.468689830687446,0.03178686720803428,0.023308194614808826
30,45,0.505019412662223,0.5952704244298467,0.14632672801087238,0.15129524156521293,8.38390394498171,8.668578802098969,0.05871701653309945,0.06406471660143177
30,46,0.4477764117677356,0.5468747121171954,0.04856484271049207,0.0532938071228032,2.782560520027877,3.053510222320868,0.007926203530761823,0.010801550017013911
30,47,0.3516980344742418,0.4693559371182157,0.1295168564276881,0.12425594209227725,7.420769249108356,7.119341061309442,0.10653633214741817,0.10514237478235205
30,48,0.4446969352856999,0.544096512679975,0.03648407993061024,0.04460932043605128,2.090383799441916,2.5559257879324315,0.002253760142345379,0.0023038617802160627
30,49,0.4375808943104021,0.5397303592259455,0.05682345283580828,0.06823970259702608,3.2557440248525036,3.9098469540375174,0.003948441979158498,0.007287966763716954
30,50,0.4566237025526252,0.5546424855028949,0.02634414734244778,0.040648136353357935,1.5094084575930415,2.328966658119702,0.0020224391969399427,0.00657037718934295
30,51,0.39131819604032464,0.5004907453403644,0.053079947526892476,0.050112118935683514,3.0412569700668106,2.8712129174722802,0.013117246023204226,0.012150309392841657
30,52,0.4047276692649529,0.5108153406282241,0.057635356651368035,0.0613701818691898,3.3022626868546454,3.5162524090548612,0.0070116763586915085,0.011849854675060882
30,53,0.5215595149920416,0.6102187522470474,0.06665383973691591,0.07637649475456122,3.818983705266659,4.376050803439428,0.01068766157163286,0.014695421219162348
30,54,0.4574054799465061,0.5569300159295322,0.08272605340428373,0.0981400139586343,4.739853715839313,5.623008601184732,0.0065066218273194115,0.011177457223243505
30,55,0.4136566007890806,0.5191358373528837,0.18717479165832593,0.18316140747843407,10.724325593262563,10.494375618190187,0.3289654880292544,0.34427786742855504
30,56,0.5333237609393321,0.6186784006957547,0.07429552890733426,0.0689503601527769,4.2568202430824575,3.9505646326611226,0.020195641047520915,0.01838308400078197
30,57,0.4167102023310273,0.5212850268460913,0.03175803571785628,0.036821677080132245,1.8196014122588864,2.109726691285174,0.002117299126243346,0.0024977428948772433
30,58,0.4149818711911083,0.5206488674678683,0.025138682006780183,0.04377596972594543,1.4403403815099671,2.508178309389136,0.0021166787947442117,0.006997301717792222
30,59,0.43445506493534025,0.5358180018276832,0.05002831553593947,0.05584365858873452,2.866411336358099,3.199605949703979,0.008329740963143168,0.012864453379132404
30,60,0.5231636378277973,0.6112104090144749,0.043984477993365564,0.05329985598716327,2.520124953105895,3.0538567967195474,0.0035971774422288647,0.006380849655046473
30,61,0.3989009596159267,0.5054135458658418,0.12319368962277892,0.12144365030922927,7.058478478029839,6.958208611381472,0.039130189763800755,0.04420628419275549
30,62,0.3749029619264772,0.4892040193286127,0.09445759091202273,0.1039356710253975,5.412021302232183,5.955075290615434,0.02928453619634135,0.038286163859075684
30,63,0.46785288509281303,0.5632009182108471,0.042224974381705256,0.048839028052349506,2.4193128221197338,2.7982701829206595,0.004963419792968634,0.0078570439371071
30,64,0.5072554690546753,0.5968739286044471,0.07775753835165901,0.07954779107437199,4.455178772876697,4.557752698149955,0.01052898848749681,0.016087161829274145
30,65,0.6509603680387467,0.7243532377437026,0.0806431361945332,0.07783244771947452,4.620511350645443,4.459470763498519,0.01400577634555155,0.016761808996645637
30,66,0.4560830785729675,0.553383600842732,0.06247879655417855,0.06094481093229097,3.579771351610942,3.4918804496430327,0.0151526893630783,0.01434273942647744
30,67,0.4682981184437068,0.5634410265251728,0.09081920938550854,0.08779599822312958,5.203557396504554,5.0303401563234,0.0175946329520473,0.020597771377775673
30,68,0.5519665141036713,0.6347225584097134,0.06502983137967273,0.06641174333623981,3.725934880502651,3.8051126032726104,0.00927252537244147,0.006840128518757219
30,69,0.6821896831414767,0.7529766974412282,0.03653579929644908,0.048018270308494065,2.093347100823575,2.7512442281950635,0.002227316526025234,0.005107275293749028
30,70,0.37780754979180475,0.4896240859718146,0.03716911185175116,0.04720562923162711,2.1296332373550295,2.704683324231621,0.002991656996823598,0.004978028629592458
30,71,0.4832553533351883,0.5763034059458864,0.03352760664645609,0.03720609069870197,1.9209903580167016,2.131751969216571,0.00303276199995232,0.0029294925195104873
30,72,0.6480154846660842,0.72052485363708,0.04714109058332799,0.04982245623114622,2.700985532068602,2.8546164670199485,0.006863264911998893,0.005714490668663332
30,73,0.381929491812535,0.49301432893880676,0.05168449191866581,0.05424757428084346,2.961303253217561,3.1081570551147624,0.009180371783769424,0.012383133813609143
30,74,0.48869414105128023,0.5827409261783747,0.039303779517436424,0.05522673055833862,2.2519406852618387,3.1642585772989755,0.004472801487752181,0.010740127941664863
30,75,0.5049826805528012,0.5948438688752338,0.04915219314561521,0.04878581055916805,2.8162132210556052,2.7952210451650963,0.009561101722959105,0.010384569515639812
30,76,0.38040205089838625,0.4911806242615628,0.164985447982431,0.15884697137608036,9.45296985046848,9.1012610482848,0.0994845320571867,0.10011990652514367
30,77,0.470231562787216,0.565328711528388,0.07175104456226597,0.075451617972083,4.111032029072935,4.323059267233787,0.014560378582283234,0.011410059877969444
30,78,0.41851534844468763,0.522227980246346,0.04568522604754694,0.050079715832997404,2.617570638625575,2.869356356445237,0.0062499951023373135,0.007970078612371236
30,79,0.4340711867189003,0.5350912859552225,0.04252340732988099,0.05327377770555899,2.43641177051785,3.0523626212466684,0.006517643020340599,0.012869952769430622
30,80,0.5062389459126139,0.5961027590661113,0.21915951223134628,0.22395792967798483,12.556915091001885,12.831844159036216,0.11263820154214776,0.11794616202108853
30,81,0.41949820851298164,0.5230256515375648,0.06564925339999884,0.07767387405412395,3.761425148004804,4.450385161732012,0.013717349822790373,0.02293630014790144
30,82,0.6396521932687106,0.7138767687604601,0.030469532794525182,0.03418852635701585,1.745775632861746,1.9588582680287838,0.001292809597928454,0.003991895038765566
30,83,0.37555572526381886,0.4882345096776081,0.09321365435237386,0.08986547916250373,5.340748987382279,5.148912679932308,0.03881851855769396,0.03551200917003143
30,84,0.453783236272065,0.5500220008981499,0.12626738283080635,0.12220462614924656,7.2345881263678375,7.001809315325885,0.058839848156899716,0.05949584534782297
30,85,0.4475270382481718,0.5481385889199325,0.07624393106010069,0.08683104528652334,4.368455463230178,4.975052425627108,0.01654910833081489,0.023002501966513367
30,86,0.4414658719653476,0.5408693171763477,0.0450133205169816,0.0464206819889416,2.5790732874926823,2.6597091600853098,0.005591439966722487,0.007725324059908476
30,87,0.43111118165012,0.5326469281963035,0.05898515628310246,0.05624968290184468,3.379600508941341,3.222869429224889,0.0076407063135896895,0.008508124760046663
30,88,0.4823506049863708,0.5761064654047171,0.024553398270773633,0.03500197182093391,1.4068060936191429,2.0054652599753497,0.001260442764821115,0.0033583512248091148
30,89,0.39697944273430347,0.5060616965008418,0.2309981770056039,0.2277159250072752,13.235220617637044,13.047161430834429,0.10656372133998827,0.09401445979772773
30,90,0.6854740626990643,0.7550449761521218,0.08807904142045442,0.0851344259208707,5.046557336950001,4.8778432965350484,0.018999519224614285,0.02037011873526797
30,91,0.5139869207265128,0.6031230519225765,0.026643128259351393,0.03729332138132398,1.5265388022865702,2.136749919174857,0.0013022937089851036,0.0033623147022591024
30,92,0.43537716071528765,0.5355842866135571,0.1305782186503247,0.12845380457376307,7.481580825000059,7.359860864474895,0.03569305590828474,0.02894201844395422
30,93,0.4599477377270291,0.556603343189198,0.18351943607198476,0.17888639176562482,10.514889145545645,10.249435260494105,0.0789654369737224,0.06899491742253844
30,94,0.6615242029141472,0.7318597812939545,0.04003183842720218,0.04256438232117501,2.293655388028312,2.4387594645845825,0.003872781670864904,0.0022468758100956353
30,95,0.5434911865344566,0.6300657361591478,0.04232505835468064,0.061688261436708525,2.4250472113681245,3.5344770258230307,0.005104437312814505,0.011455391054320939
30,96,0.6342083827451607,0.7078961015938346,0.048290913437668496,0.05269134754838122,2.7668655288099986,3.018991831379241,0.005275119251296319,0.007694609681938705
30,97,0.4816559705979025,0.5761651332059404,0.11582607313664288,0.1225201251565332,6.636345148303238,7.019886076883977,0.019489911714721843,0.017410679776812453
30,98,0.4346741980328648,0.5346981456956105,0.06884071088564377,0.07252325102258862,3.9442821924276914,4.1552762001621595,0.013895696528364854,0.014683227579586587
30,99,0.7775094670357436,0.8395988532400208,0.1281916968871823,0.1217897387143212,7.344843200255879,6.978038016331653,0.04509505161821998,0.04395708350073694
