species_richness,wavelength_nm,cv_spectrum_percent
3,402.188,59.157600718460515
3,406.56199999999995,59.39610224464459
3,410.93800000000005,59.54230527886516
3,415.313,59.38354931226999
3,419.68699999999995,58.813860698048096
3,424.06300000000005,57.84987047034067
3,428.438,56.56504248180503
3,432.813,55.24249007882523
3,437.18800000000005,54.21695034421089
3,441.563,53.5264036777059
3,445.938,53.08990829722894
3,450.31300000000005,52.824539719329444
3,454.688,52.67773825753221
3,459.063,52.63349283645754
3,463.438,52.67565455288462
3,467.813,52.76871202957146
3,472.187,52.87447496895449
3,476.562,52.9654637953588
3,480.938,53.01572752655517
3,485.313,52.981490867375214
3,489.688,52.80706464061304
3,494.063,52.4394793367218
3,498.438,51.81458981698811
3,502.812,50.895826931525065
3,507.188,49.74975836795572
3,511.563,48.48548332129969
3,515.937,47.22118424175661
3,520.313,46.139067542157704
3,524.687,45.333422449214495
3,529.062,44.76056604613941
3,533.438,44.372018868882506
3,537.813,44.12181686074821
3,542.188,43.96386059812423
3,546.563,43.866364064676084
3,550.938,43.82069067719473
3,555.312,43.84168384369781
3,559.688,43.95310976055224
3,564.063,44.17171086589269
3,568.438,44.50314496958226
3,572.813,44.930609028421905
3,577.187,45.400188369491545
3,581.562,45.85902486811895
3,585.938,46.291875812168
3,590.313,46.69137879014035
3,594.688,47.02127576081322
3,599.063,47.299726737425445
3,603.438,47.628031869067215
3,607.812,48.09616794366758
3,612.188,48.72244441414011
3,616.563,49.435797902780955
3,620.937,50.10694685736466
3,625.312,50.652392567625135
3,629.687,51.108312262341094
3,634.063,51.62814152342238
3,638.437,52.4060105832008
3,642.813,53.54622654751206
3,647.188,54.98838833902199
3,651.563,56.55510473023264
3,655.938,58.211571345551924
3,660.313,60.08070403960244
3,664.687,62.06708012810853
3,669.063,63.784364092607426
3,673.438,64.78017230750248
3,677.813,64.71242487459091
3,682.187,63.10114202310489
3,686.562,59.19241749598502
3,690.937,53.39981583234332
3,695.312,48.13013947509829
3,699.688,44.78849374831192
3,704.063,43.06497358917095
3,708.438,42.2618684743599
3,712.813,41.90346198065958
3,717.187,41.7959746757273
3,721.563,41.91019401484064
3,725.938,42.19326653365508
3,730.313,42.55930389312503
3,734.687,42.92564325873952
3,739.063,43.247719405823965
3,743.437,43.50661787283269
3,747.812,43.69393547686895
3,752.188,43.82250296255447
3,756.563,43.92215763580626
3,760.938,44.023027536437354
3,765.313,44.103059507751645
3,769.688,44.13413393574073
3,774.063,44.142548358889165
3,778.438,44.13674034064891
3,782.813,44.11741428948719
3,787.188,44.090527526162624
3,791.563,44.059001708327486
3,795.937,44.02566745359415
3,800.312,43.9938573291983
3,804.688,43.964590641213306
3,809.063,43.94203639357846
3,813.438,43.92447145165323
3,817.813,43.89895653232942
3,822.188,43.86105502102365
3,826.5630000000001,43.81917267451523
3,830.937,43.775450758090706
3,835.313,43.729100086648316
3,839.688,43.68322446399957
3,844.063,43.64033621585337
3,848.437,43.6010567852336
3,852.812,43.563844302863814
3,857.187,43.52818650744976
3,861.563,43.495390318109614
3,865.938,43.46417620566801
3,870.313,43.43424524127732
3,874.687,43.4073846127324
3,879.063,43.38383498442644
3,883.437,43.36366721244486
3,887.813,43.34948931396475
3,892.188,43.34455340852897
3,896.562,43.34482184696821
3,900.938,43.3393376334236
3,905.312,43.327802456433176
3,909.6880000000001,43.31482811752612
3,914.062,43.29542415339713
3,918.438,43.27026989148721
3,922.813,43.25094557480035
3,927.188,43.242898909156075
3,931.563,43.23913589806643
3,935.937,43.21339643982883
3,940.312,43.1487422512033
3,944.688,43.05151357453194
3,949.063,42.90729057620574
3,953.438,42.73652194163478
3,957.812,42.58000644608305
3,962.187,42.464604406471004
3,966.562,42.39310733222676
3,970.938,42.35429829651678
3,975.313,42.334346250650235
3,979.688,42.32356029933976
3,984.063,42.3143676568962
3,988.438,42.2989612872729
3,992.812,42.28394510861311
3,997.188,42.28888829812807
3,1001.5600000000001,42.317673938387465
3,1005.94,42.358868642683504
3,1010.3100000000001,42.4033364089363
3,1014.69,42.44739030476707
3,1019.0600000000001,42.490900472530555
3,1023.4399999999999,42.533306559590656
3,1027.81,42.57115870126982
3,1032.19,42.60176002195782
3,1036.56,42.62570282239788
3,1040.94,42.64416980674894
3,1045.31,42.65717977629057
3,1049.69,42.66511305120998
3,1054.06,42.668497789876724
3,1058.44,42.66814048133764
3,1062.81,42.665290302069245
3,1067.19,42.660521750169366
3,1071.5600000000002,42.65367554330752
3,1075.9399999999998,42.64555882436722
3,1080.3100000000002,42.63822968167824
3,1084.6899999999998,42.63227681257094
3,1089.06,42.626489988824936
3,1093.44,42.62110372071482
3,1097.81,42.61639320116159
3,1102.19,42.61049612877553
3,1106.56,42.60266042266318
3,1110.94,42.59593325633549
3,1115.31,42.59214682738023
3,1119.69,42.58177465592224
3,1124.06,42.524281752292474
3,1128.44,42.378832145732275
3,1132.8100000000002,42.17491523345931
3,1137.1899999999998,41.96438442238458
3,1141.56,41.7521037999068
3,1145.94,41.47616347012056
3,1150.31,41.21766443947168
3,1154.69,41.08726722837696
3,1159.06,41.03554389146828
3,1163.44,41.0151638440221
3,1167.81,41.004868102489304
3,1172.19,40.99726624258865
3,1176.56,40.99431754200334
3,1180.94,40.996346188261256
3,1185.3100000000002,40.99871680293458
3,1189.6899999999998,40.99892274492508
3,1194.06,41.00012889218251
3,1198.44,41.006189305403176
3,1202.81,41.014508439569866
3,1207.19,41.02122739485504
3,1211.56,41.02621301596791
3,1215.94,41.02924136315977
3,1220.31,41.03103591000712
3,1224.69,41.03214191703047
3,1229.06,41.03378374940674
3,1233.44,41.03817270952732
3,1237.8100000000002,41.045322106708056
3,1242.1899999999998,41.0558893448312
3,1246.56,41.07112808317777
3,1250.94,41.08910873978394
3,1255.31,41.107524064987004
3,1259.69,41.12777520327358
3,1264.06,41.14849276476306
3,1268.44,41.158864951331395
3,1272.81,41.152074979739055
3,1277.19,41.13543858160079
3,1281.56,41.11666433359727
3,1285.94,41.09964119271295
3,1290.3100000000002,41.08484834447449
3,1294.6899999999998,41.06867744690906
3,1299.0600000000002,41.04985724838468
3,1303.4399999999998,41.0307167459071
3,1307.81,41.01609700824694
3,1312.19,41.011905226526586
3,1316.56,41.02323678989871
3,1320.94,41.056698308202
3,1325.31,41.11672857063777
3,1329.69,41.214718482094675
3,1334.06,41.366910269680716
3,1338.44,41.52853717521249
3,1342.81,41.65118083291226
3,1347.19,41.73968827463921
3,1500.31,81.73686231179259
3,1504.69,79.6701267501913
3,1509.0600000000002,77.65288952948003
3,1513.4399999999998,75.76007642148967
3,1517.8100000000002,73.91247944007547
3,1522.1899999999998,72.17527534944466
3,1526.56,70.55477060405735
3,1530.94,69.0082191107859
3,1535.31,67.55353307920021
3,1539.69,66.1885863085638
3,1544.06,64.90279606150011
3,1548.44,63.71076455689565
3,1552.81,62.612713924675624
3,1557.19,61.59325396758266
3,1561.56,60.66597359300272
3,1565.94,59.82227320202139
3,1570.3100000000002,59.019157132561
3,1574.6899999999998,58.249810219403095
3,1579.06,57.54010010021544
3,1583.44,56.88815765853153
3,1587.81,56.27830096301756
3,1592.19,55.71064760550085
3,1596.56,55.19565876491328
3,1600.94,54.721327051884074
3,1605.31,54.27809381523853
3,1609.69,53.86326802218912
3,1614.06,53.47966615140615
3,1618.44,53.13952968057096
3,1622.8100000000002,52.838574547515826
3,1627.1899999999998,52.57162608780974
3,1631.56,52.341122850547784
3,1635.94,52.148096552486855
3,1640.31,51.99118691168629
3,1644.69,51.87349378635463
3,1649.06,51.79837096296948
3,1653.44,51.76066734252509
3,1657.81,51.748777144503876
3,1662.19,51.75164412902031
3,1666.56,51.76865094410466
3,1670.94,51.81423419960559
3,1675.3100000000002,51.90981303658766
3,1679.6899999999998,52.070760192576714
3,1684.06,52.2971079412526
3,1688.44,52.58096787960105
3,1692.81,52.91871460978928
3,1697.19,53.302259643678816
3,1701.56,53.71466660554724
3,1705.94,54.139311063304774
3,1710.31,54.562148581096146
3,1714.69,54.956871667372596
3,1719.06,55.31089432188553
3,1723.44,55.63562131982822
3,1727.8100000000002,55.930312646229964
3,1732.1899999999998,56.21497070268502
3,1736.5600000000002,56.55720434685465
3,1740.9399999999998,56.99922062578756
3,1745.31,57.540565241164344
3,1749.69,58.147511567350605
3,1754.06,58.76180882446226
3,1758.44,59.35875692078134
3,1762.81,59.914360762819406
3,1767.19,60.424180000878344
3,1771.56,60.85947577851872
3,1775.94,61.22574859214522
3,1780.31,61.54333559353348
3,1784.69,61.78923624507555
3,1789.0600000000002,61.94751043680809
3,1999.06,156.61336576311965
3,2003.4399999999998,153.15736137145223
3,2007.8100000000002,150.06538226495923
3,2012.1899999999998,148.63076950387097
3,2016.5600000000002,147.22499564455856
3,2020.94,145.57536514600775
3,2025.3100000000002,144.06063222259903
3,2029.69,142.50381995715858
3,2034.0600000000002,140.8550266888548
3,2038.44,139.12096725043196
3,2042.8099999999997,137.30287435957663
3,2047.19,135.56673568263037
3,2051.56,133.83666853601335
3,2055.94,132.01123205825496
3,2060.31,130.355458268062
3,2064.69,128.77363521535335
3,2069.06,127.05757150418202
3,2073.44,125.34140350401357
3,2077.81,123.78735472641327
3,2082.19,122.39337008883548
3,2086.56,121.06016412077423
3,2090.9399999999996,119.7074508034436
3,2095.31,118.30972950618603
3,2099.69,116.90800460581012
3,2104.06,115.59978160220317
3,2108.44,114.42440323499827
3,2112.81,113.32254771123173
3,2117.19,112.27410999906367
3,2121.56,111.28146309958689
3,2125.94,110.27939738059331
3,2130.31,109.21689829347198
3,2134.69,108.14713178822792
3,2139.0600000000004,107.08897689302246
3,2143.44,106.01985629784605
3,2147.8100000000004,104.92411801174819
3,2152.19,103.79587089317084
3,2156.56,102.70510723116169
3,2160.94,101.68969035602893
3,2165.31,100.69775991448475
3,2169.69,99.75527276489338
3,2174.06,98.87318235751917
3,2178.44,98.01753544103207
3,2182.81,97.16672495918525
3,2187.19,96.30120055358601
3,2191.56,95.47959980828918
3,2195.9399999999996,94.73042652062252
3,2200.31,94.10158145245535
3,2204.6899999999996,93.69269466159973
3,2209.06,93.47407771206284
3,2213.44,93.37803549546351
3,2217.81,93.45771858346983
3,2222.19,93.7727299722064
3,2226.56,94.21838567729807
3,2230.94,94.6433040867832
3,2235.31,95.08036655750726
3,2239.69,95.69226656309388
3,2244.06,96.5594254241326
3,2248.44,97.63306859526283
3,2252.8100000000004,98.81335366243273
3,2257.19,100.03044520219764
3,2261.56,101.23632816358983
3,2265.94,102.43062879628677
3,2270.31,103.6136272912479
3,2274.69,104.7382215618449
3,2279.06,105.82759092073046
3,2283.44,107.01993322063605
3,2287.81,108.41728837326734
3,2292.19,109.9911678725721
3,2296.56,111.5917738191842
3,2300.94,112.97255195066478
3,2305.31,114.02375071748368
3,2309.6899999999996,114.74363633014212
3,2314.06,115.19523097454277
3,2318.44,115.61487291459902
3,2322.81,116.27688218444183
3,2327.19,117.16761050326012
3,2331.56,118.19023558872847
3,2335.94,119.46800011990399
3,2340.31,121.20223650803246
3,2344.69,123.2548210275832
3,2349.06,125.45609630781975
3,2353.44,127.91555789810565
3,2357.8100000000004,130.26078882689424
3,2362.19,132.28764446206145
3,2366.5600000000004,134.27925636208167
3,2370.94,136.4992068989325
3,2375.31,138.6588897143685
3,2379.69,140.5034446567331
3,2384.06,142.1576995628969
3,2388.44,143.57971463750113
3,2392.81,144.77427853960114
3,2397.19,145.91322508416303
3,2401.56,146.95310560372806
3,2405.94,147.966943141198
3,2410.31,149.2461758194769
3,2414.6899999999996,150.8040065668433
3,2419.06,152.18022383710402
3,2423.4399999999996,152.95320107277072
3,2427.81,153.61047654109439
3,2432.19,154.44387681196866
3,2436.56,155.55173799242343
3,2440.94,156.85129012111202
3,2445.31,159.01636954862047
3,2449.69,162.1157512008137
3,2454.06,161.83084540444713
3,2458.44,160.83278001606385
3,2462.81,161.60899116364703
3,2467.19,163.6640265624055
3,2471.5600000000004,167.22560669213937
5,402.188,66.06495413767371
5,406.56199999999995,66.29623267834835
5,410.93800000000005,66.40212856069874
5,415.313,66.18160508770751
5,419.68699999999995,65.57247892734286
5,424.06300000000005,64.63472616501693
5,428.438,63.449593813946336
5,432.813,62.24769387230113
5,437.18800000000005,61.307737178884324
5,441.563,60.6654711637874
5,445.938,60.252693332030475
5,450.31300000000005,59.996858379251826
5,454.688,59.85658058962806
5,459.063,59.82515154442576
5,463.438,59.890695196398205
5,467.813,60.01408494061916
5,472.187,60.14944695553825
5,476.562,60.26601629113223
5,480.938,60.334854996254215
5,485.313,60.29887303643074
5,489.688,60.082519714905935
5,494.063,59.61162716391583
5,498.438,58.79371190463014
5,502.812,57.57069622850081
5,507.188,56.022826233090974
5,511.563,54.28878347878118
5,515.937,52.52356017086499
5,520.313,50.98003617728395
5,524.687,49.794632998022976
5,529.062,48.90982797648818
5,533.438,48.26268230629431
5,537.813,47.79670400610255
5,542.188,47.45837048491674
5,546.563,47.21505499590132
5,550.938,47.05885831497346
5,555.312,47.00596898726116
5,559.688,47.08284309547333
5,564.063,47.3079308263759
5,568.438,47.68585942441259
5,572.813,48.195474245533106
5,577.187,48.77063774312495
5,581.562,49.34315655066362
5,585.938,49.889543060234594
5,590.313,50.39784260762019
5,594.688,50.82241674835102
5,599.063,51.18677277229586
5,603.438,51.61985580295308
5,607.812,52.23721744046832
5,612.188,53.06233588958186
5,616.563,54.000873177475874
5,620.937,54.880419873053434
5,625.312,55.58949660782918
5,629.687,56.17878801910257
5,634.063,56.857035419090266
5,638.437,57.884064969453384
5,642.813,59.39554544339012
5,647.188,61.30535360563641
5,651.563,63.37563468861895
5,655.938,65.56407075076089
5,660.313,68.03659335858737
5,664.687,70.66137871180813
5,669.063,72.91627773515795
5,673.438,74.2000730183711
5,677.813,74.06634916446177
5,682.187,71.88154302246086
5,686.562,66.67737432116489
5,690.937,59.087137976497104
5,695.312,52.239848603530184
5,699.688,47.853450885960655
5,704.063,45.52374720881596
5,708.438,44.399577669135766
5,712.813,43.88683310569718
5,717.187,43.72642895490681
5,721.563,43.860960224580744
5,725.938,44.21038588235423
5,730.313,44.65808430864421
5,734.687,45.09787047429105
5,739.063,45.47564294699669
5,743.437,45.76974036419157
5,747.812,45.971879748044145
5,752.188,46.099180893055255
5,756.563,46.187160089520255
5,760.938,46.265846255115584
5,765.313,46.315695121042616
5,769.688,46.32265453119384
5,774.063,46.313612318343765
5,778.438,46.29407380139937
5,782.813,46.26440476779541
5,787.188,46.22939041882427
5,791.563,46.19034527480997
5,795.937,46.14941542198957
5,800.312,46.10991897303896
5,804.688,46.07311665121702
5,809.063,46.04347516411073
5,813.438,46.018896862352975
5,817.813,45.986011277403826
5,822.188,45.94116946318817
5,826.5630000000001,45.893252422550475
5,830.937,45.844075632167126
5,835.313,45.79275369716279
5,839.688,45.742384859314164
5,844.063,45.69538257109628
5,848.437,45.65235408339863
5,852.812,45.61155725689365
5,857.187,45.572092416630824
5,861.563,45.53513673687219
5,865.938,45.49961149590654
5,870.313,45.46550050815798
5,874.687,45.43428885783898
5,879.063,45.4056103836775
5,883.437,45.37960894221547
5,887.813,45.35948264414978
5,892.188,45.3486774374167
5,896.562,45.34239609607106
5,900.938,45.32928872780327
5,905.312,45.31051528850495
5,909.6880000000001,45.291061844145084
5,914.062,45.26538709423408
5,918.438,45.23466426130591
5,922.813,45.211006006804205
5,927.188,45.199412162078396
5,931.563,45.19152428469437
5,935.937,45.15919474189815
5,940.312,45.089820757695776
5,944.688,44.99380690928892
5,949.063,44.85574913016715
5,953.438,44.6919000183639
5,957.812,44.5376904919335
5,962.187,44.41950432880788
5,966.562,44.343605557231214
5,970.938,44.30146095335451
5,975.313,44.27939963136265
5,979.688,44.26735606253571
5,984.063,44.25818181024334
5,988.438,44.24463923997933
5,992.812,44.23214620525906
5,997.188,44.23725842448487
5,1001.5600000000001,44.26279319690755
5,1005.94,44.298797345702354
5,1010.3100000000001,44.33737351869762
5,1014.69,44.3749844213758
5,1019.0600000000001,44.4109620513188
5,1023.4399999999999,44.44472273527723
5,1027.81,44.47405734703698
5,1032.19,44.49765043782918
5,1036.56,44.51642835310691
5,1040.94,44.531071941872305
5,1045.31,44.54100841327029
5,1049.69,44.546318112650304
5,1054.06,44.54757513358658
5,1058.44,44.54556274274184
5,1062.81,44.541259561899906
5,1067.19,44.53499988457269
5,1071.5600000000002,44.526561682193375
5,1075.9399999999998,44.51676429566562
5,1080.3100000000002,44.507700215700716
5,1084.6899999999998,44.500055990861945
5,1089.06,44.492791792685104
5,1093.44,44.48629776829638
5,1097.81,44.48082391253655
5,1102.19,44.47415711028493
5,1106.56,44.46516539201079
5,1110.94,44.45693652134574
5,1115.31,44.4515910943732
5,1119.69,44.440743679466074
5,1124.06,44.38804631618004
5,1128.44,44.25536892596193
5,1132.8100000000002,44.06705881471239
5,1137.1899999999998,43.872949781934544
5,1141.56,43.68031998024273
5,1145.94,43.43714467704067
5,1150.31,43.21972396732843
5,1154.69,43.11571631386402
5,1159.06,43.07618752726499
5,1163.44,43.06193170346375
5,1167.81,43.056388485601296
5,1172.19,43.05409330041666
5,1176.56,43.056870386748095
5,1180.94,43.064843261634635
5,1185.3100000000002,43.073511538256646
5,1189.6899999999998,43.07972885987355
5,1194.06,43.0858698895471
5,1198.44,43.09549503797741
5,1202.81,43.106306214738396
5,1207.19,43.11498220628221
5,1211.56,43.1214941030416
5,1215.94,43.12568501540823
5,1220.31,43.12920537144743
5,1224.69,43.13347141053724
5,1229.06,43.13864910867512
5,1233.44,43.1455850927877
5,1237.8100000000002,43.15454574179702
5,1242.1899999999998,43.16643207245103
5,1246.56,43.18224235812794
5,1250.94,43.200643402181456
5,1255.31,43.220246018690915
5,1259.69,43.24243331130629
5,1264.06,43.265661286732445
5,1268.44,43.280069806802
5,1272.81,43.27967315109719
5,1277.19,43.271589531428624
5,1281.56,43.26344719307879
5,1285.94,43.25874278213922
5,1290.3100000000002,43.257973366936966
5,1294.6899999999998,43.25899890279016
5,1299.0600000000002,43.26168679165889
5,1303.4399999999998,43.26911262380376
5,1307.81,43.28732564874056
5,1312.19,43.323844935965205
5,1316.56,43.38498985718943
5,1320.94,43.4754149824955
5,1325.31,43.59746446748284
5,1329.69,43.770110711093345
5,1334.06,44.01591816380447
5,1338.44,44.26176063844915
5,1342.81,44.44133058147836
5,1347.19,44.56843618112589
5,1500.31,88.03885580192265
5,1504.69,85.85874887056745
5,1509.0600000000002,83.72619491171966
5,1513.4399999999998,81.71947505142198
5,1517.8100000000002,79.75665313866483
5,1522.1899999999998,77.90863813203252
5,1526.56,76.18234835073402
5,1530.94,74.53214794107271
5,1535.31,72.97676618914218
5,1539.69,71.5137019329746
5,1544.06,70.1320851118201
5,1548.44,68.8486230536903
5,1552.81,67.66440654544614
5,1557.19,66.56318885843734
5,1561.56,65.55965217108695
5,1565.94,64.64431564297476
5,1570.3100000000002,63.770874173112034
5,1574.6899999999998,62.93327013043151
5,1579.06,62.1604831921965
5,1583.44,61.450075325364914
5,1587.81,60.78455082130798
5,1592.19,60.16400231078246
5,1596.56,59.6001016787974
5,1600.94,59.08026099713338
5,1605.31,58.59477021597653
5,1609.69,58.14089969776575
5,1614.06,57.72079604556747
5,1618.44,57.34644044360623
5,1622.8100000000002,57.01267051598439
5,1627.1899999999998,56.71447548667784
5,1631.56,56.45489879467587
5,1635.94,56.2341675345276
5,1640.31,56.04885863468571
5,1644.69,55.9017461255792
5,1649.06,55.79886439072099
5,1653.44,55.73776536916688
5,1657.81,55.708243752567085
5,1662.19,55.69822821683965
5,1666.56,55.70352772837796
5,1670.94,55.73529655750099
5,1675.3100000000002,55.81399332064629
5,1679.6899999999998,55.95556522682058
5,1684.06,56.16138369549194
5,1688.44,56.42463662403768
5,1692.81,56.74237296545927
5,1697.19,57.10823717579512
5,1701.56,57.50720994168248
5,1705.94,57.924039427584795
5,1710.31,58.34577390599248
5,1714.69,58.74655224618136
5,1719.06,59.11435201457318
5,1723.44,59.46346254160901
5,1727.8100000000002,59.79513253899123
5,1732.1899999999998,60.12789527894648
5,1736.5600000000002,60.525670261935126
5,1740.9399999999998,61.02226819848501
5,1745.31,61.613045634540754
5,1749.69,62.26712841161833
5,1754.06,62.93006371923586
5,1758.44,63.580553033502355
5,1762.81,64.19449104515044
5,1767.19,64.76614029164462
5,1771.56,65.25826965677936
5,1775.94,65.67288919899559
5,1780.31,66.03241221320253
5,1784.69,66.31082044689784
5,1789.0600000000002,66.49040618445376
5,1999.06,163.96945738492235
5,2003.4399999999998,160.32440355536588
5,2007.8100000000002,157.01333880471842
5,2012.1899999999998,155.4307147742626
5,2016.5600000000002,153.9081469599534
5,2020.94,152.17745869754307
5,2025.3100000000002,150.60140233879522
5,2029.69,148.9810592793134
5,2034.0600000000002,147.26891175546822
5,2038.44,145.47788935784908
5,2042.8099999999997,143.60738925454058
5,2047.19,141.81618013120433
5,2051.56,140.01585662955443
5,2055.94,138.1064908622569
5,2060.31,136.3743291094872
5,2064.69,134.72330840388136
5,2069.06,132.9376624400502
5,2073.44,131.15070478771236
5,2077.81,129.52556366653332
5,2082.19,128.06000607250775
5,2086.56,126.6517645779634
5,2090.9399999999996,125.22182365845089
5,2095.31,123.74638831993823
5,2099.69,122.26350488539732
5,2104.06,120.87271926685435
5,2108.44,119.61652950514983
5,2112.81,118.4304318235323
5,2117.19,117.29223835673916
5,2121.56,116.20923995276429
5,2125.94,115.12435673909589
5,2130.31,113.99187262419743
5,2134.69,112.86538794858323
5,2139.0600000000004,111.76258821832216
5,2143.44,110.66072507069764
5,2147.8100000000004,109.54175204491364
5,2152.19,108.39627058900535
5,2156.56,107.29232308286159
5,2160.94,106.26580618794732
5,2165.31,105.26371161991949
5,2169.69,104.31269087711823
5,2174.06,103.42438385498612
5,2178.44,102.56480057150097
5,2182.81,101.71259318407799
5,2187.19,100.84936625260102
5,2191.56,100.03402953894715
5,2195.9399999999996,99.29455856236096
5,2200.31,98.67784546017178
5,2204.6899999999996,98.28026924736804
5,2209.06,98.07014127306778
5,2213.44,97.98081657520471
5,2217.81,98.06482974275492
5,2222.19,98.37994631207249
5,2226.56,98.82063727395229
5,2230.94,99.23280931356256
5,2235.31,99.64704353382075
5,2239.69,100.22665843130866
5,2244.06,101.05069244091504
5,2248.44,102.06663698495638
5,2252.8100000000004,103.17542850984364
5,2257.19,104.31229495560798
5,2261.56,105.43821420330917
5,2265.94,106.56374188560429
5,2270.31,107.69321245154745
5,2274.69,108.77256495025432
5,2279.06,109.81024981085461
5,2283.44,110.92950555987002
5,2287.81,112.22572559682857
5,2292.19,113.67852996244142
5,2296.56,115.17234973022727
5,2300.94,116.51467569579017
5,2305.31,117.6247192180495
5,2309.6899999999996,118.48281147512051
5,2314.06,119.11377264401128
5,2318.44,119.72614608348977
5,2322.81,120.55306308011278
5,2327.19,121.54404642195237
5,2331.56,122.61167707127274
5,2335.94,123.90397352496028
5,2340.31,125.64606652862898
5,2344.69,127.72470789716961
5,2349.06,129.98707580505322
5,2353.44,132.54155399744118
5,2357.8100000000004,134.9838247615504
5,2362.19,137.08926198027967
5,2366.5600000000004,139.15359609364833
5,2370.94,141.4585345957881
5,2375.31,143.70817416807427
5,2379.69,145.64453133394036
5,2384.06,147.40450934363716
5,2388.44,148.93295390862212
5,2392.81,150.21943144855524
5,2397.19,151.44321668319606
5,2401.56,152.57507938214522
5,2405.94,153.710387382634
5,2410.31,155.1539696288651
5,2414.6899999999996,156.92647790042582
5,2419.06,158.53245793512815
5,2423.4399999999996,159.47080633247114
5,2427.81,160.26790355062437
5,2432.19,161.27276774936269
5,2436.56,162.62194661811256
5,2440.94,164.147621988706
5,2445.31,166.5905801561907
5,2449.69,170.2842755090274
5,2454.06,170.47096729093994
5,2458.44,169.60865202424776
5,2462.81,170.6375935580238
5,2467.19,173.17963933769167
5,2471.5600000000004,177.50485154330795
7,402.188,64.6178214644634
7,406.56199999999995,64.7993236818419
7,410.93800000000005,64.8243741871912
7,415.313,64.5124551451228
7,419.68699999999995,63.811127775578015
7,424.06300000000005,62.758836695952134
7,428.438,61.397912823129175
7,432.813,59.93845920016373
7,437.18800000000005,58.693542993527025
7,441.563,57.74246136382042
7,445.938,57.05243827921053
7,450.31300000000005,56.57413608710894
7,454.688,56.261640798018675
7,459.063,56.099188385115305
7,463.438,56.074673446418345
7,467.813,56.1471571574736
7,472.187,56.2671355253636
7,476.562,56.398636307538986
7,480.938,56.49873815034974
7,485.313,56.48962880268089
7,489.688,56.27788421204829
7,494.063,55.77838573119382
7,498.438,54.88805654292649
7,502.812,53.53501944540985
7,507.188,51.79136073055949
7,511.563,49.79759036287331
7,515.937,47.73151083498969
7,520.313,45.916190115391856
7,524.687,44.545182874932536
7,529.062,43.55471031482489
7,533.438,42.854122133477844
7,537.813,42.36010428041985
7,542.188,42.002284312580365
7,546.563,41.74162742897156
7,550.938,41.56994395523479
7,555.312,41.50556109429963
7,559.688,41.580764472111994
7,564.063,41.82529443851298
7,568.438,42.25682171118728
7,572.813,42.86306231363062
7,577.187,43.57261053344714
7,581.562,44.29879225066054
7,585.938,45.00292461828973
7,590.313,45.66795658633576
7,594.688,46.24177956366841
7,599.063,46.7530902936779
7,603.438,47.3589436928896
7,607.812,48.20213220112009
7,612.188,49.309515269024736
7,616.563,50.555995428986265
7,620.937,51.71885138358044
7,625.312,52.659516135161596
7,629.687,53.445212835387224
7,634.063,54.33600642124191
7,638.437,55.650015160885815
7,642.813,57.54281033220574
7,647.188,59.88995296324454
7,651.563,62.39236801055807
7,655.938,65.00025053589124
7,660.313,67.90162361436288
7,664.687,70.93694134777499
7,669.063,73.52777420434073
7,673.438,75.03543314477399
7,677.813,74.9937943371371
7,682.187,72.70028798325141
7,686.562,66.95235102450509
7,690.937,58.02764110403259
7,695.312,49.28307699115258
7,699.688,43.30219319010127
7,704.063,40.1658724365527
7,708.438,38.87283181564743
7,712.813,38.50626196018473
7,717.187,38.63759292532076
7,721.563,39.12679274948567
7,725.938,39.8010743953349
7,730.313,40.49952475322908
7,734.687,41.111746292748045
7,739.063,41.60320259910674
7,743.437,41.97340828727617
7,747.812,42.2250863649634
7,752.188,42.380139678252014
7,756.563,42.47490764931355
7,760.938,42.53527980481637
7,765.313,42.55026288548074
7,769.688,42.52819819891829
7,774.063,42.49228773050338
7,778.438,42.44235904313584
7,782.813,42.38037410338444
7,787.188,42.31231589286413
7,791.563,42.239443026553275
7,795.937,42.164428032643755
7,800.312,42.091128867679636
7,804.688,42.021439941100816
7,809.063,41.95951485751536
7,813.438,41.90000674611861
7,817.813,41.8282932201904
7,822.188,41.74612926102279
7,826.5630000000001,41.66424322424495
7,830.937,41.582075640224666
7,835.313,41.499050190698846
7,839.688,41.419171004751476
7,844.063,41.343886552659384
7,848.437,41.2722907706666
7,852.812,41.20151839479707
7,857.187,41.131643887530785
7,861.563,41.06517924247339
7,865.938,40.99987447416977
7,870.313,40.93556429870787
7,874.687,40.874698021091355
7,879.063,40.81616476197811
7,883.437,40.76000022842934
7,887.813,40.71073105309289
7,892.188,40.67189018922062
7,896.562,40.635354335556976
7,900.938,40.588930555135086
7,905.312,40.5393970801763
7,909.6880000000001,40.49037584970955
7,914.062,40.43248188064316
7,918.438,40.37069297835672
7,922.813,40.32190093067498
7,927.188,40.290615914605624
7,931.563,40.26150781181559
7,935.937,40.1878964624557
7,940.312,40.06580115447777
7,944.688,39.9231445759726
7,949.063,39.730951485777425
7,953.438,39.509527621977156
7,957.812,39.30335403124542
7,962.187,39.14329991091832
7,966.562,39.03758914800608
7,970.938,38.975575526826944
7,975.313,38.93773034886084
7,979.688,38.910047254736675
7,984.063,38.87994170945205
7,988.438,38.83199730149571
7,992.812,38.77944581636507
7,997.188,38.7579555725874
7,1001.5600000000001,38.772705515380856
7,1005.94,38.804990263793925
7,1010.3100000000001,38.84222542792932
7,1014.69,38.87998733692113
7,1019.0600000000001,38.91702666677061
7,1023.4399999999999,38.9516307401058
7,1027.81,38.98092035986062
7,1032.19,39.003629223102024
7,1036.56,39.020676882004146
7,1040.94,39.03267801598027
7,1045.31,39.039250763100576
7,1049.69,39.04057849394923
7,1054.06,39.03710319012706
7,1058.44,39.02941438715709
7,1062.81,39.018182255449496
7,1067.19,39.003539091995805
7,1071.5600000000002,38.98552440469653
7,1075.9399999999998,38.96552815118323
7,1080.3100000000002,38.9459484201918
7,1084.6899999999998,38.92762617069961
7,1089.06,38.90987818279853
7,1093.44,38.89346275932128
7,1097.81,38.87857900507466
7,1102.19,38.86266797473922
7,1106.56,38.84472814702488
7,1110.94,38.82822864773827
7,1115.31,38.81362187482731
7,1119.69,38.787126433553894
7,1124.06,38.706613997534085
7,1128.44,38.54847373871026
7,1132.8100000000002,38.35879751092088
7,1137.1899999999998,38.18469689846028
7,1141.56,38.02767010364811
7,1145.94,37.84852535250127
7,1150.31,37.714725566139776
7,1154.69,37.66900599288341
7,1159.06,37.661722737465965
7,1163.44,37.66830804741014
7,1167.81,37.680827755720436
7,1172.19,37.69773643186704
7,1176.56,37.721990169346256
7,1180.94,37.75381250359369
7,1185.3100000000002,37.787325932527786
7,1189.6899999999998,37.815677738537005
7,1194.06,37.83888770218757
7,1198.44,37.86081892114675
7,1202.81,37.879264245480925
7,1207.19,37.89045820141229
7,1211.56,37.89454015708356
7,1215.94,37.89262989470592
7,1220.31,37.88960180487271
7,1224.69,37.8894128322945
7,1229.06,37.891521037617046
7,1233.44,37.89524287668394
7,1237.8100000000002,37.90104978058965
7,1242.1899999999998,37.910299351281836
7,1246.56,37.924007255931144
7,1250.94,37.94177521894006
7,1255.31,37.96361342845712
7,1259.69,37.99140243081751
7,1264.06,38.023667758374984
7,1268.44,38.051144101277835
7,1272.81,38.06804919901342
7,1277.19,38.081865009280065
7,1281.56,38.10202425469665
7,1285.94,38.13279965405686
7,1290.3100000000002,38.17504990332529
7,1294.6899999999998,38.22899318087513
7,1299.0600000000002,38.29660511486648
7,1303.4399999999998,38.382422960063685
7,1307.81,38.49506780859299
7,1312.19,38.64589195426936
7,1316.56,38.843615391199954
7,1320.94,39.08775691492592
7,1325.31,39.37606353461047
7,1329.69,39.74752780267987
7,1334.06,40.24017751943226
7,1338.44,40.7060739492556
7,1342.81,41.03344922624995
7,1347.19,41.25916181853047
7,1500.31,93.75491302868703
7,1504.69,91.59544000664812
7,1509.0600000000002,89.4543534693373
7,1513.4399999999998,87.41543277280212
7,1517.8100000000002,85.39706973271957
7,1522.1899999999998,83.47374388532968
7,1526.56,81.65734398856635
7,1530.94,79.90246039604439
7,1535.31,78.23069869413689
7,1539.69,76.64150462717726
7,1544.06,75.12451180868868
7,1548.44,73.69947479349626
7,1552.81,72.37035970083292
7,1557.19,71.1219336453516
7,1561.56,69.97409667769402
7,1565.94,68.9186323017901
7,1570.3100000000002,67.90309950532912
7,1574.6899999999998,66.91994047488765
7,1579.06,66.0032872464538
7,1583.44,65.1515309069657
7,1587.81,64.34468142457325
7,1592.19,63.583663233989526
7,1596.56,62.884573119173005
7,1600.94,62.234249628050556
7,1605.31,61.622036602378216
7,1609.69,61.04526207362456
7,1614.06,60.50788495541014
7,1618.44,60.0269272138521
7,1622.8100000000002,59.59714530447416
7,1627.1899999999998,59.212257051727
7,1631.56,58.87639244814551
7,1635.94,58.590815832306376
7,1640.31,58.35230531408825
7,1644.69,58.16562400425007
7,1649.06,58.03991337230653
7,1653.44,57.97278439164318
7,1657.81,57.95005857453353
7,1662.19,57.95312250797407
7,1666.56,57.97212243573205
7,1670.94,58.01772885982401
7,1675.3100000000002,58.11710788108672
7,1679.6899999999998,58.29424540621802
7,1684.06,58.55348127634383
7,1688.44,58.88712346567645
7,1692.81,59.29119998587128
7,1697.19,59.75694793684475
7,1701.56,60.26490613380906
7,1705.94,60.79595967536
7,1710.31,61.33347637054505
7,1714.69,61.8425001047722
7,1719.06,62.305443645790085
7,1723.44,62.740408523624424
7,1727.8100000000002,63.151686117008886
7,1732.1899999999998,63.563787597959056
7,1736.5600000000002,64.05322204110794
7,1740.9399999999998,64.65724883525087
7,1745.31,65.36720794203394
7,1749.69,66.1447431126493
7,1754.06,66.92574867955287
7,1758.44,67.68641686908849
7,1762.81,68.39968847698394
7,1767.19,69.05888527129791
7,1771.56,69.62122144904022
7,1775.94,70.08996849848675
7,1780.31,70.49113410529428
7,1784.69,70.79726146857506
7,1789.0600000000002,70.99009295050796
7,1999.06,153.0407298585051
7,2003.4399999999998,150.65520363674668
7,2007.8100000000002,148.54055144410503
7,2012.1899999999998,147.6005855436442
7,2016.5600000000002,146.67792035539648
7,2020.94,145.56275041638074
7,2025.3100000000002,144.54039787357792
7,2029.69,143.4940476449876
7,2034.0600000000002,142.37556343164627
7,2038.44,141.18309358782153
7,2042.8099999999997,139.91883211010497
7,2047.19,138.70484003536177
7,2051.56,137.49404418235991
7,2055.94,136.20676517198297
7,2060.31,135.0193341967137
7,2064.69,133.86160149994106
7,2069.06,132.58068080004918
7,2073.44,131.28097659336134
7,2077.81,130.09436778380464
7,2082.19,129.0227990402005
7,2086.56,127.9874297166276
7,2090.9399999999996,126.92199940003883
7,2095.31,125.80502611542033
7,2099.69,124.66975653439948
7,2104.06,123.59660943592475
7,2108.44,122.62014959021299
7,2112.81,121.6912474676147
7,2117.19,120.79323166155267
7,2121.56,119.93147793010242
7,2125.94,119.05367991785083
7,2130.31,118.11699780890228
7,2134.69,117.16803904248869
7,2139.0600000000004,116.22348167138266
7,2143.44,115.26311125317108
7,2147.8100000000004,114.27132139737932
7,2152.19,113.23960861752471
7,2156.56,112.22999992491563
7,2160.94,111.27868056306667
7,2165.31,110.34064055190886
7,2169.69,109.44527020752632
7,2174.06,108.60685199870366
7,2178.44,107.79428401955136
7,2182.81,106.9866037774033
7,2187.19,106.1626912703099
7,2191.56,105.376328023503
7,2195.9399999999996,104.65584049649198
7,2200.31,104.04990855810065
7,2204.6899999999996,103.65638106255557
7,2209.06,103.44735269362243
7,2213.44,103.35857852986805
7,2217.81,103.44267834648564
7,2222.19,103.7596782607495
7,2226.56,104.21137562497258
7,2230.94,104.65129950585286
7,2235.31,105.10766463837106
7,2239.69,105.72778242081249
7,2244.06,106.5721637662884
7,2248.44,107.57690593959457
7,2252.8100000000004,108.64142742973195
7,2257.19,109.70763984037359
7,2261.56,110.7446359677836
7,2265.94,111.76429302359607
7,2270.31,112.76897672835669
7,2274.69,113.70763586769854
7,2279.06,114.58900691365544
7,2283.44,115.52709683061362
7,2287.81,116.60983968684361
7,2292.19,117.82127789672366
7,2296.56,119.06844086833617
7,2300.94,120.20007166004707
7,2305.31,121.15076768831617
7,2309.6899999999996,121.88809600173897
7,2314.06,122.4108970027286
7,2318.44,122.88043348978508
7,2322.81,123.49549870723618
7,2327.19,124.2323571037954
7,2331.56,125.02479983896322
7,2335.94,125.99144124873958
7,2340.31,127.31389302095108
7,2344.69,128.90585332938159
7,2349.06,130.64863346037603
7,2353.44,132.614221573451
7,2357.8100000000004,134.47541023148253
7,2362.19,136.05701278030372
7,2366.5600000000004,137.58249309798916
7,2370.94,139.25857196646788
7,2375.31,140.8656294464222
7,2379.69,142.2097154359039
7,2384.06,143.3857996622158
7,2388.44,144.37901533478922
7,2392.81,145.20288389471406
7,2397.19,145.97876674870426
7,2401.56,146.67539069840504
7,2405.94,147.34081054668334
7,2410.31,148.1773631820734
7,2414.6899999999996,149.214639151365
7,2419.06,150.20040679600044
7,2423.4399999999996,150.817577019347
7,2427.81,151.3384536759709
7,2432.19,151.9735096968586
7,2436.56,152.78307879153087
7,2440.94,153.62391151881513
7,2445.31,154.77281297639337
7,2449.69,156.15165635367916
7,2454.06,156.06789925432454
7,2458.44,155.8787932148755
7,2462.81,156.40764662148922
7,2467.19,157.28073848774497
7,2471.5600000000004,158.65604920691428
10,402.188,55.65349672509032
10,406.56199999999995,55.604224153013824
10,410.93800000000005,55.47772378866743
10,415.313,55.19686675626141
10,419.68699999999995,54.686737403824615
10,424.06300000000005,53.94588442626408
10,428.438,52.99867038446585
10,432.813,52.002224801225374
10,437.18800000000005,51.19962956133153
10,441.563,50.652258770685
10,445.938,50.32758708435961
10,450.31300000000005,50.16087077018213
10,454.688,50.08512620912335
10,459.063,50.0653728593913
10,463.438,50.087113299186015
10,467.813,50.139685668709454
10,472.187,50.21138384253915
10,476.562,50.28719217301793
10,480.938,50.35262103970079
10,485.313,50.4009718737217
10,489.688,50.439315450895386
10,494.063,50.48639039285994
10,498.438,50.57796420306017
10,502.812,50.766436741662034
10,507.188,51.07443795442149
10,511.563,51.47077357314538
10,515.937,51.899170465271204
10,520.313,52.26969761676249
10,524.687,52.51352578298082
10,529.062,52.64713019422135
10,533.438,52.70741313901786
10,537.813,52.71600903157575
10,542.188,52.6815570945284
10,546.563,52.61265971145031
10,550.938,52.5350229191907
10,555.312,52.48828961651832
10,559.688,52.50395012891327
10,564.063,52.58672352316118
10,568.438,52.71344410112357
10,572.813,52.84715402986813
10,577.187,52.958216657505645
10,581.562,53.045781817537296
10,585.938,53.12502396661907
10,590.313,53.198303791507925
10,594.688,53.250977273816126
10,599.063,53.28239416292082
10,603.438,53.306148987634316
10,607.812,53.32778227794033
10,612.188,53.34832185900408
10,616.563,53.37288348009081
10,620.937,53.41039666472469
10,625.312,53.46917001030719
10,629.687,53.55609990026914
10,634.063,53.67853050529595
10,638.437,53.83770786850616
10,642.813,54.015037610315495
10,647.188,54.17881217509473
10,651.563,54.3095898342398
10,655.938,54.436791531970144
10,660.313,54.65568886684387
10,664.687,55.0444024196297
10,669.063,55.52678244253004
10,673.438,55.8490973414126
10,677.813,55.73634709626541
10,682.187,54.982263392350575
10,686.562,53.65270357153925
10,690.937,52.364323600867294
10,695.312,51.300250520268406
10,699.688,50.09849868065165
10,704.063,48.752717819493476
10,708.438,47.45997480914413
10,712.813,46.301233456089705
10,717.187,45.225673707547955
10,721.563,44.27498506024655
10,725.938,43.561840414798006
10,730.313,43.087430818756175
10,734.687,42.80490973240333
10,739.063,42.64437315079001
10,743.437,42.552740614004286
10,747.812,42.50070899992109
10,752.188,42.47384688088881
10,756.563,42.467991642448716
10,760.938,42.47378791297562
10,765.313,42.46208496729349
10,769.688,42.436059738838935
10,774.063,42.41639496753384
10,778.438,42.4014758405526
10,782.813,42.388197644202016
10,787.188,42.3760515133557
10,791.563,42.36194845310905
10,795.937,42.34610300948102
10,800.312,42.33139544390435
10,804.688,42.31849661062123
10,809.063,42.311813886803925
10,813.438,42.31128517074526
10,817.813,42.30478648883825
10,822.188,42.285962324166334
10,826.5630000000001,42.262623343709976
10,830.937,42.23767779414801
10,835.313,42.20997586590042
10,839.688,42.182126659852045
10,844.063,42.15678348424461
10,848.437,42.13531192373981
10,852.812,42.11677345380464
10,857.187,42.099542390869885
10,861.563,42.08387471728781
10,865.938,42.069430371088536
10,870.313,42.05600319559032
10,874.687,42.044467330344176
10,879.063,42.03526730238696
10,883.437,42.028790339999276
10,887.813,42.02750161451569
10,892.188,42.034886416136935
10,896.562,42.04834686180799
10,900.938,42.05693713892089
10,905.312,42.05791831524542
10,909.6880000000001,42.05729601658211
10,914.062,42.05248891759186
10,918.438,42.04315884101318
10,922.813,42.03924242203394
10,927.188,42.046851433964136
10,931.563,42.066500638991364
10,935.937,42.09420093980067
10,940.312,42.10501525495764
10,944.688,42.091097099254135
10,949.063,42.0602052994591
10,953.438,42.02223236274862
10,957.812,41.9887319478763
10,962.187,41.962642325334606
10,966.562,41.94250075402161
10,970.938,41.93021378366915
10,975.313,41.92321505102382
10,979.688,41.91245737558776
10,984.063,41.88969931844391
10,988.438,41.85022221737375
10,992.812,41.80519548500865
10,997.188,41.777365955938514
10,1001.5600000000001,41.770873282584695
10,1005.94,41.77430655198538
10,1010.3100000000001,41.77981822205414
10,1014.69,41.78526209391138
10,1019.0600000000001,41.79050413082964
10,1023.4399999999999,41.79434599908019
10,1027.81,41.79519596174912
10,1032.19,41.79401254190546
10,1036.56,41.792651150621104
10,1040.94,41.79165444929402
10,1045.31,41.79090177445658
10,1049.69,41.78998041518014
10,1054.06,41.78844635602933
10,1058.44,41.786653785853396
10,1062.81,41.78492090378196
10,1067.19,41.78289361977268
10,1071.5600000000002,41.780285422575204
10,1075.9399999999998,41.777899089471916
10,1080.3100000000002,41.77783387922043
10,1084.6899999999998,41.78103606271254
10,1089.06,41.7865864204848
10,1093.44,41.7953601050816
10,1097.81,41.80802106961435
10,1102.19,41.82161403359142
10,1106.56,41.83359044873871
10,1110.94,41.84539546302788
10,1115.31,41.86022918222474
10,1119.69,41.879874607028434
10,1124.06,41.89587717319034
10,1128.44,41.88805736856383
10,1132.8100000000002,41.863870730666925
10,1137.1899999999998,41.84615824572466
10,1141.56,41.83922317463168
10,1145.94,41.84772030529458
10,1150.31,41.885365685321
10,1154.69,41.926875822749935
10,1159.06,41.95532245929317
10,1163.44,41.973366521602415
10,1167.81,41.983481529859084
10,1172.19,41.98813129770051
10,1176.56,41.991534911728024
10,1180.94,41.9961567934549
10,1185.3100000000002,42.0003904123838
10,1189.6899999999998,42.002299863943875
10,1194.06,42.00328544917039
10,1198.44,42.00418175489066
10,1202.81,42.002426393548134
10,1207.19,41.99734110657471
10,1211.56,41.98981928305313
10,1215.94,41.97941461528908
10,1220.31,41.968169800302945
10,1224.69,41.95778197846444
10,1229.06,41.94775423404252
10,1233.44,41.93892839294723
10,1237.8100000000002,41.9326198258607
10,1242.1899999999998,41.92919442254393
10,1246.56,41.92860641641441
10,1250.94,41.93080191816277
10,1255.31,41.93594884534236
10,1259.69,41.94498177192386
10,1264.06,41.9570563593893
10,1268.44,41.967043602902216
10,1272.81,41.97199739255964
10,1277.19,41.97625198993446
10,1281.56,41.98436109455269
10,1285.94,41.997601855106865
10,1290.3100000000002,42.015946924632516
10,1294.6899999999998,42.03954906760803
10,1299.0600000000002,42.06883552083141
10,1303.4399999999998,42.10573173821279
10,1307.81,42.15437895607123
10,1312.19,42.21831391174544
10,1316.56,42.298856856811874
10,1320.94,42.39498853535612
10,1325.31,42.50542119772159
10,1329.69,42.64403950420344
10,1334.06,42.82498254478624
10,1338.44,42.99667286613526
10,1342.81,43.12065430094311
10,1347.19,43.210297284370355
10,1500.31,61.66022105968169
10,1504.69,60.68950936648159
10,1509.0600000000002,59.756065013713034
10,1513.4399999999998,58.89289969820123
10,1517.8100000000002,58.06264857330915
10,1522.1899999999998,57.29339276108638
10,1526.56,56.58595870060703
10,1530.94,55.91975219075109
10,1535.31,55.30073257537619
10,1539.69,54.72664592451526
10,1544.06,54.19190930379665
10,1548.44,53.70132267902279
10,1552.81,53.2538549289788
10,1557.19,52.84260479669697
10,1561.56,52.4716491843137
10,1565.94,52.13591345764562
10,1570.3100000000002,51.81789763427004
10,1574.6899999999998,51.51490238678856
10,1579.06,51.236286357419495
10,1583.44,50.97971206948462
10,1587.81,50.73752795463983
10,1592.19,50.50921410595155
10,1596.56,50.299586642454265
10,1600.94,50.10458124148883
10,1605.31,49.92068160087536
10,1609.69,49.747529025944345
10,1614.06,49.587299432763324
10,1618.44,49.4457046982139
10,1622.8100000000002,49.320909098735385
10,1627.1899999999998,49.21141772169014
10,1631.56,49.11917489534731
10,1635.94,49.044725125729315
10,1640.31,48.98887828423342
10,1644.69,48.95568449140434
10,1649.06,48.94857346128646
10,1653.44,48.965445093805165
10,1657.81,48.99704974583805
10,1662.19,49.0311499035544
10,1666.56,49.06031047336973
10,1670.94,49.086424216536685
10,1675.3100000000002,49.11920118051067
10,1679.6899999999998,49.167573984254076
10,1684.06,49.23367661740689
10,1688.44,49.31615624110893
10,1692.81,49.41478419053126
10,1697.19,49.529290349636526
10,1701.56,49.65944892688682
10,1705.94,49.80633358958199
10,1710.31,49.96910780966976
10,1714.69,50.137069715117875
10,1719.06,50.300328050901854
10,1723.44,50.458200505774975
10,1727.8100000000002,50.603947650068434
10,1732.1899999999998,50.73972036054163
10,1736.5600000000002,50.889633634050455
10,1740.9399999999998,51.06800944195834
10,1745.31,51.27460895888524
10,1749.69,51.5012133455771
10,1754.06,51.731936982609774
10,1758.44,51.96110054820887
10,1762.81,52.179661874612414
10,1767.19,52.3841000908444
10,1771.56,52.561448002330145
10,1775.94,52.71294898644354
10,1780.31,52.84642687055056
10,1784.69,52.95298999465602
10,1789.0600000000002,53.024977618436196
10,1999.06,103.73953073597255
10,2003.4399999999998,101.22707558274497
10,2007.8100000000002,99.02858949492645
10,2012.1899999999998,98.04662909442224
10,2016.5600000000002,97.15078230495918
10,2020.94,96.11308812481126
10,2025.3100000000002,95.13390288112764
10,2029.69,94.10908773908545
10,2034.0600000000002,93.02942960950476
10,2038.44,91.91338059328525
10,2042.8099999999997,90.76331881236105
10,2047.19,89.67191974511681
10,2051.56,88.5810733752596
10,2055.94,87.44181755217822
10,2060.31,86.432930964147
10,2064.69,85.49208674228774
10,2069.06,84.49050311055454
10,2073.44,83.49633164658961
10,2077.81,82.5963044449239
10,2082.19,81.79176949913759
10,2086.56,81.02770822168553
10,2090.9399999999996,80.25884659270088
10,2095.31,79.4710401947119
10,2099.69,78.68675462964963
10,2104.06,77.95947271272483
10,2108.44,77.30955946747615
10,2112.81,76.70280627103425
10,2117.19,76.12773208506123
10,2121.56,75.58649197059609
10,2125.94,75.04744521687077
10,2130.31,74.4866939287845
10,2134.69,73.93168387401336
10,2139.0600000000004,73.39035080329654
10,2143.44,72.84963683876508
10,2147.8100000000004,72.29981526811456
10,2152.19,71.73680819335499
10,2156.56,71.19522395947293
10,2160.94,70.6929626197928
10,2165.31,70.20457471461891
10,2169.69,69.74402188905721
10,2174.06,69.31709448569686
10,2178.44,68.9068891022687
10,2182.81,68.50235716286738
10,2187.19,68.09422967701786
10,2191.56,67.70974795854048
10,2195.9399999999996,67.36055513430318
10,2200.31,67.06633576642308
10,2204.6899999999996,66.87084524423194
10,2209.06,66.76099829756387
10,2213.44,66.70784411830239
10,2217.81,66.73642391068846
10,2222.19,66.87609131658553
10,2226.56,67.08425202797909
10,2230.94,67.29510304728137
10,2235.31,67.52200215422592
10,2239.69,67.83409573573114
10,2244.06,68.26160815933387
10,2248.44,68.77667217520799
10,2252.8100000000004,69.3318946499298
10,2257.19,69.8984863045508
10,2261.56,70.4592880365673
10,2265.94,71.01814996278237
10,2270.31,71.57635878352117
10,2274.69,72.10912098280842
10,2279.06,72.62284241159355
10,2283.44,73.18058255372057
10,2287.81,73.83197919363995
10,2292.19,74.56919792788574
10,2296.56,75.33601286347236
10,2300.94,76.03403845916517
10,2305.31,76.61732209756933
10,2309.6899999999996,77.06776974826585
10,2314.06,77.39076396427484
10,2318.44,77.69314655503247
10,2322.81,78.10246018050302
10,2327.19,78.60098545175666
10,2331.56,79.1453807463504
10,2335.94,79.81455176068302
10,2340.31,80.73249769985563
10,2344.69,81.84707619904518
10,2349.06,83.08638256419471
10,2353.44,84.51948685132406
10,2357.8100000000004,85.91819849062607
10,2362.19,87.14166784466705
10,2366.5600000000004,88.35079477991323
10,2370.94,89.70935652009715
10,2375.31,91.04590478825747
10,2379.69,92.2017331400037
10,2384.06,93.25340029760635
10,2388.44,94.17101442912298
10,2392.81,94.94892424718807
10,2397.19,95.69469324987648
10,2401.56,96.38766454749992
10,2405.94,97.0787398549579
10,2410.31,97.9481401388048
10,2414.6899999999996,99.02794008330348
10,2419.06,100.09196591529007
10,2423.4399999999996,100.78510495851727
10,2427.81,101.35846301462446
10,2432.19,102.0593023594855
10,2436.56,102.98478008098331
10,2440.94,103.91193618039804
10,2445.31,105.09661533641479
10,2449.69,106.64707541179368
10,2454.06,106.88189715426569
10,2458.44,106.8458316408012
10,2462.81,107.47232213038336
10,2467.19,108.47946246761136
10,2471.5600000000004,110.03506800875098
12,402.188,66.14365405406242
12,406.56199999999995,66.22048788305374
12,410.93800000000005,66.14521729383928
12,415.313,65.78805453151227
12,419.68699999999995,65.1403195836923
12,424.06300000000005,64.27577414608035
12,428.438,63.235477311417675
12,432.813,62.14318122169027
12,437.18800000000005,61.20186690581685
12,441.563,60.45892010598807
12,445.938,59.88914493885938
12,450.31300000000005,59.465399719104184
12,454.688,59.168660700636586
12,459.063,59.001461931803966
12,463.438,58.96159205695041
12,467.813,59.01492053910735
12,472.187,59.117874068235274
12,476.562,59.23702409957849
12,480.938,59.32705602808491
12,485.313,59.306737477628246
12,489.688,59.08637220786077
12,494.063,58.60390700232265
12,498.438,57.81506671890576
12,502.812,56.75665690378723
12,507.188,55.610268452672344
12,511.563,54.56261205596422
12,515.937,53.74909065456238
12,520.313,53.26092755887976
12,524.687,53.030436653196574
12,529.062,52.935812859400464
12,533.438,52.90258450006321
12,537.813,52.88357087441017
12,542.188,52.85078591438208
12,546.563,52.79586685761313
12,550.938,52.73572173789244
12,555.312,52.70377755841336
12,559.688,52.7292494684816
12,564.063,52.82603248871873
12,568.438,52.99369266528359
12,572.813,53.21963452930133
12,577.187,53.47830563505924
12,581.562,53.749188219411636
12,585.938,54.028214128814355
12,590.313,54.30639307295567
12,594.688,54.549133987561184
12,599.063,54.76409261538645
12,603.438,55.026321774222666
12,607.812,55.40838008275814
12,612.188,55.937035859534056
12,616.563,56.56929593040883
12,620.937,57.19759344895042
12,625.312,57.736192776184346
12,629.687,58.20628483118766
12,634.063,58.74986967488781
12,638.437,59.56380819976147
12,642.813,60.77807448760962
12,647.188,62.37977634995233
12,651.563,64.23772341343891
12,655.938,66.36922429520837
12,660.313,68.98027449691232
12,664.687,71.97525222231727
12,669.063,74.75396732065983
12,673.438,76.49127128956334
12,677.813,76.4945023741392
12,682.187,73.98314526867932
12,686.562,68.25315291610168
12,690.937,60.835684398488695
12,695.312,54.978982607531655
12,699.688,51.465848085311016
12,704.063,49.453684293169516
12,708.438,48.219206807599235
12,712.813,47.36424550163526
12,717.187,46.70614914802818
12,721.563,46.25667521009025
12,725.938,46.05380199654924
12,730.313,46.045001219226194
12,734.687,46.14760192183679
12,739.063,46.28906825496955
12,743.437,46.42766899920312
12,747.812,46.541533926208594
12,752.188,46.62841351036455
12,756.563,46.7012361605947
12,760.938,46.77205816647291
12,765.313,46.81872996763543
12,769.688,46.82783959252422
12,774.063,46.81661582653165
12,778.438,46.785472859893225
12,782.813,46.736760858208406
12,787.188,46.67861968755753
12,791.563,46.61394706640895
12,795.937,46.54608415535497
12,800.312,46.479683970745825
12,804.688,46.41720404055445
12,809.063,46.36291272202242
12,813.438,46.311952901357564
12,817.813,46.25045853923464
12,822.188,46.180111843975766
12,826.5630000000001,46.11144753418612
12,830.937,46.043061964682224
12,835.313,45.972361081872194
12,839.688,45.902234356004314
12,844.063,45.8347728414241
12,848.437,45.77034347360049
12,852.812,45.70684424225885
12,857.187,45.64424378257852
12,861.563,45.58505989508464
12,865.938,45.52767785178942
12,870.313,45.471987520288806
12,874.687,45.41997652766156
12,879.063,45.370447871908304
12,883.437,45.32312725299941
12,887.813,45.28216284481654
12,892.188,45.2511837685445
12,896.562,45.22299003037119
12,900.938,45.185562434031745
12,905.312,45.14363092729752
12,909.6880000000001,45.10031305792828
12,914.062,45.046509662414906
12,918.438,44.98663667683452
12,922.813,44.938233174912604
12,927.188,44.90715391553478
12,931.563,44.87918576544113
12,935.937,44.81108665386429
12,940.312,44.70397367342345
12,944.688,44.58908904692226
12,949.063,44.44558317208794
12,953.438,44.29257316926755
12,957.812,44.16124223295576
12,962.187,44.062544800943556
12,966.562,43.99477566323367
12,970.938,43.95266460812387
12,975.313,43.923781849461385
12,979.688,43.89465161309602
12,984.063,43.85046475790676
12,988.438,43.774747983502934
12,992.812,43.68689251793387
12,997.188,43.63404032269684
12,1001.5600000000001,43.62448671076354
12,1005.94,43.63565862105525
12,1010.3100000000001,43.65300073821653
12,1014.69,43.67248174147152
12,1019.0600000000001,43.693448489232814
12,1023.4399999999999,43.71385821099471
12,1027.81,43.73022923855861
12,1032.19,43.74256084958488
12,1036.56,43.75393302851956
12,1040.94,43.765734348909675
12,1045.31,43.77694923789468
12,1049.69,43.78574756746854
12,1054.06,43.78994163805145
12,1058.44,43.78891573274999
12,1062.81,43.78335106797463
12,1067.19,43.773321386801726
12,1071.5600000000002,43.758769892954255
12,1075.9399999999998,43.741083274397475
12,1080.3100000000002,43.72281866945125
12,1084.6899999999998,43.70514765710903
12,1089.06,43.68766167464992
12,1093.44,43.67115332517696
12,1097.81,43.656534815692794
12,1102.19,43.64301815611391
12,1106.56,43.630539526580435
12,1110.94,43.62164562952819
12,1115.31,43.61672763751861
12,1119.69,43.60654397395702
12,1124.06,43.56267379987875
12,1128.44,43.47427299623614
12,1132.8100000000002,43.38339071784141
12,1137.1899999999998,43.323214656403636
12,1141.56,43.292662642078426
12,1145.94,43.2988188865954
12,1150.31,43.37488072256156
12,1154.69,43.460763642292825
12,1159.06,43.51837248944354
12,1163.44,43.55624455589758
12,1167.81,43.58245960325347
12,1172.19,43.602547676467715
12,1176.56,43.622934471727945
12,1180.94,43.646972691119984
12,1185.3100000000002,43.6718310741142
12,1189.6899999999998,43.69227948551715
12,1194.06,43.707435432005056
12,1198.44,43.718450870826416
12,1202.81,43.722564791755836
12,1207.19,43.71837042936592
12,1211.56,43.707251313073755
12,1215.94,43.69016595927535
12,1220.31,43.67144634701533
12,1224.69,43.65418025751597
12,1229.06,43.6376512191974
12,1233.44,43.62204706974786
12,1237.8100000000002,43.608641992079725
12,1242.1899999999998,43.598645372339035
12,1246.56,43.593032587414285
12,1250.94,43.592517594468625
12,1255.31,43.59811285964368
12,1259.69,43.61180913178191
12,1264.06,43.633174268620685
12,1268.44,43.65623333699673
12,1272.81,43.677238240656166
12,1277.19,43.70207867558402
12,1281.56,43.73843900270676
12,1285.94,43.789318983115564
12,1290.3100000000002,43.85533631803127
12,1294.6899999999998,43.93843703406647
12,1299.0600000000002,44.0415269624089
12,1303.4399999999998,44.1687016718864
12,1307.81,44.327757987160076
12,1312.19,44.52863525443231
12,1316.56,44.776999150303006
12,1320.94,45.0659093137546
12,1325.31,45.388063950712954
12,1329.69,45.78275568628727
12,1334.06,46.28784746319427
12,1338.44,46.75561218116645
12,1342.81,47.08140782148322
12,1347.19,47.30643642747354
12,1500.31,91.50820747215411
12,1504.69,89.57684567636552
12,1509.0600000000002,87.66845621646087
12,1513.4399999999998,85.85624120254852
12,1517.8100000000002,84.06900122159084
12,1522.1899999999998,82.37352358716414
12,1526.56,80.77862290987386
12,1530.94,79.2431989767625
12,1535.31,77.78524455068414
12,1539.69,76.40318113176023
12,1544.06,75.08754139495713
12,1548.44,73.85559650842947
12,1552.81,72.71037307547766
12,1557.19,71.63802724976044
12,1561.56,70.6547644924153
12,1565.94,69.75244296937319
12,1570.3100000000002,68.88582233749618
12,1574.6899999999998,68.04939103488603
12,1579.06,67.27284582275307
12,1583.44,66.55439447796431
12,1587.81,65.87666629506103
12,1592.19,65.24007879690514
12,1596.56,64.6575392301542
12,1600.94,64.11737403030713
12,1605.31,63.610178846821874
12,1609.69,63.13320345376653
12,1614.06,62.688882982282756
12,1618.44,62.29020161011316
12,1622.8100000000002,61.93217378568596
12,1627.1899999999998,61.609917635545976
12,1631.56,61.326868271405566
12,1635.94,61.0827484303054
12,1640.31,60.87280943458156
12,1644.69,60.6997910362742
12,1649.06,60.57223480249091
12,1653.44,60.49108247446614
12,1657.81,60.448800794667314
12,1662.19,60.432544545071686
12,1666.56,60.43284228417376
12,1670.94,60.45465341160975
12,1675.3100000000002,60.51588263638196
12,1679.6899999999998,60.632649228303535
12,1684.06,60.807703001725976
12,1688.44,61.036360430259904
12,1692.81,61.31815592006146
12,1697.19,61.65075461832926
12,1701.56,62.0228014587345
12,1705.94,62.42043621765833
12,1710.31,62.83075658334097
12,1714.69,63.22755009054709
12,1719.06,63.598404386335986
12,1723.44,63.95902413259774
12,1727.8100000000002,64.31187791103528
12,1732.1899999999998,64.6728496405014
12,1736.5600000000002,65.09901403853416
12,1740.9399999999998,65.6147335448912
12,1745.31,66.21177807538055
12,1749.69,66.86313200381517
12,1754.06,67.52035266161658
12,1758.44,68.16545663708592
12,1762.81,68.77521104072073
12,1767.19,69.34269423369864
12,1771.56,69.828523593691
12,1775.94,70.23332300504762
12,1780.31,70.57899121491499
12,1784.69,70.84173354922373
12,1789.0600000000002,71.00671492449509
12,1999.06,147.66245894182438
12,2003.4399999999998,145.17354455589157
12,2007.8100000000002,142.9441336916364
12,2012.1899999999998,141.9226181069351
12,2016.5600000000002,140.93429032113863
12,2020.94,139.770672534124
12,2025.3100000000002,138.69758231798883
12,2029.69,137.58719858150027
12,2034.0600000000002,136.39880205264149
12,2038.44,135.13666480945335
12,2042.8099999999997,133.80258264536755
12,2047.19,132.51450867410267
12,2051.56,131.2110167407359
12,2055.94,129.8156735630285
12,2060.31,128.53471503485724
12,2064.69,127.30034074918615
12,2069.06,125.95390688215089
12,2073.44,124.59748259172505
12,2077.81,123.35651863815681
12,2082.19,122.23001541033634
12,2086.56,121.13983182028365
12,2090.9399999999996,120.02399431274088
12,2095.31,118.86153729604334
12,2099.69,117.68042538181302
12,2104.06,116.55916680113225
12,2108.44,115.53357460388185
12,2112.81,114.5541711501589
12,2117.19,113.60484036061835
12,2121.56,112.69384858454052
12,2125.94,111.7787589752423
12,2130.31,110.82771740925843
12,2134.69,109.88998889233281
12,2139.0600000000004,108.98172886804218
12,2143.44,108.08076030552614
12,2147.8100000000004,107.16690829298679
12,2152.19,106.22927174348627
12,2156.56,105.3231184039626
12,2160.94,104.47894000364448
12,2165.31,103.65427234298508
12,2169.69,102.87232692464123
12,2174.06,102.14289986114795
12,2178.44,101.43876770308991
12,2182.81,100.74302007099077
12,2187.19,100.03711291740393
12,2191.56,99.36724095775318
12,2195.9399999999996,98.76002427888379
12,2200.31,98.26004818226708
12,2204.6899999999996,97.94985668945668
12,2209.06,97.80036818554466
12,2213.44,97.75306780750665
12,2217.81,97.85256501252938
12,2222.19,98.1478133642786
12,2226.56,98.54697474752746
12,2230.94,98.91420943512942
12,2235.31,99.27078570391996
12,2239.69,99.75118634114273
12,2244.06,100.4187543059898
12,2248.44,101.23032119479673
12,2252.8100000000004,102.11283818171364
12,2257.19,103.02601192251456
12,2261.56,103.94316701058766
12,2265.94,104.8687492283926
12,2270.31,105.80204248657508
12,2274.69,106.69678867993294
12,2279.06,107.55717256400513
12,2283.44,108.47868824390984
12,2287.81,109.52904835225767
12,2292.19,110.68468065594854
12,2296.56,111.85952309775192
12,2300.94,112.91880202810445
12,2305.31,113.81164782478513
12,2309.6899999999996,114.51851962818903
12,2314.06,115.046468181076
12,2318.44,115.55051524994472
12,2322.81,116.20550593487697
12,2327.19,116.96854726336892
12,2331.56,117.77603311938275
12,2335.94,118.75023436355544
12,2340.31,120.06866519733634
12,2344.69,121.64456327403063
12,2349.06,123.36697550242536
12,2353.44,125.31991473841266
12,2357.8100000000004,127.18346002543954
12,2362.19,128.77674070044674
12,2366.5600000000004,130.31752320549856
12,2370.94,132.0117763395709
12,2375.31,133.64019200354684
12,2379.69,135.015732087526
12,2384.06,136.24347649904638
12,2388.44,137.30118661245768
12,2392.81,138.18701223088664
12,2397.19,139.0230953840343
12,2401.56,139.7893874397654
12,2405.94,140.5473241064256
12,2410.31,141.49766061934722
12,2414.6899999999996,142.6696512971706
12,2419.06,143.80764576971728
12,2423.4399999999996,144.53737679728317
12,2427.81,145.13479158673283
12,2432.19,145.8566229412185
12,2436.56,146.81143317126555
12,2440.94,147.79505636534918
12,2445.31,149.09387270684869
12,2449.69,150.79964197396544
12,2454.06,151.00653606705944
12,2458.44,150.89496158479017
12,2462.81,151.5282368985042
12,2467.19,152.61547673141183
12,2471.5600000000004,154.31570304164327
15,402.188,84.51537521027426
15,406.56199999999995,84.90452578458769
15,410.93800000000005,85.55073506555074
15,415.313,86.42990427257608
15,419.68699999999995,87.46290936607004
15,424.06300000000005,88.56488415269024
15,428.438,89.63297873134134
15,432.813,90.55515341010856
15,437.18800000000005,91.22535455463844
15,441.563,91.676117777316
15,445.938,91.96266466647737
15,450.31300000000005,92.11728408943382
15,454.688,92.1947391357543
15,459.063,92.24496610668088
15,463.438,92.29898761336574
15,467.813,92.36689775605588
15,472.187,92.4375199437523
15,476.562,92.49287141374596
15,480.938,92.50696114376407
15,485.313,92.42971209535591
15,489.688,92.20499603193079
15,494.063,91.77834495555258
15,498.438,91.06457859700753
15,502.812,89.9958329076281
15,507.188,88.60640486204619
15,511.563,86.98488173793952
15,515.937,85.26347933602331
15,520.313,83.69329611426033
15,524.687,82.44088751190712
15,529.062,81.48971813897393
15,533.438,80.80116862483024
15,537.813,80.31977153006204
15,542.188,79.97611715403265
15,546.563,79.72001828502862
15,550.938,79.54483221718132
15,555.312,79.48671531314835
15,559.688,79.58438536428714
15,564.063,79.84586457285687
15,568.438,80.25110559068055
15,572.813,80.74887296859367
15,577.187,81.25416874593262
15,581.562,81.70949595265584
15,585.938,82.1178105076932
15,590.313,82.47752589854434
15,594.688,82.73820725062274
15,599.063,82.92264761959773
15,603.438,83.14780526753748
15,607.812,83.49676399040052
15,612.188,83.9661883773494
15,616.563,84.48275899240187
15,620.937,84.94816356021808
15,625.312,85.30802174555613
15,629.687,85.58884852134258
15,634.063,85.90598144170283
15,638.437,86.42120222309256
15,642.813,87.22800428746527
15,647.188,88.26736665450093
15,651.563,89.36705091948485
15,655.938,90.48749443736816
15,660.313,91.75624284026118
15,664.687,93.13709365432571
15,669.063,94.33626012437506
15,673.438,94.98006506930878
15,677.813,94.75931100259099
15,682.187,93.24404581938451
15,686.562,89.96154206493175
15,690.937,85.6501890177897
15,695.312,81.97833485537679
15,699.688,79.35692057429497
15,704.063,77.47236880287954
15,708.438,76.08480670245
15,712.813,75.01658352850967
15,717.187,74.09030029347237
15,721.563,73.23718113489147
15,725.938,72.50549990065527
15,730.313,71.9196190083414
15,734.687,71.49087262405887
15,739.063,71.18428756922765
15,743.437,70.95541929518483
15,747.812,70.79001899693841
15,752.188,70.68889960526401
15,756.563,70.64877066715326
15,760.938,70.63658352459335
15,765.313,70.57721109043251
15,769.688,70.49523732147938
15,774.063,70.44608963535059
15,778.438,70.42309740693649
15,782.813,70.41441142955809
15,787.188,70.41356415544247
15,791.563,70.40905301560866
15,795.937,70.39870775058918
15,800.312,70.38864120384379
15,804.688,70.38087691329416
15,809.063,70.38663681771051
15,813.438,70.40825018768176
15,817.813,70.41858668364338
15,822.188,70.39957302745464
15,826.5630000000001,70.36722937439494
15,830.937,70.32933781192837
15,835.313,70.28353204427773
15,839.688,70.2354480321114
15,844.063,70.19146810909356
15,848.437,70.1551416537677
15,852.812,70.1246651089262
15,857.187,70.09564175579911
15,861.563,70.06853265715381
15,865.938,70.04439607411823
15,870.313,70.02368675498687
15,874.687,70.00727217549824
15,879.063,69.99491263643483
15,883.437,69.9868418018309
15,887.813,69.98852758598049
15,892.188,70.00830183206507
15,896.562,70.04008893859881
15,900.938,70.058636384091
15,905.312,70.05973744994051
15,909.6880000000001,70.05866808567629
15,914.062,70.04955713177843
15,918.438,70.03109401698666
15,922.813,70.02471636421203
15,927.188,70.04443974171328
15,931.563,70.09527953606462
15,935.937,70.1793431588411
15,940.312,70.24080732751592
15,944.688,70.26307083619197
15,949.063,70.27958468547709
15,953.438,70.29531729189206
15,957.812,70.29664944825488
15,962.187,70.27046796558658
15,966.562,70.22745733064639
15,970.938,70.19166508478081
15,975.313,70.16385598437903
15,979.688,70.12368147182745
15,984.063,70.05862644621526
15,988.438,69.96644106697374
15,992.812,69.87068830908612
15,997.188,69.81344314511702
15,1001.5600000000001,69.79774429032398
15,1005.94,69.79376373496413
15,1010.3100000000001,69.7807789156227
15,1014.69,69.75758574844195
15,1019.0600000000001,69.73111681198073
15,1023.4399999999999,69.70338043095194
15,1027.81,69.67310691645415
15,1032.19,69.64298276317427
15,1036.56,69.61697705548615
15,1040.94,69.59639272837134
15,1045.31,69.5807206735156
15,1049.69,69.56895329878449
15,1054.06,69.56027203254328
15,1058.44,69.55447951403697
15,1062.81,69.55152651061717
15,1067.19,69.55054883431036
15,1071.5600000000002,69.55049213983439
15,1075.9399999999998,69.55271139248539
15,1080.3100000000002,69.56124099466425
15,1084.6899999999998,69.57772032775054
15,1089.06,69.60030600305012
15,1093.44,69.6308364440707
15,1097.81,69.66972725447246
15,1102.19,69.70910925664634
15,1106.56,69.74240435427586
15,1110.94,69.77249116300138
15,1115.31,69.80795970888384
15,1119.69,69.85990202717191
15,1124.06,69.93405705768913
15,1128.44,70.00315144423685
15,1132.8100000000002,70.04810184420201
15,1137.1899999999998,70.09132744496551
15,1141.56,70.14333441215986
15,1145.94,70.22199071586898
15,1150.31,70.31817661374453
15,1154.69,70.37744442596183
15,1159.06,70.40157616361375
15,1163.44,70.40994483682479
15,1167.81,70.40997489567017
15,1172.19,70.4067979500323
15,1176.56,70.406995621398
15,1180.94,70.41264717428174
15,1185.3100000000002,70.41782566906302
15,1189.6899999999998,70.41657955167165
15,1194.06,70.41153976090726
15,1198.44,70.40598103111795
15,1202.81,70.39804916625774
15,1207.19,70.38987715157411
15,1211.56,70.38395508803887
15,1215.94,70.3780160523626
15,1220.31,70.37475424465933
15,1224.69,70.37547496109734
15,1229.06,70.37485870072028
15,1233.44,70.37183542750253
15,1237.8100000000002,70.3699178784553
15,1242.1899999999998,70.37083073825755
15,1246.56,70.37456025173363
15,1250.94,70.38208504585428
15,1255.31,70.39543503646578
15,1259.69,70.41694287834416
15,1264.06,70.44455235990556
15,1268.44,70.46862917380136
15,1272.81,70.48483467820216
15,1277.19,70.50302435958768
15,1281.56,70.5325239027878
15,1285.94,70.57445467709212
15,1290.3100000000002,70.62733548707168
15,1294.6899999999998,70.69146696031916
15,1299.0600000000002,70.76728082349422
15,1303.4399999999998,70.85741329515535
15,1307.81,70.96789902057796
15,1312.19,71.10174838467552
15,1316.56,71.25676278507672
15,1320.94,71.42823661071165
15,1325.31,71.61407432242947
15,1329.69,71.8358875016003
15,1334.06,72.10755958979318
15,1338.44,72.34587680279681
15,1342.81,72.5060470580072
15,1347.19,72.6198318635169
15,1500.31,96.92810924590863
15,1504.69,95.69242860691088
15,1509.0600000000002,94.49203137289062
15,1513.4399999999998,93.37630537719117
15,1517.8100000000002,92.29553232235675
15,1522.1899999999998,91.28582972040545
15,1526.56,90.35196217416967
15,1530.94,89.4649126832586
15,1535.31,88.63095774184745
15,1539.69,87.84883419344739
15,1544.06,87.11201264146837
15,1548.44,86.42711041185376
15,1552.81,85.79390751348622
15,1557.19,85.20542109176932
15,1561.56,84.66987622126774
15,1565.94,84.18170876069533
15,1570.3100000000002,83.71533080456068
15,1574.6899999999998,83.26432541753537
15,1579.06,82.84315335081124
15,1583.44,82.45206965844119
15,1587.81,82.08208281315117
15,1592.19,81.73349657617169
15,1596.56,81.41503886882097
15,1600.94,81.12096013807408
15,1605.31,80.84304299813732
15,1609.69,80.57738596934364
15,1614.06,80.32704144781238
15,1618.44,80.10387448572394
15,1622.8100000000002,79.90646010933484
15,1627.1899999999998,79.73027375674
15,1631.56,79.57536408452457
15,1635.94,79.43999306245665
15,1640.31,79.32271055064412
15,1644.69,79.2268384364173
15,1649.06,79.15658019935378
15,1653.44,79.11468695496423
15,1657.81,79.10115631116838
15,1662.19,79.1095712307657
15,1666.56,79.13067115445752
15,1670.94,79.1614027572771
15,1675.3100000000002,79.20953456502977
15,1679.6899999999998,79.2847066902119
15,1684.06,79.38868540664598
15,1688.44,79.51983198294967
15,1692.81,79.67959997741089
15,1697.19,79.86886904503116
15,1701.56,80.08430124692191
15,1705.94,80.31897697571185
15,1710.31,80.56272223888634
15,1714.69,80.7969791337009
15,1719.06,81.01236161521638
15,1723.44,81.2163552269753
15,1727.8100000000002,81.40775961098021
15,1732.1899999999998,81.59476561160544
15,1736.5600000000002,81.81323063827045
15,1740.9399999999998,82.08318522133585
15,1745.31,82.39955291041706
15,1749.69,82.74464913694139
15,1754.06,83.09049619302284
15,1758.44,83.4270013881529
15,1762.81,83.74050185709591
15,1767.19,84.02537612039356
15,1771.56,84.26742949152056
15,1775.94,84.47059057578754
15,1780.31,84.64202918323849
15,1784.69,84.7716628551354
15,1789.0600000000002,84.85447998391138
15,1999.06,140.20587171130174
15,2003.4399999999998,138.02934545504868
15,2007.8100000000002,136.07957374125726
15,2012.1899999999998,135.1867423488226
15,2016.5600000000002,134.30573779959957
15,2020.94,133.26329007980738
15,2025.3100000000002,132.39655677616844
15,2029.69,131.58780298042188
15,2034.0600000000002,130.7476992458873
15,2038.44,129.85384931127922
15,2042.8099999999997,128.9126249135117
15,2047.19,128.03723259598448
15,2051.56,127.20967821223745
15,2055.94,126.34235461760885
15,2060.31,125.51683450368176
15,2064.69,124.68013973554872
15,2069.06,123.73029081767383
15,2073.44,122.76997597626765
15,2077.81,121.91646956162128
15,2082.19,121.16442832940105
15,2086.56,120.44456885816189
15,2090.9399999999996,119.70000651345794
15,2095.31,118.91234348525978
15,2099.69,118.10709671230791
15,2104.06,117.34190429112175
15,2108.44,116.64105623992467
15,2112.81,115.96922206318334
15,2117.19,115.31521621109992
15,2121.56,114.68405121006748
15,2125.94,114.03576948947335
15,2130.31,113.33969806098516
15,2134.69,112.63626688875866
15,2139.0600000000004,111.93969896366892
15,2143.44,111.23090526816641
15,2147.8100000000004,110.49604108681794
15,2152.19,109.72669252273373
15,2156.56,108.96755993912446
15,2160.94,108.24810914672756
15,2165.31,107.53906530655104
15,2169.69,106.86704951916286
15,2174.06,106.24401660347904
15,2178.44,105.64564095287714
15,2182.81,105.05599781082533
15,2187.19,104.45993506917837
15,2191.56,103.89688415571707
15,2195.9399999999996,103.38631847272745
15,2200.31,102.9572152080179
15,2204.6899999999996,102.67283141973263
15,2209.06,102.51403578984008
15,2213.44,102.43897158448692
15,2217.81,102.48294364284484
15,2222.19,102.68754940459577
15,2226.56,102.9902143932371
15,2230.94,103.29453907845397
15,2235.31,103.6222555369338
15,2239.69,104.08216837798095
15,2244.06,104.72981354496456
15,2248.44,105.53276697687646
15,2252.8100000000004,106.42672894993193
15,2257.19,107.37214059488072
15,2261.56,108.33712940067655
15,2265.94,109.31281575938033
15,2270.31,110.28490374186559
15,2274.69,111.20092818280878
15,2279.06,112.06180576224278
15,2283.44,112.96076861358111
15,2287.81,113.97346593316524
15,2292.19,115.08899889768884
15,2296.56,116.21461042307308
15,2300.94,117.1829818706001
15,2305.31,117.90846021719277
15,2309.6899999999996,118.37290531854802
15,2314.06,118.60922312761856
15,2318.44,118.78015083992486
15,2322.81,119.10009096514047
15,2327.19,119.60151406435362
15,2331.56,120.22442338679417
15,2335.94,121.03840598603905
15,2340.31,122.17103584615454
15,2344.69,123.52600097166582
15,2349.06,124.9822986343941
15,2353.44,126.59511101294059
15,2357.8100000000004,128.11276531542762
15,2362.19,129.4195259881368
15,2366.5600000000004,130.7205743144223
15,2370.94,132.1873098395474
15,2375.31,133.60492687762456
15,2379.69,134.79996296842418
15,2384.06,135.84604833745414
15,2388.44,136.704237067496
15,2392.81,137.40819169329362
15,2397.19,138.09846956115197
15,2401.56,138.760355655187
15,2405.94,139.45718707039157
15,2410.31,140.3975881442952
15,2414.6899999999996,141.58575562422737
15,2419.06,142.61805411637673
15,2423.4399999999996,143.19016863841023
15,2427.81,143.7394030892881
15,2432.19,144.51833464966458
15,2436.56,145.60615589770924
15,2440.94,146.79231775043263
15,2445.31,148.52440604257987
15,2449.69,150.9954793852219
15,2454.06,151.35369602332588
15,2458.44,151.13803197883232
15,2462.81,152.0924607928544
15,2467.19,153.8930625887302
15,2471.5600000000004,156.55163173685506
17,402.188,69.74751647294438
17,406.56199999999995,69.8908921567191
17,410.93800000000005,69.87419828662766
17,415.313,69.54669656390115
17,419.68699999999995,68.91275415886993
17,424.06300000000005,68.0555004949327
17,428.438,67.0096082881792
17,432.813,65.88955250844967
17,437.18800000000005,64.89168852945313
17,441.563,64.06541485676065
17,445.938,63.395090565162285
17,450.31300000000005,62.87208240114741
17,454.688,62.49490315251699
17,459.063,62.27727952047996
17,463.438,62.221219156988106
17,467.813,62.28530258203647
17,472.187,62.41319408605507
17,476.562,62.56258499754791
17,480.938,62.6767207475594
17,485.313,62.64862942720888
17,489.688,62.35464297355669
17,494.063,61.70194290541574
17,498.438,60.61089512014907
17,502.812,59.095977363294786
17,507.188,57.376729802028926
17,511.563,55.718142711000496
17,515.937,54.35072372797374
17,520.313,53.47637391153381
17,524.687,53.04927075226553
17,529.062,52.882995929056605
17,533.438,52.84090917253565
17,537.813,52.83514840195471
17,542.188,52.81818164272486
17,546.563,52.77522344926926
17,550.938,52.72106991085257
17,555.312,52.68735317329566
17,559.688,52.704842557829444
17,564.063,52.79749098052292
17,568.438,52.98088753286238
17,572.813,53.25654419717398
17,577.187,53.600715377489685
17,581.562,53.98140520060076
17,585.938,54.383281577099716
17,590.313,54.78912049061167
17,594.688,55.150695864768515
17,599.063,55.47780158270372
17,603.438,55.87585392384693
17,607.812,56.45027330561139
17,612.188,57.238335150822785
17,616.563,58.16982258754882
17,620.937,59.08084821970375
17,625.312,59.846856102993875
17,629.687,60.5005995852033
17,634.063,61.243719955020815
17,638.437,62.34970167738418
17,642.813,63.989714574343814
17,647.188,66.12509539650567
17,651.563,68.5532315802078
17,655.938,71.26993675587615
17,660.313,74.49774312138133
17,664.687,78.08016118221478
17,669.063,81.31049863657229
17,673.438,83.2996803542083
17,677.813,83.33142414242866
17,682.187,80.52651461147909
17,686.562,73.87354329089261
17,690.937,64.68058579476
17,695.312,56.879427467499944
17,699.688,52.12198935888759
17,704.063,49.64475119102445
17,708.438,48.39157284009373
17,712.813,47.69261460526791
17,717.187,47.26623678365996
17,721.563,47.091924825020385
17,725.938,47.16196306986191
17,730.313,47.39814781780044
17,734.687,47.70361944260845
17,739.063,48.005907543882195
17,743.437,48.267036645021236
17,747.812,48.4659487224494
17,752.188,48.60696876659678
17,756.563,48.71471487491857
17,760.938,48.81544174083262
17,765.313,48.895045722688046
17,769.688,48.92651235376531
17,774.063,48.91883855101474
17,778.438,48.8740893692271
17,782.813,48.799728153338094
17,787.188,48.70943548256477
17,791.563,48.60956453849317
17,795.937,48.50553156525075
17,800.312,48.40347237339155
17,804.688,48.307209905966644
17,809.063,48.22046826768671
17,813.438,48.13518659547628
17,817.813,48.037762876754655
17,822.188,47.936489098964834
17,826.5630000000001,47.843326548318494
17,830.937,47.752866134210215
17,835.313,47.65984617720345
17,839.688,47.56624518705796
17,844.063,47.47408868651408
17,848.437,47.38370049252145
17,852.812,47.292796432144804
17,857.187,47.202935944293806
17,861.563,47.11823939605669
17,865.938,47.03618175399472
17,870.313,46.95654172053678
17,874.687,46.88204968085072
17,879.063,46.81066422144383
17,883.437,46.74137126675991
17,887.813,46.678702049147134
17,892.188,46.62612751707781
17,896.562,46.57447287992984
17,900.938,46.512321644282004
17,905.312,46.44830744639849
17,909.6880000000001,46.38297246221227
17,914.062,46.30338664363157
17,918.438,46.215999486255235
17,922.813,46.14165108257804
17,927.188,46.08579188982172
17,931.563,46.02566873662436
17,935.937,45.89491087116572
17,940.312,45.712952052092305
17,944.688,45.5336908682417
17,949.063,45.315225672725106
17,953.438,45.082523072455004
17,957.812,44.88238283208604
17,962.187,44.734768544252205
17,966.562,44.638282281975876
17,970.938,44.58079973037238
17,975.313,44.54298428432442
17,979.688,44.50914711224878
17,984.063,44.46024398240536
17,988.438,44.37264552338283
17,992.812,44.270324967240086
17,997.188,44.2129071951938
17,1001.5600000000001,44.21012373697154
17,1005.94,44.23372712547899
17,1010.3100000000001,44.265740901396654
17,1014.69,44.30099895506348
17,1019.0600000000001,44.3385237982977
17,1023.4399999999999,44.3756209963454
17,1027.81,44.40733456348091
17,1032.19,44.43282112634662
17,1036.56,44.45568745183347
17,1040.94,44.47759514976853
17,1045.31,44.49717412734667
17,1049.69,44.512565427368145
17,1054.06,44.52157316107391
17,1058.44,44.52346085474784
17,1062.81,44.51866045336244
17,1067.19,44.50679888628476
17,1071.5600000000002,44.48761542559696
17,1075.9399999999998,44.462719050022976
17,1080.3100000000002,44.43485633980477
17,1084.6899999999998,44.40541048181578
17,1089.06,44.37461768266084
17,1093.44,44.34364834968128
17,1097.81,44.313846667152404
17,1102.19,44.28567931713604
17,1106.56,44.260234498424055
17,1110.94,44.24041642913012
17,1115.31,44.22518719836313
17,1119.69,44.199769116853574
17,1124.06,44.124252889278274
17,1128.44,43.98793016341893
17,1132.8100000000002,43.84835524886118
17,1137.1899999999998,43.749009625889606
17,1141.56,43.69054150479123
17,1145.94,43.677993287171205
17,1150.31,43.7575377764238
17,1154.69,43.85945428164704
17,1159.06,43.9321728026951
17,1163.44,43.98385719208999
17,1167.81,44.02444722060905
17,1172.19,44.06051937355288
17,1176.56,44.0990438546379
17,1180.94,44.14310206616711
17,1185.3100000000002,44.188175831505475
17,1189.6899999999998,44.226221776436844
17,1194.06,44.25524503111487
17,1198.44,44.27754149056447
17,1202.81,44.29038525307353
17,1207.19,44.291089602830155
17,1211.56,44.28078242632214
17,1215.94,44.26141329215663
17,1220.31,44.239479490070934
17,1224.69,44.21997334975
17,1229.06,44.20253293678208
17,1233.44,44.18681205438615
17,1237.8100000000002,44.173883987456904
17,1242.1899999999998,44.165259961338705
17,1246.56,44.16218656616517
17,1250.94,44.16552054045813
17,1255.31,44.17654624056832
17,1259.69,44.19765242833063
17,1264.06,44.22832232402394
17,1268.44,44.26153027834524
17,1272.81,44.29255834534053
17,1277.19,44.32826662790999
17,1281.56,44.37850605432179
17,1285.94,44.447526136143054
17,1290.3100000000002,44.53635651918631
17,1294.6899999999998,44.647783048327064
17,1299.0600000000002,44.785899001330876
17,1303.4399999999998,44.95599347622619
17,1307.81,45.16781303425566
17,1312.19,45.4343851515816
17,1316.56,45.76339096721361
17,1320.94,46.145139265425414
17,1325.31,46.56956215921193
17,1329.69,47.08792136860143
17,1334.06,47.74696036282895
17,1338.44,48.351473906919104
17,1342.81,48.76836118265079
17,1347.19,49.05357338159025
17,1500.31,98.68777098022838
17,1504.69,96.74619595926825
17,1509.0600000000002,94.81183679579989
17,1513.4399999999998,92.96136439605345
17,1517.8100000000002,91.12217182060095
17,1522.1899999999998,89.36343150643997
17,1526.56,87.69672487104259
17,1530.94,86.08019678129253
17,1535.31,84.5337610048147
17,1539.69,83.05757167693662
17,1544.06,81.64294341749203
17,1548.44,80.30952276454362
17,1552.81,79.06209271114155
17,1557.19,77.88713905526646
17,1561.56,76.80399774770689
17,1565.94,75.80523501198162
17,1570.3100000000002,74.84137564375854
17,1574.6899999999998,73.90584290558397
17,1579.06,73.03229667451569
17,1583.44,72.22033197140766
17,1587.81,71.45159436193428
17,1592.19,70.72722282143926
17,1596.56,70.0625764107713
17,1600.94,69.44483090158074
17,1605.31,68.8630472185527
17,1609.69,68.313775727157
17,1614.06,67.80008725566931
17,1618.44,67.33793103456061
17,1622.8100000000002,66.92226606131791
17,1627.1899999999998,66.54731803130677
17,1631.56,66.21692552587616
17,1635.94,65.93096624408761
17,1640.31,65.68404616727373
17,1644.69,65.47898895893701
17,1649.06,65.32515390366463
17,1653.44,65.223718978539
17,1657.81,65.16706852411153
17,1662.19,65.1417238662552
17,1666.56,65.13779175764301
17,1670.94,65.16182506327333
17,1675.3100000000002,65.23515920563372
17,1679.6899999999998,65.37672756390397
17,1684.06,65.58936626840605
17,1688.44,65.86688354085646
17,1692.81,66.2078624123464
17,1697.19,66.60798881458727
17,1701.56,67.05167598479373
17,1705.94,67.52030308867766
17,1710.31,67.99719221130509
17,1714.69,68.45195066697669
17,1719.06,68.87188398248792
17,1723.44,69.27685206459215
17,1727.8100000000002,69.67171204218936
17,1732.1899999999998,70.07641152489828
17,1736.5600000000002,70.55685449262587
17,1740.9399999999998,71.14105820003344
17,1745.31,71.81826862296074
17,1749.69,72.55529844219294
17,1754.06,73.29547065426335
17,1758.44,74.01799055525443
17,1762.81,74.6970969987651
17,1767.19,75.32549945268687
17,1771.56,75.86103580767004
17,1775.94,76.30556564955418
17,1780.31,76.68287299936391
17,1784.69,76.96758551262033
17,1789.0600000000002,77.14486100543019
17,1999.06,149.36044112903812
17,2003.4399999999998,147.33641115843184
17,2007.8100000000002,145.50472823027795
17,2012.1899999999998,144.63425885474322
17,2016.5600000000002,143.74764785180898
17,2020.94,142.71658327010738
17,2025.3100000000002,141.7975082958809
17,2029.69,140.8662899016907
17,2034.0600000000002,139.8704312073119
17,2038.44,138.804591757817
17,2042.8099999999997,137.66902445035868
17,2047.19,136.57026805220272
17,2051.56,135.4614936539542
17,2055.94,134.26678399305746
17,2060.31,133.15210502200932
17,2064.69,132.06147608801805
17,2069.06,130.8600571968263
17,2073.44,129.64803389518644
17,2077.81,128.54254504620926
17,2082.19,127.53836591673729
17,2086.56,126.56252650108009
17,2090.9399999999996,125.56026005920127
17,2095.31,124.51333721545517
17,2099.69,123.44498499482445
17,2104.06,122.42495013277181
17,2108.44,121.48753589043781
17,2112.81,120.58921654701655
17,2117.19,119.71504232300059
17,2121.56,118.87210486920625
17,2125.94,118.02194424579665
17,2130.31,117.13614529237049
17,2134.69,116.26108737887944
17,2139.0600000000004,115.41205219295779
17,2143.44,114.5683859341242
17,2147.8100000000004,113.71114071387905
17,2152.19,112.82896782875153
17,2156.56,111.97289786078358
17,2160.94,111.17243927613461
17,2165.31,110.38785061678212
17,2169.69,109.6417446420929
17,2174.06,108.94406475966456
17,2178.44,108.26869447160037
17,2182.81,107.59958728594457
17,2187.19,106.91871998378835
17,2191.56,106.27098865522038
17,2195.9399999999996,105.68316793529931
17,2200.31,105.19849215354458
17,2204.6899999999996,104.89728528220763
17,2209.06,104.75204160053968
17,2213.44,104.7066893199845
17,2217.81,104.80525094481791
17,2222.19,105.09472300656985
17,2226.56,105.48475800374246
17,2230.94,105.84354269822238
17,2235.31,106.19201911195708
17,2239.69,106.65958493613968
17,2244.06,107.3062086905167
17,2248.44,108.08929221767518
17,2252.8100000000004,108.93834710133822
17,2257.19,109.81490042081255
17,2261.56,110.69314404699968
17,2265.94,111.57681797485563
17,2270.31,112.46508257255077
17,2274.69,113.31414578207774
17,2279.06,114.12798578205876
17,2283.44,114.99606632015357
17,2287.81,115.98042308077137
17,2292.19,117.05754350886528
17,2296.56,118.14697327694425
17,2300.94,119.12519917621405
17,2305.31,119.94794461136547
17,2309.6899999999996,120.59968753118697
17,2314.06,121.08827350555144
17,2318.44,121.55494338599783
17,2322.81,122.1568945193449
17,2327.19,122.85432903752987
17,2331.56,123.58983012560401
17,2335.94,124.47287951801744
17,2340.31,125.66021459712078
17,2344.69,127.06982020381179
17,2349.06,128.59987625743935
17,2353.44,130.3221724699759
17,2357.8100000000004,131.9539047368018
17,2362.19,133.34012408017276
17,2366.5600000000004,134.67366270808907
17,2370.94,136.13318147016435
17,2375.31,137.52837116798125
17,2379.69,138.70235866231997
17,2384.06,139.75247809084303
17,2388.44,140.6604559605447
17,2392.81,141.41840084846243
17,2397.19,142.12892313424618
17,2401.56,142.77846999155267
17,2405.94,143.41973033348353
17,2410.31,144.21722473129523
17,2414.6899999999996,145.19670621974444
17,2419.06,146.16071395766812
17,2423.4399999999996,146.7904025733926
17,2427.81,147.29909310055987
17,2432.19,147.90394558521817
17,2436.56,148.70200523419356
17,2440.94,149.51490936218616
17,2445.31,150.56025199182537
17,2449.69,151.9169958740576
17,2454.06,152.1114672794073
17,2458.44,152.05703899018815
17,2462.81,152.5716086033707
17,2467.19,153.42453379895161
17,2471.5600000000004,154.73646155546686
20,402.188,139.33335900422188
20,406.56199999999995,138.28823278178044
20,410.93800000000005,136.98980996054
20,415.313,135.80253708865294
20,419.68699999999995,134.83260762466935
20,424.06300000000005,134.05477624818732
20,428.438,133.3443396110089
20,432.813,132.70154417428216
20,437.18800000000005,132.1775838409211
20,441.563,131.67234926765167
20,445.938,131.07445081344602
20,450.31300000000005,130.38281241143758
20,454.688,129.69923701204152
20,459.063,129.12699126446753
20,463.438,128.71900113335204
20,467.813,128.4439248484185
20,472.187,128.23010734867293
20,476.562,128.01842214076672
20,480.938,127.70012509711826
20,485.313,127.10462632004081
20,489.688,126.099372271222
20,494.063,124.5888224570586
20,498.438,122.36727113965836
20,502.812,119.26362417395818
20,507.188,115.41790116309116
20,511.563,111.10033013658764
20,515.937,106.63183027041913
20,520.313,102.6308200465017
20,524.687,99.52757353976483
20,529.062,97.24615383771105
20,533.438,95.63397454379428
20,537.813,94.52032979768813
20,542.188,93.72662446773445
20,546.563,93.14189867356933
20,550.938,92.74890232195762
20,555.312,92.60357306897782
20,559.688,92.7694923073936
20,564.063,93.263895108598
20,568.438,94.06003077842244
20,572.813,95.0704045890675
20,577.187,96.12057399045901
20,581.562,97.06711447194061
20,585.938,97.88343283686925
20,590.313,98.56099867898416
20,594.688,99.03338377239777
20,599.063,99.37188573289207
20,603.438,99.80772195027188
20,607.812,100.50412432214367
20,612.188,101.45083802074404
20,616.563,102.47929952994149
20,620.937,103.35742872392008
20,625.312,103.96381748475665
20,629.687,104.38954999055126
20,634.063,104.92468991283417
20,638.437,105.90033203349401
20,642.813,107.44458548592668
20,647.188,109.37483955184565
20,651.563,111.3501003754137
20,655.938,113.32281397208457
20,660.313,115.50333021617021
20,664.687,117.7655063767199
20,669.063,119.57457266525728
20,673.438,120.31724376080265
20,677.813,119.51457985186651
20,682.187,116.51282256264963
20,686.562,110.46782131039537
20,690.937,102.29790422881622
20,695.312,94.89462573111868
20,699.688,89.53271822925308
20,704.063,85.93217741072363
20,708.438,83.57418586014622
20,712.813,81.96984762124531
20,717.187,80.72999934776523
20,721.563,79.70218877577521
20,725.938,78.90975070697567
20,730.313,78.34199547520844
20,734.687,77.97300515282632
20,739.063,77.7486525706297
20,743.437,77.62072287107932
20,747.812,77.56146317546288
20,752.188,77.55046720666353
20,756.563,77.57958782099486
20,760.938,77.63036592891709
20,765.313,77.62285311937593
20,769.688,77.56645610971276
20,774.063,77.53115057572339
20,778.438,77.51863666818842
20,782.813,77.51737350038854
20,787.188,77.52180688510838
20,791.563,77.52148394528098
20,795.937,77.51501777095066
20,800.312,77.50914287828256
20,804.688,77.50585882523457
20,809.063,77.51725752785475
20,813.438,77.54670346762286
20,817.813,77.56543373047718
20,822.188,77.552396071951
20,826.5630000000001,77.5239412115028
20,830.937,77.48943568468842
20,835.313,77.4473242155462
20,839.688,77.40409963244359
20,844.063,77.36680200182313
20,848.437,77.33912795311413
20,852.812,77.31889639300215
20,857.187,77.30044572255419
20,861.563,77.28312757375349
20,865.938,77.26805161786017
20,870.313,77.25575072090164
20,874.687,77.24715524269553
20,879.063,77.24273612239797
20,883.437,77.24302351615064
20,887.813,77.25342665001604
20,892.188,77.28280496969897
20,896.562,77.32574732443797
20,900.938,77.35575071592514
20,905.312,77.36631342204736
20,909.6880000000001,77.37344132608148
20,914.062,77.37108432389863
20,918.438,77.35556670091826
20,922.813,77.34839535464283
20,927.188,77.36466489314546
20,931.563,77.4069116711557
20,935.937,77.47012132980016
20,940.312,77.5026103929337
20,944.688,77.49084230818441
20,949.063,77.46288041714568
20,953.438,77.43554771378638
20,957.812,77.41424367108029
20,962.187,77.391148276071
20,966.562,77.36261486853573
20,970.938,77.34070990247702
20,975.313,77.3253764817796
20,979.688,77.29778770868741
20,984.063,77.25172118311859
20,988.438,77.19531753644817
20,992.812,77.14174512513982
20,997.188,77.10713295410828
20,1001.5600000000001,77.09287273277764
20,1005.94,77.08641846584621
20,1010.3100000000001,77.0788017896414
20,1014.69,77.06965496064922
20,1019.0600000000001,77.06228621081566
20,1023.4399999999999,77.0562656947568
20,1027.81,77.04748952632167
20,1032.19,77.03548064454137
20,1036.56,77.02378525578949
20,1040.94,77.01494959432884
20,1045.31,77.00912524995755
20,1049.69,77.00542964993299
20,1054.06,77.00291536633543
20,1058.44,77.00131192851491
20,1062.81,77.00066227855152
20,1067.19,77.00050132506348
20,1071.5600000000002,76.99992777614379
20,1075.9399999999998,76.99980522974474
20,1080.3100000000002,77.00407400233628
20,1084.6899999999998,77.01438606577376
20,1089.06,77.02901912704341
20,1093.44,77.05041456605052
20,1097.81,77.07866946399086
20,1102.19,77.10535412420421
20,1106.56,77.12558188829739
20,1110.94,77.14524357012192
20,1115.31,77.17341360983309
20,1119.69,77.21631818724151
20,1124.06,77.26286360760368
20,1128.44,77.28248799638457
20,1132.8100000000002,77.29599437065434
20,1137.1899999999998,77.33358918884862
20,1141.56,77.39358141087831
20,1145.94,77.49705401698678
20,1150.31,77.63683746063818
20,1154.69,77.73548671704789
20,1159.06,77.7872380449962
20,1163.44,77.81547130971992
20,1167.81,77.83049724327692
20,1172.19,77.83921612178047
20,1176.56,77.85048015912182
20,1180.94,77.86797847825736
20,1185.3100000000002,77.88580060382824
20,1189.6899999999998,77.89663593854615
20,1194.06,77.90146594527997
20,1198.44,77.9018368638009
20,1202.81,77.89305110129064
20,1207.19,77.87552202194806
20,1211.56,77.8515878456869
20,1215.94,77.8197044391629
20,1220.31,77.78528517184944
20,1224.69,77.75243673501187
20,1229.06,77.71867080095932
20,1233.44,77.68514959504598
20,1237.8100000000002,77.65563237571756
20,1242.1899999999998,77.63171370316091
20,1246.56,77.61348272278389
20,1250.94,77.60159435542526
20,1255.31,77.59775205772179
20,1259.69,77.60435110204844
20,1264.06,77.61855261478628
20,1268.44,77.62885078726431
20,1272.81,77.63100361118549
20,1277.19,77.63700014623217
20,1281.56,77.6575218843249
20,1285.94,77.69472750431467
20,1290.3100000000002,77.74727705414858
20,1294.6899999999998,77.81448123360228
20,1299.0600000000002,77.8961435298159
20,1303.4399999999998,77.99515371291407
20,1307.81,78.11845275772022
20,1312.19,78.26961129430963
20,1316.56,78.44537978551584
20,1320.94,78.63885236223803
20,1325.31,78.84610881817497
20,1329.69,79.08974220200497
20,1334.06,79.3842238802191
20,1338.44,79.64042746526249
20,1342.81,79.81327075050996
20,1347.19,79.94039583673717
20,1500.31,98.6062141838541
20,1504.69,97.69707774641736
20,1509.0600000000002,96.8161574543809
20,1513.4399999999998,96.0000362861091
20,1517.8100000000002,95.21021482687377
20,1522.1899999999998,94.47196971771484
20,1526.56,93.78823705580692
20,1530.94,93.13650625448679
20,1535.31,92.52135661331448
20,1539.69,91.94289374417411
20,1544.06,91.39662067888082
20,1548.44,90.88713582309514
20,1552.81,90.41398877292912
20,1557.19,89.97247275367512
20,1561.56,89.5682463567877
20,1565.94,89.19717529538875
20,1570.3100000000002,88.8407130831854
20,1574.6899999999998,88.49443547963673
20,1579.06,88.17033006378206
20,1583.44,87.86963983062724
20,1587.81,87.5858590017756
20,1592.19,87.3190997216691
20,1596.56,87.07549004133746
20,1600.94,86.84947278590262
20,1605.31,86.63354663208203
20,1609.69,86.42466079973947
20,1614.06,86.22628818923113
20,1618.44,86.04884637952892
20,1622.8100000000002,85.89085657491245
20,1627.1899999999998,85.7485440462902
20,1631.56,85.62246086835667
20,1635.94,85.51138396718125
20,1640.31,85.41461621981037
20,1644.69,85.3343683920973
20,1649.06,85.27108865675372
20,1653.44,85.22466341597169
20,1657.81,85.19450332220855
20,1662.19,85.17520367942753
20,1666.56,85.1599760755716
20,1670.94,85.14869730174442
20,1675.3100000000002,85.14827658078316
20,1679.6899999999998,85.16591255385086
20,1684.06,85.20513695730274
20,1688.44,85.26746539876764
20,1692.81,85.35438727067333
20,1697.19,85.46578984106876
20,1701.56,85.59920978129108
20,1705.94,85.75021679754953
20,1710.31,85.91196292274795
20,1714.69,86.07312226260704
20,1719.06,86.22874946358263
20,1723.44,86.38457904334106
20,1727.8100000000002,86.53717597097132
20,1732.1899999999998,86.68884603610138
20,1736.5600000000002,86.86397128372867
20,1740.9399999999998,87.07502144930301
20,1745.31,87.3152151251037
20,1749.69,87.57219955148297
20,1754.06,87.82869964106274
20,1758.44,88.08069864899561
20,1762.81,88.31932617006404
20,1767.19,88.54059963609221
20,1771.56,88.73417581115632
20,1775.94,88.90111566284975
20,1780.31,89.04231285432911
20,1784.69,89.1479073065348
20,1789.0600000000002,89.21866101703716
20,1999.06,136.01347528736426
20,2003.4399999999998,134.1276295511789
20,2007.8100000000002,132.0826157005472
20,2012.1899999999998,130.7223998257917
20,2016.5600000000002,129.2767215995696
20,2020.94,127.88000224127478
20,2025.3100000000002,126.86287912027521
20,2029.69,125.99057400589186
20,2034.0600000000002,125.14432119648222
20,2038.44,124.2902293234331
20,2042.8099999999997,123.41769243691103
20,2047.19,122.61105169689553
20,2051.56,121.83600675759021
20,2055.94,121.00000613380068
20,2060.31,120.18992121996499
20,2064.69,119.38058589581537
20,2069.06,118.49207030894055
20,2073.44,117.62081221223319
20,2077.81,116.85490940622991
20,2082.19,116.17002955764274
20,2086.56,115.50893253459817
20,2090.9399999999996,114.84646492248744
20,2095.31,114.17784141280805
20,2099.69,113.50507448767956
20,2104.06,112.8611233549615
20,2108.44,112.27120861917983
20,2112.81,111.71122124524841
20,2117.19,111.1675142499094
20,2121.56,110.64135210944545
20,2125.94,110.11856894939412
20,2130.31,109.58852722940887
20,2134.69,109.06952184444245
20,2139.0600000000004,108.5639350770673
20,2143.44,108.06230006985564
20,2147.8100000000004,107.55274843293452
20,2152.19,107.02096022675205
20,2156.56,106.49664967332595
20,2160.94,106.00261278193265
20,2165.31,105.51862640706851
20,2169.69,105.06131735800031
20,2174.06,104.64094787032
20,2178.44,104.24349027975683
20,2182.81,103.85634698032614
20,2187.19,103.47071181692287
20,2191.56,103.11657711892666
20,2195.9399999999996,102.80414474108134
20,2200.31,102.53652890359488
20,2204.6899999999996,102.34063390315293
20,2209.06,102.21304664300395
20,2213.44,102.14139442906871
20,2217.81,102.14281868983761
20,2222.19,102.23784288335065
20,2226.56,102.40620655504156
20,2230.94,102.6142725611815
20,2235.31,102.87526589133708
20,2239.69,103.2355764961294
20,2244.06,103.72064476161779
20,2248.44,104.3187969080137
20,2252.8100000000004,104.99827123706507
20,2257.19,105.73838697103474
20,2261.56,106.52104938968682
20,2265.94,107.33606712860247
20,2270.31,108.16650014434668
20,2274.69,108.97687652846871
20,2279.06,109.77177749946377
20,2283.44,110.6065120460132
20,2287.81,111.51992420933657
20,2292.19,112.51545906618846
20,2296.56,113.54163615903074
20,2300.94,114.45960943274727
20,2305.31,115.17258323472343
20,2309.6899999999996,115.65325043124564
20,2314.06,115.94807916538619
20,2318.44,116.20344910422193
20,2322.81,116.58283864221231
20,2327.19,117.11569882492851
20,2331.56,117.7629067913609
20,2335.94,118.55041728558247
20,2340.31,119.53594606125696
20,2344.69,120.63136712228557
20,2349.06,121.74332202712546
20,2353.44,122.91499720036849
20,2357.8100000000004,123.99491404943461
20,2362.19,124.95140028516529
20,2366.5600000000004,125.95966807026609
20,2370.94,127.13981191165809
20,2375.31,128.30545505104993
20,2379.69,129.3650058929201
20,2384.06,130.41610856825426
20,2388.44,131.3525289942168
20,2392.81,132.14798858881872
20,2397.19,132.95168515277987
20,2401.56,133.79741012781813
20,2405.94,134.77628909798534
20,2410.31,136.03426524265242
20,2414.6899999999996,137.57664032055342
20,2419.06,138.9421677899247
20,2423.4399999999996,139.65980385911817
20,2427.81,140.29055922221895
20,2432.19,141.23982053466426
20,2436.56,142.65563297690989
20,2440.94,144.22101538238178
20,2445.31,146.60751122669708
20,2449.69,150.6718399051381
20,2454.06,152.13619801503995
20,2458.44,151.9885592965748
20,2462.81,153.30964007349556
20,2467.19,156.11541547902954
20,2471.5600000000004,160.44039299528743
22,402.188,106.94531337130184
22,406.56199999999995,106.63673839176514
22,410.93800000000005,106.34121030097845
22,415.313,106.21507912676711
22,419.68699999999995,106.26261722641262
22,424.06300000000005,106.4405797953139
22,428.438,106.65711207521697
22,432.813,106.85526699029964
22,437.18800000000005,106.99128897977054
22,441.563,107.02337290259901
22,445.938,106.9215790896305
22,450.31300000000005,106.70061927348662
22,454.688,106.4347784844034
22,459.063,106.19463498723798
22,463.438,106.02046124474276
22,467.813,105.90830381078263
22,472.187,105.8259734798811
22,476.562,105.73996220740224
22,480.938,105.58597656992433
22,485.313,105.25871486197025
22,489.688,104.67503424425966
22,494.063,103.78296875408265
22,498.438,102.47550494245377
22,502.812,100.67725300594914
22,507.188,98.49026331940344
22,511.563,96.07217473744323
22,515.937,93.60147881662972
22,520.313,91.40938660024047
22,524.687,89.70653848397522
22,529.062,88.44277468938574
22,533.438,87.54116151730427
22,537.813,86.91258058073112
22,542.188,86.45819167853801
22,546.563,86.11400413913505
22,550.938,85.87050888454726
22,555.312,85.76375072944518
22,559.688,85.83574259807499
22,564.063,86.10059006891089
22,568.438,86.53922555199976
22,572.813,87.09059812448123
22,577.187,87.6512838645378
22,581.562,88.15004318435959
22,585.938,88.5850327143257
22,590.313,88.94808105530163
22,594.688,89.18376628426964
22,599.063,89.33079326771393
22,603.438,89.5326226183632
22,607.812,89.8868029284621
22,612.188,90.3848922994567
22,616.563,90.93165938277228
22,620.937,91.40379923708004
22,625.312,91.73752903105394
22,629.687,91.97277982651285
22,634.063,92.25236901839293
22,638.437,92.75590614853279
22,642.813,93.57071152264112
22,647.188,94.61863011084402
22,651.563,95.71999570058438
22,655.938,96.8464873335418
22,660.313,98.1288724641436
22,664.687,99.51448927621664
22,669.063,100.68047221633616
22,673.438,101.20511141463737
22,677.813,100.73574293577725
22,682.187,98.8585762807873
22,686.562,95.20358382077868
22,690.937,90.58413469119098
22,695.312,86.54719795019062
22,699.688,83.47579950116778
22,704.063,81.180747676666
22,708.438,79.51182715439376
22,712.813,78.30024192684301
22,717.187,77.36336928918477
22,721.563,76.65787129773297
22,725.938,76.23769063326127
22,730.313,76.08272670366601
22,734.687,76.12206830309452
22,739.063,76.27165685897326
22,743.437,76.46726219639972
22,747.812,76.66518341894813
22,752.188,76.8434338551143
22,756.563,77.01249593991865
22,760.938,77.20048060812846
22,765.313,77.3446854670655
22,769.688,77.39752120185742
22,774.063,77.4243024672294
22,778.438,77.44285036284714
22,782.813,77.44857245209553
22,787.188,77.44588521706652
22,791.563,77.43524590064852
22,795.937,77.41901202848851
22,800.312,77.40293222401132
22,804.688,77.38884679557103
22,809.063,77.38593704272078
22,813.438,77.39574602993716
22,817.813,77.39550360273054
22,822.188,77.36966412966048
22,826.5630000000001,77.33056276090512
22,830.937,77.28550904173271
22,835.313,77.23589807398982
22,839.688,77.18856310675535
22,844.063,77.14807681030209
22,848.437,77.1158519859594
22,852.812,77.08932220715957
22,857.187,77.06417642340779
22,861.563,77.04005044939109
22,865.938,77.01709569372969
22,870.313,76.99535322100326
22,874.687,76.97565876569395
22,879.063,76.95848334728782
22,883.437,76.94494727811399
22,887.813,76.94014618400291
22,892.188,76.95094521505253
22,896.562,76.97164790999824
22,900.938,76.98091511885725
22,905.312,76.97533026064292
22,909.6880000000001,76.96583193446472
22,914.062,76.94425628082895
22,918.438,76.90814891033071
22,922.813,76.87738344184855
22,927.188,76.86341407369154
22,931.563,76.85533438367558
22,935.937,76.81232045212943
22,940.312,76.71504190558326
22,944.688,76.58787018025906
22,949.063,76.42715155389185
22,953.438,76.26228491785156
22,957.812,76.12736898196974
22,962.187,76.03300769523726
22,966.562,75.97199831535633
22,970.938,75.93827768765625
22,975.313,75.92138332587184
22,979.688,75.90433347716639
22,984.063,75.88052663795514
22,988.438,75.85376386087651
22,992.812,75.83512169911937
22,997.188,75.83968330759147
22,1001.5600000000001,75.86824204365554
22,1005.94,75.9090988460574
22,1010.3100000000001,75.95311275492102
22,1014.69,75.99794684482703
22,1019.0600000000001,76.04576448579697
22,1023.4399999999999,76.09603229108484
22,1027.81,76.14416210933041
22,1032.19,76.18875082510024
22,1036.56,76.23229061117303
22,1040.94,76.27519570437978
22,1045.31,76.31489610229139
22,1049.69,76.34863362411238
22,1054.06,76.3739838988133
22,1058.44,76.39072793125791
22,1062.81,76.40086710061684
22,1067.19,76.40581699961942
22,1071.5600000000002,76.40560643000074
22,1075.9399999999998,76.40110413724017
22,1080.3100000000002,76.39517682739685
22,1084.6899999999998,76.38891597561157
22,1089.06,76.38150736346414
22,1093.44,76.37479125763984
22,1097.81,76.36839877252217
22,1102.19,76.35696110915376
22,1106.56,76.33980295653305
22,1110.94,76.32526863998503
22,1115.31,76.31910668090319
22,1119.69,76.31165224365787
22,1124.06,76.25727916250206
22,1128.44,76.11569251487124
22,1132.8100000000002,75.9413098592888
22,1137.1899999999998,75.79550132165896
22,1141.56,75.68196671354606
22,1145.94,75.568047157946
22,1150.31,75.49391862653961
22,1154.69,75.47369804344565
22,1159.06,75.47160201837188
22,1163.44,75.47362719551197
22,1167.81,75.47394018394822
22,1172.19,75.47230965032978
22,1176.56,75.47405761435682
22,1180.94,75.48085775268287
22,1185.3100000000002,75.48662899438216
22,1189.6899999999998,75.48635779500931
22,1194.06,75.48365654124295
22,1198.44,75.4823990048063
22,1202.81,75.47957644290277
22,1207.19,75.47434055950134
22,1211.56,75.46719043334073
22,1215.94,75.45558053033815
22,1220.31,75.44245027833563
22,1224.69,75.43046099134835
22,1229.06,75.41817394229705
22,1233.44,75.40735030251
22,1237.8100000000002,75.40088339366659
22,1242.1899999999998,75.39979836500859
22,1246.56,75.40397417047721
22,1250.94,75.41265818819937
22,1255.31,75.42568413135668
22,1259.69,75.44471958681358
22,1264.06,75.46699537831587
22,1268.44,75.48036019439624
22,1272.81,75.47900678459398
22,1277.19,75.47347805644009
22,1281.56,75.47323007795362
22,1285.94,75.4805600440101
22,1290.3100000000002,75.49483985656722
22,1294.6899999999998,75.51447749956415
22,1299.0600000000002,75.53877195683326
22,1303.4399999999998,75.57050591519688
22,1307.81,75.61593592154594
22,1312.19,75.67865897925796
22,1316.56,75.75774005192477
22,1320.94,75.85298138943526
22,1325.31,75.96549532117659
22,1329.69,76.10929249452364
22,1334.06,76.2927542116244
22,1338.44,76.4575618943943
22,1342.81,76.57147808255084
22,1347.19,76.65807313154647
22,1500.31,90.10828856798693
22,1504.69,89.47017070360197
22,1509.0600000000002,88.85085287936015
22,1513.4399999999998,88.27737128202881
22,1517.8100000000002,87.72190472211274
22,1522.1899999999998,87.2016541540653
22,1526.56,86.71914411359386
22,1530.94,86.25810322928969
22,1535.31,85.82170879726961
22,1539.69,85.41094071990032
22,1544.06,85.02327871600518
22,1548.44,84.66212953285299
22,1552.81,84.32718474656757
22,1557.19,84.01545242642302
22,1561.56,83.73063250339328
22,1565.94,83.46956199925805
22,1570.3100000000002,83.21909971268553
22,1574.6899999999998,82.97544567669382
22,1579.06,82.74688233180558
22,1583.44,82.53470633995451
22,1587.81,82.33448181916762
22,1592.19,82.14645386543906
22,1596.56,81.97556116761866
22,1600.94,81.81793805788273
22,1605.31,81.66722533683713
22,1609.69,81.5205322629525
22,1614.06,81.38043366338762
22,1618.44,81.25514446450921
22,1622.8100000000002,81.14402054051688
22,1627.1899999999998,81.04458455102204
22,1631.56,80.95719089017483
22,1635.94,80.88031776504742
22,1640.31,80.81342150947181
22,1644.69,80.75843101516324
22,1649.06,80.71584338581464
22,1653.44,80.6866193534731
22,1657.81,80.67118424259873
22,1662.19,80.66485818488017
22,1666.56,80.66060834782644
22,1670.94,80.65645074575146
22,1675.3100000000002,80.65682260293904
22,1679.6899999999998,80.6663997217106
22,1684.06,80.6866428714312
22,1688.44,80.71808882768636
22,1692.81,80.76218143068272
22,1697.19,80.82095096494896
22,1701.56,80.8963145727328
22,1705.94,80.98829722076238
22,1710.31,81.09391175451279
22,1714.69,81.20655010509967
22,1719.06,81.32264246270256
22,1723.44,81.4446115264438
22,1727.8100000000002,81.56591663506025
22,1732.1899999999998,81.68415836290797
22,1736.5600000000002,81.81519784769962
22,1740.9399999999998,81.9668269744987
22,1745.31,82.13343821147708
22,1749.69,82.3089304992098
22,1754.06,82.48526754468845
22,1758.44,82.66218637291796
22,1762.81,82.83359094878627
22,1767.19,82.99527064705316
22,1771.56,83.13961535925935
22,1775.94,83.26715056519949
22,1780.31,83.37691823991437
22,1784.69,83.46127907601324
22,1789.0600000000002,83.52064932718503
22,1999.06,116.6535067943015
22,2003.4399999999998,115.38843996136285
22,2007.8100000000002,114.0080049064016
22,2012.1899999999998,113.08883483319228
22,2016.5600000000002,112.08763719125476
22,2020.94,111.08358619294665
22,2025.3100000000002,110.35082671097184
22,2029.69,109.72869001841244
22,2034.0600000000002,109.12064128642487
22,2038.44,108.49669531116663
22,2042.8099999999997,107.8515417336389
22,2047.19,107.25593109560904
22,2051.56,106.69234719843514
22,2055.94,106.08759161157218
22,2060.31,105.49495425808118
22,2064.69,104.89473841367823
22,2069.06,104.23006988232473
22,2073.44,103.58101214568964
22,2077.81,103.01903104873715
22,2082.19,102.52292462570946
22,2086.56,102.04601110144141
22,2090.9399999999996,101.56741167395518
22,2095.31,101.08379140163639
22,2099.69,100.59826507231158
22,2104.06,100.1349493849632
22,2108.44,99.71105469470389
22,2112.81,99.30880283996228
22,2117.19,98.9189296350697
22,2121.56,98.54251401491139
22,2125.94,98.16825135372393
22,2130.31,97.78855756499901
22,2134.69,97.41864638563659
22,2139.0600000000004,97.06138117967281
22,2143.44,96.71008579162104
22,2147.8100000000004,96.35758528678457
22,2152.19,95.99329076528358
22,2156.56,95.63454902800896
22,2160.94,95.29606477706835
22,2165.31,94.96425945069159
22,2169.69,94.65050799270581
22,2174.06,94.36174116597577
22,2178.44,94.08810942768271
22,2182.81,93.82184203810928
22,2187.19,93.55744892894475
22,2191.56,93.31527381270085
22,2195.9399999999996,93.10286015401779
22,2200.31,92.92225622444722
22,2204.6899999999996,92.79122505774299
22,2209.06,92.70641956009985
22,2213.44,92.65884212202089
22,2217.81,92.66029294333595
22,2222.19,92.72329444136767
22,2226.56,92.82982111879473
22,2230.94,92.95294069634173
22,2235.31,93.10073302332144
22,2239.69,93.30710654707438
22,2244.06,93.59142463864181
22,2248.44,93.94659977861795
22,2252.8100000000004,94.35395511789696
22,2257.19,94.80225902737241
22,2261.56,95.28010591877435
22,2265.94,95.7811974378241
22,2270.31,96.29490622593136
22,2274.69,96.79601154420729
22,2279.06,97.28365734031851
22,2283.44,97.7929418856087
22,2287.81,98.35272892509255
22,2292.19,98.96540018205106
22,2296.56,99.59695179996658
22,2300.94,100.16390402755934
22,2305.31,100.61443885946679
22,2309.6899999999996,100.93654090958111
22,2314.06,101.15663428860755
22,2318.44,101.36279925911565
22,2322.81,101.64792868546029
22,2327.19,102.01698541671422
22,2331.56,102.4468455683965
22,2335.94,102.9697992132999
22,2340.31,103.63899504230045
22,2344.69,104.40196154151648
22,2349.06,105.20106048273786
22,2353.44,106.06714489945834
22,2357.8100000000004,106.87749324279983
22,2362.19,107.59729356142631
22,2366.5600000000004,108.35396754981781
22,2370.94,109.23504591002575
22,2375.31,110.09918391516436
22,2379.69,110.87724048277971
22,2384.06,111.63206125692757
22,2388.44,112.28034222693056
22,2392.81,112.81825491072797
22,2397.19,113.36530077924564
22,2401.56,113.94951771376228
22,2405.94,114.64296767677773
22,2410.31,115.56338072867001
22,2414.6899999999996,116.68633785071859
22,2419.06,117.57847934675158
22,2423.4399999999996,117.96185380594106
22,2427.81,118.33975874216918
22,2432.19,118.9699551996578
22,2436.56,119.91655609052513
22,2440.94,121.02881229703762
22,2445.31,122.91778545103878
22,2449.69,126.1420092269768
22,2454.06,126.93019104846428
22,2458.44,126.51418732133477
22,2462.81,127.55571482556907
22,2467.19,130.01150521721715
22,2471.5600000000004,133.85061147502168
25,402.188,108.3693540111715
25,406.56199999999995,108.19497544339947
25,410.93800000000005,108.09262368338347
25,415.313,108.18651141543893
25,419.68699999999995,108.45094604982204
25,424.06300000000005,108.82570446313105
25,428.438,109.21568605385087
25,432.813,109.5592420247283
25,437.18800000000005,109.80166406783638
25,441.563,109.91328301085703
25,445.938,109.87785906290084
25,450.31300000000005,109.71373241835289
25,454.688,109.498909888692
25,459.063,109.30778889084371
25,463.438,109.18101258500414
25,467.813,109.11387660823293
25,472.187,109.07277273576838
25,476.562,109.02216880050979
25,480.938,108.90021999533337
25,485.313,108.60801488625016
25,489.688,108.06443050759546
25,494.063,107.21266991819371
25,498.438,105.94077713306056
25,502.812,104.16318458569825
25,507.188,101.95998026531001
25,511.563,99.46866964108091
25,515.937,96.86057147911971
25,520.313,94.48738385929501
25,524.687,92.5983858495113
25,529.062,91.166794054757
25,533.438,90.12739743102314
25,537.813,89.39159669183829
25,542.188,88.85350157502798
25,546.563,88.4438360350966
25,550.938,88.15469969725459
25,555.312,88.03061785384969
25,559.688,88.12191269288826
25,564.063,88.44313739102802
25,568.438,88.96880907268167
25,572.813,89.6264690606585
25,577.187,90.29517685774367
25,581.562,90.89105871039465
25,585.938,91.4114523579762
25,590.313,91.84867695043032
25,594.688,92.14162723403125
25,599.063,92.33380122464283
25,603.438,92.58594965874839
25,607.812,93.00755600219037
25,612.188,93.58925587600775
25,616.563,94.22405030533253
25,620.937,94.77341819907252
25,625.312,95.16639616255895
25,629.687,95.44958700311291
25,634.063,95.78699369053327
25,638.437,96.38330567946724
25,642.813,97.33246756049412
25,647.188,98.53540524914128
25,651.563,99.78009600540487
25,655.938,101.03208357249459
25,660.313,102.4410548944125
25,664.687,103.9550780690577
25,669.063,105.22830435718859
25,673.438,105.81307330551826
25,677.813,105.33271299536236
25,682.187,103.32087859532058
25,686.562,99.29950052866057
25,690.937,94.04547504283491
25,695.312,89.30650167131452
25,699.688,85.66167183008355
25,704.063,82.96886269315527
25,708.438,81.04879157129326
25,712.813,79.67671479584554
25,717.187,78.61725948597112
25,721.563,77.7976686272012
25,725.938,77.26335566609438
25,730.313,76.9892922127271
25,734.687,76.90782932697917
25,739.063,76.93831541230385
25,743.437,77.02189737915918
25,747.812,77.12430794130843
25,752.188,77.22885986493185
25,756.563,77.34297269016585
25,760.938,77.47808782774368
25,765.313,77.56037642674937
25,769.688,77.56449609884129
25,774.063,77.56132738546975
25,778.438,77.56241959321014
25,782.813,77.56073481283678
25,787.188,77.55700564344158
25,791.563,77.54624039326221
25,795.937,77.52884254252116
25,800.312,77.51140774751315
25,804.688,77.4962521624947
25,809.063,77.49493767389355
25,813.438,77.50961824886747
25,817.813,77.51251633487688
25,822.188,77.48488076478603
25,826.5630000000001,77.44228989881995
25,830.937,77.39327841160998
25,835.313,77.33795987948666
25,839.688,77.28382599845484
25,844.063,77.2369583080376
25,848.437,77.19973374855475
25,852.812,77.16937568085578
25,857.187,77.14076651555062
25,861.563,77.11351867279261
25,865.938,77.08791358506785
25,870.313,77.06408945194644
25,874.687,77.04315497374483
25,879.063,77.02562697424338
25,883.437,77.01257237288769
25,887.813,77.00984859439943
25,892.188,77.02573398570128
25,896.562,77.05376920989333
25,900.938,77.06840199811448
25,905.312,77.06512121691344
25,909.6880000000001,77.05755482791446
25,914.062,77.0365825753524
25,918.438,76.99899712799912
25,922.813,76.96807005080615
25,927.188,76.95794821249842
25,931.563,76.96006747843819
25,935.937,76.9392039570959
25,940.312,76.86691928058865
25,944.688,76.75860072369065
25,949.063,76.61487008572911
25,953.438,76.46267370168319
25,957.812,76.33279350745673
25,962.187,76.23494984663941
25,966.562,76.16581746864118
25,970.938,76.12463060777365
25,975.313,76.10121789850626
25,979.688,76.0753636650261
25,984.063,76.03877369203951
25,988.438,75.99486794623029
25,992.812,75.95805474132906
25,997.188,75.94986350445238
25,1001.5600000000001,75.97165992274708
25,1005.94,76.00684958833838
25,1010.3100000000001,76.04274044985932
25,1014.69,76.07698906282555
25,1019.0600000000001,76.1130985026362
25,1023.4399999999999,76.15070754823944
25,1027.81,76.18457490512563
25,1032.19,76.21318123841331
25,1036.56,76.23968564762365
25,1040.94,76.2658458935517
25,1045.31,76.29050720278386
25,1049.69,76.3118852641225
25,1054.06,76.32823334339977
25,1058.44,76.33914273021729
25,1062.81,76.34538027714535
25,1067.19,76.3471457501218
25,1071.5600000000002,76.3439538565864
25,1075.9399999999998,76.33683916315516
25,1080.3100000000002,76.32942766977008
25,1084.6899999999998,76.32327020028139
25,1089.06,76.31739515723467
25,1093.44,76.31447987461935
25,1097.81,76.31478876898818
25,1102.19,76.31165686533362
25,1106.56,76.30288979514692
25,1110.94,76.29635507690836
25,1115.31,76.2982494342947
25,1119.69,76.300329464556
25,1124.06,76.25802547609032
25,1128.44,76.12843008352311
25,1132.8100000000002,75.96443531815818
25,1137.1899999999998,75.82864873228814
25,1141.56,75.72552832296377
25,1145.94,75.62509645773609
25,1150.31,75.56498567490158
25,1154.69,75.55269954802762
25,1159.06,75.55321813610017
25,1163.44,75.55514619825296
25,1167.81,75.55387734427119
25,1172.19,75.55017140155987
25,1176.56,75.55048258148535
25,1180.94,75.55703686940348
25,1185.3100000000002,75.5632183401591
25,1189.6899999999998,75.56317209832375
25,1194.06,75.56041914462574
25,1198.44,75.55865520568084
25,1202.81,75.55394283738582
25,1207.19,75.54509231335277
25,1211.56,75.53257487031459
25,1215.94,75.51371245333401
25,1220.31,75.49257649591024
25,1224.69,75.47281833735788
25,1229.06,75.45298394739093
25,1233.44,75.43498210600728
25,1237.8100000000002,75.4219837675641
25,1242.1899999999998,75.41504088669151
25,1246.56,75.41397006385057
25,1250.94,75.41819428018471
25,1255.31,75.42785413648362
25,1259.69,75.44473972824103
25,1264.06,75.46559626942644
25,1268.44,75.47719174856188
25,1272.81,75.47364082910619
25,1277.19,75.4668136237914
25,1281.56,75.46712493217258
25,1285.94,75.47697666613135
25,1290.3100000000002,75.49542434352738
25,1294.6899999999998,75.52052685138237
25,1299.0600000000002,75.55119625655115
25,1303.4399999999998,75.5904513212829
25,1307.81,75.64555196742577
25,1312.19,75.72061593618847
25,1316.56,75.81454742948259
25,1320.94,75.92658963180466
25,1325.31,76.05704868846345
25,1329.69,76.22156446419271
25,1334.06,76.4305702609423
25,1338.44,76.61876779455767
25,1342.81,76.74912256606106
25,1347.19,76.84765140806785
25,1500.31,95.05002856075033
25,1504.69,94.15164542356007
25,1509.0600000000002,93.2799245528501
25,1513.4399999999998,92.47096143606824
25,1517.8100000000002,91.68733808651402
25,1522.1899999999998,90.95441271540338
25,1526.56,90.27533122285178
25,1530.94,89.62850302318616
25,1535.31,89.01893785931104
25,1539.69,88.44688898449414
25,1544.06,87.90820038945093
25,1548.44,87.40771874225895
25,1552.81,86.94493447422637
25,1557.19,86.514906726466
25,1561.56,86.12281501061946
25,1565.94,85.76419952895601
25,1570.3100000000002,85.4206990105555
25,1574.6899999999998,85.08786193086245
25,1579.06,84.77714821607142
25,1583.44,84.48963253388999
25,1587.81,84.21907427321432
25,1592.19,83.9656968737966
25,1596.56,83.73555276685025
25,1600.94,83.52341285732166
25,1605.31,83.32183568591428
25,1609.69,83.12751435166716
25,1614.06,82.94327745903846
25,1618.44,82.77884158112127
25,1622.8100000000002,82.63317396164
25,1627.1899999999998,82.50317675137303
25,1631.56,82.38948531593248
25,1635.94,82.2908085741295
25,1640.31,82.20669086274461
25,1644.69,82.1396164889817
25,1649.06,82.09035353957405
25,1653.44,82.0589455539779
25,1657.81,82.04406535704284
25,1662.19,82.03912447258735
25,1666.56,82.03602334786324
25,1670.94,82.03372732476514
25,1675.3100000000002,82.0398914872322
25,1679.6899999999998,82.06259676273852
25,1684.06,82.10471883870119
25,1688.44,82.16674689170272
25,1692.81,82.24990961898511
25,1697.19,82.35503655346153
25,1701.56,82.48152774708618
25,1705.94,82.62680772629307
25,1710.31,82.7854128184091
25,1714.69,82.94638340340047
25,1719.06,83.10381614832254
25,1723.44,83.26174142147781
25,1727.8100000000002,83.41440760272162
25,1732.1899999999998,83.56195047590373
25,1736.5600000000002,83.72756934482054
25,1740.9399999999998,83.92408995438161
25,1745.31,84.14626297360279
25,1749.69,84.38409047361051
25,1754.06,84.62276027710554
25,1758.44,84.85904211324934
25,1762.81,85.08459116086863
25,1767.19,85.2951611286934
25,1771.56,85.48073823724016
25,1775.94,85.64273111523724
25,1780.31,85.78249490537425
25,1784.69,85.89016840738456
25,1789.0600000000002,85.96409437243877
25,1999.06,130.06924240696588
25,2003.4399999999998,128.38307754574362
25,2007.8100000000002,126.63869978554771
25,2012.1899999999998,125.60222555036079
25,2016.5600000000002,124.54911197012567
25,2020.94,123.44913450844963
25,2025.3100000000002,122.5892625232962
25,2029.69,121.81577457309601
25,2034.0600000000002,121.04005348698017
25,2038.44,120.23812142755435
25,2042.8099999999997,119.40659695164926
25,2047.19,118.63067207674544
25,2051.56,117.88153351245023
25,2055.94,117.08165293694104
25,2060.31,116.31895153476816
25,2064.69,115.56024165145477
25,2069.06,114.72323825703367
25,2073.44,113.89487606510562
25,2077.81,113.1618668511747
25,2082.19,112.50952254451536
25,2086.56,111.88373418370423
25,2090.9399999999996,111.25148172115993
25,2095.31,110.603648296895
25,2099.69,109.95059145320421
25,2104.06,109.33011463257274
25,2108.44,108.76308487095578
25,2112.81,108.22400290048797
25,2117.19,107.70195330310611
25,2121.56,107.199316257832
25,2125.94,106.69594478184545
25,2130.31,106.17721863028689
25,2134.69,105.66696830080002
25,2139.0600000000004,105.17106155980984
25,2143.44,104.67747457446002
25,2147.8100000000004,104.17490259068008
25,2152.19,103.65254539569825
25,2156.56,103.13904176415734
25,2160.94,102.65477396580273
25,2165.31,102.17945115326515
25,2169.69,101.72941652358833
25,2174.06,101.31379857805027
25,2178.44,100.91842100159501
25,2182.81,100.53212814812404
25,2187.19,100.14576657319849
25,2191.56,99.78746687344268
25,2195.9399999999996,99.46832770684033
25,2200.31,99.19687907781528
25,2204.6899999999996,99.00487345225852
25,2209.06,98.88471926619012
25,2213.44,98.81713046639504
25,2217.81,98.82100057813724
25,2222.19,98.91893381867041
25,2226.56,99.08132876428955
25,2230.94,99.26265194729342
25,2235.31,99.47591467753753
25,2239.69,99.77670328033167
25,2244.06,100.19475534512456
25,2248.44,100.71508287419458
25,2252.8100000000004,101.3035586229372
25,2257.19,101.9393529149718
25,2261.56,102.60513993380613
25,2265.94,103.29422728716938
25,2270.31,103.99547404919602
25,2274.69,104.67555910523596
25,2279.06,105.33388487713671
25,2283.44,106.02269933817755
25,2287.81,106.78376912979812
25,2292.19,107.61524132454842
25,2296.56,108.46517357073976
25,2300.94,109.22105883705069
25,2305.31,109.81832483576872
25,2309.6899999999996,110.24062091178932
25,2314.06,110.51593978932297
25,2318.44,110.76282538027651
25,2322.81,111.11775263099506
25,2327.19,111.58939486813561
25,2331.56,112.14088427463848
25,2335.94,112.82002429242235
25,2340.31,113.70670740329115
25,2344.69,114.73151114206442
25,2349.06,115.81752145120072
25,2353.44,117.0102651561419
25,2357.8100000000004,118.13396874852407
25,2362.19,119.12582910501568
25,2366.5600000000004,120.15067485367739
25,2370.94,121.32754905245318
25,2375.31,122.47346176844324
25,2379.69,123.4839981837157
25,2384.06,124.43169463876688
25,2388.44,125.22884541378609
25,2392.81,125.8872533904857
25,2397.19,126.55187894705695
25,2401.56,127.24346022127312
25,2405.94,128.04573201531707
25,2410.31,129.11539172089576
25,2414.6899999999996,130.42154166671205
25,2419.06,131.45234656760653
25,2423.4399999999996,131.89921578370007
25,2427.81,132.3487972145256
25,2432.19,133.0914367933688
25,2436.56,134.198938042786
25,2440.94,135.4925725589382
25,2445.31,137.63692550567453
25,2449.69,141.1596601515447
25,2454.06,141.90973940696486
25,2458.44,141.44431678911232
25,2462.81,142.61278914315653
25,2467.19,145.29011530986475
25,2471.5600000000004,149.44312129654486
27,402.188,116.33150055342614
27,406.56199999999995,115.78486780199204
27,410.93800000000005,115.11245702504307
27,415.313,114.51574030631735
27,419.68699999999995,114.0537017300131
27,424.06300000000005,113.71446165424727
27,428.438,113.4153514833923
27,432.813,113.13969744033041
27,437.18800000000005,112.89780761120699
27,441.563,112.6287936777157
27,445.938,112.27199280468754
27,450.31300000000005,111.83551243893537
27,454.688,111.39745125359907
27,459.063,111.03595620648167
27,463.438,110.79202445819898
27,467.813,110.64724802396894
27,472.187,110.55178108520263
27,476.562,110.45888422753076
27,480.938,110.28579806243538
27,485.313,109.89990523458737
27,489.688,109.19092686921297
27,494.063,108.08310950884727
27,498.438,106.43587109637063
27,502.812,104.15157506949105
27,507.188,101.36446525744208
27,511.563,98.29066362429909
27,515.937,95.17280704043188
27,520.313,92.43946569638605
27,524.687,90.35341522757285
27,529.062,88.83558743700769
27,533.438,87.7714993582353
27,537.813,87.04036001378533
27,542.188,86.51862036823424
27,546.563,86.1286508946861
27,550.938,85.85890125387941
27,555.312,85.7520392720253
27,559.688,85.8580901812896
27,564.063,86.19571587310888
27,568.438,86.74949107974157
27,572.813,87.45748719550411
27,577.187,88.19865240203893
27,581.562,88.87736936646262
27,585.938,89.48073506974525
27,590.313,89.99937475579588
27,594.688,90.36996346514834
27,599.063,90.63821875611721
27,603.438,90.98269246956949
27,607.812,91.53437625101374
27,612.188,92.29250963180104
27,616.563,93.1338550932094
27,620.937,93.88129580019408
27,625.312,94.43552512719621
27,629.687,94.85488004454983
27,634.063,95.35653896170321
27,638.437,96.21269199817407
27,642.813,97.55775149767186
27,647.188,99.27866641315926
27,651.563,101.10760229997433
27,655.938,103.00856795492092
27,660.313,105.18766418693957
27,664.687,107.55605294503472
27,669.063,109.60090300000134
27,673.438,110.66854974621714
27,677.813,110.21318301402077
27,682.187,107.55268287617082
27,686.562,101.9712029392289
27,690.937,94.62734200617034
27,695.312,88.3106222498631
27,699.688,83.93631686148137
27,704.063,81.04825686680813
27,708.438,79.14618645669208
27,712.813,77.84313440683111
27,717.187,76.85506968043944
27,721.563,76.0969283171598
27,725.938,75.60869195186841
27,730.313,75.37516569606821
27,734.687,75.33922197799477
27,739.063,75.4212540048449
27,743.437,75.55513788433488
27,747.812,75.6967274934203
27,752.188,75.82537752719652
27,756.563,75.95214386807238
27,760.938,76.09536235500374
27,765.313,76.18787169659835
27,769.688,76.2021043662192
27,774.063,76.20464723629445
27,778.438,76.20556453747086
27,782.813,76.19767369134269
27,787.188,76.183648719795
27,791.563,76.16100457246439
27,795.937,76.13168499020637
27,800.312,76.10259427678317
27,804.688,76.0759947187208
27,809.063,76.0630650372374
27,813.438,76.06457619255968
27,817.813,76.05219484627439
27,822.188,76.00899959193677
27,826.5630000000001,75.95126961465746
27,830.937,75.88754756852134
27,835.313,75.81905684697499
27,839.688,75.75347754358297
27,844.063,75.69585997548222
27,848.437,75.64762607273866
27,852.812,75.60547342494331
27,857.187,75.56479712040012
27,861.563,75.52589020401246
27,865.938,75.48858209906516
27,870.313,75.45297236960373
27,874.687,75.42055878508361
27,879.063,75.39139013975505
27,883.437,75.36637335182905
27,887.813,75.35198785534696
27,892.188,75.35662145858001
27,896.562,75.37242620738462
27,900.938,75.373592502211
27,905.312,75.35808889600288
27,909.6880000000001,75.33905309781709
27,914.062,75.30641873008994
27,918.438,75.25937525989467
27,922.813,75.22291157510548
27,927.188,75.2107652720802
27,931.563,75.2138447059363
27,935.937,75.1951142971281
27,940.312,75.12246566763213
27,944.688,75.01280894391826
27,949.063,74.86975325329107
27,953.438,74.72112698197802
27,957.812,74.59492841913531
27,962.187,74.49776147750059
27,966.562,74.42696462168
27,970.938,74.3835836336914
27,975.313,74.3574211021016
27,979.688,74.32745913607562
27,984.063,74.28317617750785
27,988.438,74.22462693933797
27,992.812,74.16927684106778
27,997.188,74.14600371973094
27,1001.5600000000001,74.15713568463485
27,1005.94,74.18322843219524
27,1010.3100000000001,74.21036436886322
27,1014.69,74.23622546453545
27,1019.0600000000001,74.26407111176302
27,1023.4399999999999,74.29299394274923
27,1027.81,74.3177931227434
27,1032.19,74.33786969080744
27,1036.56,74.35713595531772
27,1040.94,74.37714863880599
27,1045.31,74.39616914525719
27,1049.69,74.41191902165528
27,1054.06,74.42252978426734
27,1058.44,74.42800436673042
27,1062.81,74.42963752732477
27,1067.19,74.42780644726274
27,1071.5600000000002,74.42205179895788
27,1075.9399999999998,74.41365678527697
27,1080.3100000000002,74.40649592768347
27,1084.6899999999998,74.40222469437117
27,1089.06,74.39944311140938
27,1093.44,74.39972834701112
27,1097.81,74.40283161900855
27,1102.19,74.40264119250347
27,1106.56,74.3971821555152
27,1110.94,74.3938257122727
27,1115.31,74.39893892501989
27,1119.69,74.40702974445492
27,1124.06,74.38257478483004
27,1128.44,74.29121664627382
27,1132.8100000000002,74.17961767993995
27,1137.1899999999998,74.09999205224736
27,1141.56,74.05503954865227
27,1145.94,74.03551989938197
27,1150.31,74.06416832861191
27,1154.69,74.10726372400063
27,1159.06,74.13743231861626
27,1163.44,74.15866360192133
27,1167.81,74.17402530397925
27,1172.19,74.18733570565527
27,1176.56,74.20562394774014
27,1180.94,74.23113215587513
27,1185.3100000000002,74.25668353829312
27,1189.6899999999998,74.27408246160799
27,1194.06,74.28481932638591
27,1198.44,74.29251227087475
27,1202.81,74.29355134115654
27,1207.19,74.28674696471708
27,1211.56,74.27306863295333
27,1215.94,74.25117479639077
27,1220.31,74.22715713705985
27,1224.69,74.20602214762206
27,1229.06,74.18570710877624
27,1233.44,74.16698436322723
27,1237.8100000000002,74.15319909020805
27,1242.1899999999998,74.14574930836244
27,1246.56,74.14435979159751
27,1250.94,74.14901938590721
27,1255.31,74.16082433539391
27,1259.69,74.18191032637364
27,1264.06,74.20937878814003
27,1268.44,74.23117313248021
27,1272.81,74.24174496004451
27,1277.19,74.25251129546484
27,1281.56,74.27462487798874
27,1285.94,74.31083112218468
27,1290.3100000000002,74.36049933957553
27,1294.6899999999998,74.42372097481618
27,1299.0600000000002,74.5014179624595
27,1303.4399999999998,74.59767984893104
27,1307.81,74.72073598574246
27,1312.19,74.87652248184567
27,1316.56,75.06513388108145
27,1320.94,75.2819697890219
27,1325.31,75.52435198642763
27,1329.69,75.82177903735499
27,1334.06,76.19576259667156
27,1338.44,76.53179254023111
27,1342.81,76.7614764695446
27,1347.19,76.92472467670564
27,1500.31,111.81671998787901
27,1504.69,110.12017978786754
27,1509.0600000000002,108.46489711253452
27,1513.4399999999998,106.918357159978
27,1517.8100000000002,105.41355282576194
27,1522.1899999999998,104.00241162978496
27,1526.56,102.69210981882753
27,1530.94,101.44392045968473
27,1535.31,100.26845871956623
27,1539.69,99.16435804849132
27,1544.06,98.12281958851901
27,1548.44,97.15399658369095
27,1552.81,96.25783326842117
27,1557.19,95.42393248297344
27,1561.56,94.66400887163832
27,1565.94,93.97032428916377
27,1570.3100000000002,93.30665324287406
27,1574.6899999999998,92.66501359531978
27,1579.06,92.06661319003965
27,1583.44,91.51167670664651
27,1587.81,90.98753259643718
27,1592.19,90.49439610440044
27,1596.56,90.0435855542984
27,1600.94,89.62652526705142
27,1605.31,89.23261629714548
27,1609.69,88.85719250111855
27,1614.06,88.50428483535376
27,1618.44,88.18937816633286
27,1622.8100000000002,87.91009430817846
27,1627.1899999999998,87.66050445194193
27,1631.56,87.44113487040906
27,1635.94,87.2504259280461
27,1640.31,87.0867695078987
27,1644.69,86.95510677718416
27,1649.06,86.86169243387201
27,1653.44,86.80861746000394
27,1657.81,86.79257754305698
27,1662.19,86.80248845235579
27,1666.56,86.82538330571093
27,1670.94,86.85871041236655
27,1675.3100000000002,86.91600624272866
27,1679.6899999999998,87.0140237913306
27,1684.06,87.1585290754784
27,1688.44,87.34888426252944
27,1692.81,87.58685118247544
27,1697.19,87.87125126434037
27,1701.56,88.19296059576475
27,1705.94,88.53840710354248
27,1710.31,88.89135580286589
27,1714.69,89.22483249945839
27,1719.06,89.52655345339593
27,1723.44,89.80878700052652
27,1727.8100000000002,90.07190203180387
27,1732.1899999999998,90.3283601535367
27,1736.5600000000002,90.62811604887936
27,1740.9399999999998,90.9998836561291
27,1745.31,91.43830352586305
27,1749.69,91.91807831430742
27,1754.06,92.39836103546665
27,1758.44,92.86429568812136
27,1762.81,93.2982130618048
27,1767.19,93.69464490371008
27,1771.56,94.03316129994617
27,1775.94,94.31779979030608
27,1780.31,94.55884771598303
27,1784.69,94.74056099604176
27,1789.0600000000002,94.85547396592018
27,1999.06,167.99677231989983
27,2003.4399999999998,165.40518517915655
27,2007.8100000000002,162.98591169351633
27,2012.1899999999998,161.78661213619563
27,2016.5600000000002,160.58105609123763
27,2020.94,159.20063157818836
27,2025.3100000000002,158.06256128181323
27,2029.69,157.00026705130378
27,2034.0600000000002,155.89949334933723
27,2038.44,154.7302895090386
27,2042.8099999999997,153.4962788803882
27,2047.19,152.33890083255042
27,2051.56,151.227832772963
27,2055.94,150.05002868724318
27,2060.31,148.92814916793614
27,2064.69,147.7987043782556
27,2069.06,146.52864988393765
27,2073.44,145.25149781934948
27,2077.81,144.1132648719437
27,2082.19,143.1038801796231
27,2086.56,142.1363944588749
27,2090.9399999999996,141.14214075085692
27,2095.31,140.0980617606235
27,2099.69,139.03369084162222
27,2104.06,138.02168267214878
27,2108.44,137.09348128948739
27,2112.81,136.20387701039337
27,2117.19,135.33800048000057
27,2121.56,134.50199508414607
27,2125.94,133.648660778226
27,2130.31,132.74345253428604
27,2134.69,131.8396500336626
27,2139.0600000000004,130.95529519313297
27,2143.44,130.06407325010161
27,2147.8100000000004,129.14505888180508
27,2152.19,128.1853722362113
27,2156.56,127.23953793939708
27,2160.94,126.34219424274707
27,2165.31,125.45364879310421
27,2169.69,124.6064645310317
27,2174.06,123.81786351093437
27,2178.44,123.0592334884611
27,2182.81,122.31036131495824
27,2187.19,121.5511137975444
27,2191.56,120.83226901683048
27,2195.9399999999996,120.17936450102056
27,2200.31,119.62836631323522
27,2204.6899999999996,119.25982850722335
27,2209.06,119.04991939084309
27,2213.44,118.94471646480538
27,2217.81,118.98927818743981
27,2222.19,119.2361773280457
27,2226.56,119.60455400381231
27,2230.94,119.9736480374431
27,2235.31,120.37179657481754
27,2239.69,120.93308199903075
27,2244.06,121.72347383454208
27,2248.44,122.70066098365035
27,2252.8100000000004,123.78328649196897
27,2257.19,124.92301730502693
27,2261.56,126.08510995229192
27,2265.94,127.26311740831547
27,2270.31,128.44180389080725
27,2274.69,129.5561475202391
27,2279.06,130.6040098241957
27,2283.44,131.69436529768086
27,2287.81,132.91366007202436
27,2292.19,134.24764076916634
27,2296.56,135.59318728874933
27,2300.94,136.76732570792814
27,2305.31,137.68514074540735
27,2309.6899999999996,138.3305423030804
27,2314.06,138.73526642338584
27,2318.44,139.08397006675324
27,2322.81,139.60946236524242
27,2327.19,140.3218982771294
27,2331.56,141.14966977610106
27,2335.94,142.18858072379268
27,2340.31,143.59760898348173
27,2344.69,145.2650582913771
27,2349.06,147.05830146277484
27,2353.44,149.05281490719918
27,2357.8100000000004,150.93378228969016
27,2362.19,152.5571103863324
27,2366.5600000000004,154.17391914391345
27,2370.94,155.9884104455836
27,2375.31,157.7356468144994
27,2379.69,159.22417101020852
27,2384.06,160.55778077331084
27,2388.44,161.66517866170994
27,2392.81,162.57177758479114
27,2397.19,163.45847304413857
27,2401.56,164.3216591946497
27,2405.94,165.25043631029197
27,2410.31,166.48815980985344
27,2414.6899999999996,168.02850716670267
27,2419.06,169.35227758202612
27,2423.4399999999996,170.0622940260565
27,2427.81,170.72777972825128
27,2432.19,171.68606777257546
27,2436.56,173.0478746080885
27,2440.94,174.5463747243248
27,2445.31,176.76531598968182
27,2449.69,180.05392617646348
27,2454.06,180.6566235348575
27,2458.44,180.37132324397643
27,2462.81,181.6046153546783
27,2467.19,184.04986344020026
27,2471.5600000000004,187.69382488938336
30,402.188,127.63101271375538
30,406.56199999999995,126.94730356970692
30,410.93800000000005,126.15384832657651
30,415.313,125.52364934978226
30,419.68699999999995,125.11515086589857
30,424.06300000000005,124.89323842530462
30,428.438,124.74738965709567
30,432.813,124.63094400733885
30,437.18800000000005,124.51762197266332
30,441.563,124.33340639857464
30,445.938,124.01510002726917
30,450.31300000000005,123.57465244001733
30,454.688,123.10634691964859
30,459.063,122.70199141908678
30,463.438,122.41053463999647
30,467.813,122.21451454230616
30,472.187,122.06075405698293
30,476.562,121.90294117362674
30,480.938,121.65615317597019
30,485.313,121.17954524259022
30,489.688,120.35846086703155
30,494.063,119.1120766537394
30,498.438,117.27119194135602
30,502.812,114.69695175181704
30,507.188,111.50599156431242
30,511.563,107.91543168589438
30,515.937,104.18482123551827
30,520.313,100.82834197165027
30,524.687,98.20795821402497
30,529.062,96.26871947284069
30,533.438,94.8920876056324
30,537.813,93.93887533868697
30,542.188,93.25856113979182
30,546.563,92.75595552270468
30,550.938,92.4170965409871
30,555.312,92.29298675128682
30,559.688,92.44034518649057
30,564.063,92.87278796110185
30,568.438,93.5634247705392
30,572.813,94.43229462227535
30,577.187,95.32737067467953
30,581.562,96.12747931431399
30,585.938,96.81369341265389
30,590.313,97.38134209370175
30,594.688,97.77243540071075
30,599.063,98.04722325084673
30,603.438,98.40449363971891
30,607.812,98.98233541376574
30,612.188,99.76879815414412
30,616.563,100.62037188047302
30,620.937,101.34506782693072
30,625.312,101.84373436116742
30,629.687,102.18857080180415
30,634.063,102.61317412409419
30,638.437,103.39010553143324
30,642.813,104.63178375937967
30,647.188,106.19756229332305
30,651.563,107.81158190137702
30,655.938,109.42938904263555
30,660.313,111.21906690883985
30,664.687,113.07856361814628
30,669.063,114.56811122111104
30,673.438,115.17707402697152
30,677.813,114.50540339265022
30,682.187,112.01182458543244
30,686.562,107.01702868298564
30,690.937,100.306897685042
30,695.312,94.19619618478822
30,699.688,89.65268883919151
30,704.063,86.47304443835
30,708.438,84.29824834154239
30,712.813,82.7629777511222
30,717.187,81.54926198765324
30,721.563,80.54957450096565
30,725.938,79.81539511220761
30,730.313,79.34176066937272
30,734.687,79.08981955150786
30,739.063,78.9903867730239
30,743.437,78.98071223005975
30,747.812,79.0191951393773
30,752.188,79.08202899611244
30,756.563,79.17026094633195
30,760.938,79.28785882243533
30,765.313,79.35902845834264
30,769.688,79.35878147484829
30,774.063,79.35374707503298
30,778.438,79.35380736729886
30,782.813,79.35251979997801
30,787.188,79.35077374909537
30,791.563,79.34316758707153
30,795.937,79.32978276149217
30,800.312,79.31708014613692
30,804.688,79.30722399740623
30,809.063,79.31151107295028
30,813.438,79.33242567466188
30,817.813,79.34277719525251
30,822.188,79.32350656311192
30,826.5630000000001,79.29011161113236
30,830.937,79.25110012240866
30,835.313,79.20486894983489
30,839.688,79.15719582692373
30,844.063,79.11451100258778
30,848.437,79.0804742600923
30,852.812,79.0531160199257
30,857.187,79.02749317873273
30,861.563,79.00355185262687
30,865.938,78.98228967550483
30,870.313,78.96411557380128
30,874.687,78.94987408281509
30,879.063,78.93993338893524
30,883.437,78.9350362343662
30,887.813,78.94054515482398
30,892.188,78.96454112661715
30,896.562,79.00118308394116
30,900.938,79.0252378910051
30,905.312,79.03074458627422
30,909.6880000000001,79.03147680939749
30,914.062,79.01966135611681
30,918.438,78.99203465439686
30,922.813,78.97145887754928
30,927.188,78.97290633520217
30,931.563,78.99318809368894
30,935.937,79.01176004646496
30,940.312,78.99016297984011
30,944.688,78.92937484250815
30,949.063,78.844716029394
30,953.438,78.76024871092186
30,957.812,78.69323610006325
30,962.187,78.64045234545843
30,966.562,78.59592787083409
30,970.938,78.56588534390467
30,975.313,78.546252705631
30,979.688,78.51838436159831
30,984.063,78.47558791668787
30,988.438,78.42333674688915
30,992.812,78.3752157565692
30,997.188,78.35071175749758
30,1001.5600000000001,78.35171507919287
30,1005.94,78.36386517768375
30,1010.3100000000001,78.3768205903387
30,1014.69,78.38937650662812
30,1019.0600000000001,78.40438600214839
30,1023.4399999999999,78.42040024017332
30,1027.81,78.43181810839245
30,1032.19,78.43807088852435
30,1036.56,78.44378221208996
30,1040.94,78.45150934806935
30,1045.31,78.46037669907575
30,1049.69,78.46885072231811
30,1054.06,78.4756248149583
30,1058.44,78.48052274974961
30,1062.81,78.4840440464723
30,1067.19,78.48581624565529
30,1071.5600000000002,78.48474274885888
30,1075.9399999999998,78.48152202651639
30,1080.3100000000002,78.47982648287075
30,1084.6899999999998,78.48137562360326
30,1089.06,78.48522867697314
30,1093.44,78.49391078191836
30,1097.81,78.50746941621958
30,1102.19,78.51886268685905
30,1106.56,78.52491712761449
30,1110.94,78.53227565645875
30,1115.31,78.54876420425263
30,1119.69,78.5753440689953
30,1124.06,78.59001858591837
30,1128.44,78.55973242872369
30,1132.8100000000002,78.51471330953626
30,1137.1899999999998,78.49702450596904
30,1141.56,78.50886883116479
30,1145.94,78.55907112850323
30,1150.31,78.65384630758115
30,1154.69,78.72918462333271
30,1159.06,78.76883015193388
30,1163.44,78.78892775131479
30,1167.81,78.79714274280474
30,1172.19,78.79939287634446
30,1176.56,78.80406866080324
30,1180.94,78.81469117584142
30,1185.3100000000002,78.82567177963685
30,1189.6899999999998,78.83052727649063
30,1194.06,78.83070025016818
30,1198.44,78.82784391668393
30,1202.81,78.81782807697736
30,1207.19,78.80157597466078
30,1211.56,78.78158100279737
30,1215.94,78.75613689364026
30,1220.31,78.72953229094641
30,1224.69,78.70468864944081
30,1229.06,78.67854720241758
30,1233.44,78.65200415648624
30,1237.8100000000002,78.62876534877778
30,1242.1899999999998,78.61057904329381
30,1246.56,78.59767375088381
30,1250.94,78.59058061021024
30,1255.31,78.59073642597339
30,1259.69,78.60038332180555
30,1264.06,78.61677117976694
30,1268.44,78.62857158200013
30,1272.81,78.63145211500806
30,1277.19,78.63715277437426
30,1281.56,78.6562839656891
30,1285.94,78.69122743036743
30,1290.3100000000002,78.7410450100561
30,1294.6899999999998,78.80534943561854
30,1299.0600000000002,78.88410071815233
30,1303.4399999999998,78.98005946843207
30,1307.81,79.09989440960803
30,1312.19,79.24701278760027
30,1316.56,79.4181029328207
30,1320.94,79.60660036662891
30,1325.31,79.80921461288362
30,1329.69,80.0481330087789
30,1334.06,80.33760859926294
30,1338.44,80.59043861827297
30,1342.81,80.76206564072027
30,1347.19,80.88971128636928
30,1500.31,97.67554361784883
30,1504.69,96.87882500448602
30,1509.0600000000002,96.1058316420196
30,1513.4399999999998,95.38893572582245
30,1517.8100000000002,94.69380546039116
30,1522.1899999999998,94.04233146945012
30,1526.56,93.43727696742192
30,1530.94,92.85859259621941
30,1535.31,92.31037924928975
30,1539.69,91.79320194645936
30,1544.06,91.30345094203777
30,1548.44,90.84549193468135
30,1552.81,90.4190075185773
30,1557.19,90.01987675842493
30,1561.56,89.65327152805361
30,1565.94,89.3158470741848
30,1570.3100000000002,88.9911257462178
30,1574.6899999999998,88.67511839505988
30,1579.06,88.37894558627866
30,1583.44,88.10405484797828
30,1587.81,87.84469556799567
30,1592.19,87.6012072120049
30,1596.56,87.37934293998059
30,1600.94,87.17375282333077
30,1605.31,86.97708764750766
30,1609.69,86.78630641485276
30,1614.06,86.60456066355623
30,1618.44,86.44147915801356
30,1622.8100000000002,86.29569301129149
30,1627.1899999999998,86.16385153161289
30,1631.56,86.04657421361803
30,1635.94,85.94243515170338
30,1640.31,85.85019245747732
30,1644.69,85.7713737125009
30,1649.06,85.70635637548139
30,1653.44,85.65574966882573
30,1657.81,85.6201872660128
30,1662.19,85.59537815053783
30,1666.56,85.57498387241912
30,1670.94,85.55842484170107
30,1675.3100000000002,85.55078204929254
30,1679.6899999999998,85.55703032697957
30,1684.06,85.57974290084522
30,1688.44,85.62056413878939
30,1692.81,85.68137766269594
30,1697.19,85.76333902615416
30,1701.56,85.86611039844142
30,1705.94,85.9873703702291
30,1710.31,86.12229208243916
30,1714.69,86.26223709413216
30,1719.06,86.40348153827865
30,1723.44,86.55128615058221
30,1727.8100000000002,86.70160823951659
30,1732.1899999999998,86.8547595585392
30,1736.5600000000002,87.0309007084097
30,1740.9399999999998,87.23791743846118
30,1745.31,87.46753143347233
30,1749.69,87.70987684348859
30,1754.06,87.95168000712059
30,1758.44,88.19122240576031
30,1762.81,88.42094972494453
30,1767.19,88.63690111695315
30,1771.56,88.82793635971693
30,1775.94,88.99415531671538
30,1780.31,89.13581986638653
30,1784.69,89.24284684522935
30,1789.0600000000002,89.31662186977168
30,1999.06,130.59218581524848
30,2003.4399999999998,128.98041035158928
30,2007.8100000000002,127.20986991773525
30,2012.1899999999998,126.02389297706284
30,2016.5600000000002,124.74647033997175
30,2020.94,123.48885234312073
30,2025.3100000000002,122.57296241033531
30,2029.69,121.79473497750355
30,2034.0600000000002,121.04075728823626
30,2038.44,120.2771512354619
30,2042.8099999999997,119.49459333476136
30,2047.19,118.77124054110347
30,2051.56,118.07900515541256
30,2055.94,117.33184822989632
30,2060.31,116.60384248872695
30,2064.69,115.87391096923223
30,2069.06,115.07124878341975
30,2073.44,114.28500058799187
30,2077.81,113.59670565116744
30,2082.19,112.98331861728866
30,2086.56,112.39173837964162
30,2090.9399999999996,111.79885441987274
30,2095.31,111.20035830342098
30,2099.69,110.5982024375496
30,2104.06,110.02217902765612
30,2108.44,109.49503656512447
30,2112.81,108.99510987982875
30,2117.19,108.51046112060776
30,2121.56,108.04267186203003
30,2125.94,107.57866575209536
30,2130.31,107.10824347185198
30,2134.69,106.6477598322933
30,2139.0600000000004,106.19998195280293
30,2143.44,105.75731768380334
30,2147.8100000000004,105.31027594872646
30,2152.19,104.84593607360561
30,2156.56,104.38890036620165
30,2160.94,103.95894077141376
30,2165.31,103.53838897751689
30,2169.69,103.1413238544589
30,2174.06,102.77694650225253
30,2178.44,102.43311389288769
30,2182.81,102.09900635966144
30,2187.19,101.7668567939964
30,2191.56,101.46216087529258
30,2195.9399999999996,101.1941905305676
30,2200.31,100.96601112002337
30,2204.6899999999996,100.8008034960615
30,2209.06,100.69499834665841
30,2213.44,100.63711774607268
30,2217.81,100.64157417899273
30,2222.19,100.72536428860546
30,2226.56,100.86888140251165
30,2230.94,101.04073206271269
30,2235.31,101.2520616564657
30,2239.69,101.54480120678764
30,2244.06,101.9421672046556
30,2248.44,102.4344677625942
30,2252.8100000000004,102.99611737103334
30,2257.19,103.61116637304461
30,2261.56,104.26479571334544
30,2265.94,104.94899381907246
30,2270.31,105.65041427525858
30,2274.69,106.33932410444349
30,2279.06,107.01844749497178
30,2283.44,107.73332147192465
30,2287.81,108.51718492553913
30,2292.19,109.37208190911582
30,2296.56,110.25208246798215
30,2300.94,111.03795085810316
30,2305.31,111.64902563681058
30,2309.6899999999996,112.06415788192174
30,2314.06,112.32399886377311
30,2318.44,112.55444488737119
30,2322.81,112.89230771942174
30,2327.19,113.35797805297115
30,2331.56,113.91995522418196
30,2335.94,114.60831584913807
30,2340.31,115.47998343870877
30,2344.69,116.45951556162835
30,2349.06,117.46637479669893
30,2353.44,118.53638347513657
30,2357.8100000000004,119.52560415743262
30,2362.19,120.40411599882135
30,2366.5600000000004,121.3327875280417
30,2370.94,122.4174316993285
30,2375.31,123.48229669086506
30,2379.69,124.44436292966887
30,2384.06,125.3876496391247
30,2388.44,126.21243644808386
30,2392.81,126.90574403440165
30,2397.19,127.60892681484768
30,2401.56,128.35614061589445
30,2405.94,129.23410775699585
30,2410.31,130.37187314508972
30,2414.6899999999996,131.75413468962907
30,2419.06,132.9207204948283
30,2423.4399999999996,133.48547777108212
30,2427.81,134.00257584221796
30,2432.19,134.8171742433521
30,2436.56,136.0425402650411
30,2440.94,137.43407133402127
30,2445.31,139.62871285253507
30,2449.69,143.33511199669857
30,2454.06,144.5047795279737
30,2458.44,144.25743166067153
30,2462.81,145.47475846461532
30,2467.19,148.11885805232356
30,2471.5600000000004,152.14463153776555
