species_richness,wavelength_nm,local_mean_spectrum
3,402.188,0.010245143390944166
3,406.56199999999995,0.01027610688675362
3,410.93800000000005,0.010376553409173588
3,415.313,0.010579636029904764
3,419.68699999999995,0.01090553696253328
3,424.06300000000005,0.011372915641222616
3,428.438,0.01200790203177176
3,432.813,0.012771832057410884
3,437.18800000000005,0.01354593194937035
3,441.563,0.014281100206909701
3,445.938,0.014956578724054691
3,450.31300000000005,0.015539231589380094
3,454.688,0.01602019493779935
3,459.063,0.016403932538458274
3,463.438,0.016693120987709448
3,467.813,0.016905730239286355
3,472.187,0.017068507116087997
3,476.562,0.017204100187943428
3,480.938,0.01734470726928192
3,485.313,0.01755078625527454
3,489.688,0.01788456000789805
3,494.063,0.018387285845655636
3,498.438,0.01914002876385598
3,502.812,0.020257080967635777
3,507.188,0.021804719530420704
3,511.563,0.02386798550897637
3,515.937,0.026581782366185278
3,520.313,0.029801503419783933
3,524.687,0.033081634573814835
3,529.062,0.036118791242636825
3,533.438,0.038690027920250634
3,537.813,0.04071420915420309
3,542.188,0.04228206919625669
3,546.563,0.04347503202830129
3,550.938,0.04424591563493364
3,555.312,0.0444334880438664
3,559.688,0.043909776846608795
3,564.063,0.04271679145518462
3,568.438,0.04101042432291722
3,572.813,0.03903583936846967
3,577.187,0.037150723368982154
3,581.562,0.03560339509835598
3,585.938,0.03442001074651706
3,590.313,0.03352459962141087
3,594.688,0.03285855786140861
3,599.063,0.0322974920679674
3,603.438,0.03163857342659909
3,607.812,0.03075985177264637
3,612.188,0.029712048628532852
3,616.563,0.028683296979557515
3,620.937,0.02787298905310406
3,625.312,0.027343938745378337
3,629.687,0.026980495732372968
3,634.063,0.026551977966259983
3,638.437,0.025864445676990023
3,642.813,0.02490711622203472
3,647.188,0.023835693848712616
3,651.563,0.022820382040989136
3,655.938,0.02187063742511987
3,660.313,0.02092657831148045
3,664.687,0.020066271892901274
3,669.063,0.019447227059473104
3,673.438,0.01919696513648236
3,677.813,0.0194180535308624
3,682.187,0.020373598716467163
3,686.562,0.022806978877197116
3,690.937,0.02791918918673732
3,695.312,0.03656861569941075
3,699.688,0.04898408172919538
3,704.063,0.06467548697319056
3,708.438,0.08216271830906496
3,712.813,0.10066880943205894
3,717.187,0.12168286458649673
3,721.563,0.14598027736506433
3,725.938,0.17065901824146495
3,730.313,0.1931262780279748
3,734.687,0.21167564389680318
3,739.063,0.2263159146584228
3,743.437,0.23768898411237988
3,747.812,0.24607136921959427
3,752.188,0.2518638256301477
3,756.563,0.255877365178455
3,760.938,0.25933166338792235
3,765.313,0.2622999717677217
3,769.688,0.2639769089695702
3,774.063,0.264944063004526
3,778.438,0.26565663736785894
3,782.813,0.26620022356950757
3,787.188,0.2666412638079856
3,791.563,0.26702817767877524
3,795.937,0.2673735400465178
3,800.312,0.26768500044452237
3,804.688,0.26796929986471557
3,809.063,0.2682456250961368
3,813.438,0.26853730097464457
3,817.813,0.2688164983863253
3,822.188,0.269006505999575
3,826.5630000000001,0.2690937259292735
3,830.937,0.26913032050841723
3,835.313,0.26918608459033333
3,839.688,0.2693047876493059
3,844.063,0.26948042605873795
3,848.437,0.26969220237742736
3,852.812,0.26992028000556695
3,857.187,0.27013292115291176
3,861.563,0.27031278403344455
3,865.938,0.27047327637458474
3,870.313,0.2706172942151604
3,874.687,0.2707312996000579
3,879.063,0.2708088993712193
3,883.437,0.2708499075916989
3,887.813,0.2708664570241109
3,892.188,0.27087956396404056
3,896.562,0.2708834068375266
3,900.938,0.27083755253103053
3,905.312,0.27073844342538234
3,909.6880000000001,0.2705883664117109
3,914.062,0.27032630043900346
3,918.438,0.26992997553396864
3,922.813,0.269465939707387
3,927.188,0.2689437980200402
3,931.563,0.26809642269608547
3,935.937,0.2661396468204148
3,940.312,0.2634331976160278
3,944.688,0.26053704381561854
3,949.063,0.25671090112493494
3,953.438,0.2523032407736178
3,957.812,0.24825497300813568
3,962.187,0.24537603035572164
3,966.562,0.24378831059267894
3,970.938,0.24307256716824577
3,975.313,0.2428861927553953
3,979.688,0.24317533958484064
3,984.063,0.24392254350040593
3,988.438,0.24506972556110995
3,992.812,0.24653259923535648
3,997.188,0.24817532743380044
3,1001.5600000000001,0.2499262180484825
3,1005.94,0.25180130338039197
3,1010.3100000000001,0.2537746105318449
3,1014.69,0.2557688010797987
3,1019.0600000000001,0.2577367345171143
3,1023.4399999999999,0.2596517622049243
3,1027.81,0.26147550459339125
3,1032.19,0.26317597550604976
3,1036.56,0.26474269963940994
3,1040.94,0.26616225388847975
3,1045.31,0.26742058117769896
3,1049.69,0.2685189663280409
3,1054.06,0.2694478794184441
3,1058.44,0.27019709442461104
3,1062.81,0.2707730264507772
3,1067.19,0.27119072280408735
3,1071.5600000000002,0.2714575285266652
3,1075.9399999999998,0.27157013693649534
3,1080.3100000000002,0.27152474914055796
3,1084.6899999999998,0.27131887000765
3,1089.06,0.270966933714321
3,1093.44,0.27049110027617146
3,1097.81,0.269892245504367
3,1102.19,0.26916799785226897
3,1106.56,0.2683654835382261
3,1110.94,0.2675712010970485
3,1115.31,0.2667134501333694
3,1119.69,0.2652514375722293
3,1124.06,0.26175007079230383
3,1128.44,0.2555363012300999
3,1132.8100000000002,0.24813263984171244
3,1137.1899999999998,0.24093554080426438
3,1141.56,0.23390408051193107
3,1145.94,0.2244682721166926
3,1150.31,0.21450244213704117
3,1154.69,0.20836550750816824
3,1159.06,0.20516261782031575
3,1163.44,0.20335527883551996
3,1167.81,0.20220227928122372
3,1172.19,0.20136738049995478
3,1176.56,0.20067278176287623
3,1180.94,0.2000099038027964
3,1185.3100000000002,0.1993698497356107
3,1189.6899999999998,0.19886811071084767
3,1194.06,0.19862899262631445
3,1198.44,0.19872625284492224
3,1202.81,0.19918646840597812
3,1207.19,0.19997079274884036
3,1211.56,0.20105288760650364
3,1215.94,0.20239108950406015
3,1220.31,0.20387461547119912
3,1224.69,0.20541205445481436
3,1229.06,0.2069242719308265
3,1233.44,0.20834295974234382
3,1237.8100000000002,0.20964345811112067
3,1242.1899999999998,0.2108357969740645
3,1246.56,0.21192832946068685
3,1250.94,0.21289310535950717
3,1255.31,0.2136898559939606
3,1259.69,0.21430154271594573
3,1264.06,0.21469647418673557
3,1268.44,0.21477681947710725
3,1272.81,0.21447600747404114
3,1277.19,0.2138234481086838
3,1281.56,0.2128258669639862
3,1285.94,0.2114826464432995
3,1290.3100000000002,0.209776106429342
3,1294.6899999999998,0.20761458122923437
3,1299.0600000000002,0.20493440963393036
3,1303.4399999999998,0.2017230663268555
3,1307.81,0.1979483807610172
3,1312.19,0.19354174940036697
3,1316.56,0.18854566286064406
3,1320.94,0.1833147983889359
3,1325.31,0.17811614837710044
3,1329.69,0.1724129335082151
3,1334.06,0.16583412674271117
3,1338.44,0.16022508435031046
3,1342.81,0.15646946415282842
3,1347.19,0.15389995226140077
3,1500.31,0.04674314711608135
3,1504.69,0.04834526620186439
3,1509.0600000000002,0.05002897067818484
3,1513.4399999999998,0.05172901436978334
3,1517.8100000000002,0.0535085649748295
3,1522.1899999999998,0.05529896350565834
3,1526.56,0.057085397720155494
3,1530.94,0.05890551278546224
3,1535.31,0.060728232765774985
3,1539.69,0.06255083455269946
3,1544.06,0.06438425023870623
3,1548.44,0.06619569792676343
3,1552.81,0.06796748943420666
3,1557.19,0.06971260975484202
3,1561.56,0.07139944894128107
3,1565.94,0.07303633514334369
3,1570.3100000000002,0.07469797234139873
3,1574.6899999999998,0.07637506397929383
3,1579.06,0.07798888032605292
3,1583.44,0.07954122015746289
3,1587.81,0.0810708703766522
3,1592.19,0.08257375661452006
3,1596.56,0.08402040757856208
3,1600.94,0.08543834199258758
3,1605.31,0.08682848764837932
3,1609.69,0.08816388454134266
3,1614.06,0.08942343795549264
3,1618.44,0.09058430430940612
3,1622.8100000000002,0.09167104987147595
3,1627.1899999999998,0.09268567127682295
3,1631.56,0.09360146570365982
3,1635.94,0.09440996681221973
3,1640.31,0.09511705857050547
3,1644.69,0.09570142523607506
3,1649.06,0.0961267355506855
3,1653.44,0.09639481929611284
3,1657.81,0.09654381676811472
3,1662.19,0.09662338250980979
3,1666.56,0.09665353313635769
3,1670.94,0.09659355453181656
3,1675.3100000000002,0.09637181191937216
3,1679.6899999999998,0.09594727956517327
3,1684.06,0.0953372132449147
3,1688.44,0.09457940723823763
3,1692.81,0.09368819385870229
3,1697.19,0.09267716393153577
3,1701.56,0.09158324353191984
3,1705.94,0.09044721837987663
3,1710.31,0.08930370756820703
3,1714.69,0.08822320872051992
3,1719.06,0.0872397044259671
3,1723.44,0.08632380726104694
3,1727.8100000000002,0.0854932803632957
3,1732.1899999999998,0.08472627276927573
3,1736.5600000000002,0.0838806516984725
3,1740.9399999999998,0.08287071736386566
3,1745.31,0.08168999475079836
3,1749.69,0.08040292185152202
3,1754.06,0.07913247079197899
3,1758.44,0.07793848454284402
3,1762.81,0.07687622147487004
3,1767.19,0.07594798553691395
3,1771.56,0.07519732630616559
3,1775.94,0.07459560058988729
3,1780.31,0.0740801189949281
3,1784.69,0.0736767269890775
3,1789.0600000000002,0.07341062479445626
3,1999.06,0.020860606710167713
3,2003.4399999999998,0.02144071083339718
3,2007.8100000000002,0.022169588113575507
3,2012.1899999999998,0.022797266251044227
3,2016.5600000000002,0.023526705610956655
3,2020.94,0.02416372173063159
3,2025.3100000000002,0.024631814811093
3,2029.69,0.02506687305313874
3,2034.0600000000002,0.025493010202438632
3,2038.44,0.025907376081517157
3,2042.8099999999997,0.026323823008784553
3,2047.19,0.026731966928257533
3,2051.56,0.027173144244768365
3,2055.94,0.027681201823453183
3,2060.31,0.02817425856520564
3,2064.69,0.028655050842095943
3,2069.06,0.029164989570699743
3,2073.44,0.029667396356801153
3,2077.81,0.030140212017917202
3,2082.19,0.030605468727312297
3,2086.56,0.031085886996916588
3,2090.9399999999996,0.03156918715147054
3,2095.31,0.03204515543175277
3,2099.69,0.032529542139753356
3,2104.06,0.033012566546605095
3,2108.44,0.03347101547664817
3,2112.81,0.03391649388954214
3,2117.19,0.03436006064108011
3,2121.56,0.03480110925495643
3,2125.94,0.03522608417515782
3,2130.31,0.03562497693249618
3,2134.69,0.03600791848215371
3,2139.0600000000004,0.03639025580723428
3,2143.44,0.03676811031226734
3,2147.8100000000004,0.03714644442193476
3,2152.19,0.037538271667295134
3,2156.56,0.037916763744571244
3,2160.94,0.038265078748595555
3,2165.31,0.0386030143089529
3,2169.69,0.038927785913686536
3,2174.06,0.03923731835652112
3,2178.44,0.039542585908929215
3,2182.81,0.039852994198253035
3,2187.19,0.04015933714500428
3,2191.56,0.0404246173296094
3,2195.9399999999996,0.04065434966496994
3,2200.31,0.04087209219026203
3,2204.6899999999996,0.04107047208973266
3,2209.06,0.04122842689233471
3,2213.44,0.041327298069271955
3,2217.81,0.04136099386157039
3,2222.19,0.041319299652899884
3,2226.56,0.04117048325326225
3,2230.94,0.04088260882429837
3,2235.31,0.040451935067383246
3,2239.69,0.03990197002837024
3,2244.06,0.039258223624047725
3,2248.44,0.03854382061159854
3,2252.8100000000004,0.037788747617336256
3,2257.19,0.03701326185271733
3,2261.56,0.03624216787612219
3,2265.94,0.0355051795387569
3,2270.31,0.034818711545126405
3,2274.69,0.034176422202744375
3,2279.06,0.033554116370159884
3,2283.44,0.03292645264264
3,2287.81,0.03227915729825348
3,2292.19,0.031597078112224584
3,2296.56,0.030899880603249642
3,2300.94,0.030271229326423458
3,2305.31,0.02977199730432161
3,2309.6899999999996,0.029410115965513847
3,2314.06,0.02914028199082194
3,2318.44,0.02887652870958608
3,2322.81,0.028560894257585994
3,2327.19,0.02819824804171093
3,2331.56,0.027802508814349813
3,2335.94,0.027382746951686476
3,2340.31,0.026952103360913634
3,2344.69,0.02655817510025589
3,2349.06,0.02623060801175969
3,2353.44,0.025939846482583073
3,2357.8100000000004,0.02569431395375734
3,2362.19,0.025480770530625824
3,2366.5600000000004,0.02525155479231321
3,2370.94,0.024973109769481323
3,2375.31,0.02468414478184693
3,2379.69,0.024394540411784734
3,2384.06,0.024045643638085562
3,2388.44,0.02366109532453652
3,2392.81,0.023307637935758112
3,2397.19,0.022983742183420565
3,2401.56,0.022674110683138564
3,2405.94,0.022346343935311177
3,2410.31,0.021992322852545897
3,2414.6899999999996,0.021581201375109025
3,2419.06,0.021103172930586105
3,2423.4399999999996,0.02075389590503665
3,2427.81,0.020502986529048053
3,2432.19,0.020218682915492628
3,2436.56,0.019826345975749792
3,2440.94,0.019474379038544702
3,2445.31,0.019084488661626892
3,2449.69,0.01839283804956574
3,2454.06,0.017969318448438968
3,2458.44,0.01789279950037789
3,2462.81,0.01771970843097313
3,2467.19,0.017401185606689375
3,2471.5600000000004,0.01689347174971608
5,402.188,0.009330035091027434
5,406.56199999999995,0.009371853561720003
5,410.93800000000005,0.0094810198154764
5,415.313,0.009679979802424457
5,419.68699999999995,0.009973912102459069
5,424.06300000000005,0.010364661133475488
5,428.438,0.010862669318007317
5,432.813,0.011435413077504841
5,437.18800000000005,0.011999482544521451
5,441.563,0.01252848057962269
5,445.938,0.01301591557814158
5,450.31300000000005,0.013441405819436253
5,454.688,0.01379617446211344
5,459.063,0.014079573628802812
5,463.438,0.014292090370815174
5,467.813,0.01444915309973705
5,472.187,0.014574214599834956
5,476.562,0.014685186018205053
5,480.938,0.014805458448128897
5,485.313,0.01498312687310041
5,489.688,0.015270954455063542
5,494.063,0.015708514158369095
5,498.438,0.01637438405940997
5,502.812,0.01737881022268993
5,507.188,0.018790335845938734
5,511.563,0.02069489322215954
5,515.937,0.023223529155479917
5,520.313,0.02624545873025552
5,524.687,0.0293455830339557
5,529.062,0.032237567270147593
5,533.438,0.034705255064080086
5,537.813,0.036663476237186944
5,542.188,0.038189828602726274
5,546.563,0.03935565242167125
5,550.938,0.04011651335831514
5,555.312,0.040323350169496515
5,559.688,0.03985493953842587
5,564.063,0.03874821828809839
5,568.438,0.037153105873695
5,572.813,0.035307032105043844
5,577.187,0.033548750306948705
5,581.562,0.03210990818011346
5,585.938,0.031013515808712738
5,590.313,0.03018724114863944
5,594.688,0.02957547334319563
5,599.063,0.02906328056913801
5,603.438,0.02846269200109442
5,607.812,0.027658948256870076
5,612.188,0.026697106998168886
5,616.563,0.025751474860140355
5,620.937,0.025009125853230996
5,625.312,0.024530153862898932
5,629.687,0.024204705061834204
5,634.063,0.023811741430481526
5,638.437,0.023166339731795483
5,642.813,0.02226163373752261
5,647.188,0.021251621004125417
5,651.563,0.02030191394234313
5,655.938,0.019420633017142634
5,660.313,0.018547395814764646
5,664.687,0.017754323777140375
5,669.063,0.017190443556756873
5,673.438,0.0169747274174416
5,677.813,0.01720208882239303
5,682.187,0.018123063567365955
5,686.562,0.020444761648444148
5,690.937,0.02528596725839104
5,695.312,0.03339594453487281
5,699.688,0.044914055622568096
5,704.063,0.059341143921497246
5,708.438,0.07530735021651266
5,712.813,0.09211123902430149
5,717.187,0.11111252128875573
5,721.563,0.1330218521530068
5,725.938,0.15523881193688926
5,730.313,0.17545150611526003
5,734.687,0.1921397826629742
5,739.063,0.2053107927434403
5,743.437,0.21553470472879718
5,747.812,0.22306360409776865
5,752.188,0.2282735772082322
5,756.563,0.23191265415524132
5,760.938,0.23510370731608005
5,765.313,0.23790148165462752
5,769.688,0.2395177689436613
5,774.063,0.24047917529779234
5,778.438,0.24120960574040465
5,782.813,0.24178312395115012
5,787.188,0.24225913262366452
5,791.563,0.24268509943652197
5,795.937,0.24307341433612364
5,800.312,0.24342947740298887
5,804.688,0.2437573938579436
5,809.063,0.24407430398908656
5,813.438,0.24440692877441783
5,817.813,0.24473294658257583
5,822.188,0.24497237306382316
5,826.5630000000001,0.24510795291591658
5,830.937,0.24519289782483425
5,835.313,0.2452949756989994
5,839.688,0.24545483208672475
5,844.063,0.24566656097614414
5,848.437,0.24591158192602944
5,852.812,0.2461735710560143
5,857.187,0.24642308956479037
5,861.563,0.24664237094664554
5,865.938,0.24684380593237473
5,870.313,0.24702832244395048
5,874.687,0.2471836876621016
5,879.063,0.24730876368049243
5,883.437,0.2474041715464935
5,887.813,0.24747748261113917
5,892.188,0.24754752353338202
5,896.562,0.2476157453386074
5,900.938,0.2476461706020944
5,905.312,0.2476217656805854
5,909.6880000000001,0.24754494965591783
5,914.062,0.24736563513644014
5,918.438,0.24705556118819968
5,922.813,0.2466692910696398
5,927.188,0.24622005507651884
5,931.563,0.24547310230723432
5,935.937,0.2437275411991446
5,940.312,0.2413086798409251
5,944.688,0.2387275834957476
5,949.063,0.23532799128580845
5,953.438,0.23141848060181328
5,957.812,0.2278400727418364
5,962.187,0.22531992880037124
5,966.562,0.22395940663579805
5,970.938,0.2233766928222398
5,975.313,0.22327124133393517
5,979.688,0.2235967656488023
5,984.063,0.22433782944113756
5,988.438,0.2254525877473716
5,992.812,0.22685940573416127
5,997.188,0.22841217346160791
5,1001.5600000000001,0.23004100541785902
5,1005.94,0.23177175830085106
5,1010.3100000000001,0.23358763769469887
5,1014.69,0.2354201059358672
5,1019.0600000000001,0.237226831634862
5,1023.4399999999999,0.23898391470027272
5,1027.81,0.2406566121275133
5,1032.19,0.24221555471745942
5,1036.56,0.24365124306704583
5,1040.94,0.24495225351018188
5,1045.31,0.2461068212352091
5,1049.69,0.24711840269200985
5,1054.06,0.24798132583629204
5,1058.44,0.24868719081647733
5,1062.81,0.24924074542996086
5,1067.19,0.24965371667877206
5,1071.5600000000002,0.2499304046328929
5,1075.9399999999998,0.2500662456033613
5,1080.3100000000002,0.2500575951753769
5,1084.6899999999998,0.24990225368880664
5,1089.06,0.2496128037593775
5,1093.44,0.24921000879042576
5,1097.81,0.24869737716381787
5,1102.19,0.2480754395222465
5,1106.56,0.24738621182938714
5,1110.94,0.24670460036520825
5,1115.31,0.24596876070277868
5,1119.69,0.24470589737755855
5,1124.06,0.24163519090319968
5,1128.44,0.23610659895111566
5,1132.8100000000002,0.2294477107345847
5,1137.1899999999998,0.22294235760535594
5,1141.56,0.2165804024139119
5,1145.94,0.20805968929063892
5,1150.31,0.19909551112848675
5,1154.69,0.1936181533038238
5,1159.06,0.19080167021553635
5,1163.44,0.1892539732437306
5,1167.81,0.18830773183223437
5,1172.19,0.18765785635007204
5,1176.56,0.18714167454761563
5,1180.94,0.1866568996529434
5,1185.3100000000002,0.18618592571280795
5,1189.6899999999998,0.18582104308636826
5,1194.06,0.18567241999823836
5,1198.44,0.1858126056507037
5,1202.81,0.1862635923568716
5,1207.19,0.18698151945982863
5,1211.56,0.1879390948840519
5,1215.94,0.18910285573221644
5,1220.31,0.19038402977417027
5,1224.69,0.1917121912500379
5,1229.06,0.19302635958364026
5,1233.44,0.1942713401262541
5,1237.8100000000002,0.19542471165779415
5,1242.1899999999998,0.19649204641690868
5,1246.56,0.1974772050892865
5,1250.94,0.19835152924469293
5,1255.31,0.19907553889319143
5,1259.69,0.19963167583452432
5,1264.06,0.19998972624706657
5,1268.44,0.2000591322649967
5,1272.81,0.19977864070988527
5,1277.19,0.19917642615445658
5,1281.56,0.19826069834124738
5,1285.94,0.19703282270981246
5,1290.3100000000002,0.19547776443936973
5,1294.6899999999998,0.19351218494488867
5,1299.0600000000002,0.1910779505845675
5,1303.4399999999998,0.18816378397716563
5,1307.81,0.18473992556537097
5,1312.19,0.18074188668612942
5,1316.56,0.17620684944549367
5,1320.94,0.1714588572605371
5,1325.31,0.16674262366156992
5,1329.69,0.16156993729916075
5,1334.06,0.15560026650203918
5,1338.44,0.1505066098365146
5,1342.81,0.147093675102434
5,1347.19,0.14475715173569262
5,1500.31,0.04588388525381304
5,1504.69,0.04743784791089056
5,1509.0600000000002,0.049071443931818316
5,1513.4399999999998,0.0507214802465403
5,1517.8100000000002,0.05244842529549501
5,1522.1899999999998,0.05418466038138908
5,1526.56,0.05591542096598277
5,1530.94,0.05767767388516959
5,1535.31,0.059442164298289364
5,1539.69,0.061206614544144375
5,1544.06,0.06298146887403737
5,1548.44,0.06473461420499725
5,1552.81,0.06644844298088326
5,1557.19,0.06813510900996571
5,1561.56,0.06976440467251398
5,1565.94,0.07134547506082031
5,1570.3100000000002,0.07295084218755506
5,1574.6899999999998,0.07457054866885617
5,1579.06,0.0761279353572615
5,1583.44,0.07762546035226876
5,1587.81,0.07910137091603109
5,1592.19,0.08055207717899912
5,1596.56,0.08194872132794422
5,1600.94,0.08331692832110853
5,1605.31,0.08465701721184801
5,1609.69,0.0859431993656066
5,1614.06,0.08715652712600554
5,1618.44,0.08827680391165017
5,1622.8100000000002,0.08932848644710084
5,1627.1899999999998,0.09031309125895028
5,1631.56,0.09120525887639092
5,1635.94,0.09199934584866847
5,1640.31,0.09270443027415094
5,1644.69,0.09330047357819389
5,1649.06,0.09374764335491281
5,1653.44,0.09404052192427771
5,1657.81,0.09420984625317842
5,1662.19,0.09430407300860247
5,1666.56,0.09435304380339858
5,1670.94,0.09433172524512834
5,1675.3100000000002,0.0941782406728953
5,1679.6899999999998,0.09385189563140212
5,1684.06,0.09336256675696368
5,1688.44,0.0927395433580276
5,1692.81,0.09199258370052193
5,1697.19,0.09112827186565382
5,1701.56,0.09017343113396382
5,1705.94,0.08916038691441454
5,1710.31,0.08811853522477796
5,1714.69,0.08711405436960265
5,1719.06,0.08618141945300649
5,1723.44,0.08529213346125478
5,1727.8100000000002,0.0844621255542752
5,1732.1899999999998,0.08367638358850527
5,1736.5600000000002,0.08281148425712163
5,1740.9399999999998,0.08180139995421207
5,1745.31,0.08064431599769832
5,1749.69,0.07939217258141053
5,1754.06,0.07815103780259322
5,1758.44,0.07697237831969093
5,1762.81,0.07590991507690946
5,1767.19,0.07496969947952846
5,1771.56,0.07420356903791067
5,1775.94,0.07358843656037935
5,1780.31,0.07306253080529568
5,1784.69,0.07265168382007242
5,1789.0600000000002,0.07238046097430581
5,1999.06,0.020929053346415843
5,2003.4399999999998,0.021519860288577025
5,2007.8100000000002,0.02226697234379571
5,2012.1899999999998,0.022913249629915197
5,2016.5600000000002,0.023660770373705037
5,2020.94,0.024309073291902728
5,2025.3100000000002,0.024782263913961603
5,2029.69,0.025220074091896846
5,2034.0600000000002,0.025647589282434064
5,2038.44,0.02606195766608851
5,2042.8099999999997,0.026477389321167562
5,2047.19,0.02688489636403724
5,2051.56,0.02732710918750761
5,2055.94,0.027838252964121263
5,2060.31,0.028335706672183988
5,2064.69,0.028821556661004968
5,2069.06,0.02933667060425993
5,2073.44,0.0298438803296944
5,2077.81,0.030321720399354404
5,2082.19,0.030793202618491215
5,2086.56,0.03128131494259368
5,2090.9399999999996,0.03177274813773316
5,2095.31,0.032256778367351975
5,2099.69,0.03275040536984999
5,2104.06,0.03324450312082299
5,2108.44,0.03371556863056037
5,2112.81,0.03417591380520076
5,2117.19,0.03463718994100077
5,2121.56,0.03509779795511714
5,2125.94,0.035541080434473064
5,2130.31,0.03595435237310967
5,2134.69,0.036347234820826795
5,2139.0600000000004,0.0367352706658907
5,2143.44,0.0371147163123479
5,2147.8100000000004,0.037491429234924496
5,2152.19,0.03787956208403366
5,2156.56,0.03825334383718249
5,2160.94,0.038596736928176445
5,2165.31,0.03892953868449071
5,2169.69,0.03924890509560537
5,2174.06,0.039552447400225614
5,2178.44,0.039850592877605485
5,2182.81,0.040152332834235256
5,2187.19,0.04044804388003278
5,2191.56,0.04070134420479148
5,2195.9399999999996,0.040918336707633306
5,2200.31,0.041124041812485156
5,2204.6899999999996,0.04131384936564059
5,2209.06,0.041467020576014514
5,2213.44,0.04156365612981681
5,2217.81,0.04159829908507854
5,2222.19,0.04156157579640807
5,2226.56,0.04141986352431474
5,2230.94,0.04113904210416697
5,2235.31,0.04071634752930787
5,2239.69,0.04017832137091891
5,2244.06,0.03955302166470091
5,2248.44,0.03886469987117887
5,2252.8100000000004,0.03814215317845564
5,2257.19,0.03740234778052239
5,2261.56,0.03666532791227079
5,2265.94,0.03595695315057187
5,2270.31,0.03529271218295372
5,2274.69,0.03466876465522452
5,2279.06,0.03406627826952921
5,2283.44,0.03346474261135863
5,2287.81,0.032850489560514035
5,2292.19,0.03220385871492208
5,2296.56,0.03153386114844886
5,2300.94,0.030910951710882442
5,2305.31,0.030391339908492045
5,2309.6899999999996,0.029989461013522123
5,2314.06,0.029670407680062027
5,2318.44,0.02935597795780162
5,2322.81,0.02899935630648588
5,2327.19,0.028613582861738332
5,2331.56,0.028208773714419665
5,2335.94,0.027788174490689033
5,2340.31,0.027360891194713223
5,2344.69,0.026969390302506908
5,2349.06,0.0266392602313817
5,2353.44,0.026341271310612008
5,2357.8100000000004,0.026087950419328404
5,2362.19,0.025868181290017923
5,2366.5600000000004,0.02563285469224371
5,2370.94,0.025346555295782922
5,2375.31,0.02504865688090678
5,2379.69,0.024748269941078864
5,2384.06,0.024384108094114787
5,2388.44,0.023982413347706295
5,2392.81,0.023614044700248256
5,2397.19,0.023277394412081112
5,2401.56,0.022954593928625727
5,2405.94,0.022609640827990746
5,2410.31,0.022234173062682463
5,2414.6899999999996,0.02179648241409998
5,2419.06,0.021287559657012862
5,2423.4399999999996,0.020914334616780023
5,2427.81,0.02064509245751467
5,2432.19,0.0203401318952574
5,2436.56,0.01991928166007683
5,2440.94,0.019543646525349595
5,2445.31,0.019131350608587536
5,2449.69,0.018389562423885057
5,2454.06,0.01791569437064991
5,2458.44,0.017820460238213445
5,2462.81,0.01762654085921024
5,2467.19,0.017272258298756026
5,2471.5600000000004,0.016716535527133782
7,402.188,0.013140854106468985
7,406.56199999999995,0.013246450161405176
7,410.93800000000005,0.013452246909502821
7,415.313,0.013766231474383625
7,419.68699999999995,0.014181076933848945
7,424.06300000000005,0.014696528938782878
7,428.438,0.015323109990829607
7,432.813,0.016022372508862237
7,437.18800000000005,0.016701807150437776
7,441.563,0.01733921009753482
7,445.938,0.017932632815605993
7,450.31300000000005,0.018459829174456658
7,454.688,0.018911123239239977
7,459.063,0.019285185125407417
7,463.438,0.019579289657721984
7,467.813,0.019808523515089747
7,472.187,0.019999214095497656
7,476.562,0.020171804789529
7,480.938,0.020353583639947315
7,485.313,0.020602140735579633
7,489.688,0.020980010845696666
7,494.063,0.021532474173123414
7,498.438,0.022353332754258708
7,502.812,0.023573277513659407
7,507.188,0.025269381889637076
7,511.563,0.02753959114215867
7,515.937,0.030537186510150218
7,520.313,0.0341056895777356
7,524.687,0.03775517405069458
7,529.062,0.04115289156339204
7,533.438,0.04405219878739599
7,537.813,0.04635994776581674
7,542.188,0.048169715757865196
7,546.563,0.04956447945396758
7,550.938,0.0504971145339081
7,555.312,0.0508064903013068
7,559.688,0.050360927129746054
7,564.063,0.04919672978633862
7,568.438,0.047471069566121606
7,572.813,0.04544415877012125
7,577.187,0.04350127727155386
7,581.562,0.04191347253705444
7,585.938,0.0407156032502186
7,590.313,0.03983120374816081
7,594.688,0.03919245596840556
7,599.063,0.038661091516157924
7,603.438,0.03802148061469716
7,607.812,0.037141271421587956
7,612.188,0.03607107003560293
7,616.563,0.03501404317826766
7,620.937,0.034191841241596216
7,625.312,0.03367801326727932
7,629.687,0.03334062661922754
7,634.063,0.03291180444292988
7,638.437,0.03217158851546031
7,642.813,0.031119085492945908
7,647.188,0.029945898833440322
7,651.563,0.028850505947227982
7,655.938,0.027835126306515964
7,660.313,0.026820943886190617
7,664.687,0.02589705947946715
7,669.063,0.02525072635788131
7,673.438,0.025033070280651493
7,677.813,0.025366776822302976
7,682.187,0.026564620927533245
7,686.562,0.029486459309142787
7,690.937,0.03543788492515951
7,695.312,0.04518691252404442
7,699.688,0.05873140935324118
7,704.063,0.07534292584191207
7,708.438,0.09333705700162681
7,712.813,0.1118261333468341
7,717.187,0.1321697487060854
7,721.563,0.15499509436481457
7,725.938,0.1775193081523117
7,730.313,0.19749628960380797
7,734.687,0.2136548036568216
7,739.063,0.22622445760829724
7,743.437,0.23592690164297236
7,747.812,0.2431000619961822
7,752.188,0.24812296054045438
7,756.563,0.25169844146933174
7,760.938,0.2549104682637611
7,765.313,0.2577722443407518
7,769.688,0.25945333924341246
7,774.063,0.2604961401219014
7,778.438,0.2613359248217661
7,782.813,0.26203759886787736
7,787.188,0.2626516061194474
7,791.563,0.2632202678809059
7,795.937,0.26375275857646485
7,800.312,0.26425463407943023
7,804.688,0.2647273755965987
7,809.063,0.2651880290039233
7,813.438,0.2656768563688849
7,817.813,0.2661776441897498
7,822.188,0.26658802153065336
7,826.5630000000001,0.26688174908425427
7,830.937,0.2671203731085989
7,835.313,0.2673702617524075
7,839.688,0.2676710331099457
7,844.063,0.26802168070490007
7,848.437,0.26840715528541476
7,852.812,0.2688150136317126
7,857.187,0.26921304104777516
7,861.563,0.26957856658003293
7,865.938,0.26992897270913235
7,870.313,0.27026559202969075
7,874.687,0.2705719280620106
7,879.063,0.27084914325969295
7,883.437,0.2710969525284716
7,887.813,0.2713172157314606
7,892.188,0.27153043024959045
7,896.562,0.2717543571474962
7,900.938,0.27195475701357935
7,905.312,0.27208662813272094
7,909.6880000000001,0.2721606167601072
7,914.062,0.27214503482306607
7,918.438,0.27199225769687907
7,922.813,0.27173486092212845
7,927.188,0.2713909960599849
7,931.563,0.27076609364306786
7,935.937,0.26926343365357025
7,940.312,0.26715075861519433
7,944.688,0.26483744350847555
7,949.063,0.2617526779458509
7,953.438,0.25820084468395216
7,957.812,0.25497200513570567
7,962.187,0.2527392481859308
7,966.562,0.25157142154952744
7,970.938,0.2511048974280828
7,975.313,0.25108030599666525
7,979.688,0.25146927717354844
7,984.063,0.2522896837307606
7,988.438,0.25356388010260417
7,992.812,0.25518799268457804
7,997.188,0.2569029789520428
7,1001.5600000000001,0.25860691519463436
7,1005.94,0.2603736179069034
7,1010.3100000000001,0.2622164452542434
7,1014.69,0.26407556850912517
7,1019.0600000000001,0.26591518600656416
7,1023.4399999999999,0.26771533157429656
7,1027.81,0.26944114913590017
7,1032.19,0.2710636554886005
7,1036.56,0.27257356109279207
7,1040.94,0.27395713947374606
7,1045.31,0.2752023491257336
7,1049.69,0.27631398972102905
7,1054.06,0.2772844974900712
7,1058.44,0.27810284721017814
7,1062.81,0.2787740184352151
7,1067.19,0.27931164732628966
7,1071.5600000000002,0.2797190865416895
7,1075.9399999999998,0.2799876978463377
7,1080.3100000000002,0.2801126509738853
7,1084.6899999999998,0.28009137024784
7,1089.06,0.27993480321726527
7,1093.44,0.27966503026385325
7,1097.81,0.27928340556413167
7,1102.19,0.2787814279439976
7,1106.56,0.2781953436893178
7,1110.94,0.277603676165978
7,1115.31,0.2769672031470691
7,1119.69,0.27587350573593283
7,1124.06,0.2731431838857825
7,1128.44,0.2681081487102783
7,1132.8100000000002,0.26197886884837646
7,1137.1899999999998,0.25597603601799346
7,1141.56,0.2500724218881107
7,1145.94,0.2420737838007277
7,1150.31,0.23355201692683622
7,1154.69,0.22826547228504204
7,1159.06,0.2255158102842397
7,1163.44,0.22401444304551696
7,1167.81,0.2231323864867387
7,1172.19,0.22257505125924362
7,1176.56,0.22217525920337067
7,1180.94,0.22181941266937646
7,1185.3100000000002,0.22147534263186971
7,1189.6899999999998,0.2212203257426794
7,1194.06,0.22116385724630092
7,1198.44,0.22139046682660118
7,1202.81,0.22192444624644123
7,1207.19,0.22271258672424593
7,1211.56,0.2237253154361737
7,1215.94,0.22493622558966744
7,1220.31,0.2262698300839169
7,1224.69,0.2276655626825348
7,1229.06,0.22905592350008663
7,1233.44,0.23037357419491747
7,1237.8100000000002,0.2315941256602644
7,1242.1899999999998,0.23272638000014703
7,1246.56,0.23377592290994945
7,1250.94,0.23471621945372317
7,1255.31,0.23551144291713136
7,1259.69,0.23614735832166625
7,1264.06,0.23659462488194694
7,1268.44,0.23675964705322403
7,1272.81,0.23657596538185607
7,1277.19,0.23607496348826681
7,1281.56,0.23527373887245775
7,1285.94,0.23417159589116926
7,1290.3100000000002,0.23274573171383237
7,1294.6899999999998,0.2309102235796163
7,1299.0600000000002,0.2286033389551507
7,1303.4399999999998,0.2258074126583757
7,1307.81,0.2224848019904457
7,1312.19,0.21855767690468347
7,1316.56,0.21405026212422526
7,1320.94,0.2092853906371398
7,1325.31,0.2045141962800524
7,1329.69,0.19923231276719597
7,1334.06,0.193070614331821
7,1338.44,0.187750601459248
7,1342.81,0.18413947722169105
7,1347.19,0.18164004895118996
7,1500.31,0.06964721606557563
7,1504.69,0.07155161695277588
7,1509.0600000000002,0.07354986011635364
7,1513.4399999999998,0.07556305509542709
7,1517.8100000000002,0.07766263312944975
7,1522.1899999999998,0.07976480954893668
7,1526.56,0.08185170870701004
7,1530.94,0.08396715498953745
7,1535.31,0.0860751296987357
7,1539.69,0.08817446589146784
7,1544.06,0.09027991548413047
7,1548.44,0.09235413095713665
7,1552.81,0.09437623087238899
7,1557.19,0.0963610972116243
7,1561.56,0.09827463614550944
7,1565.94,0.10013016896666886
7,1570.3100000000002,0.1020136521900502
7,1574.6899999999998,0.10391027922036883
7,1579.06,0.10572919688886104
7,1583.44,0.10747746098988936
7,1587.81,0.10920417398509016
7,1592.19,0.11090751928658282
7,1596.56,0.11255554707138508
7,1600.94,0.1141781882970492
7,1605.31,0.115771481904338
7,1609.69,0.1172995636956286
7,1614.06,0.1187373183084157
7,1618.44,0.12006235774451197
7,1622.8100000000002,0.12130548024712189
7,1627.1899999999998,0.12246868688885006
7,1631.56,0.12352184342535183
7,1635.94,0.12445679702478228
7,1640.31,0.1252799831826851
7,1644.69,0.12596285366027588
7,1649.06,0.12645675230534834
7,1653.44,0.12675701766172862
7,1657.81,0.1269052564735015
7,1662.19,0.12696757702827455
7,1666.56,0.12699114375326026
7,1670.94,0.12695762361070811
7,1675.3100000000002,0.1267942887914949
7,1679.6899999999998,0.12644559929715907
7,1684.06,0.12591592294790316
7,1688.44,0.12523457520449155
7,1692.81,0.12441130186730152
7,1697.19,0.12345209394950216
7,1701.56,0.12238317448964663
7,1705.94,0.12123538030965428
7,1710.31,0.12004010773628251
7,1714.69,0.11888056377096945
7,1719.06,0.11780814855387144
7,1723.44,0.11679599112966825
7,1727.8100000000002,0.11586201210089057
7,1732.1899999999998,0.1149901554167227
7,1736.5600000000002,0.11404270527914633
7,1740.9399999999998,0.11294082599069225
7,1745.31,0.1116728506150379
7,1749.69,0.11029015266197821
7,1754.06,0.10891013087740212
7,1758.44,0.10759490438373032
7,1762.81,0.10641017376279706
7,1767.19,0.10536627284303904
7,1771.56,0.10452320022846252
7,1775.94,0.10385411975128736
7,1780.31,0.10328560299256315
7,1784.69,0.10284343413626884
7,1789.0600000000002,0.10255522797054219
7,1999.06,0.03852141371924315
7,2003.4399999999998,0.039306082045473235
7,2007.8100000000002,0.04036811147423583
7,2012.1899999999998,0.04136635238502116
7,2016.5600000000002,0.04253015579991818
7,2020.94,0.043493489748413085
7,2025.3100000000002,0.044165044727966986
7,2029.69,0.0447685070877755
7,2034.0600000000002,0.045339277430773296
7,2038.44,0.045871215220991794
7,2042.8099999999997,0.046387946663698616
7,2047.19,0.0468917173986605
7,2051.56,0.04744612092565826
7,2055.94,0.04809455839160804
7,2060.31,0.04872794232100082
7,2064.69,0.049341577270018984
7,2069.06,0.04997994734000292
7,2073.44,0.05059943969783143
7,2077.81,0.05118570047411565
7,2082.19,0.05177554700117909
7,2086.56,0.05239389751263669
7,2090.9399999999996,0.05301000082165176
7,2095.31,0.05360360141124552
7,2099.69,0.05420619586522482
7,2104.06,0.054815412964216804
7,2108.44,0.05539979107585112
7,2112.81,0.05597153865578948
7,2117.19,0.056546776431422856
7,2121.56,0.05712451204596597
7,2125.94,0.057671909536141173
7,2130.31,0.05816448285603476
7,2134.69,0.0586270764731807
7,2139.0600000000004,0.059088021935044574
7,2143.44,0.05953798898174996
7,2147.8100000000004,0.05998340349991704
7,2152.19,0.06044505777544465
7,2156.56,0.06089039474301736
7,2160.94,0.061298356531045775
7,2165.31,0.061692250639575924
7,2169.69,0.06206947518211921
7,2174.06,0.062426948650663255
7,2178.44,0.06277671144096734
7,2182.81,0.06313071819005156
7,2187.19,0.06347212242021731
7,2191.56,0.06375340491461245
7,2195.9399999999996,0.06398920310625052
7,2200.31,0.06422530485413061
7,2204.6899999999996,0.06446777233511833
7,2209.06,0.06467857821100874
7,2213.44,0.0648160142313161
7,2217.81,0.06487918636242211
7,2222.19,0.06486029646539142
7,2226.56,0.06468652663754668
7,2230.94,0.0642783585759356
7,2235.31,0.06363758623146387
7,2239.69,0.06283618157501711
7,2244.06,0.06193677317767717
7,2248.44,0.06097361530095484
7,2252.8100000000004,0.05997717212898724
7,2257.19,0.05896144540896471
7,2261.56,0.057949833434657406
7,2265.94,0.05698413975842627
7,2270.31,0.056090311421104204
7,2274.69,0.05525518666508471
7,2279.06,0.05444856065679214
7,2283.44,0.05365158713027812
7,2287.81,0.052851749713704724
7,2292.19,0.05201097501131498
7,2296.56,0.05112395523125871
7,2300.94,0.050277552122925236
7,2305.31,0.04955820741998894
7,2309.6899999999996,0.04899894266581463
7,2314.06,0.048556256381991764
7,2318.44,0.048130561739913036
7,2322.81,0.047667971918852595
7,2327.19,0.04717509937165778
7,2331.56,0.04665540882158733
7,2335.94,0.0461307859614018
7,2340.31,0.045637752346674526
7,2344.69,0.045227785397288334
7,2349.06,0.04492484020441118
7,2353.44,0.04469496779398952
7,2357.8100000000004,0.04452126884644517
7,2362.19,0.04436630149752207
7,2366.5600000000004,0.044178765780519484
7,2370.94,0.04392541383902376
7,2375.31,0.04364208043926738
7,2379.69,0.04332165477595772
7,2384.06,0.04287500105349346
7,2388.44,0.04233867283577284
7,2392.81,0.04183113012522289
7,2397.19,0.04136762221589509
7,2401.56,0.04091715160049123
7,2405.94,0.04042873491326158
7,2410.31,0.03991352980290401
7,2414.6899999999996,0.03931066605308135
7,2419.06,0.038551121818898595
7,2423.4399999999996,0.037963190261751184
7,2427.81,0.03754531703071821
7,2432.19,0.03707918480101234
7,2436.56,0.036434643556213904
7,2440.94,0.03589201587771304
7,2445.31,0.0353836796930153
7,2449.69,0.03441984374947382
7,2454.06,0.033576776498218365
7,2458.44,0.03329019145780609
7,2462.81,0.0330176863343763
7,2467.19,0.032625721402894145
7,2471.5600000000004,0.032028667832666724
10,402.188,0.013886674715576225
10,406.56199999999995,0.013970953079422631
10,410.93800000000005,0.014161595065988174
10,415.313,0.014472990827934637
10,419.68699999999995,0.014882783056699737
10,424.06300000000005,0.015373872069552817
10,428.438,0.015950361332566734
10,432.813,0.01658263689436135
10,437.18800000000005,0.017203752770141002
10,441.563,0.017811234546745745
10,445.938,0.018414152747944775
10,450.31300000000005,0.018985699723677467
10,454.688,0.01949647653829727
10,459.063,0.019925255092040704
10,463.438,0.02025888092676464
10,467.813,0.02051714756186709
10,472.187,0.02073661194207897
10,476.562,0.020940790535505675
10,480.938,0.021163203811460432
10,485.313,0.021488452287251526
10,489.688,0.022020560356102975
10,494.063,0.022848071585196996
10,498.438,0.024130784344376405
10,502.812,0.026075880857296875
10,507.188,0.028790794472155608
10,511.563,0.03239560291072412
10,515.937,0.037084368302023094
10,520.313,0.04257858693454826
10,524.687,0.04812024968413431
10,529.062,0.053223666369668333
10,533.438,0.0575374155933977
10,537.813,0.06092678928033881
10,542.188,0.06352764205762905
10,546.563,0.06547035133387756
10,550.938,0.06671374945649547
10,555.312,0.06705678302749365
10,559.688,0.06632914158423532
10,564.063,0.06458497092067668
10,568.438,0.062035499862788654
10,572.813,0.05903512386007391
10,577.187,0.056132291993488494
10,581.562,0.053729264339341436
10,585.938,0.051886367869619934
10,590.313,0.050494000925665736
10,594.688,0.049460279403334015
10,599.063,0.048586337150115094
10,603.438,0.04754214227579394
10,607.812,0.04611605800556882
10,612.188,0.044378584782192684
10,616.563,0.0426442045533428
10,620.937,0.04126694117809166
10,625.312,0.04037523154256071
10,629.687,0.03977957798054156
10,634.063,0.03907193564712482
10,638.437,0.037888911237245845
10,642.813,0.036178317165591715
10,647.188,0.03419571756334548
10,651.563,0.03225064665746823
10,655.938,0.030365433950913588
10,660.313,0.028426969699529035
10,664.687,0.026598021612149633
10,669.063,0.025214563450553566
10,673.438,0.024557671942776204
10,677.813,0.024850666796466515
10,682.187,0.026603109092448587
10,686.562,0.031101087066307754
10,690.937,0.04007643592037279
10,695.312,0.054148779971342265
10,699.688,0.07277186667067438
10,704.063,0.09463253912693431
10,708.438,0.11742926551115482
10,712.813,0.14004991989238985
10,717.187,0.1641246635740286
10,721.563,0.1903465695259778
10,725.938,0.21551231943747026
10,730.313,0.23726800550524405
10,734.687,0.2545049123483949
10,739.063,0.2677010745841795
10,743.437,0.2777790030309927
10,747.812,0.28518746619572877
10,752.188,0.2903716058843355
10,756.563,0.2940790921039725
10,760.938,0.29742260670862064
10,765.313,0.30038864469144516
10,769.688,0.30212313698882254
10,774.063,0.30319865960634945
10,778.438,0.3040580839025145
10,782.813,0.30476573566126647
10,787.188,0.30537643915910667
10,791.563,0.3059345553198736
10,795.937,0.30645296624111973
10,800.312,0.30694174955071185
10,804.688,0.3074022328308586
10,809.063,0.30785333717418456
10,813.438,0.3083315796085151
10,817.813,0.3088076775248648
10,822.188,0.30917734481172926
10,826.5630000000001,0.30942398161885265
10,830.937,0.3096114607240037
10,835.313,0.3098107529184754
10,839.688,0.31006934914344736
10,844.063,0.31038592426249806
10,848.437,0.3107425594885238
10,852.812,0.311123805834394
10,857.187,0.3114947631109194
10,861.563,0.31183241155714275
10,865.938,0.3121511752663014
10,870.313,0.3124497989012
10,874.687,0.3127140856564686
10,879.063,0.3129474116118613
10,883.437,0.31315180784593133
10,887.813,0.31333451190021455
10,892.188,0.31351988436642686
10,896.562,0.3137188890654746
10,900.938,0.3138830860927594
10,905.312,0.313967595272751
10,909.6880000000001,0.31398441412305766
10,914.062,0.3138922015819681
10,918.438,0.3136528289719502
10,922.813,0.31332644861548814
10,927.188,0.31294080243495936
10,931.563,0.31227817805825697
10,935.937,0.3106602216806692
10,940.312,0.3083503968719995
10,944.688,0.30582498732763685
10,949.063,0.3024628565072706
10,953.438,0.29858924601163983
10,957.812,0.29505696397495357
10,962.187,0.2925843044000966
10,966.562,0.291259681354318
10,970.938,0.2907107652078883
10,975.313,0.2906476319883004
10,979.688,0.29101345700882403
10,984.063,0.2917668105570189
10,988.438,0.29284753782873374
10,992.812,0.29420762152280616
10,997.188,0.2957635033811034
10,1001.5600000000001,0.29745485559727775
10,1005.94,0.29928299926591173
10,1010.3100000000001,0.3012125946948703
10,1014.69,0.3031648501733787
10,1019.0600000000001,0.30509349147565634
10,1023.4399999999999,0.30696962616013407
10,1027.81,0.3087563517505723
10,1032.19,0.3104326472413374
10,1036.56,0.3119950051176617
10,1040.94,0.3134304586309682
10,1045.31,0.3147283404303059
10,1049.69,0.31588895776717363
10,1054.06,0.3168964647101742
10,1058.44,0.31773833174361005
10,1062.81,0.318418299582858
10,1067.19,0.3189451848407519
10,1071.5600000000002,0.31932054121031944
10,1075.9399999999998,0.31953982019279026
10,1080.3100000000002,0.31960483714204496
10,1084.6899999999998,0.31951706871561514
10,1089.06,0.31928812043486704
10,1093.44,0.3189428276223673
10,1097.81,0.318489203482672
10,1102.19,0.3179247311050129
10,1106.56,0.31728870063720177
10,1110.94,0.3166567319657233
10,1115.31,0.3159692001297295
10,1119.69,0.3147502083794528
10,1124.06,0.311677856891834
10,1128.44,0.30605429647795845
10,1132.8100000000002,0.29927217795307043
10,1137.1899999999998,0.29266773923480394
10,1141.56,0.28619018457628126
10,1145.94,0.2774117812910135
10,1150.31,0.2680484104926656
10,1154.69,0.26222977959443816
10,1159.06,0.25918344619685435
10,1163.44,0.2574825953430877
10,1167.81,0.2564280641909112
10,1172.19,0.25569596621555113
10,1176.56,0.2551082421048513
10,1180.94,0.2545511479249762
10,1185.3100000000002,0.2540069416077902
10,1189.6899999999998,0.2535845494694725
10,1194.06,0.25341492479500805
10,1198.44,0.25357988152054695
10,1202.81,0.2540995389417787
10,1207.19,0.25492277725053264
10,1211.56,0.2560200011177694
10,1215.94,0.25735409038006135
10,1220.31,0.2588263831632305
10,1224.69,0.26035677335664503
10,1229.06,0.2618689462179086
10,1233.44,0.26329617013336093
10,1237.8100000000002,0.2646157261975778
10,1242.1899999999998,0.26583482515720286
10,1246.56,0.2669574841318585
10,1250.94,0.26795405525820387
10,1255.31,0.26878269439451247
10,1259.69,0.26942543016230963
10,1264.06,0.26985295537705895
10,1268.44,0.26997067190760693
10,1272.81,0.26971159786750276
10,1277.19,0.2691051039497754
10,1281.56,0.2681589708063794
10,1285.94,0.2668669515350929
10,1290.3100000000002,0.26520529699345113
10,1294.6899999999998,0.2630820419745201
10,1299.0600000000002,0.2604292186092166
10,1303.4399999999998,0.25722763425130607
10,1307.81,0.2534337748884736
10,1312.19,0.24895200894782651
10,1316.56,0.24380161439079578
10,1320.94,0.23834455634607637
10,1325.31,0.23286203649499781
10,1329.69,0.22677154085066117
10,1334.06,0.21966042219310397
10,1338.44,0.21353695936573627
10,1342.81,0.20940343960000624
10,1347.19,0.20656223211107352
10,1500.31,0.06837147996748388
10,1504.69,0.07080333293479084
10,1509.0600000000002,0.07335359402572426
10,1513.4399999999998,0.07592272581909863
10,1517.8100000000002,0.07860252441307146
10,1522.1899999999998,0.08128606238788187
10,1526.56,0.08394999359156079
10,1530.94,0.08665096710282894
10,1535.31,0.0893440620488657
10,1539.69,0.0920270768915436
10,1544.06,0.09471735456432998
10,1548.44,0.09736682512445602
10,1552.81,0.09994905852139871
10,1557.19,0.10248265442742822
10,1561.56,0.10492087914728256
10,1565.94,0.10727713905491287
10,1570.3100000000002,0.10966166337160878
10,1574.6899999999998,0.11206193528598146
10,1579.06,0.11436518229682238
10,1583.44,0.11657417513268738
10,1587.81,0.11874465758257677
10,1592.19,0.12087227483426877
10,1596.56,0.12291678118934399
10,1600.94,0.12491608042424743
10,1605.31,0.1268702794933826
10,1609.69,0.12874336021380814
10,1614.06,0.1305090918159374
10,1618.44,0.1321369775952057
10,1622.8100000000002,0.13366072328261916
10,1627.1899999999998,0.13508587835586647
10,1631.56,0.1363800636547058
10,1635.94,0.1375336990495387
10,1640.31,0.13855782018951468
10,1644.69,0.13942685932852625
10,1649.06,0.14009074163931123
10,1653.44,0.14054517403636274
10,1657.81,0.1408266958666392
10,1662.19,0.14099217362885216
10,1666.56,0.14107887743218608
10,1670.94,0.14105340433296004
10,1675.3100000000002,0.14082558734738732
10,1679.6899999999998,0.14032923428566127
10,1684.06,0.13957371682074526
10,1688.44,0.1386014801394698
10,1692.81,0.13743074643244363
10,1697.19,0.13608289520850772
10,1701.56,0.1346159616161779
10,1705.94,0.13309598250077273
10,1710.31,0.13157786226133866
10,1714.69,0.1301615347564382
10,1719.06,0.12889060155165089
10,1723.44,0.12771029610987797
10,1727.8100000000002,0.12661915918894537
10,1732.1899999999998,0.12557702961164197
10,1736.5600000000002,0.12440339412932026
10,1740.9399999999998,0.12299769376888373
10,1745.31,0.12135473014510444
10,1749.69,0.11955826743438179
10,1754.06,0.11777385965925423
10,1758.44,0.11608414678883716
10,1762.81,0.11456781393639792
10,1767.19,0.11323308356405143
10,1771.56,0.11215438257675432
10,1775.94,0.11129935232768712
10,1780.31,0.11058030737075808
10,1784.69,0.11003323559923377
10,1789.0600000000002,0.10968943177943365
10,1999.06,0.02903107246737628
10,2003.4399999999998,0.03003104603067802
10,2007.8100000000002,0.031225793161716926
10,2012.1899999999998,0.032183647890115644
10,2016.5600000000002,0.033270350026207304
10,2020.94,0.034237854807294396
10,2025.3100000000002,0.03497192841056835
10,2029.69,0.03567114011623621
10,2034.0600000000002,0.03636787982078833
10,2038.44,0.037054600618479254
10,2042.8099999999997,0.03775068354355602
10,2047.19,0.038436388975098046
10,2051.56,0.03918006379854984
10,2055.94,0.04003339133387128
10,2060.31,0.040854866301657286
10,2064.69,0.041652524027284595
10,2069.06,0.042500329132213494
10,2073.44,0.04334220486107507
10,2077.81,0.04413943542433246
10,2082.19,0.044921753004466894
10,2086.56,0.045727013141431794
10,2090.9399999999996,0.0465429023806958
10,2095.31,0.04735802903540275
10,2099.69,0.04819497208802692
10,2104.06,0.04903242804535186
10,2108.44,0.04983197397523246
10,2112.81,0.05061565883887891
10,2117.19,0.05140095274369065
10,2121.56,0.05218387672745274
10,2125.94,0.05294432449598188
10,2130.31,0.05366527870502905
10,2134.69,0.054351852414097346
10,2139.0600000000004,0.055023665948180006
10,2143.44,0.05568019515376483
10,2147.8100000000004,0.056335973509092946
10,2152.19,0.05701381290684211
10,2156.56,0.05766741083669666
10,2160.94,0.05826801224206377
10,2165.31,0.05884914535449157
10,2169.69,0.05940361061369883
10,2174.06,0.059927312418834956
10,2178.44,0.06043873779155862
10,2182.81,0.060953112266441886
10,2187.19,0.061460788728761734
10,2191.56,0.06190449906077032
10,2195.9399999999996,0.062287375697190485
10,2200.31,0.06263588329249482
10,2204.6899999999996,0.0629310304016155
10,2209.06,0.06314709766662968
10,2213.44,0.06326368481444092
10,2217.81,0.06326799232016474
10,2222.19,0.06314174377649145
10,2226.56,0.06284923062453701
10,2230.94,0.06236188944444965
10,2235.31,0.06167811337581721
10,2239.69,0.060824093263819
10,2244.06,0.05983465603024883
10,2248.44,0.058745781890449655
10,2252.8100000000004,0.05759705598877683
10,2257.19,0.056408229463394174
10,2261.56,0.05521256349794664
10,2265.94,0.05405537720921451
10,2270.31,0.052962665194412645
10,2274.69,0.05193178361144561
10,2279.06,0.05093285967370283
10,2283.44,0.04992789310523284
10,2287.81,0.048898539869159006
10,2292.19,0.047825618596016736
10,2296.56,0.04673092982433922
10,2300.94,0.04572633755133702
10,2305.31,0.04489494949854045
10,2309.6899999999996,0.04425791232861817
10,2314.06,0.04376239761660427
10,2318.44,0.04327971258362672
10,2322.81,0.04272534696547278
10,2327.19,0.04211997977958853
10,2331.56,0.041482986352898
10,2335.94,0.04080876756312902
10,2340.31,0.040096967271925577
10,2344.69,0.03941712721035706
10,2349.06,0.03881255725357461
10,2353.44,0.03823235603981825
10,2357.8100000000004,0.03772122825492059
10,2362.19,0.03728123595562907
10,2366.5600000000004,0.036828599676264034
10,2370.94,0.03629918449018405
10,2375.31,0.03576408662744495
10,2379.69,0.03524833870337596
10,2384.06,0.03465764228626006
10,2388.44,0.034027396326832264
10,2392.81,0.03345564406265146
10,2397.19,0.03293168315487057
10,2401.56,0.032431153205849356
10,2405.94,0.031902004994994376
10,2410.31,0.03132560011770944
10,2414.6899999999996,0.030652698584492162
10,2419.06,0.029856734797627616
10,2423.4399999999996,0.02925949033712725
10,2427.81,0.028830232346598882
10,2432.19,0.028352221204464696
10,2436.56,0.027701139626448365
10,2440.94,0.027146933816393083
10,2445.31,0.02662916764487286
10,2449.69,0.025748074356134396
10,2454.06,0.02503708548389643
10,2458.44,0.024770307779490443
10,2462.81,0.024486356861051307
10,2467.19,0.024107267271601222
10,2471.5600000000004,0.023564634257022862
12,402.188,0.012864086305349874
12,406.56199999999995,0.012963505982449377
12,410.93800000000005,0.01315861679282604
12,415.313,0.013452139638571413
12,419.68699999999995,0.0138208341912806
12,424.06300000000005,0.014248517750108632
12,428.438,0.014735243262449075
12,432.813,0.015254713846040383
12,437.18800000000005,0.015754134668800605
12,441.563,0.01623626069112053
12,445.938,0.016712827602720637
12,450.31300000000005,0.017165920141416224
12,454.688,0.01757448364223495
12,459.063,0.017923094059334347
12,463.438,0.018201637424122362
12,467.813,0.018424570938424062
12,472.187,0.018619247371301443
12,476.562,0.018803436115681048
12,480.938,0.019002436694572605
12,485.313,0.019280816158423152
12,489.688,0.01971664994022002
12,494.063,0.020374390031895496
12,498.438,0.021375942632542656
12,502.812,0.022881589336359615
12,507.188,0.02497496821338265
12,511.563,0.027752382335854395
12,515.937,0.031370666465550014
12,520.313,0.03562116922812274
12,524.687,0.039919672728405166
12,529.062,0.04388757100945529
12,533.438,0.047248753276571506
12,537.813,0.04989743758966774
12,542.188,0.051939424586075714
12,546.563,0.05347408522684918
12,550.938,0.05446576798598553
12,555.312,0.05475790298512684
12,559.688,0.054223370823492226
12,564.063,0.052908670315943075
12,568.438,0.050975918748549155
12,572.813,0.04869697162657621
12,577.187,0.04649799566614338
12,581.562,0.04469291396700487
12,585.938,0.04332915970267438
12,590.313,0.04231949329320962
12,594.688,0.04158503149173487
12,599.063,0.040968106563297184
12,603.438,0.04021831711341839
12,607.812,0.039178363482184383
12,612.188,0.03790614757592716
12,616.563,0.03664258769108434
12,620.937,0.03565487152353925
12,625.312,0.03503842038779011
12,629.687,0.03464729232532114
12,634.063,0.034169984283162896
12,638.437,0.03333304415221092
12,642.813,0.03210172345442635
12,647.188,0.030670534276864374
12,651.563,0.029268100959383536
12,655.938,0.027909439738263767
12,660.313,0.026516042613514583
12,664.687,0.025215976705996006
12,669.063,0.024258616637075667
12,673.438,0.023847763065905338
12,677.813,0.024148689118128938
12,682.187,0.025549564746894748
12,686.562,0.02903801241030203
12,690.937,0.03595748666045079
12,695.312,0.04682987970467375
12,699.688,0.06131783732938966
12,704.063,0.07850031984311717
12,708.438,0.09665303525293202
12,712.813,0.11495009355510702
12,717.187,0.13477225083585945
12,721.563,0.15673872484082385
12,725.938,0.1781847833566164
12,730.313,0.19703444617688948
12,734.687,0.21218795876374352
12,739.063,0.2239495322925417
12,743.437,0.2330568262189394
12,747.812,0.239850811813015
12,752.188,0.24467361655390704
12,756.563,0.2481688700021361
12,760.938,0.2513732658534602
12,765.313,0.25426687399326475
12,769.688,0.255990398395824
12,774.063,0.25708269107930826
12,778.438,0.25797761863834456
12,782.813,0.2587345619699918
12,787.188,0.2594024259800615
12,791.563,0.26002394530115996
12,795.937,0.2606092953646497
12,800.312,0.261163975557487
12,804.688,0.26168552685543545
12,809.063,0.2621901291701535
12,813.438,0.26272195977360824
12,817.813,0.26326262204122614
12,822.188,0.263699387091113
12,826.5630000000001,0.2640053146812366
12,830.937,0.26425002856175417
12,835.313,0.2645106427922554
12,839.688,0.26483345270797143
12,844.063,0.26521496127819993
12,848.437,0.26563663167665946
12,852.812,0.26608652801404825
12,857.187,0.26653150669091846
12,861.563,0.26694441105247824
12,865.938,0.26733815080773204
12,870.313,0.26771055086652634
12,874.687,0.2680473722151073
12,879.063,0.26835539354712235
12,883.437,0.2686360981219972
12,887.813,0.26889015073398476
12,892.188,0.2691390311509953
12,896.562,0.26940578594026154
12,900.938,0.26965251672408197
12,905.312,0.2698175680390792
12,909.6880000000001,0.26990583798629814
12,914.062,0.2698797296326316
12,918.438,0.26968539230516764
12,922.813,0.2693662353763124
12,927.188,0.26894834918198174
12,931.563,0.26820330902868883
12,935.937,0.2664302785229927
12,940.312,0.2639742746623
12,944.688,0.26135753561737946
12,949.063,0.2579434421620099
12,953.438,0.2540915385573404
12,957.812,0.2506724020255846
12,962.187,0.24837622912214138
12,966.562,0.24722349529498605
12,970.938,0.24680250704762294
12,975.313,0.24684080781887752
12,979.688,0.2473045289029833
12,984.063,0.2481969648064347
12,988.438,0.24953473637249554
12,992.812,0.25122766497766713
12,997.188,0.2530309876086947
12,1001.5600000000001,0.25484587845238277
12,1005.94,0.25674921839907766
12,1010.3100000000001,0.25875278082348524
12,1014.69,0.26079082269073117
12,1019.0600000000001,0.262824315083673
12,1023.4399999999999,0.26482668729696307
12,1027.81,0.2667530178976536
12,1032.19,0.26857068856987754
12,1036.56,0.2702721692645049
12,1040.94,0.2718443164647499
12,1045.31,0.2732732368937926
12,1049.69,0.2745559720955731
12,1054.06,0.275674593047204
12,1058.44,0.2766155008605972
12,1062.81,0.2773851879817259
12,1067.19,0.277997118643194
12,1071.5600000000002,0.2784536865836126
12,1075.9399999999998,0.2787453257252986
12,1080.3100000000002,0.2788684728760738
12,1084.6899999999998,0.27882197199585496
12,1089.06,0.2786180498158792
12,1093.44,0.2782830020614958
12,1097.81,0.27782438545399346
12,1102.19,0.277243160678976
12,1106.56,0.27658856248332886
12,1110.94,0.27594608201087684
12,1115.31,0.275267486220994
12,1119.69,0.27410645109689796
12,1124.06,0.2711912606430007
12,1128.44,0.2658095938720508
12,1132.8100000000002,0.25931143387934424
12,1137.1899999999998,0.2530263129376748
12,1141.56,0.24694990803758846
12,1145.94,0.238844033063401
12,1150.31,0.23030320659210557
12,1154.69,0.22507406905217794
12,1159.06,0.22239490044994165
12,1163.44,0.22095454674943465
12,1167.81,0.22012365089527447
12,1172.19,0.21961008848334895
12,1176.56,0.21924968327153474
12,1180.94,0.21893035765293753
12,1185.3100000000002,0.21861754024151597
12,1189.6899999999998,0.2183861945961835
12,1194.06,0.21834926089163054
12,1198.44,0.21859478349266573
12,1202.81,0.2191441550607793
12,1207.19,0.21993907378563307
12,1211.56,0.22094845110766473
12,1215.94,0.22214679240341648
12,1220.31,0.22346210375965456
12,1224.69,0.22483971921798074
12,1229.06,0.22621810689835112
12,1233.44,0.2275334117373044
12,1237.8100000000002,0.2287614415524993
12,1242.1899999999998,0.22990946599169984
12,1246.56,0.23098086968635326
12,1250.94,0.23194575519163627
12,1255.31,0.23276464878555853
12,1259.69,0.23342186145079905
12,1264.06,0.23388821452138944
12,1268.44,0.2340682602263987
12,1272.81,0.23389132073653746
12,1277.19,0.23338714060443452
12,1281.56,0.23257421432178818
12,1285.94,0.23145429255780764
12,1290.3100000000002,0.23000782355606206
12,1294.6899999999998,0.22815187318102106
12,1299.0600000000002,0.2258272746584087
12,1303.4399999999998,0.22302101889923798
12,1307.81,0.21970121614552918
12,1312.19,0.21579415350693743
12,1316.56,0.2113277226952545
12,1320.94,0.2066260152777424
12,1325.31,0.20193758852297325
12,1329.69,0.19676707052457496
12,1334.06,0.19075378675597604
12,1338.44,0.1855774393364205
12,1342.81,0.18207590567095905
12,1347.19,0.1796592741837958
12,1500.31,0.06964438063777416
12,1504.69,0.07160014482363622
12,1509.0600000000002,0.07365415047157876
12,1513.4399999999998,0.07572582235983864
12,1517.8100000000002,0.07788784578672493
12,1522.1899999999998,0.08005317371816636
12,1526.56,0.08220368993638258
12,1530.94,0.08438525259778107
12,1535.31,0.08656136582098262
12,1539.69,0.08873125114141149
12,1544.06,0.09091008540077455
12,1548.44,0.0930585942907579
12,1552.81,0.09515470258407586
12,1557.19,0.09721357784643478
12,1561.56,0.09919914681525552
12,1565.94,0.10112505868412845
12,1570.3100000000002,0.10308135779845762
12,1574.6899999999998,0.10505292677266698
12,1579.06,0.1069439262939035
12,1583.44,0.10875914633754291
12,1587.81,0.11054730058260029
12,1592.19,0.11230553424185782
12,1596.56,0.1140010924745322
12,1600.94,0.11566565267240803
12,1605.31,0.11729673977356869
12,1609.69,0.11886009401803894
12,1614.06,0.1203326452163019
12,1618.44,0.12169279286647798
12,1622.8100000000002,0.12297224953639088
12,1627.1899999999998,0.1241740314792085
12,1631.56,0.12526924537592568
12,1635.94,0.12625221101266798
12,1640.31,0.1271348210374039
12,1644.69,0.12789460229312535
12,1649.06,0.12848494011723377
12,1653.44,0.12889629433935335
12,1657.81,0.12915459535633272
12,1662.19,0.12930814108816266
12,1666.56,0.12939501978689222
12,1670.94,0.12939597084572305
12,1675.3100000000002,0.12924256785203178
12,1679.6899999999998,0.12888587479068372
12,1684.06,0.12833701461009914
12,1688.44,0.12762933767145732
12,1692.81,0.12677210964047117
12,1697.19,0.12577094234878605
12,1701.56,0.12465962650808797
12,1705.94,0.1234827905833663
12,1710.31,0.12228032209975645
12,1714.69,0.12113216659666214
12,1719.06,0.12007805044374836
12,1723.44,0.11908012199244113
12,1727.8100000000002,0.11814917146195658
12,1732.1899999999998,0.11726625330939715
12,1736.5600000000002,0.11629220648770279
12,1740.9399999999998,0.1151481636549026
12,1745.31,0.11382404585820331
12,1749.69,0.11237651874323783
12,1754.06,0.11093234993724035
12,1758.44,0.1095595108979207
12,1762.81,0.10832723504690511
12,1767.19,0.1072456392877706
12,1771.56,0.10637617559072678
12,1775.94,0.10569087763616117
12,1780.31,0.10511405845207919
12,1784.69,0.10467148373023374
12,1789.0600000000002,0.10438872778266668
12,1999.06,0.037634244468072085
12,2003.4399999999998,0.03846701363330783
12,2007.8100000000002,0.03957602537649233
12,2012.1899999999998,0.04060021219069068
12,2016.5600000000002,0.04179232264902152
12,2020.94,0.04278855252926978
12,2025.3100000000002,0.04349085312027264
12,2029.69,0.04412809432813095
12,2034.0600000000002,0.044737896449816
12,2038.44,0.0453142790405561
12,2042.8099999999997,0.04588102539459471
12,2047.19,0.04643742915280158
12,2051.56,0.047051862076039605
12,2055.94,0.04777201581890651
12,2060.31,0.048476825356767825
12,2064.69,0.04916196136873514
12,2069.06,0.04987838572442737
12,2073.44,0.050577063183867725
12,2077.81,0.05123878638824997
12,2082.19,0.051902056535398915
12,2086.56,0.05259585127814097
12,2090.9399999999996,0.053290499878026254
12,2095.31,0.0539664372596214
12,2099.69,0.05465690737581053
12,2104.06,0.055356605735963516
12,2108.44,0.05603044601737379
12,2112.81,0.05669322795073541
12,2117.19,0.05736205573482466
12,2121.56,0.05803403649662844
12,2125.94,0.05867367663748197
12,2130.31,0.05925252804058897
12,2134.69,0.05979033847715564
12,2139.0600000000004,0.06031419689871649
12,2143.44,0.06081655459542774
12,2147.8100000000004,0.061307552263326036
12,2152.19,0.06181060381582563
12,2156.56,0.0622909030738683
12,2160.94,0.06272638280332542
12,2165.31,0.06314303343126819
12,2169.69,0.06353952554012081
12,2174.06,0.06391429595319066
12,2178.44,0.06428017407822602
12,2182.81,0.06464873530746643
12,2187.19,0.0650030566590837
12,2191.56,0.06529357021543213
12,2195.9399999999996,0.0655326889196783
12,2200.31,0.06576448900293669
12,2204.6899999999996,0.06599512443143205
12,2209.06,0.06618923693625607
12,2213.44,0.06630670281510088
12,2217.81,0.06634682981400147
12,2222.19,0.06630397940684478
12,2226.56,0.06611057054837527
12,2230.94,0.0656939317192804
12,2235.31,0.06505736346201416
12,2239.69,0.06426655307052534
12,2244.06,0.0633757642446451
12,2248.44,0.06241162766032766
12,2252.8100000000004,0.06139730351053676
12,2257.19,0.06034295268226414
12,2261.56,0.05927593759726358
12,2265.94,0.05824538570192947
12,2270.31,0.057280613050702235
12,2274.69,0.05636945058198856
12,2279.06,0.055482110672903755
12,2283.44,0.054600460634424385
12,2287.81,0.05371721685308676
12,2292.19,0.052800200097070434
12,2296.56,0.05184829195973067
12,2300.94,0.05095260046347635
12,2305.31,0.05019746221296425
12,2309.6899999999996,0.04960959770032455
12,2314.06,0.04913791281090862
12,2318.44,0.04867385357682147
12,2322.81,0.04816197626489608
12,2327.19,0.04761785092893244
12,2331.56,0.0470479127025861
12,2335.94,0.04646853559461902
12,2340.31,0.04591191999207745
12,2344.69,0.045436513039500935
12,2349.06,0.04506998762070705
12,2353.44,0.04477112665334468
12,2357.8100000000004,0.0445314426722113
12,2362.19,0.04431989981293043
12,2366.5600000000004,0.04407866129954423
12,2370.94,0.04376821895873687
12,2375.31,0.04343149629486245
12,2379.69,0.043064428821547346
12,2384.06,0.042571320752798486
12,2388.44,0.04199101834538771
12,2392.81,0.04144630628660251
12,2397.19,0.040948870015678804
12,2401.56,0.04046482504291525
12,2405.94,0.03993883872893722
12,2410.31,0.0393790960164569
12,2414.6899999999996,0.03872526545541075
12,2419.06,0.037912513048825765
12,2423.4399999999996,0.0372871587873895
12,2427.81,0.036843879886339345
12,2432.19,0.036351099674325725
12,2436.56,0.03566763257074636
12,2440.94,0.03508878367497882
12,2445.31,0.03454526488120036
12,2449.69,0.033521502567258825
12,2454.06,0.03263291176760741
12,2458.44,0.032331424324745776
12,2462.81,0.03203849671295013
12,2467.19,0.03161180832822453
12,2471.5600000000004,0.030970132215861212
15,402.188,0.010521572438216093
15,406.56199999999995,0.010690416123293167
15,410.93800000000005,0.010958622604409878
15,415.313,0.011299984898361681
15,419.68699999999995,0.011675916370109007
15,424.06300000000005,0.012062433668882405
15,428.438,0.012448291178048205
15,432.813,0.012813126629449079
15,437.18800000000005,0.013130891815885115
15,441.563,0.013418101132734225
15,445.938,0.013696333855888662
15,450.31300000000005,0.01396473168280425
15,454.688,0.014214484942681946
15,459.063,0.014435520043396943
15,463.438,0.014618550290695953
15,467.813,0.01477022065973625
15,472.187,0.014906603380898022
15,476.562,0.015038477352437544
15,480.938,0.015183612084050028
15,485.313,0.015386291267025618
15,489.688,0.015697142327417743
15,494.063,0.01615825856319235
15,498.438,0.01685657724860454
15,502.812,0.01790948433067536
15,507.188,0.01938181981615774
15,511.563,0.021341853069983773
15,515.937,0.023886498383352314
15,520.313,0.026842646259509058
15,524.687,0.02978031770536457
15,529.062,0.032438972001269835
15,533.438,0.034654120565315416
15,537.813,0.03638561078284597
15,542.188,0.037729904801951326
15,546.563,0.03876719597114104
15,550.938,0.03947975461559464
15,555.312,0.03976482496972466
15,559.688,0.03952835781585302
15,564.063,0.03878075262524653
15,568.438,0.03761735868290361
15,572.813,0.03621565178435109
15,577.187,0.03485039334743081
15,581.562,0.03372417766197034
15,585.938,0.03287505183821633
15,590.313,0.03225664378698517
15,594.688,0.03182224105321493
15,599.063,0.03146630585742619
15,603.438,0.031018952014588125
15,607.812,0.03036967006154472
15,612.188,0.029552240089153185
15,616.563,0.028730543813494457
15,620.937,0.028093186267404837
15,625.312,0.027708680931429114
15,629.687,0.027463250121712468
15,634.063,0.027112456023457684
15,638.437,0.02645050502870714
15,642.813,0.025477788758464976
15,647.188,0.02438332227617991
15,651.563,0.023363225710259464
15,655.938,0.022418006504624704
15,660.313,0.021459905490525576
15,664.687,0.02056075933279373
15,669.063,0.01990042388846959
15,673.438,0.019636025217584993
15,677.813,0.019904744757261485
15,682.187,0.02103318010892253
15,686.562,0.02383327452909196
15,690.937,0.029366757602495124
15,695.312,0.037921196725749264
15,699.688,0.048982818689045735
15,704.063,0.061605681250337024
15,708.438,0.07438849419149471
15,712.813,0.08669954507784096
15,717.187,0.09938817765816611
15,721.563,0.11273579712293645
15,725.938,0.12503501951323645
15,730.313,0.13521133075294448
15,734.687,0.1429831895174894
15,739.063,0.1487984916229846
15,743.437,0.1532165341302197
15,747.812,0.1565073748397316
15,752.188,0.15888341292793404
15,756.563,0.16067229928518525
15,760.938,0.1623964725754791
15,765.313,0.1639973084292971
15,769.688,0.1649852304171784
15,774.063,0.1656709530632692
15,778.438,0.16629159963235285
15,782.813,0.1668636925565627
15,787.188,0.16740053915623515
15,791.563,0.16791556047640624
15,795.937,0.16840702997015086
15,800.312,0.1688760050620519
15,804.688,0.16932005747714535
15,809.063,0.16975334518292146
15,813.438,0.17021301326166613
15,817.813,0.17068497193999405
15,822.188,0.17108283923634776
15,826.5630000000001,0.1713905793050479
15,830.937,0.17165530293583825
15,835.313,0.17191646687595039
15,839.688,0.1721985645340331
15,844.063,0.1725054041863964
15,848.437,0.17283338817292465
15,852.812,0.17317887490329645
15,857.187,0.1735189221932375
15,861.563,0.17383563028492385
15,865.938,0.17414303650338847
15,870.313,0.1744450114307801
15,874.687,0.1747340529592187
15,879.063,0.1750123568764178
15,883.437,0.17527382443569112
15,887.813,0.17551410419270264
15,892.188,0.1757514868685878
15,896.562,0.17600800580627698
15,900.938,0.17625294507223832
15,905.312,0.17643750229352126
15,909.6880000000001,0.1765804085493299
15,914.062,0.17667346218260782
15,918.438,0.17667926418113988
15,922.813,0.17661755392715905
15,927.188,0.1765142109287897
15,931.563,0.17629422237593798
15,935.937,0.17568583170377422
15,940.312,0.17475206741770194
15,944.688,0.17366099293614062
15,949.063,0.1721668133432759
15,953.438,0.1704259177641844
15,957.812,0.16883235651560188
15,962.187,0.1677252118411203
15,966.562,0.16714792413292134
15,970.938,0.1669373332040328
15,975.313,0.16697352856444667
15,979.688,0.16722630753172726
15,984.063,0.1676835391487512
15,988.438,0.16835273570851192
15,992.812,0.16920784273677938
15,997.188,0.1701574593979464
15,1001.5600000000001,0.17114919712289484
15,1005.94,0.17219356015675844
15,1010.3100000000001,0.17327708194069233
15,1014.69,0.17436581489912564
15,1019.0600000000001,0.17544858901174376
15,1023.4399999999999,0.17651459221799196
15,1027.81,0.17753777767173384
15,1032.19,0.17849972738336692
15,1036.56,0.17939691546011782
15,1040.94,0.1802245607239446
15,1045.31,0.18098064656031057
15,1049.69,0.1816706755867217
15,1054.06,0.18229103036840233
15,1058.44,0.1828385322146917
15,1062.81,0.18331789388001463
15,1067.19,0.1837327521011097
15,1071.5600000000002,0.18407864109865768
15,1075.9399999999998,0.18434849384680782
15,1080.3100000000002,0.18454139863863375
15,1084.6899999999998,0.18465588472782885
15,1089.06,0.18469393197382777
15,1093.44,0.18466682409839386
15,1097.81,0.18457857224163327
15,1102.19,0.1844238663447167
15,1106.56,0.18421490203180674
15,1110.94,0.1839877885120749
15,1115.31,0.18372947970025696
15,1119.69,0.1832369642098841
15,1124.06,0.18186940157630233
15,1128.44,0.1792106272576805
15,1132.8100000000002,0.1759152005818136
15,1137.1899999999998,0.17268941272332577
15,1141.56,0.16952671285965257
15,1145.94,0.16520740238869375
15,1150.31,0.16053200863259418
15,1154.69,0.15756022730359462
15,1159.06,0.15596100969062135
15,1163.44,0.1550472984014074
15,1167.81,0.15447630462615408
15,1172.19,0.15408710732647218
15,1176.56,0.15378495672548903
15,1180.94,0.1535040715066873
15,1185.3100000000002,0.1532275099085478
15,1189.6899999999998,0.15300860247365553
15,1194.06,0.15292442391250624
15,1198.44,0.1530341578477384
15,1202.81,0.15336458426637908
15,1207.19,0.15389783370452914
15,1211.56,0.15462142213537078
15,1215.94,0.15551065238711312
15,1220.31,0.1565016963000891
15,1224.69,0.15754101178686092
15,1229.06,0.15856534315826934
15,1233.44,0.1595185561266805
15,1237.8100000000002,0.16038813917646103
15,1242.1899999999998,0.16118436861040186
15,1246.56,0.16191367205987026
15,1250.94,0.16256593197143174
15,1255.31,0.16312505857774248
15,1259.69,0.16358438887285878
15,1264.06,0.16392918309883903
15,1268.44,0.16410793629016548
15,1272.81,0.16408121447782195
15,1277.19,0.16386914602730204
15,1281.56,0.1634869230614044
15,1285.94,0.16293194428696428
15,1290.3100000000002,0.1621874962333985
15,1294.6899999999998,0.1612044402873672
15,1299.0600000000002,0.1599406451244639
15,1303.4399999999998,0.1583763627926537
15,1307.81,0.15648309145960115
15,1312.19,0.15420240901717974
15,1316.56,0.1515348343225874
15,1320.94,0.14866746062195757
15,1325.31,0.14575042519301784
15,1329.69,0.14246547043772084
15,1334.06,0.13857739373391217
15,1338.44,0.1351858862285245
15,1342.81,0.13286841280486197
15,1347.19,0.1312611722783086
15,1500.31,0.05171233801653225
15,1504.69,0.05321118962686076
15,1509.0600000000002,0.05477350866023856
15,1513.4399999999998,0.056335997240593835
15,1517.8100000000002,0.05795278456590414
15,1522.1899999999998,0.05955800376856066
15,1526.56,0.06113656101283159
15,1530.94,0.06272246900046156
15,1535.31,0.06429046032682517
15,1539.69,0.06584101592441513
15,1544.06,0.06738678828507423
15,1548.44,0.0689024410895588
15,1552.81,0.07037394391622147
15,1557.19,0.07181166984628291
15,1561.56,0.07319026808132126
15,1565.94,0.07452124413076688
15,1570.3100000000002,0.0758690164115844
15,1574.6899999999998,0.07722458321298202
15,1579.06,0.07852496924946428
15,1583.44,0.07977770490944301
15,1587.81,0.08101995250168154
15,1592.19,0.0822515786482199
15,1596.56,0.08344853044914265
15,1600.94,0.08462961359051253
15,1605.31,0.08579121265579244
15,1609.69,0.08690833107501154
15,1614.06,0.08796113989781998
15,1618.44,0.08892907297571001
15,1622.8100000000002,0.08983213768670532
15,1627.1899999999998,0.09067480080193989
15,1631.56,0.09144077529916601
15,1635.94,0.09212568573886945
15,1640.31,0.09272967801831583
15,1644.69,0.09322371769643166
15,1649.06,0.09356485814143284
15,1653.44,0.09374447981581362
15,1657.81,0.09378825758090002
15,1662.19,0.09374192348704644
15,1666.56,0.09364814788651284
15,1670.94,0.09351149326475222
15,1675.3100000000002,0.09328013710983933
15,1679.6899999999998,0.09289933759032838
15,1684.06,0.0923674300443643
15,1688.44,0.09170669441681986
15,1692.81,0.09092161700808042
15,1697.19,0.09002032417011911
15,1701.56,0.08904054942650728
15,1705.94,0.0880309543317589
15,1710.31,0.08703694680272896
15,1714.69,0.08613566180257604
15,1719.06,0.085367425328385
15,1723.44,0.0847097465268275
15,1727.8100000000002,0.08416552624587945
15,1732.1899999999998,0.08370578541878744
15,1736.5600000000002,0.08321019612595316
15,1740.9399999999998,0.08258401191118613
15,1745.31,0.08179920710337099
15,1749.69,0.08090755170273654
15,1754.06,0.08001725346297733
15,1758.44,0.07919021648126724
15,1762.81,0.07847627459033454
15,1767.19,0.0778795623494226
15,1771.56,0.07742188855271001
15,1775.94,0.07707285765895809
15,1780.31,0.07677738727796282
15,1784.69,0.07654281196783164
15,1789.0600000000002,0.07639229713733532
15,1999.06,0.026520940459944905
15,2003.4399999999998,0.027218564846650133
15,2007.8100000000002,0.028093329010695618
15,2012.1899999999998,0.02883172605570644
15,2016.5600000000002,0.02966133661906831
15,2020.94,0.030366616360694872
15,2025.3100000000002,0.03086760310190822
15,2029.69,0.03131811469904179
15,2034.0600000000002,0.031746577393011524
15,2038.44,0.032149022446655885
15,2042.8099999999997,0.03253991275136187
15,2047.19,0.03291494797783337
15,2051.56,0.033317836719600896
15,2055.94,0.03378261020309394
15,2060.31,0.03423516692271359
15,2064.69,0.03467650735401057
15,2069.06,0.03514195074646539
15,2073.44,0.03559910118431731
15,2077.81,0.03603152864248126
15,2082.19,0.036461101183356194
15,2086.56,0.03690770233831837
15,2090.9399999999996,0.037356872361666765
15,2095.31,0.03779852843589266
15,2099.69,0.03825147635054041
15,2104.06,0.03870960906438452
15,2108.44,0.03915075266777057
15,2112.81,0.03958591623575372
15,2117.19,0.04002605016220734
15,2121.56,0.04046917350097569
15,2125.94,0.040897532472936676
15,2130.31,0.041298377575470765
15,2134.69,0.041683540837028285
15,2139.0600000000004,0.04207065947766466
15,2143.44,0.042457998616298516
15,2147.8100000000004,0.04285387972039689
15,2152.19,0.0432737705112133
15,2156.56,0.04368805636956266
15,2160.94,0.044076937375302466
15,2165.31,0.04445932055366249
15,2169.69,0.04482770476586963
15,2174.06,0.04517768538970806
15,2178.44,0.045521567482507054
15,2182.81,0.045870463675104715
15,2187.19,0.04621499414435914
15,2191.56,0.046514894584120316
15,2195.9399999999996,0.04677768906259146
15,2200.31,0.047029875351258923
15,2204.6899999999996,0.047262196677121
15,2209.06,0.047449676778227694
15,2213.44,0.047570217854538945
15,2217.81,0.047616098531374856
15,2222.19,0.04757166871149633
15,2226.56,0.047394027760474036
15,2230.94,0.04704289703335306
15,2235.31,0.046514722298237936
15,2239.69,0.04583947080274444
15,2244.06,0.04505056386122684
15,2248.44,0.0441796829039811
15,2252.8100000000004,0.04326376795856961
15,2257.19,0.04232366483239606
15,2261.56,0.041387574505765246
15,2265.94,0.04049428864135677
15,2270.31,0.03966891287867021
15,2274.69,0.038910524246474315
15,2279.06,0.038195593252214874
15,2283.44,0.037494838768212725
15,2287.81,0.03678853331793751
15,2292.19,0.03605395980075087
15,2296.56,0.03530564659061077
15,2300.94,0.034631763631824665
15,2305.31,0.03410309307934393
15,2309.6899999999996,0.03373540432241607
15,2314.06,0.03348376218692488
15,2318.44,0.03325610912191617
15,2322.81,0.032979171718229915
15,2327.19,0.03263958513860507
15,2331.56,0.032249867690072355
15,2335.94,0.03182987793713366
15,2340.31,0.03140386879384695
15,2344.69,0.03102503321370994
15,2349.06,0.03072582791670983
15,2353.44,0.030479767954695855
15,2357.8100000000004,0.03028429688240781
15,2362.19,0.030113056512241606
15,2366.5600000000004,0.02991639778768597
15,2370.94,0.029663439519551464
15,2375.31,0.029394021712297456
15,2379.69,0.0291154843960781
15,2384.06,0.02876752006321849
15,2388.44,0.02837659822560776
15,2392.81,0.02801245735163168
15,2397.19,0.027673785403111707
15,2401.56,0.02734129390570988
15,2405.94,0.0269767286569077
15,2410.31,0.026573324094301107
15,2414.6899999999996,0.026093517321384478
15,2419.06,0.025526335139281264
15,2423.4399999999996,0.025102982398666363
15,2427.81,0.024788097873827564
15,2432.19,0.024420255721170177
15,2436.56,0.02390575167643374
15,2440.94,0.02345579304685598
15,2445.31,0.023003955581314198
15,2449.69,0.022204186175230244
15,2454.06,0.021595871339369785
15,2458.44,0.021398551173837804
15,2462.81,0.021150705403048937
15,2467.19,0.02077701765801147
15,2471.5600000000004,0.02024317474105774
17,402.188,0.013894641402355096
17,406.56199999999995,0.014005634816075497
17,410.93800000000005,0.014214990327115765
17,415.313,0.014522166653296358
17,419.68699999999995,0.014903049483927214
17,424.06300000000005,0.015341658286856762
17,428.438,0.015837829494650988
17,432.813,0.016365019786406844
17,437.18800000000005,0.016870423449398396
17,441.563,0.01735808367115183
17,445.938,0.01784109429425828
17,450.31300000000005,0.018301837492365847
17,454.688,0.01871947180742461
17,459.063,0.019079262782445032
17,463.438,0.019371406190085576
17,467.813,0.019609873509435036
17,472.187,0.01982118125966388
17,476.562,0.020022570017003034
17,480.938,0.020238729167806904
17,485.313,0.020532934595554605
17,489.688,0.020980910246764746
17,494.063,0.021643651315178047
17,498.438,0.02263944441015985
17,502.812,0.024124141481069925
17,507.188,0.02617696800958862
17,511.563,0.02889000075429533
17,515.937,0.03241564372002449
17,520.313,0.03655114176473867
17,524.687,0.04073041479854229
17,529.062,0.04458968175553741
17,533.438,0.04786509651647884
17,537.813,0.05045672548723005
17,542.188,0.05246684502060812
17,546.563,0.05398819686183092
17,550.938,0.054984410123022506
17,555.312,0.05530769158714188
17,559.688,0.054839933906902026
17,564.063,0.053624498321337526
17,568.438,0.051811642422184424
17,572.813,0.04965951746017135
17,577.187,0.04757972456952634
17,581.562,0.04587806125393911
17,585.938,0.04460322200190261
17,590.313,0.043672221140223164
17,594.688,0.04300567694954102
17,599.063,0.04244892951750015
17,603.438,0.04176209209846038
17,607.812,0.04079560129655616
17,612.188,0.039606482372851096
17,616.563,0.03842704024861925
17,620.937,0.037514269393864354
17,625.312,0.03696006782145359
17,629.687,0.03662257787933213
17,634.063,0.03619922349955214
17,638.437,0.03542651713726736
17,642.813,0.03427337684961626
17,647.188,0.032928954527466706
17,651.563,0.031612213902124514
17,655.938,0.030335880789674242
17,660.313,0.029025776827632525
17,664.687,0.02780835014455865
17,669.063,0.026924871840087496
17,673.438,0.02657166338501641
17,677.813,0.026910911037133757
17,682.187,0.02832313881183577
17,686.562,0.031770215413206904
17,690.937,0.038548570976001
17,695.312,0.049143373937057706
17,699.688,0.06321140278849854
17,704.063,0.07985492330498277
17,708.438,0.09740665508400148
17,712.813,0.11507495450029165
17,717.187,0.13420001849860674
17,721.563,0.15538462561468508
17,725.938,0.17606571912145927
17,730.313,0.1942503024909289
17,734.687,0.20888314012982237
17,739.063,0.22025934176663972
17,743.437,0.2290886826872059
17,747.812,0.23569452523492992
17,752.188,0.24040064300799277
17,756.563,0.2438311381710439
17,760.938,0.24701096352466748
17,765.313,0.2499145858562761
17,769.688,0.2516605562480753
17,774.063,0.25278100439091267
17,778.438,0.25371527584204456
17,782.813,0.2545214215183501
17,787.188,0.255244546568321
17,791.563,0.2559260652388214
17,795.937,0.2565740611107476
17,800.312,0.25719179656300845
17,804.688,0.25777549521422277
17,809.063,0.25834072680656545
17,813.438,0.2589379350082427
17,817.813,0.25955542854476754
17,822.188,0.2600727373666646
17,826.5630000000001,0.26045675432873894
17,830.937,0.2607798718962794
17,835.313,0.26111729274901857
17,839.688,0.2615115072367811
17,844.063,0.26196049012807454
17,848.437,0.262449404526566
17,852.812,0.2629694110005812
17,857.187,0.26348567535135015
17,861.563,0.26396814135184543
17,865.938,0.26443305388224847
17,870.313,0.2648790991340302
17,874.687,0.2652894140821389
17,879.063,0.2656723533070834
17,883.437,0.26602970942494386
17,887.813,0.2663581141716179
17,892.188,0.266677577938879
17,896.562,0.2670204905226109
17,900.938,0.2673545734446336
17,905.312,0.26760397049714485
17,909.6880000000001,0.2677757853555863
17,914.062,0.26784422759548204
17,918.438,0.26774460693502194
17,922.813,0.2675027117565989
17,927.188,0.2671434776627515
17,931.563,0.2664603148230412
17,935.937,0.26481421500024227
17,940.312,0.262526957734184
17,944.688,0.2600611401076809
17,949.063,0.2568236677878589
17,953.438,0.25316868595385006
17,957.812,0.24994116559048615
17,962.187,0.2478103397243597
17,966.562,0.2467792816211956
17,970.938,0.24643840021650848
17,975.313,0.24653683483427302
17,979.688,0.2470563754815318
17,984.063,0.2480273350641247
17,988.438,0.24951244747889068
17,992.812,0.25139660809143083
17,997.188,0.25333818038024664
17,1001.5600000000001,0.2552136267729054
17,1005.94,0.2571423057053089
17,1010.3100000000001,0.2591619763757215
17,1014.69,0.26121362306201684
17,1019.0600000000001,0.2632616078335442
17,1023.4399999999999,0.2652820996115253
17,1027.81,0.2672311419146334
17,1032.19,0.26907585338494966
17,1036.56,0.27080862035571945
17,1040.94,0.27241549928675246
17,1045.31,0.273881110793664
17,1049.69,0.27520235919335284
17,1054.06,0.27636206209082087
17,1058.44,0.27734766961797946
17,1062.81,0.2781680513738348
17,1067.19,0.2788397624090977
17,1071.5600000000002,0.27936568735610673
17,1075.9399999999998,0.27973240023658763
17,1080.3100000000002,0.2799323727526034
17,1084.6899999999998,0.2799626595666575
17,1089.06,0.27983497830501786
17,1093.44,0.27957555793075456
17,1097.81,0.2791902475168164
17,1102.19,0.278676567937358
17,1106.56,0.27808148389982845
17,1110.94,0.277492641596876
17,1115.31,0.2768773918375231
17,1119.69,0.275833484915439
17,1124.06,0.2731601346285952
17,1128.44,0.26810556654021256
17,1132.8100000000002,0.2619047472585695
17,1137.1899999999998,0.2558687888169556
17,1141.56,0.250018563563286
17,1145.94,0.24220647475620755
17,1150.31,0.23397348286371034
17,1154.69,0.22893599512192303
17,1159.06,0.2263668950196406
17,1163.44,0.2250088647801401
17,1167.81,0.22425925011896583
17,1172.19,0.22383521576438511
17,1176.56,0.22357301496506157
17,1180.94,0.22335726641025344
17,1185.3100000000002,0.2231461660577714
17,1189.6899999999998,0.22300304162270648
17,1194.06,0.22303696718439434
17,1198.44,0.22334315426555823
17,1202.81,0.2239456903742941
17,1207.19,0.22478102107630638
17,1211.56,0.22581687007025103
17,1215.94,0.2270324057374027
17,1220.31,0.22836412291036995
17,1224.69,0.22976503298498765
17,1229.06,0.23117277217808688
17,1233.44,0.2325175208409656
17,1237.8100000000002,0.23377347052088293
17,1242.1899999999998,0.2349498965697995
17,1246.56,0.23605180706915727
17,1250.94,0.23705113043002493
17,1255.31,0.2379107151658793
17,1259.69,0.2386162300487128
17,1264.06,0.23913826410280234
17,1268.44,0.23937898045922185
17,1272.81,0.23926325201913543
17,1277.19,0.23882171865877388
17,1281.56,0.2380797604445169
17,1285.94,0.2370416812983354
17,1290.3100000000002,0.23568687529781132
17,1294.6899999999998,0.23393343091988067
17,1299.0600000000002,0.2317230273492572
17,1303.4399999999998,0.22904187825721428
17,1307.81,0.22585850220467604
17,1312.19,0.22210206786904615
17,1316.56,0.21780081748241759
17,1320.94,0.21327045265692887
17,1325.31,0.20875354661464704
17,1329.69,0.203770588281917
17,1334.06,0.19796422556085913
17,1338.44,0.19294798460326998
17,1342.81,0.18953779974198265
17,1347.19,0.18717168009356028
17,1500.31,0.08032652205321579
17,1504.69,0.08229384487617253
17,1509.0600000000002,0.08435915121878411
17,1513.4399999999998,0.08644087305812626
17,1517.8100000000002,0.08861108929633114
17,1522.1899999999998,0.09078180437284172
17,1526.56,0.09293526526000671
17,1530.94,0.09511732029332118
17,1535.31,0.09729099270878634
17,1539.69,0.09945613350740576
17,1544.06,0.10162884386116001
17,1548.44,0.10376997166268659
17,1552.81,0.10585728287664635
17,1557.19,0.10790622943428162
17,1561.56,0.10988228146192512
17,1565.94,0.11180087503957607
17,1570.3100000000002,0.11375199782616562
17,1574.6899999999998,0.11571793809181104
17,1579.06,0.11760132006407917
17,1583.44,0.11940843513440777
17,1587.81,0.12118955079839178
17,1592.19,0.12294252650456101
17,1596.56,0.12463571366445528
17,1600.94,0.12630138175340677
17,1605.31,0.12793518400997575
17,1609.69,0.12949972167690385
17,1614.06,0.13097100916941684
17,1618.44,0.13232989558749925
17,1622.8100000000002,0.133610308316136
17,1627.1899999999998,0.13481464673373797
17,1631.56,0.13591309211862465
17,1635.94,0.13690034561489786
17,1640.31,0.13778811109192865
17,1644.69,0.1385528547458118
17,1649.06,0.13914743371778865
17,1653.44,0.13956222457788972
17,1657.81,0.13982329305752286
17,1662.19,0.13997979410720912
17,1666.56,0.14007101365357766
17,1670.94,0.1400783587867086
17,1675.3100000000002,0.13993366697563625
17,1679.6899999999998,0.13958952495699822
17,1684.06,0.13905920292127147
17,1688.44,0.13837676953516814
17,1692.81,0.13755082761649357
17,1697.19,0.13658444517095764
17,1701.56,0.13550751856968082
17,1705.94,0.13436149637387385
17,1710.31,0.13318433846584848
17,1714.69,0.13205459973162753
17,1719.06,0.13101292200959005
17,1723.44,0.13002478493975714
17,1727.8100000000002,0.12910557869450548
17,1732.1899999999998,0.12824140594108982
17,1736.5600000000002,0.1272963408621812
17,1740.9399999999998,0.12618934054240943
17,1745.31,0.12490515484726547
17,1749.69,0.12349587181217753
17,1754.06,0.12208556414517224
17,1758.44,0.12074396754016199
17,1762.81,0.1195425777802034
17,1767.19,0.11849266677172625
17,1771.56,0.11765324379432113
17,1775.94,0.11699476496815714
17,1780.31,0.11644017020629079
17,1784.69,0.11601258786095284
17,1789.0600000000002,0.11573737372078823
17,1999.06,0.047491161361033575
17,2003.4399999999998,0.048363054659916305
17,2007.8100000000002,0.04959452506486995
17,2012.1899999999998,0.050806470802546556
17,2016.5600000000002,0.05223068247511544
17,2020.94,0.05338985330101551
17,2025.3100000000002,0.05418193534868687
17,2029.69,0.05488532767292591
17,2034.0600000000002,0.05554452853415786
17,2038.44,0.05615266148638933
17,2042.8099999999997,0.0567394065410872
17,2047.19,0.05731411933582714
17,2051.56,0.0579557217612185
17,2055.94,0.05871595683928249
17,2060.31,0.05946478995664906
17,2064.69,0.060190861193744505
17,2069.06,0.06094125018883865
17,2073.44,0.06166449459545951
17,2077.81,0.06234937600116677
17,2082.19,0.0630440963174395
17,2086.56,0.06377677035123945
17,2090.9399999999996,0.06450440953060399
17,2095.31,0.06520045362403804
17,2099.69,0.06590841414643236
17,2104.06,0.06663068031338996
17,2108.44,0.06732895508485828
17,2112.81,0.06801595057617636
17,2117.19,0.06871082022559537
17,2121.56,0.06941126436583585
17,2125.94,0.07006954843241897
17,2130.31,0.07064776289409741
17,2134.69,0.07117619995805025
17,2139.0600000000004,0.07168972833591503
17,2143.44,0.07217630897218079
17,2147.8100000000004,0.07264517840332202
17,2152.19,0.07312292330743947
17,2156.56,0.07357565429567985
17,2160.94,0.07398151747388201
17,2165.31,0.07436587713240748
17,2169.69,0.07473040233494858
17,2174.06,0.07507491469607203
17,2178.44,0.07541123204593639
17,2182.81,0.0757506404309668
17,2187.19,0.07607026026681113
17,2191.56,0.07631816339933754
17,2195.9399999999996,0.07651321208357456
17,2200.31,0.0767143365439022
17,2204.6899999999996,0.07694142108542905
17,2209.06,0.07714920901737564
17,2213.44,0.07728191653922291
17,2217.81,0.07734486452369638
17,2222.19,0.07733838090457908
17,2226.56,0.07716938939963414
17,2230.94,0.07673216101162213
17,2235.31,0.0760331168232806
17,2239.69,0.07516804031130601
17,2244.06,0.07420864490333115
17,2248.44,0.07317936806395278
17,2252.8100000000004,0.07209701946483286
17,2257.19,0.07096804129280249
17,2261.56,0.06982109129112093
17,2265.94,0.0687145971904396
17,2270.31,0.06768349276082194
17,2274.69,0.06670810374164317
17,2279.06,0.06575375908995598
17,2283.44,0.06481020697795918
17,2287.81,0.06387591236191276
17,2292.19,0.06290843800313572
17,2296.56,0.06189579067586833
17,2300.94,0.0609326290857198
17,2305.31,0.06011625793014137
17,2309.6899999999996,0.0594789611261637
17,2314.06,0.05896164753788228
17,2318.44,0.05844980748957662
17,2322.81,0.057894347387506415
17,2327.19,0.05730963669749832
17,2331.56,0.05669665216198831
17,2335.94,0.056086450619566235
17,2340.31,0.0555337417739308
17,2344.69,0.055100019690617424
17,2349.06,0.05480882240028628
17,2353.44,0.054618109673320564
17,2357.8100000000004,0.0544892865873388
17,2362.19,0.05436922923029397
17,2366.5600000000004,0.05420617099090366
17,2370.94,0.053968215256871475
17,2375.31,0.05368896285459732
17,2379.69,0.05334798272775068
17,2384.06,0.052834900880432044
17,2388.44,0.052196079961433474
17,2392.81,0.05158572210916411
17,2397.19,0.051028990326874184
17,2401.56,0.05048194319619262
17,2405.94,0.04988007715891749
17,2410.31,0.04924882252404448
17,2414.6899999999996,0.04851334849577218
17,2419.06,0.047571879894425635
17,2423.4399999999996,0.046834637676458866
17,2427.81,0.04631652651391089
17,2432.19,0.04574379120271051
17,2436.56,0.044944403626843814
17,2440.94,0.04427650279836289
17,2445.31,0.04366975698116212
17,2449.69,0.04247093369450791
17,2454.06,0.04134993281687948
17,2458.44,0.040961014659652475
17,2462.81,0.040626332283809054
17,2467.19,0.040144018970252035
17,2471.5600000000004,0.039415498419754294
20,402.188,0.009955296550254025
20,406.56199999999995,0.010110320245231452
20,410.93800000000005,0.01036095178465824
20,415.313,0.010684829799578912
20,419.68699999999995,0.011043533283417879
20,424.06300000000005,0.011412192728446669
20,428.438,0.011780076318498481
20,432.813,0.01212766830199358
20,437.18800000000005,0.012430064808753881
20,441.563,0.012703714497012188
20,445.938,0.01296829057688405
20,450.31300000000005,0.013221238629855208
20,454.688,0.013451856878238428
20,459.063,0.013648270812444628
20,463.438,0.013802584516436787
20,467.813,0.013924483166747248
20,472.187,0.014032583710211786
20,476.562,0.014139133420389072
20,480.938,0.01425981139238834
20,485.313,0.014433609290964614
20,489.688,0.014707977158169837
20,494.063,0.015124687484992938
20,498.438,0.01576536272473101
20,502.812,0.016739065557136598
20,507.188,0.01810686602371281
20,511.563,0.01993235104456681
20,515.937,0.02230409294237327
20,520.313,0.025055810739981685
20,524.687,0.02777599698849942
20,529.062,0.030208767361485193
20,533.438,0.032194813390922
20,537.813,0.0337011035960807
20,542.188,0.034830573734703225
20,546.563,0.03567510576009727
20,550.938,0.03622491779604195
20,555.312,0.03637604321985398
20,559.688,0.036033109317856984
20,564.063,0.035211556827350644
20,568.438,0.03401068317756341
20,572.813,0.03260364464887366
20,577.187,0.0312510847488317
20,581.562,0.03013909567526572
20,585.938,0.029296434060218514
20,590.313,0.028674864831677496
20,594.688,0.028229876525036973
20,599.063,0.02786286660400521
20,603.438,0.02741477679601764
20,607.812,0.026783067884656828
20,612.188,0.025999712832393048
20,616.563,0.02521534667303571
20,620.937,0.024600535299512827
20,625.312,0.024215569607151575
20,629.687,0.023959073623161485
20,634.063,0.023616254979939952
20,638.437,0.023006096439775248
20,642.813,0.02212801142399542
20,647.188,0.021147394046359333
20,651.563,0.02023705957530097
20,655.938,0.01939837309623382
20,660.313,0.018554261018632282
20,664.687,0.01776642341572278
20,669.063,0.017190219387965493
20,673.438,0.016959870131333554
20,677.813,0.01718872716624551
20,682.187,0.018149361183174888
20,686.562,0.02053866782580391
20,690.937,0.025309154605335612
20,695.312,0.03280278231793692
20,699.688,0.04267009077126934
20,704.063,0.05411954029335891
20,708.438,0.06587980061913686
20,712.813,0.07734861116430622
20,717.187,0.08930969531944839
20,721.563,0.10203358431900082
20,725.938,0.11389235262381149
20,730.313,0.12381368775172502
20,734.687,0.13145722129663262
20,739.063,0.13721279352431362
20,743.437,0.14160779856527966
20,747.812,0.14488912701844572
20,752.188,0.14724576624255295
20,756.563,0.1489871371045559
20,760.938,0.15061392713780114
20,765.313,0.1520934294732852
20,769.688,0.15298922593122713
20,774.063,0.15358550322017425
20,778.438,0.15409992923124086
20,782.813,0.1545536892317021
20,787.188,0.15496596598241966
20,791.563,0.15535513613089494
20,795.937,0.1557237002560892
20,800.312,0.1560732290881094
20,804.688,0.15640194150270512
20,809.063,0.1567211920502184
20,813.438,0.1570578398176429
20,817.813,0.15739776495363386
20,822.188,0.15767439043862044
20,826.5630000000001,0.15787551689923515
20,830.937,0.15803880646996957
20,835.313,0.15820333071874854
20,839.688,0.1583953769208636
20,844.063,0.15861600177672303
20,848.437,0.15885641632919625
20,852.812,0.15910903218622569
20,857.187,0.15935479696476407
20,861.563,0.15957952435991293
20,865.938,0.15979210190260662
20,870.313,0.15999616979705247
20,874.687,0.16018802088013712
20,879.063,0.16036786466976283
20,883.437,0.16052894621324207
20,887.813,0.16066951477317457
20,892.188,0.16080634377951714
20,896.562,0.16095182774450761
20,900.938,0.16107848240809403
20,905.312,0.16115792882015112
20,909.6880000000001,0.16120112019099647
20,914.062,0.16118854574493016
20,918.438,0.1610950798956951
20,922.813,0.16095020762378842
20,927.188,0.1607752273111409
20,931.563,0.16047256695833703
20,935.937,0.15971518593505626
20,940.312,0.15861362412742674
20,944.688,0.15740128270623682
20,949.063,0.15578961292356736
20,953.438,0.15393673736296076
20,957.812,0.15224656876186424
20,962.187,0.15105619695053452
20,966.562,0.1504103678841263
20,970.938,0.15014158538129665
20,975.313,0.15011509351416033
20,979.688,0.150296400347073
20,984.063,0.15066707572497567
20,988.438,0.1512106288022705
20,992.812,0.15190449761072214
20,997.188,0.15269713737695137
20,1001.5600000000001,0.1535535897782506
20,1005.94,0.1544766734086369
20,1010.3100000000001,0.15545152069453097
20,1014.69,0.1564441289867894
20,1019.0600000000001,0.1574387000930722
20,1023.4399999999999,0.15842069781664958
20,1027.81,0.15935996166233313
20,1032.19,0.16023274359866724
20,1036.56,0.16103310807637566
20,1040.94,0.1617581573689974
20,1045.31,0.1624092537859544
20,1049.69,0.16299396800728014
20,1054.06,0.16351042643701577
20,1058.44,0.16395642680424102
20,1062.81,0.1643352760781773
20,1067.19,0.16464840871923908
20,1071.5600000000002,0.16489051895972007
20,1075.9399999999998,0.16505540324440712
20,1080.3100000000002,0.16514319747599493
20,1084.6899999999998,0.16515323287052006
20,1089.06,0.16508836509439556
20,1093.44,0.16495881882692506
20,1097.81,0.16476829440606222
20,1102.19,0.16451648296938032
20,1106.56,0.16422298611206143
20,1110.94,0.16392599261478533
20,1115.31,0.1635995706466607
20,1119.69,0.16300949282018723
20,1124.06,0.16148631000711886
20,1128.44,0.1586898979063019
20,1132.8100000000002,0.15536926502261977
20,1137.1899999999998,0.15218799912010253
20,1141.56,0.14910239958843644
20,1145.94,0.14491566403137457
20,1150.31,0.1403999844210918
20,1154.69,0.13753732661760137
20,1159.06,0.13599453904978645
20,1163.44,0.135100499589732
20,1167.81,0.1345215855768487
20,1172.19,0.13410441198068238
20,1176.56,0.13376271941229098
20,1180.94,0.1334385713000405
20,1185.3100000000002,0.13312095570566176
20,1189.6899999999998,0.13286581505502498
20,1194.06,0.13274463485929905
20,1198.44,0.13280497053905346
20,1202.81,0.13306784357786283
20,1207.19,0.13351778079695545
20,1211.56,0.1341409683303252
20,1215.94,0.13491043902186423
20,1220.31,0.1357638046152887
20,1224.69,0.13665103560020447
20,1229.06,0.13752090866708722
20,1233.44,0.13832967283481049
20,1237.8100000000002,0.13906673118982277
20,1242.1899999999998,0.13973992327549423
20,1246.56,0.14035407205807315
20,1250.94,0.14089754509237354
20,1255.31,0.14135297795320897
20,1259.69,0.14171283469281085
20,1264.06,0.1419626778606313
20,1268.44,0.14205624495704228
20,1272.81,0.14196206180966406
20,1277.19,0.1416994243739098
20,1281.56,0.1412782661695211
20,1285.94,0.14069673694126367
20,1290.3100000000002,0.1399412268709764
20,1294.6899999999998,0.13896502026521781
20,1299.0600000000002,0.13772854818819505
20,1303.4399999999998,0.13621404122724426
20,1307.81,0.13439597806989653
20,1312.19,0.13222290753170163
20,1316.56,0.12969808472831995
20,1320.94,0.1269956725858913
20,1325.31,0.12425364485426546
20,1329.69,0.12117650685690629
20,1334.06,0.11755308202526667
20,1338.44,0.1144124031363765
20,1342.81,0.1122819245655406
20,1347.19,0.11081314314184786
20,1500.31,0.03956784006459326
20,1504.69,0.04084407339907066
20,1509.0600000000002,0.04217438642854752
20,1513.4399999999998,0.0435054936888151
20,1517.8100000000002,0.04488402208767155
20,1522.1899999999998,0.046254217656609184
20,1526.56,0.04760337992326837
20,1530.94,0.0489608733867438
20,1535.31,0.05030534251907463
20,1539.69,0.051636866791234956
20,1544.06,0.0529656040231032
20,1548.44,0.05426950876571377
20,1552.81,0.05553692786166837
20,1557.19,0.05677734761468
20,1561.56,0.05796855603838378
20,1565.94,0.05911878029669324
20,1570.3100000000002,0.0602828316349985
20,1574.6899999999998,0.06145430701123712
20,1579.06,0.06257940315292648
20,1583.44,0.06366291975178072
20,1587.81,0.06473530369160288
20,1592.19,0.0657958204325231
20,1596.56,0.06682350668244115
20,1600.94,0.06783489160877047
20,1605.31,0.06882847473815465
20,1609.69,0.06978480888179396
20,1614.06,0.0706876506584913
20,1618.44,0.07151844888634318
20,1622.8100000000002,0.07229349350415085
20,1627.1899999999998,0.07301665191861899
20,1631.56,0.07367427245131293
20,1635.94,0.07426324295526625
20,1640.31,0.07478514376104152
20,1644.69,0.07521582282650628
20,1649.06,0.07551644372106678
20,1653.44,0.07567555342012638
20,1657.81,0.07571158175512378
20,1662.19,0.07566302618799126
20,1666.56,0.07556830929845985
20,1670.94,0.0754351789483024
20,1675.3100000000002,0.07522560496775423
20,1679.6899999999998,0.07489739481953187
20,1684.06,0.07444882519690049
20,1688.44,0.07389701575358788
20,1692.81,0.07324471911882847
20,1697.19,0.07249633905421761
20,1701.56,0.0716784958211576
20,1705.94,0.07082727990463653
20,1710.31,0.0699800675035303
20,1714.69,0.06920401204054707
20,1719.06,0.06853261464606857
20,1723.44,0.06794154855329579
20,1727.8100000000002,0.06743112460254157
20,1732.1899999999998,0.06698009785626688
20,1736.5600000000002,0.0664921291864266
20,1740.9399999999998,0.06589873709151622
20,1745.31,0.06518344337518606
20,1749.69,0.06438763457968905
20,1754.06,0.06359768652334528
20,1758.44,0.06286004103699788
20,1762.81,0.062213462766378076
20,1767.19,0.06166008199137693
20,1771.56,0.06122367580400757
20,1775.94,0.06088264587529767
20,1780.31,0.060593008331393375
20,1784.69,0.060365955662404915
20,1789.0600000000002,0.060220522928874684
20,1999.06,0.018541999359645355
20,2003.4399999999998,0.019093947869693352
20,2007.8100000000002,0.019768225039750027
20,2012.1899999999998,0.0203068430084028
20,2016.5600000000002,0.020900988746994493
20,2020.94,0.021422400720737023
20,2025.3100000000002,0.02180508133459696
20,2029.69,0.022155515149882433
20,2034.0600000000002,0.022494560277491377
20,2038.44,0.02281929778204673
20,2042.8099999999997,0.023139539077362405
20,2047.19,0.023447501103244308
20,2051.56,0.02377535431042013
20,2055.94,0.02414960182212656
20,2060.31,0.024511212219810008
20,2064.69,0.02486403118669119
20,2069.06,0.02523979760686843
20,2073.44,0.025613076264776807
20,2077.81,0.025966851162248814
20,2082.19,0.026314780433482468
20,2086.56,0.02667352058315352
20,2090.9399999999996,0.027036826301107073
20,2095.31,0.027399413182192973
20,2099.69,0.02777247694608087
20,2104.06,0.028147600522827197
20,2108.44,0.028507998333421016
20,2112.81,0.02886396405807792
20,2117.19,0.029223399808173435
20,2121.56,0.029583908236356427
20,2125.94,0.02993598898532166
20,2130.31,0.030273276308851065
20,2134.69,0.030600734073675362
20,2139.0600000000004,0.030929367210326505
20,2143.44,0.031259785912178324
20,2147.8100000000004,0.031599921978108285
20,2152.19,0.03196242214224063
20,2156.56,0.03232353233068983
20,2160.94,0.03266748238255613
20,2165.31,0.033010059617400854
20,2169.69,0.033341993124916015
20,2174.06,0.033657302079801645
20,2178.44,0.033966102802922865
20,2182.81,0.034277699476953576
20,2187.19,0.03458672320055693
20,2191.56,0.03486045918028625
20,2195.9399999999996,0.035102943806376755
20,2200.31,0.03533051456291072
20,2204.6899999999996,0.03552980197060265
20,2209.06,0.03568453620461612
20,2213.44,0.035783162830354896
20,2217.81,0.035816707246636645
20,2222.19,0.035770017610826994
20,2226.56,0.03561936872503813
20,2230.94,0.03534573393548444
20,2235.31,0.034944043323508055
20,2239.69,0.034424790073900306
20,2244.06,0.0338063991455514
20,2248.44,0.03311429881271236
20,2252.8100000000004,0.03238038190176521
20,2257.19,0.03162266255207444
20,2261.56,0.030863619538701596
20,2265.94,0.030132127426068325
20,2270.31,0.029448968593110483
20,2274.69,0.02882052035392785
20,2279.06,0.028233329902148715
20,2283.44,0.027661990418389154
20,2287.81,0.02708747293226163
20,2292.19,0.026493300887134592
20,2296.56,0.025893839668066937
20,2300.94,0.025358794986789994
20,2305.31,0.02493983266356755
20,2309.6899999999996,0.024647691165039586
20,2314.06,0.024449408764815567
20,2318.44,0.024271115049091
20,2322.81,0.02404985643024446
20,2327.19,0.023776380262823627
20,2331.56,0.023462846799355046
20,2335.94,0.02311800857550803
20,2340.31,0.022752214423379404
20,2344.69,0.022409939801103264
20,2349.06,0.022120448954921428
20,2353.44,0.021861322405067694
20,2357.8100000000004,0.021643773135792525
20,2362.19,0.02145479239027515
20,2366.5600000000004,0.0212495664271053
20,2370.94,0.020999747112129825
20,2375.31,0.020744220341994593
20,2379.69,0.020494211103508637
20,2384.06,0.020204924958577942
20,2388.44,0.01989873936969261
20,2392.81,0.019620231900285615
20,2397.19,0.019359988025301915
20,2401.56,0.01910429376236083
20,2405.94,0.01882330303060522
20,2410.31,0.018504998026535827
20,2414.6899999999996,0.018129547933559913
20,2419.06,0.017715644330190825
20,2423.4399999999996,0.017422720587958858
20,2427.81,0.017198951719283626
20,2432.19,0.016927905322973585
20,2436.56,0.016546822624438573
20,2440.94,0.016202363039977446
20,2445.31,0.015830442544403855
20,2449.69,0.015198695824866047
20,2454.06,0.014788115491136896
20,2458.44,0.01467243149302475
20,2462.81,0.01446904457608223
20,2467.19,0.0141402574926802
20,2471.5600000000004,0.013677946707418141
22,402.188,0.009514050519609163
22,406.56199999999995,0.009651655766910402
22,410.93800000000005,0.009876793743104286
22,415.313,0.010170635665188566
22,419.68699999999995,0.01049770589196438
22,424.06300000000005,0.010834281575387062
22,428.438,0.011172074154955334
22,432.813,0.011495210581899094
22,437.18800000000005,0.01178142729219864
22,441.563,0.012046475888318026
22,445.938,0.012308440321824363
22,450.31300000000005,0.012562248377485988
22,454.688,0.012794172324234425
22,459.063,0.01299056017275971
22,463.438,0.013143466618530057
22,467.813,0.013263193244116326
22,472.187,0.013368731588712296
22,476.562,0.013472859112798677
22,480.938,0.013593015671554928
22,485.313,0.013771845056053243
22,489.688,0.014060922777476921
22,494.063,0.014504786972142048
22,498.438,0.015188717914468759
22,502.812,0.016225368304003496
22,507.188,0.017674392253707333
22,511.563,0.019597615744036633
22,515.937,0.022085168612486047
22,520.313,0.024964538323400995
22,524.687,0.02781246380118552
22,529.062,0.030370723722904756
22,533.438,0.03247806571208566
22,537.813,0.034097686564924096
22,542.188,0.03532859140235955
22,546.563,0.03625684488487388
22,550.938,0.03686835149100298
22,555.312,0.037057907481237086
22,559.688,0.0367309586037009
22,564.063,0.03590546053977338
22,568.438,0.034683084934200824
22,572.813,0.03323969446476083
22,577.187,0.031843180788438244
22,581.562,0.030688247692218472
22,585.938,0.029807456957211258
22,590.313,0.02915230954076469
22,594.688,0.028678508252718143
22,599.063,0.028285185712241104
22,603.438,0.027806944217301066
22,607.812,0.027136777874568974
22,612.188,0.026307487070921867
22,616.563,0.02547614269646774
22,620.937,0.02482269513687816
22,625.312,0.024412335430153805
22,629.687,0.02413831034990757
22,634.063,0.023770480943697565
22,638.437,0.0231120838388301
22,642.813,0.0221589148708974
22,647.188,0.021086772685275635
22,651.563,0.02008267667169507
22,655.938,0.019147973754000645
22,660.313,0.018196232272695533
22,664.687,0.017295107248986825
22,669.063,0.016620410877286877
22,673.438,0.01632724643743838
22,677.813,0.016546873181142955
22,682.187,0.017581584251300873
22,686.562,0.020178261591070227
22,690.937,0.025312919757087257
22,695.312,0.03325908524231521
22,699.688,0.043573332236094366
22,704.063,0.05541555237444783
22,708.438,0.06750269750198411
22,712.813,0.07926354665448124
22,717.187,0.09155306340973443
22,721.563,0.10470138481291269
22,725.938,0.11707300395080797
22,730.313,0.12755581454566753
22,734.687,0.13574383354368233
22,739.063,0.14199000956500377
22,743.437,0.14680741415739051
22,747.812,0.150428880863267
22,752.188,0.1530415420994122
22,756.563,0.15497742478387166
22,760.938,0.15679089141977423
22,765.313,0.15844735830195783
22,769.688,0.1594531707188194
22,774.063,0.1601180239338203
22,778.438,0.1606833076343688
22,782.813,0.16117368142731353
22,787.188,0.161613421693932
22,791.563,0.16202588953091468
22,795.937,0.16241503355287776
22,800.312,0.1627830068909126
22,804.688,0.16312860768463366
22,809.063,0.16346368417108215
22,813.438,0.16381635067309544
22,817.813,0.16417231868088283
22,822.188,0.16446163695655963
22,826.5630000000001,0.16467096433930772
22,830.937,0.1648405058559517
22,835.313,0.16501256623410027
22,839.688,0.16521467267381723
22,844.063,0.1654469693912742
22,848.437,0.165699870571775
22,852.812,0.16596559385973367
22,857.187,0.16622437748168856
22,861.563,0.16646147888719412
22,865.938,0.16668607097107607
22,870.313,0.16690087208096105
22,874.687,0.16710113672603574
22,879.063,0.167287940521936
22,883.437,0.16745590225263277
22,887.813,0.1676037731711126
22,892.188,0.16774850334078986
22,896.562,0.16790285588734477
22,900.938,0.16803787967655126
22,905.312,0.16812302118223152
22,909.6880000000001,0.16816902885859572
22,914.062,0.16815466581655975
22,918.438,0.16805354075997467
22,922.813,0.1678969751721678
22,927.188,0.1677055387269313
22,931.563,0.1673684968119467
22,935.937,0.16652061232411802
22,940.312,0.16529002274666063
22,944.688,0.16394252518719368
22,949.063,0.16216072708760304
22,953.438,0.16012255567829026
22,957.812,0.15827416679125766
22,962.187,0.15698358097434983
22,966.562,0.15629257942679586
22,970.938,0.1560116161758119
22,975.313,0.15599324983891075
22,979.688,0.1562007479271866
22,984.063,0.156613420928325
22,988.438,0.1572147374604524
22,992.812,0.15798150546271608
22,997.188,0.15885624457324102
22,1001.5600000000001,0.15979990406917033
22,1005.94,0.1608162351237076
22,1010.3100000000001,0.16188933973830152
22,1014.69,0.16298159773659618
22,1019.0600000000001,0.16407561384695774
22,1023.4399999999999,0.16515677296469183
22,1027.81,0.16619503399892738
22,1032.19,0.16716658259292672
22,1036.56,0.16806413558424468
22,1040.94,0.16888157503001938
22,1045.31,0.16961634575153803
22,1049.69,0.17027303073078284
22,1054.06,0.17084751123896266
22,1058.44,0.17133794931040658
22,1062.81,0.1717511209633537
22,1067.19,0.17209161669297027
22,1071.5600000000002,0.172355436343191
22,1075.9399999999998,0.17253686921582911
22,1080.3100000000002,0.17263569295997122
22,1084.6899999999998,0.17265057572662434
22,1089.06,0.1725844417963738
22,1093.44,0.17244736168588964
22,1097.81,0.1722423047386655
22,1102.19,0.1719688370495564
22,1106.56,0.17164849517956313
22,1110.94,0.17132322161700372
22,1115.31,0.17096552352409478
22,1119.69,0.1703215406426923
22,1124.06,0.16866592773669822
22,1128.44,0.1656258484942773
22,1132.8100000000002,0.1620035043214252
22,1137.1899999999998,0.15852497527342382
22,1141.56,0.15515285462112494
22,1145.94,0.15059371399117352
22,1150.31,0.14570305717671111
22,1154.69,0.1426284517601567
22,1159.06,0.14098873519104133
22,1163.44,0.14004937278060176
22,1167.81,0.13944888104773503
22,1172.19,0.13902122302459313
22,1176.56,0.13867334365899792
22,1180.94,0.1383425787554906
22,1185.3100000000002,0.138015333450458
22,1189.6899999999998,0.13774973165551083
22,1194.06,0.1376235453202512
22,1198.44,0.13769126689482541
22,1202.81,0.1379773664733972
22,1207.19,0.13846348392731278
22,1211.56,0.139131874991565
22,1215.94,0.1399527625838719
22,1220.31,0.14086065849369897
22,1224.69,0.1418041374819394
22,1229.06,0.14273118446301306
22,1233.44,0.1435971651981532
22,1237.8100000000002,0.14439096809022753
22,1242.1899999999998,0.1451200712951676
22,1246.56,0.1457886476404915
22,1250.94,0.14638317419174154
22,1255.31,0.1468838290365056
22,1259.69,0.1472817461779548
22,1264.06,0.147561034480215
22,1268.44,0.14767094220082055
22,1272.81,0.1475757827412719
22,1277.19,0.14729526362674675
22,1281.56,0.14683972235918386
22,1285.94,0.14620717733288024
22,1290.3100000000002,0.14538439932301397
22,1294.6899999999998,0.1443229785531064
22,1299.0600000000002,0.1429818394828899
22,1303.4399999999998,0.14134295729359939
22,1307.81,0.13937960201261015
22,1312.19,0.1370378086929085
22,1316.56,0.13432364360043797
22,1320.94,0.13142716177696348
22,1325.31,0.12849854810303038
22,1329.69,0.12522466462254453
22,1334.06,0.12138107957682277
22,1338.44,0.1180563443869286
22,1342.81,0.11580444405680601
22,1347.19,0.11425382673573259
22,1500.31,0.039992124975603054
22,1504.69,0.041305249873596475
22,1509.0600000000002,0.04267654873746854
22,1513.4399999999998,0.04405134036374988
22,1517.8100000000002,0.04547799057342088
22,1522.1899999999998,0.046898950617964695
22,1526.56,0.04830106094657414
22,1530.94,0.0497143986774072
22,1535.31,0.051116231981454256
22,1539.69,0.052506397484285865
22,1544.06,0.053895514990020287
22,1548.44,0.055260449111818856
22,1552.81,0.05658873967765704
22,1557.19,0.0578900424048275
22,1561.56,0.05914065762048583
22,1565.94,0.060348956684021196
22,1570.3100000000002,0.0615724984611687
22,1574.6899999999998,0.06280454341599297
22,1579.06,0.06398826628659102
22,1583.44,0.06512821105862329
22,1587.81,0.0662560714384816
22,1592.19,0.067371021861896
22,1596.56,0.06845121456980785
22,1600.94,0.06951424879310603
22,1605.31,0.07055862748690173
22,1609.69,0.07156405918998066
22,1614.06,0.07251358662752556
22,1618.44,0.0733877792970299
22,1622.8100000000002,0.07420398486393268
22,1627.1899999999998,0.07496671674572845
22,1631.56,0.07566176933854317
22,1635.94,0.07628556608498373
22,1640.31,0.076839890725439
22,1644.69,0.07730044208121464
22,1649.06,0.07762831400824766
22,1653.44,0.0778133465025845
22,1657.81,0.07787500405558408
22,1662.19,0.07785175693396151
22,1666.56,0.07778079788945243
22,1670.94,0.07766685140861612
22,1675.3100000000002,0.07746822122177245
22,1679.6899999999998,0.07714018958380596
22,1684.06,0.07668034574137263
22,1688.44,0.07610651482035016
22,1692.81,0.07542292284610291
22,1697.19,0.0746372163325561
22,1701.56,0.0737810727692167
22,1705.94,0.07289474969456589
22,1710.31,0.07201699031283607
22,1714.69,0.0712148613461862
22,1719.06,0.07052005346252799
22,1723.44,0.06990524741582008
22,1727.8100000000002,0.06936917894982872
22,1732.1899999999998,0.06888856327675523
22,1736.5600000000002,0.06836258008371937
22,1740.9399999999998,0.06772124565768234
22,1745.31,0.06694937960945754
22,1749.69,0.06609233556688147
22,1754.06,0.06524264941557861
22,1758.44,0.06444939782398108
22,1762.81,0.06375333231080484
22,1767.19,0.06315639916576014
22,1771.56,0.06268518268045926
22,1775.94,0.06231795548939531
22,1780.31,0.06200862579266925
22,1784.69,0.06176935278603181
22,1789.0600000000002,0.061618600428152696
22,1999.06,0.018393109324891257
22,2003.4399999999998,0.018961169272985808
22,2007.8100000000002,0.01965249343544929
22,2012.1899999999998,0.020203590705477604
22,2016.5600000000002,0.02081141532554162
22,2020.94,0.021345171521335533
22,2025.3100000000002,0.021739059521046256
22,2029.69,0.022102116789157206
22,2034.0600000000002,0.022454861773985188
22,2038.44,0.022793919196810737
22,2042.8099999999997,0.023129463559406066
22,2047.19,0.023453531818508053
22,2051.56,0.0238002843767113
22,2055.94,0.024197208131899184
22,2060.31,0.024580954253749718
22,2064.69,0.024955409226490248
22,2069.06,0.025354240725846387
22,2073.44,0.02575054275173775
22,2077.81,0.026126141497610417
22,2082.19,0.026495234310129546
22,2086.56,0.026875554097861163
22,2090.9399999999996,0.027260813576098445
22,2095.31,0.02764550917827935
22,2099.69,0.02804114895147475
22,2104.06,0.02843852993225538
22,2108.44,0.028820000926699424
22,2112.81,0.029196620668583813
22,2117.19,0.029576830214151317
22,2121.56,0.029958192694990005
22,2125.94,0.0303304745925338
22,2130.31,0.030686114437176032
22,2134.69,0.031029319512026438
22,2139.0600000000004,0.031371219502400245
22,2143.44,0.031712552760849756
22,2147.8100000000004,0.03206141956398126
22,2152.19,0.03243029667754351
22,2156.56,0.03279448722461388
22,2160.94,0.033138241777644364
22,2165.31,0.033478946919268705
22,2169.69,0.03380920338693244
22,2174.06,0.03412388832765946
22,2178.44,0.03443306572976155
22,2182.81,0.03474607060389129
22,2187.19,0.035057545328292646
22,2191.56,0.035334025541732914
22,2195.9399999999996,0.03557895531884564
22,2200.31,0.03580854856184461
22,2204.6899999999996,0.036009263594386345
22,2209.06,0.036164791313848955
22,2213.44,0.036263512897022905
22,2217.81,0.0362961835660563
22,2222.19,0.03624719040285088
22,2226.56,0.03609193341955178
22,2230.94,0.0358107846343656
22,2235.31,0.035399329631937704
22,2239.69,0.03486979177257696
22,2244.06,0.034242512673533065
22,2248.44,0.03354450445084977
22,2252.8100000000004,0.032808842739372714
22,2257.19,0.032053967892062225
22,2261.56,0.0313021016826148
22,2265.94,0.030581184538553945
22,2270.31,0.029909855655662072
22,2274.69,0.029291484845510262
22,2279.06,0.02871028826591439
22,2283.44,0.02814015619074345
22,2287.81,0.02756327639099574
22,2292.19,0.02696468576040081
22,2296.56,0.026358560051199596
22,2300.94,0.02581338590006118
22,2305.31,0.02537993809978933
22,2309.6899999999996,0.02506897287322646
22,2314.06,0.024847869599480994
22,2318.44,0.024642952726398427
22,2322.81,0.024395443829621746
22,2327.19,0.024102075677348695
22,2331.56,0.0237750277552909
22,2335.94,0.02342014533859575
22,2340.31,0.023045021886956084
22,2344.69,0.0226921537173455
22,2349.06,0.022389091515412293
22,2353.44,0.022112502431100505
22,2357.8100000000004,0.02187783592189622
22,2362.19,0.021674604386557772
22,2366.5600000000004,0.02145593747449597
22,2370.94,0.02119136187424769
22,2375.31,0.02092157257602236
22,2379.69,0.020658851262448007
22,2384.06,0.0203566732174451
22,2388.44,0.020037941366134526
22,2392.81,0.01974817523467574
22,2397.19,0.01947712498194861
22,2401.56,0.019211044001435945
22,2405.94,0.018919527913367925
22,2410.31,0.018589454233208208
22,2414.6899999999996,0.01819927631778666
22,2419.06,0.017767306842479434
22,2423.4399999999996,0.01746051786111833
22,2427.81,0.017226849047465704
22,2432.19,0.016945534061486706
22,2436.56,0.016551393447042574
22,2440.94,0.016196151006688524
22,2445.31,0.015812521188378035
22,2449.69,0.015158849867842663
22,2454.06,0.014736113106864127
22,2458.44,0.014619596407245592
22,2462.81,0.01441074926500985
22,2467.19,0.014069304559980128
22,2471.5600000000004,0.013584856976335867
25,402.188,0.009492622091021872
25,406.56199999999995,0.009633114809547622
25,410.93800000000005,0.009862380641257825
25,415.313,0.01016136996000082
25,419.68699999999995,0.010495590419377067
25,424.06300000000005,0.010842465895666916
25,428.438,0.01119315217110583
25,432.813,0.011529734637939078
25,437.18800000000005,0.011827828101300859
25,441.563,0.012102843127384608
25,445.938,0.012372994260603638
25,450.31300000000005,0.012633233717157475
25,454.688,0.012870029964543889
25,459.063,0.013069966585952181
25,463.438,0.013225411622742688
25,467.813,0.013347086791092045
25,472.187,0.013454210217768025
25,476.562,0.013559747263267342
25,480.938,0.013681232729517353
25,485.313,0.013860856454481704
25,489.688,0.014149482489936248
25,494.063,0.014590655473199167
25,498.438,0.015267452437968745
25,502.812,0.016289282024305015
25,507.188,0.017713076225940663
25,511.563,0.019598037283028502
25,515.937,0.022031635683571513
25,520.313,0.024845275482720898
25,524.687,0.02762572131373355
25,529.062,0.03012082191966683
25,533.438,0.03217322183843129
25,537.813,0.03374777177661567
25,542.188,0.034942342413772885
25,546.563,0.0358418693189555
25,550.938,0.03643272893115669
25,555.312,0.03661225522392561
25,559.688,0.036288747891403066
25,564.063,0.035479971517226976
25,568.438,0.034284419220828324
25,572.813,0.032873427055448066
25,577.187,0.0315092172025741
25,581.562,0.030382158369876764
25,585.938,0.029523311883549154
25,590.313,0.028884759678428587
25,594.688,0.02842354517739762
25,599.063,0.02804141372972182
25,603.438,0.027576354640478768
25,607.812,0.026923307177548535
25,612.188,0.026114334405956254
25,616.563,0.02530305188264909
25,620.937,0.024665080514620272
25,625.312,0.024263837672922277
25,629.687,0.023995344490671824
25,634.063,0.02363599561918747
25,638.437,0.022994923209018855
25,642.813,0.022068079775877165
25,647.188,0.02102575980946679
25,651.563,0.020049030113268706
25,655.938,0.01913865401947708
25,660.313,0.018210436557996906
25,664.687,0.017330225247413067
25,669.063,0.016669461305201295
25,673.438,0.016380828682930372
25,677.813,0.01659475397453721
25,682.187,0.017606748049441005
25,686.562,0.020142177599149068
25,690.937,0.02514909018253765
25,695.312,0.03289940119759931
25,699.688,0.04297632377672952
25,704.063,0.0545725731325442
25,708.438,0.06643499118829745
25,712.813,0.0779991744311762
25,717.187,0.09010215788185823
25,721.563,0.10306892285915938
25,725.938,0.11528844843195464
25,730.313,0.12565920427279284
25,734.687,0.13376774775840242
25,739.063,0.13995099798233615
25,743.437,0.14471042136846873
25,747.812,0.14827655748299204
25,752.188,0.1508391434112591
25,756.563,0.15272909044217825
25,760.938,0.15449195192653994
25,765.313,0.1561005881966243
25,769.688,0.15707605768036817
25,774.063,0.15771662509010098
25,778.438,0.1582577939605672
25,782.813,0.15872610409873447
25,787.188,0.15914617201304185
25,791.563,0.15954048732694567
25,795.937,0.15991237441678605
25,800.312,0.16026336124994014
25,804.688,0.16059230083055434
25,809.063,0.16091045998374698
25,813.438,0.16124481661211926
25,817.813,0.16158264084210897
25,822.188,0.16185699385494207
25,826.5630000000001,0.16205371914411795
25,830.937,0.16221145397311337
25,835.313,0.1623725170241678
25,839.688,0.1625647474081903
25,844.063,0.16278810070916633
25,848.437,0.16303216685217767
25,852.812,0.16328889135161548
25,857.187,0.16353915834570176
25,861.563,0.16376838315345923
25,865.938,0.16398498645860343
25,870.313,0.16419125841380358
25,874.687,0.1643825291372199
25,879.063,0.16456001355342495
25,883.437,0.16471883725343398
25,887.813,0.16485786897463603
25,892.188,0.16499283527972702
25,896.562,0.16513590155225996
25,900.938,0.16526075102495014
25,905.312,0.16533839009264142
25,909.6880000000001,0.1653770844499607
25,914.062,0.16535481946994568
25,918.438,0.1652454877146742
25,922.813,0.16507907339854883
25,927.188,0.16487475911522587
25,931.563,0.16452007792330242
25,935.937,0.1636504906935807
25,940.312,0.16240966575173318
25,944.688,0.1610643650651009
25,949.063,0.15928850099090608
25,953.438,0.15725603486039927
25,957.812,0.1554103061849491
25,962.187,0.15411883156295297
25,966.562,0.15342539239078296
25,970.938,0.1531402383827447
25,975.313,0.15311517089705506
25,979.688,0.15331629286010318
25,984.063,0.15372717111325146
25,988.438,0.15433336714606594
25,992.812,0.1551083003580236
25,997.188,0.15598718661084976
25,1001.5600000000001,0.15692922606931559
25,1005.94,0.15793983637541584
25,1010.3100000000001,0.15900344751640405
25,1014.69,0.1600832084183553
25,1019.0600000000001,0.16116296977121305
25,1023.4399999999999,0.16222907203249504
25,1027.81,0.1632518105396314
25,1032.19,0.1642071232441515
25,1036.56,0.16508790639881982
25,1040.94,0.16588888702768873
25,1045.31,0.1666086837591844
25,1049.69,0.16725314726211987
25,1054.06,0.1678188241217627
25,1058.44,0.16830318825360355
25,1062.81,0.16871105322710192
25,1067.19,0.16904535406031374
25,1071.5600000000002,0.16930178827155623
25,1075.9399999999998,0.16947432815450278
25,1080.3100000000002,0.16956225321287685
25,1084.6899999999998,0.16956454160647855
25,1089.06,0.169485111259582
25,1093.44,0.16933475794408054
25,1097.81,0.16911712410563107
25,1102.19,0.16883302954665355
25,1106.56,0.16850504892556756
25,1110.94,0.16817480591180775
25,1115.31,0.16781399773432967
25,1119.69,0.16717104371819624
25,1124.06,0.16553083382311287
25,1128.44,0.1625221548705892
25,1132.8100000000002,0.1589267324866384
25,1137.1899999999998,0.15546445680850224
25,1141.56,0.15210415079325318
25,1145.94,0.14756394155424413
25,1150.31,0.14270028283865852
25,1154.69,0.1396482815155462
25,1159.06,0.13802480653516583
25,1163.44,0.1370985560888042
25,1167.81,0.13651061131210204
25,1172.19,0.1360960230703793
25,1176.56,0.13576201683406988
25,1180.94,0.13544590607812662
25,1185.3100000000002,0.13513365110182896
25,1189.6899999999998,0.13488143043269357
25,1194.06,0.1347644659376237
25,1198.44,0.1348358964617144
25,1202.81,0.13511881556046024
25,1207.19,0.1355933316413174
25,1211.56,0.13624154554426623
25,1215.94,0.13703553641046037
25,1220.31,0.13791271394410368
25,1224.69,0.1388242780676589
25,1229.06,0.13972148100364692
25,1233.44,0.14056163679244427
25,1237.8100000000002,0.14133306506455223
25,1242.1899999999998,0.14204240788764083
25,1246.56,0.14269358512255276
25,1250.94,0.14327273526859463
25,1255.31,0.1437596827661761
25,1259.69,0.14414542769696564
25,1264.06,0.1444141665666555
25,1268.44,0.14451602942182462
25,1272.81,0.1444160521071487
25,1277.19,0.14413309297459045
25,1281.56,0.14367683778400606
25,1285.94,0.1430457425931449
25,1290.3100000000002,0.14222686562012987
25,1294.6899999999998,0.14117200788963494
25,1299.0600000000002,0.13984135634159986
25,1303.4399999999998,0.13821817592602964
25,1307.81,0.13627628180661597
25,1312.19,0.1339630357055639
25,1316.56,0.1312853478128071
25,1320.94,0.1284304379672156
25,1325.31,0.12554512855006889
25,1329.69,0.12232013357345084
25,1334.06,0.11853490438338762
25,1338.44,0.11526189704915984
25,1342.81,0.11304552166823112
25,1347.19,0.11151877004629919
25,1500.31,0.0391345882860237
25,1504.69,0.04040273666416894
25,1509.0600000000002,0.041727805609105245
25,1513.4399999999998,0.04305667113288123
25,1517.8100000000002,0.04443629621842431
25,1522.1899999999998,0.0458111412802371
25,1526.56,0.047168306190384916
25,1530.94,0.04853698113517416
25,1535.31,0.04989529825656242
25,1539.69,0.05124305935878269
25,1544.06,0.05259046709579062
25,1548.44,0.05391505841933318
25,1552.81,0.05520467827971678
25,1557.19,0.05646850542219338
25,1561.56,0.05768354143337651
25,1565.94,0.05885799524418962
25,1570.3100000000002,0.06004782872007085
25,1574.6899999999998,0.06124652474809303
25,1579.06,0.0623986439926773
25,1583.44,0.06350845313610115
25,1587.81,0.0646067552607592
25,1592.19,0.06569265468407876
25,1596.56,0.06674478582106974
25,1600.94,0.06778040862902333
25,1605.31,0.0687983220164245
25,1609.69,0.06977882966529148
25,1614.06,0.07070530941697999
25,1618.44,0.07155867520496424
25,1622.8100000000002,0.07235588930571728
25,1627.1899999999998,0.0731012757328354
25,1631.56,0.07378069908782452
25,1635.94,0.07439068967495817
25,1640.31,0.07493328224062043
25,1644.69,0.075385252402243
25,1649.06,0.07570927527788704
25,1653.44,0.07589588413488892
25,1657.81,0.0759642695441335
25,1662.19,0.07595218379416949
25,1666.56,0.07589581702123314
25,1670.94,0.07579889197324931
25,1675.3100000000002,0.07562061202731733
25,1679.6899999999998,0.07531817277245509
25,1684.06,0.07488913280615939
25,1688.44,0.0743504688157093
25,1692.81,0.07370644532226062
25,1697.19,0.07296390730788083
25,1701.56,0.07215186875657002
25,1705.94,0.07130739432501132
25,1710.31,0.07046635364917576
25,1714.69,0.06969231335739123
25,1719.06,0.06901558372784933
25,1723.44,0.06840976173660564
25,1727.8100000000002,0.06787497542231245
25,1732.1899999999998,0.0673911215589334
25,1736.5600000000002,0.0668628523865769
25,1740.9399999999998,0.06622585740108788
25,1745.31,0.06546713293768873
25,1749.69,0.06462873040321589
25,1754.06,0.06379748832585012
25,1758.44,0.06301904431192244
25,1762.81,0.06233273933041358
25,1767.19,0.0617411969809525
25,1771.56,0.061272000605758534
25,1775.94,0.060904934600963065
25,1780.31,0.06059573043732348
25,1784.69,0.06035694577192993
25,1789.0600000000002,0.060206124971366216
25,1999.06,0.01840414526262265
25,2003.4399999999998,0.018939903517753782
25,2007.8100000000002,0.0196022550472171
25,2012.1899999999998,0.020142368181458706
25,2016.5600000000002,0.020744133405352253
25,2020.94,0.021270058570752304
25,2025.3100000000002,0.021652879085498115
25,2029.69,0.022001719690769687
25,2034.0600000000002,0.022338854836990215
25,2038.44,0.0226620929742501
25,2042.8099999999997,0.022981587106889106
25,2047.19,0.02328971579503334
25,2051.56,0.023618910595250456
25,2055.94,0.023996887439168908
25,2060.31,0.02436473236341399
25,2064.69,0.02472548990907837
25,2069.06,0.025110405865887964
25,2073.44,0.025492159228136854
25,2077.81,0.02585311773306749
25,2082.19,0.026208276474772585
25,2086.56,0.026575051063329296
25,2090.9399999999996,0.026946290770609563
25,2095.31,0.027316059326189905
25,2099.69,0.027696462312885434
25,2104.06,0.02807949935714899
25,2108.44,0.028447867001590414
25,2112.81,0.028812033724799416
25,2117.19,0.029180367446673187
25,2121.56,0.02955051007162181
25,2125.94,0.029911447702909124
25,2130.31,0.030255022313699625
25,2134.69,0.030586120664619243
25,2139.0600000000004,0.030915978793762254
25,2143.44,0.03124466577610543
25,2147.8100000000004,0.03157973044709658
25,2152.19,0.03193363481644095
25,2156.56,0.03228289206729781
25,2160.94,0.03261232213668403
25,2165.31,0.03293853581556358
25,2169.69,0.03325447989434139
25,2174.06,0.033555268547473836
25,2178.44,0.03385072211960954
25,2182.81,0.034149978461739866
25,2187.19,0.03444738962626384
25,2191.56,0.03471035275367761
25,2195.9399999999996,0.03494261101668662
25,2200.31,0.03516125924933959
25,2204.6899999999996,0.035354524829121034
25,2209.06,0.03550567125903309
25,2213.44,0.03560211912979087
25,2217.81,0.03563579681150693
25,2222.19,0.03559270068441735
25,2226.56,0.03544747744694183
25,2230.94,0.03517865011776423
25,2235.31,0.03478212062896445
25,2239.69,0.034271915285578804
25,2244.06,0.03366888215029158
25,2248.44,0.032998572795157166
25,2252.8100000000004,0.03229148955489145
25,2257.19,0.03156424399387792
25,2261.56,0.030838083578525993
25,2265.94,0.03014099602940481
25,2270.31,0.02949210702056496
25,2274.69,0.028894778296921872
25,2279.06,0.028333887805332983
25,2283.44,0.027785358403337825
25,2287.81,0.027232339184009982
25,2292.19,0.026658629675257724
25,2296.56,0.02607532758421313
25,2300.94,0.025546664762387584
25,2305.31,0.025121857346048354
25,2309.6899999999996,0.024813045009478948
25,2314.06,0.02459021402080277
25,2318.44,0.02438323935981302
25,2322.81,0.024137391627096036
25,2327.19,0.023850183070143544
25,2331.56,0.023532566144777563
25,2335.94,0.02319096762850271
25,2340.31,0.0228335910095552
25,2344.69,0.022499696213767923
25,2349.06,0.022214389902889077
25,2353.44,0.021955784713938987
25,2357.8100000000004,0.021737793035340847
25,2362.19,0.021549233526670555
25,2366.5600000000004,0.021345375207486448
25,2370.94,0.021097674069712195
25,2375.31,0.02084456270192615
25,2379.69,0.020595977861435313
25,2384.06,0.020305811217210076
25,2388.44,0.019997065161057117
25,2392.81,0.019716080292229127
25,2397.19,0.019453818043071523
25,2401.56,0.01919562282262039
25,2405.94,0.018911174307202187
25,2410.31,0.01858918444737858
25,2414.6899999999996,0.018208628218758075
25,2419.06,0.017787718749785596
25,2423.4399999999996,0.017489877492978412
25,2427.81,0.017263148431298055
25,2432.19,0.016989163479254693
25,2436.56,0.01660441009275073
25,2440.94,0.016256533845179638
25,2445.31,0.015876668163919045
25,2449.69,0.01522491778903494
25,2454.06,0.014806845750627866
25,2458.44,0.014696327282997626
25,2462.81,0.014492057741975373
25,2467.19,0.014152897054339211
25,2471.5600000000004,0.013668138438851474
27,402.188,0.010399113207562627
27,406.56199999999995,0.010538115841402051
27,410.93800000000005,0.010764645409252956
27,415.313,0.01106006251812444
27,419.68699999999995,0.011390663941647441
27,424.06300000000005,0.011733643475631389
27,428.438,0.01207929389672565
27,432.813,0.012410386206922567
27,437.18800000000005,0.012704620531447289
27,441.563,0.012978443182561406
27,445.938,0.01325036904588529
27,450.31300000000005,0.013514936840420724
27,454.688,0.013758223475682133
27,459.063,0.01396682525669624
27,463.438,0.014132498716753168
27,467.813,0.01426491430129783
27,472.187,0.014382707436039185
27,476.562,0.01449861001850461
27,480.938,0.0146302412146423
27,485.313,0.01482069271332985
27,489.688,0.015121299373084108
27,494.063,0.015575051394181824
27,498.438,0.016265846681735568
27,502.812,0.017304748890298073
27,507.188,0.018749456420284246
27,511.563,0.02066092962364923
27,515.937,0.02312979168377496
27,520.313,0.02598682055113649
27,524.687,0.028814054931346995
27,529.062,0.031356316301712685
27,533.438,0.033453479617263984
27,537.813,0.035068807245377344
27,542.188,0.036300060935323536
27,546.563,0.037231076671206134
27,550.938,0.03784711533029949
27,555.312,0.03804613868825156
27,559.688,0.03773779675712929
27,564.063,0.03693988777929357
27,568.438,0.03574991779520841
27,572.813,0.03434003026071414
27,577.187,0.03297620011130658
27,581.562,0.031852114405717794
27,585.938,0.031000171815425626
27,590.313,0.030372822300361015
27,594.688,0.029925145468172872
27,599.063,0.02955567774969747
27,603.438,0.029100923177935004
27,607.812,0.028456005962107723
27,612.188,0.027654415446125086
27,616.563,0.026851799620052554
27,620.937,0.02622535111235054
27,625.312,0.02583901104284992
27,629.687,0.025587848048100166
27,634.063,0.025246114473350543
27,638.437,0.024621287461184627
27,642.813,0.023708934573353286
27,647.188,0.022679472594113775
27,651.563,0.021713522663446987
27,655.938,0.02081190657181875
27,660.313,0.019892769424568347
27,664.687,0.0190252310371838
27,669.063,0.018382002469544002
27,673.438,0.018115187063502364
27,677.813,0.01835499463289953
27,682.187,0.019398771900711504
27,686.562,0.02197898627465129
27,690.937,0.02705308323234116
27,695.312,0.03489451582478504
27,699.688,0.04508193114736328
27,704.063,0.05680093709839408
27,708.438,0.06878790742457118
27,712.813,0.08047570774424671
27,717.187,0.09271216803567839
27,721.563,0.10582465283569135
27,725.938,0.11818483809649653
27,730.313,0.1286838351461875
27,734.687,0.13690552353943275
27,739.063,0.14318858819853564
27,743.437,0.14803605128475908
27,747.812,0.15167631557541605
27,752.188,0.1542980546290704
27,756.563,0.1562385393846579
27,760.938,0.1580611775765131
27,765.313,0.15973387567665084
27,769.688,0.16075343747259238
27,774.063,0.1614315841068447
27,778.438,0.1620147027359246
27,782.813,0.16252744192044563
27,787.188,0.16299249498081186
27,791.563,0.1634324788009806
27,795.937,0.16385046852619722
27,800.312,0.16424780605727857
27,804.688,0.16462260506914136
27,809.063,0.1649863269218348
27,813.438,0.16537011133472446
27,817.813,0.1657626199705947
27,822.188,0.16608916646632957
27,826.5630000000001,0.1663329777951695
27,830.937,0.16653677086484142
27,835.313,0.1667438265454939
27,839.688,0.16698069315854583
27,844.063,0.16724758529680955
27,848.437,0.16753590947698765
27,852.812,0.167839191672231
27,857.187,0.16813650026735874
27,861.563,0.16841097674543296
27,865.938,0.16867302112206461
27,870.313,0.16892555500753248
27,874.687,0.1691623877836741
27,879.063,0.16938538564581587
27,883.437,0.16958960712217905
27,887.813,0.16977225558082326
27,892.188,0.16994968632583532
27,896.562,0.17013911424729103
27,900.938,0.17031455271646545
27,905.312,0.17043835488682954
27,909.6880000000001,0.17052104353966507
27,914.062,0.17054589247679733
27,918.438,0.17048159052634645
27,922.813,0.17035216772943915
27,927.188,0.17017787943694312
27,931.563,0.16985662568770177
27,935.937,0.16905046403189936
27,940.312,0.1678842544101306
27,944.688,0.16659404309440762
27,949.063,0.1648745573188131
27,953.438,0.16290189886525913
27,957.812,0.16111514672540725
27,962.187,0.15987918135026638
27,966.562,0.15923155751508083
27,970.938,0.15898155955968488
27,975.313,0.1589890585567744
27,979.688,0.1592253391791558
27,984.063,0.15968381124697142
27,988.438,0.16037021466397874
27,992.812,0.1612486619867275
27,997.188,0.16221255808789528
27,1001.5600000000001,0.16320885572103316
27,1005.94,0.1642603293187567
27,1010.3100000000001,0.165361648352212
27,1014.69,0.16647816889688688
27,1019.0600000000001,0.1675953111602609
27,1023.4399999999999,0.16870005325460732
27,1027.81,0.16976210856211946
27,1032.19,0.17075686891485065
27,1036.56,0.17167745280805383
27,1040.94,0.1725186543893726
27,1045.31,0.1732784835893438
27,1049.69,0.17396259446220974
27,1054.06,0.17456772672683724
27,1058.44,0.17509135820852129
27,1062.81,0.17553918621180606
27,1067.19,0.17591606259915196
27,1071.5600000000002,0.17621798496130833
27,1075.9399999999998,0.17643691696104907
27,1080.3100000000002,0.17657044027484722
27,1084.6899999999998,0.17661662434574596
27,1089.06,0.17657911074892746
27,1093.44,0.17646932163923543
27,1097.81,0.17629044325357246
27,1102.19,0.17604117642545974
27,1106.56,0.17574272509219835
27,1110.94,0.17543811748137791
27,1115.31,0.17510600639389412
27,1119.69,0.17451016938158834
27,1124.06,0.17294916325135737
27,1128.44,0.17001909903795198
27,1132.8100000000002,0.166469157627618
27,1137.1899999999998,0.16303369799286202
27,1141.56,0.15969427371508504
27,1145.94,0.1551767547454162
27,1150.31,0.1503297873791288
27,1154.69,0.14728246622906932
27,1159.06,0.14566217398599773
27,1163.44,0.14474530690388296
27,1167.81,0.14417567857859426
27,1172.19,0.14378793641944781
27,1176.56,0.14348668683737256
27,1180.94,0.1432058177365909
27,1185.3100000000002,0.14292770401583144
27,1189.6899999999998,0.14270537435450997
27,1194.06,0.1426153176329347
27,1198.44,0.14271622430760872
27,1202.81,0.14303387910079637
27,1207.19,0.14354597245529513
27,1211.56,0.14423340959802955
27,1215.94,0.1450687721444262
27,1220.31,0.1459905602001465
27,1224.69,0.14695133073909974
27,1229.06,0.1478994240976929
27,1233.44,0.1487875025959519
27,1237.8100000000002,0.14960313152045351
27,1242.1899999999998,0.15035417145301572
27,1246.56,0.15104509890377957
27,1250.94,0.15166269582201566
27,1255.31,0.15218780363852033
27,1259.69,0.1526120431105831
27,1264.06,0.1529191984962865
27,1268.44,0.1530570373750784
27,1272.81,0.15298733188073066
27,1277.19,0.15272956835797358
27,1281.56,0.15229661237172867
27,1285.94,0.15168735830655536
27,1290.3100000000002,0.15088763111982947
27,1294.6899999999998,0.14984884795269932
27,1299.0600000000002,0.14853080772615518
27,1303.4399999999998,0.14691523038113646
27,1307.81,0.14497388522306645
27,1312.19,0.14265282061996223
27,1316.56,0.13995974275993284
27,1320.94,0.13708564074370996
27,1325.31,0.13418071403735127
27,1329.69,0.13093250867922807
27,1334.06,0.12711328387421458
27,1338.44,0.12380080018057565
27,1342.81,0.12154882756171953
27,1347.19,0.11999184691217761
27,1500.31,0.0458670806106976
27,1504.69,0.047202873897556584
27,1509.0600000000002,0.048598636709282494
27,1513.4399999999998,0.04999825815013506
27,1517.8100000000002,0.05145081426565575
27,1522.1899999999998,0.05289760122959131
27,1526.56,0.0543253455990183
27,1530.94,0.05576475196976685
27,1535.31,0.05719248674731599
27,1539.69,0.05860838543015891
27,1544.06,0.060023358023633476
27,1548.44,0.06141366648979142
27,1552.81,0.06276637393013423
27,1557.19,0.06409131640920913
27,1561.56,0.06536499126814753
27,1565.94,0.06659671067018905
27,1570.3100000000002,0.06784518710925301
27,1574.6899999999998,0.06910241399710348
27,1579.06,0.0703094359656738
27,1583.44,0.0714712438572167
27,1587.81,0.07262070115611415
27,1592.19,0.07375709212879882
27,1596.56,0.07485851161170334
27,1600.94,0.07594343661313864
27,1605.31,0.07700989201970604
27,1609.69,0.07803592757067038
27,1614.06,0.07900385943862448
27,1618.44,0.07989504145346515
27,1622.8100000000002,0.08072846076212006
27,1627.1899999999998,0.08150851055032023
27,1631.56,0.08221991441449511
27,1635.94,0.08285912025803689
27,1640.31,0.0834282909138537
27,1644.69,0.0839029837858138
27,1649.06,0.08424427418477831
27,1653.44,0.08444227961153956
27,1657.81,0.08451673179757968
27,1662.19,0.08450673347529021
27,1666.56,0.08444973017774073
27,1670.94,0.08434936332892137
27,1675.3100000000002,0.08416331505825897
27,1679.6899999999998,0.08384806471886995
27,1684.06,0.08340242728296916
27,1688.44,0.08284450074413344
27,1692.81,0.0821783638932322
27,1697.19,0.08141052741558742
27,1701.56,0.08057047749708622
27,1705.94,0.07969631661091081
27,1710.31,0.07882524848929147
27,1714.69,0.07802354681650066
27,1719.06,0.07732341867417736
27,1723.44,0.07669872133383292
27,1727.8100000000002,0.07615077156281731
27,1732.1899999999998,0.07565907002642111
27,1736.5600000000002,0.0751236949544126
27,1740.9399999999998,0.074474939304797
27,1745.31,0.07369672012036754
27,1749.69,0.07283253881760257
27,1754.06,0.07197414109777894
27,1758.44,0.07117126450097665
27,1762.81,0.07046633636730756
27,1767.19,0.06986212064602473
27,1771.56,0.06938564015237185
27,1775.94,0.06901470908233877
27,1780.31,0.06870254259145518
27,1784.69,0.06846122810262265
27,1789.0600000000002,0.06830881804922129
27,1999.06,0.02374080616063384
27,2003.4399999999998,0.024321571718886423
27,2007.8100000000002,0.025069990695249938
27,2012.1899999999998,0.02572023298204035
27,2016.5600000000002,0.026458099100807896
27,2020.94,0.027085663022467184
27,2025.3100000000002,0.02753013689986857
27,2029.69,0.02792905927628459
27,2034.0600000000002,0.02830897924585115
27,2038.44,0.028667218438553795
27,2042.8099999999997,0.029017020950436175
27,2047.19,0.02935446188582082
27,2051.56,0.029718710498869472
27,2055.94,0.030141122315103887
27,2060.31,0.030554631631852663
27,2064.69,0.03095910508886779
27,2069.06,0.03138598868484559
27,2073.44,0.03180476501548725
27,2077.81,0.032200270740774375
27,2082.19,0.032593314693094934
27,2086.56,0.03300221804402512
27,2090.9399999999996,0.03341308214882941
27,2095.31,0.03381620931720676
27,2099.69,0.03422912083964055
27,2104.06,0.03464681268643055
27,2108.44,0.03504936765139277
27,2112.81,0.03544693638476143
27,2117.19,0.03584933923275193
27,2121.56,0.03625427233578256
27,2125.94,0.03664435918120718
27,2130.31,0.037006650810755624
27,2134.69,0.0373513228310247
27,2139.0600000000004,0.0376938502633374
27,2143.44,0.03803211295467401
27,2147.8100000000004,0.03837350281171887
27,2152.19,0.03873250027890387
27,2156.56,0.039084949456162844
27,2160.94,0.03941505634175826
27,2165.31,0.039739950522637714
27,2169.69,0.04005402962296973
27,2174.06,0.04035320731320023
27,2178.44,0.04064734696875376
27,2182.81,0.040945791971638563
27,2187.19,0.04123974957989983
27,2191.56,0.041493969504251535
27,2195.9399999999996,0.04171517520288796
27,2200.31,0.04192782083424817
27,2204.6899999999996,0.042125980943965566
27,2209.06,0.04228772778766079
27,2213.44,0.042392736597320756
27,2217.81,0.042435605971277414
27,2222.19,0.04240472506161335
27,2226.56,0.04226203046222384
27,2230.94,0.0419702751391138
27,2235.31,0.041526845140078816
27,2239.69,0.04096016614945983
27,2244.06,0.04029994137682508
27,2248.44,0.0395717513321666
27,2252.8100000000004,0.03880448402181922
27,2257.19,0.038013789306043086
27,2261.56,0.03722219319355324
27,2265.94,0.03646274231371088
27,2270.31,0.03575745703576219
27,2274.69,0.03510562832538411
27,2279.06,0.03448872394321684
27,2283.44,0.03388539512937558
27,2287.81,0.03328118911672222
27,2292.19,0.032655034559926355
27,2296.56,0.03201447075253878
27,2300.94,0.03142938278179569
27,2305.31,0.03095745620639864
27,2309.6899999999996,0.03061282259672583
27,2314.06,0.030358935831666566
27,2318.44,0.03011919685520909
27,2322.81,0.029839762785774
27,2327.19,0.029518269469872797
27,2331.56,0.029163817670099217
27,2335.94,0.028789613774873636
27,2340.31,0.02841441110050016
27,2344.69,0.02808108284099259
27,2349.06,0.027814281455837697
27,2353.44,0.027590057067491767
27,2357.8100000000004,0.027409189165218544
27,2362.19,0.027250689660068224
27,2366.5600000000004,0.02707061183931403
27,2370.94,0.026841760485701412
27,2375.31,0.026600016994508268
27,2379.69,0.026349497916145357
27,2384.06,0.026034922260625728
27,2388.44,0.02568206581957022
27,2392.81,0.0253543535382811
27,2397.19,0.02504996314075759
27,2401.56,0.02474975534955786
27,2405.94,0.024418012023808996
27,2410.31,0.024050365941387646
27,2414.6899999999996,0.023616588679381316
27,2419.06,0.02311447113538714
27,2423.4399999999996,0.02274695826107955
27,2427.81,0.022473394881285413
27,2432.19,0.022150384938168736
27,2436.56,0.02169668450683339
27,2440.94,0.02129565700021594
27,2445.31,0.020878881163082293
27,2449.69,0.02013540567737325
27,2454.06,0.019594833824213807
27,2458.44,0.01943446387440877
27,2462.81,0.01920743721847457
27,2467.19,0.018844496258079834
27,2471.5600000000004,0.018319859961447492
30,402.188,0.009651842253964515
30,406.56199999999995,0.00980715385814652
30,410.93800000000005,0.010058394754989751
30,415.313,0.010383681602905566
30,419.68699999999995,0.010745352570224359
30,424.06300000000005,0.011118778604353627
30,428.438,0.011493624658040496
30,432.813,0.011849425637151058
30,437.18800000000005,0.012158954276528152
30,441.563,0.012437921739561585
30,445.938,0.01270611532224077
30,450.31300000000005,0.01296119803656332
30,454.688,0.01319296993472123
30,459.063,0.013390051382367318
30,463.438,0.01354494642136021
30,467.813,0.013667410414533378
30,472.187,0.013775789811014788
30,476.562,0.013882258381172977
30,480.938,0.014002897672656774
30,485.313,0.014177194350141668
30,489.688,0.01445282786391876
30,494.063,0.014871577956702067
30,498.438,0.015515176131279753
30,502.812,0.016492707691509845
30,507.188,0.017864661392713605
30,511.563,0.01969388727592938
30,515.937,0.022068698748503923
30,520.313,0.02482321130769046
30,524.687,0.02754700277522744
30,529.062,0.029985306651629576
30,533.438,0.031978824437243175
30,537.813,0.033493467649606964
30,542.188,0.034630835808358636
30,546.563,0.03548174691820247
30,550.938,0.03603619674141819
30,555.312,0.03619102673618852
30,559.688,0.0358522674020889
30,564.063,0.03503619969083503
30,568.438,0.03384170856190419
30,572.813,0.03244084568010473
30,577.187,0.031093287177648324
30,581.562,0.02998484501500031
30,585.938,0.02914448699498758
30,590.313,0.028524345767600653
30,594.688,0.028080515076552626
30,599.063,0.02771466334107148
30,603.438,0.027267395319596512
30,607.812,0.026636035930377864
30,612.188,0.025852727690972813
30,616.563,0.025068375431968912
30,620.937,0.02445394472796082
30,625.312,0.024070027903553236
30,629.687,0.02381514917515694
30,634.063,0.02347405195516927
30,638.437,0.02286511331411144
30,642.813,0.021986930346113598
30,647.188,0.02100390046652821
30,651.563,0.020088319558506595
30,655.938,0.01924155935363496
30,660.313,0.01838709351461129
30,664.687,0.017588416548932184
30,669.063,0.017003333140420688
30,673.438,0.016768178517120372
30,677.813,0.016997689614214793
30,682.187,0.01796601744982307
30,686.562,0.020371001208704328
30,690.937,0.02515900022448083
30,695.312,0.03265709953067285
30,699.688,0.04250693146700957
30,704.063,0.0539242099867376
30,708.438,0.06565611524750369
30,712.813,0.07711755360820817
30,717.187,0.08910742089477518
30,721.563,0.10191180473793714
30,725.938,0.11390317335836
30,730.313,0.12398997395189217
30,734.687,0.1318035490744129
30,739.063,0.13771866986684728
30,743.437,0.1422538470255326
30,747.812,0.14564647409654594
30,752.188,0.1480826473443869
30,756.563,0.1498800258938959
30,760.938,0.15155878840652678
30,765.313,0.15309084363212752
30,769.688,0.1540230581797713
30,774.063,0.15464371875645747
30,778.438,0.1551770308553723
30,782.813,0.15564575092586624
30,787.188,0.15607057739781527
30,791.563,0.15647110667058545
30,795.937,0.15685008647926343
30,800.312,0.157209076262116
30,804.688,0.15754606847024286
30,809.063,0.15787209918958775
30,813.438,0.15821458884323003
30,817.813,0.1585601231279344
30,822.188,0.15884113505822633
30,826.5630000000001,0.1590444785505508
30,830.937,0.1592089484267246
30,835.313,0.15937541291078472
30,839.688,0.1595704744902671
30,844.063,0.1597944349841247
30,848.437,0.16003818487705768
30,852.812,0.16029417982456792
30,857.187,0.16054333823819433
30,861.563,0.16077143106592923
30,865.938,0.16098715917053066
30,870.313,0.16119370670355115
30,874.687,0.16138725857549688
30,879.063,0.16156828201941267
30,883.437,0.1617302456590972
30,887.813,0.16187150816506415
30,892.188,0.16200860718707044
30,896.562,0.1621538210449788
30,900.938,0.16228009845605412
30,905.312,0.1623589972026552
30,909.6880000000001,0.16240024856877858
30,914.062,0.16238272235219237
30,918.438,0.16228037480094157
30,922.813,0.1621232604879152
30,927.188,0.16193252142711484
30,931.563,0.16160316491286345
30,935.937,0.16078683926910753
30,940.312,0.15960919497982615
30,944.688,0.15832152855419618
30,949.063,0.15661461383983716
30,953.438,0.1546565768057325
30,957.812,0.15287581945796838
30,962.187,0.15162668248561198
30,966.562,0.15095221491058286
30,970.938,0.1506725866916568
30,975.313,0.1506453480125902
30,979.688,0.150835334686076
30,984.063,0.15122396769712546
30,988.438,0.15179385446038904
30,992.812,0.15252116075661942
30,997.188,0.15335205268377394
30,1001.5600000000001,0.15425033046279926
30,1005.94,0.15521919727764866
30,1010.3100000000001,0.1562430521280009
30,1014.69,0.15728588728505946
30,1019.0600000000001,0.15833053665245866
30,1023.4399999999999,0.15936109230789566
30,1027.81,0.16034548258608053
30,1032.19,0.16125911967450465
30,1036.56,0.16209659764308162
30,1040.94,0.1628551501197624
30,1045.31,0.16353564130218978
30,1049.69,0.16414550500012948
30,1054.06,0.16468291723543943
30,1058.44,0.16514595184825862
30,1062.81,0.1655383708833166
30,1067.19,0.16586169347223098
30,1071.5600000000002,0.166110190800415
30,1075.9399999999998,0.16627723322592447
30,1080.3100000000002,0.16636294528689757
30,1084.6899999999998,0.16636672873495287
30,1089.06,0.16629148307517083
30,1093.44,0.16614740477523254
30,1097.81,0.16593836967865022
30,1102.19,0.16566519984989223
30,1106.56,0.16534966024170436
30,1110.94,0.16503196216324822
30,1115.31,0.16468384812968365
30,1119.69,0.16405840136653374
30,1124.06,0.16245582938896874
30,1128.44,0.15952403205863025
30,1132.8100000000002,0.156044350932447
30,1137.1899999999998,0.1527122436452055
30,1141.56,0.1494884069505238
30,1145.94,0.14512979922863922
30,1150.31,0.1404452291995745
30,1154.69,0.13748904598610598
30,1159.06,0.13590355653991507
30,1163.44,0.13498833688119066
30,1167.81,0.1343976770724662
30,1172.19,0.13397336923538078
30,1176.56,0.13362696739780677
30,1180.94,0.13329920730194408
30,1185.3100000000002,0.1329783322997535
30,1189.6899999999998,0.13272070071905856
30,1194.06,0.13259900873836594
30,1198.44,0.1326618688629218
30,1202.81,0.13293022187291426
30,1207.19,0.13338731953818442
30,1211.56,0.13401869233754646
30,1215.94,0.13479748933765728
30,1220.31,0.13566133377649367
30,1224.69,0.13656029347141072
30,1229.06,0.13744315634134255
30,1233.44,0.13826591986077172
30,1237.8100000000002,0.13901787620755304
30,1242.1899999999998,0.13970691878236022
30,1246.56,0.1403373689838905
30,1250.94,0.14089625722594096
30,1255.31,0.14136483300516597
30,1259.69,0.1417347590168351
30,1264.06,0.14199087960824308
30,1268.44,0.1420853930691599
30,1272.81,0.14198559064368127
30,1277.19,0.14171094122027988
30,1281.56,0.14127143498764563
30,1285.94,0.1406657143061282
30,1290.3100000000002,0.13988085766867625
30,1294.6899999999998,0.13886948081090342
30,1299.0600000000002,0.13759153447184344
30,1303.4399999999998,0.1360300195233687
30,1307.81,0.1341599840982622
30,1312.19,0.13192940622387977
30,1316.56,0.12934252608568422
30,1320.94,0.12657923770902288
30,1325.31,0.12378208973663471
30,1329.69,0.12065150498686007
30,1334.06,0.11697371340948085
30,1338.44,0.1137921893397332
30,1342.81,0.11163784530631245
30,1347.19,0.11015412937179911
30,1500.31,0.03897985531015768
30,1504.69,0.04024277358658204
30,1509.0600000000002,0.041559797287973176
30,1513.4399999999998,0.04287832318963669
30,1517.8100000000002,0.04424451238294427
30,1522.1899999999998,0.04560310664184936
30,1526.56,0.04694160302450782
30,1530.94,0.04828912445820266
30,1535.31,0.04962442547260255
30,1539.69,0.050947606327473145
30,1544.06,0.052268804586204046
30,1548.44,0.05356606380520608
30,1552.81,0.05482773490741142
30,1557.19,0.056063201260042446
30,1561.56,0.05725023216623536
30,1565.94,0.058396871937487625
30,1570.3100000000002,0.059557607355403795
30,1574.6899999999998,0.06072594158582947
30,1579.06,0.06184817877557426
30,1583.44,0.06292904178582207
30,1587.81,0.06399878045891873
30,1592.19,0.06505657623605111
30,1596.56,0.06608158500956524
30,1600.94,0.06709039682309913
30,1605.31,0.06808153984847852
30,1609.69,0.06903565179790111
30,1614.06,0.06993654972358992
30,1618.44,0.07076577302058262
30,1622.8100000000002,0.07153962448090617
30,1627.1899999999998,0.07226198897030618
30,1631.56,0.07291923408300886
30,1635.94,0.07350820380700442
30,1640.31,0.07403054995042713
30,1644.69,0.07446246501244075
30,1649.06,0.07476570953833189
30,1653.44,0.0749293766386344
30,1657.81,0.07497188981031151
30,1662.19,0.07493121057252598
30,1666.56,0.074844992763138
30,1670.94,0.07472028846427178
30,1675.3100000000002,0.07451914190917809
30,1679.6899999999998,0.0741997395626496
30,1684.06,0.0737602121516913
30,1688.44,0.0732175150681001
30,1692.81,0.07257449717735014
30,1697.19,0.07183545475081321
30,1701.56,0.07102666163630804
30,1705.94,0.07018372875011486
30,1710.31,0.06934318530618759
30,1714.69,0.06857089627422402
30,1719.06,0.06789985414973702
30,1723.44,0.06730619416718263
30,1727.8100000000002,0.06679116870713914
30,1732.1899999999998,0.06633454722633374
30,1736.5600000000002,0.06584086191588412
30,1740.9399999999998,0.06524271819244813
30,1745.31,0.06452399945436542
30,1749.69,0.06372564598991055
30,1754.06,0.062933375797727
30,1758.44,0.06219310890133838
30,1762.81,0.06154348932813795
30,1767.19,0.0609867193406938
30,1771.56,0.060547133669040604
30,1775.94,0.0602033731534945
30,1780.31,0.059911428297573045
30,1784.69,0.05968271085489605
30,1789.0600000000002,0.059535960664706934
30,1999.06,0.018193279754369813
30,2003.4399999999998,0.0187378880974749
30,2007.8100000000002,0.01940458200861677
30,2012.1899999999998,0.019937852167254213
30,2016.5600000000002,0.02052611783965766
30,2020.94,0.021042787029068748
30,2025.3100000000002,0.021422543141650277
30,2029.69,0.021770434778472854
30,2034.0600000000002,0.022106853607423493
30,2038.44,0.022428857583088314
30,2042.8099999999997,0.022746313527014932
30,2047.19,0.02305175406762319
30,2051.56,0.023377288000423088
30,2055.94,0.023749073074011393
30,2060.31,0.024108082036676942
30,2064.69,0.02445794396718789
30,2069.06,0.024830267936993104
30,2073.44,0.025200257120676802
30,2077.81,0.025551252881610736
30,2082.19,0.025896606350704635
30,2086.56,0.026252711434740478
30,2090.9399999999996,0.02661341385277068
30,2095.31,0.02697359583075489
30,2099.69,0.02734438301831498
30,2104.06,0.02771726318145009
30,2108.44,0.028075527804547484
30,2112.81,0.028429421165628868
30,2117.19,0.02878678094194108
30,2121.56,0.029145251017721613
30,2125.94,0.029495389515213744
30,2130.31,0.029830825023904366
30,2134.69,0.030156427776852037
30,2139.0600000000004,0.030483025587055623
30,2143.44,0.030811123516913227
30,2147.8100000000004,0.03114855895788726
30,2152.19,0.03150787808313702
30,2156.56,0.03186543985109765
30,2160.94,0.032205565122871725
30,2165.31,0.03254406681646567
30,2169.69,0.03287194953673239
30,2174.06,0.033183350011054824
30,2178.44,0.03348826098666141
30,2182.81,0.033795861717594064
30,2187.19,0.03410092562897583
30,2191.56,0.034371174852056104
30,2195.9399999999996,0.0346105691252834
30,2200.31,0.03483528217602712
30,2204.6899999999996,0.035032068198309466
30,2209.06,0.035184731088444325
30,2213.44,0.035281891498837786
30,2217.81,0.03531482488518603
30,2222.19,0.0352686000768002
30,2226.56,0.0351197285980696
30,2230.94,0.034849430019705696
30,2235.31,0.0344528326492129
30,2239.69,0.03394048738761832
30,2244.06,0.03333069415950123
30,2248.44,0.03264847618326491
30,2252.8100000000004,0.031925086406601556
30,2257.19,0.031178111552102598
30,2261.56,0.030429795514935052
30,2265.94,0.029708846696628724
30,2270.31,0.029035712595035044
30,2274.69,0.028416365379977406
30,2279.06,0.02783728703584419
30,2283.44,0.027273291714474027
30,2287.81,0.026705653922317413
30,2292.19,0.02611817004898523
30,2296.56,0.025524897971528075
30,2300.94,0.024994659517697047
30,2305.31,0.024578601711288665
30,2309.6899999999996,0.024287419689349204
30,2314.06,0.02408858380045097
30,2318.44,0.02390914908813111
30,2322.81,0.023687373570779578
30,2327.19,0.02341460643715029
30,2331.56,0.023102771842459752
30,2335.94,0.022760284347867078
30,2340.31,0.02239715250546248
30,2344.69,0.022057276686529063
30,2349.06,0.021769553233318924
30,2353.44,0.021512010408049242
30,2357.8100000000004,0.021296073104640958
30,2362.19,0.021108573186096435
30,2366.5600000000004,0.02090479716946888
30,2370.94,0.0206567153641938
30,2375.31,0.020402971553975628
30,2379.69,0.020154402816765202
30,2384.06,0.01986682852435249
30,2388.44,0.019563157981298148
30,2392.81,0.019287385208952203
30,2397.19,0.019029580828473416
30,2401.56,0.01877588727614821
30,2405.94,0.018496656350913337
30,2410.31,0.018180180065673096
30,2414.6899999999996,0.017806796136476902
30,2419.06,0.01739551182497823
30,2423.4399999999996,0.017105270618728793
30,2427.81,0.016883891252140508
30,2432.19,0.016615296901457077
30,2436.56,0.016237342747180354
30,2440.94,0.015895690395348085
30,2445.31,0.015527244242104917
30,2449.69,0.01490143674565602
30,2454.06,0.014493130575842866
30,2458.44,0.014377302578401398
30,2462.81,0.014175606816894469
30,2467.19,0.01385111233670002
30,2471.5600000000004,0.013397978804278956
