species_richness,wavelength_nm,cv_spectrum_percent
3,402.188,60.78164281549565
3,406.56199999999995,60.95418718350394
3,410.93800000000005,61.09420586594651
3,415.313,61.052049424696605
3,419.68699999999995,60.746771475608355
3,424.06300000000005,60.19409725256983
3,428.438,59.46652348983551
3,432.813,58.7835189898425
3,437.18800000000005,58.35679326016804
3,441.563,58.176075320268474
3,445.938,58.14557464751743
3,450.31300000000005,58.17802176571121
3,454.688,58.24041467713516
3,459.063,58.33724118108308
3,463.438,58.46430259242332
3,467.813,58.59949916115611
3,472.187,58.71668434171312
3,476.562,58.79730478805201
3,480.938,58.830510639500375
3,485.313,58.798710119649975
3,489.688,58.67202058315888
3,494.063,58.412058943577335
3,498.438,57.9683350827462
3,502.812,57.31197983370685
3,507.188,56.487784110869136
3,511.563,55.571606019364815
3,515.937,54.64140189370001
3,520.313,53.816022311578514
3,524.687,53.16169916467093
3,529.062,52.659751750935044
3,533.438,52.29455472198037
3,537.813,52.0447393684737
3,542.188,51.878651325007276
3,546.563,51.77097537651082
3,550.938,51.715403492428855
3,555.312,51.72606225921522
3,559.688,51.82359828090248
3,564.063,52.0182411622903
3,568.438,52.30719373588112
3,572.813,52.6658613133806
3,577.187,53.039952196175165
3,581.562,53.387064474890764
3,585.938,53.702513545682294
3,590.313,53.98238309842998
3,594.688,54.19486756133458
3,599.063,54.35430878534008
3,603.438,54.540217653827774
3,607.812,54.81731931873155
3,612.188,55.19411421546061
3,616.563,55.62069168506088
3,620.937,56.01538346094036
3,625.312,56.32872597865981
3,629.687,56.583914063254724
3,634.063,56.8757757915753
3,638.437,57.327215845870995
3,642.813,58.00460600852348
3,647.188,58.86644856889318
3,651.563,59.79063327552709
3,655.938,60.748891694227694
3,660.313,61.82551995928981
3,664.687,62.97232842466053
3,669.063,63.950068264246276
3,673.438,64.47099145298537
3,677.813,64.31855891188953
3,682.187,63.20286364924551
3,686.562,60.69687947989952
3,690.937,57.148069989711935
3,695.312,53.962146613428494
3,699.688,51.771502143580925
3,704.063,50.35954586731417
3,708.438,49.42570096759087
3,712.813,48.76315650007097
3,717.187,48.26064538725787
3,721.563,47.93446134156344
3,725.938,47.80969190474581
3,730.313,47.838073211792036
3,734.687,47.9479370425414
3,739.063,48.08024302917041
3,743.437,48.19937347805387
3,747.812,48.287550152127714
3,752.188,48.34837997722235
3,756.563,48.39997502878382
3,760.938,48.457914126872026
3,765.313,48.5014302099877
3,769.688,48.51316473428003
3,774.063,48.513099678751836
3,778.438,48.50585045388164
3,782.813,48.490961885478576
3,787.188,48.47193750240036
3,791.563,48.44997475099136
3,795.937,48.42688768291522
3,800.312,48.40529514320018
3,804.688,48.38581614633164
3,809.063,48.372000721339596
3,813.438,48.36294257031773
3,817.813,48.34804244469364
3,822.188,48.32278816349856
3,826.5630000000001,48.294120912697274
3,830.937,48.26404727619783
3,835.313,48.231301389672474
3,839.688,48.19802122398972
3,844.063,48.16658620530051
3,848.437,48.138068871713045
3,852.812,48.1115394014948
3,857.187,48.08652382007675
3,861.563,48.063921237777016
3,865.938,48.042872802042545
3,870.313,48.02315748591812
3,874.687,48.006162941295194
3,879.063,47.992369588688746
3,883.437,47.98191155929151
3,887.813,47.97661684522561
3,892.188,47.979149272918995
3,896.562,47.98686022718504
3,900.938,47.990734341698335
3,905.312,47.989072219747925
3,909.6880000000001,47.98620305199785
3,914.062,47.97919472214359
3,918.438,47.967890200478706
3,922.813,47.96050968550845
3,927.188,47.96160819058715
3,931.563,47.96797420228373
3,935.937,47.96506385118772
3,940.312,47.934699048555686
3,944.688,47.87521682021459
3,949.063,47.78149374208664
3,953.438,47.66983043444625
3,957.812,47.56858216063011
3,962.187,47.494569664653966
3,966.562,47.44842848563973
3,970.938,47.42330226384344
3,975.313,47.41053368649518
3,979.688,47.40275846303178
3,984.063,47.39464019755022
3,988.438,47.38176755944744
3,992.812,47.368573472526016
3,997.188,47.36844060872142
3,1001.5600000000001,47.38474679587956
3,1005.94,47.409716535826895
3,1010.3100000000001,47.436800100578246
3,1014.69,47.46361045537529
3,1019.0600000000001,47.490607810712454
3,1023.4399999999999,47.517627075525034
3,1027.81,47.54181277151312
3,1032.19,47.5606806547015
3,1036.56,47.57438660888821
3,1040.94,47.58366364638646
3,1045.31,47.588468316405056
3,1049.69,47.589411027681095
3,1054.06,47.58748050302877
3,1058.44,47.58372503232716
3,1062.81,47.579153428865695
3,1067.19,47.57404459421124
3,1071.5600000000002,47.56803446533922
3,1075.9399999999998,47.561715336340065
3,1080.3100000000002,47.556896032379804
3,1084.6899999999998,47.55419453674833
3,1089.06,47.5524955828443
3,1093.44,47.551851717892916
3,1097.81,47.55244880149617
3,1102.19,47.55251736055888
3,1106.56,47.55086294656777
3,1110.94,47.54964802146836
3,1115.31,47.55106395337533
3,1119.69,47.550080629258154
3,1124.06,47.51965265992171
3,1128.44,47.42764060868257
3,1132.8100000000002,47.290315910231875
3,1137.1899999999998,47.145731785267834
3,1141.56,46.99892236413038
3,1145.94,46.81037786954164
3,1150.31,46.63972101360726
3,1154.69,46.55779982154134
3,1159.06,46.52714624514473
3,1163.44,46.51542145807545
3,1167.81,46.5080680407658
3,1172.19,46.500423823516414
3,1176.56,46.49513037184514
3,1180.94,46.49324330058307
3,1185.3100000000002,46.491309590342155
3,1189.6899999999998,46.48742817587109
3,1194.06,46.484133587996006
3,1198.44,46.48387646066413
3,1202.81,46.484196995828036
3,1207.19,46.48267943516806
3,1211.56,46.47944565624182
3,1215.94,46.47399156315322
3,1220.31,46.466874582838635
3,1224.69,46.4585517680059
3,1229.06,46.45041995574682
3,1233.44,46.44512599247017
3,1237.8100000000002,46.44307030562224
3,1242.1899999999998,46.444679024526394
3,1246.56,46.45076655568903
3,1250.94,46.45961298077518
3,1255.31,46.469275355478516
3,1259.69,46.48082743485828
3,1264.06,46.49316317792501
3,1268.44,46.49744682971158
3,1272.81,46.488350002753265
3,1277.19,46.472007442317405
3,1281.56,46.454472437530434
3,1285.94,46.43873429539869
3,1290.3100000000002,46.425157239154935
3,1294.6899999999998,46.41070354616888
3,1299.0600000000002,46.39414717144621
3,1303.4399999999998,46.377217064804775
3,1307.81,46.363744668827955
3,1312.19,46.35788520523454
3,1316.56,46.362391258203694
3,1320.94,46.38143761357137
3,1325.31,46.417941262549945
3,1329.69,46.47856857412433
3,1334.06,46.57317932088485
3,1338.44,46.67408318736474
3,1342.81,46.75141560143493
3,1347.19,46.80858412410521
3,1500.31,71.89387838400177
3,1504.69,70.46034046389825
3,1509.0600000000002,69.07431190980668
3,1513.4399999999998,67.78934428171762
3,1517.8100000000002,66.54722927088507
3,1522.1899999999998,65.38857876241143
3,1526.56,64.31674973471955
3,1530.94,63.30069342590969
3,1535.31,62.35022847133528
3,1539.69,61.46423290930962
3,1544.06,60.636032932261976
3,1548.44,59.87333092279298
3,1552.81,59.175238327557025
3,1557.19,58.53152595122846
3,1561.56,57.949600916780916
3,1565.94,57.42255790553561
3,1570.3100000000002,56.922665222239324
3,1574.6899999999998,56.44422619017722
3,1579.06,56.002818230729766
3,1583.44,55.59781027760457
3,1587.81,55.21957435242102
3,1592.19,54.86801560367086
3,1596.56,54.5502617183722
3,1600.94,54.25879711655407
3,1605.31,53.986094492514646
3,1609.69,53.729546924056905
3,1614.06,53.491653989419284
3,1618.44,53.28149487856506
3,1622.8100000000002,53.09674022389823
3,1627.1899999999998,52.93368792403631
3,1631.56,52.79365734650809
3,1635.94,52.676728049396296
3,1640.31,52.58266251828846
3,1644.69,52.51404325547774
3,1649.06,52.47181286789171
3,1653.44,52.452560842651685
3,1657.81,52.449794476444936
3,1662.19,52.45632384926891
3,1666.56,52.47103202197294
3,1670.94,52.50250702169065
3,1675.3100000000002,52.56488496866641
3,1679.6899999999998,52.66815217213201
3,1684.06,52.81143302904082
3,1688.44,52.989422002452024
3,1692.81,53.19991643130818
3,1697.19,53.43799390908347
3,1701.56,53.69376589773444
3,1705.94,53.95706574049102
3,1710.31,54.218552324872014
3,1714.69,54.461331733644826
3,1719.06,54.67678284679569
3,1723.44,54.869724262921046
3,1727.8100000000002,55.03752513384962
3,1732.1899999999998,55.192756952864094
3,1736.5600000000002,55.38085139633909
3,1740.9399999999998,55.63419333520613
3,1745.31,55.954002317352604
3,1749.69,56.31791224183749
3,1754.06,56.68848645304531
3,1758.44,57.04896508259205
3,1762.81,57.382893584099605
3,1767.19,57.68559409322819
3,1771.56,57.94330665387193
3,1775.94,58.16119338802276
3,1780.31,58.348636512038276
3,1784.69,58.492916596179676
3,1789.0600000000002,58.585912187331665
3,1999.06,132.4928730355499
3,2003.4399999999998,129.50960050847098
3,2007.8100000000002,126.81893203835229
3,2012.1899999999998,125.47382158082246
3,2016.5600000000002,124.03993266434436
3,2020.94,122.41087815833598
3,2025.3100000000002,121.03112746457236
3,2029.69,119.69512421670603
3,2034.0600000000002,118.3005713019724
3,2038.44,116.826275872869
3,2042.8099999999997,115.27507260018719
3,2047.19,113.811661224347
3,2051.56,112.39038345158757
3,2055.94,110.89811709549393
3,2060.31,109.51510146821938
3,2064.69,108.16489446712407
3,2069.06,106.68798154493433
3,2073.44,105.23116824842178
3,2077.81,103.94513128931551
3,2082.19,102.80838416737919
3,2086.56,101.7259834293732
3,2090.9399999999996,100.63437784978886
3,2095.31,99.51670928916788
3,2099.69,98.4035427521092
3,2104.06,97.36773342452994
3,2108.44,96.44161724405163
3,2112.81,95.57883388719172
3,2117.19,94.76176954390804
3,2121.56,93.98966874308772
3,2125.94,93.21100446931226
3,2130.31,92.38781489900609
3,2134.69,91.56149562664248
3,2139.0600000000004,90.74546189330653
3,2143.44,89.92404891167163
3,2147.8100000000004,89.08675366517991
3,2152.19,88.22744499093109
3,2156.56,87.39748765982381
3,2160.94,86.62673477797246
3,2165.31,85.877053241936
3,2169.69,85.16773090941724
3,2174.06,84.50702479533592
3,2178.44,83.86804230155559
3,2182.81,83.23450350978818
3,2187.19,82.59256142120864
3,2191.56,81.98720054445349
3,2195.9399999999996,81.43915136622624
3,2200.31,80.97921581649086
3,2204.6899999999996,80.67580712821932
3,2209.06,80.5084716501633
3,2213.44,80.4330874278676
3,2217.81,80.4886899293647
3,2222.19,80.71752915081383
3,2226.56,81.04790127779624
3,2230.94,81.37425393511523
3,2235.31,81.72104185643786
3,2239.69,82.20294534363656
3,2244.06,82.87697832881219
3,2248.44,83.70770295234358
3,2252.8100000000004,84.62160078279622
3,2257.19,85.56537845968448
3,2261.56,86.50059647117163
3,2265.94,87.42444441526659
3,2270.31,88.33692544958724
3,2274.69,89.20486544171743
3,2279.06,90.04913251312287
3,2283.44,90.97863670139947
3,2287.81,92.07504130146312
3,2292.19,93.32028696909191
3,2296.56,94.59489232914731
3,2300.94,95.69486802504254
3,2305.31,96.52315222621955
3,2309.6899999999996,97.0790753142292
3,2314.06,97.42001439103444
3,2318.44,97.73470750832487
3,2322.81,98.24334694089745
3,2327.19,98.94516409944096
3,2331.56,99.76531143085407
3,2335.94,100.79564269878563
3,2340.31,102.19450846826517
3,2344.69,103.85402017430702
3,2349.06,105.63860563146599
3,2353.44,107.63899593884038
3,2357.8100000000004,109.5608018368932
3,2362.19,111.23658867529811
3,2366.5600000000004,112.90185451732557
3,2370.94,114.77593722781691
3,2375.31,116.61035832755502
3,2379.69,118.19074369130888
3,2384.06,119.62966329328488
3,2388.44,120.87789192166466
3,2392.81,121.926155444654
3,2397.19,122.92751449686801
3,2401.56,123.85473733763777
3,2405.94,124.778982656898
3,2410.31,125.95857635004073
3,2414.6899999999996,127.39539820090668
3,2419.06,128.63250041962212
3,2423.4399999999996,129.2994284528746
3,2427.81,129.87989756333548
3,2432.19,130.6371798346102
3,2436.56,131.65613813292302
3,2440.94,132.87227939850587
3,2445.31,134.94516929123736
3,2449.69,137.96685323078066
3,2454.06,137.76106250657995
3,2458.44,136.84778005624338
3,2462.81,137.69234555706146
3,2467.19,139.84963732641762
3,2471.5600000000004,143.48047277029582
5,402.188,65.4839602061326
5,406.56199999999995,65.66617202410659
5,410.93800000000005,65.80536053025115
5,415.313,65.75968428376264
5,419.68699999999995,65.47132830963592
5,424.06300000000005,64.98208300632
5,428.438,64.37340256123093
5,432.813,63.824964149031196
5,437.18800000000005,63.503930323873014
5,441.563,63.40245211569441
5,445.938,63.43402931009793
5,450.31300000000005,63.513239941473174
5,454.688,63.61130344402475
5,459.063,63.738262497477
5,463.438,63.893385855146036
5,467.813,64.05453954080484
5,472.187,64.19295775841147
5,476.562,64.28940873959213
5,480.938,64.33300061525294
5,485.313,64.30102143928876
5,489.688,64.15412210785098
5,494.063,63.84153205257429
5,498.438,63.295798928421476
5,502.812,62.47504657545295
5,507.188,61.42859181973712
5,511.563,60.24429593988783
5,515.937,59.01546250073852
5,520.313,57.895905658403066
5,524.687,56.97441797329128
5,529.062,56.22767200322334
5,533.438,55.6389663065657
5,537.813,55.18777103308569
5,542.188,54.84393495478847
5,546.563,54.586908804973646
5,550.938,54.41294414889063
5,555.312,54.335677222777434
5,559.688,54.375214805521445
5,564.063,54.54112091707314
5,568.438,54.82782412552746
5,572.813,55.20604371516333
5,577.187,55.61408310193939
5,581.562,56.00250827070204
5,585.938,56.363958619328415
5,590.313,56.690272426863245
5,594.688,56.940272304237396
5,599.063,57.130554729028184
5,603.438,57.35820263804404
5,607.812,57.703518251716964
5,612.188,58.178118990729445
5,616.563,58.71942192012091
5,620.937,59.22217686484412
5,625.312,59.62115315134542
5,629.687,59.94673107493922
5,634.063,60.32509437794926
5,638.437,60.9196268995982
5,642.813,61.81846326366974
5,647.188,62.966048419849685
5,651.563,64.20330760898393
5,655.938,65.50120587982575
5,660.313,66.97843051013395
5,664.687,68.56650618397896
5,669.063,69.93078846297604
5,673.438,70.66950243451875
5,677.813,70.47890477592586
5,682.187,68.95095394918863
5,686.562,65.52849639046056
5,690.937,60.79046606892251
5,695.312,56.65302303089125
5,699.688,53.875192505536894
5,704.063,52.13329887264228
5,708.438,51.03317733158638
5,712.813,50.3093960640575
5,717.187,49.82137260381583
5,721.563,49.5699265227065
5,725.938,49.55702594420243
5,730.313,49.708150672538935
5,734.687,49.92856194925662
5,739.063,50.14962143993847
5,743.437,50.33281605054479
5,747.812,50.46045451027076
5,752.188,50.54043612298395
5,756.563,50.59734091050725
5,760.938,50.65096883103293
5,765.313,50.68278328642467
5,769.688,50.68235123541528
5,774.063,50.671723271510025
5,778.438,50.65470522991845
5,782.813,50.630995063033644
5,787.188,50.6039951126507
5,791.563,50.57422882027222
5,795.937,50.54317758966226
5,800.312,50.51357009426199
5,804.688,50.486297430075766
5,809.063,50.46530833139696
5,813.438,50.449298649258125
5,817.813,50.42685610703862
5,822.188,50.39390204343924
5,826.5630000000001,50.35797060113831
5,830.937,50.320960445667595
5,835.313,50.28174823066478
5,839.688,50.242691560039844
5,844.063,50.206118455707724
5,848.437,50.173023503127176
5,852.812,50.14216046770509
5,857.187,50.11263539473823
5,861.563,50.08524576339241
5,865.938,50.05928214807589
5,870.313,50.03477551159142
5,874.687,50.01286750726367
5,879.063,49.993488659851685
5,883.437,49.97685004666094
5,887.813,49.96539585230956
5,892.188,49.96204707504937
5,896.562,49.963292514249865
5,900.938,49.95944606017954
5,905.312,49.950193311709874
5,909.6880000000001,49.94022924132157
5,914.062,49.92578194978072
5,918.438,49.90720874004965
5,922.813,49.893761294889636
5,927.188,49.88974859388226
5,931.563,49.88985034339273
5,935.937,49.87524762983485
5,940.312,49.832308843953165
5,944.688,49.765034601730896
5,949.063,49.665176713892414
5,953.438,49.546102406007286
5,957.812,49.43433549334752
5,962.187,49.348810564804005
5,966.562,49.29359392464755
5,970.938,49.262830065090995
5,975.313,49.246859743620334
5,979.688,49.23785264274517
5,984.063,49.23058515966628
5,988.438,49.22045379876321
5,992.812,49.210927017223206
5,997.188,49.213644236407546
5,1001.5600000000001,49.231105515269775
5,1005.94,49.25604787410157
5,1010.3100000000001,49.28255653014078
5,1014.69,49.308268352316716
5,1019.0600000000001,49.3331052399956
5,1023.4399999999999,49.35671966877644
5,1027.81,49.37708519001328
5,1032.19,49.39273308962808
5,1036.56,49.40426570994328
5,1040.94,49.41247192747375
5,1045.31,49.41707877204225
5,1049.69,49.418163991289745
5,1054.06,49.41625956596439
5,1058.44,49.41214232301559
5,1062.81,49.40667800013177
5,1067.19,49.40017679300674
5,1071.5600000000002,49.392363180559414
5,1075.9399999999998,49.383877680235656
5,1080.3100000000002,49.37654162072405
5,1084.6899999999998,49.37097329228074
5,1089.06,49.36611510087855
5,1093.44,49.36212961838619
5,1097.81,49.359235936994914
5,1102.19,49.355644428856486
5,1106.56,49.35032341041347
5,1110.94,49.345734800245424
5,1115.31,49.34384362011765
5,1119.69,49.33872216042159
5,1124.06,49.30189047195742
5,1128.44,49.20014581500036
5,1132.8100000000002,49.04927210392687
5,1137.1899999999998,48.88992694565924
5,1141.56,48.729166225852524
5,1145.94,48.52487408554036
5,1150.31,48.34107410700743
5,1154.69,48.25214622370106
5,1159.06,48.217247777302305
5,1163.44,48.20249442020678
5,1167.81,48.19313408661757
5,1172.19,48.18441340992673
5,1176.56,48.1783741603381
5,1180.94,48.175772957165826
5,1185.3100000000002,48.17344257967056
5,1189.6899999999998,48.16974759920539
5,1194.06,48.16726411454239
5,1198.44,48.168334530869146
5,1202.81,48.17067571136297
5,1207.19,48.17223964398744
5,1211.56,48.17316451677278
5,1215.94,48.172666274336684
5,1220.31,48.17136032048396
5,1224.69,48.16985431491519
5,1229.06,48.168562447106964
5,1233.44,48.169095153130485
5,1237.8100000000002,48.171984069305296
5,1242.1899999999998,48.177828566253524
5,1246.56,48.18727803017222
5,1250.94,48.19892056918386
5,1255.31,48.211311433372785
5,1259.69,48.22544152462012
5,1264.06,48.23987050917115
5,1268.44,48.24587906716983
5,1272.81,48.23849845415141
5,1277.19,48.22400008742063
5,1281.56,48.20838811086672
5,1285.94,48.19434360266515
5,1290.3100000000002,48.18218311129461
5,1294.6899999999998,48.169484630771905
5,1299.0600000000002,48.15551571915066
5,1303.4399999999998,48.14248151378503
5,1307.81,48.13504212726294
5,1312.19,48.138368589629906
5,1316.56,48.15628991514125
5,1320.94,48.19305429256661
5,1325.31,48.251250777615965
5,1329.69,48.34085726403092
5,1334.06,48.4747067485714
5,1338.44,48.61268051026788
5,1342.81,48.71588036462914
5,1347.19,48.79105233404963
5,1500.31,76.47314677393315
5,1504.69,74.93982036495515
5,1509.0600000000002,73.45382811637012
5,1513.4399999999998,72.07164692149426
5,1517.8100000000002,70.7321843017777
5,1522.1899999999998,69.48048367519782
5,1526.56,68.3202316298026
5,1530.94,67.21801065712498
5,1535.31,66.1845543106581
5,1539.69,65.21859954140908
5,1544.06,64.31322419471114
5,1548.44,63.4776023430477
5,1552.81,62.71134207909169
5,1557.19,62.0034116683634
5,1561.56,61.362098605197524
5,1565.94,60.77991218718072
5,1570.3100000000002,60.22660195356556
5,1574.6899999999998,59.69684507245879
5,1579.06,59.208420296138044
5,1583.44,58.7603297328908
5,1587.81,58.34163269061581
5,1592.19,57.95210570029939
5,1596.56,57.59955557125285
5,1600.94,57.275852017682524
5,1605.31,56.97317359413773
5,1609.69,56.68878910723393
5,1614.06,56.42485577970627
5,1618.44,56.19053517199758
5,1622.8100000000002,55.982960659420264
5,1627.1899999999998,55.79838032443447
5,1631.56,55.63844041311602
5,1635.94,55.502740432678856
5,1640.31,55.38987617324032
5,1644.69,55.30231169108908
5,1649.06,55.242384304899915
5,1653.44,55.20799291212127
5,1657.81,55.193414282542584
5,1662.19,55.19100320128815
5,1666.56,55.19779542161761
5,1670.94,55.22073965449176
5,1675.3100000000002,55.273723553200895
5,1679.6899999999998,55.36718371056606
5,1684.06,55.5007352374402
5,1688.44,55.66932045984054
5,1692.81,55.87089345288866
5,1697.19,56.1013986198479
5,1701.56,56.35201665153732
5,1705.94,56.61342274706998
5,1710.31,56.87706315163778
5,1714.69,57.126490969784996
5,1719.06,57.35372504501335
5,1723.44,57.56564709539631
5,1727.8100000000002,57.760613684099646
5,1732.1899999999998,57.94992176049727
5,1736.5600000000002,58.176978551086535
5,1740.9399999999998,58.469190281407926
5,1745.31,58.825115968885356
5,1749.69,59.223919807293356
5,1754.06,59.63006066406833
5,1758.44,60.02877707941373
5,1762.81,60.40357169864986
5,1767.19,60.749135341601104
5,1771.56,61.04636578021374
5,1775.94,61.298192790287295
5,1780.31,61.51515968143213
5,1784.69,61.68229057507495
5,1789.0600000000002,61.79027780813644
5,1999.06,138.93767433109744
5,2003.4399999999998,135.70299948933084
5,2007.8100000000002,132.743074991163
5,2012.1899999999998,131.23110862554213
5,2016.5600000000002,129.66346854866907
5,2020.94,127.92682653683856
5,2025.3100000000002,126.45886053629437
5,2029.69,125.03275835269115
5,2034.0600000000002,123.54694017179324
5,2038.44,121.98482080397197
5,2042.8099999999997,120.34820766321235
5,2047.19,118.79953137695239
5,2051.56,117.2802261399672
5,2055.94,115.67700234100022
5,2060.31,114.1945722413295
5,2064.69,112.75479682355301
5,2069.06,111.18855104509484
5,2073.44,109.64424755394629
5,2077.81,108.27462300005169
5,2082.19,107.05692980767891
5,2086.56,105.89267836002536
5,2090.9399999999996,104.71897031401183
5,2095.31,103.52006443033603
5,2099.69,102.32461204462642
5,2104.06,101.20785983677816
5,2108.44,100.20445684559158
5,2112.81,99.26303373084002
5,2117.19,98.36419326442893
5,2121.56,97.51138757227886
5,2125.94,96.65951239112182
5,2130.31,95.77477411026467
5,2134.69,94.89938612820133
5,2139.0600000000004,94.04582661707433
5,2143.44,93.1977004449188
5,2147.8100000000004,92.34204861443982
5,2152.19,91.46989259417118
5,2156.56,90.63096291434286
5,2160.94,89.85345031807547
5,2165.31,89.09848396448118
5,2169.69,88.38536206607084
5,2174.06,87.72239794399495
5,2178.44,87.08311419934117
5,2182.81,86.45175925283081
5,2187.19,85.8149964748123
5,2191.56,85.21726211871339
5,2195.9399999999996,84.67889916844429
5,2200.31,84.2305689175726
5,2204.6899999999996,83.9383161822766
5,2209.06,83.7795052565654
5,2213.44,83.70984554746
5,2217.81,83.76758624275091
5,2222.19,83.99384075156422
5,2226.56,84.31588266055914
5,2230.94,84.6254971806586
5,2235.31,84.94529595921598
5,2239.69,85.39095524626302
5,2244.06,86.01964309959808
5,2248.44,86.79433643282329
5,2252.8100000000004,87.64289570449445
5,2257.19,88.51644589289899
5,2261.56,89.38400224203578
5,2265.94,90.25107747706993
5,2270.31,91.12062830498606
5,2274.69,91.95429793463643
5,2279.06,92.76094746197083
5,2283.44,93.63631767531864
5,2287.81,94.6553353681671
5,2292.19,95.80518319250997
5,2296.56,96.99307247695357
5,2300.94,98.05914604684541
5,2305.31,98.93155996596026
5,2309.6899999999996,99.59720077315627
5,2314.06,100.08339460322672
5,2318.44,100.556208927234
5,2322.81,101.20261411244826
5,2327.19,101.99118956019288
5,2331.56,102.85430940650897
5,2335.94,103.9052805294536
5,2340.31,105.32254586662933
5,2344.69,107.01730826531579
5,2349.06,108.86865941488647
5,2353.44,110.97005867539731
5,2357.8100000000004,112.99819584940336
5,2362.19,114.76552386694007
5,2366.5600000000004,116.52006131587787
5,2370.94,118.49866768385522
5,2375.31,120.44226732177007
5,2379.69,122.12894949532975
5,2384.06,123.68203954985468
5,2388.44,125.04271365778632
5,2392.81,126.19181570515316
5,2397.19,127.28960216548228
5,2401.56,128.31854058086228
5,2405.94,129.3720034162198
5,2410.31,130.72441472335586
5,2414.6899999999996,132.38182612426678
5,2419.06,133.84708644265763
5,2423.4399999999996,134.6725432598484
5,2427.81,135.38840292669093
5,2432.19,136.31609268789674
5,2436.56,137.57960852098572
5,2440.94,139.03900425774742
5,2445.31,141.4319393787308
5,2449.69,145.09977671435516
5,2454.06,145.32291466768933
5,2458.44,144.49916116756503
5,2462.81,145.59938641172764
5,2467.19,148.28025260526607
5,2471.5600000000004,152.73392211729978
7,402.188,67.38612989248224
7,406.56199999999995,67.60323436855683
7,410.93800000000005,67.72825417568525
7,415.313,67.58252146569112
7,419.68699999999995,67.0939150262648
7,424.06300000000005,66.28836687286903
7,428.438,65.21208377830554
7,432.813,64.06720146822768
7,437.18800000000005,63.12975409362033
7,441.563,62.46315064277792
7,445.938,62.02189858058054
7,450.31300000000005,61.743444140295146
7,454.688,61.58322378947455
7,459.063,61.52904228159697
7,463.438,61.56995964336297
7,467.813,61.673946499699426
7,472.187,61.80318675016137
7,476.562,61.9296404329124
7,480.938,62.022327623296704
7,485.313,62.02790104703998
7,489.688,61.88122407280846
7,494.063,61.519160491907286
7,498.438,60.86636803961481
7,502.812,59.87579632150221
7,507.188,58.605789457050065
7,511.563,57.16457861096601
7,515.937,55.68396198574608
7,520.313,54.381502258788984
7,524.687,53.36995330859078
7,529.062,52.597103031850146
7,533.438,52.01049744781695
7,537.813,51.563816562455244
7,542.188,51.21576766660636
7,546.563,50.94515717628255
7,550.938,50.75042508022838
7,555.312,50.64548681096822
7,559.688,50.65312509151681
7,564.063,50.795101777093464
7,568.438,51.08269460324399
7,572.813,51.50042079554241
7,577.187,51.98997058597485
7,581.562,52.49163712635173
7,585.938,52.98555697155085
7,590.313,53.45566465014362
7,594.688,53.848605079117505
7,599.063,54.18352479538891
7,603.438,54.58888956550352
7,607.812,55.17872289520008
7,612.188,55.97529141993777
7,616.563,56.88733709572424
7,620.937,57.74931571229629
7,625.312,58.454076866640435
7,629.687,59.044428812209404
7,634.063,59.714210864942466
7,638.437,60.72009910578073
7,642.813,62.20655728665273
7,647.188,64.09278986618776
7,651.563,66.13804278601724
7,655.938,68.30028058449753
7,660.313,70.74749839041061
7,664.687,73.35568965577963
7,669.063,75.61542869951322
7,673.438,76.93556714173741
7,677.813,76.87364699810406
7,682.187,74.80356347232731
7,686.562,69.75121495813345
7,690.937,62.24563744962658
7,695.312,55.324624507322895
7,699.688,50.80446426986721
7,704.063,48.38761751042009
7,708.438,47.23027578469873
7,712.813,46.70051112868935
7,717.187,46.50704242059771
7,721.563,46.57614882831101
7,725.938,46.83056808849081
7,730.313,47.1671076944682
7,734.687,47.499060233559725
7,739.063,47.78245937316809
7,743.437,48.0009769624825
7,747.812,48.14815284597485
7,752.188,48.23545326393194
7,756.563,48.286204420616016
7,760.938,48.310396084941466
7,765.313,48.291800358955896
7,769.688,48.24880741320111
7,774.063,48.203830046669374
7,778.438,48.15295860634968
7,782.813,48.09582978253158
7,787.188,48.035812332679804
7,791.563,47.97200118533592
7,795.937,47.90608625507088
7,800.312,47.84172260777535
7,804.688,47.78054813432192
7,809.063,47.72711186294177
7,813.438,47.67710290275092
7,817.813,47.615777870077835
7,822.188,47.5430487889025
7,826.5630000000001,47.469480601262006
7,830.937,47.39528503642057
7,835.313,47.31968690899039
7,839.688,47.24651650967081
7,844.063,47.177573394371215
7,848.437,47.1124716799358
7,852.812,47.04857703389027
7,857.187,46.98557121230238
7,861.563,46.92564354788185
7,865.938,46.86696089270777
7,870.313,46.80938374646934
7,874.687,46.75499567289325
7,879.063,46.70281542697891
7,883.437,46.65299517814405
7,887.813,46.60991705812529
7,892.188,46.577243914672536
7,896.562,46.54737215474787
7,900.938,46.50782669471105
7,905.312,46.46427454096266
7,909.6880000000001,46.421132679350194
7,914.062,46.36978580222627
7,918.438,46.31441329853857
7,922.813,46.27122115131356
7,927.188,46.245214762967386
7,931.563,46.223466275904876
7,935.937,46.16629190947552
7,940.312,46.067398317173854
7,944.688,45.95076688801134
7,949.063,45.79526151999911
7,953.438,45.617543281980154
7,957.812,45.451209272920075
7,962.187,45.31861388346019
7,966.562,45.22720493379091
7,970.938,45.17132234845735
7,975.313,45.13508238731862
7,979.688,45.10454040532213
7,984.063,45.06751961201912
7,988.438,45.00986248892504
7,992.812,44.94478580109967
7,997.188,44.90871933594413
7,1001.5600000000001,44.90793957386823
7,1005.94,44.923669889648984
7,1010.3100000000001,44.943568634397444
7,1014.69,44.96405784772063
7,1019.0600000000001,44.9847275101889
7,1023.4399999999999,45.00435840993889
7,1027.81,45.02020882287648
7,1032.19,45.03082190832871
7,1036.56,45.036708151031426
7,1040.94,45.03845527328728
7,1045.31,45.036013263312576
7,1049.69,45.02966050409701
7,1054.06,45.019873470610264
7,1058.44,45.0071877681204
7,1062.81,44.99188631385795
7,1067.19,44.973638873048735
7,1071.5600000000002,44.95217377186172
7,1075.9399999999998,44.928936286573474
7,1080.3100000000002,44.9065779147764
7,1084.6899999999998,44.88614094862702
7,1089.06,44.866914514173715
7,1093.44,44.84967688635809
7,1097.81,44.83473092266533
7,1102.19,44.81948915479131
7,1106.56,44.80268589638799
7,1110.94,44.787304781016644
7,1115.31,44.773166943037964
7,1119.69,44.746626454376695
7,1124.06,44.66990205552998
7,1128.44,44.52752731198405
7,1132.8100000000002,44.36506723765519
7,1137.1899999999998,44.220731470370005
7,1141.56,44.09291729918855
7,1145.94,43.94700391494642
7,1150.31,43.83535303007366
7,1154.69,43.79301764847256
7,1159.06,43.78090918049027
7,1163.44,43.778812164458905
7,1167.81,43.779341991380164
7,1172.19,43.781349784573784
7,1176.56,43.78830857701892
7,1180.94,43.80130789564031
7,1185.3100000000002,43.81586334568197
7,1189.6899999999998,43.82713549412615
7,1194.06,43.83586866988906
7,1198.44,43.84423582601821
7,1202.81,43.849465362258805
7,1207.19,43.8495044602095
7,1211.56,43.84480273063644
7,1215.94,43.83525254004061
7,1220.31,43.824539698213506
7,1224.69,43.81559816070874
7,1229.06,43.80773230671258
7,1233.44,43.801359327248946
7,1237.8100000000002,43.79773714458652
7,1242.1899999999998,43.79788742736071
7,1246.56,43.80220973245209
7,1250.94,43.81016429367538
7,1255.31,43.82174160051871
7,1259.69,43.83841968358442
7,1264.06,43.85849255939072
7,1268.44,43.87323931074625
7,1272.81,43.878127453433244
7,1277.19,43.88067345403641
7,1281.56,43.88881300507029
7,1285.94,43.90573903517404
7,1290.3100000000002,43.93197710168599
7,1294.6899999999998,43.967333794615875
7,1299.0600000000002,44.01299781730277
7,1303.4399999999998,44.072817505955676
7,1307.81,44.154335739063114
7,1312.19,44.26613230710857
7,1316.56,44.41404404243167
7,1320.94,44.598294582878495
7,1325.31,44.818270496514764
7,1329.69,45.10452307830625
7,1334.06,45.48674059236771
7,1338.44,45.85007431043971
7,1342.81,46.10685138570574
7,1347.19,46.28565284963296
7,1500.31,93.7943873359952
7,1504.69,91.65319143694545
7,1509.0600000000002,89.54194871158924
7,1513.4399999999998,87.54521819094406
7,1517.8100000000002,85.58045298470752
7,1522.1899999999998,83.71773427846118
7,1526.56,81.96795362986511
7,1530.94,80.28550863126215
7,1535.31,78.68960223922109
7,1539.69,77.17978451720974
7,1544.06,75.74630219599966
7,1548.44,74.40616895255273
7,1552.81,73.16201129424144
7,1557.19,71.99891377630316
7,1561.56,70.93450188779859
7,1565.94,69.95992908434971
7,1570.3100000000002,69.02592586787087
7,1574.6899999999998,68.12406118169714
7,1579.06,67.28488732150306
7,1583.44,66.50723680545283
7,1587.81,65.77288507864397
7,1592.19,65.08238590500928
7,1596.56,64.45069472946813
7,1600.94,63.865598131492455
7,1605.31,63.31564767264034
7,1609.69,62.797071552698846
7,1614.06,62.31382597456891
7,1618.44,61.882535036656236
7,1622.8100000000002,61.49873986710125
7,1627.1899999999998,61.15605500684791
7,1631.56,60.857730836441235
7,1635.94,60.60419042802907
7,1640.31,60.39269178207722
7,1644.69,60.22767108532015
7,1649.06,60.116060817359966
7,1653.44,60.05567605038852
7,1657.81,60.03510013827296
7,1662.19,60.038150486391274
7,1666.56,60.055870617420716
7,1670.94,60.097557928250936
7,1675.3100000000002,60.18788351438714
7,1679.6899999999998,60.34819084939881
7,1684.06,60.581325120869046
7,1688.44,60.88007713651924
7,1692.81,61.24116710409739
7,1697.19,61.657236689447316
7,1701.56,62.111706118004165
7,1705.94,62.5875879398476
7,1710.31,63.06958930335017
7,1714.69,63.52658038241965
7,1719.06,63.94313841092691
7,1723.44,64.33452778263504
7,1727.8100000000002,64.70272589874622
7,1732.1899999999998,65.06934205699481
7,1736.5600000000002,65.50603518095632
7,1740.9399999999998,66.05043728044765
7,1745.31,66.69502632500352
7,1749.69,67.40376960276187
7,1754.06,68.11739078111688
7,1758.44,68.81350814608824
7,1762.81,69.46640733548935
7,1767.19,70.06845706583483
7,1771.56,70.58285456174553
7,1775.94,71.01343499014902
7,1780.31,71.38105094519604
7,1784.69,71.66086572550161
7,1789.0600000000002,71.83708023443499
7,1999.06,156.89909456987115
7,2003.4399999999998,154.2702636549549
7,2007.8100000000002,151.94227749788243
7,2012.1899999999998,150.8707478010804
7,2016.5600000000002,149.76406026803497
7,2020.94,148.44830725868783
7,2025.3100000000002,147.2917890323287
7,2029.69,146.14340621713418
7,2034.0600000000002,144.92295631036583
7,2038.44,143.61582524297089
7,2042.8099999999997,142.22555017410173
7,2047.19,140.89786461608958
7,2051.56,139.59086482478446
7,2055.94,138.20463446534055
7,2060.31,136.91033245569076
7,2064.69,135.632667429218
7,2069.06,134.2119349204234
7,2073.44,132.77994417124646
7,2077.81,131.48930468991435
7,2082.19,130.33264152277584
7,2086.56,129.21744412064666
7,2090.9399999999996,128.0727386964188
7,2095.31,126.87743583634952
7,2099.69,125.66642930698342
7,2104.06,124.52320524491414
7,2108.44,123.48536803630685
7,2112.81,122.50071267575267
7,2117.19,121.55078696636785
7,2121.56,120.64036425379368
7,2125.94,119.71387508405394
7,2130.31,118.72732183582619
7,2134.69,117.73052000972888
7,2139.0600000000004,116.74057500893633
7,2143.44,115.73734279143066
7,2147.8100000000004,114.7055002581064
7,2152.19,113.63554914520199
7,2156.56,112.59020518835902
7,2160.94,111.60674394533771
7,2165.31,110.63905930780426
7,2169.69,109.71734704342349
7,2174.06,108.8565735852086
7,2178.44,108.02376477291303
7,2182.81,107.19749224045107
7,2187.19,106.35637734279462
7,2191.56,105.55574071262195
7,2195.9399999999996,104.82453287436981
7,2200.31,104.21066402797341
7,2204.6899999999996,103.8109147417262
7,2209.06,103.59672749861745
7,2213.44,103.50544575521567
7,2217.81,103.59032484616988
7,2222.19,103.91083992865792
7,2226.56,104.36856808735699
7,2230.94,104.8155734771554
7,2235.31,105.28068488599816
7,2239.69,105.91324343880797
7,2244.06,106.77599331408712
7,2248.44,107.80548656697
7,2252.8100000000004,108.90042800473117
7,2257.19,110.00083689488831
7,2261.56,111.0734247237285
7,2265.94,112.12962786397449
7,2270.31,113.17209361194756
7,2274.69,114.14817009602358
7,2279.06,115.06689064018587
7,2283.44,116.04747965654121
7,2287.81,117.18184839406072
7,2292.19,118.45433643376137
7,2296.56,119.76716106443288
7,2300.94,120.95972571623028
7,2305.31,121.96080573393185
7,2309.6899999999996,122.73668943382911
7,2314.06,123.28831287800502
7,2318.44,123.78564305312764
7,2322.81,124.43844914641444
7,2327.19,125.22390777317125
7,2331.56,126.07246522366292
7,2335.94,127.10829014894199
7,2340.31,128.52558286064416
7,2344.69,130.23540053260356
7,2349.06,132.11244739745638
7,2353.44,134.23520523817885
7,2357.8100000000004,136.25383260642036
7,2362.19,137.97504847893651
7,2366.5600000000004,139.6412256633156
7,2370.94,141.47838098278723
7,2375.31,143.2447003938946
7,2379.69,144.72670396200317
7,2384.06,146.03219595901194
7,2388.44,147.14111567771454
7,2392.81,148.06125256561046
7,2397.19,148.92698710830103
7,2401.56,149.70713439767397
7,2405.94,150.45684484980276
7,2410.31,151.40339038508978
7,2414.6899999999996,152.5780099457014
7,2419.06,153.68635778607458
7,2423.4399999999996,154.37581459641888
7,2427.81,154.95965308085883
7,2432.19,155.67065105818148
7,2436.56,156.58274990401145
7,2440.94,157.54573440890485
7,2445.31,158.88049636100615
7,2449.69,160.50377475625834
7,2454.06,160.42327294553976
7,2458.44,160.19956332596112
7,2462.81,160.83052664815094
7,2467.19,161.89867533836357
7,2471.5600000000004,163.54951262129487
10,402.188,65.65934666252353
10,406.56199999999995,65.65090574148834
10,410.93800000000005,65.58820870981148
10,415.313,65.36779865944237
10,419.68699999999995,64.89090498073325
10,424.06300000000005,64.16076053744291
10,428.438,63.21074348510872
10,432.813,62.20921579045746
10,437.18800000000005,61.41105266881676
10,441.563,60.88226167051969
10,445.938,60.585093189701176
10,450.31300000000005,60.44745691117599
10,454.688,60.40091713023424
10,459.063,60.41179856188097
10,463.438,60.46554354481314
10,467.813,60.5519137451897
10,472.187,60.659097410252
10,476.562,60.76922607937967
10,480.938,60.86379892069333
10,485.313,60.93376697908381
10,489.688,60.9845760693878
10,494.063,61.0321638999294
10,498.438,61.11143434956545
10,502.812,61.27647181578616
10,507.188,61.55253502344933
10,511.563,61.91527312797012
10,515.937,62.31585682558802
10,520.313,62.664729962378686
10,524.687,62.88519241023639
10,529.062,62.988516466147225
10,533.438,63.01286823206126
10,537.813,62.98157460826494
10,542.188,62.9048223452196
10,546.563,62.79365751606561
10,550.938,62.67758852826356
10,555.312,62.59965545358889
10,559.688,62.59426941395966
10,564.063,62.667995517205085
10,568.438,62.796646253091595
10,572.813,62.938391570990824
10,577.187,63.057610870593614
10,581.562,63.15319504384303
10,585.938,63.244426392960975
10,590.313,63.33178843429974
10,594.688,63.39098500106508
10,599.063,63.420150562925805
10,603.438,63.44349199332861
10,607.812,63.47503256745157
10,612.188,63.51805110784456
10,616.563,63.57539546144203
10,620.937,63.64978639159071
10,625.312,63.74378227408286
10,629.687,63.8636509866639
10,634.063,64.02623777997673
10,638.437,64.25279278497824
10,642.813,64.54079727203147
10,647.188,64.85731179343132
10,651.563,65.16558371654355
10,655.938,65.49918972817274
10,660.313,65.98744974001181
10,664.687,66.71121084626586
10,669.063,67.5282867896574
10,673.438,68.07787455749357
10,677.813,67.9856233638841
10,682.187,66.93569261603933
10,686.562,64.91055691219805
10,690.937,62.764873286656886
10,695.312,61.07881229855634
10,699.688,59.50827226176128
10,704.063,57.921213455904386
10,708.438,56.44623482627962
10,712.813,55.132243146002736
10,717.187,53.90298929951782
10,721.563,52.79235406572646
10,725.938,51.92679085110582
10,730.313,51.316783573077664
10,734.687,50.92248527796244
10,739.063,50.67228360659246
10,743.437,50.50926443880339
10,747.812,50.40356547461805
10,752.188,50.33862238625629
10,756.563,50.303737397534974
10,760.938,50.2771215219338
10,765.313,50.22774563705792
10,769.688,50.17416040233038
10,774.063,50.13554717272331
10,778.438,50.10523798058518
10,782.813,50.07923731889008
10,787.188,50.05603927119603
10,791.563,50.03109356378549
10,795.937,50.004244595297656
10,800.312,49.978643124438356
10,804.688,49.95513768568568
10,809.063,49.93845745350981
10,813.438,49.92764402717721
10,817.813,49.909257719816736
10,822.188,49.87794355392756
10,826.5630000000001,49.8427365683874
10,830.937,49.80611598062706
10,835.313,49.76686813372424
10,839.688,49.72803221009111
10,844.063,49.69214601748879
10,848.437,49.66023667605545
10,852.812,49.630983399201085
10,857.187,49.60299731266585
10,861.563,49.576976693078414
10,865.938,49.552216573331535
10,870.313,49.52842321910794
10,874.687,49.50672440231635
10,879.063,49.48729069160837
10,883.437,49.47055956929879
10,887.813,49.45965375242285
10,892.188,49.45833846753935
10,896.562,49.462636966404986
10,900.938,49.46052703841454
10,905.312,49.451059566946846
10,909.6880000000001,49.440346372287905
10,914.062,49.424386395965016
10,918.438,49.40416269572268
10,922.813,49.39180984115691
10,927.188,49.39371106211118
10,931.563,49.408498887251454
10,935.937,49.42737633842281
10,940.312,49.427862320617166
10,944.688,49.4091574137077
10,949.063,49.37809313302109
10,953.438,49.3424573662131
10,957.812,49.31001222801955
10,962.187,49.28090152762593
10,966.562,49.25489548490871
10,970.938,49.23657552035669
10,975.313,49.22308171828661
10,979.688,49.20339770532302
10,984.063,49.166498285184616
10,988.438,49.10412678223188
10,992.812,49.031302258375796
10,997.188,48.98108255816705
10,1001.5600000000001,48.95963881283721
10,1005.94,48.950931742289356
10,1010.3100000000001,48.94462673213309
10,1014.69,48.938242174366664
10,1019.0600000000001,48.93148283937521
10,1023.4399999999999,48.92302291919969
10,1027.81,48.91163177380446
10,1032.19,48.898901116365785
10,1036.56,48.887195914044426
10,1040.94,48.87745648860797
10,1045.31,48.86948413426479
10,1049.69,48.86221415157516
10,1054.06,48.85468408839041
10,1058.44,48.84700529832642
10,1062.81,48.83915117696247
10,1067.19,48.83045449652254
10,1071.5600000000002,48.82057449830819
10,1075.9399999999998,48.81068303512633
10,1080.3100000000002,48.80337944985126
10,1084.6899999999998,48.79990528711296
10,1089.06,48.79935573104317
10,1093.44,48.802661000241685
10,1097.81,48.81055861147885
10,1102.19,48.82009508744149
10,1106.56,48.82882616979017
10,1110.94,48.83821227023951
10,1115.31,48.850619145371226
10,1119.69,48.86641479095539
10,1124.06,48.87773263791859
10,1128.44,48.87172995506262
10,1132.8100000000002,48.86069231198248
10,1137.1899999999998,48.86316666718822
10,1141.56,48.88136228374444
10,1145.94,48.92790385265409
10,1150.31,49.00808069004963
10,1154.69,49.07536724132545
10,1159.06,49.11539942156875
10,1163.44,49.13801981343639
10,1167.81,49.14932702814816
10,1172.19,49.153658844562706
10,1176.56,49.15617815703294
10,1180.94,49.16005686658784
10,1185.3100000000002,49.16392179377947
10,1189.6899999999998,49.16536934234515
10,1194.06,49.16522771283054
10,1198.44,49.163465433094125
10,1202.81,49.15713853223328
10,1207.19,49.14636113584877
10,1211.56,49.13227586887102
10,1215.94,49.114195191916934
10,1220.31,49.094919986635254
10,1224.69,49.0768352797693
10,1229.06,49.05913743372346
10,1233.44,49.04266714267471
10,1237.8100000000002,49.02926505681037
10,1242.1899999999998,49.01932534234776
10,1246.56,49.01247293870432
10,1250.94,49.008943093418715
10,1255.31,49.00948396995254
10,1259.69,49.015029248558676
10,1264.06,49.02455963735698
10,1268.44,49.03321257790251
10,1272.81,49.03869523142726
10,1277.19,49.04570403559923
10,1281.56,49.058857571862454
10,1285.94,49.079167569730245
10,1290.3100000000002,49.10659521385149
10,1294.6899999999998,49.14208172603354
10,1299.0600000000002,49.18663982373822
10,1303.4399999999998,49.24271250728013
10,1307.81,49.31552306148607
10,1312.19,49.40956065305043
10,1316.56,49.526355317362366
10,1320.94,49.663263338468255
10,1325.31,49.81781698883818
10,1329.69,50.00965799787201
10,1334.06,50.25731302738724
10,1338.44,50.488989444588164
10,1342.81,50.65388083881519
10,1347.19,50.772012995400885
10,1500.31,75.32611564253034
10,1504.69,74.04542810099758
10,1509.0600000000002,72.80767393132209
10,1513.4399999999998,71.66048380235952
10,1517.8100000000002,70.55288713521189
10,1522.1899999999998,69.5217953053896
10,1526.56,68.57029112330359
10,1530.94,67.67043545474213
10,1535.31,66.83012866235484
10,1539.69,66.04764928582306
10,1544.06,65.31655095545268
10,1548.44,64.64339657573208
10,1552.81,64.02754812566647
10,1557.19,63.460283256472536
10,1561.56,62.94792705906278
10,1565.94,62.48358692574577
10,1570.3100000000002,62.04259870958465
10,1574.6899999999998,61.62026056934368
10,1579.06,61.22994118906063
10,1583.44,60.8698626109792
10,1587.81,60.53027434363432
10,1592.19,60.21060320813088
10,1596.56,59.91804539757419
10,1600.94,59.6471317860812
10,1605.31,59.39208974306515
10,1609.69,59.151376893930674
10,1614.06,58.92760317344439
10,1618.44,58.72904776839742
10,1622.8100000000002,58.553507843870335
10,1627.1899999999998,58.39856138730002
10,1631.56,58.2665462793176
10,1635.94,58.157511645054015
10,1640.31,58.07147892485158
10,1644.69,58.012911908520394
10,1649.06,57.98605643536609
10,1653.44,57.98941763867548
10,1657.81,58.013718952709844
10,1662.19,58.04492928804164
10,1666.56,58.073494554317406
10,1670.94,58.10151293066655
10,1675.3100000000002,58.14227408076857
10,1679.6899999999998,58.20779404926828
10,1684.06,58.29995831925805
10,1688.44,58.416207722995594
10,1692.81,58.55616888578291
10,1697.19,58.719293636531624
10,1701.56,58.90352699711412
10,1705.94,59.10693377166759
10,1710.31,59.325905291399685
10,1714.69,59.546202328372324
10,1719.06,59.75710575631774
10,1723.44,59.960272138283074
10,1727.8100000000002,60.14909761748011
10,1732.1899999999998,60.3281185262751
10,1736.5600000000002,60.530639746570124
10,1740.9399999999998,60.77655223129517
10,1745.31,61.06444902540129
10,1749.69,61.381224605179874
10,1754.06,61.70339153823876
10,1758.44,62.022021683361
10,1762.81,62.323952080129615
10,1767.19,62.603379848857365
10,1771.56,62.843824643420184
10,1775.94,63.04782703762427
10,1780.31,63.22445716670746
10,1784.69,63.36259517853837
10,1789.0600000000002,63.45356445072304
10,1999.06,126.17945894737612
10,2003.4399999999998,123.45638751891795
10,2007.8100000000002,121.04625056851262
10,2012.1899999999998,119.88878903925449
10,2016.5600000000002,118.6914859213862
10,2020.94,117.3297949047244
10,2025.3100000000002,116.15814983794392
10,2029.69,115.00671590652998
10,2034.0600000000002,113.7987763483986
10,2038.44,112.52459052293975
10,2042.8099999999997,111.18861221968832
10,2047.19,109.92426775528024
10,2051.56,108.68435825861422
10,2055.94,107.37852671108013
10,2060.31,106.17469950320316
10,2064.69,105.00802482024534
10,2069.06,103.73886658563424
10,2073.44,102.48548680007087
10,2077.81,101.37323436342356
10,2082.19,100.38653470027509
10,2086.56,99.44524160043274
10,2090.9399999999996,98.49539989334883
10,2095.31,97.52244150716642
10,2099.69,96.55061219839632
10,2104.06,95.64240977678976
10,2108.44,94.82606166658131
10,2112.81,94.06012477136915
10,2117.19,93.32947544591636
10,2121.56,92.63718271101659
10,2125.94,91.9451709580443
10,2130.31,91.22565828359971
10,2134.69,90.51489331438194
10,2139.0600000000004,89.8231320927675
10,2143.44,89.13467955076457
10,2147.8100000000004,88.43725127125663
10,2152.19,87.7228672737189
10,2156.56,87.0326448897284
10,2160.94,86.39078094158032
10,2165.31,85.76657434411644
10,2169.69,85.1778831526456
10,2174.06,84.63206589544036
10,2178.44,84.10679443397073
10,2182.81,83.58832899645026
10,2187.19,83.06413400818937
10,2191.56,82.56967450933307
10,2195.9399999999996,82.12217333498998
10,2200.31,81.74761274713008
10,2204.6899999999996,81.50086985649796
10,2209.06,81.36414819390626
10,2213.44,81.30187094999359
10,2217.81,81.34679469544672
10,2222.19,81.53526383263551
10,2226.56,81.81001769416882
10,2230.94,82.08222682390195
10,2235.31,82.36830490239714
10,2239.69,82.75937910776109
10,2244.06,83.29671357748579
10,2248.44,83.94549373445791
10,2252.8100000000004,84.64703852928935
10,2257.19,85.36591865427053
10,2261.56,86.07960002344177
10,2265.94,86.7925383979361
10,2270.31,87.50669213728838
10,2274.69,88.1904097333365
10,2279.06,88.85068310764699
10,2283.44,89.56521924527024
10,2287.81,90.39276171042971
10,2292.19,91.32146433196408
10,2296.56,92.28157354924808
10,2300.94,93.15364999154887
10,2305.31,93.883308381065
10,2309.6899999999996,94.45026820380097
10,2314.06,94.86390685753489
10,2318.44,95.25474863084486
10,2322.81,95.77458279878351
10,2327.19,96.40071610013442
10,2331.56,97.08202698174223
10,2335.94,97.91535070116522
10,2340.31,99.05207162353261
10,2344.69,100.42611338278431
10,2349.06,101.94607287848288
10,2353.44,103.69220158973008
10,2357.8100000000004,105.38744882625033
10,2362.19,106.86175241002182
10,2366.5600000000004,108.3130776811107
10,2370.94,109.93854887992663
10,2375.31,111.52673778141677
10,2379.69,112.88900193307161
10,2384.06,114.1283773877416
10,2388.44,115.21610472613517
10,2392.81,116.13731777481983
10,2397.19,117.01384222602556
10,2401.56,117.82650266955991
10,2405.94,118.63676272919108
10,2410.31,119.64917060520798
10,2414.6899999999996,120.89637441564669
10,2419.06,122.12931960258516
10,2423.4399999999996,122.94569179803341
10,2427.81,123.61502038234416
10,2432.19,124.41453995510032
10,2436.56,125.47129483871053
10,2440.94,126.543525198252
10,2445.31,127.90247009756929
10,2449.69,129.6519269337891
10,2454.06,129.93999593545968
10,2458.44,129.93840855201242
10,2462.81,130.6741518149407
10,2467.19,131.83324687330327
10,2471.5600000000004,133.52425469896468
12,402.188,50.31037830171152
12,406.56199999999995,50.57217877963892
12,410.93800000000005,50.904555609165634
12,415.313,51.17922131429178
12,419.68699999999995,51.305396646242585
12,424.06300000000005,51.294283436235446
12,428.438,51.173118265313924
12,432.813,51.00938482902887
12,437.18800000000005,50.90934101834682
12,441.563,50.925081272325855
12,445.938,51.0463422104662
12,450.31300000000005,51.22981197288673
12,454.688,51.448179472578545
12,459.063,51.69628658672871
12,463.438,51.96619197799962
12,467.813,52.25207230053468
12,472.187,52.548881177074726
12,476.562,52.837876254415384
12,480.938,53.09931699217404
12,485.313,53.33260009622508
12,489.688,53.541118035537764
12,494.063,53.71968528989661
12,498.438,53.899223189127866
12,502.812,54.144941093686484
12,507.188,54.504255389328605
12,511.563,55.01520915710092
12,515.937,55.70950095006947
12,520.313,56.491961127037605
12,524.687,57.18662331390296
12,529.062,57.73323307268233
12,533.438,58.134823873169225
12,537.813,58.40895768104703
12,542.188,58.578437704150744
12,546.563,58.661082626183116
12,550.938,58.68372987880267
12,555.312,58.68088144268185
12,559.688,58.6786591552097
12,564.063,58.687964884952436
12,568.438,58.7015149073468
12,572.813,58.70140318442595
12,577.187,58.68610327531254
12,581.562,58.6880027367918
12,585.938,58.74420855655678
12,590.313,58.83927453204967
12,594.688,58.90502790362421
12,599.063,58.92463487462949
12,603.438,58.94505769162623
12,607.812,59.00393448205741
12,612.188,59.116418058597866
12,616.563,59.28500305974582
12,620.937,59.49809573498239
12,625.312,59.736722563850776
12,629.687,59.982748110001104
12,634.063,60.250023916721254
12,638.437,60.60858614532526
12,642.813,61.1319558052154
12,647.188,61.83264132930588
12,651.563,62.65244972106756
12,655.938,63.60673412698065
12,660.313,64.83715758671258
12,664.687,66.35701375298278
12,669.063,67.87317215317358
12,673.438,68.90337456777354
12,677.813,69.02181916174004
12,682.187,67.79532300817401
12,686.562,64.92188301760328
12,690.937,61.40672623201516
12,695.312,58.884298751305764
12,699.688,57.3824253307084
12,704.063,56.32620111957948
12,708.438,55.44522884803501
12,712.813,54.66433941984101
12,717.187,53.94371711137611
12,721.563,53.34413176591565
12,725.938,52.95731004502861
12,730.313,52.77621743715684
12,734.687,52.74331485913892
12,739.063,52.78784702833177
12,743.437,52.86119988450027
12,747.812,52.93566580088017
12,752.188,53.00168201566581
12,756.563,53.06624033233063
12,760.938,53.13421977519507
12,765.313,53.17020472673858
12,769.688,53.16520189485961
12,774.063,53.14795533493465
12,778.438,53.11904275410561
12,782.813,53.078011652960775
12,787.188,53.03056556412249
12,791.563,52.97691261817582
12,795.937,52.91945525742929
12,800.312,52.86339968934821
12,804.688,52.81107994497138
12,809.063,52.76860402082436
12,813.438,52.73273338471357
12,817.813,52.68622046244561
12,822.188,52.62620801155792
12,826.5630000000001,52.564869814739104
12,830.937,52.50267738035513
12,835.313,52.436585819545165
12,839.688,52.37009049249982
12,844.063,52.3065800545071
12,848.437,52.24741392879838
12,852.812,52.1905279541016
12,857.187,52.13487269295632
12,861.563,52.08247379087151
12,865.938,52.03218860408124
12,870.313,51.98399910640138
12,874.687,51.939734339660774
12,879.063,51.8985710681612
12,883.437,51.86043187072049
12,887.813,51.82979391702934
12,892.188,51.81142472147782
12,896.562,51.79832074379812
12,900.938,51.77513845649777
12,905.312,51.74416727927964
12,909.6880000000001,51.71115187519414
12,914.062,51.66702647351505
12,918.438,51.61406652472408
12,922.813,51.57103307805689
12,927.188,51.54605724859122
12,931.563,51.526442501091196
12,935.937,51.470847556988765
12,940.312,51.37356477724742
12,944.688,51.26271514223897
12,949.063,51.123789625080065
12,953.438,50.9777605174607
12,957.812,50.85398038343513
12,962.187,50.76049336246412
12,966.562,50.69425081024854
12,970.938,50.652244664513205
12,975.313,50.62327736148021
12,979.688,50.591803834943924
12,984.063,50.54280593771414
12,988.438,50.46202571262419
12,992.812,50.36961380504067
12,997.188,50.313253558234585
12,1001.5600000000001,50.30171610074612
12,1005.94,50.31160446616578
12,1010.3100000000001,50.32765848697384
12,1014.69,50.34595034873616
12,1019.0600000000001,50.36626312181005
12,1023.4399999999999,50.386676491006725
12,1027.81,50.40353530662512
12,1032.19,50.41674090195259
12,1036.56,50.429162279231576
12,1040.94,50.441995767679714
12,1045.31,50.45415525556861
12,1049.69,50.463802663369414
12,1054.06,50.468600977355415
12,1058.44,50.46780939005588
12,1062.81,50.46216235493334
12,1067.19,50.45187752347313
12,1071.5600000000002,50.43690005550627
12,1075.9399999999998,50.41869055822299
12,1080.3100000000002,50.40020758801488
12,1084.6899999999998,50.382753564974124
12,1089.06,50.36551120811451
12,1093.44,50.34949198420998
12,1097.81,50.335576773687826
12,1102.19,50.32205952228034
12,1106.56,50.30848272000053
12,1110.94,50.29843629373762
12,1115.31,50.29278075843585
12,1119.69,50.28071546346311
12,1124.06,50.229004326293506
12,1128.44,50.12531877585239
12,1132.8100000000002,50.02115783021447
12,1137.1899999999998,49.953788835748526
12,1141.56,49.91991996947945
12,1145.94,49.920657754524626
12,1150.31,49.98495998451809
12,1154.69,50.057927518521595
12,1159.06,50.104429428471065
12,1163.44,50.131941361299006
12,1167.81,50.14688746179424
12,1172.19,50.15435005780397
12,1176.56,50.1613717808574
12,1180.94,50.17178385777644
12,1185.3100000000002,50.18291492160396
12,1189.6899999999998,50.19063624877106
12,1194.06,50.19546846054458
12,1198.44,50.1980192208851
12,1202.81,50.1946394171774
12,1207.19,50.18477644551705
12,1211.56,50.170111990961296
12,1215.94,50.1504041271331
12,1220.31,50.129403951897366
12,1224.69,50.1097294979554
12,1229.06,50.0898149297169
12,1233.44,50.07035884553031
12,1237.8100000000002,50.05358360226118
12,1242.1899999999998,50.040724658985184
12,1246.56,50.0322935182499
12,1250.94,50.028793092444005
12,1255.31,50.03125865392207
12,1259.69,50.04159163027092
12,1264.06,50.05872537310848
12,1268.44,50.07515916579861
12,1272.81,50.087125283119015
12,1277.19,50.10208635754999
12,1281.56,50.12801510760161
12,1285.94,50.16740672204545
12,1290.3100000000002,50.220454823863406
12,1294.6899999999998,50.288343064633715
12,1299.0600000000002,50.37304071831987
12,1303.4399999999998,50.47834263680805
12,1307.81,50.61194599500891
12,1312.19,50.78178688070369
12,1316.56,50.99111348125881
12,1320.94,51.23429545863994
12,1325.31,51.506046137638265
12,1329.69,51.839346632523345
12,1334.06,52.26474976088221
12,1338.44,52.65720622691982
12,1342.81,52.93010702588108
12,1347.19,53.119798234503214
12,1500.31,90.36330541201298
12,1504.69,88.68146987989056
12,1509.0600000000002,87.0246009804647
12,1513.4399999999998,85.46097903681
12,1517.8100000000002,83.92431274060964
12,1522.1899999999998,82.46873728923221
12,1526.56,81.10307128416807
12,1530.94,79.79026638469313
12,1535.31,78.54409402028311
12,1539.69,77.36517148996292
12,1544.06,76.24670455524593
12,1548.44,75.20184082558336
12,1552.81,74.23246325462084
12,1557.19,73.32730786562234
12,1561.56,72.49989368388844
12,1565.94,71.74284420025904
12,1570.3100000000002,71.01783950639671
12,1574.6899999999998,70.31789253386344
12,1579.06,69.66679677387586
12,1583.44,69.0641916189191
12,1587.81,68.49604058503878
12,1592.19,67.96265392401101
12,1596.56,67.47614858968863
12,1600.94,67.02708426873636
12,1605.31,66.60483167218305
12,1609.69,66.20489321920203
12,1614.06,65.8302938234685
12,1618.44,65.49483129454924
12,1622.8100000000002,65.19534468070124
12,1627.1899999999998,64.92692643310107
12,1631.56,64.69213124733552
12,1635.94,64.48978579611875
12,1640.31,64.31623653613525
12,1644.69,64.17456506496234
12,1649.06,64.07117437955662
12,1653.44,64.00753337169849
12,1657.81,63.97859985671753
12,1662.19,63.97250725176408
12,1666.56,63.97875215804455
12,1670.94,63.9993149231745
12,1675.3100000000002,64.04901620267948
12,1679.6899999999998,64.14121886433146
12,1684.06,64.27756865015087
12,1688.44,64.45463076085677
12,1692.81,64.67325939005008
12,1697.19,64.93347504869675
12,1701.56,65.22916031242512
12,1705.94,65.55136962911095
12,1710.31,65.89027173862496
12,1714.69,66.22449504932816
12,1719.06,66.54327483017498
12,1723.44,66.85755227867057
12,1727.8100000000002,67.16526013328749
12,1732.1899999999998,67.47699670492091
12,1736.5600000000002,67.84222926708664
12,1740.9399999999998,68.28347265388376
12,1745.31,68.79197338146669
12,1749.69,69.34454798603869
12,1754.06,69.90199424433897
12,1758.44,70.45086303300499
12,1762.81,70.97101954258284
12,1767.19,71.45442185581874
12,1771.56,71.8703661703111
12,1775.94,72.22011596691857
12,1780.31,72.51747774279767
12,1784.69,72.74269221203676
12,1789.0600000000002,72.88486960245251
12,1999.06,140.11329838942808
12,2003.4399999999998,138.0853435205679
12,2007.8100000000002,136.35166098244983
12,2012.1899999999998,135.58834094819247
12,2016.5600000000002,134.69623261073505
12,2020.94,133.56668565120074
12,2025.3100000000002,132.61599317197837
12,2029.69,131.7093755267091
12,2034.0600000000002,130.73151099144755
12,2038.44,129.6468996915577
12,2042.8099999999997,128.4653832202369
12,2047.19,127.33664585024083
12,2051.56,126.243344352744
12,2055.94,125.07640296763134
12,2060.31,123.95372141580015
12,2064.69,122.81657234995849
12,2069.06,121.5379340923771
12,2073.44,120.25968526373556
12,2077.81,119.12932471179741
12,2082.19,118.12823426516697
12,2086.56,117.1646839460563
12,2090.9399999999996,116.17464140977496
12,2095.31,115.14019540067117
12,2099.69,114.08997274146968
12,2104.06,113.09455307133602
12,2108.44,112.18675968829919
12,2112.81,111.32228501516059
12,2117.19,110.48604088878689
12,2121.56,109.68372832122944
12,2125.94,108.87063299008358
12,2130.31,108.01547862214376
12,2134.69,107.16876560729271
12,2139.0600000000004,106.34844495383086
12,2143.44,105.53494478732628
12,2147.8100000000004,104.71241522662606
12,2152.19,103.87007218337243
12,2156.56,103.05258897317657
12,2160.94,102.28768893188742
12,2165.31,101.53888551414185
12,2169.69,100.82917908584015
12,2174.06,100.16909710430251
12,2178.44,99.5326090405029
12,2182.81,98.90439512736128
12,2187.19,98.26591821979468
12,2191.56,97.6578277504016
12,2195.9399999999996,97.10728347001827
12,2200.31,96.65585386301876
12,2204.6899999999996,96.37688444229143
12,2209.06,96.24197882713416
12,2213.44,96.19840675982395
12,2217.81,96.28847596526985
12,2222.19,96.55586836828618
12,2226.56,96.912083972792
12,2230.94,97.22630120610172
12,2235.31,97.51817465859756
12,2239.69,97.9154995845393
12,2244.06,98.48003751766419
12,2248.44,99.1722959525306
12,2252.8100000000004,99.92475829945471
12,2257.19,100.69870078919945
12,2261.56,101.4697074767807
12,2265.94,102.24664511476067
12,2270.31,103.03260021662979
12,2274.69,103.78266580369078
12,2279.06,104.49807985822075
12,2283.44,105.267630298016
12,2287.81,106.15554646462743
12,2292.19,107.13788403202152
12,2296.56,108.13269798031517
12,2300.94,109.0223584057426
12,2305.31,109.76973629071969
12,2309.6899999999996,110.36267716359309
12,2314.06,110.80422351967742
12,2318.44,111.22292455206741
12,2322.81,111.77262454294699
12,2327.19,112.4196003901204
12,2331.56,113.10647006806039
12,2335.94,113.9487252382376
12,2340.31,115.12187047541491
12,2344.69,116.55823365644726
12,2349.06,118.15841236966602
12,2353.44,119.99559074930521
12,2357.8100000000004,121.76119365541788
12,2362.19,123.27109179910536
12,2366.5600000000004,124.72779608912006
12,2370.94,126.32645361051185
12,2375.31,127.85292056118219
12,2379.69,129.12033050401138
12,2384.06,130.22247389278385
12,2388.44,131.1438753410425
12,2392.81,131.89356032740722
12,2397.19,132.59280862425985
12,2401.56,133.22191996043807
12,2405.94,133.82832724921073
12,2410.31,134.60999039196864
12,2414.6899999999996,135.5753074232756
12,2419.06,136.45453275218333
12,2423.4399999999996,136.98915448092944
12,2427.81,137.44374590756075
12,2432.19,137.99219328512316
12,2436.56,138.69110750618012
12,2440.94,139.45389633284225
12,2445.31,140.56234537366274
12,2449.69,141.89707855882114
12,2454.06,141.71749227136252
12,2458.44,141.4584824725621
12,2462.81,141.98898275218247
12,2467.19,142.94785848611525
12,2471.5600000000004,144.38643080285016
15,402.188,56.166874839124645
15,406.56199999999995,57.14561183549074
15,410.93800000000005,58.678170429833486
15,415.313,60.60264540257305
15,419.68699999999995,62.6993226236217
15,424.06300000000005,64.83005926044
15,428.438,66.89958947834955
15,432.813,68.77975823461983
15,437.18800000000005,70.31069973333473
15,441.563,71.55954346808971
15,445.938,72.6103145654069
15,450.31300000000005,73.48565126774093
15,454.688,74.23576017590575
15,459.063,74.89772434570884
15,463.438,75.47796337555056
15,467.813,76.00152382939251
15,472.187,76.49067060262375
15,476.562,76.93405080119585
15,480.938,77.33286612266058
15,485.313,77.73870015200455
15,489.688,78.20083679951749
15,494.063,78.71940478719381
15,498.438,79.31999420959933
15,502.812,80.01409169784587
15,507.188,80.70681571296869
15,511.563,81.3400465193161
15,515.937,81.95258509940923
15,520.313,82.50970586147204
15,524.687,82.92683863490896
15,529.062,83.21100140240048
15,533.438,83.40851238744558
15,537.813,83.55591786701537
15,542.188,83.67032066900299
15,546.563,83.74809080175206
15,550.938,83.79791381862493
15,555.312,83.8540631885782
15,559.688,83.94789212178036
15,564.063,84.0871991875974
15,568.438,84.25444910610985
15,572.813,84.40832215196416
15,577.187,84.52002218522036
15,581.562,84.62713592311798
15,585.938,84.80252994500367
15,590.313,85.02037719853892
15,594.688,85.13867414700161
15,599.063,85.13268583260138
15,603.438,85.10968173718571
15,607.812,85.13204257920025
15,612.188,85.19136648553327
15,616.563,85.26996862230882
15,620.937,85.37895003434997
15,625.312,85.53028782419506
15,629.687,85.67412977657636
15,634.063,85.7467348039097
15,638.437,85.77605880462808
15,642.813,85.84268179774713
15,647.188,85.9658001816965
15,651.563,86.06522352152918
15,655.938,86.0885106935852
15,660.313,86.08227072876721
15,664.687,86.10407336283623
15,669.063,86.15978484331642
15,673.438,86.22978950663497
15,677.813,86.3114777091841
15,682.187,86.40716193824368
15,686.562,86.50206508772999
15,690.937,86.65825404380297
15,695.312,86.84480842931673
15,699.688,86.80867452990184
15,704.063,86.45672732709968
15,708.438,85.90860890886324
15,712.813,85.30859473108873
15,717.187,84.67017593447382
15,721.563,83.97306151309219
15,725.938,83.28433090005439
15,730.313,82.67824932497014
15,734.687,82.21254995436857
15,739.063,81.8777029313442
15,743.437,81.63686020470567
15,747.812,81.47673684766512
15,752.188,81.3941743470209
15,756.563,81.38636908804186
15,760.938,81.41965748709164
15,765.313,81.38407231860253
15,769.688,81.29765463708316
15,774.063,81.2489637033194
15,778.438,81.23684594341975
15,782.813,81.24490594406336
15,787.188,81.26375632503179
15,791.563,81.27739966829989
15,795.937,81.28248815405352
15,800.312,81.28743040660027
15,804.688,81.29468617639711
15,809.063,81.32024048158752
15,813.438,81.36902458269309
15,817.813,81.40383581560269
15,822.188,81.39638299602578
15,826.5630000000001,81.3678640663265
15,830.937,81.33075241509795
15,835.313,81.28251828797664
15,839.688,81.23125371192207
15,844.063,81.18621364865784
15,848.437,81.15277199926398
15,852.812,81.1284133211914
15,857.187,81.10602860725383
15,861.563,81.08526174123485
15,865.938,81.06818370229749
15,870.313,81.05571263789713
15,874.687,81.04849226536847
15,879.063,81.04653446451718
15,883.437,81.05021752889398
15,887.813,81.06647124495426
15,892.188,81.10702637896638
15,896.562,81.16489526983993
15,900.938,81.20534123121347
15,905.312,81.22002796151342
15,909.6880000000001,81.23038370815802
15,914.062,81.22897035792926
15,918.438,81.21190819327683
15,922.813,81.20746706313466
15,927.188,81.23543478891813
15,931.563,81.3021013321229
15,935.937,81.40849348508398
15,940.312,81.48115465319019
15,944.688,81.4996049965292
15,949.063,81.50814596442402
15,953.438,81.51669369410463
15,957.812,81.51256378029763
15,962.187,81.48071215767757
15,966.562,81.42992591114749
15,970.938,81.38838815299675
15,975.313,81.35775278581964
15,979.688,81.31091436728704
15,984.063,81.23435795443517
15,988.438,81.13152080594071
15,992.812,81.02831732807614
15,997.188,80.96739851139256
15,1001.5600000000001,80.95193481712059
15,1005.94,80.95046951001211
15,1010.3100000000001,80.94075435440708
15,1014.69,80.92138698060823
15,1019.0600000000001,80.8998687123884
15,1023.4399999999999,80.87789530380937
15,1027.81,80.85320467582468
15,1032.19,80.82844905865717
15,1036.56,80.80806096313178
15,1040.94,80.79345363479855
15,1045.31,80.7838303138781
15,1049.69,80.77818738785902
15,1054.06,80.77555916318727
15,1058.44,80.77563739493222
15,1062.81,80.77823802630523
15,1067.19,80.78226295389828
15,1071.5600000000002,80.78613073407224
15,1075.9399999999998,80.79150931540188
15,1080.3100000000002,80.8037944017055
15,1084.6899999999998,80.82522085023162
15,1089.06,80.85325072472922
15,1093.44,80.89073635976887
15,1097.81,80.93817493131124
15,1102.19,80.98476746362559
15,1106.56,81.02210714111632
15,1110.94,81.05541492478193
15,1115.31,81.09590956744923
15,1119.69,81.15437350995278
15,1124.06,81.22850952511531
15,1128.44,81.28375049883645
15,1132.8100000000002,81.31806709565343
15,1137.1899999999998,81.36163522964003
15,1141.56,81.41789064368648
15,1145.94,81.49639530395456
15,1150.31,81.58256173813437
15,1154.69,81.627446623141
15,1159.06,81.63828007154189
15,1163.44,81.63499621405715
15,1167.81,81.62330976654586
15,1172.19,81.608157973253
15,1176.56,81.59791122860163
15,1180.94,81.59504239057364
15,1185.3100000000002,81.59152133453216
15,1189.6899999999998,81.58061749650479
15,1194.06,81.5673813093992
15,1198.44,81.5559807811823
15,1202.81,81.54312451890365
15,1207.19,81.5318150302186
15,1211.56,81.52537042091262
15,1215.94,81.51964321102825
15,1220.31,81.51746530200641
15,1224.69,81.52018579610198
15,1229.06,81.52000865167057
15,1233.44,81.51586453306257
15,1237.8100000000002,81.51313257004797
15,1242.1899999999998,81.51426545109209
15,1246.56,81.5189373087762
15,1250.94,81.52810808455708
15,1255.31,81.54426852384634
15,1259.69,81.57029540798823
15,1264.06,81.60267958717932
15,1268.44,81.6269650026536
15,1272.81,81.6374774630457
15,1277.19,81.6490545363449
15,1281.56,81.67446815813695
15,1285.94,81.71495415381878
15,1290.3100000000002,81.76801786970121
15,1294.6899999999998,81.83257312491932
15,1299.0600000000002,81.90761772507166
15,1303.4399999999998,81.99558061532768
15,1307.81,82.10308785707184
15,1312.19,82.23035051245435
15,1316.56,82.37053647930884
15,1320.94,82.51937156901883
15,1325.31,82.67779289950785
15,1329.69,82.86333089424784
15,1334.06,83.08065146696786
15,1338.44,83.2586717027037
15,1342.81,83.37083617556604
15,1347.19,83.45136085870074
15,1500.31,96.03790143305858
15,1504.69,95.44773626452489
15,1509.0600000000002,94.87467568702651
15,1513.4399999999998,94.35214853902303
15,1517.8100000000002,93.84713159796553
15,1522.1899999999998,93.37075947944228
15,1526.56,92.92850963625263
15,1530.94,92.50299453760013
15,1535.31,92.0951263703954
15,1539.69,91.70922342706305
15,1544.06,91.34526895242226
15,1548.44,91.00454882688722
15,1552.81,90.68661470529678
15,1557.19,90.39016610417863
15,1561.56,90.12022141729823
15,1565.94,89.8749928417552
15,1570.3100000000002,89.64189233883883
15,1574.6899999999998,89.41216392368881
15,1579.06,89.19166642695005
15,1583.44,88.98514899016604
15,1587.81,88.79067582583515
15,1592.19,88.60918974418824
15,1596.56,88.44749927429821
15,1600.94,88.30252921219754
15,1605.31,88.16324436667551
15,1609.69,88.0222841055306
15,1614.06,87.88324193101937
15,1618.44,87.75951133273281
15,1622.8100000000002,87.653115503356
15,1627.1899999999998,87.55938719400423
15,1631.56,87.47731541069751
15,1635.94,87.40416238226025
15,1640.31,87.33944093774335
15,1644.69,87.28459914069232
15,1649.06,87.23747228112607
15,1653.44,87.20044770446998
15,1657.81,87.1790867459411
15,1662.19,87.17199904700196
15,1666.56,87.17281845609534
15,1670.94,87.17811184381917
15,1675.3100000000002,87.19005844695718
15,1679.6899999999998,87.21038949037708
15,1684.06,87.23780419532967
15,1688.44,87.27208073104323
15,1692.81,87.31477790402037
15,1697.19,87.36831371186298
15,1701.56,87.43690270171562
15,1705.94,87.52240646677265
15,1710.31,87.62166733908424
15,1714.69,87.72856074829221
15,1719.06,87.84162341085968
15,1723.44,87.96495037915071
15,1727.8100000000002,88.09348756755008
15,1732.1899999999998,88.22643471406575
15,1736.5600000000002,88.38239289499302
15,1740.9399999999998,88.56808061906702
15,1745.31,88.77038802347292
15,1749.69,88.9781116292878
15,1754.06,89.18230853154174
15,1758.44,89.38451310118295
15,1762.81,89.57861447059062
15,1767.19,89.7580508562357
15,1771.56,89.91805705862714
15,1775.94,90.06000864398214
15,1780.31,90.17576439074482
15,1784.69,90.25853825978831
15,1789.0600000000002,90.3129506866914
15,1999.06,116.75504986665639
15,2003.4399999999998,116.08524779007317
15,2007.8100000000002,115.55675414423328
15,2012.1899999999998,115.29977422414113
15,2016.5600000000002,114.75265709985842
15,2020.94,114.00461296519266
15,2025.3100000000002,113.5549624142649
15,2029.69,113.29502679868196
15,2034.0600000000002,113.02980821646973
15,2038.44,112.67044317276782
15,2042.8099999999997,112.23032289527961
15,2047.19,111.84390091515293
15,2051.56,111.56930451070059
15,2055.94,111.28379231354577
15,2060.31,110.90508671910388
15,2064.69,110.4154135731166
15,2069.06,109.79258861495478
15,2073.44,109.1839616557615
15,2077.81,108.71271821634903
15,2082.19,108.33903498771622
15,2086.56,107.98910460968713
15,2090.9399999999996,107.62251661389914
15,2095.31,107.23145520177222
15,2099.69,106.83190948348116
15,2104.06,106.45114207626358
15,2108.44,106.10353363490815
15,2112.81,105.77302428536251
15,2117.19,105.4526324227766
15,2121.56,105.14163470921318
15,2125.94,104.80964032523714
15,2130.31,104.43841936868023
15,2134.69,104.06181880293272
15,2139.0600000000004,103.69427341187789
15,2143.44,103.32451062566876
15,2147.8100000000004,102.9478594753376
15,2152.19,102.55581472323408
15,2156.56,102.16177312096993
15,2160.94,101.78304241919282
15,2165.31,101.40861106536208
15,2169.69,101.05544633172019
15,2174.06,100.73230372317394
15,2178.44,100.42597444208367
15,2182.81,100.1285063661632
15,2187.19,99.82632139890183
15,2191.56,99.53701885575614
15,2195.9399999999996,99.27822071484795
15,2200.31,99.0678812016076
15,2204.6899999999996,98.93629168292823
15,2209.06,98.86884105056154
15,2213.44,98.84212268822681
15,2217.81,98.87656868037885
15,2222.19,98.99172441188108
15,2226.56,99.14214312838199
15,2230.94,99.26263837210168
15,2235.31,99.36400138706028
15,2239.69,99.51275316621773
15,2244.06,99.7467858263251
15,2248.44,100.05347045614535
15,2252.8100000000004,100.40220381081804
15,2257.19,100.7743714779055
15,2261.56,101.15663865955977
15,2265.94,101.55333379026585
15,2270.31,101.96297033733492
15,2274.69,102.35321071947435
15,2279.06,102.71710976243466
15,2283.44,103.10269127238374
15,2287.81,103.55099782851455
15,2292.19,104.04913081734865
15,2296.56,104.5392649128138
15,2300.94,104.93929142379005
15,2305.31,105.22136145653005
15,2309.6899999999996,105.39170545940605
15,2314.06,105.46639156176462
15,2318.44,105.51034861703043
15,2322.81,105.6219965568476
15,2327.19,105.82263465326476
15,2331.56,106.08436400741222
15,2335.94,106.45635671633511
15,2340.31,107.02774588995716
15,2344.69,107.76154025420183
15,2349.06,108.59719467350388
15,2353.44,109.55913867051822
15,2357.8100000000004,110.48245518476985
15,2362.19,111.2826662735187
15,2366.5600000000004,112.07984552661856
15,2370.94,112.96886179962458
15,2375.31,113.80102777147421
15,2379.69,114.465512986599
15,2384.06,115.00363276775903
15,2388.44,115.39455599276711
15,2392.81,115.67645771072239
15,2397.19,115.94723906367032
15,2401.56,116.2028312853222
15,2405.94,116.4712669387493
15,2410.31,116.8773658636614
15,2414.6899999999996,117.37894193301742
15,2419.06,117.67282231447427
15,2423.4399999999996,117.72722784557186
15,2427.81,117.84219230675679
15,2432.19,118.070196102822
15,2436.56,118.37734495000876
15,2440.94,118.82625250182899
15,2445.31,119.72689597243938
15,2449.69,120.83749965008002
15,2454.06,120.39843508871488
15,2458.44,119.95616565472855
15,2462.81,120.41959850540974
15,2467.19,121.4343865494207
15,2471.5600000000004,122.82476945993233
17,402.188,62.02159467159173
17,406.56199999999995,62.28377775172922
17,410.93800000000005,62.534697623699806
17,415.313,62.62078411376891
17,419.68699999999995,62.48551923964914
17,424.06300000000005,62.169768254600186
17,428.438,61.70204966616192
17,432.813,61.17025065335593
17,437.18800000000005,60.71738422471985
17,441.563,60.39780880987086
17,445.938,60.20141815206037
17,450.31300000000005,60.10170803947109
17,454.688,60.085463787519586
17,459.063,60.15793723951997
17,463.438,60.31635437800262
17,467.813,60.53950742958326
17,472.187,60.798226604931486
17,476.562,61.06069369511936
17,480.938,61.28781692202436
17,485.313,61.42928151825061
17,489.688,61.4282868077254
17,494.063,61.23648494461912
17,498.438,60.834817847722235
17,502.812,60.27063773051532
17,507.188,59.678860565017764
17,511.563,59.21382145773806
17,515.937,59.00873300944951
17,520.313,59.09767501687302
17,524.687,59.3436295513215
17,529.062,59.61722395991577
17,533.438,59.85400496614176
17,537.813,60.023503205951876
17,542.188,60.11906227709505
17,546.563,60.14663400341402
17,550.938,60.13009462076139
17,555.312,60.10334662813275
17,559.688,60.09481573335034
17,564.063,60.12339142963947
17,568.438,60.19493493530904
17,572.813,60.30193481094794
17,577.187,60.43423635217147
17,581.562,60.597358231532475
17,585.938,60.80702396093366
17,590.313,61.04510101664836
17,594.688,61.246285133926506
17,599.063,61.40417381576583
17,603.438,61.59713044012551
17,607.812,61.89924320004299
17,612.188,62.33957397726232
17,616.563,62.887530204655064
17,620.937,63.45674441440627
17,625.312,63.97304370507324
17,629.687,64.4393399552996
17,634.063,64.96248785353887
17,638.437,65.72244960749894
17,642.813,66.8539641536744
17,647.188,68.35020148350348
17,651.563,70.07553374762385
17,655.938,72.03563942562252
17,660.313,74.42608983459758
17,664.687,77.17063237025626
17,669.063,79.7302988484448
17,673.438,81.36583998531968
17,677.813,81.4615883589216
17,682.187,79.31043283834278
17,686.562,74.20243859261862
17,690.937,67.41198034993945
17,695.312,61.99855388798496
17,699.688,58.818536068186035
17,704.063,57.06057198880325
17,708.438,55.98791821225193
17,712.813,55.21695197333039
17,717.187,54.58523703235221
17,721.563,54.11230501533731
17,725.938,53.850447563670166
17,730.313,53.769582906433534
17,734.687,53.80638482890813
17,739.063,53.89440288328271
17,743.437,53.9907946764434
17,747.812,54.07181117099594
17,752.188,54.13287784941166
17,756.563,54.183401138003504
17,760.938,54.22419204406152
17,765.313,54.22835196289165
17,769.688,54.201860675073746
17,774.063,54.1641865555739
17,778.438,54.10987030846708
17,782.813,54.04059688482258
17,787.188,53.964238192338165
17,791.563,53.88212251166674
17,795.937,53.79727003632677
17,800.312,53.71472443690276
17,804.688,53.63686731793218
17,809.063,53.56880368244201
17,813.438,53.50456234466628
17,817.813,53.42705785515712
17,822.188,53.33846133668645
17,826.5630000000001,53.25191127807483
17,830.937,53.16572160425408
17,835.313,53.076767759288366
17,839.688,52.98879594308647
17,844.063,52.904283340315615
17,848.437,52.82344804797897
17,852.812,52.74358652232909
17,857.187,52.664842731688125
17,861.563,52.590358897701115
17,865.938,52.51790924601881
17,870.313,52.447246274623836
17,874.687,52.380997413115956
17,879.063,52.31799709193383
17,883.437,52.25829554771237
17,887.813,52.20711758371325
17,892.188,52.168687132067525
17,896.562,52.13375243308389
17,900.938,52.08740194599758
17,905.312,52.035691386637815
17,909.6880000000001,51.98274631009506
17,914.062,51.917666637766125
17,918.438,51.84592542609408
17,922.813,51.78860285345811
17,927.188,51.75293955642418
17,931.563,51.72239573584167
17,935.937,51.64567570020186
17,940.312,51.52250801327336
17,944.688,51.39166851388646
17,949.063,51.231180114180276
17,953.438,51.06142790245476
17,957.812,50.914004064105
17,962.187,50.79900372385452
17,966.562,50.716295271781576
17,970.938,50.66301267487452
17,975.313,50.62486832447066
17,979.688,50.58430547356819
17,984.063,50.52222693990487
17,988.438,50.41755344405264
17,992.812,50.29540062344028
17,997.188,50.217080695502894
17,1001.5600000000001,50.193371351486284
17,1005.94,50.19501058001708
17,1010.3100000000001,50.20363015256157
17,1014.69,50.214678283340334
17,1019.0600000000001,50.22756774249816
17,1023.4399999999999,50.2398529134491
17,1027.81,50.24763798261309
17,1032.19,50.2511286953925
17,1036.56,50.2536039184854
17,1040.94,50.256451817400794
17,1045.31,50.258682722700875
17,1049.69,50.25844131812257
17,1054.06,50.253455152332414
17,1058.44,50.243200675768584
17,1062.81,50.22852801077272
17,1067.19,50.209390214850515
17,1071.5600000000002,50.18564470979378
17,1075.9399999999998,50.159150124037346
17,1080.3100000000002,50.13324568871755
17,1084.6899999999998,50.10940319987296
17,1089.06,50.08677258770074
17,1093.44,50.06587640292598
17,1097.81,50.04750770636761
17,1102.19,50.03046288746923
17,1106.56,50.01448365521496
17,1110.94,50.0025547652755
17,1115.31,49.9944827923009
17,1119.69,49.978481233381856
17,1124.06,49.92332127508883
17,1128.44,49.824586162313864
17,1132.8100000000002,49.73463737682937
17,1137.1899999999998,49.685961071825396
17,1141.56,49.674091212936524
17,1145.94,49.711221044701766
17,1150.31,49.82506697672257
17,1154.69,49.93530168647188
17,1159.06,50.004441429868805
17,1163.44,50.04763303670025
17,1167.81,50.07618592305744
17,1172.19,50.097478122557646
17,1176.56,50.11938039647359
17,1180.94,50.1459061635525
17,1185.3100000000002,50.173510548829135
17,1189.6899999999998,50.19572731198908
17,1194.06,50.2115209894339
17,1198.44,50.22181749746427
17,1202.81,50.22302722164228
17,1207.19,50.214045919104635
17,1211.56,50.1964704014546
17,1215.94,50.17090061855139
17,1220.31,50.143045885832564
17,1224.69,50.117195834170644
17,1229.06,50.09210065823459
17,1233.44,50.06806028069566
17,1237.8100000000002,50.04725889816496
17,1242.1899999999998,50.031074447003036
17,1246.56,50.02013956836592
17,1250.94,50.01538688545592
17,1255.31,50.01839417891827
17,1259.69,50.03136071046094
17,1264.06,50.053304505859394
17,1268.44,50.07697280585671
17,1272.81,50.0986092856762
17,1277.19,50.12595933494451
17,1281.56,50.168271573280364
17,1285.94,50.228786546336465
17,1290.3100000000002,50.308035042988195
17,1294.6899999999998,50.40852031544804
17,1299.0600000000002,50.53361996575825
17,1303.4399999999998,50.688183859159054
17,1307.81,50.88150763563044
17,1312.19,51.12433776236447
17,1316.56,51.421850192321685
17,1320.94,51.76513770711053
17,1325.31,52.145821750845364
17,1329.69,52.60995747907777
17,1334.06,53.19902284324137
17,1338.44,53.73919289582552
17,1342.81,54.11251884736923
17,1347.19,54.36973563596921
17,1500.31,101.37700670206695
17,1504.69,99.43318788365588
17,1509.0600000000002,97.5032592080175
17,1513.4399999999998,95.66632938709303
17,1517.8100000000002,93.84760488516511
17,1522.1899999999998,92.11325851387244
17,1526.56,90.47504168009056
17,1530.94,88.89042464118961
17,1535.31,87.37775315360359
17,1539.69,85.93799324131928
17,1544.06,84.56327172425193
17,1548.44,83.2713762583983
17,1552.81,82.06634471879897
17,1557.19,80.9348955319555
17,1561.56,79.89527022486799
17,1565.94,78.93953035128676
17,1570.3100000000002,78.0198863789501
17,1574.6899999999998,77.12853644342617
17,1579.06,76.29684530975051
17,1583.44,75.52482226011233
17,1587.81,74.79512617245304
17,1592.19,74.10864316246483
17,1596.56,73.48056637676461
17,1600.94,72.89880332414103
17,1605.31,72.35109532644265
17,1609.69,71.83275064109311
17,1614.06,71.34720396573654
17,1618.44,70.91106408699822
17,1622.8100000000002,70.52010629144301
17,1627.1899999999998,70.16824516433006
17,1631.56,69.85885447150177
17,1635.94,69.59102354200613
17,1640.31,69.35966986751964
17,1644.69,69.16795464437901
17,1649.06,69.02427805236897
17,1653.44,68.93039188443258
17,1657.81,68.880227116719
17,1662.19,68.86050608744331
17,1666.56,68.86009237625062
17,1670.94,68.88341556880764
17,1675.3100000000002,68.95011240288554
17,1679.6899999999998,69.07762518731947
17,1684.06,69.26797370217452
17,1688.44,69.51569203073964
17,1692.81,69.8205096105432
17,1697.19,70.18024520630266
17,1701.56,70.5830139610145
17,1705.94,71.01347038013786
17,1710.31,71.4567783767603
17,1714.69,71.88490330793364
17,1719.06,72.28564401406301
17,1723.44,72.67599125069695
17,1727.8100000000002,73.05747970679157
17,1732.1899999999998,73.446745431326
17,1736.5600000000002,73.90682215948196
17,1740.9399999999998,74.46554154478996
17,1745.31,75.11207674566185
17,1749.69,75.81521729669534
17,1754.06,76.52258291221527
17,1758.44,77.2153066232307
17,1762.81,77.8683008648604
17,1767.19,78.47276790396369
17,1771.56,78.98967009792655
17,1775.94,79.42102466230861
17,1780.31,79.78656326596338
17,1784.69,80.06219276212252
17,1789.0600000000002,80.23454528805048
17,1999.06,153.8311090894261
17,2003.4399999999998,151.7788733416661
17,2007.8100000000002,149.9610024005671
17,2012.1899999999998,149.10775437070927
17,2016.5600000000002,148.16434411687234
17,2020.94,147.02976617957376
17,2025.3100000000002,146.0622423933608
17,2029.69,145.12224273289866
17,2034.0600000000002,144.1140852685626
17,2038.44,143.01195493043963
17,2042.8099999999997,141.8203768876477
17,2047.19,140.67417567077817
17,2051.56,139.5428371104763
17,2055.94,138.32638808076052
17,2060.31,137.1652899715581
17,2064.69,136.00166744573124
17,2069.06,134.7021022162869
17,2073.44,133.39763684674983
17,2077.81,132.22856445826164
17,2082.19,131.1798029715041
17,2086.56,130.16376881169955
17,2090.9399999999996,129.1195011941416
17,2095.31,128.02838894987133
17,2099.69,126.91671322787863
17,2104.06,125.85695122888363
17,2108.44,124.88473902414215
17,2112.81,123.95467327127886
17,2117.19,123.05095397863128
17,2121.56,122.18028741433835
17,2125.94,121.29948980378369
17,2130.31,120.3780606367709
17,2134.69,119.46780887566453
17,2139.0600000000004,118.5861030590611
17,2143.44,117.71172827044816
17,2147.8100000000004,116.82593676424608
17,2152.19,115.91661910585024
17,2156.56,115.03355282257488
17,2160.94,114.20696693075189
17,2165.31,113.39691355115784
17,2169.69,112.627271634593
17,2174.06,111.90900642502599
17,2178.44,111.21451348016724
17,2182.81,110.52765483561504
17,2187.19,109.82888772740804
17,2191.56,109.163537532889
17,2195.9399999999996,108.5605070811183
17,2200.31,108.06493773216914
17,2204.6899999999996,107.75801812373483
17,2209.06,107.60972303244687
17,2213.44,107.56269554694791
17,2217.81,107.66283791982467
17,2222.19,107.95829830774689
17,2226.56,108.3540150133379
17,2230.94,108.71049723182816
17,2235.31,109.04957635249927
17,2239.69,109.50756044689473
17,2244.06,110.1487308438225
17,2248.44,110.92949266159422
17,2252.8100000000004,111.776789497818
17,2257.19,112.65006710262841
17,2261.56,113.52318343231845
17,2265.94,114.4029791236569
17,2270.31,115.29026111420508
17,2274.69,116.13813771913112
17,2279.06,116.94878386695568
17,2283.44,117.81572549504101
17,2287.81,118.80485276731957
17,2292.19,119.89084575745788
17,2296.56,120.98828640657926
17,2300.94,121.97138628433389
17,2305.31,122.79830003037576
17,2309.6899999999996,123.45569690330456
17,2314.06,123.94986899481802
17,2318.44,124.42166490977272
17,2322.81,125.03236659256754
17,2327.19,125.74279148784746
17,2331.56,126.49322900102176
17,2335.94,127.40114520805423
17,2340.31,128.63849292631204
17,2344.69,130.1252679073255
17,2349.06,131.75574309907068
17,2353.44,133.60507357239487
17,2357.8100000000004,135.3668783882112
17,2362.19,136.86668008623212
17,2366.5600000000004,138.31041119469546
17,2370.94,139.89079678536118
17,2375.31,141.39810521397465
17,2379.69,142.65678431577044
17,2384.06,143.76860698366875
17,2388.44,144.716807273701
17,2392.81,145.4994730281474
17,2397.19,146.23037124839874
17,2401.56,146.89344647476295
17,2405.94,147.54176724931085
17,2410.31,148.35913144237773
17,2414.6899999999996,149.36149692825344
17,2419.06,150.31545611812328
17,2423.4399999999996,150.9243155403815
17,2427.81,151.42539574089741
17,2432.19,152.02146921071466
17,2436.56,152.79968774799505
17,2440.94,153.61768397548067
17,2445.31,154.7151494400538
17,2449.69,156.08041171933075
17,2454.06,156.12481204491488
17,2458.44,155.999304562713
17,2462.81,156.54586941273655
17,2467.19,157.47190390748466
17,2471.5600000000004,158.83746869236631
20,402.188,125.71813973702604
20,406.56199999999995,125.45181126762104
20,410.93800000000005,125.3230245448078
20,415.313,125.50798609463345
20,419.68699999999995,125.91994668339841
20,424.06300000000005,126.4568320835261
20,428.438,127.00456856748166
20,432.813,127.5224793553408
20,437.18800000000005,127.97133532748357
20,441.563,128.30437108529418
20,445.938,128.46352889682964
20,450.31300000000005,128.44856020847433
20,454.688,128.36291937405957
20,459.063,128.30709611160512
20,463.438,128.3274728380424
20,467.813,128.41581691617566
20,472.187,128.53163251729364
20,476.562,128.624331992902
20,480.938,128.60542669805625
20,485.313,128.37284341039046
20,489.688,127.85794788247058
20,494.063,126.98875632872915
20,498.438,125.61913498262254
20,502.812,123.60812103858163
20,507.188,120.98802381566
20,511.563,117.92428080697796
20,515.937,114.68135633417486
20,520.313,111.73834097198905
20,524.687,109.42624709791977
20,529.062,107.70789949392818
20,533.438,106.48912118911691
20,537.813,105.64906751721992
20,542.188,105.04910069563394
20,546.563,104.59768801456109
20,550.938,104.28577557445422
20,555.312,104.17227038245981
20,559.688,104.32259400354542
20,564.063,104.75802886135187
20,568.438,105.45114822844226
20,572.813,106.31202817335883
20,577.187,107.18605937042001
20,581.562,107.9754419152578
20,585.938,108.6917796419086
20,590.313,109.31401952703546
20,594.688,109.72190732623635
20,599.063,109.96452191300187
20,603.438,110.2808701887412
20,607.812,110.83303771788395
20,612.188,111.60781921008737
20,616.563,112.4570425436016
20,620.937,113.19498509899091
20,625.312,113.7302327925898
20,629.687,114.1187015596081
20,634.063,114.57113420702211
20,638.437,115.36929386065017
20,642.813,116.64110718473796
20,647.188,118.23075776865284
20,651.563,119.81966043236854
20,655.938,121.34776027296861
20,660.313,122.9984649539402
20,664.687,124.69813606042834
20,669.063,126.05021502610158
20,673.438,126.60005876588454
20,677.813,125.99647018337056
20,682.187,123.74355879659127
20,686.562,119.11998759537926
20,690.937,112.66565171023659
20,695.312,106.57122993552106
20,699.688,101.92950432750652
20,704.063,98.62592845442784
20,708.438,96.32822298664576
20,712.813,94.67783263681964
20,717.187,93.3369755668447
20,721.563,92.16890646268125
20,725.938,91.23373245668543
20,730.313,90.55209463774816
20,734.687,90.11020012439975
20,739.063,89.8483172332846
20,743.437,89.7065548482335
20,747.812,89.64852278264594
20,752.188,89.64754782057332
20,756.563,89.69429937079471
20,760.938,89.77105900754947
20,765.313,89.78183244321013
20,769.688,89.7293955960583
20,774.063,89.69864365855709
20,778.438,89.69425282214529
20,782.813,89.70246747514805
20,787.188,89.71675352449442
20,791.563,89.72501316458265
20,795.937,89.72571311176696
20,800.312,89.72670531800814
20,804.688,89.73028630725771
20,809.063,89.75062650804043
20,813.438,89.79232441970575
20,817.813,89.82210375027957
20,822.188,89.81422680828784
20,826.5630000000001,89.78746714465873
20,830.937,89.75346834266944
20,835.313,89.71053487962809
20,839.688,89.6660386299489
20,844.063,89.6281170344181
20,848.437,89.60147100659049
20,852.812,89.58374781282615
20,857.187,89.56815616515489
20,861.563,89.55367119749185
20,865.938,89.54179278961426
20,870.313,89.53324861432122
20,874.687,89.52884829608799
20,879.063,89.5292852020623
20,883.437,89.53511872681253
20,887.813,89.55236436119971
20,892.188,89.59132931852649
20,896.562,89.64637405430909
20,900.938,89.68685417845916
20,905.312,89.70433316807477
20,909.6880000000001,89.71761991761748
20,914.062,89.72023526639788
20,918.438,89.70745423645377
20,922.813,89.70345985513401
20,927.188,89.72588643473797
20,931.563,89.77877784611066
20,935.937,89.8596804802952
20,940.312,89.90820006552137
20,944.688,89.9075045616286
20,949.063,89.89478054790268
20,953.438,89.88738026693656
20,957.812,89.8850897186271
20,962.187,89.8746066153728
20,966.562,89.85094280812208
20,970.938,89.83055061868181
20,975.313,89.815692712353
20,979.688,89.78454786228784
20,984.063,89.73104472000236
20,988.438,89.6673437000988
20,992.812,89.607785030435
20,997.188,89.5673282489303
20,1001.5600000000001,89.54706758115024
20,1005.94,89.53409175244119
20,1010.3100000000001,89.51891515844828
20,1014.69,89.50151393398865
20,1019.0600000000001,89.4857421244687
20,1023.4399999999999,89.47138039592352
20,1027.81,89.45468307417332
20,1032.19,89.4365471940622
20,1036.56,89.42111303521408
20,1040.94,89.41056362123562
20,1045.31,89.40439209858205
20,1049.69,89.40116248090858
20,1054.06,89.39975881997914
20,1058.44,89.39963790203646
20,1062.81,89.40053702750345
20,1067.19,89.40170058547092
20,1071.5600000000002,89.40216022250723
20,1075.9399999999998,89.40298094619862
20,1080.3100000000002,89.40892120342279
20,1084.6899999999998,89.42201525198116
20,1089.06,89.44037218421043
20,1093.44,89.46697900304787
20,1097.81,89.50185571354505
20,1102.19,89.53483793163952
20,1106.56,89.55979785459876
20,1110.94,89.58362522604682
20,1115.31,89.61716419280981
20,1119.69,89.66967789877083
20,1124.06,89.73547420373603
20,1128.44,89.78442651259257
20,1132.8100000000002,89.83335235165974
20,1137.1899999999998,89.90922830758831
20,1141.56,90.0095965321678
20,1145.94,90.16688540124085
20,1150.31,90.3604243426746
20,1154.69,90.48857842687276
20,1159.06,90.55308952815189
20,1163.44,90.58724444021547
20,1167.81,90.60516211291635
20,1172.19,90.61574100345197
20,1176.56,90.62961936971398
20,1180.94,90.65111027216383
20,1185.3100000000002,90.67296858137254
20,1189.6899999999998,90.68619733143584
20,1194.06,90.69174368342684
20,1198.44,90.69115990234084
20,1202.81,90.6788502684961
20,1207.19,90.65588363288379
20,1211.56,90.62505458204325
20,1215.94,90.58430422884145
20,1220.31,90.54057556753278
20,1224.69,90.49926025642414
20,1229.06,90.45687687177617
20,1233.44,90.41471048635749
20,1237.8100000000002,90.37791042409326
20,1242.1899999999998,90.34851603238634
20,1246.56,90.3259430236604
20,1250.94,90.31083527096555
20,1255.31,90.30544389302486
20,1259.69,90.31243719342869
20,1264.06,90.3283364529982
20,1268.44,90.33997245428401
20,1272.81,90.3429263862848
20,1277.19,90.35143003426236
20,1281.56,90.37775475547424
20,1285.94,90.42381411815876
20,1290.3100000000002,90.48786770386116
20,1294.6899999999998,90.56959726310055
20,1299.0600000000002,90.66931951354401
20,1303.4399999999998,90.79067500611733
20,1307.81,90.94162968587659
20,1312.19,91.12532473989998
20,1316.56,91.33668610705207
20,1320.94,91.56700150849497
20,1325.31,91.81206102700287
20,1329.69,92.09831675674603
20,1334.06,92.43972158248161
20,1338.44,92.73145711182943
20,1342.81,92.9251401692683
20,1347.19,93.06751537314581
20,1500.31,108.63105158749453
20,1504.69,107.97013768902433
20,1509.0600000000002,107.32484934373576
20,1513.4399999999998,106.72824832997465
20,1517.8100000000002,106.14709496822809
20,1522.1899999999998,105.59767703616797
20,1526.56,105.08447086449404
20,1530.94,104.58905303219723
20,1535.31,104.11424380191983
20,1539.69,103.6630487669123
20,1544.06,103.2340362450688
20,1548.44,102.83046574271522
20,1552.81,102.45268638935252
20,1557.19,102.09802072424203
20,1561.56,101.77183387400437
20,1565.94,101.47063265521209
20,1570.3100000000002,101.17938277771019
20,1574.6899999999998,100.892457688484
20,1579.06,100.61949760912212
20,1583.44,100.36402425862802
20,1587.81,100.12146136632632
20,1592.19,99.89237503330743
20,1596.56,99.68331142053636
20,1600.94,99.48997906246309
20,1605.31,99.30327157149024
20,1609.69,99.11854472532089
20,1614.06,98.94006755376948
20,1618.44,98.77971126627965
20,1622.8100000000002,98.6373679404657
20,1627.1899999999998,98.50916791208658
20,1631.56,98.39562117027101
20,1635.94,98.29462214220229
20,1640.31,98.20554401024992
20,1644.69,98.13035499922925
20,1649.06,98.0680790040227
20,1653.44,98.0193732558718
20,1657.81,97.98569303770412
20,1662.19,97.96178800941175
20,1666.56,97.94005733783013
20,1670.94,97.91964450793648
20,1675.3100000000002,97.90761979695584
20,1679.6899999999998,97.91003922079338
20,1684.06,97.929058554063
20,1688.44,97.96599856834449
20,1692.81,98.02257443217867
20,1697.19,98.09946098637158
20,1701.56,98.1962400440281
20,1705.94,98.3101403619248
20,1710.31,98.4355394001303
20,1714.69,98.5644578704967
20,1719.06,98.69455591859916
20,1723.44,98.83022957477687
20,1727.8100000000002,98.96587030411871
20,1732.1899999999998,99.10109264019025
20,1736.5600000000002,99.25738703700287
20,1740.9399999999998,99.44522948570854
20,1745.31,99.65487967552285
20,1749.69,99.87448177162962
20,1754.06,100.09179577612866
20,1758.44,100.3060799443505
20,1762.81,100.50946095770716
20,1767.19,100.69645470660245
20,1771.56,100.86127770829876
20,1775.94,101.00603535767922
20,1780.31,101.12614930242381
20,1784.69,101.21480304216249
20,1789.0600000000002,101.27697167804001
20,1999.06,135.26260751890084
20,2003.4399999999998,134.2294766281492
20,2007.8100000000002,132.9111256816851
20,2012.1899999999998,131.76260397677797
20,2016.5600000000002,130.29582219394024
20,2020.94,128.90011351935908
20,2025.3100000000002,128.0350552362517
20,2029.69,127.42629007661965
20,2034.0600000000002,126.87369497415875
20,2038.44,126.29808066950987
20,2042.8099999999997,125.68863493695612
20,2047.19,125.14158263025186
20,2051.56,124.66193733999435
20,2055.94,124.12698381525568
20,2060.31,123.529876811494
20,2064.69,122.87299668759695
20,2069.06,122.12414044107564
20,2073.44,121.41335046475565
20,2077.81,120.83289919562891
20,2082.19,120.33105794683927
20,2086.56,119.84513559338748
20,2090.9399999999996,119.36494221139675
20,2095.31,118.89482389694375
20,2099.69,118.42575534380298
20,2104.06,117.97094157250945
20,2108.44,117.5539489600861
20,2112.81,117.16143462597176
20,2117.19,116.78001267283959
20,2121.56,116.40673148027341
20,2125.94,116.03744259399677
20,2130.31,115.67099708613146
20,2134.69,115.31849820801565
20,2139.0600000000004,114.97850584185217
20,2143.44,114.64780626930877
20,2147.8100000000004,114.31950001723604
20,2152.19,113.97678255565783
20,2156.56,113.63443515749758
20,2160.94,113.31098921044233
20,2165.31,112.99487493066202
20,2169.69,112.69641835230624
20,2174.06,112.4238366022282
20,2178.44,112.1684137522571
20,2182.81,111.92157090392605
20,2187.19,111.67640706391255
20,2191.56,111.45478149662105
20,2195.9399999999996,111.2654791314261
20,2200.31,111.10263783667227
20,2204.6899999999996,110.97423631373533
20,2209.06,110.88195124645202
20,2213.44,110.82735528578269
20,2217.81,110.81929304262445
20,2222.19,110.86700588822262
20,2226.56,110.96490932945726
20,2230.94,111.10079393073032
20,2235.31,111.28286147435998
20,2239.69,111.53183261137242
20,2244.06,111.86041179565802
20,2248.44,112.26348115831557
20,2252.8100000000004,112.72427922988541
20,2257.19,113.23049176382125
20,2261.56,113.77142035807111
20,2265.94,114.34052910487311
20,2270.31,114.92611996108108
20,2274.69,115.50728761843662
20,2279.06,116.08982092533677
20,2283.44,116.70774811177095
20,2287.81,117.37930057296255
20,2292.19,118.1076719501102
20,2296.56,118.86046180826652
20,2300.94,119.53705050472361
20,2305.31,120.06079069701492
20,2309.6899999999996,120.41447222144173
20,2314.06,120.64332703956782
20,2318.44,120.84909004818147
20,2322.81,121.13540015710367
20,2327.19,121.53099384120098
20,2331.56,122.01638514945739
20,2335.94,122.59761754290848
20,2340.31,123.3004274183536
20,2344.69,124.0625654937598
20,2349.06,124.82109300612605
20,2353.44,125.59762434876525
20,2357.8100000000004,126.29868771784227
20,2362.19,126.9294675186647
20,2366.5600000000004,127.62209347238569
20,2370.94,128.44839107078005
20,2375.31,129.2573499062043
20,2379.69,130.00468215314675
20,2384.06,130.78493352637253
20,2388.44,131.49784441049331
20,2392.81,132.09857323042291
20,2397.19,132.70740165879764
20,2401.56,133.37453939791206
20,2405.94,134.1737254407668
20,2410.31,135.18294557903607
20,2414.6899999999996,136.39843897836633
20,2419.06,137.4610105170477
20,2423.4399999999996,137.98499206598865
20,2427.81,138.4222503850354
20,2432.19,139.10428255123279
20,2436.56,140.15401392072303
20,2440.94,141.36738963027565
20,2445.31,143.27488645637777
20,2449.69,146.53706015190437
20,2454.06,147.75391476606862
20,2458.44,147.65323213457904
20,2462.81,148.68787834774025
20,2467.19,150.87680465281954
20,2471.5600000000004,154.0897307633308
22,402.188,107.1024184217201
22,406.56199999999995,107.22209338221344
22,410.93800000000005,107.57657224662205
22,415.313,108.22588214435814
22,419.68699999999995,109.06390156895999
22,424.06300000000005,109.9971832271253
22,428.438,110.92799073452268
22,432.813,111.78881864158082
22,437.18800000000005,112.50258720601312
22,441.563,113.05150974330968
22,445.938,113.41646967704506
22,450.31300000000005,113.60681636161614
22,454.688,113.70890458517037
22,459.063,113.80282700653473
22,463.438,113.92501983115086
22,467.813,114.08043087437865
22,472.187,114.25041880597857
22,476.562,114.39754256999024
22,480.938,114.45616101641112
22,485.313,114.3551462761244
22,489.688,114.05014777757802
22,494.063,113.49759960990733
22,498.438,112.61394789086322
22,502.812,111.32610839432648
22,507.188,109.66357688040706
22,511.563,107.73720689764932
22,515.937,105.72520551154976
22,520.313,103.9191410349364
22,524.687,102.49495170745855
22,529.062,101.422239968322
22,533.438,100.65306123409921
22,537.813,100.12003695946802
22,542.188,99.73632642097141
22,546.563,99.44063988306598
22,550.938,99.22963405058621
22,555.312,99.1512946644586
22,559.688,99.25691265891462
22,564.063,99.56280266966752
22,568.438,100.04425054645785
22,572.813,100.62675953841867
22,577.187,101.19914658945632
22,581.562,101.7089519553756
22,585.938,102.18615042966368
22,590.313,102.61045517771508
22,594.688,102.86916590522455
22,599.063,102.99183412389618
22,603.438,103.16227658173523
22,607.812,103.5008204724499
22,612.188,103.99437320818376
22,616.563,104.5408646364871
22,620.937,105.0240657841839
22,625.312,105.38977502074296
22,629.687,105.65836997851417
22,634.063,105.9409445181854
22,638.437,106.41777634537912
22,642.813,107.19644787099898
22,647.188,108.20336382521549
22,651.563,109.23722880096808
22,655.938,110.25358303878173
22,660.313,111.38197265644632
22,664.687,112.59089416319419
22,669.063,113.6043277125375
22,673.438,114.06422739780746
22,677.813,113.67397648477808
22,682.187,112.08042343053306
22,686.562,108.90475491214234
22,690.937,104.72048773751594
22,695.312,100.84149889066978
22,699.688,97.66638980298956
22,704.063,95.10562076657344
22,708.438,93.10834888930904
22,712.813,91.56349913364639
22,717.187,90.27373069483696
22,721.563,89.1734478242702
22,725.938,88.35044872989056
22,730.313,87.82298564108211
22,734.687,87.55492071888969
22,739.063,87.46576891512782
22,743.437,87.48073494751395
22,747.812,87.55133271660938
22,752.188,87.64733669379069
22,756.563,87.76786032355814
22,760.938,87.91741695567497
22,765.313,88.0030206522052
22,769.688,87.99968365726264
22,774.063,87.99448350973034
22,778.438,88.00038548629972
22,782.813,88.00695013498533
22,787.188,88.01281428614641
22,791.563,88.01085513159734
22,795.937,88.00128837104728
22,800.312,87.99178317813289
22,804.688,87.98477398972848
22,809.063,87.99373366390975
22,813.438,88.02205915071035
22,817.813,88.03753778154551
22,822.188,88.01672404686786
22,826.5630000000001,87.97783712759215
22,830.937,87.93179469385733
22,835.313,87.87802774422589
22,839.688,87.82419792523413
22,844.063,87.77754119944633
22,848.437,87.74173813074643
22,852.812,87.71405031101881
22,857.187,87.68821596642782
22,861.563,87.66361509913803
22,865.938,87.6413448752396
22,870.313,87.62184502278386
22,874.687,87.60593729115146
22,879.063,87.5942606899165
22,883.437,87.58794396148923
22,887.813,87.59340680152702
22,892.188,87.62043237341017
22,896.562,87.66239348617233
22,900.938,87.68952101713833
22,905.312,87.6951700025979
22,909.6880000000001,87.69673646351347
22,914.062,87.68608668738518
22,918.438,87.6594967432561
22,922.813,87.64210604874691
22,927.188,87.6505218723286
22,931.563,87.68225661063529
22,935.937,87.7169692079345
22,940.312,87.7060740807128
22,944.688,87.6508995079525
22,949.063,87.57581497319156
22,953.438,87.50460963739725
22,957.812,87.4495559280818
22,962.187,87.40410085433342
22,966.562,87.36171311236977
22,970.938,87.33212052971243
22,975.313,87.31246292591571
22,979.688,87.28015838426944
22,984.063,87.22740014042016
22,988.438,87.16255691337183
22,992.812,87.101225659346
22,997.188,87.064100862554
22,1001.5600000000001,87.05358525542358
22,1005.94,87.0543863817767
22,1010.3100000000001,87.05554996199697
22,1014.69,87.05590665963628
22,1019.0600000000001,87.05882291769008
22,1023.4399999999999,87.06363317023163
22,1027.81,87.06645287645121
22,1032.19,87.06747670213937
22,1036.56,87.06989121944444
22,1040.94,87.07470546327333
22,1045.31,87.08017569286872
22,1049.69,87.08429399795136
22,1054.06,87.08559361052954
22,1058.44,87.08445852714783
22,1062.81,87.08212581389047
22,1067.19,87.07886044735291
22,1071.5600000000002,87.0740345079179
22,1075.9399999999998,87.06886638233308
22,1080.3100000000002,87.06748835490984
22,1084.6899999999998,87.07167585490414
22,1089.06,87.07965050658939
22,1093.44,87.0938390820461
22,1097.81,87.11399424209789
22,1102.19,87.13110013545628
22,1106.56,87.14042176660742
22,1110.94,87.14983784866003
22,1115.31,87.16909257031118
22,1119.69,87.20045741072757
22,1124.06,87.22394199875022
22,1128.44,87.20721527594687
22,1132.8100000000002,87.18134841897866
22,1137.1899999999998,87.1853746893551
22,1141.56,87.21841001431837
22,1145.94,87.29203664760865
22,1150.31,87.40480408834752
22,1154.69,87.4887343393595
22,1159.06,87.53263210564035
22,1163.44,87.55523147389326
22,1167.81,87.56447270580783
22,1172.19,87.56666894629328
22,1176.56,87.57144542609129
22,1180.94,87.58257403682452
22,1185.3100000000002,87.59276585016038
22,1189.6899999999998,87.59439586602788
22,1194.06,87.59048755881945
22,1198.44,87.5839167463485
22,1202.81,87.57011080842965
22,1207.19,87.5499341966558
22,1211.56,87.52517771597874
22,1215.94,87.4926881341359
22,1220.31,87.45790241653253
22,1224.69,87.42526776563118
22,1229.06,87.39172654161973
22,1233.44,87.35913295348236
22,1237.8100000000002,87.33230859117803
22,1242.1899999999998,87.31290841085516
22,1246.56,87.3003935620243
22,1250.94,87.2949081486902
22,1255.31,87.29781286485833
22,1259.69,87.31136177969093
22,1264.06,87.33193160449657
22,1268.44,87.34564260947916
22,1272.81,87.34735473005945
22,1277.19,87.35124781102233
22,1281.56,87.36953613543503
22,1285.94,87.40449134066715
22,1290.3100000000002,87.45486383751815
22,1294.6899999999998,87.51987584973294
22,1299.0600000000002,87.59876226091451
22,1303.4399999999998,87.69426578292948
22,1307.81,87.8140355057867
22,1312.19,87.96157592410582
22,1316.56,88.13256172725616
22,1320.94,88.32080614685471
22,1325.31,88.52426136005458
22,1329.69,88.7658075169524
22,1334.06,89.05752094883348
22,1338.44,89.30902518488573
22,1342.81,89.4774964713818
22,1347.19,89.60255900430303
22,1500.31,102.45790946379148
22,1504.69,101.95474725360043
22,1509.0600000000002,101.4591578013865
22,1513.4399999999998,100.99892005827942
22,1517.8100000000002,100.54751372440226
22,1522.1899999999998,100.11668357604853
22,1526.56,99.71119121205749
22,1530.94,99.31656499509928
22,1535.31,98.93468634800989
22,1539.69,98.56974361827983
22,1544.06,98.22164981858977
22,1548.44,97.89330561467912
22,1552.81,97.58538565077859
22,1557.19,97.29647392914002
22,1561.56,97.03083783453543
22,1565.94,96.78515297272125
22,1570.3100000000002,96.54669320991064
22,1574.6899999999998,96.31039785164958
22,1579.06,96.08458498166969
22,1583.44,95.87255182192881
22,1587.81,95.67093617893575
22,1592.19,95.4805250942504
22,1596.56,95.30746568386891
22,1600.94,95.14829061929747
22,1605.31,94.99434409393413
22,1609.69,94.84080735170903
22,1614.06,94.69147306143142
22,1618.44,94.55719999596408
22,1622.8100000000002,94.4381475991459
22,1627.1899999999998,94.33119096905371
22,1631.56,94.23671273313074
22,1635.94,94.15238082747742
22,1640.31,94.07741045065094
22,1644.69,94.01401257238271
22,1649.06,93.96158611786105
22,1653.44,93.92186091127934
22,1657.81,93.89724060228913
22,1662.19,93.88289992864313
22,1666.56,93.87023360584209
22,1670.94,93.85671596903494
22,1675.3100000000002,93.8481967250428
22,1679.6899999999998,93.84951777114242
22,1684.06,93.86035014385482
22,1688.44,93.87992279566662
22,1692.81,93.90991540710093
22,1697.19,93.95322178228474
22,1701.56,94.01382789755647
22,1705.94,94.09298821519884
22,1710.31,94.18797472455402
22,1714.69,94.29383541578687
22,1719.06,94.40852083047388
22,1723.44,94.53409459718473
22,1727.8100000000002,94.66113520173974
22,1732.1899999999998,94.78446510587685
22,1736.5600000000002,94.92010883380517
22,1740.9399999999998,95.07625554744814
22,1745.31,95.2445210363558
22,1749.69,95.41795842604863
22,1754.06,95.59045008926708
22,1758.44,95.76331762798894
22,1762.81,95.92994033631929
22,1767.19,96.08405930296033
22,1771.56,96.22113221494116
22,1775.94,96.343476927494
22,1780.31,96.44632381859465
22,1784.69,96.52494599970089
22,1789.0600000000002,96.5829049060676
22,1999.06,121.4473286802273
22,2003.4399999999998,120.9066495995385
22,2007.8100000000002,120.0933190992548
22,2012.1899999999998,119.27859830348177
22,2016.5600000000002,118.16206001996336
22,2020.94,117.07619323611421
22,2025.3100000000002,116.43172175759173
22,2029.69,116.01308885066605
22,2034.0600000000002,115.63948066835891
22,2038.44,115.23583259242534
22,2042.8099999999997,114.79570625718021
22,2047.19,114.40336574492767
22,2051.56,114.07555215193679
22,2055.94,113.70411565658358
22,2060.31,113.26112002570221
22,2064.69,112.75088136446118
22,2069.06,112.15766714422666
22,2073.44,111.59890889914219
22,2077.81,111.155636062474
22,2082.19,110.78043234834153
22,2086.56,110.41762277163798
22,2090.9399999999996,110.05948452359023
22,2095.31,109.71069531087964
22,2099.69,109.36435483579747
22,2104.06,109.02809646529778
22,2108.44,108.71916890270438
22,2112.81,108.42910596862241
22,2117.19,108.14693513248072
22,2121.56,107.87056822495202
22,2125.94,107.59771853221925
22,2130.31,107.32971275035406
22,2134.69,107.07522786326543
22,2139.0600000000004,106.83444130497892
22,2143.44,106.60521293188809
22,2147.8100000000004,106.38357814002231
22,2152.19,106.15565552928827
22,2156.56,105.92679519366833
22,2160.94,105.70917873334484
22,2165.31,105.49567361658407
22,2169.69,105.2933282009842
22,2174.06,105.10822588468214
22,2178.44,104.9333917507965
22,2182.81,104.76430328017092
22,2187.19,104.59693886233028
22,2191.56,104.44742781209885
22,2195.9399999999996,104.32261754161145
22,2200.31,104.21620674626637
22,2204.6899999999996,104.13013240481814
22,2209.06,104.06570759683011
22,2213.44,104.02603866271949
22,2217.81,104.01757721299118
22,2222.19,104.04396870893684
22,2226.56,104.1002416343197
22,2230.94,104.17780636420409
22,2235.31,104.28126437732399
22,2239.69,104.42412355724262
22,2244.06,104.61550716208879
22,2248.44,104.85337759180229
22,2252.8100000000004,105.12946682142163
22,2257.19,105.43790241542213
22,2261.56,105.77217956759995
22,2265.94,106.12831177901747
22,2270.31,106.4973584831564
22,2274.69,106.86389900640356
22,2279.06,107.22858393085075
22,2283.44,107.61143564898701
22,2287.81,108.02548713280704
22,2292.19,108.47314292283671
22,2296.56,108.93357866094391
22,2300.94,109.34835755492851
22,2305.31,109.67700374498186
22,2309.6899999999996,109.91438225503609
22,2314.06,110.08981462112573
22,2318.44,110.26199097175216
22,2322.81,110.4831591337974
22,2327.19,110.76202269329183
22,2331.56,111.09046095800078
22,2335.94,111.48063125800138
22,2340.31,111.95536542872746
22,2344.69,112.47678037224931
22,2349.06,113.00833581480687
22,2353.44,113.56271096816133
22,2357.8100000000004,114.06852974099814
22,2362.19,114.52714874479895
22,2366.5600000000004,115.03500151565704
22,2370.94,115.63998532612968
22,2375.31,116.22664906994736
22,2379.69,116.76848204363695
22,2384.06,117.3290791913445
22,2388.44,117.81956093970516
22,2392.81,118.21815054580837
22,2397.19,118.62775751692907
22,2401.56,119.09511420914936
22,2405.94,119.68142739675282
22,2410.31,120.44420540118522
22,2414.6899999999996,121.3531464602001
22,2419.06,122.04776167501797
22,2423.4399999999996,122.29174152933216
22,2427.81,122.52136205671951
22,2432.19,122.95547450199496
22,2436.56,123.6402494835207
22,2440.94,124.50721888945755
22,2445.31,126.06466149950901
22,2449.69,128.72774362998783
22,2454.06,129.4041000251509
22,2458.44,129.07667614959868
22,2462.81,129.923046878672
22,2467.19,131.898424443999
22,2471.5600000000004,134.83159138693324
25,402.188,108.08458037287052
25,406.56199999999995,108.40254108347605
25,410.93800000000005,109.02953615601251
25,415.313,109.96961865137705
25,419.68699999999995,111.08181997968964
25,424.06300000000005,112.25776857689638
25,428.438,113.37992316645898
25,432.813,114.37935539966007
25,437.18800000000005,115.1923870542185
25,441.563,115.82697986041646
25,445.938,116.28519486763413
25,450.31300000000005,116.57688650447146
25,454.688,116.78088806318532
25,459.063,116.97423429913061
25,463.438,117.1911762748129
25,467.813,117.43911347786695
25,472.187,117.69624058821402
25,476.562,117.9189486169939
25,480.938,118.04716941729635
25,485.313,118.0293480700875
25,489.688,117.8321616570142
25,494.063,117.40649587091214
25,498.438,116.66338333879128
25,502.812,115.51803861810026
25,507.188,113.96185693971148
25,511.563,112.0722116443893
25,515.937,110.01485050366351
25,520.313,108.09563677848178
25,524.687,106.53028345632742
25,529.062,105.32229392662123
25,533.438,104.44395156250428
25,537.813,103.8321962749472
25,542.188,103.39273073240871
25,546.563,103.05560169886161
25,550.938,102.81755241815304
25,555.312,102.73944710583966
25,559.688,102.88706654479223
25,564.063,103.27906768476736
25,568.438,103.88254772203331
25,572.813,104.60823417766274
25,577.187,105.32176713512622
25,581.562,105.95641341860656
25,585.938,106.54632298526663
25,590.313,107.07565771006489
25,594.688,107.4191472681447
25,599.063,107.60485064126277
25,603.438,107.83516114466276
25,607.812,108.24466898195631
25,612.188,108.82023675444276
25,616.563,109.45072619432818
25,620.937,110.00956576119698
25,625.312,110.4387201189135
25,629.687,110.76492321920017
25,634.063,111.11900661119174
25,638.437,111.70124414695512
25,642.813,112.61662693994448
25,647.188,113.75737234694765
25,651.563,114.8781444410891
25,655.938,115.9222846129394
25,660.313,117.04205269192198
25,664.687,118.22196562954119
25,669.063,119.18924713407513
25,673.438,119.59772923563854
25,677.813,119.16890824884152
25,682.187,117.53471102413855
25,686.562,114.20706450643398
25,690.937,109.60919671170608
25,695.312,105.1072564358168
25,699.688,101.29819495257912
25,704.063,98.21987918093839
25,708.438,95.84894439628346
25,712.813,94.03341208992325
25,717.187,92.51870198802645
25,721.563,91.21891326060589
25,725.938,90.23660144500974
25,730.313,89.59296997840472
25,734.687,89.24620910755725
25,739.063,89.1045943098457
25,743.437,89.08352857750705
25,747.812,89.12972451158208
25,752.188,89.21166865479583
25,756.563,89.32830088233779
25,760.938,89.4847799414116
25,765.313,89.58438705412794
25,769.688,89.59319315758515
25,774.063,89.59778830335922
25,778.438,89.61134017150366
25,782.813,89.62307239983937
25,787.188,89.6327506244906
25,791.563,89.6338664820184
25,795.937,89.62666150644253
25,800.312,89.61902129843008
25,804.688,89.61340943104511
25,809.063,89.6241255619572
25,813.438,89.65473220748653
25,817.813,89.67126800346036
25,822.188,89.64854390056256
25,826.5630000000001,89.60537009545315
25,830.937,89.5540000960093
25,835.313,89.4953119157168
25,839.688,89.43820718297604
25,844.063,89.38990526616482
25,848.437,89.35376429457054
25,852.812,89.32646704792629
25,857.187,89.30130711134656
25,861.563,89.27742256758327
25,865.938,89.25584510865349
25,870.313,89.23688710923349
25,874.687,89.2212989088273
25,879.063,89.20975618415396
25,883.437,89.20349808894242
25,887.813,89.20943572853503
25,892.188,89.23791090833284
25,896.562,89.28193960964734
25,900.938,89.31018960896895
25,905.312,89.31542352949016
25,909.6880000000001,89.31504320898026
25,914.062,89.29944456530922
25,918.438,89.26427921167935
25,922.813,89.23668075634471
25,927.188,89.23413063466235
25,931.563,89.25058038031891
25,935.937,89.25735808560586
25,940.312,89.2153497391765
25,944.688,89.13302402380928
25,949.063,89.02561903815996
25,953.438,88.91970987516258
25,957.812,88.834069533547
25,962.187,88.76610344911396
25,966.562,88.70981124780614
25,970.938,88.67276797355306
25,975.313,88.64985015943574
25,979.688,88.61685648313431
25,984.063,88.5654710617549
25,988.438,88.50491900104703
25,992.812,88.45248600471187
25,997.188,88.42993328186792
25,1001.5600000000001,88.43822921079946
25,1005.94,88.45881059472404
25,1010.3100000000001,88.47779726938701
25,1014.69,88.49380612095548
25,1019.0600000000001,88.51200551437962
25,1023.4399999999999,88.53269302502854
25,1027.81,88.55117160197528
25,1032.19,88.56701412212014
25,1036.56,88.58375348016713
25,1040.94,88.60252601327538
25,1045.31,88.62142966383969
25,1049.69,88.63867914250211
25,1054.06,88.65269446188924
25,1058.44,88.66292279231475
25,1062.81,88.66976171004156
25,1067.19,88.67305272355543
25,1071.5600000000002,88.67194929629915
25,1075.9399999999998,88.66745017224748
25,1080.3100000000002,88.66387004594561
25,1084.6899999999998,88.6630648965098
25,1089.06,88.66368564546643
25,1093.44,88.66916545929449
25,1097.81,88.68017901471546
25,1102.19,88.6881761231591
25,1106.56,88.68914166427334
25,1110.94,88.69178984286107
25,1115.31,88.70528069024964
25,1119.69,88.72776754220209
25,1124.06,88.7272398177349
25,1128.44,88.66247205559094
25,1132.8100000000002,88.57568193609082
25,1137.1899999999998,88.52194828347146
25,1141.56,88.5049181572997
25,1145.94,88.52243414567126
25,1150.31,88.58714689159345
25,1154.69,88.64745269379279
25,1159.06,88.6810372832565
25,1163.44,88.69867617706501
25,1167.81,88.70535626070108
25,1172.19,88.70658229415803
25,1176.56,88.7119782884136
25,1180.94,88.7251295747157
25,1185.3100000000002,88.73777419508637
25,1189.6899999999998,88.74143299200006
25,1194.06,88.7395868345141
25,1198.44,88.73568136418301
25,1202.81,88.72462824292954
25,1207.19,88.70642293588725
25,1211.56,88.68241363855802
25,1215.94,88.649157012574
25,1220.31,88.61303798347015
25,1224.69,88.57949449465136
25,1229.06,88.54566765535758
25,1233.44,88.51339490401338
25,1237.8100000000002,88.48760864834487
25,1242.1899999999998,88.46987900276756
25,1246.56,88.45940092576569
25,1250.94,88.4561220205279
25,1255.31,88.46149647272732
25,1259.69,88.47787662309032
25,1264.06,88.50108149843672
25,1268.44,88.51542678786541
25,1272.81,88.51474463684139
25,1277.19,88.51433759665738
25,1281.56,88.52745266749439
25,1285.94,88.5566737856821
25,1290.3100000000002,88.60068328173779
25,1294.6899999999998,88.65841581173984
25,1299.0600000000002,88.72920280329973
25,1303.4399999999998,88.81655058094545
25,1307.81,88.92902802287838
25,1312.19,89.07027313305902
25,1316.56,89.23644581445464
25,1320.94,89.42297251227447
25,1325.31,89.62867793988909
25,1329.69,89.87691977774016
25,1334.06,90.18014595441119
25,1338.44,90.44351028688776
25,1342.81,90.6204050485015
25,1347.19,90.75173326820288
25,1500.31,106.29128904891869
25,1504.69,105.65947568712639
25,1509.0600000000002,105.03884245486785
25,1513.4399999999998,104.46258712003946
25,1517.8100000000002,103.8981830720029
25,1522.1899999999998,103.3611754214387
25,1526.56,102.85672267157379
25,1530.94,102.36721951489247
25,1535.31,101.8956010393053
25,1539.69,101.44609406691683
25,1544.06,101.01862706864841
25,1548.44,100.61685461598313
25,1552.81,100.24131270750887
25,1557.19,99.889684924248
25,1561.56,99.56719695378028
25,1565.94,99.26967730143701
25,1570.3100000000002,98.98181301288456
25,1574.6899999999998,98.6972659595418
25,1579.06,98.42596193998824
25,1583.44,98.17196396371715
25,1587.81,97.93138332645063
25,1592.19,97.70465228594354
25,1596.56,97.49931561348151
25,1600.94,97.31112737202542
25,1605.31,97.13023299122742
25,1609.69,96.95133953559125
25,1614.06,96.77797312821946
25,1618.44,96.62253469851075
25,1622.8100000000002,96.4849845917279
25,1627.1899999999998,96.36215981961038
25,1631.56,96.25489970311007
25,1635.94,96.16062277208789
25,1640.31,96.07842200825641
25,1644.69,96.01066092763637
25,1649.06,95.95631216834289
25,1653.44,95.91682232959386
25,1657.81,95.89379025373964
25,1662.19,95.88073021223342
25,1666.56,95.86784041672992
25,1670.94,95.85310729927508
25,1675.3100000000002,95.84438196270875
25,1679.6899999999998,95.84827289868218
25,1684.06,95.86500460561297
25,1688.44,95.8942069098038
25,1692.81,95.93724928525707
25,1697.19,95.99634320660361
25,1701.56,96.07457562403795
25,1705.94,96.17268194106077
25,1710.31,96.2877865811394
25,1714.69,96.41449029042737
25,1719.06,96.55091029595064
25,1723.44,96.69906447210981
25,1727.8100000000002,96.84718595477034
25,1732.1899999999998,96.9887448440902
25,1736.5600000000002,97.14341004222564
25,1740.9399999999998,97.32337645372604
25,1745.31,97.52137719754886
25,1749.69,97.7290948296925
25,1754.06,97.93733675175996
25,1758.44,98.14581770102477
25,1762.81,98.34563208987713
25,1767.19,98.52942981114992
25,1771.56,98.69203578971974
25,1775.94,98.83659032199004
25,1780.31,98.95835197574398
25,1784.69,99.05093531667546
25,1789.0600000000002,99.11769213391517
25,1999.06,129.37224075023425
25,2003.4399999999998,128.71979739750577
25,2007.8100000000002,127.79761838404981
25,2012.1899999999998,126.92163344677981
25,2016.5600000000002,125.71956924666512
25,2020.94,124.52566288907836
25,2025.3100000000002,123.80569125007723
25,2029.69,123.329772148977
25,2034.0600000000002,122.89547726015286
25,2038.44,122.41957036831215
25,2042.8099999999997,121.89663277431302
25,2047.19,121.42703231319192
25,2051.56,121.0309984809
25,2055.94,120.58611004126819
25,2060.31,120.06291020928919
25,2064.69,119.46275388454592
25,2069.06,118.76425298846331
25,2073.44,118.10297853558612
25,2077.81,117.57392151493313
25,2082.19,117.12478069465251
25,2086.56,116.69155096577255
25,2090.9399999999996,116.26186456132812
25,2095.31,115.83922343551801
25,2099.69,115.41823776863114
25,2104.06,115.01120418226827
25,2108.44,114.63665490422864
25,2112.81,114.28335949913534
25,2117.19,113.93981751355054
25,2121.56,113.603552887348
25,2125.94,113.26855057531289
25,2130.31,112.93475697421226
25,2134.69,112.61638164929204
25,2139.0600000000004,112.31417518380292
25,2143.44,112.02321637335643
25,2147.8100000000004,111.73733488081565
25,2152.19,111.44140305496042
25,2156.56,111.14401185203042
25,2160.94,110.86097329877767
25,2165.31,110.58278065570374
25,2169.69,110.31838159440639
25,2174.06,110.0748931528772
25,2178.44,109.84432204294832
25,2182.81,109.62024258556877
25,2187.19,109.39718291344043
25,2191.56,109.1948318316428
25,2195.9399999999996,109.0221801491985
25,2200.31,108.87412971762286
25,2204.6899999999996,108.75577664963265
25,2209.06,108.66703309211134
25,2213.44,108.60856324389817
25,2217.81,108.59073811220009
25,2222.19,108.62176816440936
25,2226.56,108.69236703165328
25,2230.94,108.78714995416605
25,2235.31,108.91201343975678
25,2239.69,109.08830004408141
25,2244.06,109.3280034404325
25,2248.44,109.62583050312027
25,2252.8100000000004,109.9661471524607
25,2257.19,110.33759336702953
25,2261.56,110.7313638056144
25,2265.94,111.14629847210462
25,2270.31,111.5769126083227
25,2274.69,112.00406720461473
25,2279.06,112.42623210554503
25,2283.44,112.86952603060081
25,2287.81,113.35154889843739
25,2292.19,113.87467418414788
25,2296.56,114.41232821544342
25,2300.94,114.89700691716274
25,2305.31,115.28681121748934
25,2309.6899999999996,115.5756107098668
25,2314.06,115.7914716245231
25,2318.44,116.00263723947191
25,2322.81,116.27258216324088
25,2327.19,116.60724756729914
25,2331.56,116.99526986775213
25,2335.94,117.45875321595945
25,2340.31,118.03326477074496
25,2344.69,118.67198741563885
25,2349.06,119.32833037612987
25,2353.44,120.02207875908644
25,2357.8100000000004,120.66256271265665
25,2362.19,121.24148336036014
25,2366.5600000000004,121.87119830818499
25,2370.94,122.61485601554001
25,2375.31,123.33434863212818
25,2379.69,123.99097614968575
25,2384.06,124.65557341204045
25,2388.44,125.23094833251396
25,2392.81,125.69462410723827
25,2397.19,126.16426256418474
25,2401.56,126.6895608767216
25,2405.94,127.34319731655866
25,2410.31,128.2015275283479
25,2414.6899999999996,129.22141434966562
25,2419.06,129.98161552907536
25,2423.4399999999996,130.2379864516124
25,2427.81,130.48979586821739
25,2432.19,130.97254915402704
25,2436.56,131.7303147488019
25,2440.94,132.69222738021324
25,2445.31,134.4235376044344
25,2449.69,137.33579695291803
25,2454.06,137.98745642607736
25,2458.44,137.59909636985734
25,2462.81,138.56170285024675
25,2467.19,140.79737257622028
25,2471.5600000000004,144.1112370392315
27,402.188,145.3881428201906
27,406.56199999999995,144.62481224569478
27,410.93800000000005,143.71374123638427
27,415.313,142.93600398197287
27,419.68699999999995,142.36283590128812
27,424.06300000000005,141.96583937961933
27,428.438,141.62763908464873
27,432.813,141.32574225540094
27,437.18800000000005,141.06039711626218
27,441.563,140.74538255768317
27,445.938,140.29828964543893
27,450.31300000000005,139.73549154713461
27,454.688,139.16364907414143
27,459.063,138.685647096391
27,463.438,138.3569241095154
27,467.813,138.1553218678572
27,472.187,138.01665117590397
27,476.562,137.87866454642258
27,480.938,137.6331270035693
27,485.313,137.1113016635339
27,489.688,136.17872727529064
27,494.063,134.74700304986033
27,498.438,132.64513887843364
27,502.812,129.75301340688713
27,507.188,126.23440835280164
27,511.563,122.35276690919048
27,515.937,118.40130300360462
27,520.313,114.91097254827906
27,524.687,112.22344443659082
27,529.062,110.25300093542576
27,533.438,108.8648918602618
27,537.813,107.90976947128827
27,542.188,107.22820095318212
27,546.563,106.7200113544275
27,550.938,106.37132312389947
27,555.312,106.23853922396727
27,559.688,106.38503635337422
27,564.063,106.8302167141203
27,568.438,107.54835784423902
27,572.813,108.45503723846572
27,577.187,109.39177487011536
27,581.562,110.23709291344808
27,585.938,110.97818749456569
27,590.313,111.60550172251867
27,594.688,112.0401613870167
27,599.063,112.34221034191951
27,603.438,112.7347678624582
27,607.812,113.3762887300635
27,612.188,114.25768615206475
27,616.563,115.2259728645873
27,620.937,116.0717087836131
27,625.312,116.68380853731482
27,629.687,117.13278589243914
27,634.063,117.67078334148778
27,638.437,118.60974002091491
27,642.813,120.09706425050008
27,647.188,121.99425509346639
27,651.563,123.99112149535947
27,655.938,126.04749997350697
27,660.313,128.3917323526802
27,664.687,130.92145505206724
27,669.063,133.07278402960492
27,673.438,134.13442135049067
27,677.813,133.51151242225563
27,682.187,130.46332170621938
27,686.562,124.23053544429987
27,690.937,116.0764154730774
27,695.312,108.91963938319043
27,699.688,103.69684972334554
27,704.063,99.99858500411895
27,708.438,97.3877114827714
27,712.813,95.47558712102233
27,717.187,93.91091335258415
27,721.563,92.5843848714867
27,725.938,91.58733289681518
27,730.313,90.92686091445732
27,734.687,90.55304015529195
27,739.063,90.37150059751362
27,743.437,90.30017483675651
27,747.812,90.29289889312771
27,752.188,90.32460101579501
27,756.563,90.3918284515222
27,760.938,90.48514941475332
27,765.313,90.51558729840026
27,769.688,90.4788959575946
27,774.063,90.45439248926978
27,778.438,90.44692062910488
27,782.813,90.44438061590037
27,787.188,90.44352078639484
27,791.563,90.43530813372213
27,795.937,90.41959078122174
27,800.312,90.40421931048171
27,804.688,90.39152149130221
27,809.063,90.39506002084656
27,813.438,90.41761096274534
27,817.813,90.42619042600471
27,822.188,90.39854638523133
27,826.5630000000001,90.35377354294172
27,830.937,90.30221692099036
27,835.313,90.24270074469892
27,839.688,90.18292066099188
27,844.063,90.13020389557637
27,848.437,90.08824453191258
27,852.812,90.05412097528885
27,857.187,90.02195096455536
27,861.563,89.99140870616274
27,865.938,89.96313995168916
27,870.313,89.93760964047777
27,874.687,89.91625620186062
27,879.063,89.8993606317785
27,883.437,89.88769600937884
27,887.813,89.88816530292307
27,892.188,89.91078642686261
27,896.562,89.947856164987
27,900.938,89.9688402453659
27,905.312,89.96879966583305
27,909.6880000000001,89.96530241953572
27,914.062,89.94934027861244
27,918.438,89.91807108762207
27,922.813,89.89835622064129
27,927.188,89.90725389297025
27,931.563,89.94357332930754
27,935.937,89.9898715716063
27,940.312,89.99367298458414
27,944.688,89.9526716788981
27,949.063,89.89277431146864
27,953.438,89.83435552017586
27,957.812,89.78451067266339
27,962.187,89.73486048735374
27,966.562,89.68424040070514
27,970.938,89.64744039650844
27,975.313,89.62179327376383
27,979.688,89.58323051420271
27,984.063,89.52007742965299
27,988.438,89.43546687007175
27,992.812,89.35044552616988
27,997.188,89.2981539800095
27,1001.5600000000001,89.28198264758458
27,1005.94,89.27936676227232
27,1010.3100000000001,89.27458478753027
27,1014.69,89.26639591306885
27,1019.0600000000001,89.25968827990583
27,1023.4399999999999,89.25442924883703
27,1027.81,89.24667112376795
27,1032.19,89.23720479800242
27,1036.56,89.23002069832245
27,1040.94,89.22683463275655
27,1045.31,89.22665590173011
27,1049.69,89.22768557854161
27,1054.06,89.22816738304374
27,1058.44,89.227391642083
27,1062.81,89.2254424759962
27,1067.19,89.22200451012107
27,1071.5600000000002,89.21639840589528
27,1075.9399999999998,89.2102680235039
27,1080.3100000000002,89.20850064913796
27,1084.6899999999998,89.21332882920323
27,1089.06,89.22286669603885
27,1093.44,89.23951665200136
27,1097.81,89.26326136310128
27,1102.19,89.28507230729848
27,1106.56,89.29975930456904
27,1110.94,89.31411677999098
27,1115.31,89.33712564346388
27,1119.69,89.37148966044165
27,1124.06,89.39946045786961
27,1128.44,89.39130750009238
27,1132.8100000000002,89.3743401812174
27,1137.1899999999998,89.38638887979766
27,1141.56,89.42915279290747
27,1145.94,89.52043270053323
27,1150.31,89.65827273425225
27,1154.69,89.76114838793073
27,1159.06,89.81588612645356
27,1163.44,89.84514885921388
27,1167.81,89.85972015152146
27,1172.19,89.86752206264757
27,1176.56,89.87859374333449
27,1180.94,89.8968507373087
27,1185.3100000000002,89.91532784453365
27,1189.6899999999998,89.92537025837845
27,1194.06,89.92862958739377
27,1198.44,89.92720536521645
27,1202.81,89.91660082751407
27,1207.19,89.89787712173461
27,1211.56,89.8734220968339
27,1215.94,89.84075298873636
27,1220.31,89.8060047211091
27,1224.69,89.77406026313652
27,1229.06,89.74147036407653
27,1233.44,89.70954301499373
27,1237.8100000000002,89.68325189983564
27,1242.1899999999998,89.66452780596987
27,1246.56,89.65269144284835
27,1250.94,89.64803515522006
27,1255.31,89.65238067310638
27,1259.69,89.66835406258552
27,1264.06,89.692897863475
27,1268.44,89.7130799679346
27,1272.81,89.72377696131728
27,1277.19,89.73842852572795
27,1281.56,89.76925169236016
27,1285.94,89.8184473098303
27,1290.3100000000002,89.88456864602739
27,1294.6899999999998,89.96796248656123
27,1299.0600000000002,90.06953351764557
27,1303.4399999999998,90.193476732141
27,1307.81,90.34883200741311
27,1312.19,90.5409631485081
27,1316.56,90.76773499193885
27,1320.94,91.02158171197912
27,1325.31,91.29864606865593
27,1329.69,91.63174082283302
27,1334.06,92.04260699513047
27,1338.44,92.40596191094608
27,1342.81,92.65258832358221
27,1347.19,92.83039373530026
27,1500.31,123.47076066077985
27,1504.69,121.96549213224164
27,1509.0600000000002,120.49956167391022
27,1513.4399999999998,119.13475098379067
27,1517.8100000000002,117.80939181542551
27,1522.1899999999998,116.56801960365348
27,1526.56,115.41618947189234
27,1530.94,114.31913220384658
27,1535.31,113.28454802872
27,1539.69,112.31194342117787
27,1544.06,111.39466569003335
27,1548.44,110.54100524765067
27,1552.81,109.7514778005856
27,1557.19,109.01692443316287
27,1561.56,108.34764182100822
27,1565.94,107.7355418689565
27,1570.3100000000002,107.14805293443312
27,1574.6899999999998,106.57822611483402
27,1579.06,106.04555329954628
27,1583.44,105.55110177204045
27,1587.81,105.08356968486518
27,1592.19,104.64291915553983
27,1596.56,104.23988445646093
27,1600.94,103.86717973770196
27,1605.31,103.51376867308521
27,1609.69,103.17524928121344
27,1614.06,102.85567852747417
27,1618.44,102.56952585585346
27,1622.8100000000002,102.31447516245868
27,1627.1899999999998,102.08523418020488
27,1631.56,101.88312521123548
27,1635.94,101.70552579867116
27,1640.31,101.55020780045226
27,1644.69,101.42115421466835
27,1649.06,101.32320136832307
27,1653.44,101.25938051855658
27,1657.81,101.22874618947006
27,1662.19,101.22101599734685
27,1666.56,101.22285092726445
27,1670.94,101.2312944344485
27,1675.3100000000002,101.25901722444983
27,1679.6899999999998,101.31970925847907
27,1684.06,101.41657183924062
27,1688.44,101.5485984895285
27,1692.81,101.71789012241075
27,1697.19,101.92547706422575
27,1701.56,102.16687080989304
27,1705.94,102.43276934316377
27,1710.31,102.71122162263966
27,1714.69,102.9830349125747
27,1719.06,103.2402712142214
27,1723.44,103.4929159218402
27,1727.8100000000002,103.73759980383454
27,1732.1899999999998,103.9799022392541
27,1736.5600000000002,104.26025975144726
27,1740.9399999999998,104.60018839287197
27,1745.31,104.9921969349799
27,1749.69,105.41646823051141
27,1754.06,105.84252311416049
27,1758.44,106.26023062905337
27,1762.81,106.6533004605249
27,1767.19,107.0139517076917
27,1771.56,107.32329050113788
27,1775.94,107.58474058045576
27,1780.31,107.80488177587269
27,1784.69,107.97093722014843
27,1789.0600000000002,108.07899731467896
27,1999.06,177.60257388024303
27,2003.4399999999998,175.06919304367776
27,2007.8100000000002,172.57461694120553
27,2012.1899999999998,171.1760214148057
27,2016.5600000000002,169.7016694106503
27,2020.94,168.10615738575143
27,2025.3100000000002,166.86625989888088
27,2029.69,165.76032918588402
27,2034.0600000000002,164.63974363480767
27,2038.44,163.46192981881467
27,2042.8099999999997,162.22648297235378
27,2047.19,161.07524304492995
27,2051.56,159.97677660410952
27,2055.94,158.8044905833285
27,2060.31,157.66861078737165
27,2064.69,156.5172567894934
27,2069.06,155.22693397532444
27,2073.44,153.94225944689813
27,2077.81,152.80907188506688
27,2082.19,151.80468087530383
27,2086.56,150.83827940295544
27,2090.9399999999996,149.85251775925298
27,2095.31,148.83147836740412
27,2099.69,147.79566557251943
27,2104.06,146.80822904627908
27,2108.44,145.90231612198403
27,2112.81,145.03571729174666
27,2117.19,144.1912444985995
27,2121.56,143.37478860194824
27,2125.94,142.5498775563343
27,2130.31,141.6909807144558
27,2134.69,140.84301377746007
27,2139.0600000000004,140.01851954415818
27,2143.44,139.19735750886707
27,2147.8100000000004,138.3615795692023
27,2152.19,137.49619486522155
27,2156.56,136.64761553333864
27,2160.94,135.84735033932816
27,2165.31,135.05889170999404
27,2169.69,134.30986311029574
27,2174.06,133.61503375785085
27,2178.44,132.94829668778462
27,2182.81,132.29143292289785
27,2187.19,131.62944234943123
27,2191.56,131.0102667911478
27,2195.9399999999996,130.45542579133948
27,2200.31,129.98805539999475
27,2204.6899999999996,129.66820676357352
27,2209.06,129.47802490865726
27,2213.44,129.38018903783316
27,2217.81,129.41098346606063
27,2222.19,129.6114177973916
27,2226.56,129.9208571067095
27,2230.94,130.24590852506103
27,2235.31,130.60964935666877
27,2239.69,131.11824699480925
27,2244.06,131.82418185280855
27,2248.44,132.69421082284745
27,2252.8100000000004,133.66366438120187
27,2257.19,134.69448164314562
27,2261.56,135.757341012896
27,2265.94,136.84475025891962
27,2270.31,137.93861149401832
27,2274.69,138.9800681656966
27,2279.06,139.96857338063174
27,2283.44,140.999124361189
27,2287.81,142.1448182357721
27,2292.19,143.39855984313087
27,2296.56,144.6769979206487
27,2300.94,145.81600442863643
27,2305.31,146.72957531493626
27,2309.6899999999996,147.39625845965435
27,2314.06,147.84808666988556
27,2318.44,148.25948164123756
27,2322.81,148.83237296890775
27,2327.19,149.5672492485017
27,2331.56,150.40337402380538
27,2335.94,151.42735407334996
27,2340.31,152.78305205255634
27,2344.69,154.3737509292727
27,2349.06,156.0824273943211
27,2353.44,157.97624969565248
27,2357.8100000000004,159.76105985357063
27,2362.19,161.31311592202854
27,2366.5600000000004,162.88247617824078
27,2370.94,164.66379650717636
27,2375.31,166.38880717875466
27,2379.69,167.8846880780148
27,2384.06,169.26157496316253
27,2388.44,170.42201518101098
27,2392.81,171.37751325157734
27,2397.19,172.32476830816677
27,2401.56,173.28058984124877
27,2405.94,174.3451506769007
27,2410.31,175.74388183540174
27,2414.6899999999996,177.46790575991395
27,2419.06,178.95980424699175
27,2423.4399999999996,179.74954914400232
27,2427.81,180.46291594680613
27,2432.19,181.49529394298642
27,2436.56,183.00412839857484
27,2440.94,184.69594031410585
27,2445.31,187.1750443738001
27,2449.69,190.92609004629654
27,2454.06,191.889749622644
27,2458.44,191.72550698443155
27,2462.81,193.13218193402534
27,2467.19,195.86283858799493
27,2471.5600000000004,199.7635062070844
30,402.188,154.48337444071285
30,406.56199999999995,153.67918505692043
30,410.93800000000005,152.81407646359284
30,415.313,152.22514530884516
30,419.68699999999995,151.94826770819455
30,424.06300000000005,151.90989244139047
30,428.438,151.96174838561024
30,432.813,152.03211211669355
30,437.18800000000005,152.0622334098034
30,441.563,151.96791349000222
30,445.938,151.68128765306247
30,450.31300000000005,151.21977721399307
30,454.688,150.70509938824802
30,459.063,150.2560163581316
30,463.438,149.93868436058918
30,467.813,149.73252013447046
30,472.187,149.57417041269764
30,476.562,149.4070477862128
30,480.938,149.12600368950396
30,485.313,148.56036782129877
30,489.688,147.56970694816587
30,494.063,146.05423560107255
30,498.438,143.80039263623675
30,502.812,140.62651248584416
30,507.188,136.65916647796007
30,511.563,132.15877116328022
30,515.937,127.44527023616266
30,520.313,123.16976272857048
30,524.687,119.80884419512412
30,529.062,117.30923784589014
30,533.438,115.53070808436306
30,537.813,114.30003792043408
30,542.188,113.42461371376163
30,546.563,112.78120316090367
30,550.938,112.35250491459543
30,555.312,112.20645287935955
30,559.688,112.41866840900776
30,564.063,113.00685165729907
30,568.438,113.93488914560825
30,572.813,115.09721843886935
30,577.187,116.29292171176486
30,581.562,117.36120036188382
30,585.938,118.27785679085929
30,590.313,119.04082062656364
30,594.688,119.57689324969516
30,599.063,119.96158065886775
30,603.438,120.45091421873752
30,607.812,121.22418271064903
30,612.188,122.26353558044288
30,616.563,123.38187498402573
30,620.937,124.33035857302231
30,625.312,124.98339348818526
30,629.687,125.43700182168685
30,634.063,125.99250311704186
30,638.437,126.99655333000149
30,642.813,128.58457847143745
30,647.188,130.56906517654534
30,651.563,132.59611633946125
30,655.938,134.6091557758227
30,660.313,136.8103917530365
30,664.687,139.0666927758807
30,669.063,140.84580003051693
30,673.438,141.55103123196932
30,677.813,140.7203277899155
30,682.187,137.69291533153182
30,686.562,131.56131441006062
30,690.937,123.12267328428284
30,695.312,115.17702586965221
30,699.688,109.05421074955703
30,704.063,104.62313498193411
30,708.438,101.49492312961723
30,712.813,99.20845222312704
30,717.187,97.31945444629623
30,721.563,95.67231748645565
30,725.938,94.36130738095537
30,730.313,93.40229575480946
30,734.687,92.77031458120693
30,739.063,92.38254743314897
30,743.437,92.15517639642924
30,747.812,92.03695049964782
30,752.188,91.99356739941307
30,756.563,92.0096895577712
30,760.938,92.06217515894545
30,765.313,92.06091225894698
30,769.688,92.0076945538729
30,774.063,91.9753378003427
30,778.438,91.96558443659033
30,782.813,91.96602262243545
30,787.188,91.97182908871511
30,791.563,91.97259879408988
30,795.937,91.96682405724543
30,800.312,91.96182088180518
30,804.688,91.95995597274162
30,809.063,91.9745918586578
30,813.438,92.00964849889583
30,817.813,92.03391544911548
30,822.188,92.02415503867302
30,826.5630000000001,91.99831427635617
30,830.937,91.96636951765996
30,835.313,91.92508162602103
30,839.688,91.88040822029524
30,844.063,91.84045753629148
30,848.437,91.81032717488506
30,852.812,91.7881805713948
30,857.187,91.76800142471136
30,861.563,91.74940074619614
30,865.938,91.73413014251535
30,870.313,91.72292988340955
30,874.687,91.71638555121795
30,879.063,91.71494758088863
30,883.437,91.71931621794288
30,887.813,91.73518669353312
30,892.188,91.77191893447412
30,896.562,91.82384901730731
30,900.938,91.86233301597892
30,905.312,91.87924605770945
30,909.6880000000001,91.89234234716686
30,914.062,91.89615803732018
30,918.438,91.88681077308014
30,922.813,91.88700601733431
30,927.188,91.91328312364124
30,931.563,91.97202406584383
30,935.937,92.06872654621151
30,940.312,92.14180673468559
30,944.688,92.16732604109
30,949.063,92.18635475086877
30,953.438,92.21336290645614
30,957.812,92.24185279400369
30,962.187,92.25259043927404
30,966.562,92.24020035961465
30,970.938,92.22372910498859
30,975.313,92.20760059618355
30,979.688,92.17211706828041
30,984.063,92.11174907946597
30,988.438,92.0371654924097
30,992.812,91.96380759113327
30,997.188,91.91020137506476
30,1001.5600000000001,91.87803506441709
30,1005.94,91.8527945252077
30,1010.3100000000001,91.82466551522198
30,1014.69,91.79392283118054
30,1019.0600000000001,91.76455790644998
30,1023.4399999999999,91.73575876010874
30,1027.81,91.70379231371642
30,1032.19,91.67023440241579
30,1036.56,91.6403848352488
30,1040.94,91.61684895837718
30,1045.31,91.5990077593708
30,1049.69,91.58547037086528
30,1054.06,91.57513312146554
30,1058.44,91.56746031499756
30,1062.81,91.56243977031305
30,1067.19,91.5595545007252
30,1071.5600000000002,91.55782205983112
30,1075.9399999999998,91.55828070658522
30,1080.3100000000002,91.56508874736012
30,1084.6899999999998,91.58023197836994
30,1089.06,91.60188022589794
30,1093.44,91.63241529345903
30,1097.81,91.67174944205163
30,1102.19,91.71065438979085
30,1106.56,91.74307396414486
30,1110.94,91.77438664483304
30,1115.31,91.81596340622721
30,1119.69,91.88230873883305
30,1124.06,91.98129808634815
30,1128.44,92.08671333586675
30,1132.8100000000002,92.19601098732899
30,1137.1899999999998,92.32702298470342
30,1141.56,92.48096397701184
30,1145.94,92.71410611090295
30,1150.31,92.99613264488833
30,1154.69,93.18172192470064
30,1159.06,93.27530233160022
30,1163.44,93.32390471433776
30,1167.81,93.34927819598126
30,1172.19,93.3636322008993
30,1176.56,93.37864333762596
30,1180.94,93.39978966171587
30,1185.3100000000002,93.42121502721106
30,1189.6899999999998,93.43398666300769
30,1194.06,93.43774080823503
30,1198.44,93.43278775334005
30,1202.81,93.4142682930162
30,1207.19,93.38448829622237
30,1211.56,93.34704425808728
30,1215.94,93.30053549574541
30,1220.31,93.25154553067063
30,1224.69,93.20482954233971
30,1229.06,93.1570707578598
30,1233.44,93.1094454306813
30,1237.8100000000002,93.06663219353499
30,1242.1899999999998,93.03051779656083
30,1246.56,93.0010504463174
30,1250.94,92.97951368626765
30,1255.31,92.96873919522582
30,1259.69,92.97145846007115
30,1264.06,92.98501369481991
30,1268.44,92.99833958708477
30,1272.81,93.00788621485685
30,1277.19,93.02636057844799
30,1281.56,93.0653217333987
30,1285.94,93.12680720853852
30,1290.3100000000002,93.20971195762418
30,1294.6899999999998,93.31514803087563
30,1299.0600000000002,93.44422641385479
30,1303.4399999999998,93.60021062616903
30,1307.81,93.79106156515722
30,1312.19,94.02122117529478
30,1316.56,94.28640773229834
30,1320.94,94.57400060761786
30,1325.31,94.87629501583856
30,1329.69,95.22575876630376
30,1334.06,95.6437866951254
30,1338.44,96.00650377772398
30,1342.81,96.25151105552119
30,1347.19,96.43126688376563
30,1500.31,115.4919253975602
30,1504.69,114.67154949048218
30,1509.0600000000002,113.86922085802907
30,1513.4399999999998,113.12032837891168
30,1517.8100000000002,112.38854449139284
30,1522.1899999999998,111.69706767370742
30,1526.56,111.04964008562561
30,1530.94,110.42507585944435
30,1535.31,109.82832847593855
30,1539.69,109.26067519741937
30,1544.06,108.71958719520983
30,1548.44,108.21063078939284
30,1552.81,107.73453320819446
30,1557.19,107.28678217304972
30,1561.56,106.87360764185571
30,1565.94,106.49046654864031
30,1570.3100000000002,106.11849775586184
30,1574.6899999999998,105.75380631571495
30,1579.06,105.41008775049117
30,1583.44,105.08939966464696
30,1587.81,104.784788482132
30,1592.19,104.4969653136347
30,1596.56,104.23307397695372
30,1600.94,103.98776938249601
30,1605.31,103.75259900559956
30,1609.69,103.52442621008349
30,1614.06,103.3068922692159
30,1618.44,103.11056352873234
30,1622.8100000000002,102.93351597354405
30,1627.1899999999998,102.77245114292128
30,1631.56,102.62881287801619
30,1635.94,102.50027118688467
30,1640.31,102.38457243768937
30,1644.69,102.28381686318495
30,1649.06,102.19970560186462
30,1653.44,102.13428817365562
30,1657.81,102.08904897708697
30,1662.19,102.05787040090995
30,1666.56,102.03205396837782
30,1670.94,102.01039709574005
30,1675.3100000000002,102.0001635414266
30,1679.6899999999998,102.00768098557391
30,1684.06,102.03419118543042
30,1688.44,102.08013661351438
30,1692.81,102.14734306848084
30,1697.19,102.23786696630401
30,1701.56,102.3521836960008
30,1705.94,102.48748109648301
30,1710.31,102.63788812243435
30,1714.69,102.79361662915194
30,1719.06,102.95113254658119
30,1723.44,103.11653123703795
30,1727.8100000000002,103.28526276746916
30,1732.1899999999998,103.45737674459355
30,1736.5600000000002,103.65515412893131
30,1740.9399999999998,103.88723551771335
30,1745.31,104.14393529382107
30,1749.69,104.41416010355702
30,1754.06,104.6838155153501
30,1758.44,104.95050939992542
30,1762.81,105.20464565464268
30,1767.19,105.44048275956423
30,1771.56,105.64672770426344
30,1775.94,105.82457602330962
30,1780.31,105.97486187168347
30,1784.69,106.08897456975974
30,1789.0600000000002,106.16941806876548
30,1999.06,148.4059642887348
30,2003.4399999999998,146.91942494215527
30,2007.8100000000002,145.10203160053047
30,2012.1899999999998,143.67862705222382
30,2016.5600000000002,142.04836669429272
30,2020.94,140.514173675839
30,2025.3100000000002,139.4766210810451
30,2029.69,138.65485617332178
30,2034.0600000000002,137.88730940943955
30,2038.44,137.1194232174716
30,2042.8099999999997,136.33411249688902
30,2047.19,135.61269796780488
30,2051.56,134.9295081258483
30,2055.94,134.17529472484787
30,2060.31,133.40904600629707
30,2064.69,132.62358362595347
30,2069.06,131.75949726503717
30,2073.44,130.927678204683
30,2077.81,130.21468408905392
30,2082.19,129.57971396391076
30,2086.56,128.9632884303241
30,2090.9399999999996,128.35342907888514
30,2095.31,127.75220666672486
30,2099.69,127.151412733181
30,2104.06,126.57237112602809
30,2108.44,126.04193993337587
30,2112.81,125.54217040623253
30,2117.19,125.05752253102811
30,2121.56,124.58730587390735
30,2125.94,124.12767691228312
30,2130.31,123.67580572155454
30,2134.69,123.24232415385687
30,2139.0600000000004,122.82438357094905
30,2143.44,122.41804643969267
30,2147.8100000000004,122.01393852434347
30,2152.19,121.59562703577697
30,2156.56,121.18360049462314
30,2160.94,120.79746258202057
30,2165.31,120.420450917327
30,2169.69,120.06420820647317
30,2174.06,119.73730444894768
30,2178.44,119.4296225928174
30,2182.81,119.130776105573
30,2187.19,118.83601654998436
30,2191.56,118.57177215775403
30,2195.9399999999996,118.34544647141863
30,2200.31,118.15083623410571
30,2204.6899999999996,117.99922943485257
30,2209.06,117.89276831109765
30,2213.44,117.8310488626779
30,2217.81,117.8249352159402
30,2222.19,117.88634854557407
30,2226.56,118.0100107132911
30,2230.94,118.1826511553432
30,2235.31,118.41445580064351
30,2239.69,118.72991694597444
30,2244.06,119.14240790979387
30,2248.44,119.64556090060282
30,2252.8100000000004,120.21892073800124
30,2257.19,120.84886409188202
30,2261.56,121.52120004842222
30,2265.94,122.2256208910449
30,2270.31,122.94723361953959
30,2274.69,123.66491738210392
30,2279.06,124.3873341661712
30,2283.44,125.15255810565861
30,2287.81,125.98208467046167
30,2292.19,126.87887086142791
30,2296.56,127.80386659956437
30,2300.94,128.636507887497
30,2305.31,129.28654231868114
30,2309.6899999999996,129.7288827964637
30,2314.06,130.01566131908382
30,2318.44,130.277021253055
30,2322.81,130.6422260628849
30,2327.19,131.13714588020727
30,2331.56,131.7368818260152
30,2335.94,132.4528430444466
30,2340.31,133.31703258962287
30,2344.69,134.25138316459513
30,2349.06,135.18271461588608
30,2353.44,136.1409553315549
30,2357.8100000000004,137.00984476966164
30,2362.19,137.79131465086226
30,2366.5600000000004,138.6448742212274
30,2370.94,139.65879334062743
30,2375.31,140.65666444683777
30,2379.69,141.58726938032578
30,2384.06,142.55474926029987
30,2388.44,143.43609467086426
30,2392.81,144.185304934059
30,2397.19,144.94768936370738
30,2401.56,145.7793297400847
30,2405.94,146.77681586182666
30,2410.31,148.03785176982763
30,2414.6899999999996,149.55708090585284
30,2419.06,150.87998104357678
30,2423.4399999999996,151.5318662614072
30,2427.81,152.09009172663815
30,2432.19,152.96497744486365
30,2436.56,154.32391185569736
30,2440.94,155.88711166871437
30,2445.31,158.27979907925106
30,2449.69,162.35054729020464
30,2454.06,163.91108910232046
30,2458.44,163.8246066552271
30,2462.81,165.16147918654212
30,2467.19,167.96064236031793
30,2471.5600000000004,172.06958568819584
