species_richness,wavelength_nm,local_mean_spectrum
3,402.188,0.009871969096384894
3,406.56199999999995,0.009899610076524503
3,410.93800000000005,0.009995719828464342
3,415.313,0.010195196513105739
3,419.68699999999995,0.010519659134333996
3,424.06300000000005,0.010988605876759634
3,428.438,0.01162904864510897
3,432.813,0.012402124540673437
3,437.18800000000005,0.013187101675120959
3,441.563,0.013932957630479019
3,445.938,0.014617748935190956
3,450.31300000000005,0.015207502785879104
3,454.688,0.015693413215805384
3,459.063,0.016080011721782722
3,463.438,0.016369982922237434
3,467.813,0.01658166009450734
3,472.187,0.01674231761623861
3,476.562,0.016874930174622074
3,480.938,0.01701233905370799
3,485.313,0.01721630482498593
3,489.688,0.01755056182666365
3,494.063,0.01805780567142414
3,498.438,0.018821022392687087
3,502.812,0.019956615385798022
3,507.188,0.02153225688056207
3,511.563,0.023634662351724865
3,515.937,0.026401634144536328
3,520.313,0.02968563106341121
3,524.687,0.03303136205413842
3,529.062,0.03612886414918508
3,533.438,0.03874998627422096
3,537.813,0.04081151426441605
3,542.188,0.04240594132779473
3,546.563,0.043617110525073687
3,550.938,0.04439701199251843
3,555.312,0.044580097734472274
3,559.688,0.04403405230863701
3,564.063,0.04280225312686999
3,568.438,0.04104581555321848
3,572.813,0.039015935621424074
3,577.187,0.03707789957243404
3,581.562,0.03548523344708583
3,585.938,0.03426504249469388
3,590.313,0.0333391351253128
3,594.688,0.0326463753877887
3,599.063,0.03206024508908834
3,603.438,0.031374018043148794
3,607.812,0.030463005886335753
3,612.188,0.029378909363372313
3,616.563,0.02831400416243137
3,620.937,0.027472769404454214
3,625.312,0.026919835989299836
3,629.687,0.026536566517269166
3,634.063,0.026086748864463574
3,638.437,0.025371908561087547
3,642.813,0.02438094595417009
3,647.188,0.023272686273066542
3,651.563,0.022220902746473172
3,655.938,0.021235044583735988
3,660.313,0.02025394300145064
3,664.687,0.019357730428023162
3,669.063,0.01870845481814241
3,673.438,0.018437126693062654
3,677.813,0.018648393720035236
3,682.187,0.019611385909399242
3,686.562,0.022086285274445016
3,690.937,0.02730128711993816
3,695.312,0.036138223976423016
3,699.688,0.04883745005313421
3,704.063,0.0649038439253249
3,708.438,0.08283059407264172
3,712.813,0.10182808775258122
3,717.187,0.1234191898289838
3,721.563,0.14838890171908442
3,725.938,0.1737586434194795
3,730.313,0.19686421619964875
3,734.687,0.21594759125720966
3,739.063,0.23100959106538185
3,743.437,0.24270347982720866
3,747.812,0.2513129842644748
3,752.188,0.25725489183737926
3,756.563,0.2613677443873496
3,760.938,0.26489659754997874
3,765.313,0.2679076497245404
3,769.688,0.2695950631784482
3,774.063,0.2705617722949693
3,778.438,0.2712684691676354
3,782.813,0.2718014499772634
3,787.188,0.2722291417649099
3,791.563,0.27259974391860753
3,795.937,0.27292631490746005
3,800.312,0.2732182481424074
3,804.688,0.2734833965306903
3,809.063,0.2737434000917964
3,813.438,0.27402025961297577
3,817.813,0.2742784455835758
3,822.188,0.2744395458402179
3,826.5630000000001,0.27449493438423966
3,830.937,0.27449775516742875
3,835.313,0.2745192353119714
3,839.688,0.27460597272345516
3,844.063,0.2747528019981538
3,848.437,0.2749378070357464
3,852.812,0.27513922906122723
3,857.187,0.2753245657545567
3,861.563,0.2754775127326871
3,865.938,0.2756106734517912
3,870.313,0.27572690889152807
3,874.687,0.2758135173187592
3,879.063,0.27586338753705547
3,883.437,0.2758763101163846
3,887.813,0.27586723595991897
3,892.188,0.2758595268027397
3,896.562,0.27584310219159536
3,900.938,0.27576992259480787
3,905.312,0.2756405380734449
3,909.6880000000001,0.27545984487708003
3,914.062,0.2751605874149022
3,918.438,0.2747225515754328
3,922.813,0.27422313877206356
3,927.188,0.27367626425380404
3,931.563,0.2728036870521723
3,935.937,0.27078648213672685
3,940.312,0.26798297597093373
3,944.688,0.26497655716263835
3,949.063,0.2610075440937068
3,953.438,0.2564345325321017
3,957.812,0.2522261262382166
3,962.187,0.2492164650488794
3,966.562,0.24753930416499698
3,970.938,0.24677074810118452
3,975.313,0.24655273397358604
3,979.688,0.24682026771285384
3,984.063,0.2475453584016716
3,988.438,0.2486544537728124
3,992.812,0.2500711192170864
3,997.188,0.2516918156123253
3,1001.5600000000001,0.2534522013603883
3,1005.94,0.2553520661353026
3,1010.3100000000001,0.25735471689167244
3,1014.69,0.2593791744226695
3,1019.0600000000001,0.26137692732692364
3,1023.4399999999999,0.26331989313434345
3,1027.81,0.2651678839881739
3,1032.19,0.266888260268075
3,1036.56,0.26847058685608965
3,1040.94,0.2699011665893987
3,1045.31,0.27116624398540223
3,1049.69,0.2722673756081527
3,1054.06,0.273195190137492
3,1058.44,0.27393893919739953
3,1062.81,0.2745045984556578
3,1067.19,0.2749064015651689
3,1071.5600000000002,0.27515154629311417
3,1075.9399999999998,0.2752382906963775
3,1080.3100000000002,0.2751646514964976
3,1084.6899999999998,0.2749289337826711
3,1089.06,0.27454572999096394
3,1093.44,0.2740381100745219
3,1097.81,0.2734077644387898
3,1102.19,0.27265191140689227
3,1106.56,0.2718180282439654
3,1110.94,0.2709943979071679
3,1115.31,0.2701050978707696
3,1119.69,0.2685859963152866
3,1124.06,0.264953471965805
3,1128.44,0.2585219822124948
3,1132.8100000000002,0.2508629399345022
3,1137.1899999999998,0.2434204455376264
3,1141.56,0.23615733027353097
3,1145.94,0.22643031989099308
3,1150.31,0.21615895766420942
3,1154.69,0.20981978198890955
3,1159.06,0.20650094905747907
3,1163.44,0.20461950354438196
3,1167.81,0.20340883617280722
3,1172.19,0.20252119674492988
3,1176.56,0.20177538037318762
3,1180.94,0.2010617946057812
3,1185.3100000000002,0.20037246256924557
3,1189.6899999999998,0.19982784139346452
3,1194.06,0.19955679965376574
3,1198.44,0.19963280197430427
3,1202.81,0.20008091095981148
3,1207.19,0.20086322856965663
3,1211.56,0.2019536865957016
3,1215.94,0.20330759555193456
3,1220.31,0.20480987550500437
3,1224.69,0.20636489130775992
3,1229.06,0.20789190285731074
3,1233.44,0.20932378003405525
3,1237.8100000000002,0.21063655931948025
3,1242.1899999999998,0.21183996151248258
3,1246.56,0.21294193580900045
3,1250.94,0.21391338869854107
3,1255.31,0.21471242905642815
3,1259.69,0.2153214578768439
3,1264.06,0.21570756489068402
3,1268.44,0.2157694012749143
3,1272.81,0.21543954893497813
3,1277.19,0.2147500061500644
3,1281.56,0.21370728745790063
3,1285.94,0.21231053216574386
3,1290.3100000000002,0.2105418965510612
3,1294.6899999999998,0.2083071983612293
3,1299.0600000000002,0.20554052236576104
3,1303.4399999999998,0.20222942727325324
3,1307.81,0.19834223026495917
3,1312.19,0.19380876211852374
3,1316.56,0.18867125256731318
3,1320.94,0.18329269109738247
3,1325.31,0.1779470902568505
3,1329.69,0.1720864394459133
3,1334.06,0.1653369079672209
3,1338.44,0.15958781440834818
3,1342.81,0.1557406896273462
3,1347.19,0.15311216334475436
3,1500.31,0.04373069257214568
3,1504.69,0.045337432571478216
3,1509.0600000000002,0.047026735346897754
3,1513.4399999999998,0.04873402618720097
3,1517.8100000000002,0.05052217939659605
3,1522.1899999999998,0.05232235259472823
3,1526.56,0.054119874694204866
3,1530.94,0.05595222153484978
3,1535.31,0.05778826931430747
3,1539.69,0.059625532177980174
3,1544.06,0.06147451523703642
3,1548.44,0.06330213184133286
3,1552.81,0.06509036047965536
3,1557.19,0.06685269460099716
3,1561.56,0.06855667486674985
3,1565.94,0.07021010022336477
3,1570.3100000000002,0.07188829460292714
3,1574.6899999999998,0.07358207152774957
3,1579.06,0.07521237416945038
3,1583.44,0.07678090529061748
3,1587.81,0.07832651986981445
3,1592.19,0.07984500748155575
3,1596.56,0.08130624692206628
3,1600.94,0.08273772374235047
3,1605.31,0.08414030330763597
3,1609.69,0.08548729118702207
3,1614.06,0.08675795474592628
3,1618.44,0.08792946327867485
3,1622.8100000000002,0.08902617498984745
3,1627.1899999999998,0.09004991541582
3,1631.56,0.09097352446766492
3,1635.94,0.0917882438301454
3,1640.31,0.09250048023726948
3,1644.69,0.09308918107984619
3,1649.06,0.09351725069073086
3,1653.44,0.09378647557451074
3,1657.81,0.09393591240311337
3,1662.19,0.09401595613481563
3,1666.56,0.0940460072764273
3,1670.94,0.09398414155907525
3,1675.3100000000002,0.0937578372209675
3,1679.6899999999998,0.09332531967001602
3,1684.06,0.09270368516142322
3,1688.44,0.09193104394364393
3,1692.81,0.09102214796600062
3,1697.19,0.08999131377022968
3,1701.56,0.08887703131693833
3,1705.94,0.08772174742569136
3,1710.31,0.08656063333805276
3,1714.69,0.08546494127506953
3,1719.06,0.08446865929749552
3,1723.44,0.0835414924485376
3,1727.8100000000002,0.0826994788692825
3,1732.1899999999998,0.08191885409928018
3,1736.5600000000002,0.08105567302662778
3,1740.9399999999998,0.08002465294386628
3,1745.31,0.0788202540777271
3,1749.69,0.07750849833019877
3,1754.06,0.07621439576987542
3,1758.44,0.0749982551093693
3,1762.81,0.07391508794513113
3,1767.19,0.07296708752274488
3,1771.56,0.0721995291215844
3,1775.94,0.07158418745710422
3,1780.31,0.07105738629676038
3,1784.69,0.07064571337634613
3,1789.0600000000002,0.0703753332816898
3,1999.06,0.017928328051816104
3,2003.4399999999998,0.018505158410844547
3,2007.8100000000002,0.01920841691390323
3,2012.1899999999998,0.01978425355760458
3,2016.5600000000002,0.020437115925520874
3,2020.94,0.021016602962128397
3,2025.3100000000002,0.021457395059207258
3,2029.69,0.021877752514188796
3,2034.0600000000002,0.02229542641162006
3,2038.44,0.022705621582990585
3,2042.8099999999997,0.023120364582250936
3,2047.19,0.023528171258868188
3,2051.56,0.023969529067134634
3,2055.94,0.024473876365787448
3,2060.31,0.024957359276870417
3,2064.69,0.025425422568363165
3,2069.06,0.025921874593336506
3,2073.44,0.026414325379743434
3,2077.81,0.026880670673395866
3,2082.19,0.027338488331199305
3,2086.56,0.027809337734668663
3,2090.9399999999996,0.028284975887552213
3,2095.31,0.02875761162382216
3,2099.69,0.029239394833216085
3,2104.06,0.029717936634243887
3,2108.44,0.03017109369773384
3,2112.81,0.030611506497945775
3,2117.19,0.031049348402548332
3,2121.56,0.03148351051955875
3,2125.94,0.03190420952416562
3,2130.31,0.032304507605511096
3,2134.69,0.03269166672870854
3,2139.0600000000004,0.03307902544676847
3,2143.44,0.03346389539005914
3,2147.8100000000004,0.03385171186727969
3,2152.19,0.034254021019128916
3,2156.56,0.03464300080020276
3,2160.94,0.0350020814636253
3,2165.31,0.03535142154380809
3,2169.69,0.03568748520198536
3,2174.06,0.03600789571680283
3,2178.44,0.036324041365888605
3,2182.81,0.03664519384937451
3,2187.19,0.03696358711527618
3,2191.56,0.037242853407387116
3,2195.9399999999996,0.037487170819103716
3,2200.31,0.03771519259749476
3,2204.6899999999996,0.037914969354112
3,2209.06,0.03806892719386117
3,2213.44,0.03816323003959655
3,2217.81,0.03818990519975652
3,2222.19,0.03813675996597476
3,2226.56,0.03797954215457392
3,2230.94,0.037696640470830815
3,2235.31,0.03728318789272199
3,2239.69,0.036753518085077104
3,2244.06,0.03612792010826207
3,2248.44,0.035430423734658
3,2252.8100000000004,0.03469315438649928
3,2257.19,0.03393792512305955
3,2261.56,0.03318916000176507
3,2265.94,0.032473586135439866
3,2270.31,0.03180578895734457
3,2274.69,0.031181510285180625
3,2279.06,0.030578087314539013
3,2283.44,0.029967663021441323
3,2287.81,0.02933422987842381
3,2292.19,0.02866560430664705
3,2296.56,0.027984694190068993
3,2300.94,0.02737395548526929
3,2305.31,0.026890688819625426
3,2309.6899999999996,0.026541560599904184
3,2314.06,0.02628374371879523
3,2318.44,0.02603256036586997
3,2322.81,0.025727556541089793
3,2327.19,0.025374477870110723
3,2331.56,0.02498932612908074
3,2335.94,0.024576814552080443
3,2340.31,0.024143150570119704
3,2344.69,0.023734985894780767
3,2349.06,0.02338310234352389
3,2353.44,0.02305830099530855
3,2357.8100000000004,0.02277785154353271
3,2362.19,0.02253530102686378
3,2366.5600000000004,0.02228078834508429
3,2370.94,0.021978621110158893
3,2375.31,0.021670103333425145
3,2379.69,0.021369803928953345
3,2384.06,0.021024279379389325
3,2388.44,0.020655903015295716
3,2392.81,0.020320709657680295
3,2397.19,0.020012329182020876
3,2401.56,0.019718489307392447
3,2405.94,0.019409300682405508
3,2410.31,0.019071344951675628
3,2414.6899999999996,0.01867915182628065
3,2419.06,0.018238672352615545
3,2423.4399999999996,0.01792504363603749
3,2427.81,0.017696932738855208
3,2432.19,0.017435265499615743
3,2436.56,0.017075259859802676
3,2440.94,0.016748674732052573
3,2445.31,0.01638179062696985
3,2449.69,0.015754102411942115
3,2454.06,0.015392448563700171
3,2458.44,0.015326382509243857
3,2462.81,0.015157257583384645
3,2467.19,0.014853618590595112
3,2471.5600000000004,0.014379227716842491
5,402.188,0.008838669587984734
5,406.56199999999995,0.008877100766168346
5,410.93800000000005,0.00898170972472562
5,415.313,0.009176441285201821
5,419.68699999999995,0.009467526523451304
5,424.06300000000005,0.009857220571712325
5,428.438,0.01035655485861076
5,432.813,0.010933108865705263
5,437.18800000000005,0.011502428377650963
5,441.563,0.012036687113580429
5,445.938,0.0125284690182501
5,450.31300000000005,0.012956826573850371
5,454.688,0.0133130090331796
5,459.063,0.013596222080516831
5,463.438,0.013806860509521676
5,467.813,0.013960649928916309
5,472.187,0.014081516326580683
5,476.562,0.014187711331245462
5,480.938,0.014303249602552326
5,485.313,0.014477382464635475
5,489.688,0.014764264584398822
5,494.063,0.015204918727306154
5,498.438,0.015879732172172856
5,502.812,0.01690084191316149
5,507.188,0.018337998481924456
5,511.563,0.02027840271784973
5,515.937,0.022855340391473862
5,520.313,0.025934978813004488
5,524.687,0.029093054185620915
5,529.062,0.032037011334278435
5,533.438,0.03454573850004038
5,537.813,0.036532175192611455
5,542.188,0.038075882854746716
5,546.563,0.03925116065720971
5,550.938,0.04001320988683901
5,555.312,0.040208666680502395
5,559.688,0.039711798522416596
5,564.063,0.038561179915325226
5,568.438,0.036912595092911685
5,572.813,0.03500977119691979
5,577.187,0.03319843471730566
5,581.562,0.03171444424890096
5,585.938,0.03058113627431024
5,590.313,0.029723684348967508
5,594.688,0.029084053499448995
5,599.063,0.028545794671139994
5,603.438,0.02791777594075204
5,607.812,0.027082855157195853
5,612.188,0.026086727012228864
5,616.563,0.02510695338920452
5,620.937,0.02433480764892179
5,625.312,0.02383187246937454
5,629.687,0.023485706100993663
5,634.063,0.023070694153808868
5,638.437,0.02239829407921112
5,642.813,0.021461538651976097
5,647.188,0.020417026443492754
5,651.563,0.01943344051999051
5,655.938,0.01851898787439258
5,660.313,0.01761194553289793
5,664.687,0.016785720945006168
5,669.063,0.016193140479402117
5,673.438,0.015956307644674664
5,677.813,0.016171804429286164
5,682.187,0.01709473678017672
5,686.562,0.019445181578939628
5,690.937,0.02436419791765111
5,695.312,0.03262398179528016
5,699.688,0.04438044187040913
5,704.063,0.059138077358058844
5,708.438,0.07551073620623504
5,712.813,0.09279165916165884
5,717.187,0.11238155275731193
5,721.563,0.13500938553088654
5,725.938,0.15799681095103704
5,730.313,0.1789479065455051
5,734.687,0.19627182892401615
5,739.063,0.20995605224500624
5,743.437,0.22057598115294233
5,747.812,0.22838736887027777
5,752.188,0.2337837553741284
5,756.563,0.23754600688281946
5,760.938,0.24083121774837865
5,765.313,0.24368977912853348
5,769.688,0.24532728380353974
5,774.063,0.24629291955871307
5,778.438,0.24701846298670083
5,782.813,0.24757977891701505
5,787.188,0.24803939868445593
5,791.563,0.248445537892454
5,795.937,0.24881143078111156
5,800.312,0.24914420949490926
5,804.688,0.24944922141176956
5,809.063,0.24974604639161185
5,813.438,0.25005970927172916
5,817.813,0.25036012635215654
5,822.188,0.25056622988616867
5,826.5630000000001,0.2506657566168188
5,830.937,0.25071274044987246
5,835.313,0.25077672575243
5,839.688,0.25090141765057267
5,844.063,0.25108150209455543
5,848.437,0.2512969729715248
5,852.812,0.2515294112800042
5,857.187,0.251748615781528
5,861.563,0.2519378886276886
5,865.938,0.25210872222337705
5,870.313,0.25226200164322954
5,874.687,0.2523863524800937
5,879.063,0.25247979269146575
5,883.437,0.25254299503575456
5,887.813,0.2525865747547974
5,892.188,0.25263162795736016
5,896.562,0.2526747644499045
5,900.938,0.25267236481649025
5,905.312,0.2526124462754598
5,909.6880000000001,0.2524995827100493
5,914.062,0.25227655994278686
5,918.438,0.25191773262714484
5,922.813,0.2514895802782615
5,927.188,0.25100962710804253
5,931.563,0.25022991070477824
5,935.937,0.24840856319334886
5,940.312,0.24587391433364122
5,944.688,0.2431682623504309
5,949.063,0.2396110482569892
5,953.438,0.23551950833260613
5,957.812,0.23176357886501348
5,962.187,0.22909796190163095
5,966.562,0.22763866491778115
5,970.938,0.22699860252569087
5,975.313,0.22686000622713864
5,979.688,0.22716485977840942
5,984.063,0.2278851483992314
5,988.438,0.22895982270346027
5,992.812,0.23031568521157703
5,997.188,0.231843907430127
5,1001.5600000000001,0.23348329609497212
5,1005.94,0.23524124477373187
5,1010.3100000000001,0.2370889789337607
5,1014.69,0.23895398751121463
5,1019.0600000000001,0.24079206271403278
5,1023.4399999999999,0.24257740893823135
5,1027.81,0.24427351683246926
5,1032.19,0.2458508841062565
5,1036.56,0.24730094706207287
5,1040.94,0.2486129013274327
5,1045.31,0.24977535317065133
5,1049.69,0.25079119158466806
5,1054.06,0.25165400920264674
5,1058.44,0.25235455982594185
5,1062.81,0.25289702694349797
5,1067.19,0.2532921240909644
5,1071.5600000000002,0.253543915239732
5,1075.9399999999998,0.2536496118081211
5,1080.3100000000002,0.25360771785619596
5,1084.6899999999998,0.25341697535150043
5,1089.06,0.2530901297272196
5,1093.44,0.25264878942409147
5,1097.81,0.2520974912369469
5,1102.19,0.2514372167889774
5,1106.56,0.2507113253107331
5,1110.94,0.24999659668640073
5,1115.31,0.24922583606606538
5,1119.69,0.24790019719500092
5,1124.06,0.24468352999385798
5,1128.44,0.23890912573455533
5,1132.8100000000002,0.23195821376374307
5,1137.1899999999998,0.2251684655308488
5,1141.56,0.21853523292271357
5,1145.94,0.20967165629015289
5,1150.31,0.2003525843856198
5,1154.69,0.19464850208050838
5,1159.06,0.1917065771233902
5,1163.44,0.19008032197874775
5,1167.81,0.18907316639890703
5,1172.19,0.18836717142663223
5,1176.56,0.18779589650509917
5,1180.94,0.18725605432320228
5,1185.3100000000002,0.18673133864649372
5,1189.6899999999998,0.18631981521693236
5,1194.06,0.18613657897254365
5,1198.44,0.1862536813480803
5,1202.81,0.18669151637859782
5,1207.19,0.1874071704355689
5,1211.56,0.18837347646433333
5,1215.94,0.18955364505280498
5,1220.31,0.1908540306046292
5,1224.69,0.19219967221176715
5,1229.06,0.19352834692559145
5,1233.44,0.19478658707799348
5,1237.8100000000002,0.19595272373866446
5,1242.1899999999998,0.19703176272771913
5,1246.56,0.198026954477164
5,1250.94,0.19890822709777908
5,1255.31,0.19963410531412923
5,1259.69,0.20018620103941825
5,1264.06,0.20053293515763934
5,1268.44,0.2005801635011283
5,1272.81,0.20026588898895653
5,1277.19,0.19962084092786694
5,1281.56,0.19865261839308906
5,1285.94,0.19736224357849344
5,1290.3100000000002,0.19573465838640555
5,1294.6899999999998,0.19368387229703793
5,1299.0600000000002,0.19114955121598828
5,1303.4399999999998,0.1881208274933859
5,1307.81,0.18456861250516476
5,1312.19,0.180427012829228
5,1316.56,0.17573355144904704
5,1320.94,0.1708219114658582
5,1325.31,0.16594452813722158
5,1329.69,0.1606006139595075
5,1334.06,0.15444618501344223
5,1338.44,0.1492028553943577
5,1342.81,0.14569412697986175
5,1347.19,0.14329694733089404
5,1500.31,0.04222092835799201
5,1504.69,0.04377620415004485
5,1509.0600000000002,0.04541203501431326
5,1513.4399999999998,0.047066122162536264
5,1517.8100000000002,0.04879858277668658
5,1522.1899999999998,0.05054173350199967
5,1526.56,0.052280936983481276
5,1530.94,0.05405294715163978
5,1535.31,0.055828554295777204
5,1539.69,0.05760570955913865
5,1544.06,0.0593943552359883
5,1548.44,0.061162066632831365
5,1552.81,0.06289088810149147
5,1557.19,0.06459342357960884
5,1561.56,0.06623859580798407
5,1565.94,0.06783498703007937
5,1570.3100000000002,0.06945570393634347
5,1574.6899999999998,0.07109101507808512
5,1579.06,0.07266400785308375
5,1583.44,0.07417690897312883
5,1587.81,0.07566788124926667
5,1592.19,0.07713314543861165
5,1596.56,0.07854314039743072
5,1600.94,0.07992339975493525
5,1605.31,0.08127430376474847
5,1609.69,0.08257054788579085
5,1614.06,0.08379367795582787
5,1618.44,0.08492349050712099
5,1622.8100000000002,0.08598413164084062
5,1627.1899999999998,0.08697692540268265
5,1631.56,0.08787609664092251
5,1635.94,0.08867582564398967
5,1640.31,0.08938594236888305
5,1644.69,0.08998685450148805
5,1649.06,0.09043785772343123
5,1653.44,0.09073318465999732
5,1657.81,0.09090417753670109
5,1662.19,0.09099987898547304
5,1666.56,0.09104954275619567
5,1670.94,0.09102703674185719
5,1675.3100000000002,0.0908697724589137
5,1679.6899999999998,0.09053642304362453
5,1684.06,0.09003661433031591
5,1688.44,0.08939977374447314
5,1692.81,0.08863594674088596
5,1697.19,0.087752386915622
5,1701.56,0.08677759912478868
5,1705.94,0.08574581908061125
5,1710.31,0.08468717134131293
5,1714.69,0.08366849204321303
5,1719.06,0.08272393374086544
5,1723.44,0.08182375914317967
5,1727.8100000000002,0.08098188699901158
5,1732.1899999999998,0.08018125785111713
5,1736.5600000000002,0.07929679180749555
5,1740.9399999999998,0.07826338782947473
5,1745.31,0.07708064323973356
5,1749.69,0.07580222318620303
5,1754.06,0.074536150906066
5,1758.44,0.07333411251802992
5,1762.81,0.07224941016131044
5,1767.19,0.07128795165214036
5,1771.56,0.07050346710962471
5,1775.94,0.06987340807650493
5,1780.31,0.069335090659413
5,1784.69,0.06891516859837607
5,1789.0600000000002,0.06863916960765452
5,1999.06,0.017445188248299534
5,2003.4399999999998,0.018029672304403735
5,2007.8100000000002,0.018744131689832456
5,2012.1899999999998,0.01932870597806534
5,2016.5600000000002,0.019987526429428946
5,2020.94,0.020569692043259532
5,2025.3100000000002,0.02101087235675806
5,2029.69,0.021430625004445886
5,2034.0600000000002,0.021847225773848934
5,2038.44,0.0222558459046655
5,2042.8099999999997,0.02266858535711153
5,2047.19,0.02307494866327316
5,2051.56,0.023516291505699626
5,2055.94,0.024022198740379107
5,2060.31,0.02450834071066166
5,2064.69,0.024979843132222096
5,2069.06,0.025480236213998197
5,2073.44,0.02597678578639272
5,2077.81,0.026447531268808576
5,2082.19,0.026910498366803443
5,2086.56,0.027387599911865627
5,2090.9399999999996,0.027870251732645505
5,2095.31,0.028350483656850056
5,2099.69,0.028841197004423752
5,2104.06,0.029330244857121004
5,2108.44,0.029795304834651305
5,2112.81,0.03024985957137465
5,2117.19,0.030704600878742962
5,2121.56,0.031157370384260998
5,2125.94,0.03159582902526756
5,2130.31,0.03201079183462932
5,2134.69,0.032408483578910886
5,2139.0600000000004,0.032802047653807356
5,2143.44,0.033189133638961726
5,2147.8100000000004,0.03357609429471679
5,2152.19,0.03397546506019772
5,2156.56,0.034360533042775365
5,2160.94,0.03471558822378085
5,2165.31,0.03506080639076159
5,2169.69,0.03539247664170602
5,2174.06,0.035707870294993005
5,2178.44,0.03601788648585727
5,2182.81,0.03633136592633842
5,2187.19,0.03664035483866722
5,2191.56,0.036909202403339496
5,2195.9399999999996,0.03714232422675075
5,2200.31,0.03735910883269546
5,2204.6899999999996,0.03754983409272758
5,2209.06,0.03769786457021319
5,2213.44,0.03778891105597574
5,2217.81,0.0378153412436118
5,2222.19,0.03776557629375667
5,2226.56,0.03761481601949721
5,2230.94,0.03734097096610472
5,2235.31,0.03693999815299224
5,2239.69,0.03642764393788885
5,2244.06,0.03582571835312161
5,2248.44,0.03515934563090814
5,2252.8100000000004,0.03445961291952229
5,2257.19,0.033745140142301504
5,2261.56,0.033035511218766654
5,2265.94,0.03235313620705685
5,2270.31,0.03171143498075474
5,2274.69,0.031109078988133816
5,2279.06,0.03052906193096321
5,2283.44,0.02994804471179876
5,2287.81,0.029350482975386765
5,2292.19,0.028720318043474295
5,2296.56,0.028070305208006747
5,2300.94,0.027469327941040875
5,2305.31,0.026969188727846424
5,2309.6899999999996,0.026582694841634887
5,2314.06,0.026277824533901647
5,2318.44,0.025978030531838916
5,2322.81,0.025633860192658675
5,2327.19,0.025259443310140885
5,2331.56,0.02486720499547188
5,2335.94,0.02445520380295198
5,2340.31,0.024024471674781462
5,2344.69,0.023616385419639323
5,2349.06,0.02325783577653127
5,2353.44,0.022919982644213934
5,2357.8100000000004,0.02262581994025682
5,2362.19,0.022372221102706213
5,2366.5600000000004,0.02210756092952121
5,2370.94,0.021793815730931355
5,2375.31,0.021473345987867713
5,2379.69,0.02116079076672802
5,2384.06,0.020800870223581142
5,2388.44,0.020418221365817845
5,2392.81,0.020071390684869597
5,2397.19,0.019753180271054518
5,2401.56,0.0194491686199611
5,2405.94,0.019126366956369076
5,2410.31,0.018770528903007684
5,2414.6899999999996,0.018356005011423034
5,2419.06,0.017890784747067172
5,2423.4399999999996,0.017558378647623336
5,2427.81,0.017315664367761673
5,2432.19,0.017037719067797844
5,2436.56,0.016655476118659678
5,2440.94,0.016309917375759955
5,2445.31,0.01592414351536062
5,2449.69,0.015255456421938532
5,2454.06,0.014855159501515551
5,2458.44,0.014775559388776994
5,2462.81,0.014589716677532378
5,2467.19,0.014255800016690483
5,2471.5600000000004,0.013742465955195121
7,402.188,0.012609391895129654
7,406.56199999999995,0.012709773316009101
7,410.93800000000005,0.012908738924802982
7,415.313,0.0132163784471761
7,419.68699999999995,0.013626734068313707
7,424.06300000000005,0.014139853174402283
7,428.438,0.014766602030958023
7,432.813,0.015468446441633988
7,437.18800000000005,0.01615179251309049
7,441.563,0.01679291025647769
7,445.938,0.017388920506506474
7,450.31300000000005,0.017917136970527874
7,454.688,0.01836800128572596
7,459.063,0.018740071279518454
7,463.438,0.01903050239772715
7,467.813,0.019254646084547952
7,472.187,0.01943930391921068
7,476.562,0.019605232098478826
7,480.938,0.019780309138893913
7,485.313,0.020023258909965643
7,489.688,0.02039801606755375
7,494.063,0.020951389639455656
7,498.438,0.02177896809914665
7,502.812,0.023013365036437063
7,507.188,0.024733229880808446
7,511.563,0.02703814656059069
7,515.937,0.030083692452636368
7,520.313,0.033710131162737134
7,524.687,0.0374179251948611
7,529.062,0.04086769827157704
7,533.438,0.04380767036485523
7,537.813,0.046142816657688525
7,542.188,0.047968838773770714
7,546.563,0.04937194656637084
7,550.938,0.050304907220314145
7,555.312,0.05060223499427068
7,559.688,0.05012738104016504
7,564.063,0.048917950942297055
7,568.438,0.04713691749270992
7,572.813,0.04505086525078676
7,577.187,0.04305213091303477
7,581.562,0.04141607645555319
7,585.938,0.040177913228396686
7,590.313,0.039258875806317005
7,594.688,0.038589248115848844
7,599.063,0.03802920444849595
7,603.438,0.03735921092521208
7,607.812,0.03644394066484107
7,612.188,0.03533465043574979
7,616.563,0.03423833616058769
7,620.937,0.03338154651471819
7,625.312,0.0328396115852545
7,629.687,0.032477968311955555
7,634.063,0.03202380100218452
7,638.437,0.03125276490683529
7,642.813,0.03016331393489295
7,647.188,0.028949942832697095
7,651.563,0.027814911781521446
7,655.938,0.026760730803301266
7,660.313,0.025707023460529728
7,664.687,0.02474429651005359
7,669.063,0.02406407822171186
7,673.438,0.02382107915777275
7,677.813,0.024139828978499624
7,682.187,0.025338076105958732
7,686.562,0.028289971970992995
7,690.937,0.034325367968525256
7,695.312,0.04423447686382399
7,699.688,0.05802560653017881
7,704.063,0.07496454669356084
7,708.438,0.09334222030964189
7,712.813,0.11225828727233692
7,717.187,0.13309939602931645
7,721.563,0.15650072114494784
7,725.938,0.17961598609612645
7,730.313,0.20013949860334582
7,734.687,0.21675630533742665
7,739.063,0.22968952513975663
7,743.437,0.239670789424089
7,747.812,0.24704361464249666
7,752.188,0.25219965265539535
7,756.563,0.2558637457763792
7,760.938,0.25914094571890267
7,765.313,0.2620411106625254
7,769.688,0.263733530728953
7,774.063,0.26477560648651277
7,778.438,0.2656066772499862
7,782.813,0.26629308153144793
7,787.188,0.26688799161214577
7,791.563,0.2674345180985948
7,795.937,0.2679427223347134
7,800.312,0.2684196583489835
7,804.688,0.268867925562999
7,809.063,0.2693062491917451
7,813.438,0.26977279474633664
7,817.813,0.270245101746813
7,822.188,0.270621284258106
7,826.5630000000001,0.27087936637425125
7,830.937,0.27108087160803396
7,835.313,0.2712938020041366
7,839.688,0.2715604057210527
7,844.063,0.2718798946873955
7,848.437,0.27223557269302323
7,852.812,0.27261303493943845
7,857.187,0.27297986430145205
7,861.563,0.2733146608454769
7,865.938,0.27363364668481555
7,870.313,0.27393803707862785
7,874.687,0.27421230485932835
7,879.063,0.2744567656423529
7,883.437,0.2746710920638456
7,887.813,0.2748598980092911
7,892.188,0.27504550358021246
7,896.562,0.2752409922385256
7,900.938,0.2754057994287919
7,905.312,0.2755006581944068
7,909.6880000000001,0.27553756358524306
7,914.062,0.2754779593758082
7,918.438,0.2752774164378388
7,922.813,0.27497952363285144
7,927.188,0.27460613599098005
7,931.563,0.2739505585274648
7,935.937,0.2723782871928205
7,940.312,0.27016115692633463
7,944.688,0.26773961484527986
7,949.063,0.2645207934821615
7,953.438,0.2608157449325844
7,957.812,0.25743808389232503
7,962.187,0.25508226675192475
7,966.562,0.2538290338091041
7,970.938,0.2533110108181239
7,975.313,0.25325367241625074
7,979.688,0.2536176977283802
7,984.063,0.2544085223508783
7,988.438,0.2556293394093498
7,992.812,0.25718670998188803
7,997.188,0.25886224220779086
7,1001.5600000000001,0.260563415603586
7,1005.94,0.2623444950492838
7,1010.3100000000001,0.26420644632628437
7,1014.69,0.26608550362086064
7,1019.0600000000001,0.2679441604031488
7,1023.4399999999999,0.26976111170776756
7,1027.81,0.2715003248744863
7,1032.19,0.27313273493617274
7,1036.56,0.2746494307255617
7,1040.94,0.27603673053212757
7,1045.31,0.27728295214264176
7,1049.69,0.278392554916026
7,1054.06,0.2793574418573257
7,1058.44,0.2801657458935785
7,1062.81,0.2808218534301228
7,1067.19,0.28133841495107853
7,1071.5600000000002,0.28171862808860554
7,1075.9399999999998,0.2819556528597565
7,1080.3100000000002,0.28204654450366023
7,1084.6899999999998,0.28198955826793054
7,1089.06,0.28179585304127724
7,1093.44,0.2814882041000319
7,1097.81,0.28106904229182406
7,1102.19,0.28053071696041154
7,1106.56,0.2799107588215563
7,1110.94,0.2792887890353615
7,1115.31,0.2786199845023172
7,1119.69,0.27746771418250954
7,1124.06,0.2746043014541273
7,1128.44,0.26935635396310675
7,1132.8100000000002,0.26298933720930306
7,1137.1899999999998,0.2567651970998167
7,1141.56,0.250657919897426
7,1145.94,0.24240713751483003
7,1150.31,0.23362219512706603
7,1154.69,0.2281617754860908
7,1159.06,0.22531162486392092
7,1163.44,0.2237439621363664
7,1167.81,0.2228075622663128
7,1172.19,0.2221979820215967
7,1176.56,0.22174556926939556
7,1180.94,0.22133659479673976
7,1185.3100000000002,0.22094065844888428
7,1189.6899999999998,0.22064032674161213
7,1194.06,0.22054899179756196
7,1198.44,0.22074971789869086
7,1202.81,0.22126503087842067
7,1207.19,0.2220432266734325
7,1211.56,0.2230550917032736
7,1215.94,0.2242712474167666
7,1220.31,0.22561197895070087
7,1224.69,0.227012566841505
7,1229.06,0.22840479730343402
7,1233.44,0.22972345440190292
7,1237.8100000000002,0.23094496975116402
7,1242.1899999999998,0.23207750441082053
7,1246.56,0.23312600009085235
7,1250.94,0.23406283791919383
7,1255.31,0.23485068836981318
7,1259.69,0.2354746410758822
7,1264.06,0.23590444106734537
7,1268.44,0.23604439204918298
7,1272.81,0.23582830709316036
7,1277.19,0.23528935032227655
7,1281.56,0.23444327141132207
7,1285.94,0.23328880237101007
7,1290.3100000000002,0.23180322912189535
7,1294.6899999999998,0.2298988346431416
7,1299.0600000000002,0.2275121798819329
7,1303.4399999999998,0.2246258414386483
7,1307.81,0.22120253728885364
7,1312.19,0.2171628048243181
7,1316.56,0.2125304299523614
7,1320.94,0.20763516361037632
7,1325.31,0.20273395364766192
7,1329.69,0.19731271198385353
7,1334.06,0.19100094763643213
7,1338.44,0.18555967762945666
7,1342.81,0.18187125492721662
7,1347.19,0.17932386705388595
7,1500.31,0.06517307968047983
7,1504.69,0.06707993243469851
7,1509.0600000000002,0.06908155946782957
7,1513.4399999999998,0.07109979620412044
7,1517.8100000000002,0.07320571506846535
7,1522.1899999999998,0.07531556285738221
7,1526.56,0.07741152181836848
7,1530.94,0.07953717915171842
7,1535.31,0.08165664544524961
7,1539.69,0.08376888423568705
7,1544.06,0.08588804661854318
7,1548.44,0.08797651269815056
7,1552.81,0.09001310646410637
7,1557.19,0.09201311166518977
7,1561.56,0.09394149589267817
7,1565.94,0.09581093157521685
7,1570.3100000000002,0.09770791281505747
7,1574.6899999999998,0.09961809439615933
7,1579.06,0.10145067868317424
7,1583.44,0.10321242736084812
7,1587.81,0.10495229068849803
7,1592.19,0.10666827998904144
7,1596.56,0.10832768113558316
7,1600.94,0.10996018605561918
7,1605.31,0.11156201826611625
7,1609.69,0.1130980827023034
7,1614.06,0.11454382785595238
7,1618.44,0.1158766015813008
7,1622.8100000000002,0.11712671423463882
7,1627.1899999999998,0.11829608514198561
7,1631.56,0.11935436224278997
7,1635.94,0.12029319884337206
7,1640.31,0.1211195670796828
7,1644.69,0.12180531298638976
7,1649.06,0.12230108578401117
7,1653.44,0.12260193326330697
7,1657.81,0.1227499986225189
7,1662.19,0.12281184648981562
7,1666.56,0.12283415566803334
7,1670.94,0.12279781610218184
7,1675.3100000000002,0.12262944091751149
7,1679.6899999999998,0.12227252861873496
7,1684.06,0.12173104870372645
7,1688.44,0.12103451917735372
7,1692.81,0.12019308517848895
7,1697.19,0.11921357659628805
7,1701.56,0.11812398910824612
7,1705.94,0.11695700959479328
7,1710.31,0.1157447015948957
7,1714.69,0.11457093045026925
7,1719.06,0.11348691351139968
7,1723.44,0.11246463542630855
7,1727.8100000000002,0.1115198452580487
7,1732.1899999999998,0.11063428817598986
7,1736.5600000000002,0.10966853204271092
7,1740.9399999999998,0.1085445621595859
7,1745.31,0.10725218226262997
7,1749.69,0.10584461049150046
7,1754.06,0.1044412167504785
7,1758.44,0.10310416518558053
7,1762.81,0.10189853761978225
7,1767.19,0.1008345422335971
7,1771.56,0.0999739588464359
7,1775.94,0.09929060987828806
7,1780.31,0.09871041333022797
7,1784.69,0.09825991610923913
7,1789.0600000000002,0.0979677733980867
7,1999.06,0.034237819126029856
7,2003.4399999999998,0.03501685592509718
7,2007.8100000000002,0.03603815082527577
7,2012.1899999999998,0.036959707658252426
7,2016.5600000000002,0.03801605114062592
7,2020.94,0.038900195211714686
7,2025.3100000000002,0.03953262724399082
7,2029.69,0.04011266681646395
7,2034.0600000000002,0.04066853847207357
7,2038.44,0.041192436814767565
7,2042.8099999999997,0.0417053035219054
7,2047.19,0.042206832127511154
7,2051.56,0.04275838038678258
7,2055.94,0.043398503817760184
7,2060.31,0.044017460803361275
7,2064.69,0.044614198620116625
7,2069.06,0.045235971972439934
7,2073.44,0.04584348437620858
7,2077.81,0.04642121518995191
7,2082.19,0.04700049832933691
7,2086.56,0.047605307734668346
7,2090.9399999999996,0.048210559942730435
7,2095.31,0.04879925232391563
7,2099.69,0.04939802431855858
7,2104.06,0.0500009109497313
7,2108.44,0.05057789677139289
7,2112.81,0.05114252739328154
7,2117.19,0.051709827817318706
7,2121.56,0.05227820333402976
7,2125.94,0.052820019277435175
7,2130.31,0.0533149984638337
7,2134.69,0.0537837400188447
7,2139.0600000000004,0.054251562318522746
7,2143.44,0.05471091678145471
7,2147.8100000000004,0.05516891173801098
7,2152.19,0.05564450662586275
7,2156.56,0.0561040250988368
7,2160.94,0.056526625164865694
7,2165.31,0.05693602031100688
7,2169.69,0.05732861922795238
7,2174.06,0.057700989367585685
7,2178.44,0.05806566592361461
7,2182.81,0.05843443103507088
7,2187.19,0.05879257308974611
7,2191.56,0.05909349925457472
7,2195.9399999999996,0.05934969635455645
7,2200.31,0.059600140785249854
7,2204.6899999999996,0.059844621015174446
7,2209.06,0.060049937071314445
7,2213.44,0.06018125302737106
7,2217.81,0.06023504878723518
7,2222.19,0.06020070101923191
7,2226.56,0.06001602063576659
7,2230.94,0.059615867184028934
7,2235.31,0.05900048823764384
7,2239.69,0.05822890156978025
7,2244.06,0.05735630179645522
7,2248.44,0.056418123503571206
7,2252.8100000000004,0.0554477616317082
7,2257.19,0.054461158573571214
7,2261.56,0.053481077339937205
7,2265.94,0.05254525934864649
7,2270.31,0.05167735631200118
7,2274.69,0.05086739577942537
7,2279.06,0.05008738177153145
7,2283.44,0.04931495633242602
7,2287.81,0.0485350469726067
7,2292.19,0.047713788396560354
7,2296.56,0.046850464551660094
7,2300.94,0.04603021954575499
7,2305.31,0.0453342694215743
7,2309.6899999999996,0.04479370399850823
7,2314.06,0.04436855564486809
7,2318.44,0.04396127568733431
7,2322.81,0.043514618497481436
7,2327.19,0.04303621466142074
7,2331.56,0.042532337926229694
7,2335.94,0.042018577457246645
7,2340.31,0.04152162365235695
7,2344.69,0.04109164555540382
7,2349.06,0.040754223144215625
7,2353.44,0.040475565498518676
7,2357.8100000000004,0.040251624320648174
7,2362.19,0.04005503666556952
7,2366.5600000000004,0.0398316164542039
7,2370.94,0.03954466447378596
7,2375.31,0.039233712664940266
7,2379.69,0.03889905442041049
7,2384.06,0.038458607777371416
7,2388.44,0.03794569577001859
7,2392.81,0.03746394506780268
7,2397.19,0.03702280284140261
7,2401.56,0.03659615737398376
7,2405.94,0.03613684921174575
7,2410.31,0.03564804355213744
7,2414.6899999999996,0.03507565941429506
7,2419.06,0.03437032039443536
7,2423.4399999999996,0.03383114569793429
7,2427.81,0.03344510635339571
7,2432.19,0.033013024763836406
7,2436.56,0.03241639493971764
7,2440.94,0.03190749408417549
7,2445.31,0.03142063350859774
7,2449.69,0.030525558584626227
7,2454.06,0.02977853802441528
7,2458.44,0.02952786391933455
7,2462.81,0.029270195303951196
7,2467.19,0.028895419669215643
7,2471.5600000000004,0.028329145909140364
10,402.188,0.01396064902149835
10,406.56199999999995,0.01404761624320472
10,410.93800000000005,0.014239001884567434
10,415.313,0.014548749197917078
10,419.68699999999995,0.014957009499980604
10,424.06300000000005,0.015449016586118025
10,428.438,0.016029826592285457
10,432.813,0.016669314373341487
10,437.18800000000005,0.01729828692000636
10,441.563,0.017912182265780178
10,445.938,0.018518997297484217
10,450.31300000000005,0.01909192554734083
10,454.688,0.019603149222655922
10,459.063,0.02003317728284476
10,463.438,0.020369544433467265
10,467.813,0.02063128870748496
10,472.187,0.020853978609404872
10,476.562,0.021060733620385217
10,480.938,0.02128474827905955
10,485.313,0.021609274144289474
10,489.688,0.022135689718780736
10,494.063,0.022949366641964317
10,498.438,0.02420581507466581
10,502.812,0.026106846189520187
10,507.188,0.02875745526900075
10,511.563,0.032276752403158394
10,515.937,0.03685776557738321
10,520.313,0.04223155527516972
10,524.687,0.047658744232481155
10,529.062,0.052665317675369167
10,533.438,0.05690709049768273
10,537.813,0.0602511703268869
10,542.188,0.06282833676602963
10,546.563,0.0647626429846229
10,550.938,0.0660099979005248
10,555.312,0.06637176603771038
10,559.688,0.0656805359490678
10,564.063,0.06398926683238416
10,568.438,0.06150520492045936
10,572.813,0.05857649223850131
10,577.187,0.05574226476007796
10,581.562,0.053397970171475254
10,585.938,0.05160377436207465
10,590.313,0.0502522416680229
10,594.688,0.04925081246886633
10,599.063,0.04840397208415403
10,603.438,0.04738998475256187
10,607.812,0.04600311519361483
10,612.188,0.04431309432744417
10,616.563,0.042627262351002525
10,620.937,0.041291416158572174
10,625.312,0.04043073139800039
10,629.687,0.03985844630786356
10,634.063,0.0391739022188068
10,638.437,0.03802237160250994
10,642.813,0.03635607648610112
10,647.188,0.034427922478765284
10,651.563,0.032540206535665625
10,655.938,0.03071252318283898
10,660.313,0.02883396818829238
10,664.687,0.027063749226902516
10,669.063,0.0257290940057792
10,673.438,0.025102852879843377
10,677.813,0.02540343776014691
10,682.187,0.027132652677586366
10,686.562,0.03155739403335175
10,690.937,0.040387664317315726
10,695.312,0.05424966542603653
10,699.688,0.07262163739869706
10,704.063,0.09421173364733104
10,708.438,0.11674481078495669
10,712.813,0.13911705684176567
10,717.187,0.1629257026501859
10,721.563,0.1888417051341124
10,725.938,0.21370562283725017
10,730.313,0.23519974444961259
10,734.687,0.2522336664248434
10,739.063,0.26527928561895087
10,743.437,0.27524800709677516
10,747.812,0.2825858967144758
10,752.188,0.2877323991348827
10,756.563,0.2914238963321507
10,760.938,0.2947603687459591
10,765.313,0.2977191949869778
10,769.688,0.2994499313277876
10,774.063,0.30052899013546924
10,778.438,0.30139835318702896
10,782.813,0.3021195962259034
10,787.188,0.3027459222175613
10,791.563,0.3033208537147275
10,795.937,0.3038562624161083
10,800.312,0.3043617666948033
10,804.688,0.3048389066470485
10,809.063,0.3053078012277603
10,813.438,0.30580711318593384
10,817.813,0.3063063762319895
10,822.188,0.30669696903010163
10,826.5630000000001,0.306962389003571
10,830.937,0.3071679232405758
10,835.313,0.30738409760060625
10,839.688,0.30765786339418366
10,844.063,0.3079891312143776
10,848.437,0.3083612141350645
10,852.812,0.30875928113907647
10,857.187,0.30914737563537076
10,861.563,0.3095017530861073
10,865.938,0.309837854995084
10,870.313,0.3101550099314741
10,874.687,0.31043830795294386
10,879.063,0.310691339839563
10,883.437,0.31091628704391755
10,887.813,0.3111201369233339
10,892.188,0.31132785137524677
10,896.562,0.311552416458568
10,900.938,0.3117434028763584
10,905.312,0.3118519053193791
10,909.6880000000001,0.311893037203271
10,914.062,0.3118277201445605
10,918.438,0.31161388323856815
10,922.813,0.3113094744534649
10,927.188,0.31094499789909774
10,931.563,0.3103104496983916
10,935.937,0.30874762296991765
10,940.312,0.3065020953954662
10,944.688,0.30402945449975644
10,949.063,0.3007314964447004
10,953.438,0.2969301660950277
10,957.812,0.293464840036123
10,962.187,0.2910428448211097
10,966.562,0.28974951063579113
10,970.938,0.2892194780066852
10,975.313,0.28917020459263754
10,979.688,0.2895462930807432
10,984.063,0.2903158106432089
10,988.438,0.29143689398103634
10,992.812,0.29285170451885223
10,997.188,0.2944419476546313
10,1001.5600000000001,0.2961401030445744
10,1005.94,0.29796326377002286
10,1010.3100000000001,0.2998853732341696
10,1014.69,0.30183025010871495
10,1019.0600000000001,0.30375332565618746
10,1023.4399999999999,0.30562691054128177
10,1027.81,0.3074138242235236
10,1032.19,0.30909192621700154
10,1036.56,0.31065687713271195
10,1040.94,0.31209576704140923
10,1045.31,0.3133988086523769
10,1049.69,0.31456658022757167
10,1054.06,0.31558347333177567
10,1058.44,0.3164366405150554
10,1062.81,0.31713046601245354
10,1067.19,0.3176744305940198
10,1071.5600000000002,0.31806958692114357
10,1075.9399999999998,0.3183102349343212
10,1080.3100000000002,0.3183976121353199
10,1084.6899999999998,0.3183331440826766
10,1089.06,0.3181282180695402
10,1093.44,0.3178080354435868
10,1097.81,0.31738042387386584
10,1102.19,0.3168416021863385
10,1106.56,0.31623006094419476
10,1110.94,0.31562215178488157
10,1115.31,0.3149646622123294
10,1119.69,0.3137991088369227
10,1124.06,0.31083394285989313
10,1128.44,0.30535338079357877
10,1132.8100000000002,0.29869453794147377
10,1137.1899999999998,0.2921905354169275
10,1141.56,0.28580646028265816
10,1145.94,0.27716018918158564
10,1150.31,0.26793006791628377
10,1154.69,0.26217614489205604
10,1159.06,0.25915720764849837
10,1163.44,0.25747583932050916
10,1167.81,0.256443188486576
10,1172.19,0.25573776241916557
10,1176.56,0.2551818903227414
10,1180.94,0.25466035683706245
10,1185.3100000000002,0.25415126259128884
10,1189.6899999999998,0.25375793496248134
10,1194.06,0.25361039898919424
10,1198.44,0.25379325216294624
10,1202.81,0.2543264431438735
10,1207.19,0.25515709912217627
10,1211.56,0.25625553330983714
10,1215.94,0.2575858371367685
10,1220.31,0.2590532374760283
10,1224.69,0.2605804619623272
10,1229.06,0.2620909670749532
10,1233.44,0.26351692359237344
10,1237.8100000000002,0.2648358662212842
10,1242.1899999999998,0.26605592487170465
10,1246.56,0.2671815802087875
10,1250.94,0.26818358995986646
10,1255.31,0.26902074075139265
10,1259.69,0.26967582415524843
10,1264.06,0.2701194834562915
10,1268.44,0.27025527699438506
10,1272.81,0.270014439681731
10,1277.19,0.2694283767317571
10,1281.56,0.2685085624181809
10,1285.94,0.2672498649726239
10,1290.3100000000002,0.265627740956848
10,1294.6899999999998,0.263550386326713
10,1299.0600000000002,0.2609496318941323
10,1303.4399999999998,0.25780592162556315
10,1307.81,0.2540766264788314
10,1312.19,0.249667222685435
10,1316.56,0.24459537045815552
10,1320.94,0.23921752523179377
10,1325.31,0.23381192770519887
10,1329.69,0.22780598641399954
10,1334.06,0.2207936548054881
10,1338.44,0.2147466312630909
10,1342.81,0.21065445327145604
10,1347.19,0.20783647097658536
10,1500.31,0.07111009535816569
10,1504.69,0.07352924869928557
10,1509.0600000000002,0.07606615619439847
10,1513.4399999999998,0.07862221366572228
10,1517.8100000000002,0.08128754777234605
10,1522.1899999999998,0.08395580666342989
10,1526.56,0.08660408576574853
10,1530.94,0.08928812689431993
10,1535.31,0.09196330180559904
10,1539.69,0.09462794450038857
10,1544.06,0.09729928817981752
10,1548.44,0.09992964664920784
10,1552.81,0.10249243189967282
10,1557.19,0.10500656986784751
10,1561.56,0.1074260189082369
10,1565.94,0.10976478449382882
10,1570.3100000000002,0.11213242423420192
10,1574.6899999999998,0.11451514124996222
10,1579.06,0.11680046999787826
10,1583.44,0.11899211200718605
10,1587.81,0.12114633489010727
10,1592.19,0.12325928127233114
10,1596.56,0.12529118160335978
10,1600.94,0.1272796325518289
10,1605.31,0.1292234750676376
10,1609.69,0.13108540828572168
10,1614.06,0.1328391589339397
10,1618.44,0.13445587830154485
10,1622.8100000000002,0.13597002445899273
10,1627.1899999999998,0.13738658241080087
10,1631.56,0.138672581112844
10,1635.94,0.1398183717402099
10,1640.31,0.14083462386213022
10,1644.69,0.1416950609620442
10,1649.06,0.14234906798558636
10,1653.44,0.1427926793616218
10,1657.81,0.14306399657707147
10,1662.19,0.14322179880174213
10,1666.56,0.14330450393103125
10,1670.94,0.14327932536833726
10,1675.3100000000002,0.14305599152577064
10,1679.6899999999998,0.14256802883196873
10,1684.06,0.14182508858754803
10,1688.44,0.14086951046153462
10,1692.81,0.13971916959081715
10,1697.19,0.1383940402687794
10,1701.56,0.13694991772034265
10,1705.94,0.13545093102303546
10,1710.31,0.13395024722533497
10,1714.69,0.13254657242680323
10,1719.06,0.1312843656687628
10,1723.44,0.1301116043696734
10,1727.8100000000002,0.12902882095100765
10,1732.1899999999998,0.12799851911398924
10,1736.5600000000002,0.1268431478976284
10,1740.9399999999998,0.12546212824375097
10,1745.31,0.12384721157043826
10,1749.69,0.12207878565679645
10,1754.06,0.12031985574461757
10,1758.44,0.11865341843972953
10,1762.81,0.11715847027427957
10,1767.19,0.11584424726756364
10,1771.56,0.11478414072543562
10,1775.94,0.11394546502846135
10,1780.31,0.11323998432326002
10,1784.69,0.11270199207434854
10,1789.0600000000002,0.11236348615125606
10,1999.06,0.03177939295303445
10,2003.4399999999998,0.03278700868588464
10,2007.8100000000002,0.034014364505614465
10,2012.1899999999998,0.0350225983823293
10,2016.5600000000002,0.036161318885485086
10,2020.94,0.03715928555278777
10,2025.3100000000002,0.03791097887638335
10,2029.69,0.03862504189856262
10,2034.0600000000002,0.03933226243575708
10,2038.44,0.04002334496539144
10,2042.8099999999997,0.04071907728511981
10,2047.19,0.04140463423845381
10,2051.56,0.04215244628890062
10,2055.94,0.04301200258691887
10,2060.31,0.043837842418257
10,2064.69,0.04463630032011858
10,2069.06,0.0454796579661925
10,2073.44,0.046314645293527405
10,2077.81,0.04710767220293286
10,2082.19,0.04788987919491929
10,2086.56,0.048696933119306125
10,2090.9399999999996,0.04951251449333468
10,2095.31,0.05032350941748269
10,2099.69,0.051154727883912246
10,2104.06,0.05198739366209171
10,2108.44,0.052783038371965456
10,2112.81,0.053563138589059214
10,2117.19,0.05434526160122142
10,2121.56,0.055125376780080566
10,2125.94,0.05587997180068402
10,2130.31,0.05658968892371093
10,2134.69,0.05726324537463085
10,2139.0600000000004,0.0579228577453962
10,2143.44,0.058566755215432614
10,2147.8100000000004,0.059209325595625605
10,2152.19,0.059873457178488444
10,2156.56,0.06051288945743337
10,2160.94,0.06109944701445655
10,2165.31,0.06166606162836178
10,2169.69,0.06220663214243908
10,2174.06,0.06271758726876488
10,2178.44,0.06321696199045307
10,2182.81,0.06371960282549725
10,2187.19,0.0642138447957232
10,2191.56,0.06464219107466662
10,2195.9399999999996,0.06501042278573557
10,2200.31,0.06534913789506304
10,2204.6899999999996,0.06564345508863124
10,2209.06,0.06586508160505407
10,2213.44,0.06598881132473955
10,2217.81,0.06600370647564113
10,2222.19,0.06589283772039055
10,2226.56,0.06561205181689546
10,2230.94,0.06512260362309925
10,2235.31,0.06442356912154476
10,2239.69,0.06355051905676991
10,2244.06,0.06254409673984206
10,2248.44,0.061440408975864974
10,2252.8100000000004,0.060277878715499736
10,2257.19,0.05907578605059442
10,2261.56,0.05786727531270217
10,2265.94,0.05669945432242829
10,2270.31,0.05559909326548443
10,2274.69,0.054560776100801046
10,2279.06,0.05355370095697127
10,2283.44,0.05254265525660423
10,2287.81,0.051510944780352216
10,2292.19,0.05043607782899608
10,2296.56,0.04933580446485753
10,2300.94,0.04832092258817851
10,2305.31,0.04747793360109494
10,2309.6899999999996,0.04683041067352124
10,2314.06,0.04632433713936363
10,2318.44,0.045830841573049445
10,2322.81,0.04526794587822277
10,2327.19,0.04465560170321104
10,2331.56,0.04401143538702315
10,2335.94,0.04333475733559518
10,2340.31,0.04263235833343249
10,2344.69,0.04197382063838676
10,2349.06,0.041400309264583886
10,2353.44,0.04086122025971853
10,2357.8100000000004,0.04039085022084193
10,2362.19,0.03998451902450265
10,2366.5600000000004,0.039561144834275835
10,2370.94,0.03906001581427136
10,2375.31,0.03854815461809547
10,2379.69,0.03804508830360679
10,2384.06,0.0374540350356412
10,2388.44,0.03681272686399427
10,2392.81,0.0362262144581473
10,2397.19,0.03568804060035643
10,2401.56,0.035171692590544854
10,2405.94,0.03462291307797401
10,2410.31,0.03402847141362463
10,2414.6899999999996,0.033336995887199246
10,2419.06,0.03251361717088606
10,2423.4399999999996,0.03189042412479774
10,2427.81,0.031443119794138406
10,2432.19,0.030947691601152048
10,2436.56,0.030268434869799035
10,2440.94,0.029687609379186426
10,2445.31,0.02914613292668959
10,2449.69,0.028206414675220847
10,2454.06,0.027429891074614673
10,2458.44,0.027144403690471247
10,2462.81,0.026848851820728378
10,2467.19,0.02644327963188364
10,2471.5600000000004,0.025867937817720003
12,402.188,0.017621813930316893
12,406.56199999999995,0.01767608901643974
12,410.93800000000005,0.017809666175785634
12,415.313,0.018038478793107382
12,419.68699999999995,0.018347051872302966
12,424.06300000000005,0.018719181514338476
12,428.438,0.0191526677736945
12,432.813,0.0196201871564749
12,437.18800000000005,0.02007134963275356
12,441.563,0.020507425402283893
12,445.938,0.02094061567527958
12,450.31300000000005,0.021353709070204594
12,454.688,0.021722731323041103
12,459.063,0.022030130463333294
12,463.438,0.02226672468178401
12,467.813,0.022447402181949332
12,472.187,0.022600008487402096
12,476.562,0.022745065911739228
12,480.938,0.02290953410620507
12,485.313,0.023155653115384894
12,489.688,0.023559478725460013
12,494.063,0.024187305094469338
12,498.438,0.025160554672893975
12,502.812,0.026640039827046685
12,507.188,0.02871748948569532
12,511.563,0.03149282291566405
12,515.937,0.035117220378967154
12,520.313,0.039377739217860044
12,524.687,0.04368763219974741
12,529.062,0.04766410542771185
12,533.438,0.051025725443483126
12,537.813,0.053664942891265215
12,542.188,0.0556905146144732
12,546.563,0.05720702154448048
12,550.938,0.05817878449962845
12,555.312,0.05844265152957698
12,559.688,0.05786543042363851
12,564.063,0.05649451003544241
12,568.438,0.05449816405764452
12,572.813,0.05215712760630645
12,577.187,0.04990477681963411
12,581.562,0.048051206699234676
12,585.938,0.04663430218340449
12,590.313,0.04557084925980614
12,594.688,0.04480049117216388
12,599.063,0.04416633991294246
12,603.438,0.043399830268721094
12,607.812,0.04233220815002813
12,612.188,0.04102297173085071
12,616.563,0.03971954201330705
12,620.937,0.03869308899304529
12,625.312,0.038039088545625266
12,629.687,0.03761483445277982
12,634.063,0.03711153963285563
12,638.437,0.036248215794934875
12,642.813,0.03498102133335934
12,647.188,0.03350671526499232
12,651.563,0.03206577930066432
12,655.938,0.030676938622035004
12,660.313,0.029256257259295156
12,664.687,0.02792817739073873
12,669.063,0.02694311299662095
12,673.438,0.026506598324048027
12,677.813,0.026783427359493333
12,682.187,0.028158986793635203
12,686.562,0.03162389990604304
12,690.937,0.038543139399944006
12,695.312,0.04946564302777161
12,699.688,0.06406514913814619
12,704.063,0.08142378707858608
12,708.438,0.09981057614815478
12,712.813,0.1183904185590622
12,717.187,0.13856386970431492
12,721.563,0.1609745080456803
12,725.938,0.18292314170558552
12,730.313,0.20227529029002994
12,734.687,0.21787253301548712
12,739.063,0.22999677206548078
12,743.437,0.23938698497598576
12,747.812,0.24638421420662315
12,752.188,0.25133902673956093
12,756.563,0.2549122774348821
12,760.938,0.25816281930874035
12,765.313,0.2610904717027877
12,769.688,0.2628363948062552
12,774.063,0.2639337285007776
12,778.438,0.2648183475227571
12,782.813,0.2655543771851729
12,787.188,0.2661954042490043
12,791.563,0.26678818967389895
12,795.937,0.2673446211109211
12,800.312,0.26786997630826664
12,804.688,0.2683622230811189
12,809.063,0.2688358386154392
12,813.438,0.2693315547496161
12,817.813,0.2698316361684672
12,822.188,0.2702300603955802
12,826.5630000000001,0.2705002290749819
12,830.937,0.2707094635068286
12,835.313,0.2709372350064712
12,839.688,0.27123123195563675
12,844.063,0.2715859467927908
12,848.437,0.2719796889716357
12,852.812,0.27239903597026954
12,857.187,0.2728125501634421
12,861.563,0.2731946322843122
12,865.938,0.27355623094641407
12,870.313,0.2738944331696148
12,874.687,0.2741963826252689
12,879.063,0.27446807016624686
12,883.437,0.27471077461394827
12,887.813,0.27492662721853584
12,892.188,0.27513666008269594
12,896.562,0.27536034510020857
12,900.938,0.27556019906287627
12,905.312,0.2756820968920069
12,909.6880000000001,0.27572754585399145
12,914.062,0.2756522415056047
12,918.438,0.2754062189144614
12,922.813,0.27503933282492243
12,927.188,0.2745778218994639
12,931.563,0.273776721371839
12,935.937,0.2718879734774692
12,940.312,0.2692809655209832
12,944.688,0.2665201814023415
12,949.063,0.2629323796163198
12,953.438,0.25888883352078135
12,957.812,0.2552938147398928
12,962.187,0.2528629510039595
12,966.562,0.25162500362403
12,970.938,0.25115602919489344
12,975.313,0.2511657783855134
12,979.688,0.2516135841941365
12,984.063,0.2524912709465932
12,988.438,0.2537933872441545
12,992.812,0.25543749245400044
12,997.188,0.2572164717399228
12,1001.5600000000001,0.25904072320710153
12,1005.94,0.26097054999071573
12,1010.3100000000001,0.26300740956188307
12,1014.69,0.2650820721440193
12,1019.0600000000001,0.267153476343722
12,1023.4399999999999,0.26919297630927164
12,1027.81,0.2711532039746392
12,1032.19,0.2729998669564562
12,1036.56,0.27472500610571815
12,1040.94,0.27631548490023744
12,1045.31,0.277757700293048
12,1049.69,0.279048192160151
12,1054.06,0.28016828368244107
12,1058.44,0.2811036163843043
12,1062.81,0.28186029561583276
12,1067.19,0.2824515139818677
12,1071.5600000000002,0.2828799479777675
12,1075.9399999999998,0.28313766645914107
12,1080.3100000000002,0.28322195615788975
12,1084.6899999999998,0.2831320227041449
12,1089.06,0.28288077029662273
12,1093.44,0.2824943715967736
12,1097.81,0.28198160141112477
12,1102.19,0.2813466341226028
12,1106.56,0.28064256914577135
12,1110.94,0.2799557058097875
12,1115.31,0.27922902716060144
12,1119.69,0.277985510946869
12,1124.06,0.27489651393296716
12,1128.44,0.26925150102671
12,1132.8100000000002,0.26246763232298254
12,1137.1899999999998,0.25591963747483215
12,1141.56,0.24960727842239333
12,1145.94,0.24122180408076777
12,1150.31,0.2324031526229071
12,1154.69,0.2270004929426146
12,1159.06,0.22422560661746996
12,1163.44,0.22272350084310077
12,1167.81,0.22184254896253935
12,1172.19,0.2212808122807865
12,1176.56,0.22087051361095875
12,1180.94,0.2204993242849728
12,1185.3100000000002,0.22013574666703725
12,1189.6899999999998,0.21986089758380264
12,1194.06,0.21979045386580365
12,1198.44,0.22001033671463271
12,1202.81,0.2205411380217818
12,1207.19,0.2213262986471097
12,1211.56,0.22233464879885623
12,1215.94,0.22353837717912053
12,1220.31,0.22486064356321167
12,1224.69,0.2262422458975662
12,1229.06,0.22762246848487583
12,1233.44,0.22893970903510422
12,1237.8100000000002,0.23016962462270651
12,1242.1899999999998,0.23131832354052237
12,1246.56,0.23238860651825954
12,1250.94,0.2333493283564
12,1255.31,0.23415889545177823
12,1259.69,0.2348006236742842
12,1264.06,0.23524522203377682
12,1268.44,0.23539815794223304
12,1272.81,0.2351901618100654
12,1277.19,0.23464939937158233
12,1281.56,0.2337906911037308
12,1285.94,0.23261515766849808
12,1290.3100000000002,0.23110426787693913
12,1294.6899999999998,0.22917427137875068
12,1299.0600000000002,0.22676533690905948
12,1303.4399999999998,0.2238650335489174
12,1307.81,0.22044171510162425
12,1312.19,0.21642164976672007
12,1316.56,0.21183476691834274
12,1320.94,0.20701146980141613
12,1325.31,0.20220417138519778
12,1329.69,0.19690929275112856
12,1334.06,0.19076881479393032
12,1338.44,0.18549705505059894
12,1342.81,0.1819396698919888
12,1347.19,0.17949116186048186
12,1500.31,0.06841971777362883
12,1504.69,0.07035767317367786
12,1509.0600000000002,0.0723935243063398
12,1513.4399999999998,0.07444597041448968
12,1517.8100000000002,0.0765881031252357
12,1522.1899999999998,0.0787351770080386
12,1526.56,0.0808687083423791
12,1530.94,0.08303438416495207
12,1535.31,0.08519681668054728
12,1539.69,0.08735432834150969
12,1544.06,0.08952107995653893
12,1548.44,0.0916586693677812
12,1552.81,0.09374528185843246
12,1557.19,0.09579588971149842
12,1561.56,0.09777365817766502
12,1565.94,0.09969121032237978
12,1570.3100000000002,0.1016380075626004
12,1574.6899999999998,0.1036007763104681
12,1579.06,0.10548520734533667
12,1583.44,0.10729493966642761
12,1587.81,0.10907747319383505
12,1592.19,0.11082967455227169
12,1596.56,0.11251801353187388
12,1600.94,0.11417363084534964
12,1605.31,0.11579592785144929
12,1609.69,0.11735303808684067
12,1614.06,0.11882184380607913
12,1618.44,0.12017844989828018
12,1622.8100000000002,0.121453046200872
12,1627.1899999999998,0.12264951064931172
12,1631.56,0.12373958690104539
12,1635.94,0.12471765194273714
12,1640.31,0.12559533888078475
12,1644.69,0.12635055290414532
12,1649.06,0.12693798660793207
12,1653.44,0.1273484519562522
12,1657.81,0.12760674562790225
12,1662.19,0.1277600407631325
12,1666.56,0.12784547073887348
12,1670.94,0.1278435777732385
12,1675.3100000000002,0.1276863146626231
12,1679.6899999999998,0.12732487910417453
12,1684.06,0.12677027765214574
12,1688.44,0.12605564824144727
12,1692.81,0.1251903132135303
12,1697.19,0.12418056207271018
12,1701.56,0.12306099049273757
12,1705.94,0.12187722807647561
12,1710.31,0.12066961428410165
12,1714.69,0.11951775730574378
12,1719.06,0.11846036987094026
12,1723.44,0.11745905998691292
12,1727.8100000000002,0.1165236023185999
12,1732.1899999999998,0.11563383831073025
12,1736.5600000000002,0.11464930778588256
12,1740.9399999999998,0.11349148147840729
12,1745.31,0.11215322948018368
12,1749.69,0.1106936776424685
12,1754.06,0.10924042400812838
12,1758.44,0.10786010818152401
12,1762.81,0.10662059420893852
12,1767.19,0.10553210527515451
12,1771.56,0.1046551966321411
12,1775.94,0.10396236483228895
12,1780.31,0.1033809407713609
12,1784.69,0.10293710067945537
12,1789.0600000000002,0.10265551745045572
12,1999.06,0.03694596123620028
12,2003.4399999999998,0.03773033111803697
12,2007.8100000000002,0.038760944317624633
12,2012.1899999999998,0.039711412469578204
12,2016.5600000000002,0.04083982507695565
12,2020.94,0.041800876223729744
12,2025.3100000000002,0.04247191753277339
12,2029.69,0.043070543330941354
12,2034.0600000000002,0.04364529259047669
12,2038.44,0.04419758521745852
12,2042.8099999999997,0.044748459485367306
12,2047.19,0.04528787289575757
12,2051.56,0.04587429328382416
12,2055.94,0.046560076460484184
12,2060.31,0.04723988367439893
12,2064.69,0.04791108272803532
12,2069.06,0.04862193633583683
12,2073.44,0.04931588490091035
12,2077.81,0.04996608829733512
12,2082.19,0.05061140944390977
12,2086.56,0.051284316401486806
12,2090.9399999999996,0.05196023779624683
12,2095.31,0.05262150711523964
12,2099.69,0.053297696855231586
12,2104.06,0.053981761342698074
12,2108.44,0.054639886497948605
12,2112.81,0.05528712464309912
12,2117.19,0.055939675214440966
12,2121.56,0.056594777861735765
12,2125.94,0.05722204091278794
12,2130.31,0.0577964737488121
12,2134.69,0.05833332102805754
12,2139.0600000000004,0.058856502646975874
12,2143.44,0.05935980649356075
12,2147.8100000000004,0.05985345301986828
12,2152.19,0.06035976037209168
12,2156.56,0.06084484910721608
12,2160.94,0.06128685363892928
12,2165.31,0.06171133551361765
12,2169.69,0.06211574865732164
12,2174.06,0.062497826581528845
12,2178.44,0.06287082873467735
12,2182.81,0.06324613696570582
12,2187.19,0.06360938030256472
12,2191.56,0.06391266365924755
12,2195.9399999999996,0.06416554430900155
12,2200.31,0.06440611973841791
12,2204.6899999999996,0.06463580135510139
12,2209.06,0.06482336568602778
12,2213.44,0.0649344467067847
12,2217.81,0.06496586305875213
12,2222.19,0.06491010100269454
12,2226.56,0.06470962609997549
12,2230.94,0.06430507191156641
12,2235.31,0.06369830152366097
12,2239.69,0.06294344969819735
12,2244.06,0.06208761171135311
12,2248.44,0.06115767650689682
12,2252.8100000000004,0.0601787976332948
12,2257.19,0.059162586855955795
12,2261.56,0.058135732521889666
12,2265.94,0.05714351866987382
12,2270.31,0.05621281149445854
12,2274.69,0.05533449377423139
12,2279.06,0.0544810235798935
12,2283.44,0.053631555171191884
12,2287.81,0.0527766035824651
12,2292.19,0.051887718483311536
12,2296.56,0.05096794407051886
12,2300.94,0.05010632295473378
12,2305.31,0.04938158291587221
12,2309.6899999999996,0.048817685140606235
12,2314.06,0.04836646206355268
12,2318.44,0.04792365415253494
12,2322.81,0.04743264229468627
12,2327.19,0.04690804500906146
12,2331.56,0.04635798563990587
12,2335.94,0.04579412508476793
12,2340.31,0.04524033792104795
12,2344.69,0.0447531589321085
12,2349.06,0.04436147643657252
12,2353.44,0.04402497504179877
12,2357.8100000000004,0.04374595266221257
12,2362.19,0.043502240642305005
12,2366.5600000000004,0.04323382584278052
12,2370.94,0.0428985360828402
12,2375.31,0.042543702964354314
12,2379.69,0.042171516978096873
12,2384.06,0.04169019851115863
12,2388.44,0.04113457772979577
12,2392.81,0.040616998109608796
12,2397.19,0.040145322787029536
12,2401.56,0.0396888183372972
12,2405.94,0.03919586040135123
12,2410.31,0.0386688593420777
12,2414.6899999999996,0.03805404916532078
12,2419.06,0.03729792531010586
12,2423.4399999999996,0.0367168026205098
12,2427.81,0.0363029143655676
12,2432.19,0.035844304141964545
12,2436.56,0.03521089320865868
12,2440.94,0.0346700870015631
12,2445.31,0.03415343379143648
12,2449.69,0.03320206780285249
12,2454.06,0.03240865099462768
12,2458.44,0.032141998551493155
12,2462.81,0.03186341954165735
12,2467.19,0.031453359298092676
12,2471.5600000000004,0.0308488410848636
15,402.188,0.01809151399749793
15,406.56199999999995,0.01820373733972685
15,410.93800000000005,0.01839448148136839
15,415.313,0.018653631389502566
15,419.68699999999995,0.018951843720858303
15,424.06300000000005,0.019264393397374797
15,428.438,0.019576228778022994
15,432.813,0.019865679702086962
15,437.18800000000005,0.02011161380354503
15,441.563,0.020330018511453565
15,445.938,0.020544317149173024
15,450.31300000000005,0.02075505875374891
15,454.688,0.020949069226907167
15,459.063,0.021113134884328054
15,463.438,0.021239277728748035
15,467.813,0.02133462087323008
15,472.187,0.02141570425809035
15,476.562,0.021497133507143173
15,480.938,0.02159872930105358
15,485.313,0.021760737096109047
15,489.688,0.022030014426016185
15,494.063,0.022450387097561773
15,498.438,0.023107250638493018
15,502.812,0.024117899315045883
15,507.188,0.025558081458452668
15,511.563,0.027500337443870475
15,515.937,0.030031637050871047
15,520.313,0.03297376661821456
15,524.687,0.035897974505171674
15,529.062,0.03854188613438572
15,533.438,0.04073716480932668
15,537.813,0.042442702586038154
15,542.188,0.04375808615001897
15,546.563,0.04476862180936685
15,550.938,0.045456604808501645
15,555.312,0.04571320447653456
15,559.688,0.045438228781071864
15,564.063,0.04464135097798037
15,568.438,0.043422644846014644
15,572.813,0.04196891366539667
15,577.187,0.0405611887437462
15,581.562,0.039393798432466626
15,585.938,0.03849111450480519
15,590.313,0.037814613381585406
15,594.688,0.03734588388936789
15,599.063,0.0369820216495434
15,603.438,0.03653030864558841
15,607.812,0.03586605446176394
15,612.188,0.03502393224639966
15,616.563,0.034173661166801456
15,620.937,0.03350573788664167
15,625.312,0.03308760783800281
15,629.687,0.03281157960819878
15,634.063,0.03243943836039134
15,638.437,0.03175703112662744
15,642.813,0.030753184707457405
15,647.188,0.029620663390851912
15,651.563,0.028571917995102194
15,655.938,0.027611783299757844
15,660.313,0.0266431000275631
15,664.687,0.025729771695743253
15,669.063,0.02505077530446717
15,673.438,0.024765434162862473
15,677.813,0.025010962625319124
15,682.187,0.02610832824123607
15,686.562,0.028865947799792954
15,690.937,0.034359145270547085
15,695.312,0.04289245002538691
15,699.688,0.05395107808610875
15,704.063,0.06658699657659922
15,708.438,0.07939895168017488
15,712.813,0.0917461363171854
15,717.187,0.10447163808607227
15,721.563,0.11786561625816133
15,725.938,0.13022594409174715
15,730.313,0.14046881770793312
15,734.687,0.14830116458808099
15,739.063,0.15416404779383394
15,743.437,0.15861527463505756
15,747.812,0.1619244870770802
15,752.188,0.1643063363944008
15,756.563,0.16608874137435836
15,760.938,0.1677931588290178
15,765.313,0.16937825756510175
15,769.688,0.17036475400795445
15,774.063,0.17104686394810142
15,778.438,0.17165670471270664
15,782.813,0.17221327348760426
15,787.188,0.1727320594931684
15,791.563,0.17322878728787494
15,795.937,0.17370249034338414
15,800.312,0.17415331798331143
15,804.688,0.1745790293722381
15,809.063,0.174991776644364
15,813.438,0.17542609187195315
15,817.813,0.17587069420761114
15,822.188,0.17624582762527471
15,826.5630000000001,0.17653470141273805
15,830.937,0.17678150157853273
15,835.313,0.17702622341938165
15,839.688,0.17729325796396628
15,844.063,0.1775850074794367
15,848.437,0.1778959241648626
15,852.812,0.17822182456101124
15,857.187,0.17854138960367574
15,861.563,0.17883786736290203
15,865.938,0.17912418660070822
15,870.313,0.17940401089652178
15,874.687,0.1796707141327859
15,879.063,0.17992579890798924
15,883.437,0.1801626690684421
15,887.813,0.1803774919593405
15,892.188,0.1805876384451536
15,896.562,0.18081318166695487
15,900.938,0.18102524651487373
15,905.312,0.18118088138076344
15,909.6880000000001,0.18129609815111783
15,914.062,0.18135962943487383
15,918.438,0.1813377699506289
15,922.813,0.18125314769844453
15,927.188,0.18113109205518374
15,931.563,0.18089105885476667
15,935.937,0.1802432467596878
15,940.312,0.1792588432456315
15,944.688,0.1781256349293256
15,949.063,0.17658441181020837
15,953.438,0.174790199711084
15,957.812,0.1731421545964716
15,962.187,0.17198506849428635
15,966.562,0.1713701349074069
15,970.938,0.17113472667714258
15,975.313,0.17115212852322476
15,979.688,0.17138824086499907
15,984.063,0.1718218449073304
15,988.438,0.17244346190542786
15,992.812,0.1732350093298328
15,997.188,0.17413772472344638
15,1001.5600000000001,0.1751076428504012
15,1005.94,0.1761411005744107
15,1010.3100000000001,0.17721638030227946
15,1014.69,0.17829770917180982
15,1019.0600000000001,0.17937319661489431
15,1023.4399999999999,0.1804316014123328
15,1027.81,0.1814467193048302
15,1032.19,0.18239990112425689
15,1036.56,0.18328740775016422
15,1040.94,0.1841044082388837
15,1045.31,0.18484929398672637
15,1049.69,0.18552721910016529
15,1054.06,0.1861343074417828
15,1058.44,0.18666709830647935
15,1062.81,0.18712975758044426
15,1067.19,0.18752514443288704
15,1071.5600000000002,0.18784885529125636
15,1075.9399999999998,0.18809505353505554
15,1080.3100000000002,0.18826364980123875
15,1084.6899999999998,0.188353468612016
15,1089.06,0.18836679945300774
15,1093.44,0.188314400899483
15,1097.81,0.18820107414061416
15,1102.19,0.18802388637214312
15,1106.56,0.1877963941002793
15,1110.94,0.18755318313900202
15,1115.31,0.1872759650149305
15,1119.69,0.18674806281264927
15,1124.06,0.1853078570799483
15,1128.44,0.18255125879412418
15,1132.8100000000002,0.17916298869932132
15,1137.1899999999998,0.17585803704824068
15,1141.56,0.17262862550568947
15,1145.94,0.16823569055672888
15,1150.31,0.16348658801207688
15,1154.69,0.16046318227271003
15,1159.06,0.15882963883586704
15,1163.44,0.1578876906928997
15,1167.81,0.1572882573453331
15,1172.19,0.1568678476056574
15,1176.56,0.15653071808516592
15,1180.94,0.15621215592441157
15,1185.3100000000002,0.15589850512491785
15,1189.6899999999998,0.15564744212565979
15,1194.06,0.15553672655879222
15,1198.44,0.15562296797261782
15,1202.81,0.15593311784063724
15,1207.19,0.15645238722347907
15,1211.56,0.1571690038297003
15,1215.94,0.15805678181401503
15,1220.31,0.15904807901947773
15,1224.69,0.16008549192312874
15,1229.06,0.1611058132477142
15,1233.44,0.1620542896820181
15,1237.8100000000002,0.16291877425185075
15,1242.1899999999998,0.16370893130428021
15,1246.56,0.16443060971457696
15,1250.94,0.16507323815704592
15,1255.31,0.16562015949482095
15,1259.69,0.16606405678468683
15,1264.06,0.16639104080535033
15,1268.44,0.16655289443182944
15,1272.81,0.16651246890576532
15,1277.19,0.16628756258912675
15,1281.56,0.16588979013025137
15,1285.94,0.16531540280217988
15,1290.3100000000002,0.16454851490545308
15,1294.6899999999998,0.16354095206378297
15,1299.0600000000002,0.16225091199816016
15,1303.4399999999998,0.16065864021713874
15,1307.81,0.15873561630015906
15,1312.19,0.1564240152129864
15,1316.56,0.15372506763198818
15,1320.94,0.15082551532485464
15,1325.31,0.1478745025956655
15,1329.69,0.1445529564454839
15,1334.06,0.140631789933082
15,1338.44,0.13722093141566177
15,1342.81,0.13489630482373455
15,1347.19,0.13328828664575926
15,1500.31,0.05370310497371119
15,1504.69,0.05518088483638156
15,1509.0600000000002,0.05672067354284666
15,1513.4399999999998,0.0582575785215912
15,1517.8100000000002,0.05984661823944309
15,1522.1899999999998,0.06142473593317206
15,1526.56,0.06297640618945675
15,1530.94,0.06453566741417249
15,1535.31,0.06607849230452341
15,1539.69,0.06760435295466542
15,1544.06,0.06912494548906355
15,1548.44,0.07061638917126223
15,1552.81,0.07206517472313252
15,1557.19,0.07348133692709308
15,1561.56,0.07483918008548258
15,1565.94,0.07614908475095052
15,1570.3100000000002,0.07747413922548065
15,1574.6899999999998,0.07880746660148315
15,1579.06,0.0800884035962289
15,1583.44,0.08132322465065533
15,1587.81,0.08254766949936582
15,1592.19,0.08376131019407054
15,1596.56,0.08493974276091708
15,1600.94,0.08610119195747636
15,1605.31,0.08724423729925151
15,1609.69,0.08834636789850414
15,1614.06,0.0893872464947024
15,1618.44,0.0903437340569069
15,1622.8100000000002,0.09123392784570902
15,1627.1899999999998,0.09206354305667384
15,1631.56,0.09281722158380665
15,1635.94,0.09349060373906772
15,1640.31,0.09408287447970964
15,1644.69,0.09456504287769313
15,1649.06,0.09489634833913402
15,1653.44,0.0950689600388558
15,1657.81,0.09510754513591195
15,1662.19,0.09505662842431872
15,1666.56,0.09495793683356205
15,1670.94,0.09481627560725764
15,1675.3100000000002,0.09458093361467407
15,1679.6899999999998,0.09419747883524045
15,1684.06,0.09366310348403066
15,1688.44,0.09299859239931332
15,1692.81,0.09220791215185527
15,1697.19,0.09130014202351919
15,1701.56,0.09031418992390956
15,1705.94,0.0892998824854989
15,1710.31,0.08830388907600305
15,1714.69,0.08740393272317286
15,1719.06,0.08663973739345958
15,1723.44,0.0859885357199115
15,1727.8100000000002,0.08545165501120204
15,1732.1899999999998,0.08499844054512633
15,1736.5600000000002,0.0845070733010784
15,1740.9399999999998,0.0838821300405794
15,1745.31,0.0830981886984169
15,1749.69,0.08220995371338925
15,1754.06,0.08132599810260686
15,1758.44,0.08050690133451627
15,1762.81,0.07980065722656915
15,1767.19,0.07921118627244246
15,1771.56,0.07875764247845435
15,1775.94,0.07840983695322179
15,1780.31,0.07811723237378743
15,1784.69,0.07788751017744724
15,1789.0600000000002,0.07774196009771364
15,1999.06,0.02896708139771403
15,2003.4399999999998,0.029605699563344516
15,2007.8100000000002,0.030403755241206205
15,2012.1899999999998,0.03109385638629515
15,2016.5600000000002,0.0319107097181728
15,2020.94,0.03262528203003554
15,2025.3100000000002,0.03311212490966928
15,2029.69,0.03352619827673622
15,2034.0600000000002,0.03391707656373917
15,2038.44,0.03429261832005182
15,2042.8099999999997,0.034665292071700986
15,2047.19,0.035018905811144425
15,2051.56,0.03538466960625862
15,2055.94,0.03580667382919818
15,2060.31,0.03623366386248659
15,2064.69,0.036666419894280794
15,2069.06,0.03713512929390218
15,2073.44,0.03759403883853589
15,2077.81,0.03801625455530412
15,2082.19,0.03842772547310229
15,2086.56,0.03885394274117262
15,2090.9399999999996,0.039284005453838804
15,2095.31,0.03970863003309672
15,2099.69,0.04014451538209133
15,2104.06,0.04058534956935788
15,2108.44,0.04100964718265781
15,2112.81,0.041428146075294214
15,2117.19,0.0418512838443161
15,2121.56,0.042277464622936335
15,2125.94,0.042692969598482636
15,2130.31,0.04308754133415128
15,2134.69,0.04346960679422171
15,2139.0600000000004,0.04385442761736198
15,2143.44,0.044241053686579296
15,2147.8100000000004,0.044637260625135115
15,2152.19,0.04505821689334606
15,2156.56,0.045475791126126576
15,2160.94,0.045870001198903464
15,2165.31,0.04625893672732823
15,2169.69,0.04663369606973287
15,2174.06,0.046988909643706424
15,2178.44,0.04733727072758838
15,2182.81,0.0476901068730908
15,2187.19,0.04804042970312872
15,2191.56,0.04834937101904687
15,2195.9399999999996,0.04862200429386308
15,2200.31,0.04888060503118338
15,2204.6899999999996,0.049112741403702954
15,2209.06,0.04929610763204023
15,2213.44,0.04941213383527115
15,2217.81,0.0494513376960617
15,2222.19,0.04939695574767046
15,2226.56,0.04921362623856626
15,2230.94,0.04887091726334705
15,2235.31,0.04836428375310902
15,2239.69,0.04771515344779233
15,2244.06,0.04695164752094308
15,2248.44,0.04610531119789102
15,2252.8100000000004,0.04521456865944386
15,2257.19,0.04430137248794922
15,2261.56,0.04339369831457085
15,2265.94,0.042527428829444824
15,2270.31,0.041726133657237485
15,2274.69,0.04099117146990421
15,2279.06,0.04030078420368207
15,2283.44,0.03962361449887486
15,2287.81,0.03893793548652022
15,2292.19,0.03822318701753336
15,2296.56,0.037497203743827826
15,2300.94,0.036847665516432156
15,2305.31,0.03634205510208512
15,2309.6899999999996,0.03599373064869285
15,2314.06,0.03575928817508598
15,2318.44,0.035550183276678006
15,2322.81,0.03529235254027894
15,2327.19,0.034969692269385885
15,2331.56,0.03459533961013891
15,2335.94,0.034186878078250424
15,2340.31,0.033763311039699956
15,2344.69,0.033376232070411044
15,2349.06,0.03305945830354727
15,2353.44,0.03278812982442679
15,2357.8100000000004,0.0325669901700961
15,2362.19,0.03237501927322943
15,2366.5600000000004,0.03216023477716677
15,2370.94,0.031890154779470097
15,2375.31,0.03160946164199209
15,2379.69,0.03132965990723182
15,2384.06,0.030991065070343483
15,2388.44,0.030617541694309483
15,2392.81,0.030273579787712383
15,2397.19,0.02995490659226454
15,2401.56,0.0296430598051805
15,2405.94,0.02930237095268717
15,2410.31,0.028924321275430494
15,2414.6899999999996,0.028477028772066253
15,2419.06,0.02795047351376421
15,2423.4399999999996,0.027552889741320533
15,2427.81,0.027255485131699172
15,2432.19,0.02691132575254905
15,2436.56,0.02643228212518952
15,2440.94,0.026011053597130327
15,2445.31,0.025586913128090766
15,2449.69,0.024850924766572694
15,2454.06,0.024302439895718942
15,2458.44,0.024119921431378148
15,2462.81,0.023881812903848748
15,2467.19,0.02352566066851234
15,2471.5600000000004,0.02304340194288365
17,402.188,0.01591634922656334
17,406.56199999999995,0.016002312692992633
17,410.93800000000005,0.016178069302163093
17,415.313,0.01645079601206755
17,419.68699999999995,0.016800597559819837
17,424.06300000000005,0.017211139115150268
17,428.438,0.017681347069482253
17,432.813,0.018184136575911832
17,437.18800000000005,0.018667413557110834
17,441.563,0.019133655676252578
17,445.938,0.019595859676025604
17,450.31300000000005,0.020036673350896116
17,454.688,0.020433846697813472
17,459.063,0.020771385801488663
17,463.438,0.021039851089637185
17,467.813,0.021253629171477866
17,472.187,0.02143976610439081
17,476.562,0.021616971946845736
17,480.938,0.021811322756975737
17,485.313,0.022085770148566556
17,489.688,0.022516172477683095
17,494.063,0.023165815732714933
17,498.438,0.024154427586101968
17,502.812,0.025639998456660193
17,507.188,0.027707293928160476
17,511.563,0.030451921897060683
17,515.937,0.03402579477505448
17,520.313,0.03822145119771771
17,524.687,0.04246332021590288
17,529.062,0.04637913718400429
17,533.438,0.049697332626949246
17,537.813,0.052314640924701554
17,542.188,0.054336071699596006
17,546.563,0.05585936666193303
17,550.938,0.05684781954001063
17,555.312,0.05714658113027233
17,559.688,0.056631315017839835
17,564.063,0.05534798587998657
17,568.438,0.05345511580050637
17,572.813,0.05122067146594565
17,577.187,0.049066035685887466
17,581.562,0.04729927195787417
17,585.938,0.04596445649110867
17,590.313,0.04497841170570926
17,594.688,0.04426954709371695
17,599.063,0.043681654729773
17,603.438,0.04296204552551543
17,607.812,0.041952898759780026
17,612.188,0.040712917503341675
17,616.563,0.0394814372994273
17,620.937,0.03852164913209351
17,625.312,0.037927008711138833
17,629.687,0.03755525743837003
17,634.063,0.03710108538552335
17,638.437,0.03629320298037862
17,642.813,0.03509459452537107
17,647.188,0.03369723643318
17,651.563,0.032328733766794154
17,655.938,0.03100437860111059
17,660.313,0.029646613617754388
17,664.687,0.02838205950768556
17,669.063,0.027456376031171306
17,673.438,0.0270695975617557
17,677.813,0.02738513067494656
17,682.187,0.0287860958357058
17,686.562,0.03224775297330978
17,690.937,0.039095743050283474
17,695.312,0.04984279950873807
17,699.688,0.06415593761518625
17,704.063,0.08113374455196926
17,708.438,0.09908720398791566
17,712.813,0.11721125200167958
17,717.187,0.13687862601649126
17,721.563,0.15871157067043545
17,725.938,0.1800787667327157
17,730.313,0.19891115043757088
17,734.687,0.21409303145422856
17,739.063,0.22590785274321937
17,743.437,0.2350774593621996
17,747.812,0.2419307998617083
17,752.188,0.24680253967125504
17,756.563,0.25033848285835497
17,760.938,0.25358854967596867
17,765.313,0.2565328570111273
17,769.688,0.2582930042665238
17,774.063,0.2594124146426555
17,778.438,0.2603345045522321
17,782.813,0.26112039773575557
17,787.188,0.2618189350193853
17,791.563,0.26247327906984436
17,795.937,0.26309268860030893
17,800.312,0.26368100508088815
17,804.688,0.26423483737887965
17,809.063,0.26477059378635764
17,813.438,0.26533572995554905
17,817.813,0.2659137468060934
17,822.188,0.26638675439803744
17,826.5630000000001,0.2667250679363286
17,830.937,0.26700069207107924
17,835.313,0.26729237573361386
17,839.688,0.2676461117326173
17,844.063,0.2680589241884675
17,848.437,0.26851261698188433
17,852.812,0.26899605496653006
17,857.187,0.2694749656907572
17,861.563,0.26992075699115764
17,865.938,0.2703474614080394
17,870.313,0.27075317078851885
17,874.687,0.2711225450433616
17,879.063,0.2714631514034105
17,883.437,0.2717770515127069
17,887.813,0.2720637525451737
17,892.188,0.2723444729843438
17,896.562,0.27264620498078285
17,900.938,0.2729315328961153
17,905.312,0.27313202256086433
17,909.6880000000001,0.2732538602123864
17,914.062,0.2732620366485513
17,918.438,0.27309596351524396
17,922.813,0.2727940835405354
17,927.188,0.2723840981801529
17,931.563,0.2716391652666855
17,935.937,0.26985953035969534
17,940.312,0.26738853131261947
17,944.688,0.2647416640577914
17,949.063,0.26128477627348184
17,953.438,0.2573884437172974
17,957.812,0.25393966144065244
17,962.187,0.251638788812181
17,966.562,0.2504987596273696
17,970.938,0.2500964621329522
17,975.313,0.2501591823881423
17,979.688,0.2506567740283225
17,984.063,0.2516043279408952
17,988.438,0.2530397964828375
17,992.812,0.2548594158167897
17,997.188,0.25676895229550917
17,1001.5600000000001,0.25865618582364414
17,1005.94,0.2606190767668909
17,1010.3100000000001,0.262681521559435
17,1014.69,0.26477966550514165
17,1019.0600000000001,0.26687536546839663
17,1023.4399999999999,0.2689420227570144
17,1027.81,0.2709324276641677
17,1032.19,0.2728121222430682
17,1036.56,0.2745736135646913
17,1040.94,0.27620331000026577
17,1045.31,0.27768618259656597
17,1049.69,0.2790183267160079
17,1054.06,0.28018130303169336
17,1058.44,0.28116178486658444
17,1062.81,0.28196798057963857
17,1067.19,0.28261574053308836
17,1071.5600000000002,0.2831078049662867
17,1075.9399999999998,0.28343296942887364
17,1080.3100000000002,0.28358582860925996
17,1084.6899999999998,0.28356451102356406
17,1089.06,0.2833811060291716
17,1093.44,0.28306225935836027
17,1097.81,0.2826151431016593
17,1102.19,0.28203980647706756
17,1106.56,0.28138702052254255
17,1110.94,0.28074642742719813
17,1115.31,0.2800758423387103
17,1119.69,0.27893536218399806
17,1124.06,0.2760493603686276
17,1128.44,0.27066356536394176
17,1132.8100000000002,0.2641068869251652
17,1137.1899999999998,0.25774898440956684
17,1141.56,0.25161030507855947
17,1145.94,0.24344859161243462
17,1150.31,0.23486145206941927
17,1154.69,0.2296017902562513
17,1159.06,0.22691004501612394
17,1163.44,0.22547310907536675
17,1167.81,0.22465977459686376
17,1172.19,0.22417491924475905
17,1176.56,0.22385110740102412
17,1180.94,0.22357258834262184
17,1185.3100000000002,0.22329992378152083
17,1189.6899999999998,0.22310333638413143
17,1194.06,0.22309614081470763
17,1198.44,0.22337145673820683
17,1202.81,0.22395171561579458
17,1207.19,0.22477532363874486
17,1211.56,0.225809905880767
17,1215.94,0.22703128440405315
17,1220.31,0.22837046224675883
17,1224.69,0.2297756968329468
17,1229.06,0.23118482679998253
17,1233.44,0.23253096222263864
17,1237.8100000000002,0.2337889587130817
17,1242.1899999999998,0.23496703650403575
17,1246.56,0.23606901779079265
17,1250.94,0.23706503964062905
17,1255.31,0.23791570658507746
17,1259.69,0.23860523191222907
17,1264.06,0.23910337929987496
17,1268.44,0.23931121273832556
17,1272.81,0.23915451819959263
17,1277.19,0.23866447552746897
17,1281.56,0.23786337736679364
17,1285.94,0.2367548070839916
17,1290.3100000000002,0.23531888101578355
17,1294.6899999999998,0.23347208511151873
17,1299.0600000000002,0.2311548892447252
17,1303.4399999999998,0.22835439331243476
17,1307.81,0.22503981598921338
17,1312.19,0.22113921271200176
17,1316.56,0.21668173953593062
17,1320.94,0.2119921112706222
17,1325.31,0.2073195427549773
17,1329.69,0.2021727034028745
17,1334.06,0.19619331079564437
17,1338.44,0.1910420066211051
17,1342.81,0.18754977005260684
17,1347.19,0.18513497745168747
17,1500.31,0.07639518140912745
17,1504.69,0.07835088544910494
17,1509.0600000000002,0.08040506489793858
17,1513.4399999999998,0.08247655569926866
17,1517.8100000000002,0.08463739431771511
17,1522.1899999999998,0.08680085657011527
17,1526.56,0.0889490388404248
17,1530.94,0.09112757539521031
17,1535.31,0.09330008359369621
17,1539.69,0.0954659872674451
17,1544.06,0.09764051251744277
17,1548.44,0.0997847543184909
17,1552.81,0.10187634705535631
17,1557.19,0.10393092350544718
17,1561.56,0.10591289109105986
17,1565.94,0.10783660420901824
17,1570.3100000000002,0.1097919962156188
17,1574.6899999999998,0.11176263860072091
17,1579.06,0.11365191260102107
17,1583.44,0.11546521680871286
17,1587.81,0.1172519736333547
17,1592.19,0.11900969697243823
17,1596.56,0.12070590172243095
17,1600.94,0.12237249256701566
17,1605.31,0.1240063606709173
17,1609.69,0.12557202209182836
17,1614.06,0.12704596013549047
17,1618.44,0.1284077008954075
17,1622.8100000000002,0.12968987260409995
17,1627.1899999999998,0.13089540808899305
17,1631.56,0.13199480895648857
17,1635.94,0.13298277793967395
17,1640.31,0.13387145886392632
17,1644.69,0.1346379916847855
17,1649.06,0.1352355727365168
17,1653.44,0.13565441792647906
17,1657.81,0.13591974811506663
17,1662.19,0.13607950617894604
17,1666.56,0.1361718282437816
17,1670.94,0.13617748566051482
17,1675.3100000000002,0.1360285675992653
17,1679.6899999999998,0.1356777299254764
17,1684.06,0.135138131894067
17,1688.44,0.13444397225326024
17,1692.81,0.13360391586036025
17,1697.19,0.1326216306771131
17,1701.56,0.13152851972541002
17,1705.94,0.1303675593488017
17,1710.31,0.12917751305012895
17,1714.69,0.12803711613644
17,1719.06,0.12698604675496492
17,1723.44,0.1259883472986093
17,1727.8100000000002,0.12505745759359294
17,1732.1899999999998,0.12417764438463215
17,1736.5600000000002,0.12321156763162393
17,1740.9399999999998,0.12207958786905533
17,1745.31,0.12076927462989194
17,1749.69,0.11933520684172846
17,1754.06,0.11790283786307437
17,1758.44,0.11654100565539059
17,1762.81,0.1153199713708857
17,1767.19,0.11425091433441911
17,1771.56,0.11339382222108216
17,1775.94,0.1127200020491746
17,1780.31,0.11215350838638544
17,1784.69,0.11171843933171392
17,1789.0600000000002,0.11144031812447816
17,1999.06,0.044086828229042
17,2003.4399999999998,0.044924612348491044
17,2007.8100000000002,0.04608178368569741
17,2012.1899999999998,0.04719914156609
17,2016.5600000000002,0.048513564567836565
17,2020.94,0.04959778822830931
17,2025.3100000000002,0.05034451079491062
17,2029.69,0.05100912362429017
17,2034.0600000000002,0.05163733937136274
17,2038.44,0.05222509030513958
17,2042.8099999999997,0.05279883868947143
17,2047.19,0.053361220153187505
17,2051.56,0.05398411887047118
17,2055.94,0.054718633251012685
17,2060.31,0.05544313514683707
17,2064.69,0.05614951630991626
17,2069.06,0.05688518189403751
17,2073.44,0.057597477629353466
17,2077.81,0.058270082599218155
17,2082.19,0.058947648985470946
17,2086.56,0.05965975607647357
17,2090.9399999999996,0.06036988459045846
17,2095.31,0.06105470827912954
17,2099.69,0.06175254593349424
17,2104.06,0.06246231940761773
17,2108.44,0.0631475280047322
17,2112.81,0.06382183612046455
17,2117.19,0.06450317682231124
17,2121.56,0.06518883201136365
17,2125.94,0.06583730297765732
17,2130.31,0.06641534191163218
17,2134.69,0.06694777106120658
17,2139.0600000000004,0.06746569706354953
17,2143.44,0.06795894769096991
17,2147.8100000000004,0.06843724012425656
17,2152.19,0.06892532189714776
17,2156.56,0.06938928316386696
17,2160.94,0.06980763799354157
17,2165.31,0.07020577629568554
17,2169.69,0.07058408379285566
17,2174.06,0.07094172592439255
17,2178.44,0.07129108516471437
17,2182.81,0.07164321254117932
17,2187.19,0.07197793506939
17,2191.56,0.07224487666841276
17,2195.9399999999996,0.07245991939226885
17,2200.31,0.07267424448411795
17,2204.6899999999996,0.07290119213713343
17,2209.06,0.07310109046415918
17,2213.44,0.07322581666195484
17,2217.81,0.07327769897466009
17,2222.19,0.07325421163197601
17,2226.56,0.07307504759330317
17,2230.94,0.07265149272172146
17,2235.31,0.07198823071678166
17,2239.69,0.07116568959372294
17,2244.06,0.07024642399025784
17,2248.44,0.06925552494873226
17,2252.8100000000004,0.06821260488929864
17,2257.19,0.06712607642782642
17,2261.56,0.06602386670428285
17,2265.94,0.06495948266220405
17,2270.31,0.06396507507934603
17,2274.69,0.0630247378866456
17,2279.06,0.062106569190744206
17,2283.44,0.06119676083481346
17,2287.81,0.060291256148367424
17,2292.19,0.059352708606067534
17,2296.56,0.05837434719592524
17,2300.94,0.05744824100370893
17,2305.31,0.05666494463475888
17,2309.6899999999996,0.056053753192863175
17,2314.06,0.05555948300493208
17,2318.44,0.05507125863670055
17,2322.81,0.05453744101814143
17,2327.19,0.05397278715239071
17,2331.56,0.05338110128518919
17,2335.94,0.0527866640442706
17,2340.31,0.05223298786154534
17,2344.69,0.05177940225540659
17,2349.06,0.051451331818149086
17,2353.44,0.05120731095892441
17,2357.8100000000004,0.05102346505939969
17,2362.19,0.05085828339761403
17,2366.5600000000004,0.05065689547332961
17,2370.94,0.05038347735636315
17,2375.31,0.05007649902252413
17,2379.69,0.04972380009570192
17,2384.06,0.04922194328196806
17,2388.44,0.048613076251366794
17,2392.81,0.048035746606872834
17,2397.19,0.04750898091142948
17,2401.56,0.04699380064757302
17,2405.94,0.04643048424805956
17,2410.31,0.04583610858277422
17,2414.6899999999996,0.04514386106154192
17,2419.06,0.04427106808988374
17,2423.4399999999996,0.043591496375373955
17,2427.81,0.04311128062298473
17,2432.19,0.04258032030131098
17,2436.56,0.04184128573230167
17,2440.94,0.04121810002997102
17,2445.31,0.04064168850423998
17,2449.69,0.0395301074346653
17,2454.06,0.03852585025629434
17,2458.44,0.03817929947818018
17,2462.81,0.03786239089161587
17,2467.19,0.037402043020070025
17,2471.5600000000004,0.03671724016396644
20,402.188,0.012964889808934158
20,406.56199999999995,0.01311275633536113
20,410.93800000000005,0.01335502714327383
20,415.313,0.013672824319373257
20,419.68699999999995,0.014028330813885093
20,424.06300000000005,0.014394910969002453
20,428.438,0.014759976497902486
20,432.813,0.015101924007512034
20,437.18800000000005,0.015395936462283847
20,441.563,0.015659391469536838
20,445.938,0.01591414035847974
20,450.31300000000005,0.01615843541904249
20,454.688,0.016379906557434442
20,459.063,0.016565280017195646
20,463.438,0.01670668457639102
20,467.813,0.016814431548541245
20,472.187,0.016908209169104748
20,476.562,0.01700194000352607
20,480.938,0.017112751065589387
20,485.313,0.01727972039434109
20,489.688,0.01755074726432706
20,494.063,0.01797016064725592
20,498.438,0.018622684895457577
20,502.812,0.01962207888901861
20,507.188,0.021035795531843683
20,511.563,0.02293090186876554
20,515.937,0.025394872218902565
20,520.313,0.028250862961194126
20,524.687,0.03106997073512991
20,529.062,0.033586188666589814
20,533.438,0.035634261094028175
20,537.813,0.037181427174908306
20,542.188,0.03833701484956208
20,546.563,0.0391993996831876
20,550.938,0.0397592777907399
20,555.312,0.039907303403492654
20,559.688,0.039542190009899905
20,564.063,0.03867867984641108
20,568.438,0.03742076460527745
20,572.813,0.035950305369945014
20,577.187,0.03453843131047033
20,581.562,0.033374760270112575
20,585.938,0.03248510933292299
20,590.313,0.031822965223302
20,594.688,0.031352176208424
20,599.063,0.030970904869612913
20,603.438,0.030505894869395714
20,607.812,0.029845499952176946
20,612.188,0.029023134743108654
20,616.563,0.028197545565629926
20,620.937,0.027547189108378063
20,625.312,0.027134725166518762
20,629.687,0.026856440705633155
20,634.063,0.026490109265039672
20,638.437,0.02584342076646544
20,642.813,0.024912562363587326
20,647.188,0.023872880329772788
20,651.563,0.022911424640807032
20,655.938,0.022030963161294093
20,660.313,0.021147046692641478
20,664.687,0.020320803486222522
20,669.063,0.01971416395100958
20,673.438,0.019467876439389305
20,677.813,0.01970037310437763
20,682.187,0.02069530848063408
20,686.562,0.023180760276472284
20,690.937,0.02815297860891943
20,695.312,0.0359609931508349
20,699.688,0.0462191441816094
20,704.063,0.058086299940489194
20,708.438,0.07024205004635836
20,712.813,0.0820669373834589
20,717.187,0.09436662826754307
20,721.563,0.10742339035890658
20,725.938,0.11958170474915215
20,730.313,0.12975307341304834
20,734.687,0.1375947387361839
20,739.063,0.14350517229205167
20,743.437,0.14802106088226907
20,747.812,0.1513919558710584
20,752.188,0.15381054002913985
20,756.563,0.1555934061633447
20,760.938,0.15725350617021913
20,765.313,0.15876727743157146
20,769.688,0.15969033042235797
20,774.063,0.16030269428200164
20,778.438,0.16082467452730742
20,782.813,0.16127964072926898
20,787.188,0.16168935136446896
20,791.563,0.16207504358696123
20,795.937,0.162440122369312
20,800.312,0.162785800188432
20,804.688,0.16311035601986487
20,809.063,0.16342413574689776
20,813.438,0.16375295025008965
20,817.813,0.16408403286480644
20,822.188,0.16435349260162982
20,826.5630000000001,0.1645485452292102
20,830.937,0.1647057030091003
20,835.313,0.1648649382991244
20,839.688,0.16505268935326659
20,844.063,0.16526923789781325
20,848.437,0.16550456936867092
20,852.812,0.16575065990226662
20,857.187,0.16598910874184306
20,861.563,0.1662062103160831
20,865.938,0.16641043573201517
20,870.313,0.1666054270654649
20,874.687,0.16678820586299392
20,879.063,0.16695847211517484
20,883.437,0.16710896748088605
20,887.813,0.16723803581025257
20,892.188,0.16736232980657087
20,896.562,0.16749329149075215
20,900.938,0.1676041923298945
20,905.312,0.1676695422453006
20,909.6880000000001,0.16769923903435058
20,914.062,0.16767213987164378
20,918.438,0.1675645434483084
20,922.813,0.16740776685214598
20,927.188,0.16722354625950867
20,931.563,0.16691143474307016
20,935.937,0.16613313954267606
20,940.312,0.16500006878337464
20,944.688,0.16375584414120412
20,949.063,0.16210354932483995
20,953.438,0.1602015813142554
20,957.812,0.1584617957588244
20,962.187,0.15722887935346624
20,966.562,0.15655311406140568
20,970.938,0.15626595803484508
20,975.313,0.1562273579281087
20,979.688,0.1564001355587863
20,984.063,0.15676084870117898
20,988.438,0.1572836288851794
20,992.812,0.15794972223720855
20,997.188,0.15872490470279918
20,1001.5600000000001,0.15957844026071777
20,1005.94,0.16050551328893492
20,1010.3100000000001,0.1614868476045288
20,1014.69,0.16248699843021874
20,1019.0600000000001,0.16348919945813653
20,1023.4399999999999,0.16447785619079835
20,1027.81,0.16542186383433632
20,1032.19,0.16629685267942648
20,1036.56,0.16709715717396117
20,1040.94,0.16782023784736674
20,1045.31,0.16846808206365135
20,1049.69,0.16904887284669096
20,1054.06,0.16956084531112275
20,1058.44,0.17000192108094012
20,1062.81,0.17037533500517466
20,1067.19,0.17068183615015325
20,1071.5600000000002,0.17091566793089052
20,1075.9399999999998,0.17107111154298646
20,1080.3100000000002,0.17114846285183044
20,1084.6899999999998,0.17114701099326254
20,1089.06,0.17106985684074755
20,1093.44,0.170927104013531
20,1097.81,0.17072298276310202
20,1102.19,0.17045845704931378
20,1106.56,0.1701540082303724
20,1110.94,0.16984739998401335
20,1115.31,0.16951063614608758
20,1119.69,0.16890105892467988
20,1124.06,0.1673321777247233
20,1128.44,0.1644613261422128
20,1132.8100000000002,0.16105526679042637
20,1137.1899999999998,0.15779296775249405
20,1141.56,0.1546318169511682
20,1145.94,0.15035044952769547
20,1150.31,0.1457308393714803
20,1154.69,0.14279279797508496
20,1159.06,0.14120243415464923
20,1163.44,0.14027483872181615
20,1167.81,0.13966776401797806
20,1172.19,0.139223695896616
20,1176.56,0.13885448182884927
20,1180.94,0.13850189602839
20,1185.3100000000002,0.1381565524284323
20,1189.6899999999998,0.13787773810979642
20,1194.06,0.13773887566132426
20,1198.44,0.1377870932627269
20,1202.81,0.13804373791915842
20,1207.19,0.1384944383281908
20,1211.56,0.13912560162219692
20,1215.94,0.13990878862743858
20,1220.31,0.14077839960280292
20,1224.69,0.14168123880546066
20,1229.06,0.1425650935252628
20,1233.44,0.1433861566347108
20,1237.8100000000002,0.14413364441456916
20,1242.1899999999998,0.14481528461497534
20,1246.56,0.1454360583145399
20,1250.94,0.14598394654660338
20,1255.31,0.14644091099294673
20,1259.69,0.14679904024295357
20,1264.06,0.1470441204538825
20,1268.44,0.14713070594486
20,1272.81,0.14702800047751752
20,1277.19,0.14675458627452748
20,1281.56,0.146318905380689
20,1285.94,0.1457188881718235
20,1290.3100000000002,0.14494098752347154
20,1294.6899999999998,0.14393797814963827
20,1299.0600000000002,0.1426693999908036
20,1303.4399999999998,0.14111675504551885
20,1307.81,0.1392536555661051
20,1312.19,0.1370276152904895
20,1316.56,0.13444165974099892
20,1320.94,0.131672280712869
20,1325.31,0.1288594638493923
20,1329.69,0.12570180968438974
20,1334.06,0.12198748197069793
20,1338.44,0.11877023264641814
20,1342.81,0.11658866771726768
20,1347.19,0.11508554689634268
20,1500.31,0.041630866072357504
20,1504.69,0.04294609387342165
20,1509.0600000000002,0.044316324167319204
20,1513.4399999999998,0.04568569477824325
20,1517.8100000000002,0.04710260251423334
20,1522.1899999999998,0.048510408730679966
20,1526.56,0.04989597911142345
20,1530.94,0.051289573930176593
20,1535.31,0.05266963666742546
20,1539.69,0.05403604627383097
20,1544.06,0.05539892639963829
20,1548.44,0.056736026452847345
20,1552.81,0.0580354362871933
20,1557.19,0.059307213595059
20,1561.56,0.06052804313258179
20,1565.94,0.06170605153729194
20,1570.3100000000002,0.06289726886261626
20,1574.6899999999998,0.0640958996007829
20,1579.06,0.0652475952437447
20,1583.44,0.06635682571951357
20,1587.81,0.06745462548652166
20,1592.19,0.06854016812451526
20,1596.56,0.06959167333169826
20,1600.94,0.07062574822166716
20,1605.31,0.07164161140291093
20,1609.69,0.07262031894116522
20,1614.06,0.07354494722966072
20,1618.44,0.07439555330304232
20,1622.8100000000002,0.07518801950465344
20,1627.1899999999998,0.07592679115251033
20,1631.56,0.07659822573539181
20,1635.94,0.07719920879068562
20,1640.31,0.07773106953161045
20,1644.69,0.07816892021383173
20,1649.06,0.07847334267243641
20,1653.44,0.07863250139289064
20,1657.81,0.07866491567422758
20,1662.19,0.07861011920250653
20,1666.56,0.07850752074938679
20,1670.94,0.07836567582527328
20,1675.3100000000002,0.07814608581150354
20,1679.6899999999998,0.07780553892120115
20,1684.06,0.07734171110471515
20,1688.44,0.07677156591406457
20,1692.81,0.07609755826387854
20,1697.19,0.07532439479553982
20,1701.56,0.07447985207097392
20,1705.94,0.0736015560247027
20,1710.31,0.0727284720630061
20,1714.69,0.0719300480880586
20,1719.06,0.07124071403259968
20,1723.44,0.07063553682676019
20,1727.8100000000002,0.07011404706692373
20,1732.1899999999998,0.06965353237258448
20,1736.5600000000002,0.06915402040865641
20,1740.9399999999998,0.06854460407045396
20,1745.31,0.06780912459882894
20,1749.69,0.06699148251360207
20,1754.06,0.06618088363866094
20,1758.44,0.0654246808513506
20,1762.81,0.0647621992065333
20,1767.19,0.06419560108809039
20,1771.56,0.06374830524230454
20,1775.94,0.06339805551200811
20,1780.31,0.06310141607543628
20,1784.69,0.06286976109914488
20,1789.0600000000002,0.06272207151581434
20,1999.06,0.01991673275948229
20,2003.4399999999998,0.020472534738451547
20,2007.8100000000002,0.021148449609566664
20,2012.1899999999998,0.021690160409449
20,2016.5600000000002,0.022299148924157314
20,2020.94,0.022841858054369803
20,2025.3100000000002,0.023234784945374252
20,2029.69,0.023587346101119438
20,2034.0600000000002,0.023927769630318212
20,2038.44,0.024256825843959166
20,2042.8099999999997,0.024583965640914283
20,2047.19,0.024897019901268445
20,2051.56,0.025225318382409125
20,2055.94,0.02559916608264807
20,2060.31,0.025964853017835327
20,2064.69,0.026326353469939157
20,2069.06,0.026715165908592516
20,2073.44,0.02710114577719707
20,2077.81,0.02746343036918206
20,2082.19,0.02781709190411983
20,2086.56,0.028181043815046696
20,2090.9399999999996,0.028550421861905057
20,2095.31,0.028920253339006396
20,2099.69,0.02930101769427858
20,2104.06,0.02968370592659069
20,2108.44,0.030051246934476042
20,2112.81,0.03041438767405179
20,2117.19,0.03078091631411559
20,2121.56,0.0311484982451676
20,2125.94,0.031509044816665444
20,2130.31,0.031857252469577726
20,2134.69,0.032196641012254966
20,2139.0600000000004,0.03253779788682896
20,2143.44,0.032881640276434816
20,2147.8100000000004,0.033236336973662566
20,2152.19,0.03361491530690113
20,2156.56,0.033992901834168227
20,2160.94,0.034353830990704125
20,2165.31,0.03471396625660006
20,2169.69,0.0350630643142292
20,2174.06,0.035394462856767665
20,2178.44,0.035718826246465184
20,2182.81,0.036045730355167886
20,2187.19,0.03637059453334582
20,2191.56,0.036660013077682616
20,2195.9399999999996,0.036917345778734914
20,2200.31,0.03715756625272805
20,2204.6899999999996,0.03736528639877919
20,2209.06,0.0375248196938897
20,2213.44,0.037625732258255606
20,2217.81,0.037658161758174484
20,2222.19,0.037605672925387995
20,2226.56,0.0374465486655042
20,2230.94,0.03716545512913515
20,2235.31,0.036756555801734585
20,2239.69,0.03622684226339377
20,2244.06,0.035593124685200477
20,2248.44,0.034882037511292575
20,2252.8100000000004,0.034127225042164894
20,2257.19,0.03334809223836501
20,2261.56,0.032567994018547645
20,2265.94,0.03181595631637145
20,2270.31,0.031113208186429046
20,2274.69,0.03046758146681442
20,2279.06,0.029866022980100958
20,2283.44,0.029280729178322515
20,2287.81,0.028690988977227584
20,2292.19,0.028080538099119236
20,2296.56,0.027465471531685555
20,2300.94,0.02691795976687302
20,2305.31,0.026490759501700992
20,2309.6899999999996,0.02619436283526325
20,2314.06,0.025995229511301125
20,2318.44,0.025817750486822316
20,2322.81,0.025595777434494277
20,2327.19,0.02531840450117981
20,2331.56,0.02499852260351197
20,2335.94,0.02464424823634756
20,2340.31,0.02426404551406272
20,2344.69,0.023903850991404494
20,2349.06,0.023594641780029086
20,2353.44,0.02331391187749424
20,2357.8100000000004,0.023076689885511523
20,2362.19,0.02287104099158032
20,2366.5600000000004,0.022649092519641867
20,2370.94,0.022380976434581763
20,2375.31,0.022109475192774845
20,2379.69,0.02184794827899878
20,2384.06,0.021550317598372788
20,2388.44,0.02123895625790997
20,2392.81,0.02095756009931026
20,2397.19,0.02069456975691405
20,2401.56,0.020435959621915988
20,2405.94,0.02015207585820023
20,2410.31,0.019830812449110318
20,2414.6899999999996,0.019454318969753002
20,2419.06,0.019039470502906868
20,2423.4399999999996,0.018742428658992262
20,2427.81,0.018515866484868852
20,2432.19,0.01824481269509196
20,2436.56,0.017862793584432914
20,2440.94,0.017516018837527132
20,2445.31,0.01715006197764862
20,2449.69,0.016538614707235583
20,2454.06,0.01612916237972639
20,2458.44,0.016002737893862515
20,2462.81,0.015798748130357778
20,2467.19,0.015480096004733067
20,2471.5600000000004,0.015056906030289646
22,402.188,0.012252929328647525
22,406.56199999999995,0.012382376020093644
22,410.93800000000005,0.012597338303164216
22,415.313,0.012882121307742715
22,419.68699999999995,0.013201426563764485
22,424.06300000000005,0.013530172622577623
22,428.438,0.013858689459344438
22,432.813,0.014169882219177872
22,437.18800000000005,0.014442026049276017
22,441.563,0.014691307750742462
22,445.938,0.014937620420869647
22,450.31300000000005,0.015176843901545218
22,454.688,0.015394238549287507
22,459.063,0.015575062419207784
22,463.438,0.015711592762226306
22,467.813,0.015814505045004573
22,472.187,0.015903296548192586
22,476.562,0.01599216157722122
22,480.938,0.016099520488134872
22,485.313,0.01626729360246117
22,489.688,0.016546546482473244
22,494.063,0.01698339304927044
22,498.438,0.017664429846725813
22,502.812,0.018704802405765386
22,507.188,0.020169741334213474
22,511.563,0.02212425182016426
22,515.937,0.024657356082151465
22,520.313,0.02759076717347465
22,524.687,0.03049207883798206
22,529.062,0.033096323054720767
22,533.438,0.03523729830558736
22,537.813,0.0368773439240173
22,542.188,0.03811908377403367
22,546.563,0.03905285817085774
22,550.938,0.03966461120339427
22,555.312,0.03984476341551887
22,559.688,0.039494673553963106
22,564.063,0.038632778117378946
22,568.438,0.03736480210068686
22,572.813,0.03587300385321972
22,577.187,0.03443251738132142
22,581.562,0.03323952556562812
22,585.938,0.032322918035559936
22,590.313,0.03163539190669944
22,594.688,0.031140448444196573
22,599.063,0.030736137915330197
22,603.438,0.030246360203677262
22,607.812,0.029557109948341508
22,612.188,0.028702222271449727
22,616.563,0.0278439075611603
22,620.937,0.027166527107944746
22,625.312,0.026736137611455546
22,629.687,0.02644555424839137
22,634.063,0.026061851656081613
22,638.437,0.025381724098181607
22,642.813,0.02439797123680096
22,647.188,0.02329171730309546
22,651.563,0.022259085507274946
22,655.938,0.02130269123834307
22,660.313,0.020331655265450617
22,664.687,0.01941222696060382
22,669.063,0.01872269734370658
22,673.438,0.018420335054708387
22,677.813,0.01863773239703938
22,682.187,0.019681067750489806
22,686.562,0.02231340115337785
22,690.937,0.027540702367914515
22,695.312,0.03565348193691924
22,699.688,0.04619813613285447
22,704.063,0.05830997838083631
22,708.438,0.07067461975383366
22,712.813,0.0827051064063585
22,717.187,0.09526847308485566
22,721.563,0.10869726496192446
22,725.938,0.12132573841005256
22,730.313,0.13202214318487066
22,734.687,0.14037543185632223
22,739.063,0.1467460169736098
22,743.437,0.15165602327797684
22,747.812,0.15534262399065052
22,752.188,0.15799761317668268
22,756.563,0.15995886193439507
22,760.938,0.16178850844988055
22,765.313,0.16346090842251798
22,769.688,0.16448116647037123
22,774.063,0.16515368781170814
22,778.438,0.16572036207656948
22,782.813,0.16620777453139793
22,787.188,0.16664206624653366
22,791.563,0.1670486710853259
22,795.937,0.16743204549416418
22,800.312,0.16779380905044824
22,804.688,0.16813271498784876
22,809.063,0.16845973183325802
22,813.438,0.1688018721615713
22,817.813,0.16914601536832916
22,822.188,0.16942492819390992
22,826.5630000000001,0.16962488987692728
22,830.937,0.16978500193273174
22,835.313,0.16994854496826306
22,839.688,0.17014319486134602
22,844.063,0.17036822813136931
22,848.437,0.17061278686976403
22,852.812,0.17086870170192342
22,857.187,0.17111709433058012
22,861.563,0.17134399082890567
22,865.938,0.17155799152725096
22,870.313,0.17176152577597
22,874.687,0.17195037391603915
22,879.063,0.17212519191269246
22,883.437,0.172280473094974
22,887.813,0.17241530145913322
22,892.188,0.17254635622682724
22,896.562,0.17268533605065062
22,900.938,0.17280363841179094
22,905.312,0.17287371214418432
22,909.6880000000001,0.1729050930644828
22,914.062,0.17287476287633877
22,918.438,0.1727579292342861
22,922.813,0.17258797688159658
22,927.188,0.17238569045608423
22,931.563,0.17203734686926406
22,935.937,0.17116741886038564
22,940.312,0.16990665361502574
22,944.688,0.16852982822320037
22,949.063,0.16671132494576804
22,953.438,0.1646296772764886
22,957.812,0.16273817476292365
22,962.187,0.16141089046361096
22,966.562,0.16069395488313162
22,970.938,0.16039686739467696
22,975.313,0.16036764976254847
22,979.688,0.16056692274953888
22,984.063,0.1609694755454068
22,988.438,0.16155062632995035
22,992.812,0.16229022512135188
22,997.188,0.16314603233620847
22,1001.5600000000001,0.16408301335033032
22,1005.94,0.1650987911757681
22,1010.3100000000001,0.16617374776125443
22,1014.69,0.16726928218853931
22,1019.0600000000001,0.16836690092866732
22,1023.4399999999999,0.16945108354216956
22,1027.81,0.17049053465320357
22,1032.19,0.17146136313881727
22,1036.56,0.17235687680751718
22,1040.94,0.17317124641896836
22,1045.31,0.17390243481267795
22,1049.69,0.1745549244187849
22,1054.06,0.1751245876443077
22,1058.44,0.17560935964211402
22,1062.81,0.1760157649897677
22,1067.19,0.17634774174784928
22,1071.5600000000002,0.17660125488035466
22,1075.9399999999998,0.17677117428563885
22,1080.3100000000002,0.17685782547290263
22,1084.6899999999998,0.17685998680064896
22,1089.06,0.17678097251166228
22,1093.44,0.17663075187568875
22,1097.81,0.17641310983961148
22,1102.19,0.17612906256654987
22,1106.56,0.17580065709354353
22,1110.94,0.1754688434471591
22,1115.31,0.17510373204619878
22,1119.69,0.17444504037049258
22,1124.06,0.17275591948471994
22,1128.44,0.16966316937000464
22,1132.8100000000002,0.16597928260893813
22,1137.1899999999998,0.1624410779049165
22,1141.56,0.15901395556190998
22,1145.94,0.15438761624525918
22,1150.31,0.14942071670297233
22,1154.69,0.14628775310095565
22,1159.06,0.1446100549604607
22,1163.44,0.1436436045000957
22,1167.81,0.1430203263739314
22,1172.19,0.14257084553410784
22,1176.56,0.14220068496412708
22,1180.94,0.14184695955830023
22,1185.3100000000002,0.14149726064639748
22,1189.6899999999998,0.14121219210263422
22,1194.06,0.1410708876064051
22,1198.44,0.14112728441810637
22,1202.81,0.1414058140898841
22,1207.19,0.14188907686612637
22,1211.56,0.14255945566839018
22,1215.94,0.14338613149711782
22,1220.31,0.14430145001406627
22,1224.69,0.14525183448373685
22,1229.06,0.14618480782145715
22,1233.44,0.147056083203903
22,1237.8100000000002,0.14785457329720636
22,1242.1899999999998,0.14858739753957917
22,1246.56,0.1492585644299929
22,1250.94,0.14985419380628717
22,1255.31,0.15035392412256804
22,1259.69,0.15074851913495826
22,1264.06,0.15102237663089949
22,1268.44,0.1511259959046008
22,1272.81,0.15102450472762902
22,1277.19,0.15073668407762472
22,1281.56,0.1502711597695006
22,1285.94,0.14962524247899467
22,1290.3100000000002,0.1487856902004172
22,1294.6899999999998,0.14770386245073974
22,1299.0600000000002,0.14633797450247868
22,1303.4399999999998,0.14466958165830754
22,1307.81,0.14267180932560222
22,1312.19,0.14029018632978424
22,1316.56,0.13753056972638486
22,1320.94,0.13458425115126904
22,1325.31,0.13160244051660921
22,1329.69,0.12826839600120069
22,1334.06,0.12435841673652048
22,1338.44,0.12097837409845026
22,1342.81,0.11868959879026154
22,1347.19,0.11711416127722707
22,1500.31,0.04138356059064515
22,1504.69,0.042714505965424227
22,1509.0600000000002,0.04410461330144745
22,1513.4399999999998,0.04549769642572398
22,1517.8100000000002,0.04694291877458861
22,1522.1899999999998,0.04838267098766528
22,1526.56,0.049803471691648706
22,1530.94,0.051235777083360697
22,1535.31,0.05265709986479949
22,1539.69,0.05406689445152903
22,1544.06,0.05547561540890068
22,1548.44,0.05686012819812228
22,1552.81,0.0582077617779521
22,1557.19,0.05952848383190758
22,1561.56,0.06079769436449948
22,1565.94,0.06202343443776327
22,1570.3100000000002,0.06326396189259245
22,1574.6899999999998,0.06451308216096988
22,1579.06,0.06571373141993508
22,1583.44,0.06687031514467037
22,1587.81,0.06801477234100592
22,1592.19,0.06914617212005422
22,1596.56,0.07024214871192899
22,1600.94,0.07132035971262557
22,1605.31,0.07237988608528195
22,1609.69,0.07340101213920068
22,1614.06,0.07436617701703092
22,1618.44,0.07525463380203212
22,1622.8100000000002,0.0760834116874181
22,1627.1899999999998,0.07685753380503826
22,1631.56,0.07756296457025554
22,1635.94,0.07819609611691983
22,1640.31,0.07875864500087042
22,1644.69,0.07922581300228412
22,1649.06,0.07955851307205614
22,1653.44,0.0797464831619948
22,1657.81,0.07980905804869418
22,1662.19,0.07978505368548389
22,1666.56,0.07971206122918854
22,1670.94,0.0795952635428438
22,1675.3100000000002,0.07939310946672239
22,1679.6899999999998,0.07906038522098928
22,1684.06,0.07859421573539026
22,1688.44,0.07801221882324408
22,1692.81,0.07731814160329639
22,1697.19,0.07651989898438406
22,1701.56,0.07565007663167715
22,1705.94,0.07474998491828298
22,1710.31,0.07385904520489327
22,1714.69,0.0730447251697778
22,1719.06,0.07233874864875181
22,1723.44,0.07171348301097825
22,1727.8100000000002,0.07116768140280484
22,1732.1899999999998,0.07067762101795423
22,1736.5600000000002,0.0701404614221025
22,1740.9399999999998,0.06948496485522948
22,1745.31,0.06869633596282497
22,1749.69,0.06782145385380994
22,1754.06,0.0669545332890856
22,1758.44,0.06614511810723589
22,1762.81,0.06543433594354882
22,1767.19,0.06482437736364864
22,1771.56,0.06434215125933472
22,1775.94,0.0639657123992947
22,1780.31,0.06364960888194593
22,1784.69,0.06340605827011996
22,1789.0600000000002,0.06325335960961025
22,1999.06,0.019560078311063118
22,2003.4399999999998,0.020114497540969802
22,2007.8100000000002,0.020790508276454706
22,2012.1899999999998,0.02133331757818613
22,2016.5600000000002,0.021942612476627005
22,2020.94,0.022485604191147278
22,2025.3100000000002,0.02288078371482668
22,2029.69,0.02323774625584893
22,2034.0600000000002,0.023583827775054078
22,2038.44,0.02391941717506118
22,2042.8099999999997,0.024254082807176704
22,2047.19,0.024576005212927885
22,2051.56,0.024915831508389608
22,2055.94,0.02530429653763937
22,2060.31,0.025684191450130803
22,2064.69,0.026059604083236973
22,2069.06,0.026463205500944654
22,2073.44,0.0268643012187424
22,2077.81,0.027241411037637775
22,2082.19,0.027609676237508398
22,2086.56,0.027988824846329106
22,2090.9399999999996,0.028373906056959178
22,2095.31,0.028759886367512373
22,2099.69,0.029157233623009166
22,2104.06,0.029556409082238774
22,2108.44,0.02994008570367771
22,2112.81,0.030319432989094446
22,2117.19,0.03070277477973095
22,2121.56,0.03108743949610558
22,2125.94,0.031464507472277234
22,2130.31,0.03182713070696974
22,2134.69,0.032178123892172186
22,2139.0600000000004,0.03252779915949528
22,2143.44,0.032877287489143016
22,2147.8100000000004,0.03323474687145039
22,2152.19,0.03361261358579055
22,2156.56,0.03398605615947325
22,2160.94,0.03433919897087996
22,2165.31,0.03468970910472209
22,2169.69,0.035029573673867415
22,2174.06,0.035353115218218295
22,2178.44,0.03567094827307597
22,2182.81,0.03599235018568472
22,2187.19,0.0363128889622819
22,2191.56,0.03659901149626768
22,2195.9399999999996,0.03685345681804484
22,2200.31,0.03709071410534226
22,2204.6899999999996,0.037295608607000354
22,2209.06,0.037452763557624724
22,2213.44,0.03755202156383489
22,2217.81,0.03758318429893756
22,2222.19,0.037529797489648055
22,2226.56,0.03736959552378407
22,2230.94,0.03708684507690117
22,2235.31,0.03667675437868942
22,2239.69,0.036148313485887325
22,2244.06,0.03552021781638469
22,2248.44,0.034820075700024294
22,2252.8100000000004,0.034081844396776174
22,2257.19,0.03332460486581309
22,2261.56,0.032570610757882916
22,2265.94,0.031847190475280396
22,2270.31,0.03117332403910336
22,2274.69,0.030553736655052066
22,2279.06,0.02997359214262784
22,2283.44,0.02940521979263435
22,2287.81,0.02882915840781346
22,2292.19,0.028230505553358754
22,2296.56,0.027624357883867048
22,2300.94,0.027079279860246042
22,2305.31,0.026645395523332116
22,2309.6899999999996,0.026333041401784472
22,2314.06,0.026110221378730713
22,2318.44,0.025903830679408903
22,2322.81,0.02565480934463167
22,2327.19,0.025359927601518895
22,2331.56,0.025031474030895666
22,2335.94,0.02467387208592096
22,2340.31,0.02429234048794739
22,2344.69,0.023929462551637373
22,2349.06,0.023613382188416403
22,2353.44,0.023321546409511715
22,2357.8100000000004,0.02307272007035697
22,2362.19,0.022857590169585565
22,2366.5600000000004,0.02262708730831394
22,2370.94,0.022349896656685048
22,2375.31,0.022069431332239712
22,2379.69,0.021799520064230055
22,2384.06,0.021493959784044912
22,2388.44,0.02117641213383157
22,2392.81,0.02088994201040613
22,2397.19,0.0206215075915323
22,2401.56,0.020356927089824107
22,2405.94,0.020066179318633852
22,2410.31,0.019736838760188006
22,2414.6899999999996,0.019350664648569375
22,2419.06,0.018925690102174767
22,2423.4399999999996,0.018622255813758905
22,2427.81,0.01839126055259529
22,2432.19,0.018115295567343388
22,2436.56,0.017727515571736845
22,2440.94,0.017376320965398838
22,2445.31,0.017003805173293925
22,2449.69,0.016378750260934674
22,2454.06,0.015963361258681388
22,2458.44,0.015837764414457906
22,2462.81,0.015629509851758244
22,2467.19,0.015300205682011084
22,2471.5600000000004,0.014859153778636796
25,402.188,0.012029113396156914
25,406.56199999999995,0.012154033107773929
25,410.93800000000005,0.01236291068123046
25,415.313,0.012641699477488376
25,419.68699999999995,0.012957093319322611
25,424.06300000000005,0.013285526394921657
25,428.438,0.013618664292578842
25,432.813,0.013937360338601637
25,437.18800000000005,0.0142164726558891
25,441.563,0.014470929222456411
25,445.938,0.014719659701661416
25,450.31300000000005,0.014958449272907662
25,454.688,0.015173301190041455
25,459.063,0.015349992572170875
25,463.438,0.015481457004233727
25,467.813,0.015578606976849452
25,472.187,0.01566150853741557
25,476.562,0.015745032671574715
25,480.938,0.015847355412335732
25,485.313,0.016008463267820745
25,489.688,0.01627770080794338
25,494.063,0.016700273679905606
25,498.438,0.01736031778913921
25,502.812,0.018368872157901325
25,507.188,0.019788943990686023
25,511.563,0.021683228645678215
25,515.937,0.024137549890254854
25,520.313,0.026978888645229605
25,524.687,0.029787726492571713
25,529.062,0.03230618652070199
25,533.438,0.03437223503836575
25,537.813,0.03594977686457874
25,542.188,0.037140003879571296
25,546.563,0.03803256978145534
25,550.938,0.03861434363094845
25,555.312,0.03877731318991797
25,559.688,0.03842413547439163
25,564.063,0.03757290987594097
25,568.438,0.03632719252583101
25,572.813,0.03486506800521272
25,577.187,0.03345549930454669
25,581.562,0.03228882286156491
25,585.938,0.03139065368226411
25,590.313,0.030713852916536652
25,594.688,0.03022507538826419
25,599.063,0.029826704896910267
25,603.438,0.029347083424210576
25,607.812,0.02867462152248461
25,612.188,0.027841764410776258
25,616.563,0.027005384133321292
25,620.937,0.02634351057870511
25,625.312,0.025919738747241867
25,629.687,0.025630590741807974
25,634.063,0.025251306569146224
25,638.437,0.024586418481941173
25,642.813,0.023629914135833492
25,647.188,0.022557686501053345
25,651.563,0.021559882751842792
25,655.938,0.02063895026105221
25,660.313,0.019705248778998315
25,664.687,0.018820406428947258
25,669.063,0.018155554219669995
25,673.438,0.017863017172311722
25,677.813,0.01807165597826983
25,682.187,0.019076807112104396
25,686.562,0.021613994690930897
25,690.937,0.026658198686290577
25,695.312,0.03450657999064017
25,699.688,0.04474319938838107
25,704.063,0.05654360163580699
25,708.438,0.06863102278383527
25,712.813,0.08043080750766116
25,717.187,0.09279775314753275
25,721.563,0.10607386531710755
25,725.938,0.11862855872596434
25,730.313,0.12932991731050655
25,734.687,0.13773098394616498
25,739.063,0.144156867839211
25,743.437,0.14911053155453452
25,747.812,0.152821296177889
25,752.188,0.1554826904938035
25,756.563,0.15743611428553925
25,760.938,0.1592466743520221
25,765.313,0.1609037746196833
25,769.688,0.16191650896916807
25,774.063,0.16257511428618657
25,778.438,0.1631190713450687
25,782.813,0.1635795737495252
25,787.188,0.16398590596132973
25,791.563,0.16436533923948843
25,795.937,0.16472275820784452
25,800.312,0.16505877957057674
25,804.688,0.16537239729967096
25,809.063,0.16567315199739394
25,813.438,0.1659861251751829
25,817.813,0.16630156852032288
25,822.188,0.16655810724831285
25,826.5630000000001,0.16674023848924116
25,830.937,0.16688422407211279
25,835.313,0.16703358242750577
25,839.688,0.16721606909372386
25,844.063,0.16743004893748853
25,848.437,0.1676630431936662
25,852.812,0.16790658499213693
25,857.187,0.1681428490718688
25,861.563,0.16835825964811432
25,865.938,0.16856001598285272
25,870.313,0.1687501523462694
25,874.687,0.16892473240283937
25,879.063,0.16908470929626082
25,883.437,0.16922502143728055
25,887.813,0.16934454090175402
25,892.188,0.16945807520900674
25,896.562,0.1695765331867192
25,900.938,0.16967583136897715
25,905.312,0.16973148182949038
25,909.6880000000001,0.1697488820768394
25,914.062,0.1697035591154953
25,918.438,0.16957162867259482
25,922.813,0.16938467546221395
25,927.188,0.16916114082536088
25,931.563,0.1687825780420518
25,935.937,0.16786642835113477
25,940.312,0.16656768888412318
25,944.688,0.16517098290673227
25,949.063,0.16333379740284115
25,953.438,0.1612315081086945
25,957.812,0.15931932314363484
25,962.187,0.15797485570458394
25,966.562,0.1572470078856277
25,970.938,0.15694222984988632
25,975.313,0.1569053044925256
25,979.688,0.15710022779370408
25,984.063,0.15750533065465064
25,988.438,0.15809513207944698
25,992.812,0.15884537705478477
25,997.188,0.1597080339414384
25,1001.5600000000001,0.1606474599865471
25,1005.94,0.16166272197168358
25,1010.3100000000001,0.16273410489305695
25,1014.69,0.16382327988161322
25,1019.0600000000001,0.1649128876004597
25,1023.4399999999999,0.16598851749071625
25,1027.81,0.16701973355004543
25,1032.19,0.16798176528011602
25,1036.56,0.16886753117274025
25,1040.94,0.16967147713284528
25,1045.31,0.1703924029564093
25,1049.69,0.1710363733948091
25,1054.06,0.17159993525965805
25,1058.44,0.172080146538044
25,1062.81,0.17248141613084694
25,1067.19,0.17280617485238595
25,1071.5600000000002,0.17305005494952666
25,1075.9399999999998,0.173207778318876
25,1080.3100000000002,0.1732786398765273
25,1084.6899999999998,0.17326185541430325
25,1089.06,0.17316191844122555
25,1093.44,0.17298932190533128
25,1097.81,0.1727484968550872
25,1102.19,0.17244294760546525
25,1106.56,0.17209703282177802
25,1110.94,0.17175147901313167
25,1115.31,0.17137450718692832
25,1119.69,0.17070365732932094
25,1124.06,0.16900297851709783
25,1128.44,0.16589941755646825
25,1132.8100000000002,0.16219549780296055
25,1137.1899999999998,0.15862928086150196
25,1141.56,0.15517301820369708
25,1145.94,0.15051780425958183
25,1150.31,0.14553696460965826
25,1154.69,0.1424081332097028
25,1159.06,0.1407401882279781
25,1163.44,0.13978416277761133
25,1167.81,0.13917152150405762
25,1172.19,0.1387326762073165
25,1176.56,0.13837296200995505
25,1180.94,0.13802963597503964
25,1185.3100000000002,0.13769062607114946
25,1189.6899999999998,0.13741569063877396
25,1194.06,0.13728129768380104
25,1198.44,0.13733985793528564
25,1202.81,0.13761444212845797
25,1207.19,0.1380859671842902
25,1211.56,0.13873652878006418
25,1215.94,0.13953725018902988
25,1220.31,0.14042247023594193
25,1224.69,0.14134052682055864
25,1229.06,0.14224281452123053
25,1233.44,0.14308755997443257
25,1237.8100000000002,0.14386277771659758
25,1242.1899999999998,0.14457462783171504
25,1246.56,0.14522714745315338
25,1250.94,0.1458059779850245
25,1255.31,0.1462899166807719
25,1259.69,0.14666947653553256
25,1264.06,0.14692921871360293
25,1268.44,0.1470205090224358
25,1272.81,0.14690928619543128
25,1277.19,0.1466130688521789
25,1281.56,0.14613937026561002
25,1285.94,0.1454862788977502
25,1290.3100000000002,0.14464111247325664
25,1294.6899999999998,0.14355511763915116
25,1299.0600000000002,0.14218757371213583
25,1303.4399999999998,0.14052132164049683
25,1307.81,0.13852978105408753
25,1312.19,0.13616023234871183
25,1316.56,0.133420380063234
25,1320.94,0.1305008894311796
25,1325.31,0.12755118304251417
25,1329.69,0.12425790770056316
25,1334.06,0.1204012636095127
25,1338.44,0.117072204837746
25,1342.81,0.11482083157355016
25,1347.19,0.11327187260882918
25,1500.31,0.039669475166019395
25,1504.69,0.040947224445468715
25,1509.0600000000002,0.04228250130182381
25,1513.4399999999998,0.04362103788928168
25,1517.8100000000002,0.04501048649399534
25,1522.1899999999998,0.046395477242472845
25,1526.56,0.047762904812816226
25,1530.94,0.0491421202055498
25,1535.31,0.050511575227999046
25,1539.69,0.05187076982723587
25,1544.06,0.053229512449947135
25,1548.44,0.05456548017588351
25,1552.81,0.05586638232588353
25,1557.19,0.05714158309382627
25,1561.56,0.05836713137367014
25,1565.94,0.05955104151595662
25,1570.3100000000002,0.060749747279009156
25,1574.6899999999998,0.06195769664118838
25,1579.06,0.06311962174853042
25,1583.44,0.06423927661882137
25,1587.81,0.06534731824542622
25,1592.19,0.0664429537418992
25,1596.56,0.06750405500967864
25,1600.94,0.06854773355374533
25,1605.31,0.06957349169446002
25,1609.69,0.07056250265982629
25,1614.06,0.07149800889775185
25,1618.44,0.07235956446033423
25,1622.8100000000002,0.07316361475944408
25,1627.1899999999998,0.07391486986603507
25,1631.56,0.07459939776917654
25,1635.94,0.07521394983671811
25,1640.31,0.07576059765191442
25,1644.69,0.07621567742593799
25,1649.06,0.07654181329356131
25,1653.44,0.0767290084159772
25,1657.81,0.0767959361378089
25,1662.19,0.0767805256735905
25,1666.56,0.07671946089172096
25,1670.94,0.07661734200042186
25,1675.3100000000002,0.07643346820523675
25,1679.6899999999998,0.0761244070756379
25,1684.06,0.07568772292267643
25,1688.44,0.0751405659792634
25,1692.81,0.07448739792146306
25,1697.19,0.0737357418261645
25,1701.56,0.07291530542368621
25,1705.94,0.07206346833831125
25,1710.31,0.07121606144400919
25,1714.69,0.07043630439038016
25,1719.06,0.0697537711437931
25,1723.44,0.0691416165874379
25,1727.8100000000002,0.0685998802792182
25,1732.1899999999998,0.06810853360467849
25,1736.5600000000002,0.06757123715179994
25,1740.9399999999998,0.06692303536409867
25,1745.31,0.06615140732430129
25,1749.69,0.06529958254603443
25,1754.06,0.06445545369661557
25,1758.44,0.06366479390812844
25,1762.81,0.06296721010523984
25,1767.19,0.062365826256273287
25,1771.56,0.06188836024827461
25,1775.94,0.06151449889060138
25,1780.31,0.06120101075653162
25,1784.69,0.060960361229738136
25,1789.0600000000002,0.06080953686229765
25,1999.06,0.018866434808793166
25,2003.4399999999998,0.01938313553370781
25,2007.8100000000002,0.020020304759674826
25,2012.1899999999998,0.020540017387464478
25,2016.5600000000002,0.021128184265737312
25,2020.94,0.021651417455010993
25,2025.3100000000002,0.022028260721064584
25,2029.69,0.022365241021222063
25,2034.0600000000002,0.02269082772663701
25,2038.44,0.02300636526452173
25,2042.8099999999997,0.02332117311736007
25,2047.19,0.023623789336332114
25,2051.56,0.023942711230353863
25,2055.94,0.024308480250620747
25,2060.31,0.02466902895816813
25,2064.69,0.025027672583064566
25,2069.06,0.025414373827689875
25,2073.44,0.025798235209974
25,2077.81,0.026158244560843057
25,2082.19,0.0265098684424422
25,2086.56,0.026872193408681192
25,2090.9399999999996,0.02723984511502478
25,2095.31,0.027607639339584326
25,2099.69,0.027986407990562734
25,2104.06,0.028367554490396688
25,2108.44,0.02873447111065101
25,2112.81,0.02909779751530262
25,2117.19,0.02946548078035844
25,2121.56,0.029834976903743822
25,2125.94,0.03019709058333852
25,2130.31,0.030544625392387764
25,2134.69,0.030880306821407744
25,2139.0600000000004,0.031214220201757365
25,2143.44,0.03154709291115038
25,2147.8100000000004,0.03188674093540455
25,2152.19,0.03224547213061471
25,2156.56,0.032600163960157684
25,2160.94,0.032935599028255096
25,2165.31,0.03326857985248697
25,2169.69,0.03359167853194863
25,2174.06,0.03389956061382257
25,2178.44,0.03420215732275565
25,2182.81,0.034508529538572294
25,2187.19,0.034814049111385616
25,2191.56,0.0350863839975301
25,2195.9399999999996,0.03532814414750821
25,2200.31,0.03555400514635632
25,2204.6899999999996,0.035750632939774804
25,2209.06,0.03590278443953181
25,2213.44,0.03599976710632296
25,2217.81,0.03603216115742026
25,2222.19,0.03598476756370145
25,2226.56,0.03583563247683044
25,2230.94,0.03556846886008983
25,2235.31,0.035178763867506437
25,2239.69,0.03467603666715743
25,2244.06,0.03407893876976446
25,2248.44,0.03341365739904755
25,2252.8100000000004,0.032712236502760034
25,2257.19,0.031992586136015404
25,2261.56,0.031275802591461926
25,2265.94,0.03058792806436962
25,2270.31,0.02994723291036798
25,2274.69,0.029358718934942456
25,2279.06,0.028808746269878043
25,2283.44,0.028271724378691805
25,2287.81,0.02772954887759953
25,2292.19,0.02716646947706292
25,2296.56,0.02659421545295147
25,2300.94,0.026075280193991815
25,2305.31,0.02565654888263269
25,2309.6899999999996,0.025349819588339127
25,2314.06,0.025126928111638955
25,2318.44,0.024919553865999408
25,2322.81,0.024673953371126735
25,2327.19,0.02438864235732776
25,2331.56,0.024074451895988943
25,2335.94,0.023735049022208708
25,2340.31,0.023374852036747665
25,2344.69,0.02303267410130862
25,2349.06,0.022734196749197605
25,2353.44,0.022458358164564905
25,2357.8100000000004,0.02222331003836483
25,2362.19,0.022020300754106614
25,2366.5600000000004,0.021803038078809144
25,2370.94,0.021541742380110702
25,2375.31,0.02127756786444408
25,2379.69,0.02102205003846628
25,2384.06,0.0207304400093119
25,2388.44,0.020426052900068128
25,2392.81,0.02015173649664462
25,2397.19,0.019895406544270588
25,2401.56,0.01964238467140618
25,2405.94,0.019362983907104146
25,2410.31,0.01904568546952725
25,2414.6899999999996,0.018673724661487583
25,2419.06,0.018267578023167315
25,2423.4399999999996,0.017980272158233945
25,2427.81,0.017761050162085436
25,2432.19,0.017497170574369496
25,2436.56,0.017125583827225947
25,2440.94,0.016787218450652158
25,2445.31,0.01642221249667802
25,2449.69,0.015807521424597952
25,2454.06,0.015408192443622196
25,2458.44,0.01529266416113014
25,2462.81,0.015089456823320704
25,2467.19,0.014761424938059226
25,2471.5600000000004,0.014317619098957264
27,402.188,0.010254896218071937
27,406.56199999999995,0.010408882148674786
27,410.93800000000005,0.010657200757072997
27,415.313,0.010978334760761764
27,419.68699999999995,0.011335179479643711
27,424.06300000000005,0.011703055121028653
27,428.438,0.012071818042830968
27,432.813,0.012422717726380655
27,437.18800000000005,0.012732241111703159
27,441.563,0.013018124020295356
27,445.938,0.013300310405823997
27,450.31300000000005,0.013573602408773216
27,454.688,0.013824395836655338
27,459.063,0.014039108807198416
27,463.438,0.014208869704489247
27,467.813,0.01434364311281755
27,472.187,0.014462816584364819
27,476.562,0.0145794785389408
27,480.938,0.014711967737697049
27,485.313,0.014905261247657158
27,489.688,0.015212825139719086
27,494.063,0.01567974685467618
27,498.438,0.016393114868102035
27,502.812,0.01746755041749645
27,507.188,0.018962087168763114
27,511.563,0.02093881918000529
27,515.937,0.02349062159227648
27,520.313,0.02644162690499572
27,524.687,0.02935898299712305
27,529.062,0.0319792235702288
27,533.438,0.03413772082247911
27,537.813,0.0357970804072524
27,542.188,0.03705864815658345
27,546.563,0.038009285549679375
27,550.938,0.038634404766905654
27,555.312,0.03882889559047059
27,559.688,0.03849960111884782
27,564.063,0.037665764059677684
27,568.438,0.03642899903613184
27,572.813,0.0349660752795587
27,577.187,0.03354992981488845
27,581.562,0.03238038756743473
27,585.938,0.03149180580505481
27,590.313,0.03083476477571501
27,594.688,0.030361875157129563
27,599.063,0.02996856234860655
27,603.438,0.029486885609644152
27,607.812,0.028808672484915008
27,612.188,0.027968434097897794
27,616.563,0.02712674940418793
27,620.937,0.02646736660509314
27,625.312,0.026056640293523288
27,629.687,0.02578588138874921
27,634.063,0.025421354455579147
27,638.437,0.024763980578526305
27,642.813,0.023808875276657537
27,647.188,0.022731392407536678
27,651.563,0.021717564949421467
27,655.938,0.02076787108655854
27,660.313,0.01979804609822679
27,664.687,0.01888034878652404
27,669.063,0.01819450089780762
27,673.438,0.017898964052406277
27,677.813,0.018129253556051335
27,682.187,0.019194062635559436
27,686.562,0.021849077828089532
27,690.937,0.02707438800288638
27,695.312,0.03513980458877468
27,699.688,0.04560309547233706
27,704.063,0.05762770316794336
27,708.438,0.06992683431359187
27,712.813,0.08192785921834103
27,717.187,0.09449946288911809
27,721.563,0.10797295239601123
27,725.938,0.12067940352424174
27,730.313,0.13147880445928667
27,734.687,0.13993941879113095
27,739.063,0.1464049902658495
27,743.437,0.1513898597939972
27,747.812,0.15512810491741214
27,752.188,0.15781488955642292
27,756.563,0.15979631744665143
27,760.938,0.16164403500025196
27,765.313,0.16332737880828027
27,769.688,0.1643473841194689
27,774.063,0.1650190884126064
27,778.438,0.16558880472371132
27,782.813,0.1660827348808011
27,787.188,0.16652575416613527
27,791.563,0.1669417776435955
27,795.937,0.16733456956546028
27,800.312,0.1677062367192245
27,804.688,0.16805584117188022
27,809.063,0.16839558494326465
27,813.438,0.16875415569609514
27,817.813,0.16911706938419485
27,822.188,0.1694123780833302
27,826.5630000000001,0.16962605798660718
27,830.937,0.16979963601827272
27,835.313,0.1699773965104646
27,839.688,0.170187431058533
27,844.063,0.1704296073132228
27,848.437,0.17069359201413994
27,852.812,0.17097153906331647
27,857.187,0.17124287143373043
27,861.563,0.17149202696698598
27,865.938,0.1717282746623374
27,870.313,0.17195421709977107
27,874.687,0.1721645716816188
27,879.063,0.17236080924100475
27,883.437,0.17253805767709912
27,887.813,0.17269484648992134
27,892.188,0.17284825525056446
27,896.562,0.17301266929950426
27,900.938,0.17315962567800253
27,905.312,0.1732555320966188
27,909.6880000000001,0.17331043017849762
27,914.062,0.1733035268640298
27,918.438,0.17320656520462194
27,922.813,0.1730495294291643
27,927.188,0.17285393586232367
27,931.563,0.17250962266130015
27,935.937,0.17165375876285524
27,940.312,0.17041717388070435
27,944.688,0.1690588127290858
27,949.063,0.16725777372667874
27,953.438,0.16519365653557494
27,957.812,0.16331932107439767
27,962.187,0.16201123649703233
27,966.562,0.16131387120697083
27,970.938,0.16103385209186313
27,975.313,0.16102135853313393
27,979.688,0.16124080217713851
27,984.063,0.16167752758022938
27,988.438,0.16232469235982241
27,992.812,0.16315363720389142
27,997.188,0.16408575792964503
27,1001.5600000000001,0.16507467402464432
27,1005.94,0.16612969778985073
27,1010.3100000000001,0.167236788197797
27,1014.69,0.16835885116346347
27,1019.0600000000001,0.169480719004687
27,1023.4399999999999,0.17058924580462095
27,1027.81,0.17165346159881859
27,1032.19,0.17264797803003504
27,1036.56,0.1735656692163437
27,1040.94,0.17440086061860505
27,1045.31,0.17515153891869875
27,1049.69,0.17582347257702433
27,1054.06,0.17641374988257402
27,1058.44,0.17692045857632221
27,1062.81,0.17734958977503154
27,1067.19,0.17770552451219906
27,1071.5600000000002,0.17798424540594956
27,1075.9399999999998,0.17817877268738286
27,1080.3100000000002,0.17828734062696303
27,1084.6899999999998,0.17830796600841772
27,1089.06,0.17824441120353918
27,1093.44,0.17810836106949388
27,1097.81,0.1779038235840469
27,1102.19,0.1776306550045021
27,1106.56,0.17731123820565775
27,1110.94,0.17698908783390768
27,1115.31,0.1766393905657196
27,1119.69,0.17601221730337008
27,1124.06,0.17437827060097305
27,1128.44,0.17132849311482842
27,1132.8100000000002,0.1676422624582679
27,1137.1899999999998,0.16408004993130018
27,1141.56,0.16062641725409657
27,1145.94,0.15597118095595205
27,1150.31,0.1509830467392317
27,1154.69,0.1478435364672387
27,1159.06,0.14617006622862694
27,1163.44,0.14521751939317257
27,1167.81,0.14461762487590896
27,1172.19,0.14419970452166203
27,1176.56,0.14386727313611433
27,1180.94,0.14355465035104134
27,1185.3100000000002,0.14324499938437976
27,1189.6899999999998,0.14299437037450327
27,1194.06,0.14288172102490806
27,1198.44,0.14296558830598596
27,1202.81,0.14327059018964977
27,1207.19,0.14377440498186672
27,1211.56,0.14445679937479697
27,1215.94,0.1452883457259181
27,1220.31,0.14620574132634226
27,1224.69,0.1471600090007879
27,1229.06,0.1481004510355925
27,1233.44,0.14898185633228203
27,1237.8100000000002,0.14979225895078777
27,1242.1899999999998,0.1505384927041907
27,1246.56,0.15122438421451903
27,1250.94,0.15183590121356133
27,1255.31,0.15235294460531837
27,1259.69,0.152766215260046
27,1264.06,0.15305866637382426
27,1268.44,0.1531772389937455
27,1272.81,0.1530845095274234
27,1277.19,0.15280055625015804
27,1281.56,0.1523369336542898
27,1285.94,0.15169241993978547
27,1290.3100000000002,0.15085370448442842
27,1294.6899999999998,0.14977152653259587
27,1299.0600000000002,0.1484043154224476
27,1303.4399999999998,0.1467334227875188
27,1307.81,0.1447306925773847
27,1312.19,0.14234108809954638
27,1316.56,0.1395716635704534
27,1320.94,0.13661779057494988
27,1325.31,0.13363356535649504
27,1329.69,0.1303006382487311
27,1334.06,0.1263906506500743
27,1338.44,0.1230054124690615
27,1342.81,0.12070770421262668
27,1347.19,0.1191221221854986
27,1500.31,0.04385639247191419
27,1504.69,0.04519241849128694
27,1509.0600000000002,0.04658917219108478
27,1513.4399999999998,0.047990996999393125
27,1517.8100000000002,0.049446571277561066
27,1522.1899999999998,0.05089700613790428
27,1526.56,0.05232943901099735
27,1530.94,0.05377409533884517
27,1535.31,0.0552080333465312
27,1539.69,0.056631278896616725
27,1544.06,0.05805439052787302
27,1548.44,0.05945355263449655
27,1552.81,0.06081546653713962
27,1557.19,0.06215042913093469
27,1561.56,0.0634340327655582
27,1565.94,0.06467515478417699
27,1570.3100000000002,0.06593295713968879
27,1574.6899999999998,0.06719952505286127
27,1579.06,0.06841585545795242
27,1583.44,0.06958685233003221
27,1587.81,0.07074546583906574
27,1592.19,0.07189099958182374
27,1596.56,0.07300123727701086
27,1600.94,0.07409439951289697
27,1605.31,0.0751687737043908
27,1609.69,0.07620259161373485
27,1614.06,0.07717839873370813
27,1618.44,0.0780774248136037
27,1622.8100000000002,0.07891840470394948
27,1627.1899999999998,0.07970595941970411
27,1631.56,0.08042468336343259
27,1635.94,0.08107109821464242
27,1640.31,0.08164793199860344
27,1644.69,0.08213114318841518
27,1649.06,0.08248102932062998
27,1653.44,0.0826869519174669
27,1657.81,0.08276818365367729
27,1662.19,0.08276361355339797
27,1666.56,0.08271038608530179
27,1670.94,0.08261226979045716
27,1675.3100000000002,0.08242736955689292
27,1679.6899999999998,0.08211222275937319
27,1684.06,0.08166511490040307
27,1688.44,0.0811038054116921
27,1692.81,0.080432342592974
27,1697.19,0.07965771342917084
27,1701.56,0.07881078521212652
27,1705.94,0.07793122042853112
27,1710.31,0.07705663676272984
27,1714.69,0.07625279951705298
27,1719.06,0.07555063002629403
27,1723.44,0.07492207962435621
27,1727.8100000000002,0.07436559405389018
27,1732.1899999999998,0.07385931969761009
27,1736.5600000000002,0.07330392711411284
27,1740.9399999999998,0.07263298230035425
27,1745.31,0.07183255351297989
27,1749.69,0.07094708111534495
27,1754.06,0.0700685836247864
27,1758.44,0.06924600926981629
27,1762.81,0.06852106744778937
27,1767.19,0.06789647808113074
27,1771.56,0.06740199090054212
27,1775.94,0.06701660790178073
27,1780.31,0.06669320747197846
27,1784.69,0.06644453534305048
27,1789.0600000000002,0.06628865463636038
27,1999.06,0.021800850755679193
27,2003.4399999999998,0.02238068863647646
27,2007.8100000000002,0.023114220635760734
27,2012.1899999999998,0.023728966997861634
27,2016.5600000000002,0.024411935386270213
27,2020.94,0.025000057247740192
27,2025.3100000000002,0.025427276820712552
27,2029.69,0.025817736313700303
27,2034.0600000000002,0.026193453811584336
27,2038.44,0.026550304810617063
27,2042.8099999999997,0.026900210565079092
27,2047.19,0.027238440483393758
27,2051.56,0.027603857346111673
27,2055.94,0.02802465456984649
27,2060.31,0.02843202594744036
27,2064.69,0.028827606395753814
27,2069.06,0.02924492717676673
27,2073.44,0.029657072473651874
27,2077.81,0.03004902748944357
27,2082.19,0.030438060891654458
27,2086.56,0.030841650392176227
27,2090.9399999999996,0.031248957993984722
27,2095.31,0.03165223408866939
27,2099.69,0.03206635976823791
27,2104.06,0.032484164388586735
27,2108.44,0.03288670601350026
27,2112.81,0.03328491662126932
27,2117.19,0.03368803075883737
27,2121.56,0.03409320220451541
27,2125.94,0.03448581663711701
27,2130.31,0.03485490298185172
27,2134.69,0.03520774232269213
27,2139.0600000000004,0.035558036017648856
27,2143.44,0.035904816938744394
27,2147.8100000000004,0.03625599279148743
27,2152.19,0.036624783798785775
27,2156.56,0.03698633532759755
27,2160.94,0.037325180465941445
27,2165.31,0.037659280622375814
27,2169.69,0.037982373947267445
27,2174.06,0.038290097560270256
27,2178.44,0.03859268615566047
27,2182.81,0.038899533815956004
27,2187.19,0.03920300030392934
27,2191.56,0.03946828977600491
27,2195.9399999999996,0.039700853610381906
27,2200.31,0.039921246495892584
27,2204.6899999999996,0.04012004525040251
27,2209.06,0.04027810000419819
27,2213.44,0.04037915730430905
27,2217.81,0.040416405720917176
27,2222.19,0.04037661253960607
27,2226.56,0.04022779145873976
27,2230.94,0.03994071115439975
27,2235.31,0.039511785901108966
27,2239.69,0.03896233253806387
27,2244.06,0.03831827349372781
27,2248.44,0.03760567180206558
27,2252.8100000000004,0.036854613950519005
27,2257.19,0.03608109623829521
27,2261.56,0.035306910102519865
27,2265.94,0.03456311390682399
27,2270.31,0.03387131614859808
27,2274.69,0.033233323567175344
27,2279.06,0.032632115481172584
27,2283.44,0.0320440546509455
27,2287.81,0.03145285390778841
27,2292.19,0.030839256245866295
27,2296.56,0.03021226230057731
27,2300.94,0.029639543160195483
27,2305.31,0.029175408571458134
27,2309.6899999999996,0.028833360638744823
27,2314.06,0.028580068859295142
27,2318.44,0.028340621775545877
27,2322.81,0.028061120726741565
27,2327.19,0.027741760541257366
27,2331.56,0.027392882343872542
27,2335.94,0.02702305672760589
27,2340.31,0.026644777810718754
27,2344.69,0.02629912593537318
27,2349.06,0.026010459601976572
27,2353.44,0.025755460003436526
27,2357.8100000000004,0.02554377702869624
27,2362.19,0.025359569744304304
27,2366.5600000000004,0.025156381475974838
27,2370.94,0.024905375689601147
27,2375.31,0.024645462970680987
27,2379.69,0.024383678863472192
27,2384.06,0.024068723017223206
27,2388.44,0.02372632767324563
27,2392.81,0.023411294672114287
27,2397.19,0.02311680852244299
27,2401.56,0.02282552226950275
27,2405.94,0.022503490227224525
27,2410.31,0.022143755140958125
27,2414.6899999999996,0.02172123942224029
27,2419.06,0.021242753342655008
27,2423.4399999999996,0.020896212729258686
27,2427.81,0.02063687401713111
27,2432.19,0.020329812060881313
27,2436.56,0.019896047805011034
27,2440.94,0.019507430243459214
27,2445.31,0.01910450895214334
27,2449.69,0.018404750878267682
27,2454.06,0.01790241400161104
27,2458.44,0.017748094304273727
27,2462.81,0.017527111034333777
27,2467.19,0.017178855268511865
27,2471.5600000000004,0.01669732480711898
30,402.188,0.00998634971040337
30,406.56199999999995,0.01016242140870405
30,410.93800000000005,0.01044352448896522
30,415.313,0.0108030721688099
30,419.68699999999995,0.011198697785868267
30,424.06300000000005,0.011603511967962292
30,428.438,0.01200617296633342
30,432.813,0.012384553959363947
30,437.18800000000005,0.012710558367420664
30,441.563,0.01300182502666285
30,445.938,0.013280203119903317
30,450.31300000000005,0.013544349533367347
30,454.688,0.013784493716716294
30,459.063,0.013989116035615916
30,463.438,0.014150046803699929
30,467.813,0.014277440212281275
30,472.187,0.01439024268646593
30,476.562,0.014500898778117846
30,480.938,0.01462596846848729
30,485.313,0.01480614623982694
30,489.688,0.015090764022585456
30,494.063,0.01552309955073532
30,498.438,0.016188381584755912
30,502.812,0.0172000939466064
30,507.188,0.018621619765095063
30,511.563,0.020518437192328258
30,515.937,0.02298206024169305
30,520.313,0.02583922148573804
30,524.687,0.02866247998249177
30,529.062,0.031186950790334
30,533.438,0.033247466990930834
30,537.813,0.03480948821590575
30,542.188,0.03597951096051121
30,546.563,0.036853075220096426
30,550.938,0.03742076216939222
30,555.312,0.037575710043422784
30,559.688,0.03721964369167093
30,564.063,0.03636884246546955
30,568.438,0.03512609243454343
30,572.813,0.03366991710512123
30,577.187,0.03226884039394445
30,581.562,0.03111507689527394
30,585.938,0.030238898551949278
30,590.313,0.02959079370919096
30,594.688,0.02912506839899307
30,599.063,0.02874030459903043
30,603.438,0.02827191580026777
30,607.812,0.027613348534088172
30,612.188,0.0267977320751752
30,616.563,0.02598111537199861
30,620.937,0.025340828800404756
30,625.312,0.02493956641738507
30,629.687,0.024671690370572017
30,634.063,0.024313675491407574
30,638.437,0.023677606546758514
30,642.813,0.02276336097971886
30,647.188,0.021742494764462578
30,651.563,0.02079356799566444
30,655.938,0.019917192154868542
30,660.313,0.01903402712309548
30,664.687,0.01820937546165327
30,669.063,0.017605688477246594
30,673.438,0.017362834141756118
30,677.813,0.017598520688632
30,682.187,0.01859654363343475
30,686.562,0.021081839852989292
30,690.937,0.02603882396930607
30,695.312,0.03381097436363805
30,699.688,0.04402678576742625
30,704.063,0.055869574256742854
30,708.438,0.06804040415074042
30,712.813,0.07993194576329447
30,717.187,0.09236046110626754
30,721.563,0.1056041508809385
30,725.938,0.11797365584390475
30,730.313,0.1283501301833849
30,734.687,0.13637320237963618
30,739.063,0.14244125882753142
30,743.437,0.14709161430464973
30,747.812,0.15056968618077804
30,752.188,0.15306766642075045
30,756.563,0.1549110589617918
30,760.938,0.15663056778560452
30,765.313,0.15819860589174192
30,769.688,0.15915452474968222
30,774.063,0.1597907251956431
30,778.438,0.16033486803146818
30,782.813,0.16081056505074556
30,787.188,0.161239834527734
30,791.563,0.16164344612760845
30,795.937,0.16202472227551348
30,800.312,0.1623851239456214
30,804.688,0.16272295221375851
30,809.063,0.16304939118313513
30,813.438,0.16339160807657904
30,817.813,0.16373531562805435
30,822.188,0.16401299862259935
30,826.5630000000001,0.1642119946835465
30,830.937,0.16437121474535796
30,835.313,0.1645326294923237
30,839.688,0.1647237372077658
30,844.063,0.16494453967560851
30,848.437,0.1651850792352791
30,852.812,0.16543724468228022
30,857.187,0.1656820251103906
30,861.563,0.16590538457627982
30,865.938,0.16611575464270306
30,870.313,0.16631640141778675
30,874.687,0.1665041417996966
30,879.063,0.16667915701328984
30,883.437,0.16683441749188432
30,887.813,0.166968716779031
30,892.188,0.16709923241549668
30,896.562,0.16723732874155345
30,900.938,0.1673542533081851
30,905.312,0.16742333121368544
30,909.6880000000001,0.16745482739573156
30,914.062,0.16742598520786992
30,918.438,0.16731153345841573
30,922.813,0.1671445945240908
30,927.188,0.1669481007774781
30,931.563,0.1666152470375119
30,935.937,0.1657885767379551
30,940.312,0.16458992877323247
30,944.688,0.16327772508758565
30,949.063,0.1615388329429875
30,953.438,0.15954114092822402
30,957.812,0.15771823827214512
30,962.187,0.1564307132140966
30,966.562,0.15572745243333003
30,970.938,0.15543001186222283
30,975.313,0.15539171720983547
30,979.688,0.1555731398140544
30,984.063,0.1559507484856514
30,988.438,0.15649972429718095
30,992.812,0.15720047442691795
30,997.188,0.15801530010438808
30,1001.5600000000001,0.15891180345605482
30,1005.94,0.15988540005711568
30,1010.3100000000001,0.16091552150093827
30,1014.69,0.16196483894658859
30,1019.0600000000001,0.1630156433669605
30,1023.4399999999999,0.16405153391386515
30,1027.81,0.1650395891238778
30,1032.19,0.16595517925252756
30,1036.56,0.16679314824552555
30,1040.94,0.1675506256229481
30,1045.31,0.16822894789583467
30,1049.69,0.16883631396017373
30,1054.06,0.16937121921288267
30,1058.44,0.16983164261379602
30,1062.81,0.17022090423335257
30,1067.19,0.170539914180542
30,1071.5600000000002,0.17078263315966574
30,1075.9399999999998,0.17094279274277688
30,1080.3100000000002,0.17102111357599478
30,1084.6899999999998,0.17101696973779
30,1089.06,0.17093329694343834
30,1093.44,0.17078033316718505
30,1097.81,0.17056283570337805
30,1102.19,0.17028249064733617
30,1106.56,0.16996110428843483
30,1110.94,0.1696385988445774
30,1115.31,0.16928551146749637
30,1119.69,0.16864884627964025
30,1124.06,0.16701433272484253
30,1128.44,0.16402307680840716
30,1132.8100000000002,0.16046893577582821
30,1137.1899999999998,0.15706498794763624
30,1141.56,0.15377451156275398
30,1145.94,0.14933027086285408
30,1150.31,0.14454492983908235
30,1154.69,0.14150950192589556
30,1159.06,0.13987117774246297
30,1163.44,0.13891832113206343
30,1167.81,0.13829642272245857
30,1172.19,0.137842830041264
30,1176.56,0.13746760981722478
30,1180.94,0.13711087971506578
30,1185.3100000000002,0.13676178841091827
30,1189.6899999999998,0.13647986366491574
30,1194.06,0.13634033500775658
30,1198.44,0.13639209917953704
30,1202.81,0.1366558950728615
30,1207.19,0.13711587257142538
30,1211.56,0.13775769408649788
30,1215.94,0.13855286112170462
30,1220.31,0.13943590485393212
30,1224.69,0.14035386607914063
30,1229.06,0.14125394541042863
30,1233.44,0.14209169238483338
30,1237.8100000000002,0.14285656075052097
30,1242.1899999999998,0.14355653628144197
30,1246.56,0.14419593664256525
30,1250.94,0.1447616492221336
30,1255.31,0.14523447275422224
30,1259.69,0.14560587861257676
30,1264.06,0.14586043433831372
30,1268.44,0.1459499429838188
30,1272.81,0.1458419369318424
30,1277.19,0.14555636297596355
30,1281.56,0.14510280379254303
30,1285.94,0.14447982550283409
30,1290.3100000000002,0.14367426784725823
30,1294.6899999999998,0.1426377560784977
30,1299.0600000000002,0.1413286074498847
30,1303.4399999999998,0.13972858635547125
30,1307.81,0.13781137376110214
30,1312.19,0.1355228553046128
30,1316.56,0.13286590720826508
30,1320.94,0.13002402644451505
30,1325.31,0.1271433291142546
30,1329.69,0.12391735623206174
30,1334.06,0.1201298385423378
30,1338.44,0.11685376816526422
30,1342.81,0.11463501540196609
30,1347.19,0.1131074587491489
30,1500.31,0.03946476414356186
30,1504.69,0.04076559353597701
30,1509.0600000000002,0.042122134272714204
30,1513.4399999999998,0.04348043679155616
30,1517.8100000000002,0.0448874099291694
30,1522.1899999999998,0.04628620526747542
30,1526.56,0.04766416022563036
30,1530.94,0.04905101060459695
30,1535.31,0.050424985814180555
30,1539.69,0.051786558086516055
30,1544.06,0.05314596930406524
30,1548.44,0.05448070542182301
30,1552.81,0.05577874186826931
30,1557.19,0.05705007655486666
30,1561.56,0.05827138987976648
30,1565.94,0.05945083201909034
30,1570.3100000000002,0.06064438392042054
30,1574.6899999999998,0.061845393378039265
30,1579.06,0.0629990412703897
30,1583.44,0.06411042950767205
30,1587.81,0.06521094946998521
30,1592.19,0.06629973178133593
30,1596.56,0.06735527430845432
30,1600.94,0.06839413733771686
30,1605.31,0.06941473487341393
30,1609.69,0.07039727870770603
30,1614.06,0.07132515504151082
30,1618.44,0.07217926658491455
30,1622.8100000000002,0.07297606164002349
30,1627.1899999999998,0.07371954638511673
30,1631.56,0.0743958449510489
30,1635.94,0.07500187460569775
30,1640.31,0.07553936231345201
30,1644.69,0.07598338568978345
30,1649.06,0.07629381630396742
30,1653.44,0.07645885846235399
30,1657.81,0.07649732169429999
30,1662.19,0.07644877252668182
30,1666.56,0.0763523562033837
30,1670.94,0.07621630001987985
30,1675.3100000000002,0.07600198556008844
30,1679.6899999999998,0.07566589989149569
30,1684.06,0.07520591747051883
30,1688.44,0.07463936324027982
30,1692.81,0.07396898463452692
30,1697.19,0.07319939128760881
30,1701.56,0.07235837464421344
30,1705.94,0.0714835900395572
30,1710.31,0.07061335865818194
30,1714.69,0.06981628993065764
30,1719.06,0.06912665548986657
30,1723.44,0.06851965722570354
30,1727.8100000000002,0.06799480422975833
30,1732.1899999999998,0.06752956806383505
30,1736.5600000000002,0.06702532845509751
30,1740.9399999999998,0.06641252060845279
30,1745.31,0.06567449453899533
30,1749.69,0.06485416715256744
30,1754.06,0.06404027396173821
30,1758.44,0.06328039082722851
30,1762.81,0.06261399674749506
30,1767.19,0.06204336187154469
30,1771.56,0.061593409889902605
30,1775.94,0.06124231118035017
30,1780.31,0.06094460904932739
30,1784.69,0.06071156201367068
30,1789.0600000000002,0.06056271456363933
30,1999.06,0.01807099129927514
30,2003.4399999999998,0.018634166664980887
30,2007.8100000000002,0.019317051252459916
30,2012.1899999999998,0.019851707349727823
30,2016.5600000000002,0.02043188494025225
30,2020.94,0.02094478753263062
30,2025.3100000000002,0.021327472349391755
30,2029.69,0.02168145159857354
30,2034.0600000000002,0.022025122292423413
30,2038.44,0.022354521206027825
30,2042.8099999999997,0.022679273923635695
30,2047.19,0.02299181704375563
30,2051.56,0.023325018280432035
30,2055.94,0.023703921407910913
30,2060.31,0.024067122921193566
30,2064.69,0.02441921489789977
30,2069.06,0.02479349053738004
30,2073.44,0.02516703055118162
30,2077.81,0.025523199388210047
30,2082.19,0.025873774643538683
30,2086.56,0.026234838236104834
30,2090.9399999999996,0.02660150338843063
30,2095.31,0.026969471325097437
30,2099.69,0.02734877634698492
30,2104.06,0.027729779655998512
30,2108.44,0.028095957952533883
30,2112.81,0.028458086237159813
30,2117.19,0.02882379666843743
30,2121.56,0.029190345826941813
30,2125.94,0.02954944815438016
30,2130.31,0.029895950398557886
30,2134.69,0.030233628392969107
30,2139.0600000000004,0.03057302408510538
30,2143.44,0.030915034691971478
30,2147.8100000000004,0.03126808184817608
30,2152.19,0.0316444303131874
30,2156.56,0.03201918466355729
30,2160.94,0.03237624315677048
30,2165.31,0.0327321976681519
30,2169.69,0.033077109431274135
30,2174.06,0.033404779116756926
30,2178.44,0.033725561722860405
30,2182.81,0.034048985241110365
30,2187.19,0.03437013727864721
30,2191.56,0.03465601229838907
30,2195.9399999999996,0.03491034564026041
30,2200.31,0.035147760057228375
30,2204.6899999999996,0.03535280752505963
30,2209.06,0.03550987577020345
30,2213.44,0.035609120115033414
30,2217.81,0.035640779349336724
30,2222.19,0.035588378780240855
30,2226.56,0.03543004452327123
30,2230.94,0.03515039932207012
30,2235.31,0.03474381090115141
30,2239.69,0.034217653841625
30,2244.06,0.033588955152943155
30,2248.44,0.03288386178087205
30,2252.8100000000004,0.03213568422335875
30,2257.19,0.03136324726962632
30,2261.56,0.0305896531854696
30,2265.94,0.029844095922994588
30,2270.31,0.02914807094336095
30,2274.69,0.028508847535767906
30,2279.06,0.027913048060664053
30,2283.44,0.027333331740920248
30,2287.81,0.026749187386533584
30,2292.19,0.026144654968758417
30,2296.56,0.025535288238519444
30,2300.94,0.024992058869473845
30,2305.31,0.024566940836834434
30,2309.6899999999996,0.024271221640781195
30,2314.06,0.02407217310746233
30,2318.44,0.02389442156830307
30,2322.81,0.023672369685844408
30,2327.19,0.023396417630039457
30,2331.56,0.02307957606541381
30,2335.94,0.022729649648143193
30,2340.31,0.02235491604915717
30,2344.69,0.022000455728605223
30,2349.06,0.021696206189611263
30,2353.44,0.02142011031284173
30,2357.8100000000004,0.02118707284773427
30,2362.19,0.02098514200168211
30,2366.5600000000004,0.020767231034972706
30,2370.94,0.020504230785606502
30,2375.31,0.020237296196385604
30,2379.69,0.01997888189439996
30,2384.06,0.019685761126561445
30,2388.44,0.019380745559641022
30,2392.81,0.0191046466494813
30,2397.19,0.018845174152703124
30,2401.56,0.018589330318034288
30,2405.94,0.018307823196912217
30,2410.31,0.017988426678427916
30,2414.6899999999996,0.01761365572955678
30,2419.06,0.017204046215933078
30,2423.4399999999996,0.01691396982997469
30,2427.81,0.016692025288872012
30,2432.19,0.016423886118998265
30,2436.56,0.016043681488736982
30,2440.94,0.01569695235618723
30,2445.31,0.015330604254394652
30,2449.69,0.014719066202410706
30,2454.06,0.014309422687063698
30,2458.44,0.014184319059988574
30,2462.81,0.013982044224463494
30,2467.19,0.013664088804743853
30,2471.5600000000004,0.013240322404931091
