species_richness,wavelength_nm,local_mean_spectrum
3,402.188,0.009871728064154194
3,406.56199999999995,0.009899428614813096
3,410.93800000000005,0.009995601112845686
3,415.313,0.010195080780413415
3,419.68699999999995,0.010519574204195286
3,424.06300000000005,0.010988491976472952
3,428.438,0.011628931524128425
3,432.813,0.012402010530263107
3,437.18800000000005,0.013187022237454955
3,441.563,0.01393288312865307
3,445.938,0.014617655227130058
3,450.31300000000005,0.01520739026531152
3,454.688,0.015693304569014088
3,459.063,0.0160799280482648
3,463.438,0.016369877852971663
3,467.813,0.01658155618230992
3,472.187,0.016742236871380184
3,476.562,0.016874847856109577
3,480.938,0.017012255785732365
3,485.313,0.01721622027028368
3,489.688,0.0175504793559605
3,494.063,0.01805774305424866
3,498.438,0.018820961814812995
3,502.812,0.0199565294438335
3,507.188,0.021532194456635883
3,511.563,0.023634600054265636
3,515.937,0.026401572041172803
3,520.313,0.029685550895791165
3,524.687,0.033031284160630996
3,529.062,0.03612880740755132
3,533.438,0.038749930282553316
3,537.813,0.04081145847100602
3,542.188,0.04240588578657498
3,546.563,0.04361706044314413
3,550.938,0.044396957437177365
3,555.312,0.04458004278839963
3,559.688,0.044034015036489946
3,564.063,0.04280219664743077
3,568.438,0.041045758097753224
3,572.813,0.039015896776695855
3,577.187,0.03707786415775594
3,581.562,0.035485173506703674
3,585.938,0.03426500145994092
3,590.313,0.03333907315599763
3,594.688,0.032646333976590954
3,599.063,0.032060181644459056
3,603.438,0.031373955129602844
3,607.812,0.030462963892787638
3,612.188,0.029378864900190548
3,616.563,0.028313933622692213
3,620.937,0.027472727099864737
3,625.312,0.026919793084483647
3,629.687,0.02653651988970019
3,634.063,0.026086705044377188
3,638.437,0.025371887280089434
3,642.813,0.024380900971181067
3,647.188,0.023272612772483617
3,651.563,0.02222082765851261
3,655.938,0.021234995407270522
3,660.313,0.020253919770919594
3,664.687,0.019357707619985193
3,669.063,0.018708381163910656
3,673.438,0.018437079152637044
3,677.813,0.018648343255074896
3,682.187,0.019611363384676887
3,686.562,0.02208623107447769
3,690.937,0.027301262551343814
3,695.312,0.03613817245422464
3,699.688,0.048837406898380384
3,704.063,0.06490377647892888
3,708.438,0.08283054516697973
3,712.813,0.10182804466101827
3,717.187,0.1234191561475353
3,721.563,0.14838888236051814
3,725.938,0.1737586302359322
3,730.313,0.19686419681701928
3,734.687,0.2159476063622123
3,739.063,0.2310096026829731
3,743.437,0.24270348941808007
3,747.812,0.2513130125141055
3,752.188,0.2572549103425522
3,756.563,0.2613677801344088
3,760.938,0.2648966359664649
3,765.313,0.26790769592790414
3,769.688,0.26959507491839196
3,774.063,0.2705617842184895
3,778.438,0.2712684787258164
3,782.813,0.2718014606511886
3,787.188,0.2722291348023
3,791.563,0.27259974391860753
3,795.937,0.2729263285857936
3,800.312,0.2732182866586978
3,804.688,0.27348339545661243
3,809.063,0.2737434422629012
3,813.438,0.2740202885234361
3,817.813,0.27427849393095743
3,822.188,0.27443961341980644
3,826.5630000000001,0.2744949553978931
3,830.937,0.2744977701627659
3,835.313,0.27451923108776977
3,839.688,0.27460600014356773
3,844.063,0.2747528019981538
3,848.437,0.2749378070357464
3,852.812,0.275139236917311
3,857.187,0.2753245933051281
3,861.563,0.2754775139046906
3,865.938,0.27561069248258996
3,870.313,0.2757269170874253
3,874.687,0.275813529603647
3,879.063,0.2758634024355562
3,883.437,0.27587634629094776
3,887.813,0.27586727967983343
3,892.188,0.2758595545571794
3,896.562,0.2758431470556925
3,900.938,0.2757699839622708
3,905.312,0.27564058074354475
3,909.6880000000001,0.2754598927883824
3,914.062,0.2751606319690666
3,918.438,0.2747225836336086
3,922.813,0.2742232061491285
3,927.188,0.2736763436993163
3,931.563,0.27280377299045633
3,935.937,0.2707865974829958
3,940.312,0.26798308720145747
3,944.688,0.2649766615528376
3,949.063,0.2610076418737847
3,953.438,0.2564346249192044
3,957.812,0.2522261857155506
3,962.187,0.24921649500011644
3,966.562,0.24753935925097337
3,970.938,0.24677077146134424
3,975.313,0.24655275903533969
3,979.688,0.2468202806465595
3,984.063,0.24754538080981656
3,988.438,0.24865448804989815
3,992.812,0.2500711367429309
3,997.188,0.25169182362897113
3,1001.5600000000001,0.2534521938330301
3,1005.94,0.2553520837568082
3,1010.3100000000001,0.2573547099632398
3,1014.69,0.2593791677887041
3,1019.0600000000001,0.2613769210198604
3,1023.4399999999999,0.26331989313434345
3,1027.81,0.26516791051001104
3,1032.19,0.26688829539820963
3,1036.56,0.2684706001375387
3,1040.94,0.2699011951782713
3,1045.31,0.27116624398540223
3,1049.69,0.2722673756081527
3,1054.06,0.27319519350687677
3,1058.44,0.27393893919739953
3,1062.81,0.2745046297189326
3,1067.19,0.2749064015651689
3,1071.5600000000002,0.27515153113550683
3,1075.9399999999998,0.2752382946572834
3,1080.3100000000002,0.27516464929439705
3,1084.6899999999998,0.2749289455956504
3,1089.06,0.2745457543832598
3,1093.44,0.27403816029432265
3,1097.81,0.2734078187655363
3,1102.19,0.2726519771132933
3,1106.56,0.27181806932422464
3,1110.94,0.27099445710664555
3,1115.31,0.27010518412123186
3,1119.69,0.2685861116659346
3,1124.06,0.2649536279019617
3,1128.44,0.2585221300641128
3,1132.8100000000002,0.2508630547988339
3,1137.1899999999998,0.24342053171040892
3,1141.56,0.23615739076426454
3,1145.94,0.22643037965981647
3,1150.31,0.2161589916961
3,1154.69,0.20981981000260372
3,1159.06,0.20650095386491565
3,1163.44,0.2046195174913483
3,1167.81,0.2034088469358415
3,1172.19,0.2025211881763608
3,1176.56,0.20177539455860022
3,1180.94,0.2010618084202457
3,1185.3100000000002,0.20037246788916954
3,1189.6899999999998,0.19982786209097794
3,1194.06,0.1995567921875398
3,1198.44,0.19963279451994342
3,1202.81,0.20008093605675326
3,1207.19,0.2008632198872919
3,1211.56,0.20195367964676675
3,1215.94,0.2033075987697451
3,1220.31,0.20480987988470406
3,1224.69,0.20636489297467445
3,1229.06,0.2078919214050145
3,1233.44,0.2093237832993223
3,1237.8100000000002,0.21063655420524238
3,1242.1899999999998,0.21183996524023035
3,1246.56,0.21294193292193697
3,1250.94,0.213913385874872
3,1255.31,0.21471242668782717
3,1259.69,0.21532147910984772
3,1264.06,0.21570758734583237
3,1268.44,0.21576937023897513
3,1272.81,0.21543954326648646
3,1277.19,0.21475003319858238
3,1281.56,0.2137073194190359
3,1285.94,0.2123105258894671
3,1290.3100000000002,0.2105418954468284
3,1294.6899999999998,0.20830718460936548
3,1299.0600000000002,0.2055404937832013
3,1303.4399999999998,0.20222943588062703
3,1307.81,0.19834223915759577
3,1312.19,0.19380877017437678
3,1316.56,0.18867125875116675
3,1320.94,0.18329267418302622
3,1325.31,0.1779470746965888
3,1329.69,0.17208640511831294
3,1334.06,0.16533684254034092
3,1338.44,0.1595877020290312
3,1342.81,0.1557405971714532
3,1347.19,0.15311205326681954
3,1500.31,0.04373053852486159
3,1504.69,0.04533736079442617
3,1509.0600000000002,0.047026665385653164
3,1513.4399999999998,0.048733960628625436
3,1517.8100000000002,0.05052211896102081
3,1522.1899999999998,0.052322314472166086
3,1526.56,0.05411984697735455
3,1530.94,0.05595221355069569
3,1535.31,0.05778824364538815
3,1539.69,0.05962549489293198
3,1544.06,0.06147451523703642
3,1548.44,0.06330210789896432
3,1552.81,0.06509036047965536
3,1557.19,0.06685269460099716
3,1561.56,0.06855664615690489
3,1565.94,0.07021009415652282
3,1570.3100000000002,0.07188829460292714
3,1574.6899999999998,0.07358204203628975
3,1579.06,0.07521237416945038
3,1583.44,0.0767808755279308
3,1587.81,0.07832649742284442
3,1592.19,0.07984497826265925
3,1596.56,0.0813062247808247
3,1600.94,0.08273770125270173
3,1605.31,0.0841402805689522
3,1609.69,0.0854872684616736
3,1614.06,0.08675795474592628
3,1618.44,0.08792943421822554
3,1622.8100000000002,0.08902617498984745
3,1627.1899999999998,0.09004991541582
3,1631.56,0.09097352446766492
3,1635.94,0.0917882438301454
3,1640.31,0.09250047071976064
3,1644.69,0.09308917142341067
3,1649.06,0.09351725069073086
3,1653.44,0.09378647287074816
3,1657.81,0.09393590273553232
3,1662.19,0.09401595348102848
3,1666.56,0.09404599495029087
3,1670.94,0.09398413890764806
3,1675.3100000000002,0.09375782467919574
3,1679.6899999999998,0.0933253169200145
3,1684.06,0.0927036737819025
3,1688.44,0.09193102105197157
3,1692.81,0.09102214474687167
3,1697.19,0.08999128781384412
3,1701.56,0.08887702774675531
3,1705.94,0.08772170930198349
3,1710.31,0.08656061837813286
3,1714.69,0.08546493186056446
3,1719.06,0.08446865490735989
3,1723.44,0.08354145591582736
3,1727.8100000000002,0.08269943916320487
3,1732.1899999999998,0.08191881261161929
3,1736.5600000000002,0.08105566109007158
3,1740.9399999999998,0.08002461957879488
3,1745.31,0.07882020476473212
3,1749.69,0.07750844812408592
3,1754.06,0.07621436407351799
3,1758.44,0.07499819935144543
3,1762.81,0.07391502644158329
3,1767.19,0.07296699123645872
3,1771.56,0.07219942801715924
3,1775.94,0.07158408536171118
3,1780.31,0.07105723483805801
3,1784.69,0.07064552315497014
3,1789.0600000000002,0.07037513947381122
3,1999.06,0.01792813056963853
3,2003.4399999999998,0.0185049344677604
3,2007.8100000000002,0.019208198671861552
3,2012.1899999999998,0.019784038993700757
3,2016.5600000000002,0.02043692405040558
3,2020.94,0.02101646659119468
3,2025.3100000000002,0.02145727584375758
3,2029.69,0.021877669641150208
3,2034.0600000000002,0.022295382429532235
3,2038.44,0.022705552978415956
3,2042.8099999999997,0.023120342042863617
3,2047.19,0.02352814841037844
3,2051.56,0.023969453739156585
3,2055.94,0.02447378144651241
3,2060.31,0.024957264998124496
3,2064.69,0.025425344134442772
3,2069.06,0.025921816544765303
3,2073.44,0.02641430006875883
3,2077.81,0.02688061920454384
3,2082.19,0.027338440290087265
3,2086.56,0.027809317160747915
3,2090.9399999999996,0.02828492988683968
3,2095.31,0.028757567418028335
3,2099.69,0.029239374847691995
3,2104.06,0.029717911183929933
3,2108.44,0.03017109733546675
3,2112.81,0.030611484744847955
3,2117.19,0.031049322541019005
3,2121.56,0.03148351051955875
3,2125.94,0.03190418361742305
3,2130.31,0.032304507605511096
3,2134.69,0.03269167066129892
3,2139.0600000000004,0.03307898342726529
3,2143.44,0.033463897439284795
3,2147.8100000000004,0.03385166567151433
3,2152.19,0.03425397305878844
3,2156.56,0.03464300080020276
3,2160.94,0.035002062326202996
3,2165.31,0.0353514313999679
3,2169.69,0.03568746595300229
3,2174.06,0.03600786908472653
3,2178.44,0.03632399056725591
3,2182.81,0.03664514372174847
3,2187.19,0.036963534581061094
3,2191.56,0.03724283362789143
3,2195.9399999999996,0.03748714524388588
3,2200.31,0.037715138580247935
3,2204.6899999999996,0.0379149409931159
3,2209.06,0.03806890311042743
3,2213.44,0.03816320630250023
3,2217.81,0.03818990519975652
3,2222.19,0.038136738120915614
3,2226.56,0.03797954215457392
3,2230.94,0.0376966156948287
3,2235.31,0.03728318789272199
3,2239.69,0.03675348993189767
3,2244.06,0.036127894247011086
3,2248.44,0.03543039487844074
3,2252.8100000000004,0.0346931409740705
3,2257.19,0.03393789799524414
3,2261.56,0.03318914878756541
3,2265.94,0.032473543829901315
3,2270.31,0.03180576035822641
3,2274.69,0.031181481435325446
3,2279.06,0.03057807262974051
3,2283.44,0.02996765063864629
3,2287.81,0.029334198882879577
3,2292.19,0.02866555629456121
3,2296.56,0.027984647380663717
3,2300.94,0.02737390626355128
3,2305.31,0.026890656484817664
3,2309.6899999999996,0.02654151171381087
3,2314.06,0.02628374371879523
3,2318.44,0.026032505440649726
3,2322.81,0.025727500238309765
3,2327.19,0.02537442545701425
3,2331.56,0.024989273722436207
3,2335.94,0.024576734583090527
3,2340.31,0.024143066305184563
3,2344.69,0.023734896464486767
3,2349.06,0.023383005269742945
3,2353.44,0.02305817698408482
3,2357.8100000000004,0.022777781451441007
3,2362.19,0.022535202435354437
3,2366.5600000000004,0.022280683911852717
3,2370.94,0.02197850122930172
3,2375.31,0.021669974762930026
3,2379.69,0.021369626699866227
3,2384.06,0.021024110462562324
3,2388.44,0.020655717807695012
3,2392.81,0.02032053241706977
3,2397.19,0.020012154680007235
3,2401.56,0.019718285438319952
3,2405.94,0.0194090608180291
3,2410.31,0.019071078024141645
3,2414.6899999999996,0.01867881049888573
3,2419.06,0.018238362111497153
3,2423.4399999999996,0.017924738759624605
3,2427.81,0.017696679003840084
3,2432.19,0.01743498304025084
3,2436.56,0.017074958724774884
3,2440.94,0.016748343799749738
3,2445.31,0.016381389925650393
3,2449.69,0.015753649932370398
3,2454.06,0.015391962671740003
3,2458.44,0.015325921533557463
3,2462.81,0.015156770139772964
3,2467.19,0.014853077670192756
3,2471.5600000000004,0.014378602494534064
5,402.188,0.008838427196144152
5,406.56199999999995,0.008876918449598665
5,410.93800000000005,0.008981590363247824
5,415.313,0.009176324923468086
5,419.68699999999995,0.00946744106136614
5,424.06300000000005,0.009857105857233848
5,428.438,0.010356436985655434
5,432.813,0.01093299399048596
5,437.18800000000005,0.011502348130436732
5,441.563,0.012036611751814816
5,445.938,0.012528374113599321
5,450.31300000000005,0.012956712780754777
5,454.688,0.013312898989812097
5,459.063,0.013596137062897747
5,463.438,0.013806754045648956
5,467.813,0.013960544597050602
5,472.187,0.014081434146522515
5,476.562,0.014187627866097698
5,480.938,0.014303165159816911
5,485.313,0.014477296701765896
5,489.688,0.01476418058218074
5,494.063,0.01520485516769298
5,498.438,0.015879670301775704
5,502.812,0.01690075485730643
5,507.188,0.01833793498910952
5,511.563,0.02027833928719493
5,515.937,0.022855277078642926
5,520.313,0.02593489680939266
5,524.687,0.029092974574043796
5,529.062,0.03203695324416156
5,533.438,0.03454568111134251
5,537.813,0.03653211797379849
5,542.188,0.03807582586378327
5,546.563,0.03925110862556455
5,550.938,0.040013153873341235
5,555.312,0.040208610264224745
5,559.688,0.03971176039118536
5,564.063,0.038561121998972624
5,568.438,0.03691253621683816
5,572.813,0.03500973149061907
5,577.187,0.03319839788663965
5,581.562,0.031714383001771325
5,585.938,0.030581094350161948
5,590.313,0.029723620837676795
5,594.688,0.02908401111546364
5,599.063,0.028545729965698794
5,603.438,0.027917711803514548
5,607.812,0.027082812295856965
5,612.188,0.026086681876858645
5,616.563,0.02510688226369003
5,620.937,0.02433476430110954
5,625.312,0.023831828523583436
5,629.687,0.023485658821369135
5,634.063,0.023070649566424236
5,638.437,0.022398272327440155
5,642.813,0.021461492677883085
5,647.188,0.02041695202100516
5,651.563,0.019433364516476353
5,655.938,0.018518938018274582
5,660.313,0.017611921777819506
5,664.687,0.016785697637656437
5,669.063,0.01619306602401374
5,673.438,0.01595625933088232
5,677.813,0.0161717535016931
5,682.187,0.017094713568085056
5,686.562,0.019445126816232595
5,690.937,0.024364172768713003
5,695.312,0.03262392941237974
5,699.688,0.04438039713321142
5,704.063,0.05913800780613823
5,708.438,0.07551068355910447
5,712.813,0.09279161276403346
5,717.187,0.11238151413196253
5,721.563,0.13500935760896604
5,725.938,0.1579967901828145
5,730.313,0.17894788196793626
5,734.687,0.19627183765255254
5,739.063,0.20995605562550693
5,743.437,0.22057598480334228
5,747.812,0.2283873921703776
5,752.188,0.23378376788750888
5,756.563,0.23754603575532685
5,760.938,0.24083124663470853
5,765.313,0.24368981525286892
5,769.688,0.24532729172295412
5,774.063,0.2462929263282889
5,778.438,0.24701846940407984
5,782.813,0.24757978589338364
5,787.188,0.2480393863675897
5,791.563,0.248445537892454
5,795.937,0.24881143778544348
5,800.312,0.24914424131479404
5,804.688,0.24944921451017585
5,809.063,0.24974608003358606
5,813.438,0.2500597297188078
5,817.813,0.25036016261150695
5,822.188,0.2505662823530514
5,826.5630000000001,0.25066576699983073
5,830.937,0.2507127481613729
5,835.313,0.2507767141400036
5,839.688,0.250901437383357
5,844.063,0.25108150209455543
5,848.437,0.2512969729715248
5,852.812,0.25152941538247575
5,857.187,0.25174863573000067
5,861.563,0.25193788916404575
5,865.938,0.2521087362306563
5,870.313,0.2522620059894739
5,874.687,0.25238636295685973
5,879.063,0.25247980342444365
5,883.437,0.2525430262583839
5,887.813,0.2525866089480724
5,892.188,0.25263164796389725
5,896.562,0.2526747985411818
5,900.938,0.25267241037332977
5,905.312,0.2526124742501471
5,909.6880000000001,0.2524996189871695
5,914.062,0.2522765889372323
5,918.438,0.25191775168870706
5,922.813,0.25148962997893753
5,927.188,0.251009687251145
5,931.563,0.25022996865686226
5,935.937,0.24840863930742427
5,940.312,0.24587398279298417
5,944.688,0.2431683265479982
5,949.063,0.23961110848245676
5,953.438,0.2355195673925509
5,957.812,0.23176361126489092
5,962.187,0.2290979725023123
5,966.562,0.2276387037773071
5,970.938,0.2269986138319124
5,975.313,0.22686001957936439
5,979.688,0.22716486501137634
5,984.063,0.2278851613197541
5,988.438,0.2289598520154308
5,992.812,0.23031569911848654
5,997.188,0.23184391126062623
5,1001.5600000000001,0.23348328553719505
5,1005.94,0.23524125912289434
5,1010.3100000000001,0.2370889688803061
5,1014.69,0.23895397777819574
5,1019.0600000000001,0.24079205325121025
5,1023.4399999999999,0.24257740893823135
5,1027.81,0.24427353952076
5,1032.19,0.24585091647054413
5,1036.56,0.2473009553795182
5,1040.94,0.2486129251762345
5,1045.31,0.24977535317065133
5,1049.69,0.25079119158466806
5,1054.06,0.2516540077948504
5,1058.44,0.25235455982594185
5,1062.81,0.2528970529151355
5,1067.19,0.2532921240909644
5,1071.5600000000002,0.2535438988728831
5,1075.9399999999998,0.2536496105099634
5,1080.3100000000002,0.253607711347961
5,1084.6899999999998,0.2534169836673171
5,1089.06,0.2530901482105954
5,1093.44,0.2526488313655927
5,1097.81,0.2520975352257667
5,1102.19,0.25143727078878897
5,1106.56,0.25071135185747934
5,1110.94,0.24999663708422115
5,1115.31,0.24922589343332183
5,1119.69,0.24790027457140887
5,1124.06,0.2446836360310814
5,1128.44,0.23890922138148005
5,1132.8100000000002,0.23195828395125284
5,1137.1899999999998,0.22516851288368814
5,1141.56,0.21853525601523
5,1145.94,0.20967168121412347
5,1150.31,0.20035258940686282
5,1154.69,0.19464850951892035
5,1159.06,0.1917065665905513
5,1163.44,0.1900803225596326
5,1167.81,0.18907316804760227
5,1172.19,0.18836715593935915
5,1176.56,0.1877959038777814
5,1180.94,0.18725606140067685
5,1185.3100000000002,0.1867313388969825
5,1189.6899999999998,0.18631982734789898
5,1194.06,0.18613656751948277
5,1198.44,0.18625366993153425
5,1202.81,0.18669153439150482
5,1207.19,0.18740715919102677
5,1211.56,0.1883734656460291
5,1215.94,0.18955364307469819
5,1220.31,0.19085402969665252
5,1224.69,0.19219967200220472
5,1229.06,0.19352836170004736
5,1233.44,0.19478658733403217
5,1237.8100000000002,0.19595271573283674
5,1242.1899999999998,0.197031763479118
5,1246.56,0.19802695029403547
5,1250.94,0.198908222934864
5,1255.31,0.19963410140141324
5,1259.69,0.20018621905424439
5,1264.06,0.20053295427973336
5,1268.44,0.20058013115956325
5,1272.81,0.20026588034641885
5,1277.19,0.19962086478664903
5,1281.56,0.19865264565239743
5,1285.94,0.19736223447562484
5,1290.3100000000002,0.19573465439007187
5,1294.6899999999998,0.19368385643293423
5,1299.0600000000002,0.19114951793126667
5,1303.4399999999998,0.18812082988693618
5,1307.81,0.1845686161755065
5,1312.19,0.18042701326696342
5,1316.56,0.17573354936597166
5,1320.94,0.1708218851073833
5,1325.31,0.165944499854576
5,1329.69,0.16060056485298965
5,1334.06,0.1544461023949216
5,1338.44,0.1492027244892811
5,1342.81,0.1456940141320506
5,1347.19,0.1432968121735808
5,1500.31,0.042220773064724174
5,1504.69,0.0437761314388848
5,1509.0600000000002,0.045411964308931144
5,1513.4399999999998,0.04706605605872989
5,1517.8100000000002,0.04879852159363719
5,1522.1899999999998,0.05054169472727746
5,1526.56,0.05228090901361087
5,1530.94,0.05405293877835919
5,1535.31,0.055828528328696024
5,1539.69,0.05760567175672702
5,1544.06,0.0593943552359883
5,1548.44,0.061162042351680206
5,1552.81,0.06289088810149147
5,1557.19,0.06459342357960884
5,1561.56,0.0662385668915407
5,1565.94,0.0678349805819985
5,1570.3100000000002,0.06945570393634347
5,1574.6899999999998,0.07109098469764322
5,1579.06,0.07266400785308375
5,1583.44,0.07417687890307909
5,1587.81,0.07566785824215058
5,1592.19,0.07713311589503985
5,1596.56,0.07854311767609143
5,1600.94,0.07992337668518192
5,1605.31,0.08127428042229178
5,1609.69,0.08257052452291921
5,1614.06,0.08379367795582787
5,1618.44,0.08492346109246607
5,1622.8100000000002,0.08598413164084062
5,1627.1899999999998,0.08697692540268265
5,1631.56,0.08787609664092251
5,1635.94,0.08867582564398967
5,1640.31,0.08938593234542955
5,1644.69,0.08998684432160625
5,1649.06,0.09043785772343123
5,1653.44,0.09073318147880041
5,1657.81,0.09090416737566266
5,1662.19,0.09099987582582741
5,1666.56,0.0910495302295164
5,1670.94,0.09102703358514073
5,1675.3100000000002,0.09086975967745871
5,1679.6899999999998,0.09053641975456043
5,1684.06,0.09003660255718736
5,1688.44,0.08939975087946304
5,1692.81,0.08863594303461056
5,1697.19,0.0877523604842724
5,1701.56,0.08677759505682914
5,1705.94,0.08574578076851787
5,1710.31,0.08468715625333131
5,1714.69,0.08366848222389835
5,1719.06,0.08272392883359443
5,1723.44,0.08182372207352803
5,1727.8100000000002,0.08098184704585447
5,1732.1899999999998,0.08018121610715298
5,1736.5600000000002,0.0792967793913667
5,1740.9399999999998,0.07826335389993845
5,1745.31,0.07708059313860142
5,1749.69,0.07580217224742694
5,1754.06,0.07453611880909716
5,1758.44,0.07333405605871525
5,1762.81,0.07224934791789452
5,1767.19,0.07128785412205271
5,1771.56,0.07050336434783444
5,1775.94,0.06987330435089743
5,1780.31,0.06933493704609343
5,1784.69,0.06891497603003477
5,1789.0600000000002,0.06863897286141436
5,1999.06,0.01744499023569357
5,2003.4399999999998,0.01802944776439304
5,2007.8100000000002,0.01874391288896635
5,2012.1899999999998,0.019328490805875995
5,2016.5600000000002,0.01998733400934951
5,2020.94,0.020569555278163336
5,2025.3100000000002,0.021010752891958525
5,2029.69,0.02143054196204902
5,2034.0600000000002,0.02184718161753259
5,2038.44,0.02225577710242104
5,2042.8099999999997,0.022668562697348002
5,2047.19,0.02307492564717372
5,2051.56,0.02351621604766099
5,2055.94,0.02402210353959694
5,2060.31,0.024508246146387472
5,2064.69,0.02497976447901021
5,2069.06,0.025480178018869003
5,2073.44,0.025976760346479968
5,2077.81,0.02644747973368685
5,2082.19,0.026910450248157122
5,2086.56,0.02738757927394617
5,2090.9399999999996,0.027870205646726487
5,2095.31,0.02835043935113687
5,2099.69,0.02884117694211234
5,2104.06,0.02933021940631519
5,2108.44,0.029795308418546874
5,2112.81,0.030249837781124476
5,2117.19,0.030704575028896695
5,2121.56,0.031157370384260998
5,2125.94,0.03159580312548628
5,2130.31,0.03201079183462932
5,2134.69,0.03240848747387031
5,2139.0600000000004,0.03280200554619202
5,2143.44,0.0331891356731866
5,2147.8100000000004,0.03357604803233034
5,2152.19,0.03397541703460709
5,2156.56,0.034360533042775365
5,2160.94,0.03471556901918019
5,2165.31,0.03506081616219615
5,2169.69,0.03539245732712743
5,2174.06,0.03570784366059898
5,2178.44,0.03601783561283469
5,2182.81,0.03633131573699066
5,2187.19,0.03664030222122891
5,2191.56,0.0369091825442728
5,2195.9399999999996,0.03714229860627163
5,2200.31,0.037359054730327385
5,2204.6899999999996,0.03754980572715136
5,2209.06,0.03769784038490554
5,2213.44,0.03778888720498057
5,2217.81,0.0378153412436118
5,2222.19,0.037765554399590756
5,2226.56,0.03761481601949721
5,2230.94,0.03734094614978311
5,2235.31,0.03693999815299224
5,2239.69,0.036427615759394634
5,2244.06,0.03582569244937347
5,2248.44,0.03515931673612169
5,2252.8100000000004,0.03445959945397273
5,2257.19,0.033745112963363466
5,2261.56,0.0330355000126692
5,2265.94,0.032353093875108596
5,2270.31,0.03171140632699734
5,2274.69,0.031109050089278525
5,2279.06,0.030529047282988497
5,2283.44,0.02994803235693079
5,2287.81,0.029350452063494407
5,2292.19,0.02872027005016638
5,2296.56,0.028070258427127265
5,2300.94,0.027469278744154117
5,2305.31,0.0269691563913728
5,2309.6899999999996,0.026582645962175085
5,2314.06,0.026277824533901647
5,2318.44,0.025977975592219642
5,2322.81,0.02563380386225615
5,2327.19,0.02525939085044949
5,2331.56,0.024867152545823466
5,2335.94,0.024455123781863864
5,2340.31,0.02402438732974949
5,2344.69,0.023616295896768023
5,2349.06,0.023257738606754255
5,2353.44,0.0229198585782515
5,2357.8100000000004,0.022625749780393615
5,2362.19,0.022372122421229188
5,2366.5600000000004,0.02210745644009184
5,2370.94,0.021793695717604394
5,2375.31,0.021473217259040257
5,2379.69,0.021160613332414348
5,2384.06,0.020800701084263157
5,2388.44,0.02041803592388025
5,2392.81,0.02007121319539438
5,2397.19,0.019753005551986894
5,2401.56,0.019448964400461472
5,2405.94,0.01912612672179543
5,2410.31,0.018770261489449856
5,2414.6899999999996,0.018355663096129328
5,2419.06,0.017890473898773507
5,2423.4399999999996,0.01755807315164343
5,2427.81,0.017315410058871893
5,2432.19,0.017037436015141672
5,2436.56,0.01665517427309838
5,2440.94,0.016309585665562027
5,2445.31,0.015923741776549236
5,2449.69,0.015255002676048108
5,2454.06,0.014854672156373597
5,2458.44,0.014775097055684526
5,2462.81,0.01458922774887744
5,2467.19,0.014255257361220332
5,2471.5600000000004,0.013741838523988102
7,402.188,0.012609154409618857
7,406.56199999999995,0.012709594198344514
7,410.93800000000005,0.012908621950409697
7,415.313,0.013216264467713176
7,419.68699999999995,0.013626650710440108
7,424.06300000000005,0.014139741598161358
7,428.438,0.01476648680224879
7,432.813,0.015468334238057763
7,437.18800000000005,0.01615171450236368
7,441.563,0.0167928370477112
7,445.938,0.01738882829434616
7,450.31300000000005,0.017917026074253366
7,454.688,0.01836789404606888
7,459.063,0.018739989182379697
7,463.438,0.019030398831550787
7,467.813,0.019254543661862435
7,472.187,0.019439224709904755
7,476.562,0.019605150918681456
7,480.938,0.019780227037402114
7,485.313,0.02002317555990639
7,489.688,0.020397935133078908
7,494.063,0.02095132797219658
7,498.438,0.021778908824507476
7,502.812,0.023013280182070914
7,507.188,0.024733168525435542
7,511.563,0.027038085409528147
7,515.937,0.030083631606476507
7,520.313,0.033710052618228334
7,524.687,0.037417849392476416
7,529.062,0.04086764308889195
7,533.438,0.04380761603952592
7,537.813,0.04614276264305319
7,542.188,0.04796878509292267
7,546.563,0.04937189903949088
7,550.938,0.050304854631656695
7,555.312,0.050602182063615136
7,559.688,0.05012734495821381
7,564.063,0.04891789654494287
7,568.438,0.047136862129288935
7,572.813,0.04505082759019091
7,577.187,0.04305209794479751
7,581.562,0.04141601857399659
7,585.938,0.04017787344365428
7,590.313,0.03925881636630885
7,594.688,0.038589208740180146
7,599.063,0.038029143154719294
7,603.438,0.03735915014544732
7,607.812,0.03644389999808806
7,612.188,0.035334606970507144
7,616.563,0.034238266694471886
7,620.937,0.033381505985472244
7,625.312,0.03283957048466417
7,629.687,0.03247792278314232
7,634.063,0.03202375904045515
7,638.437,0.031252744724337714
7,642.813,0.030163270789902743
7,647.188,0.028949871173355738
7,651.563,0.027814838536745573
7,655.938,0.026760683077047594
7,660.313,0.02570700128326921
7,664.687,0.024744274742052076
7,669.063,0.024064006274991424
7,673.438,0.023821033321947477
7,677.813,0.02413977955985649
7,682.187,0.02533805512439567
7,686.562,0.02828991909492799
7,690.937,0.034325344909054194
7,695.312,0.04423442788677007
7,699.688,0.058025566458549366
7,704.063,0.07496448290147979
7,708.438,0.09334217676570215
7,712.813,0.11225824822813579
7,717.187,0.1330993666297571
7,721.563,0.15650070704090707
7,725.938,0.17961597572193866
7,730.313,0.20013947992603212
7,734.687,0.2167563209811577
7,739.063,0.22968953625800184
7,743.437,0.23967079813146167
7,747.812,0.24704364190064038
7,752.188,0.25219966983877257
7,756.563,0.2558637797536335
7,760.938,0.25914098201596525
7,765.313,0.26204115447038356
7,769.688,0.2637335415525879
7,774.063,0.26477561712283687
7,778.438,0.2656066861497538
7,782.813,0.2662930914858168
7,787.188,0.2668879833490746
7,791.563,0.2674345180985948
7,795.937,0.26794273463495405
7,800.312,0.26841969548737754
7,804.688,0.26886792330674947
7,809.063,0.26930628976363363
7,813.438,0.269772822109745
7,817.813,0.27024514813545675
7,822.188,0.27062134923249676
7,826.5630000000001,0.27087938579236037
7,830.937,0.27108088567021943
7,835.313,0.2712937969812778
7,839.688,0.27156043219289205
7,844.063,0.2718798946873955
7,848.437,0.27223557269302323
7,852.812,0.2726130424570486
7,857.187,0.2729798911325906
7,861.563,0.2733146620364323
7,865.938,0.27363366520733357
7,870.313,0.27393804500529084
7,874.687,0.27421231706982524
7,879.063,0.27445678033236587
7,883.437,0.2746711280470886
7,887.813,0.27485994127073377
7,892.188,0.2750455310900074
7,896.562,0.27524103678376055
7,900.938,0.2754058604457746
7,905.312,0.2755007006539951
7,909.6880000000001,0.27553761161903095
7,914.062,0.27547800409813356
7,918.438,0.2752774487933412
7,922.813,0.274979591486227
7,927.188,0.274606216171807
7,931.563,0.2739506458854111
7,935.937,0.2723784052063259
7,940.312,0.2701612724468028
7,944.688,0.26773972432005333
7,949.063,0.26452089739810747
7,953.438,0.26081584426541365
7,957.812,0.2574381503236641
7,962.187,0.25508230222626577
7,966.562,0.25382909413071364
7,970.938,0.2533110382073973
7,975.313,0.25325370145924897
7,979.688,0.2536177133153743
7,984.063,0.25440854799545576
7,988.438,0.2556293753506114
7,992.812,0.2571867286964238
7,997.188,0.2588622517821736
7,1001.5600000000001,0.2605634090948948
7,1005.94,0.26234451394155295
7,1010.3100000000001,0.26420644041812713
7,1014.69,0.2660854979861043
7,1019.0600000000001,0.26794415506469976
7,1023.4399999999999,0.26976111170776756
7,1027.81,0.2715003524546746
7,1032.19,0.2731327709121244
7,1036.56,0.27464944536652297
7,1040.94,0.2760367607009529
7,1045.31,0.27728295214264176
7,1049.69,0.278392554916026
7,1054.06,0.27935744654647965
7,1058.44,0.2801657458935785
7,1062.81,0.28082188632405347
7,1067.19,0.28133841495107853
7,1071.5600000000002,0.2817186133616193
7,1075.9399999999998,0.28195565850480686
7,1080.3100000000002,0.2820465435884675
7,1084.6899999999998,0.28198957101851346
7,1089.06,0.2817958795341231
7,1093.44,0.28148825725779314
7,1097.81,0.28106910046766054
7,1102.19,0.28053078723420294
7,1106.56,0.2799108055347554
7,1110.94,0.27928885558552125
7,1115.31,0.27862008276619027
7,1119.69,0.27746784604038877
7,1124.06,0.2746044811442306
7,1128.44,0.2693565305890481
7,1132.8100000000002,0.26298948084796236
7,1137.1899999999998,0.25676531151197096
7,1141.56,0.2506580111474725
7,1145.94,0.24240723054774505
7,1150.31,0.23362226119677412
7,1154.69,0.22816182809162092
7,1159.06,0.22531164902397996
7,1163.44,0.2237439933638887
7,1167.81,0.22280758581740712
7,1172.19,0.2221979827107389
7,1176.56,0.2217455932702906
7,1180.94,0.22133661867398596
7,1185.3100000000002,0.22094067138458842
7,1189.6899999999998,0.2206403608489165
7,1194.06,0.22054899048296753
7,1198.44,0.22074971670165505
7,1202.81,0.22126506716726188
7,1207.19,0.22204322235655907
7,1211.56,0.22305509076206556
7,1215.94,0.22427125853875082
7,1220.31,0.22561199110568228
7,1224.69,0.22701257120239027
7,1229.06,0.2284048213458421
7,1233.44,0.22972346176160097
7,1237.8100000000002,0.23094496906616008
7,1242.1899999999998,0.2320775121562999
7,1246.56,0.23312599902086958
7,1250.94,0.23406283696382457
7,1255.31,0.2348506880891437
7,1259.69,0.23547466662823507
7,1264.06,0.23590446799942547
7,1268.44,0.2360443630772475
7,1272.81,0.2358283057274058
7,1277.19,0.23528938148336168
7,1281.56,0.2344433098865954
7,1285.94,0.23328880042460176
7,1290.3100000000002,0.23180323198521446
7,1294.6899999999998,0.2298988238639125
7,1299.0600000000002,0.2275121577745666
7,1303.4399999999998,0.22462585961863674
7,1307.81,0.2212025563625622
7,1312.19,0.21716282571342135
7,1316.56,0.2125304510239429
7,1320.94,0.2076351652781294
7,1325.31,0.20273396413697722
7,1329.69,0.19731270991558691
7,1334.06,0.19100092248633616
7,1338.44,0.1855596124060538
7,1342.81,0.18187121547804755
7,1347.19,0.17932382448144582
7,1500.31,0.06517294394159118
7,1504.69,0.06707987397474073
7,1509.0600000000002,0.06908149867944866
7,1513.4399999999998,0.07109973928315924
7,1517.8100000000002,0.07320566342554892
7,1522.1899999999998,0.07531553329185255
7,1526.56,0.07741149856241232
7,1530.94,0.07953717465062768
7,1535.31,0.0816566245995844
7,1539.69,0.08376885283340514
7,1544.06,0.08588804661854318
7,1548.44,0.08797649140630995
7,1552.81,0.09001310646410637
7,1557.19,0.09201311166518977
7,1561.56,0.09394147024164363
7,1565.94,0.0958109287847561
7,1570.3100000000002,0.09770791281505747
7,1574.6899999999998,0.09961807482877244
7,1579.06,0.10145067868317424
7,1583.44,0.10321240004404561
7,1587.81,0.10495227355125913
7,1592.19,0.10666825374207747
7,1596.56,0.10832766443281029
7,1600.94,0.10996016920597187
7,1605.31,0.11156200132637038
7,1609.69,0.11309806526500546
7,1614.06,0.11454382785595238
7,1618.44,0.11587657564129801
7,1622.8100000000002,0.11712671423463882
7,1627.1899999999998,0.11829608514198561
7,1631.56,0.11935436224278997
7,1635.94,0.12029319884337206
7,1640.31,0.12111956139071796
7,1644.69,0.1218053065570709
7,1649.06,0.12230108578401117
7,1653.44,0.12260193640034917
7,1657.81,0.12274999290390796
7,1662.19,0.12281184969007337
7,1666.56,0.12283414569081605
7,1670.94,0.12279781940597001
7,1675.3100000000002,0.12262943050884939
7,1679.6899999999998,0.12227253149280287
7,1684.06,0.12173104128967836
7,1688.44,0.12103449518425226
7,1692.81,0.12019308754514291
7,1697.19,0.11921355863095495
7,1701.56,0.11812399111318855
7,1705.94,0.11695697637338141
7,1710.31,0.11574469139849843
7,1714.69,0.11457092542395418
7,1719.06,0.11348691597095953
7,1723.44,0.11246460283853033
7,1727.8100000000002,0.11151981155584316
7,1732.1899999999998,0.110634253297133
7,1736.5600000000002,0.10966852584945545
7,1740.9399999999998,0.10854453945843803
7,1745.31,0.10725214309064984
7,1749.69,0.10584457202287356
7,1754.06,0.10444119204221172
7,1758.44,0.10310412207529485
7,1762.81,0.10189848979920467
7,1767.19,0.10083446541192165
7,1771.56,0.09997388268257783
7,1775.94,0.09929053423385198
7,1780.31,0.09871029596756391
7,1784.69,0.09825976423557986
7,1789.0600000000002,0.09796762617195526
7,1999.06,0.034237639953246975
7,2003.4399999999998,0.03501665367525169
7,2007.8100000000002,0.03603795142447203
7,2012.1899999999998,0.0369595144121681
7,2016.5600000000002,0.03801588058722606
7,2020.94,0.0389000743073232
7,2025.3100000000002,0.039532517829421486
7,2029.69,0.040112590567048544
7,2034.0600000000002,0.04066850279758508
7,2038.44,0.04119237669317837
7,2042.8099999999997,0.041705284622709775
7,2047.19,0.04220681490508506
7,2051.56,0.04275831289217694
7,2055.94,0.04339842035988805
7,2060.31,0.04401737801499978
7,2064.69,0.04461412851735137
7,2069.06,0.04523592223098461
7,2073.44,0.04584346309365722
7,2077.81,0.046421167718586114
7,2082.19,0.04700045437274875
7,2086.56,0.047605291061402405
7,2090.9399999999996,0.04821051778936621
7,2095.31,0.04879921325263994
7,2099.69,0.04939800818539083
7,2104.06,0.05000088526227039
7,2108.44,0.05057790284768517
7,2112.81,0.051142507921177804
7,2117.19,0.05170980174351603
7,2121.56,0.05227820333402976
7,2125.94,0.052819993181503454
7,2130.31,0.0533149984638337
7,2134.69,0.05378374649421598
7,2139.0600000000004,0.054251525139106055
7,2143.44,0.05471092012813805
7,2147.8100000000004,0.055168869359985266
7,2152.19,0.055644462702489295
7,2156.56,0.0561040250988368
7,2160.94,0.05652661208732583
7,2165.31,0.05693603620034403
7,2169.69,0.05732860615470297
7,2174.06,0.057700964425415155
7,2178.44,0.058065619543882806
7,2182.81,0.05843438680902724
7,2187.19,0.05879252518171472
7,2191.56,0.05909348565391916
7,2195.9399999999996,0.059349674167871624
7,2200.31,0.05960009158745328
7,2204.6899999999996,0.05984459409508621
7,2209.06,0.0600499161279312
7,2213.44,0.060181232340051835
7,2217.81,0.06023504878723518
7,2222.19,0.06020068412911124
7,2226.56,0.06001602063576659
7,2230.94,0.05961584575664825
7,2235.31,0.05900048823764384
7,2239.69,0.05822887477297025
7,2244.06,0.057356278847439206
7,2248.44,0.0564180962753038
7,2252.8100000000004,0.05544774988681455
7,2257.19,0.054461134532969524
7,2261.56,0.05348106926639287
7,2265.94,0.052545221723516576
7,2270.31,0.0516773305672381
7,2274.69,0.0508673697816731
7,2279.06,0.050087368905168725
7,2283.44,0.04931494751628061
7,2287.81,0.048535019551226334
7,2292.19,0.04771374552646513
7,2296.56,0.046850424327870115
7,2300.94,0.046030175425445574
7,2305.31,0.04533424009595776
7,2309.6899999999996,0.04479366005246867
7,2314.06,0.04436855564486809
7,2318.44,0.04396122649041503
7,2322.81,0.04351456734669428
7,2327.19,0.043036169306376326
7,2331.56,0.04253229253023808
7,2335.94,0.04201850309930782
7,2340.31,0.04152154736985903
7,2344.69,0.041091565438716025
7,2349.06,0.040754135174314185
7,2353.44,0.04047545315863402
7,2357.8100000000004,0.04025156209717074
7,2362.19,0.040054944538345315
7,2366.5600000000004,0.039831523265290915
7,2370.94,0.03954455586794123
7,2375.31,0.039233598011994664
7,2379.69,0.03889889391306211
7,2384.06,0.03845845621212907
7,2388.44,0.0379455300669548
7,2392.81,0.03746378407526994
7,2397.19,0.03702264458855314
7,2401.56,0.03659597340267882
7,2405.94,0.03613663298481577
7,2410.31,0.035647802410888385
7,2414.6899999999996,0.035075347273031666
7,2419.06,0.03437003777193694
7,2423.4399999999996,0.03383086747248915
7,2427.81,0.03344487572162707
7,2432.19,0.03301276523348707
7,2436.56,0.032416119124035615
7,2440.94,0.0319071910007947
7,2445.31,0.03142026716369798
7,2449.69,0.030525143604429122
7,2454.06,0.029778090433578278
7,2458.44,0.029527437708932416
7,2462.81,0.029269744548068664
7,2467.19,0.028894919331098657
7,2471.5600000000004,0.028328569382858628
10,402.188,0.013960413223551633
10,406.56199999999995,0.014047438243465016
10,410.93800000000005,0.01423888556724496
10,415.313,0.014548635842540743
10,419.68699999999995,0.014956926809292276
10,424.06300000000005,0.015448906050754559
10,428.438,0.016029712194615534
10,432.813,0.01666920294135212
10,437.18800000000005,0.017298209458908014
10,441.563,0.01791210956556509
10,445.938,0.01851890568126127
10,450.31300000000005,0.019091815388182436
10,454.688,0.01960304254475165
10,459.063,0.020033096066602123
10,463.438,0.02036944169161317
10,467.813,0.020631187129444766
10,472.187,0.020853900361241486
10,476.562,0.021060652960550565
10,480.938,0.021284666725991875
10,485.313,0.021609191387199536
10,489.688,0.02213560963093663
10,494.063,0.02294930563426703
10,498.438,0.024205756872362656
10,502.812,0.02610676254992532
10,507.188,0.028757395254766435
10,511.563,0.032276693017358304
10,515.937,0.03685770704304448
10,520.313,0.04223147999849606
10,524.687,0.04765867319476817
10,529.062,0.052665266382915445
10,533.438,0.05690704049800281
10,537.813,0.06025112100599381
10,542.188,0.0628282880641018
10,546.563,0.0647626023147274
10,550.938,0.06600995052957867
10,555.312,0.06637171840268678
10,559.688,0.06568050372010378
10,564.063,0.06398921758972864
10,568.438,0.06150515450027319
10,572.813,0.05857645770823561
10,577.187,0.055742236291767
10,581.562,0.05339791643710927
10,585.938,0.05160373706166372
10,590.313,0.05025218692220942
10,594.688,0.04925077695473859
10,599.063,0.04840391452791425
10,603.438,0.04738992753896137
10,607.812,0.04600307651734001
10,612.188,0.04431305218425777
10,616.563,0.04262719441363495
10,620.937,0.04129137779929725
10,625.312,0.040430692412980716
10,629.687,0.03985840194944808
10,634.063,0.03917386282866754
10,638.437,0.03802235282611169
10,642.813,0.03635603523353528
10,647.188,0.03442785259783818
10,651.563,0.03254013484929209
10,655.938,0.030712476206002676
10,660.313,0.028833946963704567
10,664.687,0.02706372772774584
10,669.063,0.025729022583725655
10,673.438,0.025102807617882226
10,677.813,0.025403388759358825
10,682.187,0.027132631992697286
10,686.562,0.03155734204242528
10,690.937,0.04038764259614724
10,695.312,0.05424962016566432
10,699.688,0.07262160257554644
10,704.063,0.09421167687577499
10,708.438,0.11674477911106924
10,712.813,0.13911702925393163
10,717.187,0.16292568601085106
10,721.563,0.1888417126808046
10,725.938,0.21370562842634017
10,730.313,0.23519973376733933
10,734.687,0.2522336955477934
10,739.063,0.26527931051594805
10,743.437,0.27524802448541896
10,747.812,0.28258593058901627
10,752.188,0.28773242458966447
10,756.563,0.29142393824684043
10,760.938,0.2947604212060325
10,765.313,0.2977192544901126
10,769.688,0.29944994731109076
10,774.063,0.30052900819283024
10,778.438,0.30139836630843736
10,782.813,0.30211961053725644
10,787.188,0.3027459219872541
10,791.563,0.3033208537147275
10,795.937,0.30385628587723523
10,800.312,0.30436181199843804
10,804.688,0.30483891191323376
10,809.063,0.30530785401597343
10,813.438,0.30580715250638196
10,817.813,0.30630644199659846
10,822.188,0.30669705786593043
10,826.5630000000001,0.3069624284159459
10,830.937,0.3071679505450094
10,835.313,0.3073841076929917
10,839.688,0.30765790076324984
10,844.063,0.3079891312143776
10,848.437,0.3083612141350645
10,852.812,0.3087592950749819
10,857.187,0.30914741329664575
10,861.563,0.3095017546756649
10,865.938,0.30983787867661766
10,870.313,0.31015502439749354
10,874.687,0.31043831916432724
10,879.063,0.31069136026974997
10,883.437,0.3109163325117625
10,887.813,0.31112019725705853
10,892.188,0.3113278870024293
10,896.562,0.31155247852284795
10,900.938,0.3117434882698068
10,905.312,0.31185197108033813
10,909.6880000000001,0.3118931036333794
10,914.062,0.3118277903410105
10,918.438,0.3116139372687547
10,922.813,0.31130957141525895
10,927.188,0.31094510752764476
10,931.563,0.3103105813642666
10,935.937,0.30874780546571273
10,940.312,0.3065022831044726
10,944.688,0.3040296301685691
10,949.063,0.30073166300913484
10,953.438,0.2969303256082935
10,957.812,0.2934649527806209
10,962.187,0.2910429136625203
10,966.562,0.2897496007182279
10,970.938,0.28921952779770815
10,975.313,0.28917025378588224
10,979.688,0.28954632356720766
10,984.063,0.29031585360178763
10,988.438,0.291436940443374
10,992.812,0.2928517314876017
10,997.188,0.29444196495977987
10,1001.5600000000001,0.29614010213339426
10,1005.94,0.2979632878526426
10,1010.3100000000001,0.2998853729517573
10,1014.69,0.30183025018252957
10,1019.0600000000001,0.3037533260792315
10,1023.4399999999999,0.30562691054128177
10,1027.81,0.3074138593754882
10,1032.19,0.3090919669403533
10,1036.56,0.3106569018406954
10,1040.94,0.31209580319917335
10,1045.31,0.3133988086523769
10,1049.69,0.31456658022757167
10,1054.06,0.3155834849374115
10,1058.44,0.3164366405150554
10,1062.81,0.3171305063785755
10,1067.19,0.3176744305940198
10,1071.5600000000002,0.3180695746809708
10,1075.9399999999998,0.31831024849400574
10,1080.3100000000002,0.31839761860037624
10,1084.6899999999998,0.318333162661253
10,1089.06,0.31812825350536056
10,1093.44,0.3178081017016712
10,1097.81,0.3173804974533864
10,1102.19,0.3168416901593932
10,1106.56,0.31623013276607304
10,1110.94,0.31562225010537837
10,1115.31,0.31496480930709475
10,1119.69,0.3137993027886907
10,1124.06,0.310834211809792
10,1128.44,0.30535365382827095
10,1132.8100000000002,0.2986947668397761
10,1137.1899999999998,0.2921907261103158
10,1141.56,0.2858066261677196
10,1145.94,0.2771603544679138
10,1150.31,0.26793019499354814
10,1154.69,0.26217624318502664
10,1159.06,0.2591572660718608
10,1163.44,0.2574759001464647
10,1167.81,0.25644323416586384
10,1172.19,0.25573777757051996
10,1176.56,0.2551819304601066
10,1180.94,0.2546603967898478
10,1185.3100000000002,0.2541512889708791
10,1189.6899999999998,0.2537579912220482
10,1194.06,0.2536104089110511
10,1198.44,0.25379326215314296
10,1202.81,0.25432649655523315
10,1207.19,0.2551571022173429
10,1211.56,0.2562555437178747
10,1215.94,0.2575858570583999
10,1220.31,0.25905326141910723
10,1224.69,0.26058046772225235
10,1229.06,0.2620910005905688
10,1233.44,0.26351693660900366
10,1237.8100000000002,0.2648358769204834
10,1242.1899999999998,0.26605593822439
10,1246.56,0.2671815825671891
10,1250.94,0.26818359241077566
10,1255.31,0.2690207463266553
10,1259.69,0.26967585920884257
10,1264.06,0.2701195199253759
10,1268.44,0.27025525483426965
10,1272.81,0.27001444612478337
10,1277.19,0.26942841641305076
10,1281.56,0.2685086072174756
10,1285.94,0.2672498705679485
10,1290.3100000000002,0.26562775046600584
10,1294.6899999999998,0.26355038029965044
10,1299.0600000000002,0.2609496194675158
10,1303.4399999999998,0.2578059541148032
10,1307.81,0.2540766620126273
10,1312.19,0.2496672603315317
10,1316.56,0.24459541030424983
10,1320.94,0.23921755006460468
10,1325.31,0.23381197060754777
10,1329.69,0.2278060231051817
10,1334.06,0.22079367539454442
10,1338.44,0.21474661934646203
10,1342.81,0.21065447190070447
10,1347.19,0.20783650304888332
10,1500.31,0.07110996491819101
10,1504.69,0.07352919376662453
10,1509.0600000000002,0.07606609834288586
10,1513.4399999999998,0.07862216107161489
10,1517.8100000000002,0.08128749858939957
10,1522.1899999999998,0.08395578019015137
10,1526.56,0.0866040644852825
10,1530.94,0.08928812349113148
10,1535.31,0.0919632825699119
10,1539.69,0.09462791519848447
10,1544.06,0.09729928817981752
10,1548.44,0.09992962630285432
10,1552.81,0.10249243189967282
10,1557.19,0.10500656986784751
10,1561.56,0.10742599591375583
10,1565.94,0.10976478378337652
10,1570.3100000000002,0.11213242423420192
10,1574.6899999999998,0.11451512790458948
10,1579.06,0.11680046999787826
10,1583.44,0.11899208555499918
10,1587.81,0.12114632113684322
10,1592.19,0.12325925704412834
10,1596.56,0.12529116847055083
10,1600.94,0.12727961943624416
10,1605.31,0.1292234620114094
10,1609.69,0.13108539353148266
10,1614.06,0.1328391589339397
10,1618.44,0.1344558545329363
10,1622.8100000000002,0.13597002445899273
10,1627.1899999999998,0.13738658241080087
10,1631.56,0.138672581112844
10,1635.94,0.1398183717402099
10,1640.31,0.14083461941576095
10,1644.69,0.14169505614377073
10,1649.06,0.14234906798558636
10,1653.44,0.1427926873180036
10,1657.81,0.14306399220052887
10,1662.19,0.14322180693094572
10,1666.56,0.14330449538657153
10,1670.94,0.14327933365710557
10,1675.3100000000002,0.14305598267281555
10,1679.6899999999998,0.14256803687024375
10,1684.06,0.14182508333855479
10,1688.44,0.14086948595394444
10,1692.81,0.13971917551451613
10,1697.19,0.13839402837689083
10,1701.56,0.13694992335934436
10,1705.94,0.1354509015390403
10,1710.31,0.13395024008258632
10,1714.69,0.13254656981176294
10,1719.06,0.13128437215807395
10,1723.44,0.1301115733411341
10,1727.8100000000002,0.12902879151547111
10,1732.1899999999998,0.1279984888378273
10,1736.5600000000002,0.12684314446999773
10,1740.9399999999998,0.12546211299958618
10,1745.31,0.1238471764440702
10,1749.69,0.12207875384375362
10,1754.06,0.1203198347471267
10,1758.44,0.11865338231486729
10,1762.81,0.11715842997752544
10,1767.19,0.11584418115321508
10,1771.56,0.11478407739770846
10,1775.94,0.1139454033861977
10,1780.31,0.11323988426153853
10,1784.69,0.11270186017903527
10,1789.0600000000002,0.11236336321444464
10,1999.06,0.03177921119848063
10,2003.4399999999998,0.03278680345866379
10,2007.8100000000002,0.034014163023626184
10,2012.1899999999998,0.03502240282904735
10,2016.5600000000002,0.03616114608444673
10,2020.94,0.037159163151709695
10,2025.3100000000002,0.03791086824015757
10,2029.69,0.038624965108769616
10,2034.0600000000002,0.039332226243277806
10,2038.44,0.04002328412803355
10,2042.8099999999997,0.040719058137569555
10,2047.19,0.04140461651056701
10,2051.56,0.04215237881871782
10,2055.94,0.04301191900384896
10,2060.31,0.04383775964278512
10,2064.69,0.044636229976256776
10,2069.06,0.04547960826462641
10,2073.44,0.0463146242888085
10,2077.81,0.04710762478511421
10,2082.19,0.0478898350551111
10,2086.56,0.048696916086113755
10,2090.9399999999996,0.04951247296892581
10,2095.31,0.050323471119166664
10,2099.69,0.05115471143373718
10,2104.06,0.05198736840877762
10,2108.44,0.05278304471818884
10,2112.81,0.05356311983816877
10,2117.19,0.054345235969377695
10,2121.56,0.055125376780080566
10,2125.94,0.0558799461349648
10,2130.31,0.05658968892371093
10,2134.69,0.05726325227430049
10,2139.0600000000004,0.05792282130131919
10,2143.44,0.058566758797730316
10,2147.8100000000004,0.059209283794793184
10,2152.19,0.059873413848830694
10,2156.56,0.06051288945743337
10,2160.94,0.061099435467285454
10,2165.31,0.06166607881900898
10,2169.69,0.062206620729633885
10,2174.06,0.06271756297329154
10,2178.44,0.06321691641952985
10,2182.81,0.06371956114049881
10,2187.19,0.06421379776961106
10,2191.56,0.06464217960693996
10,2195.9399999999996,0.06501040177411474
10,2200.31,0.0653490896552194
10,2204.6899999999996,0.06564342911377163
10,2209.06,0.06586506071868443
10,2213.44,0.065988790728006
10,2217.81,0.06600370647564113
10,2222.19,0.06589282231567158
10,2226.56,0.06561205181689546
10,2230.94,0.06512258328627801
10,2235.31,0.06442356912154476
10,2239.69,0.0635504931642602
10,2244.06,0.06254407509772414
10,2248.44,0.061440382461867414
10,2252.8100000000004,0.060277868003131785
10,2257.19,0.05907576309816195
10,2261.56,0.05786726773856568
10,2265.94,0.056699417790276575
10,2270.31,0.05559906852432816
10,2274.69,0.05456075102817798
10,2279.06,0.05355368817279143
10,2283.44,0.05254264672732805
10,2287.81,0.05151091775121071
10,2292.19,0.05043603565257834
10,2296.56,0.04933576530850675
10,2300.94,0.048320879080762796
10,2305.31,0.04747790469325296
10,2309.6899999999996,0.04683036724391067
10,2314.06,0.04632433713936363
10,2318.44,0.04583079276093596
10,2322.81,0.04526789545442622
10,2327.19,0.04465555701403093
10,2331.56,0.044011390573579424
10,2335.94,0.043334683546852014
10,2340.31,0.042632282696910107
10,2344.69,0.0419737412685761
10,2349.06,0.04140022165104291
10,2353.44,0.040861108193683326
10,2357.8100000000004,0.04039078805195449
10,2362.19,0.039984427031909194
10,2366.5600000000004,0.03956105168531492
10,2370.94,0.03905990673905285
10,2375.31,0.03854803972266909
10,2379.69,0.038044927065306634
10,2384.06,0.037453882649578954
10,2388.44,0.03681255943995442
10,2392.81,0.036226052354164776
10,2397.19,0.03568788061492979
10,2401.56,0.03517150713748751
10,2405.94,0.034622694653398234
10,2410.31,0.034028227721920164
10,2414.6899999999996,0.03333668081150656
10,2419.06,0.03251333155435444
10,2423.4399999999996,0.031890142449596225
10,2427.81,0.031442886175757925
10,2432.19,0.03094742898386573
10,2436.56,0.030268155660288995
10,2440.94,0.029687302163124974
10,2445.31,0.0291457615108853
10,2449.69,0.02820599380916652
10,2454.06,0.02742943743774266
10,2458.44,0.02714397172200178
10,2462.81,0.026848394846327242
10,2467.19,0.026442772304791067
10,2471.5600000000004,0.025867352629165147
12,402.188,0.017621582869976008
12,406.56199999999995,0.01767591518800413
12,410.93800000000005,0.017809552974497704
12,415.313,0.01803836841020606
12,419.68699999999995,0.01834697009247473
12,424.06300000000005,0.018719074022860674
12,428.438,0.019152556097542555
12,432.813,0.019620079215283803
12,437.18800000000005,0.020071273963359563
12,441.563,0.02050735430455237
12,445.938,0.020940527331209918
12,450.31300000000005,0.021353601236577344
12,454.688,0.021722626256561392
12,459.063,0.022030050322985165
12,463.438,0.02226662386538779
12,467.813,0.022447302009888963
12,472.187,0.022599931061590535
12,476.562,0.022744986145391003
12,480.938,0.022909450945408277
12,485.313,0.023155574204923004
12,489.688,0.023559396986782596
12,494.063,0.02418724482610999
12,498.438,0.02516049445105622
12,502.812,0.026639959492958915
12,507.188,0.02871742978181109
12,511.563,0.03149276358556196
12,515.937,0.03511716157016419
12,520.313,0.03937765870872837
12,524.687,0.043687559706974056
12,529.062,0.04766405275901994
12,533.438,0.051025673763064126
12,537.813,0.053664897567599394
12,542.188,0.055690463783936286
12,546.563,0.05720697139775546
12,550.938,0.058178734774002976
12,555.312,0.05844260148029786
12,559.688,0.05786539645691945
12,564.063,0.05649445850037665
12,568.438,0.05449811148868302
12,572.813,0.05215709785931307
12,577.187,0.04990474059221438
12,581.562,0.048051151385608434
12,585.938,0.04663427480157947
12,590.313,0.04557079278792303
12,594.688,0.04480045394247319
12,599.063,0.04416628374711498
12,603.438,0.043399766802170926
12,607.812,0.042332164073174486
12,612.188,0.041022929478444034
12,616.563,0.03971947865667651
12,620.937,0.03869304994995008
12,625.312,0.038039046876895244
12,629.687,0.03761479006818093
12,634.063,0.03711149973322871
12,638.437,0.03624819662504295
12,642.813,0.03498097969966205
12,647.188,0.03350664542243301
12,651.563,0.032065709906647345
12,655.938,0.030676889842329986
12,660.313,0.029256236212954038
12,664.687,0.02792815641975071
12,669.063,0.026943040593857957
12,673.438,0.026506553883298572
12,677.813,0.02678337859050907
12,682.187,0.02815896487397898
12,686.562,0.03162385041573168
12,690.937,0.038543117563969234
12,695.312,0.049465592527011375
12,699.688,0.06406511136576734
12,704.063,0.08142372591762398
12,708.438,0.09981053606088057
12,712.813,0.11839038417470203
12,717.187,0.13856384252113213
12,721.563,0.1609744964334231
12,725.938,0.1829231288484918
12,730.313,0.20227527459726635
12,734.687,0.2178725499090986
12,739.063,0.2299967752189485
12,743.437,0.23938697559756447
12,747.812,0.24638423410555882
12,752.188,0.25133905441503906
12,756.563,0.2549122915639324
12,760.938,0.2581628300297484
12,765.313,0.26109048332398893
12,769.688,0.26283640831009897
12,774.063,0.2639337605549042
12,778.438,0.2648183523422792
12,782.813,0.2655544105520678
12,787.188,0.2661954019250204
12,791.563,0.26678818967389895
12,795.937,0.26734465664255014
12,800.312,0.26787001716609377
12,804.688,0.2683622485847848
12,809.063,0.2688358828336215
12,813.438,0.2693315751377921
12,817.813,0.26983168747375497
12,822.188,0.2702300815708346
12,826.5630000000001,0.2705002910016858
12,830.937,0.27070947845234716
12,835.313,0.2709372364591167
12,839.688,0.27123128380608624
12,844.063,0.2715859467927908
12,848.437,0.2719796889716357
12,852.812,0.27239904385460406
12,857.187,0.2728125650022005
12,861.563,0.2731946627978833
12,865.938,0.273556221994518
12,870.313,0.2738944126651423
12,874.687,0.27419638392547946
12,879.063,0.2744680613760762
12,883.437,0.2747107839057504
12,887.813,0.27492664616428575
12,892.188,0.2751366858063446
12,896.562,0.2753603940658757
12,900.938,0.2755602332755965
12,905.312,0.27568215466974944
12,909.6880000000001,0.2757275941097456
12,914.062,0.2756522941828823
12,918.438,0.27540626751581504
12,922.813,0.2750393779631809
12,927.188,0.274577869313889
12,931.563,0.2737767976476216
12,935.937,0.27188811190512413
12,940.312,0.2692810800602305
12,944.688,0.2665202829508549
12,949.063,0.26293246696601974
12,953.438,0.2588889429205479
12,957.812,0.25529389914488915
12,962.187,0.25286302829474167
12,966.562,0.25162506227533615
12,970.938,0.2511560586665404
12,975.313,0.2511657795344842
12,979.688,0.25161360350052175
12,984.063,0.252491302334202
12,988.438,0.25379341740161476
12,992.812,0.2554375276305243
12,997.188,0.2572164649553779
12,1001.5600000000001,0.2590407332712035
12,1005.94,0.26097052359801487
12,1010.3100000000001,0.2630073985450546
12,1014.69,0.2650820666330756
12,1019.0600000000001,0.2671534711504282
12,1023.4399999999999,0.26919297630927164
12,1027.81,0.27115322665758945
12,1032.19,0.27299988493743804
12,1036.56,0.2747250289291755
12,1040.94,0.2763155208988615
12,1045.31,0.277757700293048
12,1049.69,0.279048192160151
12,1054.06,0.2801683005097271
12,1058.44,0.2811036163843043
12,1062.81,0.28186032870935745
12,1067.19,0.2824515139818677
12,1071.5600000000002,0.2828799605357759
12,1075.9399999999998,0.2831376718829355
12,1080.3100000000002,0.2832219836386419
12,1084.6899999999998,0.28313204785238044
12,1089.06,0.2828807873819224
12,1093.44,0.28249441422357213
12,1097.81,0.28198162497902196
12,1102.19,0.28134670357866226
12,1106.56,0.2806426214419095
12,1110.94,0.2799557672939915
12,1115.31,0.27922911925368543
12,1119.69,0.27798564506592427
12,1124.06,0.2748967219734589
12,1128.44,0.26925171040401535
12,1132.8100000000002,0.2624677777514489
12,1137.1899999999998,0.25591975681622914
12,1141.56,0.2496073694648521
12,1145.94,0.24122189279033973
12,1150.31,0.23240321917286547
12,1154.69,0.22700055258578816
12,1159.06,0.22422562418680947
12,1163.44,0.22272353697718136
12,1167.81,0.22184258489308406
12,1172.19,0.22128082013895556
12,1176.56,0.22087051353801584
12,1180.94,0.22049933773015185
12,1185.3100000000002,0.22013575603328672
12,1189.6899999999998,0.21986093582085495
12,1194.06,0.21979048372732427
12,1198.44,0.22001034514260412
12,1202.81,0.2205411420928235
12,1207.19,0.22132633036661736
12,1211.56,0.2223346591393647
12,1215.94,0.22353837721113234
12,1220.31,0.2248606493090206
12,1224.69,0.2262422691068404
12,1229.06,0.22762249822123853
12,1233.44,0.2289397176701353
12,1237.8100000000002,0.2301696257972667
12,1242.1899999999998,0.231318303781779
12,1246.56,0.2323886287754764
12,1250.94,0.23334930543707602
12,1255.31,0.23415889723048458
12,1259.69,0.23480065348201298
12,1264.06,0.23524524878125228
12,1268.44,0.2353981682372444
12,1272.81,0.23519016571341758
12,1277.19,0.23464943107541122
12,1281.56,0.23379069510831196
12,1285.94,0.23261516157577392
12,1290.3100000000002,0.23110427692340416
12,1294.6899999999998,0.22917426586102424
12,1299.0600000000002,0.22676531342917217
12,1303.4399999999998,0.22386505982975363
12,1307.81,0.2204417354960158
12,1312.19,0.21642165133107574
12,1316.56,0.21183478680810477
12,1320.94,0.20701147044233612
12,1325.31,0.20220418096162582
12,1329.69,0.19690928404432756
12,1334.06,0.19076879847427547
12,1338.44,0.1854970122358413
12,1342.81,0.18193961797216474
12,1347.19,0.17949110467774596
12,1500.31,0.06841959000133253
12,1504.69,0.07035761601713657
12,1509.0600000000002,0.07239347380764136
12,1513.4399999999998,0.07444591537601386
12,1517.8100000000002,0.07658805970532132
12,1522.1899999999998,0.07873514137611895
12,1526.56,0.08086867887152895
12,1530.94,0.0830343811988228
12,1535.31,0.08519679480279117
12,1539.69,0.08735429899568879
12,1544.06,0.08952107995653893
12,1548.44,0.09165864329227245
12,1552.81,0.09374528185843246
12,1557.19,0.09579588971149842
12,1561.56,0.09777364059291005
12,1565.94,0.09969120143987661
12,1570.3100000000002,0.1016380075626004
12,1574.6899999999998,0.1036007484323508
12,1579.06,0.10548520734533667
12,1583.44,0.10729492282088283
12,1587.81,0.10907744446558723
12,1592.19,0.11082965734676761
12,1596.56,0.1125179845649624
12,1600.94,0.11417360316751667
12,1605.31,0.11579591304185545
12,1609.69,0.1173530235568584
12,1614.06,0.11882184380607913
12,1618.44,0.12017843675548451
12,1622.8100000000002,0.121453046200872
12,1627.1899999999998,0.12264951064931172
12,1631.56,0.12373958690104539
12,1635.94,0.12471765194273714
12,1640.31,0.1255953319911951
12,1644.69,0.12635054300544937
12,1649.06,0.12693798660793207
12,1653.44,0.12734845536847297
12,1657.81,0.1276067394122362
12,1662.19,0.1277600443378641
12,1666.56,0.12784546374905456
12,1670.94,0.12784358151585956
12,1675.3100000000002,0.12768629134935533
12,1679.6899999999998,0.12732487215513524
12,1684.06,0.1267702545443282
12,1688.44,0.12605564065221453
12,1692.81,0.12519031683719764
12,1697.19,0.12418052999956125
12,1701.56,0.12306099358856704
12,1705.94,0.12187719377442895
12,1710.31,0.12066960297773671
12,1714.69,0.11951775457235607
12,1719.06,0.11846036615651423
12,1723.44,0.11745902925556632
12,1727.8100000000002,0.1165235778112289
12,1732.1899999999998,0.11563381290488885
12,1736.5600000000002,0.11464930274150137
12,1740.9399999999998,0.11349146187883605
12,1745.31,0.11215319259459534
12,1749.69,0.11069364059757937
12,1754.06,0.10924039919075237
12,1758.44,0.10786006496826148
12,1762.81,0.10662054875716907
12,1767.19,0.10553204273115513
12,1771.56,0.10465512454157953
12,1775.94,0.10396229390248748
12,1780.31,0.10338083015103715
12,1784.69,0.1029369574392145
12,1789.0600000000002,0.10265537866590592
12,1999.06,0.03694578581661653
12,2003.4399999999998,0.03773012892048632
12,2007.8100000000002,0.03876074947071236
12,2012.1899999999998,0.039711223592354544
12,2016.5600000000002,0.04083965862513923
12,2020.94,0.04180075576743797
12,2025.3100000000002,0.04247181011545001
12,2029.69,0.04307046875843036
12,2034.0600000000002,0.04364525354374586
12,2038.44,0.04419751761590937
12,2042.8099999999997,0.044748440850710204
12,2047.19,0.04528785268443044
12,2051.56,0.04587422746448136
12,2055.94,0.04655999529863584
12,2060.31,0.04723979947975291
12,2064.69,0.04791101396547266
12,2069.06,0.04862188808312637
12,2073.44,0.04931586484178008
12,2077.81,0.04996604557239285
12,2082.19,0.05061136962135329
12,2086.56,0.05128430402441468
12,2090.9399999999996,0.051960197090212754
12,2095.31,0.05262146972833865
12,2099.69,0.05329768186573975
12,2104.06,0.05398173912999743
12,2108.44,0.054639889770600684
12,2112.81,0.05528710942023422
12,2117.19,0.055939656243640654
12,2121.56,0.056594777861735765
12,2125.94,0.05722202231926383
12,2130.31,0.0577964737488121
12,2134.69,0.05833332801571371
12,2139.0600000000004,0.05885646290963208
12,2143.44,0.05935981371519773
12,2147.8100000000004,0.05985341140406497
12,2152.19,0.06035972167622765
12,2156.56,0.06084486541058839
12,2160.94,0.061286833495509806
12,2165.31,0.06171133551361765
12,2169.69,0.06211573252408274
12,2174.06,0.06249780635917214
12,2178.44,0.06287078393432989
12,2182.81,0.06324609496891051
12,2187.19,0.06360933342139279
12,2191.56,0.0639126518025362
12,2195.9399999999996,0.06416552293318466
12,2200.31,0.0644060718520115
12,2204.6899999999996,0.06463577532099883
12,2209.06,0.06482334521139045
12,2213.44,0.06493441706186068
12,2217.81,0.06496586305875213
12,2222.19,0.06491008054309555
12,2226.56,0.06470962609997549
12,2230.94,0.06430505123138087
12,2235.31,0.06369830152366097
12,2239.69,0.06294342829515641
12,2244.06,0.062087585248201745
12,2248.44,0.061157654380197754
12,2252.8100000000004,0.06017878685058278
12,2257.19,0.05916256376773373
12,2261.56,0.058135725498412866
12,2265.94,0.05714348234790441
12,2270.31,0.05621278676483711
12,2274.69,0.05533446913851329
12,2279.06,0.05448101537353607
12,2283.44,0.053631542139063154
12,2287.81,0.0527765772588696
12,2292.19,0.051887681162973036
12,2296.56,0.05096790148745258
12,2300.94,0.050106284306457374
12,2305.31,0.04938155438622702
12,2309.6899999999996,0.04881764243598004
12,2314.06,0.04836646206355268
12,2318.44,0.047923610416743916
12,2322.81,0.0474325932817725
12,2327.19,0.04690800105494265
12,2331.56,0.04635793307112055
12,2335.94,0.0457940524691271
12,2340.31,0.04524026818692253
12,2344.69,0.044753078991250875
12,2349.06,0.04436139086917049
12,2353.44,0.04402486558491755
12,2357.8100000000004,0.043745891961740925
12,2362.19,0.04350215575982842
12,2366.5600000000004,0.04323373252988865
12,2370.94,0.042898433308179156
12,2375.31,0.0425435880391684
12,2379.69,0.04217136032042162
12,2384.06,0.04169005086779209
12,2388.44,0.04113441211127104
12,2392.81,0.04061684045382181
12,2397.19,0.04014516773528837
12,2401.56,0.03968863935655923
12,2405.94,0.03919564400064234
12,2410.31,0.038668618376036884
12,2414.6899999999996,0.038053747540545114
12,2419.06,0.03729764930459284
12,2423.4399999999996,0.036716530263273074
12,2427.81,0.036302691621969974
12,2432.19,0.03584405012026893
12,2436.56,0.03521062355910896
12,2440.94,0.03466978999187336
12,2445.31,0.034153070660691655
12,2449.69,0.03320165840486727
12,2454.06,0.03240820966813409
12,2458.44,0.032141578552765594
12,2462.81,0.03186297731705759
12,2467.19,0.03145286844482568
12,2471.5600000000004,0.03084827532743124
15,402.188,0.01809128563482113
15,406.56199999999995,0.018203564518149033
15,410.93800000000005,0.0183943688683192
15,415.313,0.018653521616394324
15,419.68699999999995,0.018951763815638196
15,424.06300000000005,0.019264286703136436
15,428.438,0.019576117690143446
15,432.813,0.019865572719347455
15,437.18800000000005,0.020111538384061035
15,441.563,0.02032994754286003
15,445.938,0.020544228709745985
15,450.31300000000005,0.020754950804269055
15,454.688,0.02094896404549736
15,459.063,0.02111305455391846
15,463.438,0.021239176232475447
15,467.813,0.02133452042185213
15,472.187,0.0214156268232536
15,476.562,0.02149705613022679
15,480.938,0.02159864868709788
15,485.313,0.021760655455198227
15,489.688,0.022029932906512853
15,494.063,0.022450326424494318
15,498.438,0.023107189902765935
15,502.812,0.024117815737623532
15,507.188,0.02555802087032175
15,511.563,0.027500280008608456
15,515.937,0.030031576669810683
15,520.313,0.032973684127031666
15,524.687,0.03589790280434816
15,529.062,0.03854183064174045
15,533.438,0.04073710991421853
15,537.813,0.042442652452511415
15,542.188,0.04375803146932782
15,546.563,0.04476856766227039
15,550.938,0.04545655099495506
15,555.312,0.045713150301289564
15,559.688,0.04543818690480409
15,564.063,0.04464129557119612
15,568.438,0.0434225935856638
15,572.813,0.041968885338998355
15,577.187,0.04056115526353802
15,581.562,0.03939374026229419
15,585.938,0.0384910745484061
15,590.313,0.037814553749829435
15,594.688,0.03734584466762186
15,599.063,0.03698196042583457
15,603.438,0.036530248013194676
15,607.812,0.03586601376816993
15,612.188,0.03502389090335439
15,616.563,0.03417360039801039
15,620.937,0.033505697799756456
15,625.312,0.033087563195452606
15,629.687,0.03281153620198054
15,634.063,0.0324394008413829
15,638.437,0.03175701293072433
15,642.813,0.030753138455543387
15,647.188,0.029620592458570946
15,651.563,0.02857184551796999
15,655.938,0.027611736386419703
15,660.313,0.02664307798012396
15,664.687,0.025729751880241576
15,669.063,0.025050704177442883
15,673.438,0.024765387199471068
15,677.813,0.025010915369146583
15,682.187,0.02610830710450945
15,686.562,0.028865895921502804
15,690.937,0.03435912270217901
15,695.312,0.04289239803492827
15,699.688,0.05395103698884594
15,704.063,0.06658693016280558
15,708.438,0.07939890120873513
15,712.813,0.09174609126278652
15,717.187,0.10447159510986789
15,721.563,0.11786557750537072
15,725.938,0.13022590956470428
15,730.313,0.1404687819493451
15,734.687,0.14830115988321238
15,739.063,0.15416402852319902
15,743.437,0.1586152477127025
15,747.812,0.16192448998906628
15,752.188,0.16430632470481676
15,756.563,0.16608872823472418
15,760.938,0.1677931650203699
15,765.313,0.16937824731519652
15,769.688,0.1703647303792525
15,774.063,0.17104685905299116
15,778.438,0.1716566869227885
15,782.813,0.17221326383080965
15,787.188,0.1727320361528409
15,791.563,0.17322878728787494
15,795.937,0.17370248562647336
15,800.312,0.174153328344526
15,804.688,0.17457901980856982
15,809.063,0.17499176818358594
15,813.438,0.17542608586831368
15,817.813,0.17587069766917848
15,822.188,0.17624581496475447
15,826.5630000000001,0.1765347062396536
15,830.937,0.17678150732852363
15,835.313,0.17702620799627003
15,839.688,0.17729324820150236
15,844.063,0.1775850074794367
15,848.437,0.1778959241648626
15,852.812,0.17822181993972708
15,857.187,0.1785413615697537
15,861.563,0.17883786783009753
15,865.938,0.17912418056138865
15,870.313,0.17940398927297743
15,874.687,0.1796707303234839
15,879.063,0.17992579621243943
15,883.437,0.18016266413535045
15,887.813,0.18037748258477354
15,892.188,0.1805876513906235
15,896.562,0.18081318658673046
15,900.938,0.18102523236822735
15,905.312,0.18118086480983855
15,909.6880000000001,0.18129609976938804
15,914.062,0.1813596123342027
15,918.438,0.18133775594561202
15,922.813,0.18125312851744285
15,927.188,0.18113108893479482
15,931.563,0.1808910243813701
15,935.937,0.18024320152128515
15,940.312,0.17925878265203776
15,944.688,0.17812557605932894
15,949.063,0.17658437742576305
15,953.438,0.1747901681332425
15,957.812,0.1731421221329719
15,962.187,0.17198504476202933
15,966.562,0.17137012700338833
15,970.938,0.171134701314785
15,975.313,0.17115210497827651
15,979.688,0.17138822703222195
15,984.063,0.17182183867049802
15,988.438,0.17244348137636395
15,992.812,0.17323501428878352
15,997.188,0.17413770357161903
15,1001.5600000000001,0.17510762908378175
15,1005.94,0.1761410979021286
15,1010.3100000000001,0.1772163593863265
15,1014.69,0.17829769588409247
15,1019.0600000000001,0.1793731916780364
15,1023.4399999999999,0.1804316014123328
15,1027.81,0.18144674091314023
15,1032.19,0.18239994892786476
15,1036.56,0.18328740708394145
15,1040.94,0.18410439426690509
15,1045.31,0.18484929398672637
15,1049.69,0.18552721910016529
15,1054.06,0.18613429090861267
15,1058.44,0.18666709830647935
15,1062.81,0.18712976475892704
15,1067.19,0.18752514443288704
15,1071.5600000000002,0.18784884020290024
15,1075.9399999999998,0.1880950351386533
15,1080.3100000000002,0.18826364059598466
15,1084.6899999999998,0.1883534779145764
15,1089.06,0.18836680886050702
15,1093.44,0.18831439442175193
15,1097.81,0.18820107987048795
15,1102.19,0.18802389907190184
15,1106.56,0.18779637979053318
15,1110.94,0.1875531646038734
15,1115.31,0.18727594156841995
15,1119.69,0.1867480485733418
15,1124.06,0.18530783952475433
15,1128.44,0.18255120838568853
15,1132.8100000000002,0.1791629382895415
15,1137.1899999999998,0.17585798216966353
15,1141.56,0.17262854943578124
15,1145.94,0.16823563463193072
15,1150.31,0.163486540088765
15,1154.69,0.16046314198690148
15,1159.06,0.15882959091828225
15,1163.44,0.15788764800108476
15,1167.81,0.15728825133605265
15,1172.19,0.1568678158059099
15,1176.56,0.15653070218710452
15,1180.94,0.15621213918818858
15,1185.3100000000002,0.15589849259573102
15,1189.6899999999998,0.15564741881485666
15,1194.06,0.15553671053834442
15,1198.44,0.15562296482041607
15,1202.81,0.1559330966149455
15,1207.19,0.15645237737284684
15,1211.56,0.15716898890946823
15,1215.94,0.15805672793186792
15,1220.31,0.15904804357524396
15,1224.69,0.16008550382813544
15,1229.06,0.1611057887960147
15,1233.44,0.1620542603207451
15,1237.8100000000002,0.1629187666907507
15,1242.1899999999998,0.1637089089249452
15,1246.56,0.16443060452849698
15,1250.94,0.16507321605215955
15,1255.31,0.16562013693190977
15,1259.69,0.16606406987684721
15,1264.06,0.166391053613636
15,1268.44,0.1665528828553572
15,1272.81,0.16651244510695967
15,1277.19,0.16628757644085795
15,1281.56,0.16588980447631402
15,1285.94,0.16531539552729846
15,1290.3100000000002,0.16454850310779545
15,1294.6899999999998,0.16354093660191787
15,1299.0600000000002,0.16225087876056996
15,1303.4399999999998,0.16065863438518074
15,1307.81,0.15873560762151348
15,1312.19,0.15642400043287538
15,1316.56,0.15372505030479847
15,1320.94,0.1508254905465261
15,1325.31,0.14787445231573434
15,1329.69,0.1445528896552643
15,1334.06,0.14063169884968274
15,1338.44,0.13722078138903196
15,1342.81,0.13489616015574618
15,1347.19,0.1332881146826235
15,1500.31,0.053702960640987056
15,1504.69,0.05518081927196716
15,1509.0600000000002,0.056720607966944406
15,1513.4399999999998,0.05825752408309341
15,1517.8100000000002,0.05984656118956985
15,1522.1899999999998,0.06142469545875015
15,1526.56,0.06297638025084124
15,1530.94,0.06453565594362001
15,1535.31,0.06607846838828244
15,1539.69,0.06760432414857807
15,1544.06,0.06912494548906355
15,1548.44,0.07061636503015371
15,1552.81,0.07206517472313252
15,1557.19,0.07348133692709308
15,1561.56,0.07483915787516641
15,1565.94,0.0761490790701085
15,1570.3100000000002,0.07747413922548065
15,1574.6899999999998,0.07880743117531064
15,1579.06,0.0800884035962289
15,1583.44,0.08132319516446396
15,1587.81,0.08254764017154381
15,1592.19,0.08376128929188596
15,1596.56,0.08493971320313393
15,1600.94,0.08610116962455304
15,1605.31,0.08724420644785548
15,1609.69,0.08834633705821587
15,1614.06,0.0893872464947024
15,1618.44,0.09034371370643271
15,1622.8100000000002,0.09123392784570902
15,1627.1899999999998,0.09206354305667384
15,1631.56,0.09281722158380665
15,1635.94,0.09349060373906772
15,1640.31,0.09408285548903174
15,1644.69,0.09456503304280202
15,1649.06,0.09489634833913402
15,1653.44,0.09506894903014983
15,1657.81,0.09510753406663884
15,1662.19,0.09505662662612677
15,1666.56,0.0949579160369874
15,1670.94,0.094816264053093
15,1675.3100000000002,0.09458092185878589
15,1679.6899999999998,0.09419746569005931
15,1684.06,0.0936630925073355
15,1688.44,0.09299858123547074
15,1692.81,0.09220790857068092
15,1697.19,0.09130011573890975
15,1701.56,0.09031417631121619
15,1705.94,0.08929984277847136
15,1710.31,0.08830386561552118
15,1714.69,0.0874039298628218
15,1719.06,0.08663972748770916
15,1723.44,0.08598850302755925
15,1727.8100000000002,0.08545162279231681
15,1732.1899999999998,0.08499840741316489
15,1736.5600000000002,0.08450706206169663
15,1740.9399999999998,0.0838820969106946
15,1745.31,0.08309814135152131
15,1749.69,0.0822099039976818
15,1754.06,0.08132596861949185
15,1758.44,0.08050684681966963
15,1762.81,0.07980059759471618
15,1767.19,0.07921109446787546
15,1771.56,0.07875753933272624
15,1775.94,0.07840973656117767
15,1780.31,0.07811709015550901
15,1784.69,0.07788732193693683
15,1789.0600000000002,0.07774177483958734
15,1999.06,0.02896689749708565
15,2003.4399999999998,0.029605491513647483
15,2007.8100000000002,0.03040355440230365
15,2012.1899999999998,0.031093653787219656
15,2016.5600000000002,0.03191053008900804
15,2020.94,0.03262515448174562
15,2025.3100000000002,0.03311201548102468
15,2029.69,0.03352612004698215
15,2034.0600000000002,0.03391703200180593
15,2038.44,0.034292550967232806
15,2042.8099999999997,0.03466527144873501
15,2047.19,0.035018883736105115
15,2051.56,0.035384599564056374
15,2055.94,0.0358065832513678
15,2060.31,0.03623357390222533
15,2064.69,0.03666634673370293
15,2069.06,0.037135076457172324
15,2073.44,0.03759401602817242
15,2077.81,0.03801620595311757
15,2082.19,0.038427680044576806
15,2086.56,0.038853926621949586
15,2090.9399999999996,0.03928396411159727
15,2095.31,0.0397085863582272
15,2099.69,0.04014449237586208
15,2104.06,0.040585324414747895
15,2108.44,0.041009656981275934
15,2112.81,0.041428125854963666
15,2117.19,0.0418512610108898
15,2121.56,0.042277464622936335
15,2125.94,0.042692946914727165
15,2130.31,0.04308754133415128
15,2134.69,0.04346961199331786
15,2139.0600000000004,0.043854385800835845
15,2143.44,0.04424105905124874
15,2147.8100000000004,0.04463721671585421
15,2152.19,0.045058171106287626
15,2156.56,0.045475794153232774
15,2160.94,0.045869979022061066
15,2165.31,0.04625894313376448
15,2169.69,0.04663368011293352
15,2174.06,0.04698888429265657
15,2178.44,0.047337225879004956
15,2182.81,0.047690056930114494
15,2187.19,0.04804037988843718
15,2191.56,0.048349354784769025
15,2195.9399999999996,0.048621980410404976
15,2200.31,0.04888055287182564
15,2204.6899999999996,0.049112718197983206
15,2209.06,0.04929608446672497
15,2213.44,0.04941210422249156
15,2217.81,0.0494513376960617
15,2222.19,0.049396933421883754
15,2226.56,0.04921362623856626
15,2230.94,0.04887089413288141
15,2235.31,0.04836428375310902
15,2239.69,0.04771512642974138
15,2244.06,0.04695162387892013
15,2248.44,0.04610528683950492
15,2252.8100000000004,0.04521455923717745
15,2257.19,0.04430134695859103
15,2261.56,0.043393688790875504
15,2265.94,0.042527389172056805
15,2270.31,0.04172610673321359
15,2274.69,0.040991144610388934
15,2279.06,0.04030077385457302
15,2283.44,0.03962360060784381
15,2287.81,0.03893790344218003
15,2292.19,0.038223145084317234
15,2296.56,0.037497157439918515
15,2300.94,0.036847622362446035
15,2305.31,0.03634202108261059
15,2309.6899999999996,0.03599368446584063
15,2314.06,0.03575928817508598
15,2318.44,0.03555012782550822
15,2322.81,0.035292299581185425
15,2327.19,0.03496964407449483
15,2331.56,0.034595284336418286
15,2335.94,0.034186805110891554
15,2340.31,0.03376323179167149
15,2344.69,0.03337614861356275
15,2349.06,0.03305936856931559
15,2353.44,0.03278801354755915
15,2357.8100000000004,0.03256692489280304
15,2362.19,0.032374929278575854
15,2366.5600000000004,0.03216013251959712
15,2370.94,0.03189004183858625
15,2375.31,0.03160934180084635
15,2379.69,0.03132949330213172
15,2384.06,0.030990907201324303
15,2388.44,0.030617368315187278
15,2392.81,0.030273413091170643
15,2397.19,0.02995474216931589
15,2401.56,0.029642865852033032
15,2405.94,0.029302146109362468
15,2410.31,0.02892407084651785
15,2414.6899999999996,0.028476707027463497
15,2419.06,0.027950181635228315
15,2423.4399999999996,0.027552603228701258
15,2427.81,0.027255246959343983
15,2432.19,0.02691105844427836
15,2436.56,0.026431998121045876
15,2440.94,0.02601074134197709
15,2445.31,0.025586535516314273
15,2449.69,0.02485049591079918
15,2454.06,0.024301978764877965
15,2458.44,0.02411948482643265
15,2462.81,0.023881350952228406
15,2467.19,0.02352515066283069
15,2471.5600000000004,0.023042808976390623
17,402.188,0.015916116582695938
17,406.56199999999995,0.016002138113849065
17,410.93800000000005,0.016177955601362
17,415.313,0.016450684169290127
17,419.68699999999995,0.016800514854057612
17,424.06300000000005,0.01721103004965318
17,428.438,0.01768123515688583
17,432.813,0.01818402768024625
17,437.18800000000005,0.018667336985094117
17,441.563,0.01913358374396536
17,445.938,0.01959576546717944
17,450.31300000000005,0.02003656392324827
17,454.688,0.020433740754375124
17,459.063,0.020771305224411715
17,463.438,0.021039749026372363
17,467.813,0.021253528223415658
17,472.187,0.02143968370792191
17,476.562,0.021616894078408003
17,480.938,0.021811239489873156
17,485.313,0.022085690466905436
17,489.688,0.02251609036646378
17,494.063,0.023165757496157187
17,498.438,0.02415436951980432
17,502.812,0.025639917464129636
17,507.188,0.027707236802365004
17,511.563,0.03045186205364139
17,515.937,0.03402573543186993
17,520.313,0.03822137899497576
17,524.687,0.042463251686647954
17,529.062,0.046379089043241596
17,533.438,0.049697280377279246
17,537.813,0.05231458909060196
17,542.188,0.054336026336655074
17,546.563,0.055859315943712094
17,550.938,0.05684776925802855
17,555.312,0.05714653689332207
17,559.688,0.056631287031144124
17,564.063,0.05534794009743182
17,568.438,0.053455062733023986
17,572.813,0.051220635263852475
17,577.187,0.04906599904240589
17,581.562,0.047299216252800445
17,585.938,0.045964418313190744
17,590.313,0.04497835483978733
17,594.688,0.04426950463791443
17,599.063,0.04368159823352545
17,603.438,0.042961981795063144
17,607.812,0.041952869513235694
17,612.188,0.040712874945512366
17,616.563,0.03948137849502013
17,620.937,0.03852161011765807
17,625.312,0.03792696931470425
17,629.687,0.03755521284173812
17,634.063,0.037101045286943406
17,638.437,0.03629318401590079
17,642.813,0.035094553000489755
17,647.188,0.033697162116505065
17,651.563,0.03232866430815423
17,655.938,0.0310043299436262
17,660.313,0.02964659241662556
17,664.687,0.02838204020698038
17,669.063,0.02745630533075591
17,673.438,0.027069556274255727
17,677.813,0.02738508232374446
17,682.187,0.02878607359911434
17,686.562,0.03224770128146627
17,690.937,0.03909572101356756
17,695.312,0.04984274925261359
17,699.688,0.06415589976451354
17,704.063,0.08113368313688891
17,708.438,0.09908715626119904
17,712.813,0.1172112189068087
17,717.187,0.13687859560589316
17,721.563,0.1587115575646893
17,725.938,0.18007874825879067
17,730.313,0.19891113039091482
17,734.687,0.2140930388600351
17,739.063,0.22590786231955934
17,743.437,0.23507747563187345
17,747.812,0.24193081845765055
17,752.188,0.24680254519341688
17,756.563,0.25033851739397467
17,760.938,0.25358858477382845
17,765.313,0.25653286742399123
17,769.688,0.2582930153891332
17,774.063,0.2594124338225352
17,778.438,0.26033449550406407
17,782.813,0.26112042909884553
17,787.188,0.2618189443257189
17,791.563,0.26247327906984436
17,795.937,0.2630927229081896
17,800.312,0.26368103977211316
17,804.688,0.2642348607922624
17,809.063,0.2647706060782997
17,813.438,0.2653357432052261
17,817.813,0.26591373151578807
17,822.188,0.26638681259152114
17,826.5630000000001,0.2667250985788759
17,830.937,0.26700071205206466
17,835.313,0.2672924009645638
17,839.688,0.26764616220735465
17,844.063,0.2680589241884675
17,848.437,0.26851261698188433
17,852.812,0.26899606807879717
17,857.187,0.26947501096968113
17,861.563,0.2699207916326827
17,865.938,0.2703474742565781
17,870.313,0.2707531843199509
17,874.687,0.27112254966869415
17,879.063,0.2714631389092069
17,883.437,0.2717770579298852
17,887.813,0.27206376748997557
17,892.188,0.2723444892824824
17,896.562,0.272646237367269
17,900.938,0.27293156724362794
17,905.312,0.2731320703398148
17,909.6880000000001,0.27325390731766813
17,914.062,0.273262079756729
17,918.438,0.2730960356480754
17,922.813,0.27279412127986413
17,927.188,0.27238414763202307
17,931.563,0.2716392446918731
17,935.937,0.26985965775327525
17,940.312,0.2673886531202163
17,944.688,0.26474177286769396
17,949.063,0.26128489049216325
17,953.438,0.2573885384512352
17,957.812,0.25393972275520454
17,962.187,0.2516388756558092
17,966.562,0.25049881382532213
17,970.938,0.2500964877139573
17,975.313,0.2501592056545232
17,979.688,0.2506567933213971
17,984.063,0.25160435896275524
17,988.438,0.25303983097411215
17,992.812,0.2548594475103151
17,997.188,0.2567689518764259
17,1001.5600000000001,0.25865620876236367
17,1005.94,0.26061908549088114
17,1010.3100000000001,0.2626815293007528
17,1014.69,0.26477968516310146
17,1019.0600000000001,0.26687537380059895
17,1023.4399999999999,0.2689420227570144
17,1027.81,0.27093245564128443
17,1032.19,0.27281214015485217
17,1036.56,0.27457360956428967
17,1040.94,0.27620329312485364
17,1045.31,0.27768618259656597
17,1049.69,0.2790183267160079
17,1054.06,0.28018131601127055
17,1058.44,0.28116178486658444
17,1062.81,0.28196800749768297
17,1067.19,0.28261574053308836
17,1071.5600000000002,0.2831077911113905
17,1075.9399999999998,0.2834329750453095
17,1080.3100000000002,0.28358584648343416
17,1084.6899999999998,0.28356453632598005
17,1089.06,0.2833811204927166
17,1093.44,0.283062276550619
17,1097.81,0.2826151746850181
17,1102.19,0.28203987312267237
17,1106.56,0.2813870681937129
17,1110.94,0.28074649494052156
17,1115.31,0.280075940619151
17,1119.69,0.27893552840816854
17,1124.06,0.27604957168950284
17,1128.44,0.2706637456005908
17,1132.8100000000002,0.26410703769062166
17,1137.1899999999998,0.25774910293362263
17,1141.56,0.2516103942504847
17,1145.94,0.2434486847406734
17,1150.31,0.23486154613302554
17,1154.69,0.2296018448565784
17,1159.06,0.22691005895331826
17,1163.44,0.22547314811016625
17,1167.81,0.2246597692008739
17,1172.19,0.2241749287252893
17,1176.56,0.22385112192764647
17,1180.94,0.22357260279687935
17,1185.3100000000002,0.2232999428526415
17,1189.6899999999998,0.2231033396458247
17,1194.06,0.22309617224394288
17,1198.44,0.2233714831399299
17,1202.81,0.22395174711626276
17,1207.19,0.22477535666145282
17,1211.56,0.22580993690271217
17,1215.94,0.22703123559235514
17,1220.31,0.22837046347051512
17,1224.69,0.2297757241003287
17,1229.06,0.23118485192236346
17,1233.44,0.23253094230732985
17,1237.8100000000002,0.23378896620158085
17,1242.1899999999998,0.2349670384643218
17,1246.56,0.2360690190207437
17,1250.94,0.23706504439037865
17,1255.31,0.2379156813019313
17,1259.69,0.23860525903864413
17,1264.06,0.2391034136429487
17,1268.44,0.23931122350890682
17,1272.81,0.2391545227981728
17,1277.19,0.23866448079488653
17,1281.56,0.2378634088062933
17,1285.94,0.23675481672417156
17,1290.3100000000002,0.23531885272545827
17,1294.6899999999998,0.23347209461793675
17,1299.0600000000002,0.2311548874519728
17,1303.4399999999998,0.22835441758984903
17,1307.81,0.2250398290527447
17,1312.19,0.22113922205913183
17,1316.56,0.21668176629849442
17,1320.94,0.21199213359905222
17,1325.31,0.20731954485004578
17,1329.69,0.20217269178938346
17,1334.06,0.19619330705951601
17,1338.44,0.19104197976406834
17,1342.81,0.18754972177195522
17,1347.19,0.18513493972248063
17,1500.31,0.0763950602778134
17,1504.69,0.07835083211640201
17,1509.0600000000002,0.08040501026797822
17,1513.4399999999998,0.08247650533570652
17,1517.8100000000002,0.08463734725656008
17,1522.1899999999998,0.08680082294301765
17,1526.56,0.08894901010639196
17,1530.94,0.09112756478132068
17,1535.31,0.09330006459658496
17,1539.69,0.09546596683877902
17,1544.06,0.09764051251744277
17,1548.44,0.09978473674901432
17,1552.81,0.10187634705535631
17,1557.19,0.10393092350544718
17,1561.56,0.10591286532364774
17,1565.94,0.10783660446975886
17,1570.3100000000002,0.1097919962156188
17,1574.6899999999998,0.11176261419444826
17,1579.06,0.11365191260102107
17,1583.44,0.11546519797871556
17,1587.81,0.11725195769915148
17,1592.19,0.11900967168016444
17,1596.56,0.12070588335140425
17,1600.94,0.12237246288621953
17,1605.31,0.12400634747319844
17,1609.69,0.1255719941944694
17,1614.06,0.12704596013549047
17,1618.44,0.12840768592626395
17,1622.8100000000002,0.12968987260409995
17,1627.1899999999998,0.13089540808899305
17,1631.56,0.13199480895648857
17,1635.94,0.13298277793967395
17,1640.31,0.13387145081721116
17,1644.69,0.1346379733472791
17,1649.06,0.1352355727365168
17,1653.44,0.13565442597309324
17,1657.81,0.13591972672097813
17,1662.19,0.13607951147699066
17,1666.56,0.13617180849328592
17,1670.94,0.13617749123087353
17,1675.3100000000002,0.13602856076261324
17,1679.6899999999998,0.13567773545034836
17,1684.06,0.13513812570662817
17,1688.44,0.1344439489120439
17,1692.81,0.1336039083928745
17,1697.19,0.13262161416877113
17,1701.56,0.13152852477528915
17,1705.94,0.13036754101025547
17,1710.31,0.12917750540231068
17,1714.69,0.12803711446146787
17,1719.06,0.12698604487264709
17,1723.44,0.12598832700730364
17,1727.8100000000002,0.1250574361946746
17,1732.1899999999998,0.12417761209942842
17,1736.5600000000002,0.12321156357167416
17,1740.9399999999998,0.12207957077695951
17,1745.31,0.1207692400814343
17,1749.69,0.11933517126924656
17,1754.06,0.11790282521103938
17,1758.44,0.11654096618148865
17,1762.81,0.1153199286910664
17,1767.19,0.11425085949636474
17,1771.56,0.11339374718675582
17,1775.94,0.11271993934943429
17,1780.31,0.11215340503039954
17,1784.69,0.11171830446003639
17,1789.0600000000002,0.11144018691077073
17,1999.06,0.044086660467915116
17,2003.4399999999998,0.04492442355351854
17,2007.8100000000002,0.04608160109928159
17,2012.1899999999998,0.04719895710232227
17,2016.5600000000002,0.048513407092333594
17,2020.94,0.04959767376935235
17,2025.3100000000002,0.050344411706678506
17,2029.69,0.05100905146973271
17,2034.0600000000002,0.051637301445424534
17,2038.44,0.05222502754357903
17,2042.8099999999997,0.05279882141939194
17,2047.19,0.053361202077550615
17,2051.56,0.05398405633287346
17,2055.94,0.0547185527523741
17,2060.31,0.05544305930105994
17,2064.69,0.056149451148770776
17,2069.06,0.05688513737279284
17,2073.44,0.05759745953296052
17,2077.81,0.058270038333716016
17,2082.19,0.05894761193944401
17,2086.56,0.059659741062047654
17,2090.9399999999996,0.06036984951211499
17,2095.31,0.061054669242082124
17,2099.69,0.06175252032873
17,2104.06,0.06246230512580337
17,2108.44,0.06314753178897327
17,2112.81,0.06382182608706582
17,2117.19,0.06450315243324514
17,2121.56,0.06518883201136365
17,2125.94,0.06583728099071108
17,2130.31,0.06641534191163218
17,2134.69,0.0669477791057555
17,2139.0600000000004,0.06746565867160113
17,2143.44,0.06795896426639847
17,2147.8100000000004,0.06843720427351568
17,2152.19,0.06892528024359613
17,2156.56,0.06938928781825916
17,2160.94,0.06980761869612112
17,2165.31,0.07020578118005277
17,2169.69,0.07058406952655973
17,2174.06,0.07094170194516727
17,2178.44,0.0712910420043835
17,2182.81,0.0716431676122066
17,2187.19,0.07197788973142571
17,2191.56,0.07224486737849135
17,2195.9399999999996,0.0724598995869277
17,2200.31,0.07267419756498737
17,2204.6899999999996,0.07290116703530071
17,2209.06,0.07310106533598731
17,2213.44,0.07322579707490433
17,2217.81,0.07327769897466009
17,2222.19,0.07325418189304275
17,2226.56,0.07307504759330317
17,2230.94,0.0726514732317828
17,2235.31,0.07198823071678166
17,2239.69,0.07116566429082738
17,2244.06,0.07024640377215736
17,2248.44,0.06925549910103773
17,2252.8100000000004,0.0682125936423878
17,2257.19,0.06712604856861519
17,2261.56,0.06602386086742178
17,2265.94,0.0649594480347092
17,2270.31,0.06396505194800142
17,2274.69,0.06302471438231615
17,2279.06,0.06210656198850227
17,2283.44,0.06119675406120658
17,2287.81,0.06029122607090796
17,2292.19,0.05935267440402051
17,2296.56,0.05837430634632109
17,2300.94,0.05744820529221063
17,2305.31,0.056664917009304275
17,2309.6899999999996,0.05605371274823141
17,2314.06,0.05555948300493208
17,2318.44,0.05507120632944475
17,2322.81,0.054537394382205576
17,2327.19,0.05397274024159988
17,2331.56,0.05338105498249637
17,2335.94,0.052786592500788036
17,2340.31,0.052232915987304195
17,2344.69,0.05177932433967125
17,2349.06,0.05145124860117797
17,2353.44,0.051207205884868115
17,2357.8100000000004,0.05102340721081169
17,2362.19,0.050858201939602825
17,2366.5600000000004,0.05065680927888637
17,2370.94,0.05038337583534405
17,2375.31,0.05007639348997928
17,2379.69,0.04972364983132501
17,2384.06,0.04922180397243057
17,2388.44,0.04861291757760583
17,2392.81,0.04803559505255082
17,2397.19,0.04750883143588052
17,2401.56,0.04699362962501119
17,2405.94,0.04643028304603375
17,2410.31,0.04583588087980767
17,2414.6899999999996,0.04514357155146504
17,2419.06,0.044270803646070875
17,2423.4399999999996,0.04359123484251279
17,2427.81,0.04311106204050449
17,2432.19,0.04258007519318456
17,2436.56,0.04184102615677044
17,2440.94,0.041217814740910554
17,2445.31,0.0406413419873258
17,2449.69,0.03952971324272197
17,2454.06,0.0385254239887206
17,2458.44,0.03817889556516873
17,2462.81,0.037861963690502355
17,2467.19,0.037401568174261914
17,2471.5600000000004,0.03671669398234962
20,402.188,0.012852388879333555
20,406.56199999999995,0.012999906147545022
20,410.93800000000005,0.013241871628738668
20,415.313,0.013559429667135234
20,419.68699999999995,0.013914525767486198
20,424.06300000000005,0.014280327450474535
20,428.438,0.014644384041735608
20,432.813,0.014984982397444115
20,437.18800000000005,0.015277469966033819
20,441.563,0.015539284112930254
20,445.938,0.015792284598081113
20,450.31300000000005,0.016034798851628274
20,454.688,0.016254424239322822
20,459.063,0.016437923110358736
20,463.438,0.016577639099813697
20,467.813,0.01668389104748851
20,472.187,0.016776196428292818
20,476.562,0.016868587183326685
20,480.938,0.016978019950449157
20,485.313,0.01714324132810147
20,489.688,0.017411748840242866
20,494.063,0.017827468193845362
20,498.438,0.01847427955012104
20,502.812,0.01946493501408535
20,507.188,0.0208665192423986
20,511.563,0.02274600506517674
20,515.937,0.025190690867814648
20,520.313,0.0280258074372095
20,524.687,0.03082583923109085
20,529.062,0.03332593985786706
20,533.438,0.03536095082672654
20,537.813,0.0368977447210945
20,542.188,0.03804495464643478
20,546.563,0.038900611056779034
20,550.938,0.0394554030568612
20,555.312,0.03960000775663685
20,559.688,0.03923343973101561
20,564.063,0.03837060344519104
20,568.438,0.037115399513860045
20,572.813,0.03564932524672421
20,577.187,0.03424265133095229
20,581.562,0.03308375402309459
20,585.938,0.03219768078911023
20,590.313,0.03153811063815036
20,594.688,0.031069503960042568
20,599.063,0.030690658230299678
20,603.438,0.030228911869189086
20,607.812,0.02957304809758283
20,612.188,0.028756315100659745
20,616.563,0.027936507082601775
20,620.937,0.02729076772264959
20,625.312,0.02688107168389935
20,629.687,0.026604661613728313
20,634.063,0.026241640542891284
20,638.437,0.02560180126262168
20,642.813,0.02468109693693567
20,647.188,0.023652889841770778
20,651.563,0.02270193639696171
20,655.938,0.02183072196451593
20,660.313,0.0209557883876529
20,664.687,0.02013775916735061
20,669.063,0.01953708295738941
20,673.438,0.01929306742706255
20,677.813,0.019523034223006143
20,682.187,0.020507461841025455
20,686.562,0.0229670943782717
20,690.937,0.0278928972804579
20,695.312,0.0356437403466794
20,699.688,0.045853388871410036
20,704.063,0.0576956404660959
20,708.438,0.06985344627051548
20,712.813,0.08170066761247277
20,717.187,0.09403814559010061
20,721.563,0.1071436387958455
20,725.938,0.11935069823023223
20,730.313,0.1295631676192302
20,734.687,0.13743547583028765
20,739.063,0.14336792041892746
20,743.437,0.14789971825682413
20,747.812,0.15128181770364185
20,752.188,0.15370790641401252
20,756.563,0.15549589562797572
20,760.938,0.15716038315117167
20,765.313,0.1586781041962578
20,769.688,0.15960368990095092
20,774.063,0.16021764156575194
20,778.438,0.16074088238510234
20,782.813,0.16119690811605894
20,787.188,0.16160754926490578
20,791.563,0.16199410237763592
20,795.937,0.16236000967954733
20,800.312,0.16270646684200663
20,804.688,0.16303173357096576
20,809.063,0.16334616659157117
20,813.438,0.16367557565785518
20,817.813,0.16400732211871322
20,822.188,0.16427740693612894
20,826.5630000000001,0.16447291513819012
20,830.937,0.16463043191178753
20,835.313,0.1647901128511381
20,839.688,0.16497838591830424
20,844.063,0.1651954888026476
20,848.437,0.16543141940370767
20,852.812,0.16567810857703905
20,857.187,0.16591712895146377
20,861.563,0.16613480609031822
20,865.938,0.166339515555126
20,870.313,0.16653498348154014
20,874.687,0.1667181603066401
20,879.063,0.16688873989834543
20,883.437,0.16703951180369192
20,887.813,0.16716878222025838
20,892.188,0.16729321438652633
20,896.562,0.1674243165999342
20,900.938,0.16753528537567272
20,905.312,0.16760068456817973
20,909.6880000000001,0.16763031880115453
20,914.062,0.1676030054961788
20,918.438,0.16749499836446385
20,922.813,0.1673376333331901
20,927.188,0.16715265473285257
20,931.563,0.166839307509043
20,935.937,0.16605813074013767
20,940.312,0.16492115706963967
20,944.688,0.16367287493640678
20,949.063,0.16201513648377006
20,953.438,0.1601069359410592
20,957.812,0.1583613818780717
20,962.187,0.15712437121022482
20,966.562,0.15644643006137993
20,970.938,0.15615834718615842
20,975.313,0.15611967056403003
20,979.688,0.15629312625177816
20,984.063,0.15665528506483123
20,988.438,0.15718005215843672
20,992.812,0.15784853585299297
20,997.188,0.1586264581878953
20,1001.5600000000001,0.159482948475775
20,1005.94,0.16041313675650135
20,1010.3100000000001,0.1613977475347941
20,1014.69,0.16240118614173255
20,1019.0600000000001,0.1634066783520356
20,1023.4399999999999,0.16439858168042473
20,1027.81,0.16534559274696503
20,1032.19,0.16622333932849206
20,1036.56,0.167026211744735
20,1040.94,0.16775159627326067
20,1045.31,0.16840153042200107
20,1049.69,0.16898422971098012
20,1054.06,0.16949787927966278
20,1058.44,0.16994045217682038
20,1062.81,0.170315103110877
20,1067.19,0.17062257709929882
20,1071.5600000000002,0.1708571894799338
20,1075.9399999999998,0.17101319049208769
20,1080.3100000000002,0.17109079826537682
20,1084.6899999999998,0.17108933920280164
20,1089.06,0.17101194379680576
20,1093.44,0.17086874890725184
20,1097.81,0.17066395209892457
20,1102.19,0.17039860947335547
20,1106.56,0.1700931793289988
20,1110.94,0.16978566295846617
20,1115.31,0.1694477951961401
20,1119.69,0.16883628766147943
20,1124.06,0.16726251227786817
20,1128.44,0.164382678134975
20,1132.8100000000002,0.16096556012504154
20,1137.1899999999998,0.1576921316787479
20,1141.56,0.15451986411638963
20,1145.94,0.15022303215685417
20,1150.31,0.14558627289015424
20,1154.69,0.14263729059467212
20,1159.06,0.1410411684248683
20,1163.44,0.14011037986877903
20,1167.81,0.13950135882218825
20,1172.19,0.13905600455332634
20,1176.56,0.1386858102851046
20,1180.94,0.13833218732443334
20,1185.3100000000002,0.13798574089874302
20,1189.6899999999998,0.13770603783004035
20,1194.06,0.137566730578847
20,1198.44,0.13761514672656447
20,1202.81,0.1378727669814921
20,1207.19,0.13832519089981068
20,1211.56,0.13895860145109712
20,1215.94,0.13974455229566946
20,1220.31,0.1406171818812734
20,1224.69,0.14152306934662134
20,1229.06,0.14241003614969022
20,1233.44,0.1432339910636407
20,1237.8100000000002,0.1439841591871468
20,1242.1899999999998,0.1446683505832017
20,1246.56,0.1452914998335351
20,1250.94,0.14584146823710686
20,1255.31,0.14630014663749058
20,1259.69,0.14665957302531926
20,1264.06,0.14690551380063252
20,1268.44,0.14699246078117426
20,1272.81,0.1468895573568663
20,1277.19,0.14661532507626937
20,1281.56,0.146178188810434
20,1285.94,0.1455760334286651
20,1290.3100000000002,0.14479518593856916
20,1294.6899999999998,0.14378827258025859
20,1299.0600000000002,0.14251461270463445
20,1303.4399999999998,0.1409557189576772
20,1307.81,0.13908495069522905
20,1312.19,0.13684963621814997
20,1316.56,0.1342529001143192
20,1320.94,0.1314719539751195
20,1325.31,0.1286473352289389
20,1329.69,0.12547661053755385
20,1334.06,0.12174714678710288
20,1338.44,0.11851713120772345
20,1342.81,0.1163271658258155
20,1347.19,0.11481840262274434
20,1500.31,0.041302664751376617
20,1504.69,0.04261176192936814
20,1509.0600000000002,0.04397625336696113
20,1513.4399999999998,0.045340493973711295
20,1517.8100000000002,0.04675272742573125
20,1522.1899999999998,0.04815643976385057
20,1526.56,0.04953845484456122
20,1530.94,0.05092905184144725
20,1535.31,0.052306663136002705
20,1539.69,0.053671132223666755
20,1544.06,0.05503243304512708
20,1548.44,0.056368258616373616
20,1552.81,0.0576667823197543
20,1557.19,0.05893783918250065
20,1561.56,0.060158255305343133
20,1565.94,0.0613360018531069
20,1570.3100000000002,0.06252718032158221
20,1574.6899999999998,0.06372608500733987
20,1579.06,0.06487824740913468
20,1583.44,0.06598814176296504
20,1587.81,0.06708671193216582
20,1592.19,0.06817315642103312
20,1596.56,0.0692255803479078
20,1600.94,0.070260636103875
20,1605.31,0.07127759178719313
20,1609.69,0.0722575650815989
20,1614.06,0.07318359186238563
20,1618.44,0.0740355808550993
20,1622.8100000000002,0.07482942179320223
20,1627.1899999999998,0.07556961651283226
20,1631.56,0.07624241571477003
20,1635.94,0.07684478644111425
20,1640.31,0.07737806809585941
20,1644.69,0.07781729353674152
20,1649.06,0.07812311130161892
20,1653.44,0.07828374263356408
20,1657.81,0.07831760734830039
20,1662.19,0.07826425365535541
20,1666.56,0.07816317950178997
20,1670.94,0.07802296317587269
20,1675.3100000000002,0.07780500644998244
20,1679.6899999999998,0.07746600216670514
20,1684.06,0.07700363908032128
20,1688.44,0.0764348296771369
20,1692.81,0.07576204469239053
20,1697.19,0.07499000789524779
20,1701.56,0.07414653386803595
20,1705.94,0.07326933011918073
20,1710.31,0.07239726861870735
20,1714.69,0.07159950343641257
20,1719.06,0.07091023993181154
20,1723.44,0.07030444498895373
20,1727.8100000000002,0.06978187920038877
20,1732.1899999999998,0.06932018531990904
20,1736.5600000000002,0.0688194728026786
20,1740.9399999999998,0.06820892672188492
20,1745.31,0.06747247262427926
20,1749.69,0.06665385036028681
20,1754.06,0.06584223048873189
20,1758.44,0.06508495171638917
20,1762.81,0.06442139320860836
20,1767.19,0.06385381102742989
20,1771.56,0.06340570450485947
20,1775.94,0.0630549161076286
20,1780.31,0.06275800676083224
20,1784.69,0.06252642574522467
20,1789.0600000000002,0.06237894517677205
20,1999.06,0.019779368206406387
20,2003.4399999999998,0.02032705379994999
20,2007.8100000000002,0.020993964559011473
20,2012.1899999999998,0.02152960439206434
20,2016.5600000000002,0.02213284987115086
20,2020.94,0.02267069321628476
20,2025.3100000000002,0.023059683862146324
20,2029.69,0.023408229468833388
20,2034.0600000000002,0.023744719534691112
20,2038.44,0.024070097412358254
20,2042.8099999999997,0.024393709923339363
20,2047.19,0.024703378579381825
20,2051.56,0.02502802953919219
20,2055.94,0.025397998449279383
20,2060.31,0.025760435063529707
20,2064.69,0.026119184358994598
20,2069.06,0.026505316173413684
20,2073.44,0.02688876734515368
20,2077.81,0.0272485765946269
20,2082.19,0.027599840769226017
20,2086.56,0.027961432811399674
20,2090.9399999999996,0.02832849404617769
20,2095.31,0.028696052134355245
20,2099.69,0.02907454565063793
20,2104.06,0.02945515959672883
20,2108.44,0.02982087858318948
20,2112.81,0.030182421587263867
20,2117.19,0.030547502303142342
20,2121.56,0.03091379284369831
20,2125.94,0.031273082637014074
20,2130.31,0.031619932873537614
20,2134.69,0.03195779304571338
20,2139.0600000000004,0.03229714108007081
20,2143.44,0.032638864592869375
20,2147.8100000000004,0.03299107283258783
20,2152.19,0.033366675399323906
20,2156.56,0.033741631060023584
20,2160.94,0.03409960716442713
20,2165.31,0.03445680913420663
20,2169.69,0.03480308754136959
20,2174.06,0.035131957542253366
20,2178.44,0.03545396288137264
20,2182.81,0.035778634320219604
20,2187.19,0.036101356664515506
20,2191.56,0.036388858699717676
20,2195.9399999999996,0.03664449611274724
20,2200.31,0.036883108582127795
20,2204.6899999999996,0.03708965872018086
20,2209.06,0.037248508103759716
20,2213.44,0.03734921571429172
20,2217.81,0.03738184075775196
20,2222.19,0.03733011075670452
20,2226.56,0.03717254831382599
20,2230.94,0.03689387563853446
20,2235.31,0.036488509282339786
20,2239.69,0.03596353275094742
20,2244.06,0.035335810506276495
20,2248.44,0.034631691044463245
20,2252.8100000000004,0.03388452114813271
20,2257.19,0.03311340461982671
20,2261.56,0.0323413631910908
20,2265.94,0.03159716847762469
20,2270.31,0.03090189651630608
20,2274.69,0.030263511740345892
20,2279.06,0.02966911201413447
20,2283.44,0.029091050825092158
20,2287.81,0.0285086437070357
20,2292.19,0.027905485136668035
20,2296.56,0.027297507282971558
20,2300.94,0.0267559302050669
20,2305.31,0.026332612220469225
20,2309.6899999999996,0.026037774274073434
20,2314.06,0.025838280017226392
20,2318.44,0.025659591169391992
20,2322.81,0.02543703960715847
20,2327.19,0.02516051313270211
20,2331.56,0.024842742362609697
20,2335.94,0.024491287368020715
20,2340.31,0.02411439355296351
20,2344.69,0.023757583553824017
20,2349.06,0.02345145876571694
20,2353.44,0.023173648485056094
20,2357.8100000000004,0.022938900957968276
20,2362.19,0.022735446503558427
20,2366.5600000000004,0.02251582373005487
20,2370.94,0.022250277229777966
20,2375.31,0.021981195426524856
20,2379.69,0.02172172398116235
20,2384.06,0.021426478772036052
20,2388.44,0.021117904214121148
20,2392.81,0.020839215921780882
20,2397.19,0.020578709070219678
20,2401.56,0.020322498650966022
20,2405.94,0.02004106792314074
20,2410.31,0.019722216941457045
20,2414.6899999999996,0.019348240100051813
20,2419.06,0.018936447049094685
20,2423.4399999999996,0.01864210090693888
20,2427.81,0.018417727530165618
20,2432.19,0.01814931738197084
20,2436.56,0.017771122744066892
20,2440.94,0.017427321621332644
20,2445.31,0.017063619725433687
20,2449.69,0.01645631733216731
20,2454.06,0.016051440141237508
20,2458.44,0.015926923810461617
20,2462.81,0.015724037815712275
20,2467.19,0.015406695119165065
20,2471.5600000000004,0.014984813463828729
22,402.188,0.01465540965943808
22,406.56199999999995,0.014762209642764416
22,410.93800000000005,0.014945262614568326
22,415.313,0.015194637487117961
22,419.68699999999995,0.015479365076645235
22,424.06300000000005,0.015774794291993525
22,428.438,0.016070314958782264
22,432.813,0.01634885577239094
22,437.18800000000005,0.0165908648272944
22,441.563,0.016812124920468303
22,445.938,0.017032641321125704
22,450.31300000000005,0.017248691153947258
22,454.688,0.01744408872925978
22,459.063,0.01760345287402667
22,463.438,0.017719636812437125
22,467.813,0.017803254676118648
22,472.187,0.017873432666793004
22,476.562,0.017945344399659637
22,480.938,0.018037714779057072
22,485.313,0.01819015888522375
22,489.688,0.018451392620931394
22,494.063,0.01886695335661615
22,498.438,0.01952108479155516
22,502.812,0.02052651168969376
22,507.188,0.021950838174409622
22,511.563,0.02385921616419811
22,515.937,0.02633574900573393
22,520.313,0.029204719668116275
22,524.687,0.032043412784402515
22,529.062,0.03459188149725086
22,533.438,0.03668579866184767
22,537.813,0.03828782061936854
22,542.188,0.03949933308179171
22,546.563,0.040410322832130315
22,550.938,0.0410069358973958
22,555.312,0.041180097261416616
22,559.688,0.04083116830182796
22,564.063,0.039977332238000624
22,568.438,0.03872324919767376
22,572.813,0.03725045934493903
22,577.187,0.03583075225470832
22,581.562,0.034653560317281104
22,585.938,0.03374279148079069
22,590.313,0.0330550054160967
22,594.688,0.03256403456418995
22,599.063,0.032170507819448704
22,603.438,0.03169388898429274
22,607.812,0.031017696732665658
22,612.188,0.030175390561591433
22,616.563,0.029328080769973734
22,620.937,0.028657205258212522
22,625.312,0.028227222957695353
22,629.687,0.02793486456226691
22,634.063,0.02755350561149043
22,638.437,0.026880950111352785
22,642.813,0.025906750331689706
22,647.188,0.02481055844586154
22,651.563,0.023790650604798944
22,655.938,0.022850852235499403
22,660.313,0.02189837974700188
22,664.687,0.02099540470531457
22,669.063,0.020316361683650575
22,673.438,0.0200164241980439
22,677.813,0.020225997099514115
22,682.187,0.02124467492776556
22,686.562,0.02382204538865102
22,690.937,0.02895289972574069
22,695.312,0.03692982634791774
22,699.688,0.04730866634403046
22,704.063,0.05924084632645788
22,708.438,0.07143336450313867
22,712.813,0.08330534617302632
22,717.187,0.09571475165277678
22,721.563,0.10900145659035133
22,725.938,0.12152179544335667
22,730.313,0.13214619429724425
22,734.687,0.140455043193115
22,739.063,0.1467976753112752
22,743.437,0.15168887903347184
22,747.812,0.1553620841302186
22,752.188,0.1580070955682394
22,756.563,0.15995978074816525
22,760.938,0.1617806928734082
22,765.313,0.16344831946820737
22,769.688,0.1644682469922158
22,774.063,0.1651400130697902
22,778.438,0.165704541045024
22,782.813,0.16618900281724663
22,787.188,0.16661992972758163
22,791.563,0.1670234533070713
22,795.937,0.16740411129936902
22,800.312,0.16776327730358306
22,804.688,0.1680996953004761
22,809.063,0.1684237620099765
22,813.438,0.1687621802467107
22,817.813,0.16910286801514118
22,822.188,0.16937986131235566
22,826.5630000000001,0.1695788422836794
22,830.937,0.16973835775120313
22,835.313,0.169901586956583
22,839.688,0.1700959879630211
22,844.063,0.17032048273161893
22,848.437,0.17056403123461544
22,852.812,0.17081858216253162
22,857.187,0.17106554198043078
22,861.563,0.17129105365415445
22,865.938,0.17150356386188656
22,870.313,0.17170552401552416
22,874.687,0.17189274030875956
22,879.063,0.17206577075093107
22,883.437,0.17221913413138312
22,887.813,0.17235181404243335
22,892.188,0.17248010083732504
22,896.562,0.1726157614198738
22,900.938,0.17273111923319118
22,905.312,0.17279906559204103
22,909.6880000000001,0.17282858817535643
22,914.062,0.17279665378339765
22,918.438,0.1726788437586216
22,922.813,0.17250801627075313
22,927.188,0.1723044670493237
22,931.563,0.17195424562004064
22,935.937,0.1710815630625745
22,940.312,0.1698190318824693
22,944.688,0.16844239157146954
22,949.063,0.1666251665375571
22,953.438,0.16454558808804615
22,957.812,0.16265643224121723
22,962.187,0.16133099209750246
22,966.562,0.16061522479436421
22,970.938,0.16031848980608576
22,975.313,0.16028873768639548
22,979.688,0.16048725665378388
22,984.063,0.16088862714463584
22,988.438,0.16146670801848537
22,992.812,0.16220168569597876
22,997.188,0.16305333041455822
22,1001.5600000000001,0.1639872932654436
22,1005.94,0.1650005886180619
22,1010.3100000000001,0.1660734013418368
22,1014.69,0.16716717769186248
22,1019.0600000000001,0.16826330432734846
22,1023.4399999999999,0.16934618195716616
22,1027.81,0.17038460903158334
22,1032.19,0.17135446992874614
22,1036.56,0.17224903643886885
22,1040.94,0.17306253208304972
22,1045.31,0.17379287351743186
22,1049.69,0.1744445497895857
22,1054.06,0.1750135169513678
22,1058.44,0.17549773818771394
22,1062.81,0.175903591131252
22,1067.19,0.17623508102224303
22,1071.5600000000002,0.17648806026946995
22,1075.9399999999998,0.17665744543884343
22,1080.3100000000002,0.17674336541383287
22,1084.6899999999998,0.17674457498597437
22,1089.06,0.1766644196500171
22,1093.44,0.17651274988233753
22,1097.81,0.17629336371353196
22,1102.19,0.1760076362318934
22,1106.56,0.17567780487571744
22,1110.94,0.1753447120312357
22,1115.31,0.17497802507658283
22,1119.69,0.17431657848596407
22,1124.06,0.17262244241899705
22,1128.44,0.16952436629538364
22,1132.8100000000002,0.165837739613117
22,1137.1899999999998,0.16229918222253786
22,1141.56,0.15887353668359566
22,1145.94,0.15425320609510107
22,1150.31,0.1492982983620985
22,1154.69,0.14617610761601899
22,1159.06,0.14450514514909363
22,1163.44,0.1435424286802267
22,1167.81,0.14292100988797038
22,1172.19,0.14247208824868324
22,1176.56,0.14210137234816325
22,1180.94,0.14174637643881585
22,1185.3100000000002,0.14139533048150896
22,1189.6899999999998,0.1411092299997372
22,1194.06,0.1409667151316318
22,1198.44,0.14102114591774445
22,1202.81,0.14129726817329064
22,1207.19,0.14177797418196503
22,1211.56,0.1424457764809676
22,1215.94,0.14327009636250834
22,1220.31,0.14418303514561437
22,1224.69,0.14513062567532956
22,1229.06,0.14606080234559718
22,1233.44,0.14692954881833972
22,1237.8100000000002,0.14772547486982132
22,1242.1899999999998,0.1484556436743401
22,1246.56,0.14912410872095586
22,1250.94,0.1497171294791793
22,1255.31,0.1502142261126324
22,1259.69,0.15060607009675211
22,1264.06,0.1508773692457255
22,1268.44,0.1509793549309268
22,1272.81,0.15087767351271447
22,1277.19,0.15059030351652258
22,1281.56,0.1501253709943894
22,1285.94,0.14948021982110743
22,1290.3100000000002,0.14864193963021546
22,1294.6899999999998,0.1475622847384874
22,1299.0600000000002,0.14619977659005692
22,1303.4399999999998,0.1445361678008816
22,1307.81,0.1425445866306143
22,1312.19,0.1401713648948726
22,1316.56,0.13742318397728162
22,1320.94,0.13449064896383991
22,1325.31,0.13152377850879196
22,1329.69,0.12820755497699543
22,1334.06,0.12432118063788627
22,1338.44,0.12096505766418332
22,1342.81,0.11869481208258012
22,1347.19,0.11713316361069954
22,1500.31,0.04234019075766703
22,1504.69,0.043650912432824956
22,1509.0600000000002,0.045019664225903075
22,1513.4399999999998,0.046390210233695266
22,1517.8100000000002,0.0478117060660336
22,1522.1899999999998,0.04922799584672559
22,1526.56,0.050625423581991416
22,1530.94,0.052034335125905634
22,1535.31,0.053432751662328595
22,1539.69,0.05481982046213365
22,1544.06,0.056205593714393924
22,1548.44,0.05756751226822487
22,1552.81,0.05889327866609857
22,1557.19,0.06019237068108284
22,1561.56,0.061440628995730495
22,1565.94,0.06264602412100878
22,1570.3100000000002,0.06386586756522772
22,1574.6899999999998,0.06509477815216845
22,1579.06,0.06627688332315416
22,1583.44,0.06741596041533604
22,1587.81,0.06854325306817306
22,1592.19,0.06965787193214507
22,1596.56,0.0707373715930476
22,1600.94,0.07179896782946885
22,1605.31,0.07284240200759173
22,1609.69,0.07384877066052531
22,1614.06,0.07480068377164799
22,1618.44,0.07567679648146544
22,1622.8100000000002,0.0764936209513566
22,1627.1899999999998,0.07725625734273528
22,1631.56,0.07795101953760258
22,1635.94,0.07857448644005653
22,1640.31,0.07912809092492873
22,1644.69,0.07958728136386667
22,1649.06,0.07991389374308369
22,1653.44,0.080097779800493
22,1657.81,0.08015764422707583
22,1662.19,0.0801317990992736
22,1666.56,0.08005764561383302
22,1670.94,0.07994059558903079
22,1675.3100000000002,0.07973922767666614
22,1679.6899999999998,0.07940861471540449
22,1684.06,0.0789459539916052
22,1688.44,0.07836862228663106
22,1692.81,0.07768037503274812
22,1697.19,0.076889211787095
22,1701.56,0.07602760685016076
22,1705.94,0.07513653863275352
22,1710.31,0.07425551863038711
22,1714.69,0.07345137086103921
22,1719.06,0.07275519500687487
22,1723.44,0.07213975999812162
22,1727.8100000000002,0.0716039138219127
22,1732.1899999999998,0.07112391549344199
22,1736.5600000000002,0.07059747601594495
22,1740.9399999999998,0.06995315626919572
22,1745.31,0.06917687502178516
22,1749.69,0.0683157660479916
22,1754.06,0.06746310126607236
22,1758.44,0.06666768016727484
22,1762.81,0.06597013952340806
22,1767.19,0.06537293481066916
22,1771.56,0.06490121837229468
22,1775.94,0.06453289618059095
22,1780.31,0.06422425819012227
22,1784.69,0.0639870435879793
22,1789.0600000000002,0.06383864729816167
22,1999.06,0.020864635377154085
22,2003.4399999999998,0.02139421667830613
22,2007.8100000000002,0.022044581371694186
22,2012.1899999999998,0.022580357716895004
22,2016.5600000000002,0.02320088954797223
22,2020.94,0.023757268499971215
22,2025.3100000000002,0.024151134899595587
22,2029.69,0.024496463783943916
22,2034.0600000000002,0.024829117149204286
22,2038.44,0.025153729754006864
22,2042.8099999999997,0.025479693976770867
22,2047.19,0.02579167479030449
22,2051.56,0.02611626089968556
22,2055.94,0.026488412435714207
22,2060.31,0.026859506992973608
22,2064.69,0.027232771010092267
22,2069.06,0.027638105400865177
22,2073.44,0.028039313025827208
22,2077.81,0.0284116261309338
22,2082.19,0.02877286538418265
22,2086.56,0.029144734026991265
22,2090.9399999999996,0.02952217415126411
22,2095.31,0.02989977803116116
22,2099.69,0.030288384439420116
22,2104.06,0.030679144138604512
22,2108.44,0.03105477364901689
22,2112.81,0.031425938743132674
22,2117.19,0.03180108984616847
22,2121.56,0.03217791397117897
22,2125.94,0.03254773455674639
22,2130.31,0.032903679657297104
22,2134.69,0.033248212816050574
22,2139.0600000000004,0.03359143324911088
22,2143.44,0.03393441875344654
22,2147.8100000000004,0.03428489760955296
22,2152.19,0.03465567595087161
22,2156.56,0.03502295593891852
22,2160.94,0.03537066350297072
22,2165.31,0.03571593047552328
22,2169.69,0.0360506741504533
22,2174.06,0.03636928784516283
22,2178.44,0.03668220979019026
22,2182.81,0.03699875565114794
22,2187.19,0.03731460668027535
22,2191.56,0.037596785995910494
22,2195.9399999999996,0.03784751424910369
22,2200.31,0.03808126659091957
22,2204.6899999999996,0.03828351057282745
22,2209.06,0.038439058889018746
22,2213.44,0.038537331352767386
22,2217.81,0.038568057641009866
22,2222.19,0.03851510443569488
22,2226.56,0.03835682187539209
22,2230.94,0.03807777579876473
22,2235.31,0.03767330954410294
22,2239.69,0.037152080916000724
22,2244.06,0.03653243629865444
22,2248.44,0.035841805689615494
22,2252.8100000000004,0.03511377827433331
22,2257.19,0.03436731649565587
22,2261.56,0.03362456549697621
22,2265.94,0.03291227456561145
22,2270.31,0.032248991829446974
22,2274.69,0.0316393041523178
22,2279.06,0.031068417698117
22,2283.44,0.03050897090619186
22,2287.81,0.029941742311840828
22,2292.19,0.029352177992292467
22,2296.56,0.028755456792781197
22,2300.94,0.028219526839232806
22,2305.31,0.027793801944952894
22,2309.6899999999996,0.027488095964073384
22,2314.06,0.027270440997442816
22,2318.44,0.027069193686530168
22,2322.81,0.026826510801523346
22,2327.19,0.026538082097000478
22,2331.56,0.026215704950886175
22,2335.94,0.02586421304901248
22,2340.31,0.025489051930368017
22,2344.69,0.025132011321944113
22,2349.06,0.024821135443296272
22,2353.44,0.024534471541763306
22,2357.8100000000004,0.02429022982530474
22,2362.19,0.024079178843768197
22,2366.5600000000004,0.023852761889412842
22,2370.94,0.023580194819764724
22,2375.31,0.02330507543839424
22,2379.69,0.023041171173749493
22,2384.06,0.022741415138140705
22,2388.44,0.022428453868027953
22,2392.81,0.022146400612538336
22,2397.19,0.021883059937129
22,2401.56,0.02162380213503898
22,2405.94,0.02133908693402418
22,2410.31,0.021017146219585225
22,2414.6899999999996,0.02063952727348819
22,2419.06,0.020221463564267836
22,2423.4399999999996,0.019920872119992286
22,2427.81,0.019692397049917917
22,2432.19,0.019420581638660783
22,2436.56,0.0190398046624716
22,2440.94,0.018695377433259396
22,2445.31,0.018329091819334023
22,2449.69,0.017714627854597705
22,2454.06,0.017308538531223747
22,2458.44,0.01718558401407634
22,2462.81,0.01697968635037193
22,2467.19,0.016654952127499928
22,2471.5600000000004,0.01622241540091861
25,402.188,0.014290805223682682
25,406.56199999999995,0.014394255338565509
25,410.93800000000005,0.014573228555909742
25,415.313,0.014818885031949386
25,419.68699999999995,0.01510169156293816
25,424.06300000000005,0.01539887424891377
25,428.438,0.01570140662655244
25,432.813,0.0159895817303862
25,437.18800000000005,0.016239728968769063
25,441.563,0.016465733674697232
25,445.938,0.016686588893163955
25,450.31300000000005,0.016898938248810766
25,454.688,0.01708854918985314
25,459.063,0.017241153007673923
25,463.438,0.01735073034680579
25,467.813,0.017427873003286357
25,472.187,0.01749177587135141
25,476.562,0.01755779743388387
25,480.938,0.017643892535127565
25,485.313,0.0177867816610416
25,489.688,0.018032249075969634
25,494.063,0.01842394509891701
25,498.438,0.019042101180600988
25,502.812,0.01999370374681581
25,507.188,0.021343904299656963
25,511.563,0.023155890632699315
25,515.937,0.025511220948658198
25,520.313,0.02824398404394006
25,524.687,0.03095122836980478
25,529.062,0.03338246632267797
25,533.438,0.03537836680926389
25,537.813,0.036902362438104276
25,542.188,0.038052485276841894
25,546.563,0.03891646125519569
25,550.938,0.03948110181826297
25,555.312,0.03963933140852582
25,559.688,0.03929434685954896
25,564.063,0.03846266502202094
25,568.438,0.03724593783633855
25,572.813,0.03582035888825295
25,577.187,0.03444887238392326
25,581.562,0.03331373645362308
25,585.938,0.03243596793912772
25,590.313,0.03177184818022409
25,594.688,0.03129630273645622
25,599.063,0.030915072187505173
25,603.438,0.030455702199271125
25,607.812,0.02980647739484128
25,612.188,0.028999198523071625
25,616.563,0.028187374267630134
25,620.937,0.027543722207086174
25,625.312,0.02712899323070804
25,629.687,0.026844517303039193
25,634.063,0.02647460193642791
25,638.437,0.025828152172642976
25,642.813,0.024897031244153815
25,647.188,0.023853540983571113
25,651.563,0.02288637178356515
25,655.938,0.021999230889040485
25,660.313,0.021102631567767625
25,664.687,0.020253540496527476
25,669.063,0.01961536670116339
25,673.438,0.01933429803544348
25,677.813,0.019534016303875076
25,682.187,0.0204990597162465
25,686.562,0.022943761235596733
25,690.937,0.027828962638081767
25,695.312,0.035468561754755275
25,699.688,0.045477755974192485
25,704.063,0.057062394486076855
25,708.438,0.06897057850792797
25,712.813,0.08062854695917011
25,717.187,0.09287693523014609
25,721.563,0.10605782284450897
25,725.938,0.11855085363509528
25,730.313,0.12921933752501644
25,734.687,0.13760589127106865
25,739.063,0.1440267206319128
25,743.437,0.148979691806272
25,747.812,0.1526915461545905
25,752.188,0.15535440149066645
25,756.563,0.15730906698996772
25,760.938,0.15912125578092445
25,765.313,0.16078147073603502
25,769.688,0.16179740567302378
25,774.063,0.1624580631119089
25,778.438,0.16300330702929614
25,782.813,0.16346459455585718
25,787.188,0.1638714212230818
25,791.563,0.164251380396746
25,795.937,0.16460939090191723
25,800.312,0.16494598434909977
25,804.688,0.1652601210525088
25,809.063,0.16556112645051277
25,813.438,0.16587413110360102
25,817.813,0.1661897998240173
25,822.188,0.16644697366372319
25,826.5630000000001,0.16662980311997252
25,830.937,0.16677455245018102
25,835.313,0.1669247540017891
25,839.688,0.16710813429099314
25,844.063,0.1673229496996208
25,848.437,0.16755670161721598
25,852.812,0.16780087561655835
25,857.187,0.16803777488273694
25,861.563,0.16825373213080813
25,865.938,0.16845604141797696
25,870.313,0.1686466624680956
25,874.687,0.16882171251484396
25,879.063,0.1689820502724216
25,883.437,0.169122627669774
25,887.813,0.16924225005938037
25,892.188,0.16935566789521714
25,896.562,0.169473775729847
25,900.938,0.169572950068014
25,905.312,0.16962859736495117
25,909.6880000000001,0.16964598012256188
25,914.062,0.1696006467108718
25,918.438,0.16946873589644756
25,922.813,0.1692815895556792
25,927.188,0.1690574746162284
25,931.563,0.16867778117673518
25,935.937,0.1677593183847111
25,940.312,0.16645817551523417
25,944.688,0.1650595458323482
25,949.063,0.16322021694264513
25,953.438,0.16111587646499723
25,957.812,0.15920233336143855
25,962.187,0.15785742269016792
25,966.562,0.15712980666994147
25,970.938,0.15682536708198164
25,975.313,0.15678875751933816
25,979.688,0.1569843365232667
25,984.063,0.15739051828870187
25,988.438,0.15798159399403366
25,992.812,0.15873312614701635
25,997.188,0.15959701996555234
25,1001.5600000000001,0.1605376017021033
25,1005.94,0.16155404284584418
25,1010.3100000000001,0.16262684232802563
25,1014.69,0.16371753121343574
25,1019.0600000000001,0.16480874182389899
25,1023.4399999999999,0.16588603299087842
25,1027.81,0.16691890507711787
25,1032.19,0.16788268190326155
25,1036.56,0.16877003376544958
25,1040.94,0.16957552130307676
25,1045.31,0.17029787095363474
25,1049.69,0.17094313867578742
25,1054.06,0.17150787004914725
25,1058.44,0.17198903466894017
25,1062.81,0.17239118959613334
25,1067.19,0.17271668891013406
25,1071.5600000000002,0.17296118068480965
25,1075.9399999999998,0.17311937848033795
25,1080.3100000000002,0.1731905033191559
25,1084.6899999999998,0.17317370884610375
25,1089.06,0.17307358638377904
25,1093.44,0.17290057339138284
25,1097.81,0.1726591332330439
25,1102.19,0.17235292456187262
25,1106.56,0.1720063443713226
25,1110.94,0.1716601893160621
25,1115.31,0.17128243335950066
25,1119.69,0.17061023543273313
25,1124.06,0.16890678514835117
25,1128.44,0.16579928449992287
25,1132.8100000000002,0.16209194106477043
25,1137.1899999999998,0.15852335467846093
25,1141.56,0.15506572434148452
25,1145.94,0.1504107137924061
25,1150.31,0.14543303981509345
25,1154.69,0.14230800775354965
25,1159.06,0.14064292009588192
25,1163.44,0.13968887796096088
25,1167.81,0.13907774801595868
25,1172.19,0.1386400999064228
25,1176.56,0.13828129986311655
25,1180.94,0.13793867839835314
25,1185.3100000000002,0.13760035682797683
25,1189.6899999999998,0.13732611311899032
25,1194.06,0.13719215565942058
25,1198.44,0.13725069741465276
25,1202.81,0.1375248652557292
25,1207.19,0.13799573492784878
25,1211.56,0.13864552610140551
25,1215.94,0.1394455505611683
25,1220.31,0.14033018405695277
25,1224.69,0.14124761971839903
25,1229.06,0.14214940737907927
25,1233.44,0.14299373158114115
25,1237.8100000000002,0.14376856908535146
25,1242.1899999999998,0.14447993981103602
25,1246.56,0.14513196594773753
25,1250.94,0.14571032412073226
25,1255.31,0.14619376549591157
25,1259.69,0.14657282940098149
25,1264.06,0.1468322301739566
25,1268.44,0.14692365440948316
25,1272.81,0.14681308165002238
25,1277.19,0.14651770035652772
25,1281.56,0.1460448276617573
25,1285.94,0.14539255265730042
25,1290.3100000000002,0.144548383060808
25,1294.6899999999998,0.14346369679345738
25,1299.0600000000002,0.14209798552307612
25,1303.4399999999998,0.14043423087419812
25,1307.81,0.13844591795094915
25,1312.19,0.13608077810774005
25,1316.56,0.13334693162278777
25,1320.94,0.13043484497070382
25,1325.31,0.12749342230327473
25,1329.69,0.12421035437960751
25,1334.06,0.12036739792561742
25,1338.44,0.11705215806317287
25,1342.81,0.11481133610401473
25,1347.19,0.11327011402544632
25,1500.31,0.04048183243529698
25,1504.69,0.041737421803242324
25,1509.0600000000002,0.04304981835011976
25,1513.4399999999998,0.044364914190207654
25,1517.8100000000002,0.04573008131999584
25,1522.1899999999998,0.0470914375380789
25,1526.56,0.04843569127812496
25,1530.94,0.04979195383263049
25,1535.31,0.05113928566843399
25,1539.69,0.05247684090289768
25,1544.06,0.05381410312254759
25,1548.44,0.055129276845107884
25,1552.81,0.05641035274904665
25,1557.19,0.05766625253238474
25,1561.56,0.0588734480650526
25,1565.94,0.06003979295294505
25,1570.3100000000002,0.061220992774898494
25,1574.6899999999998,0.062411951509410556
25,1579.06,0.06355824893048669
25,1583.44,0.06466333069289827
25,1587.81,0.06575735757390301
25,1592.19,0.06683938160871451
25,1596.56,0.06788741400001737
25,1600.94,0.06891822421619108
25,1605.31,0.0699316982441381
25,1609.69,0.07090958627255411
25,1614.06,0.0718351498309096
25,1618.44,0.0726876265856417
25,1622.8100000000002,0.07348299827028368
25,1627.1899999999998,0.07422609286550569
25,1631.56,0.07490307357121358
25,1635.94,0.07551088961945443
25,1640.31,0.07605140735305228
25,1644.69,0.07650113508840962
25,1649.06,0.07682331562798954
25,1653.44,0.07700813357057534
25,1657.81,0.07707391905082844
25,1662.19,0.07705835064847463
25,1666.56,0.07699800634553326
25,1670.94,0.07689750830525684
25,1675.3100000000002,0.07671616140622177
25,1679.6899999999998,0.07641078904127156
25,1684.06,0.07597887917109371
25,1688.44,0.07543747376141359
25,1692.81,0.07479086445615
25,1697.19,0.07404641785988407
25,1701.56,0.07323360836701519
25,1705.94,0.07238972210380631
25,1710.31,0.07155042199219193
25,1714.69,0.07077831533851904
25,1719.06,0.07010259261075377
25,1723.44,0.06949706491059844
25,1727.8100000000002,0.06896224981386585
25,1732.1899999999998,0.06847846965759835
25,1736.5600000000002,0.06794972160264125
25,1740.9399999999998,0.06731093827581104
25,1745.31,0.06654989961860192
25,1749.69,0.06570978481105955
25,1754.06,0.06487753823735885
25,1758.44,0.06409848542000576
25,1762.81,0.06341173969153764
25,1767.19,0.06282074276986128
25,1771.56,0.06235188420252725
25,1775.94,0.06198469238313491
25,1780.31,0.06167700858700192
25,1784.69,0.06144087144527246
25,1789.0600000000002,0.06129271960835094
25,1999.06,0.020134723230861646
25,2003.4399999999998,0.02062438149710818
25,2007.8100000000002,0.021233400108701693
25,2012.1899999999998,0.021743429233538312
25,2016.5600000000002,0.022338209901873497
25,2020.94,0.022870225119920685
25,2025.3100000000002,0.023243247969643204
25,2029.69,0.023567162139939285
25,2034.0600000000002,0.023878016459296027
25,2038.44,0.024181108389352456
25,2042.8099999999997,0.024485470730352475
25,2047.19,0.024776660413794574
25,2051.56,0.025079332631145087
25,2055.94,0.025427477358190984
25,2060.31,0.025777151480369378
25,2064.69,0.026130795633303155
25,2069.06,0.02651566768257912
25,2073.44,0.02689635758257718
25,2077.81,0.027249248350813757
25,2082.19,0.027591893945228024
25,2086.56,0.02794504626491659
25,2090.9399999999996,0.0283033544095242
25,2095.31,0.02866127912608598
25,2099.69,0.02902992704327532
25,2104.06,0.02940138670282381
25,2108.44,0.02975914449927595
25,2112.81,0.030113301632115404
25,2117.19,0.030471867008315067
25,2121.56,0.030832681253069205
25,2125.94,0.03118681522007473
25,2130.31,0.03152699014928973
25,2134.69,0.03185575360777121
25,2139.0600000000004,0.032183053910722174
25,2143.44,0.03250938260244622
25,2147.8100000000004,0.032842177194034906
25,2152.19,0.03319394493108729
25,2156.56,0.03354232373716284
25,2160.94,0.033872149025550996
25,2165.31,0.03419960046100236
25,2169.69,0.03451727126945847
25,2174.06,0.03481967416815642
25,2178.44,0.0351168278684179
25,2182.81,0.03541760174111652
25,2187.19,0.03571774059851469
25,2191.56,0.0359853254639981
25,2195.9399999999996,0.036222730266557444
25,2200.31,0.03644463597171389
25,2204.6899999999996,0.03663830822941642
25,2209.06,0.03678861169027514
25,2213.44,0.03688452506925088
25,2217.81,0.03691675340182282
25,2222.19,0.036870530948496405
25,2226.56,0.036724061694697774
25,2230.94,0.03646139808230851
25,2235.31,0.03607799749282269
25,2239.69,0.03558348798168589
25,2244.06,0.0349960933277291
25,2248.44,0.03434164205732437
25,2252.8100000000004,0.03365166124856585
25,2257.19,0.03294374507278099
25,2261.56,0.03223882554039079
25,2265.94,0.031562584302354375
25,2270.31,0.03093293222462037
25,2274.69,0.030354801548781694
25,2279.06,0.029814688566827074
25,2283.44,0.02928737309370762
25,2287.81,0.028754835678221936
25,2292.19,0.028201711882709132
25,2296.56,0.027639899842977763
25,2300.94,0.027131126681841592
25,2305.31,0.026721633846680224
25,2309.6899999999996,0.026422652495871148
25,2314.06,0.026206065993926306
25,2318.44,0.026005177636218967
25,2322.81,0.02576730330097058
25,2327.19,0.025489625617759203
25,2331.56,0.02518244678987522
25,2335.94,0.024850030055242677
25,2340.31,0.024497174978304132
25,2344.69,0.024162223623844393
25,2349.06,0.023870791884859573
25,2353.44,0.023602448522056545
25,2357.8100000000004,0.02337421950006984
25,2362.19,0.023177190154347636
25,2366.5600000000004,0.022965953387461584
25,2370.94,0.02271137705281217
25,2375.31,0.022454426320397788
25,2379.69,0.02220648857382334
25,2384.06,0.021922468333419473
25,2388.44,0.02162475606652177
25,2392.81,0.021356603622399703
25,2397.19,0.021106835319137485
25,2401.56,0.020860527213968718
25,2405.94,0.020588627651864155
25,2410.31,0.020280261969363868
25,2414.6899999999996,0.01991879311545623
25,2419.06,0.019522120569285154
25,2423.4399999999996,0.0192401707073382
25,2427.81,0.019025399941429995
25,2432.19,0.01876765688085363
25,2436.56,0.018405462608193902
25,2440.94,0.018075641477189524
25,2445.31,0.017718286246143678
25,2449.69,0.01711680978568973
25,2454.06,0.01672992434055789
25,2458.44,0.01661869214625469
25,2462.81,0.01641900389704397
25,2467.19,0.01609672526810831
25,2471.5600000000004,0.015662506069168046
27,402.188,0.012823998331287194
27,406.56199999999995,0.012957588585025518
27,410.93800000000005,0.01317803628383291
27,415.313,0.013469422717486359
27,419.68699999999995,0.013798111550176757
27,424.06300000000005,0.014139326965902149
27,428.438,0.014481844419346426
27,432.813,0.014806507780208814
27,437.18800000000005,0.01509153223665009
27,441.563,0.015354587205014874
27,445.938,0.015616214212028391
27,450.31300000000005,0.015871684324933272
27,454.688,0.016105593262410144
27,459.063,0.016303048232018565
27,463.438,0.016455525915550287
27,467.813,0.01657301516281333
27,472.187,0.01667515196914295
27,476.562,0.016776377973581762
27,480.938,0.01689604707941997
27,485.313,0.017077657466722445
27,489.688,0.017373261059701595
27,494.063,0.017828076615541
27,498.438,0.01852801771682951
27,502.812,0.019586967047744288
27,507.188,0.021067046515614595
27,511.563,0.023030874689514657
27,515.937,0.025567274908023938
27,520.313,0.028499145477922875
27,524.687,0.0313965275468321
27,529.062,0.03399711649071967
27,533.438,0.03613627168793609
27,537.813,0.037777098797073944
27,542.188,0.039021906204097914
27,546.563,0.03995926145215737
27,550.938,0.040574690919370056
27,555.312,0.04076177278252914
27,559.688,0.04042585277212777
27,564.063,0.03958532473758256
27,568.438,0.038341985024010074
27,572.813,0.03687453509726696
27,577.187,0.03545665335325434
27,581.562,0.034284387560983356
27,585.938,0.03338716501049519
27,590.313,0.032718850899595524
27,594.688,0.03224215925727976
27,599.063,0.03185362443101037
27,603.438,0.03137771103870037
27,607.812,0.030701738805077552
27,612.188,0.029860479490459224
27,616.563,0.029016100494757228
27,620.937,0.02835223507039797
27,625.312,0.02793466855270644
27,629.687,0.027657178403761265
27,634.063,0.027289003741052247
27,638.437,0.026628867525638825
27,642.813,0.025668259786096673
27,647.188,0.024583384369281033
27,651.563,0.023565404389600163
27,655.938,0.02261627400585597
27,660.313,0.021648502718692987
27,664.687,0.02073143912083353
27,669.063,0.020044190949006727
27,673.438,0.019745830600572584
27,677.813,0.01997213222590892
27,682.187,0.02102968487808053
27,686.562,0.023671585100398868
27,690.937,0.028879685293186647
27,695.312,0.03692473741568111
27,699.688,0.04735914882300197
27,704.063,0.05934139301099419
27,708.438,0.07158340699677092
27,712.813,0.08350952382436108
27,717.187,0.0959808511237077
27,721.563,0.10932877388920595
27,725.938,0.12190239155067512
27,730.313,0.1325781561893582
27,734.687,0.14093498152593084
27,739.063,0.14731617021453366
27,743.437,0.1522320143938852
27,747.812,0.15591509403523912
27,752.188,0.1585593053260197
27,756.563,0.1605059303429998
27,760.938,0.16231887361903136
27,765.313,0.16397470510279055
27,769.688,0.16498186512140264
27,774.063,0.16564471972321054
27,778.438,0.16620532073834574
27,782.813,0.1666903397397505
27,787.188,0.16712473941473358
27,791.563,0.16753289591850473
27,795.937,0.16791872087392995
27,800.312,0.1682837671782345
27,804.688,0.1686269854183868
27,809.063,0.168959566320581
27,813.438,0.16930947122188253
27,817.813,0.16966425375234856
27,822.188,0.16995468689009655
27,826.5630000000001,0.17016588335129085
27,830.937,0.1703380679219795
27,835.313,0.17051485305532238
27,839.688,0.17072346032306743
27,844.063,0.17096326998458705
27,848.437,0.17122387852698043
27,852.812,0.1714976661954619
27,857.187,0.17176481089797732
27,861.563,0.17201011956501522
27,865.938,0.1722425704470804
27,870.313,0.17246469134668035
27,874.687,0.17267131494121213
27,879.063,0.17286378694213778
27,883.437,0.17303736438093292
27,887.813,0.17319023781798754
27,892.188,0.1733387000878337
27,896.562,0.17349715595196044
27,900.938,0.1736391959764767
27,905.312,0.17373224754355282
27,909.6880000000001,0.17378517986726427
27,914.062,0.17377783968001395
27,918.438,0.1736827324827401
27,922.813,0.1735282150146811
27,927.188,0.1733345334879436
27,931.563,0.17299311388380292
27,935.937,0.17214684762367888
27,940.312,0.17092743269831395
27,944.688,0.16959052827699536
27,949.063,0.16781843563212673
27,953.438,0.1657870918334626
27,957.812,0.16394228886388365
27,962.187,0.162655239827327
27,966.562,0.1619700919803809
27,970.938,0.1616955330594856
27,975.313,0.161683947211709
27,979.688,0.16190154265530915
27,984.063,0.16233408967295146
27,988.438,0.16297365755019813
27,992.812,0.16379148091195483
27,997.188,0.16471007527001755
27,1001.5600000000001,0.16568382704100487
27,1005.94,0.16672232260950307
27,1010.3100000000001,0.1678121012707193
27,1014.69,0.16891661796393648
27,1019.0600000000001,0.1700207530220011
27,1023.4399999999999,0.17111164284596606
27,1027.81,0.17215881899096785
27,1032.19,0.17313733654493754
27,1036.56,0.1740401295604803
27,1040.94,0.17486160784534305
27,1045.31,0.1755998319153764
27,1049.69,0.176260514308833
27,1054.06,0.17684082921798372
27,1058.44,0.17733882817098087
27,1062.81,0.1777604909315596
27,1067.19,0.17811014110910064
27,1071.5600000000002,0.178383886113009
27,1075.9399999999998,0.17857484202613774
27,1080.3100000000002,0.1786811176508559
27,1084.6899999999998,0.17870070453694528
27,1089.06,0.17863738310511243
27,1093.44,0.17850248172508423
27,1097.81,0.17829991589350408
27,1102.19,0.17802996083467573
27,1106.56,0.1777148896762719
27,1110.94,0.17739718337619695
27,1115.31,0.17705196476561635
27,1119.69,0.17643296707547546
27,1124.06,0.17482285363676103
27,1128.44,0.171820078787135
27,1132.8100000000002,0.16819035696646698
27,1137.1899999999998,0.16468078229678765
27,1141.56,0.16127666057515203
27,1145.94,0.15668722210672054
27,1150.31,0.15176877978321213
27,1154.69,0.14867300337657885
27,1159.06,0.14702294187329262
27,1163.44,0.14608353558457524
27,1167.81,0.14549175298932993
27,1172.19,0.1450793442899488
27,1176.56,0.14475055275257626
27,1180.94,0.14444044750453094
27,1185.3100000000002,0.1441332739534699
27,1189.6899999999998,0.14388504044100434
27,1194.06,0.14377338806828494
27,1198.44,0.14385572121365556
27,1202.81,0.1441568723857753
27,1207.19,0.14465488735091034
27,1211.56,0.14532960355116317
27,1215.94,0.14615212716896372
27,1220.31,0.14705939495324338
27,1224.69,0.14800273112214435
27,1229.06,0.14893233986972879
27,1233.44,0.14980353030745305
27,1237.8100000000002,0.15060421092914067
27,1242.1899999999998,0.1513410457725964
27,1246.56,0.15201784254142559
27,1250.94,0.1526208665418489
27,1255.31,0.15313025270791672
27,1259.69,0.15353674511941046
27,1264.06,0.15382381257304384
27,1268.44,0.15394044136554397
27,1272.81,0.15385001756665995
27,1277.19,0.1535713441845302
27,1281.56,0.15311490361816604
27,1285.94,0.1524792787046679
27,1290.3100000000002,0.15165146759062004
27,1294.6899999999998,0.15058305862457402
27,1299.0600000000002,0.14923315209561255
27,1303.4399999999998,0.1475830246535946
27,1307.81,0.14560413119159998
27,1312.19,0.14324207813963072
27,1316.56,0.1405043403963917
27,1320.94,0.13758365294416647
27,1325.31,0.1346315983488421
27,1329.69,0.13133302091101512
27,1334.06,0.12746254280158104
27,1338.44,0.1241118539193286
27,1342.81,0.12183809357637924
27,1347.19,0.12026910268819006
27,1500.31,0.045395473245106094
27,1504.69,0.046730765169400536
27,1509.0600000000002,0.04812633054378852
27,1513.4399999999998,0.04952550147707712
27,1517.8100000000002,0.05097761546370142
27,1522.1899999999998,0.05242448182416473
27,1526.56,0.053852806223679335
27,1530.94,0.0552932149152936
27,1535.31,0.05672301517577826
27,1539.69,0.058141808730346405
27,1544.06,0.05955990128684121
27,1548.44,0.06095386476076227
27,1552.81,0.062310604169673635
27,1557.19,0.0636401306913245
27,1561.56,0.06491812923261452
27,1565.94,0.06615335430126222
27,1570.3100000000002,0.06740467182915953
27,1574.6899999999998,0.06866493633072844
27,1579.06,0.06987569428804113
27,1583.44,0.07104137607611402
27,1587.81,0.07219457469304344
27,1592.19,0.07333456526435897
27,1596.56,0.07443891570985157
27,1600.94,0.0755258015513993
27,1605.31,0.0765942469978625
27,1609.69,0.07762325378784968
27,1614.06,0.07859517384676858
27,1618.44,0.079490276154185
27,1622.8100000000002,0.08032684861236011
27,1627.1899999999998,0.08110986824566103
27,1631.56,0.08182429182826008
27,1635.94,0.08246682375995483
27,1640.31,0.08303983481907787
27,1644.69,0.0835193711032449
27,1649.06,0.08386651707290456
27,1653.44,0.08407088077267205
27,1657.81,0.08415105695992285
27,1662.19,0.08414560660974302
27,1666.56,0.084091584747793
27,1670.94,0.08399292547761729
27,1675.3100000000002,0.08380811849643036
27,1679.6899999999998,0.08349397933471205
27,1684.06,0.08304888968262106
27,1688.44,0.08249034100227437
27,1692.81,0.08182224574366796
27,1697.19,0.08105146934748592
27,1701.56,0.08020869556812985
27,1705.94,0.07933321044359232
27,1710.31,0.07846260612579105
27,1714.69,0.07766238508508495
27,1719.06,0.07696317207512449
27,1723.44,0.07633715800202893
27,1727.8100000000002,0.07578337510774072
27,1732.1899999999998,0.07528021685878324
27,1736.5600000000002,0.07472815726321713
27,1740.9399999999998,0.07406018978961455
27,1745.31,0.07326295158798075
27,1749.69,0.07238134256929077
27,1754.06,0.07150707300235133
27,1758.44,0.07068864540685173
27,1762.81,0.0699676485001935
27,1767.19,0.06934706403446568
27,1771.56,0.06885550265507033
27,1775.94,0.06847187905788668
27,1780.31,0.06815059635540995
27,1784.69,0.06790422179617232
27,1789.0600000000002,0.06775008176353761
27,1999.06,0.023365454215567072
27,2003.4399999999998,0.023929108467945534
27,2007.8100000000002,0.02464688113705789
27,2012.1899999999998,0.025262271950768404
27,2016.5600000000002,0.02596543129133988
27,2020.94,0.026575097068347937
27,2025.3100000000002,0.027007074108956433
27,2029.69,0.027391505433110492
27,2034.0600000000002,0.027759255224416
27,2038.44,0.028110630385302905
27,2042.8099999999997,0.028457359043489425
27,2047.19,0.028791089097815612
27,2051.56,0.02914694271087314
27,2055.94,0.02955788332704965
27,2060.31,0.02996275467742931
27,2064.69,0.03036242632988695
27,2069.06,0.0307881907670326
27,2073.44,0.031207155371708893
27,2077.81,0.03160075195172883
27,2082.19,0.031989113763207844
27,2086.56,0.03239200582885567
27,2090.9399999999996,0.03279858400151791
27,2095.31,0.033200517970146996
27,2099.69,0.03361319268251735
27,2104.06,0.034029967126942624
27,2108.44,0.034431677358687234
27,2112.81,0.03482896709101799
27,2117.19,0.03523130153988904
27,2121.56,0.03563615170045897
27,2125.94,0.03602889251478287
27,2130.31,0.036398359528225156
27,2134.69,0.03675150908055832
27,2139.0600000000004,0.03710188627595913
27,2143.44,0.037448445123303885
27,2147.8100000000004,0.03779882170741897
27,2152.19,0.038166791573317795
27,2156.56,0.03852810287687368
27,2160.94,0.03886714997934796
27,2165.31,0.03920149020387719
27,2169.69,0.03952476079214532
27,2174.06,0.03983238223746822
27,2178.44,0.040134681854354
27,2182.81,0.040441167245010554
27,2187.19,0.04074437072405613
27,2191.56,0.04100956168791903
27,2195.9399999999996,0.04124175813436098
27,2200.31,0.04146172935482275
27,2204.6899999999996,0.0416605259188624
27,2209.06,0.04181890574686755
27,2213.44,0.041920171401479585
27,2217.81,0.041957373453049986
27,2222.19,0.041917501454298386
27,2226.56,0.041768696272989424
27,2230.94,0.04148208646847343
27,2235.31,0.041054019965342275
27,2239.69,0.04050570780740627
27,2244.06,0.03986283982499992
27,2248.44,0.039151498500045116
27,2252.8100000000004,0.038401625182465565
27,2257.19,0.03762928579288578
27,2261.56,0.03685627856465297
27,2265.94,0.0361135148716596
27,2270.31,0.03542261621203172
27,2274.69,0.03478556652332154
27,2279.06,0.03418549794868131
27,2283.44,0.03359875941914104
27,2287.81,0.03300884268157705
27,2292.19,0.03239627848902434
27,2296.56,0.03177020488502073
27,2300.94,0.03119849202756784
27,2305.31,0.030735315270356667
27,2309.6899999999996,0.03039381955185643
27,2314.06,0.030140371210521245
27,2318.44,0.029900745823654717
27,2322.81,0.029621730781170093
27,2327.19,0.02930280504326611
27,2331.56,0.028953926983555287
27,2335.94,0.028583897777334867
27,2340.31,0.028205227801023542
27,2344.69,0.027859054895053838
27,2349.06,0.027569862264658865
27,2353.44,0.027314471283318126
27,2357.8100000000004,0.027102506507614893
27,2362.19,0.026918172764588705
27,2366.5600000000004,0.026714860995620125
27,2370.94,0.02646345355466255
27,2375.31,0.026203628241844995
27,2379.69,0.025942760115962103
27,2384.06,0.02562794009581846
27,2388.44,0.025284296094135256
27,2392.81,0.024968419659683137
27,2397.19,0.024674277580698532
27,2401.56,0.024383893029032124
27,2405.94,0.02406328740138242
27,2410.31,0.02370588847251063
27,2414.6899999999996,0.023286296808134016
27,2419.06,0.022807673005156955
27,2423.4399999999996,0.022458110298964964
27,2427.81,0.022196982031436087
27,2432.19,0.021889541693474634
27,2436.56,0.021456665110785027
27,2440.94,0.021070094553854498
27,2445.31,0.020670050655925983
27,2449.69,0.019974524543019033
27,2454.06,0.01947387406001532
27,2458.44,0.019318628938862603
27,2462.81,0.019097097740649764
27,2467.19,0.018749935840814674
27,2471.5600000000004,0.018273239052050843
30,402.188,0.010219769330137256
30,406.56199999999995,0.010401768160436784
30,410.93800000000005,0.010691936943445807
30,415.313,0.011063234330921287
30,419.68699999999995,0.011471878549764496
30,424.06300000000005,0.011889155078858729
30,428.438,0.012302623466389578
30,432.813,0.012689628650929338
30,437.18800000000005,0.0130220010176682
30,441.563,0.013318185112045704
30,445.938,0.013601022240342486
30,450.31300000000005,0.01386917193236335
30,454.688,0.014113063722544547
30,459.063,0.01432125623306473
30,463.438,0.014485509800172675
30,467.813,0.014615857410482942
30,472.187,0.014731671401895817
30,476.562,0.014845281404465529
30,480.938,0.014973189528676826
30,485.313,0.015156496630327714
30,489.688,0.015444947466352376
30,494.063,0.015882053564694888
30,498.438,0.016553815975569226
30,502.812,0.017574625978587225
30,507.188,0.019007826891942362
30,511.563,0.020919070465171302
30,515.937,0.023400514641284145
30,520.313,0.026277331975841752
30,524.687,0.029118912195323622
30,529.062,0.03165887975796566
30,533.438,0.03373167713571595
30,537.813,0.03530303267616326
30,542.188,0.036480346231354044
30,546.563,0.0373595006106204
30,550.938,0.03793078094198264
30,555.312,0.03808720843266475
30,559.688,0.03773024684796807
30,564.063,0.03687590353127216
30,568.438,0.035627014153582034
30,572.813,0.03416287316650782
30,577.187,0.032753714819587894
30,581.562,0.0315934308313514
30,585.938,0.030712997318787745
30,590.313,0.03006243405411703
30,594.688,0.02959462235836805
30,599.063,0.029207388322805793
30,603.438,0.028736122697016447
30,607.812,0.028074153894724962
30,612.188,0.027254493664400286
30,616.563,0.026433982188587436
30,620.937,0.025791025194549545
30,625.312,0.02538882358730591
30,629.687,0.0251208462012841
30,634.063,0.02476187863694136
30,638.437,0.02412332102620273
30,642.813,0.023205361469891012
30,647.188,0.0221802483344038
30,651.563,0.02122714984117115
30,655.938,0.02034678338982314
30,660.313,0.019459799897683247
30,664.687,0.018631741536267548
30,669.063,0.01802561974927866
30,673.438,0.017782346547302076
30,677.813,0.018020738484958915
30,682.187,0.019026632679620084
30,686.562,0.021528801236979242
30,690.937,0.026514946979325098
30,695.312,0.03432577562235874
30,699.688,0.04458222303830435
30,704.063,0.056458293029246424
30,708.438,0.06864806274585934
30,712.813,0.0805435589553105
30,717.187,0.09296140369075538
30,721.563,0.10617767745848124
30,725.938,0.11850751410332404
30,730.313,0.1288411003265436
30,734.687,0.13682555140152677
30,739.063,0.14286163081452735
30,743.437,0.14748614623573697
30,747.812,0.15094430476519083
30,752.188,0.15342789634932502
30,756.563,0.1552608089058009
30,760.938,0.15697059812337638
30,765.313,0.15852893258727732
30,769.688,0.1594783184804374
30,774.063,0.1601103305214082
30,778.438,0.16065133055552577
30,782.813,0.16112458777502336
30,787.188,0.16155182776385144
30,791.563,0.16195353264233825
30,795.937,0.16233294113136798
30,800.312,0.1626915965479351
30,804.688,0.16302780810161308
30,809.063,0.16335281726818793
30,813.438,0.16369372591030856
30,817.813,0.1640360858578411
30,822.188,0.1643125306129631
30,826.5630000000001,0.16451062689917786
30,830.937,0.16466907349303522
30,835.313,0.1648296269401794
30,839.688,0.16501956544870142
30,844.063,0.1652390158347498
30,848.437,0.1654781309389095
30,852.812,0.16572886012401075
30,857.187,0.16597223265032257
30,861.563,0.16619435105599697
30,865.938,0.16640357299957512
30,870.313,0.16660323002072974
30,874.687,0.1667900816718181
30,879.063,0.16696431058907124
30,883.437,0.16711895819919254
30,887.813,0.1672528557607103
30,892.188,0.16738310230456346
30,896.562,0.16752106019973928
30,900.938,0.16763786972833608
30,905.312,0.16770694346314927
30,909.6880000000001,0.16773870011705125
30,914.062,0.16771051530018433
30,918.438,0.16759724461618286
30,922.813,0.1674318769777935
30,927.188,0.1672372832242053
30,931.563,0.16690766419979047
30,935.937,0.1660883600630769
30,940.312,0.16489976371904194
30,944.688,0.16359787548557345
30,949.063,0.1618722706075951
30,953.438,0.15988956372827148
30,957.812,0.15808007049728193
30,962.187,0.1568017922314247
30,966.562,0.15610342086073806
30,970.938,0.1558080541620597
30,975.313,0.15577008946104037
30,979.688,0.15595011848262136
30,984.063,0.15632455462051448
30,988.438,0.15686870391991223
30,992.812,0.15756346900904483
30,997.188,0.15837213444081658
30,1001.5600000000001,0.1592624456203517
30,1005.94,0.16022943862349123
30,1010.3100000000001,0.16125238293561542
30,1014.69,0.16229420202133632
30,1019.0600000000001,0.1633373585466643
30,1023.4399999999999,0.16436555639766723
30,1027.81,0.16534628968103604
30,1032.19,0.16625515704021435
30,1036.56,0.16708711893888706
30,1040.94,0.16783932738501817
30,1045.31,0.1685130624181256
30,1049.69,0.1691162962047893
30,1054.06,0.16964750545469867
30,1058.44,0.17010470207846473
30,1062.81,0.17049117670267933
30,1067.19,0.17080782865272404
30,1071.5600000000002,0.17104877649144448
30,1075.9399999999998,0.17120785548837758
30,1080.3100000000002,0.1712857580248181
30,1084.6899999999998,0.17128194648493844
30,1089.06,0.17119931358092175
30,1093.44,0.17104802708715108
30,1097.81,0.17083282670532987
30,1102.19,0.170555301872088
30,1106.56,0.17023692807937357
30,1110.94,0.16991740875352884
30,1115.31,0.1695675210893599
30,1119.69,0.1689364501588455
30,1124.06,0.16731553917418088
30,1128.44,0.16434827237409233
30,1132.8100000000002,0.16082203601672176
30,1137.1899999999998,0.15744436338572448
30,1141.56,0.1541788632142007
30,1145.94,0.14976736639310473
30,1150.31,0.1450158916363912
30,1154.69,0.14200116823878986
30,1159.06,0.14037383712459994
30,1163.44,0.13942738349652214
30,1167.81,0.13880972887463697
30,1172.19,0.13835942772099752
30,1176.56,0.13798711153876214
30,1180.94,0.1376333044847374
30,1185.3100000000002,0.13728710797352056
30,1189.6899999999998,0.1370076300898397
30,1194.06,0.13686959196657408
30,1198.44,0.13692168858107776
30,1202.81,0.13718432757935572
30,1207.19,0.13764170640373358
30,1211.56,0.1382796085814928
30,1215.94,0.13906967926025016
30,1220.31,0.1399469567142585
30,1224.69,0.14085893770569666
30,1229.06,0.14175315613749126
30,1233.44,0.1425854448277858
30,1237.8100000000002,0.14334535247147254
30,1242.1899999999998,0.14404081442371933
30,1246.56,0.14467606814004721
30,1250.94,0.1452381415658226
30,1255.31,0.14570802958288032
30,1259.69,0.14607730937453448
30,1264.06,0.1463306615599976
30,1268.44,0.14642011703461444
30,1272.81,0.14631331439417303
30,1277.19,0.14603016473604918
30,1281.56,0.14558029523437507
30,1285.94,0.14496215381034397
30,1290.3100000000002,0.1441625440817343
30,1294.6899999999998,0.14313341985922653
30,1299.0600000000002,0.1418332799856332
30,1303.4399999999998,0.1402439860292278
30,1307.81,0.13833945927419697
30,1312.19,0.13606573712523218
30,1316.56,0.13342544598284417
30,1320.94,0.13060083389111038
30,1325.31,0.12773722333919194
30,1329.69,0.12452967236009936
30,1334.06,0.12076276004752616
30,1338.44,0.11750343188931592
30,1342.81,0.11529535732564762
30,1347.19,0.11377485286697374
30,1500.31,0.04019290659160014
30,1504.69,0.04150015506121683
30,1509.0600000000002,0.0428629812368053
30,1513.4399999999998,0.044227243735801065
30,1517.8100000000002,0.04563988471124935
30,1522.1899999999998,0.047043749086174966
30,1526.56,0.048426185664598095
30,1530.94,0.049817028473324025
30,1535.31,0.051194506564696686
30,1539.69,0.052559183816171265
30,1544.06,0.05392148441902744
30,1548.44,0.05525875555444989
30,1552.81,0.05655908017979022
30,1557.19,0.057832467884317194
30,1561.56,0.05905562762748318
30,1565.94,0.06023668435850158
30,1570.3100000000002,0.061431662605038864
30,1574.6899999999998,0.06263378536004581
30,1579.06,0.06378831482937361
30,1583.44,0.06490040870120213
30,1587.81,0.06600161139577015
30,1592.19,0.06709108315797328
30,1596.56,0.06814727712612333
30,1600.94,0.06918693076839201
30,1605.31,0.07020827357028593
30,1609.69,0.07119131000605614
30,1614.06,0.0721194961023645
30,1618.44,0.07297381474121442
30,1622.8100000000002,0.0737708066627699
30,1627.1899999999998,0.07451448384290778
30,1631.56,0.07519099175278969
30,1635.94,0.07579717786567376
30,1640.31,0.07633473049269533
30,1644.69,0.07677886986789606
30,1649.06,0.0770893318781336
30,1653.44,0.07725446643624548
30,1657.81,0.07729314336800423
30,1662.19,0.07724479942688607
30,1666.56,0.07714850771674382
30,1670.94,0.07701250081244733
30,1675.3100000000002,0.07679844308486458
30,1679.6899999999998,0.076462992557244
30,1684.06,0.07600396231803594
30,1688.44,0.07543849014915655
30,1692.81,0.07476928061566525
30,1697.19,0.07400092662624379
30,1701.56,0.07316121971301096
30,1705.94,0.07228771192075119
30,1710.31,0.07141849253129778
30,1714.69,0.07062176836498894
30,1719.06,0.06993171003520104
30,1723.44,0.06932375588579544
30,1727.8100000000002,0.06879776035193734
30,1732.1899999999998,0.06833161013320029
30,1736.5600000000002,0.06782674424770094
30,1740.9399999999998,0.067213619987519
30,1745.31,0.06647523316442652
30,1749.69,0.06565422903018106
30,1754.06,0.06483928423942777
30,1758.44,0.06407798237343364
30,1762.81,0.06340998586069764
30,1767.19,0.06283760276856619
30,1771.56,0.06238615552650607
30,1775.94,0.06203384162788445
30,1780.31,0.06173487525914825
30,1784.69,0.06150070881923015
30,1789.0600000000002,0.0613509489663042
30,1999.06,0.018600015944472352
30,2003.4399999999998,0.019173676180013602
30,2007.8100000000002,0.0198676259705167
30,2012.1899999999998,0.020408576859667998
30,2016.5600000000002,0.020993056470532304
30,2020.94,0.021509061833076576
30,2025.3100000000002,0.02189504717431332
30,2029.69,0.022253056536731267
30,2034.0600000000002,0.022600597536861403
30,2038.44,0.022933033917896837
30,2042.8099999999997,0.023260040862593853
30,2047.19,0.02357448536840258
30,2051.56,0.023910163074815666
30,2055.94,0.02429166219299487
30,2060.31,0.024656546829825952
30,2064.69,0.025009468182642925
30,2069.06,0.02538408339568066
30,2073.44,0.02575825445536483
30,2077.81,0.026115844995467864
30,2082.19,0.026468348179588316
30,2086.56,0.026831589814172118
30,2090.9399999999996,0.02720068084258248
30,2095.31,0.027571307521887575
30,2099.69,0.027953576478827367
30,2104.06,0.028337759713375096
30,2108.44,0.028707337171516446
30,2112.81,0.029073061719307885
30,2117.19,0.029442638459509302
30,2121.56,0.02981330190941027
30,2125.94,0.0301765801607636
30,2130.31,0.030526988965776703
30,2134.69,0.030868244310501457
30,2139.0600000000004,0.031211033657237527
30,2143.44,0.03155624583069581
30,2147.8100000000004,0.03191247180284626
30,2152.19,0.03229203411701861
30,2156.56,0.032669711573991886
30,2160.94,0.03302926659360371
30,2165.31,0.03338738951822727
30,2169.69,0.03373426993297554
30,2174.06,0.034063755272294646
30,2178.44,0.0343864661290614
30,2182.81,0.0347118875348769
30,2187.19,0.03503506507538239
30,2191.56,0.035322833161448276
30,2195.9399999999996,0.03557902460976626
30,2200.31,0.03581822630186414
30,2204.6899999999996,0.03602453591512176
30,2209.06,0.03618222248921582
30,2213.44,0.036281605530339676
30,2217.81,0.036312896944495604
30,2222.19,0.03625964878606423
30,2226.56,0.036100023214813724
30,2230.94,0.03581860582162231
30,2235.31,0.035409581307074826
30,2239.69,0.034880470694102876
30,2244.06,0.03424851400274497
30,2248.44,0.033539987647089986
30,2252.8100000000004,0.03278800032953065
30,2257.19,0.03201104003056646
30,2261.56,0.031232246874502698
30,2265.94,0.0304814112340792
30,2270.31,0.0297807344992636
30,2274.69,0.029138084294410598
30,2279.06,0.02854006537435945
30,2283.44,0.0279586109233585
30,2287.81,0.027372512930207062
30,2292.19,0.02676503845116957
30,2296.56,0.026151677323720816
30,2300.94,0.02560371785228764
30,2305.31,0.025173743226433922
30,2309.6899999999996,0.024873474192279647
30,2314.06,0.024670363371100113
30,2318.44,0.024488592387426684
30,2322.81,0.024262432256020733
30,2327.19,0.023982687877766137
30,2331.56,0.023662354005457617
30,2335.94,0.02330870863654013
30,2340.31,0.022929932085081005
30,2344.69,0.022571790877254343
30,2349.06,0.02226468233390628
30,2353.44,0.02198617218658253
30,2357.8100000000004,0.021751167620488662
30,2362.19,0.02154745610936858
30,2366.5600000000004,0.021327548327500716
30,2370.94,0.02106204820136216
30,2375.31,0.020792471906115807
30,2379.69,0.020531326112045067
30,2384.06,0.020234843100990427
30,2388.44,0.01992627769081421
30,2392.81,0.019646887223912484
30,2397.19,0.019384030988137527
30,2401.56,0.01912455220748853
30,2405.94,0.01883868783344607
30,2410.31,0.018514058775432336
30,2414.6899999999996,0.01813292547789095
30,2419.06,0.017715522304204333
30,2423.4399999999996,0.017419055076790372
30,2427.81,0.017192418818356092
30,2432.19,0.016919630797721453
30,2436.56,0.016533561491006873
30,2440.94,0.01618246740468101
30,2445.31,0.01581305505421938
30,2449.69,0.01519501468069855
30,2454.06,0.01477775505822525
30,2458.44,0.014649599735078312
30,2462.81,0.01444563251892478
30,2467.19,0.014125636018080832
30,2471.5600000000004,0.013698632665307768
